variant,split,sample_index,crop_name,assignment_used,direct_eval_miou,direct_eval_ari,swapped_eval_miou,swapped_eval_ari,selected_level_names_json,coarsest_level_name,raw_level_names_json,raw_level_shapes_json,aligned_level_shapes_json,coarsest_grid_height,coarsest_grid_width,probe_projection_dim,probe_embedding_dim,learnable_gates,gate_logits_json,gate_weights_json,final_gate_weights_compact,kmeans_backend,kmeans_metric,kmeans_num_clusters,checkpoint_path,evaluation_view,evaluation_contract,eval_miou,eval_ari
fixed_uniform_gates_all_scales,test,0,1,"cluster_0->texture_a,cluster_1->texture_b",0.9507584254963932,0.9289196885932097,0.007512577777583441,0.9289196885932097,"[""fpn_2"", ""fpn_1"", ""fpn_0""]",fpn_2,"[""fpn_2"", ""fpn_1"", ""fpn_0""]","{""fpn_0"": [256, 288, 288], ""fpn_1"": [256, 144, 144], ""fpn_2"": [256, 72, 72]}","{""fpn_0"": [256, 72, 72], ""fpn_1"": [256, 72, 72], ""fpn_2"": [256, 72, 72]}",72,72,64,32,False,"[0.0, 0.0, 0.0]","{""fpn_0"": 0.3333333432674408, ""fpn_1"": 0.3333333432674408, ""fpn_2"": 0.3333333432674408}","fpn_2=0.333,fpn_1=0.333,fpn_0=0.333",deterministic_kmeans,cosine,2,outputs/rwtd_sam3_auto/coarse_vs_fine_sam_scales/stage2/train_fixed_uniform_gates_all_scales_test/checkpoint.pt,permutation_invariant_binary_partition,architexture_binary_v1,0.9507584254963932,0.9289196885932097
fixed_uniform_gates_all_scales,test,1,101,"cluster_0->texture_a,cluster_1->texture_b",0.8679303940571677,0.743111792741739,0.03479758945652052,0.743111792741739,"[""fpn_2"", ""fpn_1"", ""fpn_0""]",fpn_2,"[""fpn_2"", ""fpn_1"", ""fpn_0""]","{""fpn_0"": [256, 288, 288], ""fpn_1"": [256, 144, 144], ""fpn_2"": [256, 72, 72]}","{""fpn_0"": [256, 72, 72], ""fpn_1"": [256, 72, 72], ""fpn_2"": [256, 72, 72]}",72,72,64,32,False,"[0.0, 0.0, 0.0]","{""fpn_0"": 0.3333333432674408, ""fpn_1"": 0.3333333432674408, ""fpn_2"": 0.3333333432674408}","fpn_2=0.333,fpn_1=0.333,fpn_0=0.333",deterministic_kmeans,cosine,2,outputs/rwtd_sam3_auto/coarse_vs_fine_sam_scales/stage2/train_fixed_uniform_gates_all_scales_test/checkpoint.pt,permutation_invariant_binary_partition,architexture_binary_v1,0.8679303940571677,0.743111792741739
fixed_uniform_gates_all_scales,test,2,102,"cluster_0->texture_a,cluster_1->texture_b",0.8735118412197558,0.7504620046154332,0.03381944203405371,0.7504620046154332,"[""fpn_2"", ""fpn_1"", ""fpn_0""]",fpn_2,"[""fpn_2"", ""fpn_1"", ""fpn_0""]","{""fpn_0"": [256, 288, 288], ""fpn_1"": [256, 144, 144], ""fpn_2"": [256, 72, 72]}","{""fpn_0"": [256, 72, 72], ""fpn_1"": [256, 72, 72], ""fpn_2"": [256, 72, 72]}",72,72,64,32,False,"[0.0, 0.0, 0.0]","{""fpn_0"": 0.3333333432674408, ""fpn_1"": 0.3333333432674408, ""fpn_2"": 0.3333333432674408}","fpn_2=0.333,fpn_1=0.333,fpn_0=0.333",deterministic_kmeans,cosine,2,outputs/rwtd_sam3_auto/coarse_vs_fine_sam_scales/stage2/train_fixed_uniform_gates_all_scales_test/checkpoint.pt,permutation_invariant_binary_partition,architexture_binary_v1,0.8735118412197558,0.7504620046154332
fixed_uniform_gates_all_scales,test,3,103,"cluster_1->texture_a,cluster_0->texture_b",0.023168431639658517,0.8209891912641085,0.895800553433682,0.8209891912641085,"[""fpn_2"", ""fpn_1"", ""fpn_0""]",fpn_2,"[""fpn_2"", ""fpn_1"", ""fpn_0""]","{""fpn_0"": [256, 288, 288], ""fpn_1"": [256, 144, 144], ""fpn_2"": [256, 72, 72]}","{""fpn_0"": [256, 72, 72], ""fpn_1"": [256, 72, 72], ""fpn_2"": [256, 72, 72]}",72,72,64,32,False,"[0.0, 0.0, 0.0]","{""fpn_0"": 0.3333333432674408, ""fpn_1"": 0.3333333432674408, ""fpn_2"": 0.3333333432674408}","fpn_2=0.333,fpn_1=0.333,fpn_0=0.333",deterministic_kmeans,cosine,2,outputs/rwtd_sam3_auto/coarse_vs_fine_sam_scales/stage2/train_fixed_uniform_gates_all_scales_test/checkpoint.pt,permutation_invariant_binary_partition,architexture_binary_v1,0.895800553433682,0.8209891912641085
fixed_uniform_gates_all_scales,test,4,104,"cluster_1->texture_a,cluster_0->texture_b",0.017101012573309832,0.5972654274898904,0.7156537226658656,0.5972654274898904,"[""fpn_2"", ""fpn_1"", ""fpn_0""]",fpn_2,"[""fpn_2"", ""fpn_1"", ""fpn_0""]","{""fpn_0"": [256, 288, 288], ""fpn_1"": [256, 144, 144], ""fpn_2"": [256, 72, 72]}","{""fpn_0"": [256, 72, 72], ""fpn_1"": [256, 72, 72], ""fpn_2"": [256, 72, 72]}",72,72,64,32,False,"[0.0, 0.0, 0.0]","{""fpn_0"": 0.3333333432674408, ""fpn_1"": 0.3333333432674408, ""fpn_2"": 0.3333333432674408}","fpn_2=0.333,fpn_1=0.333,fpn_0=0.333",deterministic_kmeans,cosine,2,outputs/rwtd_sam3_auto/coarse_vs_fine_sam_scales/stage2/train_fixed_uniform_gates_all_scales_test/checkpoint.pt,permutation_invariant_binary_partition,architexture_binary_v1,0.7156537226658656,0.5972654274898904
fixed_uniform_gates_all_scales,test,5,106,"cluster_0->texture_a,cluster_1->texture_b",0.7784372424294886,0.657836486238739,0.03926211320862927,0.657836486238739,"[""fpn_2"", ""fpn_1"", ""fpn_0""]",fpn_2,"[""fpn_2"", ""fpn_1"", ""fpn_0""]","{""fpn_0"": [256, 288, 288], ""fpn_1"": [256, 144, 144], ""fpn_2"": [256, 72, 72]}","{""fpn_0"": [256, 72, 72], ""fpn_1"": [256, 72, 72], ""fpn_2"": [256, 72, 72]}",72,72,64,32,False,"[0.0, 0.0, 0.0]","{""fpn_0"": 0.3333333432674408, ""fpn_1"": 0.3333333432674408, ""fpn_2"": 0.3333333432674408}","fpn_2=0.333,fpn_1=0.333,fpn_0=0.333",deterministic_kmeans,cosine,2,outputs/rwtd_sam3_auto/coarse_vs_fine_sam_scales/stage2/train_fixed_uniform_gates_all_scales_test/checkpoint.pt,permutation_invariant_binary_partition,architexture_binary_v1,0.7784372424294886,0.657836486238739
fixed_uniform_gates_all_scales,test,6,12,"cluster_0->texture_a,cluster_1->texture_b",0.944769879602025,0.8897523844295933,0.014349220264041005,0.8897523844295933,"[""fpn_2"", ""fpn_1"", ""fpn_0""]",fpn_2,"[""fpn_2"", ""fpn_1"", ""fpn_0""]","{""fpn_0"": [256, 288, 288], ""fpn_1"": [256, 144, 144], ""fpn_2"": [256, 72, 72]}","{""fpn_0"": [256, 72, 72], ""fpn_1"": [256, 72, 72], ""fpn_2"": [256, 72, 72]}",72,72,64,32,False,"[0.0, 0.0, 0.0]","{""fpn_0"": 0.3333333432674408, ""fpn_1"": 0.3333333432674408, ""fpn_2"": 0.3333333432674408}","fpn_2=0.333,fpn_1=0.333,fpn_0=0.333",deterministic_kmeans,cosine,2,outputs/rwtd_sam3_auto/coarse_vs_fine_sam_scales/stage2/train_fixed_uniform_gates_all_scales_test/checkpoint.pt,permutation_invariant_binary_partition,architexture_binary_v1,0.944769879602025,0.8897523844295933
fixed_uniform_gates_all_scales,test,7,121,"cluster_0->texture_a,cluster_1->texture_b",0.9385565567812091,0.8823198483621545,0.015352002110673814,0.8823198483621545,"[""fpn_2"", ""fpn_1"", ""fpn_0""]",fpn_2,"[""fpn_2"", ""fpn_1"", ""fpn_0""]","{""fpn_0"": [256, 288, 288], ""fpn_1"": [256, 144, 144], ""fpn_2"": [256, 72, 72]}","{""fpn_0"": [256, 72, 72], ""fpn_1"": [256, 72, 72], ""fpn_2"": [256, 72, 72]}",72,72,64,32,False,"[0.0, 0.0, 0.0]","{""fpn_0"": 0.3333333432674408, ""fpn_1"": 0.3333333432674408, ""fpn_2"": 0.3333333432674408}","fpn_2=0.333,fpn_1=0.333,fpn_0=0.333",deterministic_kmeans,cosine,2,outputs/rwtd_sam3_auto/coarse_vs_fine_sam_scales/stage2/train_fixed_uniform_gates_all_scales_test/checkpoint.pt,permutation_invariant_binary_partition,architexture_binary_v1,0.9385565567812091,0.8823198483621545
fixed_uniform_gates_all_scales,test,8,122,"cluster_0->texture_a,cluster_1->texture_b",0.9263256956342858,0.8529487200062518,0.01917743399266894,0.8529487200062518,"[""fpn_2"", ""fpn_1"", ""fpn_0""]",fpn_2,"[""fpn_2"", ""fpn_1"", ""fpn_0""]","{""fpn_0"": [256, 288, 288], ""fpn_1"": [256, 144, 144], ""fpn_2"": [256, 72, 72]}","{""fpn_0"": [256, 72, 72], ""fpn_1"": [256, 72, 72], ""fpn_2"": [256, 72, 72]}",72,72,64,32,False,"[0.0, 0.0, 0.0]","{""fpn_0"": 0.3333333432674408, ""fpn_1"": 0.3333333432674408, ""fpn_2"": 0.3333333432674408}","fpn_2=0.333,fpn_1=0.333,fpn_0=0.333",deterministic_kmeans,cosine,2,outputs/rwtd_sam3_auto/coarse_vs_fine_sam_scales/stage2/train_fixed_uniform_gates_all_scales_test/checkpoint.pt,permutation_invariant_binary_partition,architexture_binary_v1,0.9263256956342858,0.8529487200062518
fixed_uniform_gates_all_scales,test,9,125,"cluster_0->texture_a,cluster_1->texture_b",0.9598002189608767,0.9300864684114887,0.008742095514922514,0.9300864684114887,"[""fpn_2"", ""fpn_1"", ""fpn_0""]",fpn_2,"[""fpn_2"", ""fpn_1"", ""fpn_0""]","{""fpn_0"": [256, 288, 288], ""fpn_1"": [256, 144, 144], ""fpn_2"": [256, 72, 72]}","{""fpn_0"": [256, 72, 72], ""fpn_1"": [256, 72, 72], ""fpn_2"": [256, 72, 72]}",72,72,64,32,False,"[0.0, 0.0, 0.0]","{""fpn_0"": 0.3333333432674408, ""fpn_1"": 0.3333333432674408, ""fpn_2"": 0.3333333432674408}","fpn_2=0.333,fpn_1=0.333,fpn_0=0.333",deterministic_kmeans,cosine,2,outputs/rwtd_sam3_auto/coarse_vs_fine_sam_scales/stage2/train_fixed_uniform_gates_all_scales_test/checkpoint.pt,permutation_invariant_binary_partition,architexture_binary_v1,0.9598002189608767,0.9300864684114887
fixed_uniform_gates_all_scales,test,10,128,"cluster_0->texture_a,cluster_1->texture_b",0.9419919830316904,0.9005813428421043,0.012485054019505983,0.9005813428421043,"[""fpn_2"", ""fpn_1"", ""fpn_0""]",fpn_2,"[""fpn_2"", ""fpn_1"", ""fpn_0""]","{""fpn_0"": [256, 288, 288], ""fpn_1"": [256, 144, 144], ""fpn_2"": [256, 72, 72]}","{""fpn_0"": [256, 72, 72], ""fpn_1"": [256, 72, 72], ""fpn_2"": [256, 72, 72]}",72,72,64,32,False,"[0.0, 0.0, 0.0]","{""fpn_0"": 0.3333333432674408, ""fpn_1"": 0.3333333432674408, ""fpn_2"": 0.3333333432674408}","fpn_2=0.333,fpn_1=0.333,fpn_0=0.333",deterministic_kmeans,cosine,2,outputs/rwtd_sam3_auto/coarse_vs_fine_sam_scales/stage2/train_fixed_uniform_gates_all_scales_test/checkpoint.pt,permutation_invariant_binary_partition,architexture_binary_v1,0.9419919830316904,0.9005813428421043
fixed_uniform_gates_all_scales,test,11,129,"cluster_0->texture_a,cluster_1->texture_b",0.9423089784770635,0.8889386279834055,0.014445838220024562,0.8889386279834055,"[""fpn_2"", ""fpn_1"", ""fpn_0""]",fpn_2,"[""fpn_2"", ""fpn_1"", ""fpn_0""]","{""fpn_0"": [256, 288, 288], ""fpn_1"": [256, 144, 144], ""fpn_2"": [256, 72, 72]}","{""fpn_0"": [256, 72, 72], ""fpn_1"": [256, 72, 72], ""fpn_2"": [256, 72, 72]}",72,72,64,32,False,"[0.0, 0.0, 0.0]","{""fpn_0"": 0.3333333432674408, ""fpn_1"": 0.3333333432674408, ""fpn_2"": 0.3333333432674408}","fpn_2=0.333,fpn_1=0.333,fpn_0=0.333",deterministic_kmeans,cosine,2,outputs/rwtd_sam3_auto/coarse_vs_fine_sam_scales/stage2/train_fixed_uniform_gates_all_scales_test/checkpoint.pt,permutation_invariant_binary_partition,architexture_binary_v1,0.9423089784770635,0.8889386279834055
fixed_uniform_gates_all_scales,test,12,13,"cluster_1->texture_a,cluster_0->texture_b",0.040557893424705366,0.7071909174490238,0.8507700318558749,0.7071909174490238,"[""fpn_2"", ""fpn_1"", ""fpn_0""]",fpn_2,"[""fpn_2"", ""fpn_1"", ""fpn_0""]","{""fpn_0"": [256, 288, 288], ""fpn_1"": [256, 144, 144], ""fpn_2"": [256, 72, 72]}","{""fpn_0"": [256, 72, 72], ""fpn_1"": [256, 72, 72], ""fpn_2"": [256, 72, 72]}",72,72,64,32,False,"[0.0, 0.0, 0.0]","{""fpn_0"": 0.3333333432674408, ""fpn_1"": 0.3333333432674408, ""fpn_2"": 0.3333333432674408}","fpn_2=0.333,fpn_1=0.333,fpn_0=0.333",deterministic_kmeans,cosine,2,outputs/rwtd_sam3_auto/coarse_vs_fine_sam_scales/stage2/train_fixed_uniform_gates_all_scales_test/checkpoint.pt,permutation_invariant_binary_partition,architexture_binary_v1,0.8507700318558749,0.7071909174490238
fixed_uniform_gates_all_scales,test,13,134,"cluster_0->texture_a,cluster_1->texture_b",0.9672113210949542,0.9346355728866824,0.008377321353271633,0.9346355728866824,"[""fpn_2"", ""fpn_1"", ""fpn_0""]",fpn_2,"[""fpn_2"", ""fpn_1"", ""fpn_0""]","{""fpn_0"": [256, 288, 288], ""fpn_1"": [256, 144, 144], ""fpn_2"": [256, 72, 72]}","{""fpn_0"": [256, 72, 72], ""fpn_1"": [256, 72, 72], ""fpn_2"": [256, 72, 72]}",72,72,64,32,False,"[0.0, 0.0, 0.0]","{""fpn_0"": 0.3333333432674408, ""fpn_1"": 0.3333333432674408, ""fpn_2"": 0.3333333432674408}","fpn_2=0.333,fpn_1=0.333,fpn_0=0.333",deterministic_kmeans,cosine,2,outputs/rwtd_sam3_auto/coarse_vs_fine_sam_scales/stage2/train_fixed_uniform_gates_all_scales_test/checkpoint.pt,permutation_invariant_binary_partition,architexture_binary_v1,0.9672113210949542,0.9346355728866824
fixed_uniform_gates_all_scales,test,14,139,"cluster_1->texture_a,cluster_0->texture_b",0.023600230694037064,0.8227117828259344,0.9089702201406695,0.8227117828259344,"[""fpn_2"", ""fpn_1"", ""fpn_0""]",fpn_2,"[""fpn_2"", ""fpn_1"", ""fpn_0""]","{""fpn_0"": [256, 288, 288], ""fpn_1"": [256, 144, 144], ""fpn_2"": [256, 72, 72]}","{""fpn_0"": [256, 72, 72], ""fpn_1"": [256, 72, 72], ""fpn_2"": [256, 72, 72]}",72,72,64,32,False,"[0.0, 0.0, 0.0]","{""fpn_0"": 0.3333333432674408, ""fpn_1"": 0.3333333432674408, ""fpn_2"": 0.3333333432674408}","fpn_2=0.333,fpn_1=0.333,fpn_0=0.333",deterministic_kmeans,cosine,2,outputs/rwtd_sam3_auto/coarse_vs_fine_sam_scales/stage2/train_fixed_uniform_gates_all_scales_test/checkpoint.pt,permutation_invariant_binary_partition,architexture_binary_v1,0.9089702201406695,0.8227117828259344
fixed_uniform_gates_all_scales,test,15,14,"cluster_0->texture_a,cluster_1->texture_b",0.9588457746670869,0.9180686575159054,0.01053532018237583,0.9180686575159054,"[""fpn_2"", ""fpn_1"", ""fpn_0""]",fpn_2,"[""fpn_2"", ""fpn_1"", ""fpn_0""]","{""fpn_0"": [256, 288, 288], ""fpn_1"": [256, 144, 144], ""fpn_2"": [256, 72, 72]}","{""fpn_0"": [256, 72, 72], ""fpn_1"": [256, 72, 72], ""fpn_2"": [256, 72, 72]}",72,72,64,32,False,"[0.0, 0.0, 0.0]","{""fpn_0"": 0.3333333432674408, ""fpn_1"": 0.3333333432674408, ""fpn_2"": 0.3333333432674408}","fpn_2=0.333,fpn_1=0.333,fpn_0=0.333",deterministic_kmeans,cosine,2,outputs/rwtd_sam3_auto/coarse_vs_fine_sam_scales/stage2/train_fixed_uniform_gates_all_scales_test/checkpoint.pt,permutation_invariant_binary_partition,architexture_binary_v1,0.9588457746670869,0.9180686575159054
fixed_uniform_gates_all_scales,test,16,142,"cluster_1->texture_a,cluster_0->texture_b",0.022457365164156827,0.7353396542407996,0.8110654018077581,0.7353396542407996,"[""fpn_2"", ""fpn_1"", ""fpn_0""]",fpn_2,"[""fpn_2"", ""fpn_1"", ""fpn_0""]","{""fpn_0"": [256, 288, 288], ""fpn_1"": [256, 144, 144], ""fpn_2"": [256, 72, 72]}","{""fpn_0"": [256, 72, 72], ""fpn_1"": [256, 72, 72], ""fpn_2"": [256, 72, 72]}",72,72,64,32,False,"[0.0, 0.0, 0.0]","{""fpn_0"": 0.3333333432674408, ""fpn_1"": 0.3333333432674408, ""fpn_2"": 0.3333333432674408}","fpn_2=0.333,fpn_1=0.333,fpn_0=0.333",deterministic_kmeans,cosine,2,outputs/rwtd_sam3_auto/coarse_vs_fine_sam_scales/stage2/train_fixed_uniform_gates_all_scales_test/checkpoint.pt,permutation_invariant_binary_partition,architexture_binary_v1,0.8110654018077581,0.7353396542407996
fixed_uniform_gates_all_scales,test,17,149,"cluster_1->texture_a,cluster_0->texture_b",0.038711329663439355,0.7190855047997488,0.8585327700278582,0.7190855047997488,"[""fpn_2"", ""fpn_1"", ""fpn_0""]",fpn_2,"[""fpn_2"", ""fpn_1"", ""fpn_0""]","{""fpn_0"": [256, 288, 288], ""fpn_1"": [256, 144, 144], ""fpn_2"": [256, 72, 72]}","{""fpn_0"": [256, 72, 72], ""fpn_1"": [256, 72, 72], ""fpn_2"": [256, 72, 72]}",72,72,64,32,False,"[0.0, 0.0, 0.0]","{""fpn_0"": 0.3333333432674408, ""fpn_1"": 0.3333333432674408, ""fpn_2"": 0.3333333432674408}","fpn_2=0.333,fpn_1=0.333,fpn_0=0.333",deterministic_kmeans,cosine,2,outputs/rwtd_sam3_auto/coarse_vs_fine_sam_scales/stage2/train_fixed_uniform_gates_all_scales_test/checkpoint.pt,permutation_invariant_binary_partition,architexture_binary_v1,0.8585327700278582,0.7190855047997488
fixed_uniform_gates_all_scales,test,18,15,"cluster_1->texture_a,cluster_0->texture_b",0.014268541346675335,0.8897685882694808,0.9417562444604238,0.8897685882694808,"[""fpn_2"", ""fpn_1"", ""fpn_0""]",fpn_2,"[""fpn_2"", ""fpn_1"", ""fpn_0""]","{""fpn_0"": [256, 288, 288], ""fpn_1"": [256, 144, 144], ""fpn_2"": [256, 72, 72]}","{""fpn_0"": [256, 72, 72], ""fpn_1"": [256, 72, 72], ""fpn_2"": [256, 72, 72]}",72,72,64,32,False,"[0.0, 0.0, 0.0]","{""fpn_0"": 0.3333333432674408, ""fpn_1"": 0.3333333432674408, ""fpn_2"": 0.3333333432674408}","fpn_2=0.333,fpn_1=0.333,fpn_0=0.333",deterministic_kmeans,cosine,2,outputs/rwtd_sam3_auto/coarse_vs_fine_sam_scales/stage2/train_fixed_uniform_gates_all_scales_test/checkpoint.pt,permutation_invariant_binary_partition,architexture_binary_v1,0.9417562444604238,0.8897685882694808
fixed_uniform_gates_all_scales,test,19,175,"cluster_1->texture_a,cluster_0->texture_b",0.026435997987833474,0.8025096658384868,0.8925456777125393,0.8025096658384868,"[""fpn_2"", ""fpn_1"", ""fpn_0""]",fpn_2,"[""fpn_2"", ""fpn_1"", ""fpn_0""]","{""fpn_0"": [256, 288, 288], ""fpn_1"": [256, 144, 144], ""fpn_2"": [256, 72, 72]}","{""fpn_0"": [256, 72, 72], ""fpn_1"": [256, 72, 72], ""fpn_2"": [256, 72, 72]}",72,72,64,32,False,"[0.0, 0.0, 0.0]","{""fpn_0"": 0.3333333432674408, ""fpn_1"": 0.3333333432674408, ""fpn_2"": 0.3333333432674408}","fpn_2=0.333,fpn_1=0.333,fpn_0=0.333",deterministic_kmeans,cosine,2,outputs/rwtd_sam3_auto/coarse_vs_fine_sam_scales/stage2/train_fixed_uniform_gates_all_scales_test/checkpoint.pt,permutation_invariant_binary_partition,architexture_binary_v1,0.8925456777125393,0.8025096658384868
fixed_uniform_gates_all_scales,test,20,176,"cluster_0->texture_a,cluster_1->texture_b",0.7825572693513225,0.689829678521136,0.02670699386628532,0.689829678521136,"[""fpn_2"", ""fpn_1"", ""fpn_0""]",fpn_2,"[""fpn_2"", ""fpn_1"", ""fpn_0""]","{""fpn_0"": [256, 288, 288], ""fpn_1"": [256, 144, 144], ""fpn_2"": [256, 72, 72]}","{""fpn_0"": [256, 72, 72], ""fpn_1"": [256, 72, 72], ""fpn_2"": [256, 72, 72]}",72,72,64,32,False,"[0.0, 0.0, 0.0]","{""fpn_0"": 0.3333333432674408, ""fpn_1"": 0.3333333432674408, ""fpn_2"": 0.3333333432674408}","fpn_2=0.333,fpn_1=0.333,fpn_0=0.333",deterministic_kmeans,cosine,2,outputs/rwtd_sam3_auto/coarse_vs_fine_sam_scales/stage2/train_fixed_uniform_gates_all_scales_test/checkpoint.pt,permutation_invariant_binary_partition,architexture_binary_v1,0.7825572693513225,0.689829678521136
fixed_uniform_gates_all_scales,test,21,18,"cluster_0->texture_a,cluster_1->texture_b",0.9366005836764677,0.8966618205144276,0.012561894524831174,0.8966618205144276,"[""fpn_2"", ""fpn_1"", ""fpn_0""]",fpn_2,"[""fpn_2"", ""fpn_1"", ""fpn_0""]","{""fpn_0"": [256, 288, 288], ""fpn_1"": [256, 144, 144], ""fpn_2"": [256, 72, 72]}","{""fpn_0"": [256, 72, 72], ""fpn_1"": [256, 72, 72], ""fpn_2"": [256, 72, 72]}",72,72,64,32,False,"[0.0, 0.0, 0.0]","{""fpn_0"": 0.3333333432674408, ""fpn_1"": 0.3333333432674408, ""fpn_2"": 0.3333333432674408}","fpn_2=0.333,fpn_1=0.333,fpn_0=0.333",deterministic_kmeans,cosine,2,outputs/rwtd_sam3_auto/coarse_vs_fine_sam_scales/stage2/train_fixed_uniform_gates_all_scales_test/checkpoint.pt,permutation_invariant_binary_partition,architexture_binary_v1,0.9366005836764677,0.8966618205144276
fixed_uniform_gates_all_scales,test,22,181,"cluster_0->texture_a,cluster_1->texture_b",0.9733255718960124,0.9476437266770102,0.006640437602808595,0.9476437266770102,"[""fpn_2"", ""fpn_1"", ""fpn_0""]",fpn_2,"[""fpn_2"", ""fpn_1"", ""fpn_0""]","{""fpn_0"": [256, 288, 288], ""fpn_1"": [256, 144, 144], ""fpn_2"": [256, 72, 72]}","{""fpn_0"": [256, 72, 72], ""fpn_1"": [256, 72, 72], ""fpn_2"": [256, 72, 72]}",72,72,64,32,False,"[0.0, 0.0, 0.0]","{""fpn_0"": 0.3333333432674408, ""fpn_1"": 0.3333333432674408, ""fpn_2"": 0.3333333432674408}","fpn_2=0.333,fpn_1=0.333,fpn_0=0.333",deterministic_kmeans,cosine,2,outputs/rwtd_sam3_auto/coarse_vs_fine_sam_scales/stage2/train_fixed_uniform_gates_all_scales_test/checkpoint.pt,permutation_invariant_binary_partition,architexture_binary_v1,0.9733255718960124,0.9476437266770102
fixed_uniform_gates_all_scales,test,23,182,"cluster_0->texture_a,cluster_1->texture_b",0.8993071726531228,0.7991994181718872,0.026556748918863816,0.7991994181718872,"[""fpn_2"", ""fpn_1"", ""fpn_0""]",fpn_2,"[""fpn_2"", ""fpn_1"", ""fpn_0""]","{""fpn_0"": [256, 288, 288], ""fpn_1"": [256, 144, 144], ""fpn_2"": [256, 72, 72]}","{""fpn_0"": [256, 72, 72], ""fpn_1"": [256, 72, 72], ""fpn_2"": [256, 72, 72]}",72,72,64,32,False,"[0.0, 0.0, 0.0]","{""fpn_0"": 0.3333333432674408, ""fpn_1"": 0.3333333432674408, ""fpn_2"": 0.3333333432674408}","fpn_2=0.333,fpn_1=0.333,fpn_0=0.333",deterministic_kmeans,cosine,2,outputs/rwtd_sam3_auto/coarse_vs_fine_sam_scales/stage2/train_fixed_uniform_gates_all_scales_test/checkpoint.pt,permutation_invariant_binary_partition,architexture_binary_v1,0.8993071726531228,0.7991994181718872
fixed_uniform_gates_all_scales,test,24,183,"cluster_1->texture_a,cluster_0->texture_b",0.004815110683940174,0.9619123316697117,0.9807484757682454,0.9619123316697117,"[""fpn_2"", ""fpn_1"", ""fpn_0""]",fpn_2,"[""fpn_2"", ""fpn_1"", ""fpn_0""]","{""fpn_0"": [256, 288, 288], ""fpn_1"": [256, 144, 144], ""fpn_2"": [256, 72, 72]}","{""fpn_0"": [256, 72, 72], ""fpn_1"": [256, 72, 72], ""fpn_2"": [256, 72, 72]}",72,72,64,32,False,"[0.0, 0.0, 0.0]","{""fpn_0"": 0.3333333432674408, ""fpn_1"": 0.3333333432674408, ""fpn_2"": 0.3333333432674408}","fpn_2=0.333,fpn_1=0.333,fpn_0=0.333",deterministic_kmeans,cosine,2,outputs/rwtd_sam3_auto/coarse_vs_fine_sam_scales/stage2/train_fixed_uniform_gates_all_scales_test/checkpoint.pt,permutation_invariant_binary_partition,architexture_binary_v1,0.9807484757682454,0.9619123316697117
fixed_uniform_gates_all_scales,test,25,184,"cluster_0->texture_a,cluster_1->texture_b",0.9595074928860391,0.9193559024851915,0.010397944915241063,0.9193559024851915,"[""fpn_2"", ""fpn_1"", ""fpn_0""]",fpn_2,"[""fpn_2"", ""fpn_1"", ""fpn_0""]","{""fpn_0"": [256, 288, 288], ""fpn_1"": [256, 144, 144], ""fpn_2"": [256, 72, 72]}","{""fpn_0"": [256, 72, 72], ""fpn_1"": [256, 72, 72], ""fpn_2"": [256, 72, 72]}",72,72,64,32,False,"[0.0, 0.0, 0.0]","{""fpn_0"": 0.3333333432674408, ""fpn_1"": 0.3333333432674408, ""fpn_2"": 0.3333333432674408}","fpn_2=0.333,fpn_1=0.333,fpn_0=0.333",deterministic_kmeans,cosine,2,outputs/rwtd_sam3_auto/coarse_vs_fine_sam_scales/stage2/train_fixed_uniform_gates_all_scales_test/checkpoint.pt,permutation_invariant_binary_partition,architexture_binary_v1,0.9595074928860391,0.9193559024851915
fixed_uniform_gates_all_scales,test,26,185,"cluster_0->texture_a,cluster_1->texture_b",0.8703697526966142,0.7449161536997252,0.0342254638671875,0.7449161536997252,"[""fpn_2"", ""fpn_1"", ""fpn_0""]",fpn_2,"[""fpn_2"", ""fpn_1"", ""fpn_0""]","{""fpn_0"": [256, 288, 288], ""fpn_1"": [256, 144, 144], ""fpn_2"": [256, 72, 72]}","{""fpn_0"": [256, 72, 72], ""fpn_1"": [256, 72, 72], ""fpn_2"": [256, 72, 72]}",72,72,64,32,False,"[0.0, 0.0, 0.0]","{""fpn_0"": 0.3333333432674408, ""fpn_1"": 0.3333333432674408, ""fpn_2"": 0.3333333432674408}","fpn_2=0.333,fpn_1=0.333,fpn_0=0.333",deterministic_kmeans,cosine,2,outputs/rwtd_sam3_auto/coarse_vs_fine_sam_scales/stage2/train_fixed_uniform_gates_all_scales_test/checkpoint.pt,permutation_invariant_binary_partition,architexture_binary_v1,0.8703697526966142,0.7449161536997252
fixed_uniform_gates_all_scales,test,27,186,"cluster_0->texture_a,cluster_1->texture_b",0.7044478775710269,0.43093603684791393,0.09108977014115446,0.43093603684791393,"[""fpn_2"", ""fpn_1"", ""fpn_0""]",fpn_2,"[""fpn_2"", ""fpn_1"", ""fpn_0""]","{""fpn_0"": [256, 288, 288], ""fpn_1"": [256, 144, 144], ""fpn_2"": [256, 72, 72]}","{""fpn_0"": [256, 72, 72], ""fpn_1"": [256, 72, 72], ""fpn_2"": [256, 72, 72]}",72,72,64,32,False,"[0.0, 0.0, 0.0]","{""fpn_0"": 0.3333333432674408, ""fpn_1"": 0.3333333432674408, ""fpn_2"": 0.3333333432674408}","fpn_2=0.333,fpn_1=0.333,fpn_0=0.333",deterministic_kmeans,cosine,2,outputs/rwtd_sam3_auto/coarse_vs_fine_sam_scales/stage2/train_fixed_uniform_gates_all_scales_test/checkpoint.pt,permutation_invariant_binary_partition,architexture_binary_v1,0.7044478775710269,0.43093603684791393
fixed_uniform_gates_all_scales,test,28,189,"cluster_1->texture_a,cluster_0->texture_b",0.007492983190148378,0.8659062305829632,0.8920707136905845,0.8659062305829632,"[""fpn_2"", ""fpn_1"", ""fpn_0""]",fpn_2,"[""fpn_2"", ""fpn_1"", ""fpn_0""]","{""fpn_0"": [256, 288, 288], ""fpn_1"": [256, 144, 144], ""fpn_2"": [256, 72, 72]}","{""fpn_0"": [256, 72, 72], ""fpn_1"": [256, 72, 72], ""fpn_2"": [256, 72, 72]}",72,72,64,32,False,"[0.0, 0.0, 0.0]","{""fpn_0"": 0.3333333432674408, ""fpn_1"": 0.3333333432674408, ""fpn_2"": 0.3333333432674408}","fpn_2=0.333,fpn_1=0.333,fpn_0=0.333",deterministic_kmeans,cosine,2,outputs/rwtd_sam3_auto/coarse_vs_fine_sam_scales/stage2/train_fixed_uniform_gates_all_scales_test/checkpoint.pt,permutation_invariant_binary_partition,architexture_binary_v1,0.8920707136905845,0.8659062305829632
fixed_uniform_gates_all_scales,test,29,194,"cluster_0->texture_a,cluster_1->texture_b",0.9664218628821527,0.9328668000173582,0.008547428628714424,0.9328668000173582,"[""fpn_2"", ""fpn_1"", ""fpn_0""]",fpn_2,"[""fpn_2"", ""fpn_1"", ""fpn_0""]","{""fpn_0"": [256, 288, 288], ""fpn_1"": [256, 144, 144], ""fpn_2"": [256, 72, 72]}","{""fpn_0"": [256, 72, 72], ""fpn_1"": [256, 72, 72], ""fpn_2"": [256, 72, 72]}",72,72,64,32,False,"[0.0, 0.0, 0.0]","{""fpn_0"": 0.3333333432674408, ""fpn_1"": 0.3333333432674408, ""fpn_2"": 0.3333333432674408}","fpn_2=0.333,fpn_1=0.333,fpn_0=0.333",deterministic_kmeans,cosine,2,outputs/rwtd_sam3_auto/coarse_vs_fine_sam_scales/stage2/train_fixed_uniform_gates_all_scales_test/checkpoint.pt,permutation_invariant_binary_partition,architexture_binary_v1,0.9664218628821527,0.9328668000173582
fixed_uniform_gates_all_scales,test,30,197,"cluster_0->texture_a,cluster_1->texture_b",0.971753107599256,0.9455077766645088,0.006918874154247498,0.9455077766645088,"[""fpn_2"", ""fpn_1"", ""fpn_0""]",fpn_2,"[""fpn_2"", ""fpn_1"", ""fpn_0""]","{""fpn_0"": [256, 288, 288], ""fpn_1"": [256, 144, 144], ""fpn_2"": [256, 72, 72]}","{""fpn_0"": [256, 72, 72], ""fpn_1"": [256, 72, 72], ""fpn_2"": [256, 72, 72]}",72,72,64,32,False,"[0.0, 0.0, 0.0]","{""fpn_0"": 0.3333333432674408, ""fpn_1"": 0.3333333432674408, ""fpn_2"": 0.3333333432674408}","fpn_2=0.333,fpn_1=0.333,fpn_0=0.333",deterministic_kmeans,cosine,2,outputs/rwtd_sam3_auto/coarse_vs_fine_sam_scales/stage2/train_fixed_uniform_gates_all_scales_test/checkpoint.pt,permutation_invariant_binary_partition,architexture_binary_v1,0.971753107599256,0.9455077766645088
fixed_uniform_gates_all_scales,test,31,2,"cluster_0->texture_a,cluster_1->texture_b",0.9678086869510637,0.9361665190774103,0.008122612397366868,0.9361665190774103,"[""fpn_2"", ""fpn_1"", ""fpn_0""]",fpn_2,"[""fpn_2"", ""fpn_1"", ""fpn_0""]","{""fpn_0"": [256, 288, 288], ""fpn_1"": [256, 144, 144], ""fpn_2"": [256, 72, 72]}","{""fpn_0"": [256, 72, 72], ""fpn_1"": [256, 72, 72], ""fpn_2"": [256, 72, 72]}",72,72,64,32,False,"[0.0, 0.0, 0.0]","{""fpn_0"": 0.3333333432674408, ""fpn_1"": 0.3333333432674408, ""fpn_2"": 0.3333333432674408}","fpn_2=0.333,fpn_1=0.333,fpn_0=0.333",deterministic_kmeans,cosine,2,outputs/rwtd_sam3_auto/coarse_vs_fine_sam_scales/stage2/train_fixed_uniform_gates_all_scales_test/checkpoint.pt,permutation_invariant_binary_partition,architexture_binary_v1,0.9678086869510637,0.9361665190774103
fixed_uniform_gates_all_scales,test,32,200,"cluster_1->texture_a,cluster_0->texture_b",0.009544694221268192,0.923798143624761,0.9565362033417985,0.923798143624761,"[""fpn_2"", ""fpn_1"", ""fpn_0""]",fpn_2,"[""fpn_2"", ""fpn_1"", ""fpn_0""]","{""fpn_0"": [256, 288, 288], ""fpn_1"": [256, 144, 144], ""fpn_2"": [256, 72, 72]}","{""fpn_0"": [256, 72, 72], ""fpn_1"": [256, 72, 72], ""fpn_2"": [256, 72, 72]}",72,72,64,32,False,"[0.0, 0.0, 0.0]","{""fpn_0"": 0.3333333432674408, ""fpn_1"": 0.3333333432674408, ""fpn_2"": 0.3333333432674408}","fpn_2=0.333,fpn_1=0.333,fpn_0=0.333",deterministic_kmeans,cosine,2,outputs/rwtd_sam3_auto/coarse_vs_fine_sam_scales/stage2/train_fixed_uniform_gates_all_scales_test/checkpoint.pt,permutation_invariant_binary_partition,architexture_binary_v1,0.9565362033417985,0.923798143624761
fixed_uniform_gates_all_scales,test,33,201,"cluster_0->texture_a,cluster_1->texture_b",0.9760747414659219,0.9521840437466688,0.00605010986328125,0.9521840437466688,"[""fpn_2"", ""fpn_1"", ""fpn_0""]",fpn_2,"[""fpn_2"", ""fpn_1"", ""fpn_0""]","{""fpn_0"": [256, 288, 288], ""fpn_1"": [256, 144, 144], ""fpn_2"": [256, 72, 72]}","{""fpn_0"": [256, 72, 72], ""fpn_1"": [256, 72, 72], ""fpn_2"": [256, 72, 72]}",72,72,64,32,False,"[0.0, 0.0, 0.0]","{""fpn_0"": 0.3333333432674408, ""fpn_1"": 0.3333333432674408, ""fpn_2"": 0.3333333432674408}","fpn_2=0.333,fpn_1=0.333,fpn_0=0.333",deterministic_kmeans,cosine,2,outputs/rwtd_sam3_auto/coarse_vs_fine_sam_scales/stage2/train_fixed_uniform_gates_all_scales_test/checkpoint.pt,permutation_invariant_binary_partition,architexture_binary_v1,0.9760747414659219,0.9521840437466688
fixed_uniform_gates_all_scales,test,34,202,"cluster_1->texture_a,cluster_0->texture_b",0.006844623745747024,0.9452759712784101,0.9690247355698581,0.9452759712784101,"[""fpn_2"", ""fpn_1"", ""fpn_0""]",fpn_2,"[""fpn_2"", ""fpn_1"", ""fpn_0""]","{""fpn_0"": [256, 288, 288], ""fpn_1"": [256, 144, 144], ""fpn_2"": [256, 72, 72]}","{""fpn_0"": [256, 72, 72], ""fpn_1"": [256, 72, 72], ""fpn_2"": [256, 72, 72]}",72,72,64,32,False,"[0.0, 0.0, 0.0]","{""fpn_0"": 0.3333333432674408, ""fpn_1"": 0.3333333432674408, ""fpn_2"": 0.3333333432674408}","fpn_2=0.333,fpn_1=0.333,fpn_0=0.333",deterministic_kmeans,cosine,2,outputs/rwtd_sam3_auto/coarse_vs_fine_sam_scales/stage2/train_fixed_uniform_gates_all_scales_test/checkpoint.pt,permutation_invariant_binary_partition,architexture_binary_v1,0.9690247355698581,0.9452759712784101
fixed_uniform_gates_all_scales,test,35,205,"cluster_0->texture_a,cluster_1->texture_b",0.9748716052792483,0.9502733586383946,0.006331511239894476,0.9502733586383946,"[""fpn_2"", ""fpn_1"", ""fpn_0""]",fpn_2,"[""fpn_2"", ""fpn_1"", ""fpn_0""]","{""fpn_0"": [256, 288, 288], ""fpn_1"": [256, 144, 144], ""fpn_2"": [256, 72, 72]}","{""fpn_0"": [256, 72, 72], ""fpn_1"": [256, 72, 72], ""fpn_2"": [256, 72, 72]}",72,72,64,32,False,"[0.0, 0.0, 0.0]","{""fpn_0"": 0.3333333432674408, ""fpn_1"": 0.3333333432674408, ""fpn_2"": 0.3333333432674408}","fpn_2=0.333,fpn_1=0.333,fpn_0=0.333",deterministic_kmeans,cosine,2,outputs/rwtd_sam3_auto/coarse_vs_fine_sam_scales/stage2/train_fixed_uniform_gates_all_scales_test/checkpoint.pt,permutation_invariant_binary_partition,architexture_binary_v1,0.9748716052792483,0.9502733586383946
fixed_uniform_gates_all_scales,test,36,207,"cluster_0->texture_a,cluster_1->texture_b",0.9732991014120668,0.946771427383776,0.006744384765625,0.946771427383776,"[""fpn_2"", ""fpn_1"", ""fpn_0""]",fpn_2,"[""fpn_2"", ""fpn_1"", ""fpn_0""]","{""fpn_0"": [256, 288, 288], ""fpn_1"": [256, 144, 144], ""fpn_2"": [256, 72, 72]}","{""fpn_0"": [256, 72, 72], ""fpn_1"": [256, 72, 72], ""fpn_2"": [256, 72, 72]}",72,72,64,32,False,"[0.0, 0.0, 0.0]","{""fpn_0"": 0.3333333432674408, ""fpn_1"": 0.3333333432674408, ""fpn_2"": 0.3333333432674408}","fpn_2=0.333,fpn_1=0.333,fpn_0=0.333",deterministic_kmeans,cosine,2,outputs/rwtd_sam3_auto/coarse_vs_fine_sam_scales/stage2/train_fixed_uniform_gates_all_scales_test/checkpoint.pt,permutation_invariant_binary_partition,architexture_binary_v1,0.9732991014120668,0.946771427383776
fixed_uniform_gates_all_scales,test,37,210,"cluster_1->texture_a,cluster_0->texture_b",0.008065707509909434,0.9369923248925132,0.9681986100591513,0.9369923248925132,"[""fpn_2"", ""fpn_1"", ""fpn_0""]",fpn_2,"[""fpn_2"", ""fpn_1"", ""fpn_0""]","{""fpn_0"": [256, 288, 288], ""fpn_1"": [256, 144, 144], ""fpn_2"": [256, 72, 72]}","{""fpn_0"": [256, 72, 72], ""fpn_1"": [256, 72, 72], ""fpn_2"": [256, 72, 72]}",72,72,64,32,False,"[0.0, 0.0, 0.0]","{""fpn_0"": 0.3333333432674408, ""fpn_1"": 0.3333333432674408, ""fpn_2"": 0.3333333432674408}","fpn_2=0.333,fpn_1=0.333,fpn_0=0.333",deterministic_kmeans,cosine,2,outputs/rwtd_sam3_auto/coarse_vs_fine_sam_scales/stage2/train_fixed_uniform_gates_all_scales_test/checkpoint.pt,permutation_invariant_binary_partition,architexture_binary_v1,0.9681986100591513,0.9369923248925132
fixed_uniform_gates_all_scales,test,38,213,"cluster_1->texture_a,cluster_0->texture_b",0.002948106510346699,0.9765691550173119,0.9880486627490731,0.9765691550173119,"[""fpn_2"", ""fpn_1"", ""fpn_0""]",fpn_2,"[""fpn_2"", ""fpn_1"", ""fpn_0""]","{""fpn_0"": [256, 288, 288], ""fpn_1"": [256, 144, 144], ""fpn_2"": [256, 72, 72]}","{""fpn_0"": [256, 72, 72], ""fpn_1"": [256, 72, 72], ""fpn_2"": [256, 72, 72]}",72,72,64,32,False,"[0.0, 0.0, 0.0]","{""fpn_0"": 0.3333333432674408, ""fpn_1"": 0.3333333432674408, ""fpn_2"": 0.3333333432674408}","fpn_2=0.333,fpn_1=0.333,fpn_0=0.333",deterministic_kmeans,cosine,2,outputs/rwtd_sam3_auto/coarse_vs_fine_sam_scales/stage2/train_fixed_uniform_gates_all_scales_test/checkpoint.pt,permutation_invariant_binary_partition,architexture_binary_v1,0.9880486627490731,0.9765691550173119
fixed_uniform_gates_all_scales,test,39,214,"cluster_0->texture_a,cluster_1->texture_b",0.9764865832411356,0.9534890936475251,0.005882623408469355,0.9534890936475251,"[""fpn_2"", ""fpn_1"", ""fpn_0""]",fpn_2,"[""fpn_2"", ""fpn_1"", ""fpn_0""]","{""fpn_0"": [256, 288, 288], ""fpn_1"": [256, 144, 144], ""fpn_2"": [256, 72, 72]}","{""fpn_0"": [256, 72, 72], ""fpn_1"": [256, 72, 72], ""fpn_2"": [256, 72, 72]}",72,72,64,32,False,"[0.0, 0.0, 0.0]","{""fpn_0"": 0.3333333432674408, ""fpn_1"": 0.3333333432674408, ""fpn_2"": 0.3333333432674408}","fpn_2=0.333,fpn_1=0.333,fpn_0=0.333",deterministic_kmeans,cosine,2,outputs/rwtd_sam3_auto/coarse_vs_fine_sam_scales/stage2/train_fixed_uniform_gates_all_scales_test/checkpoint.pt,permutation_invariant_binary_partition,architexture_binary_v1,0.9764865832411356,0.9534890936475251
fixed_uniform_gates_all_scales,test,40,215,"cluster_0->texture_a,cluster_1->texture_b",0.9854841919943347,0.971737998988342,0.0035552978515625,0.971737998988342,"[""fpn_2"", ""fpn_1"", ""fpn_0""]",fpn_2,"[""fpn_2"", ""fpn_1"", ""fpn_0""]","{""fpn_0"": [256, 288, 288], ""fpn_1"": [256, 144, 144], ""fpn_2"": [256, 72, 72]}","{""fpn_0"": [256, 72, 72], ""fpn_1"": [256, 72, 72], ""fpn_2"": [256, 72, 72]}",72,72,64,32,False,"[0.0, 0.0, 0.0]","{""fpn_0"": 0.3333333432674408, ""fpn_1"": 0.3333333432674408, ""fpn_2"": 0.3333333432674408}","fpn_2=0.333,fpn_1=0.333,fpn_0=0.333",deterministic_kmeans,cosine,2,outputs/rwtd_sam3_auto/coarse_vs_fine_sam_scales/stage2/train_fixed_uniform_gates_all_scales_test/checkpoint.pt,permutation_invariant_binary_partition,architexture_binary_v1,0.9854841919943347,0.971737998988342
fixed_uniform_gates_all_scales,test,41,216,"cluster_1->texture_a,cluster_0->texture_b",0.027955337696806692,0.793968710629798,0.8963547473669543,0.793968710629798,"[""fpn_2"", ""fpn_1"", ""fpn_0""]",fpn_2,"[""fpn_2"", ""fpn_1"", ""fpn_0""]","{""fpn_0"": [256, 288, 288], ""fpn_1"": [256, 144, 144], ""fpn_2"": [256, 72, 72]}","{""fpn_0"": [256, 72, 72], ""fpn_1"": [256, 72, 72], ""fpn_2"": [256, 72, 72]}",72,72,64,32,False,"[0.0, 0.0, 0.0]","{""fpn_0"": 0.3333333432674408, ""fpn_1"": 0.3333333432674408, ""fpn_2"": 0.3333333432674408}","fpn_2=0.333,fpn_1=0.333,fpn_0=0.333",deterministic_kmeans,cosine,2,outputs/rwtd_sam3_auto/coarse_vs_fine_sam_scales/stage2/train_fixed_uniform_gates_all_scales_test/checkpoint.pt,permutation_invariant_binary_partition,architexture_binary_v1,0.8963547473669543,0.793968710629798
fixed_uniform_gates_all_scales,test,42,219,"cluster_0->texture_a,cluster_1->texture_b",0.976773997320258,0.9537915970078612,0.005852966596535435,0.9537915970078612,"[""fpn_2"", ""fpn_1"", ""fpn_0""]",fpn_2,"[""fpn_2"", ""fpn_1"", ""fpn_0""]","{""fpn_0"": [256, 288, 288], ""fpn_1"": [256, 144, 144], ""fpn_2"": [256, 72, 72]}","{""fpn_0"": [256, 72, 72], ""fpn_1"": [256, 72, 72], ""fpn_2"": [256, 72, 72]}",72,72,64,32,False,"[0.0, 0.0, 0.0]","{""fpn_0"": 0.3333333432674408, ""fpn_1"": 0.3333333432674408, ""fpn_2"": 0.3333333432674408}","fpn_2=0.333,fpn_1=0.333,fpn_0=0.333",deterministic_kmeans,cosine,2,outputs/rwtd_sam3_auto/coarse_vs_fine_sam_scales/stage2/train_fixed_uniform_gates_all_scales_test/checkpoint.pt,permutation_invariant_binary_partition,architexture_binary_v1,0.976773997320258,0.9537915970078612
fixed_uniform_gates_all_scales,test,43,22,"cluster_1->texture_a,cluster_0->texture_b",0.00844208918565461,0.9339832239773003,0.9667312028270901,0.9339832239773003,"[""fpn_2"", ""fpn_1"", ""fpn_0""]",fpn_2,"[""fpn_2"", ""fpn_1"", ""fpn_0""]","{""fpn_0"": [256, 288, 288], ""fpn_1"": [256, 144, 144], ""fpn_2"": [256, 72, 72]}","{""fpn_0"": [256, 72, 72], ""fpn_1"": [256, 72, 72], ""fpn_2"": [256, 72, 72]}",72,72,64,32,False,"[0.0, 0.0, 0.0]","{""fpn_0"": 0.3333333432674408, ""fpn_1"": 0.3333333432674408, ""fpn_2"": 0.3333333432674408}","fpn_2=0.333,fpn_1=0.333,fpn_0=0.333",deterministic_kmeans,cosine,2,outputs/rwtd_sam3_auto/coarse_vs_fine_sam_scales/stage2/train_fixed_uniform_gates_all_scales_test/checkpoint.pt,permutation_invariant_binary_partition,architexture_binary_v1,0.9667312028270901,0.9339832239773003
fixed_uniform_gates_all_scales,test,44,221,"cluster_0->texture_a,cluster_1->texture_b",0.989540952188875,0.9791137488319409,0.002631006114548684,0.9791137488319409,"[""fpn_2"", ""fpn_1"", ""fpn_0""]",fpn_2,"[""fpn_2"", ""fpn_1"", ""fpn_0""]","{""fpn_0"": [256, 288, 288], ""fpn_1"": [256, 144, 144], ""fpn_2"": [256, 72, 72]}","{""fpn_0"": [256, 72, 72], ""fpn_1"": [256, 72, 72], ""fpn_2"": [256, 72, 72]}",72,72,64,32,False,"[0.0, 0.0, 0.0]","{""fpn_0"": 0.3333333432674408, ""fpn_1"": 0.3333333432674408, ""fpn_2"": 0.3333333432674408}","fpn_2=0.333,fpn_1=0.333,fpn_0=0.333",deterministic_kmeans,cosine,2,outputs/rwtd_sam3_auto/coarse_vs_fine_sam_scales/stage2/train_fixed_uniform_gates_all_scales_test/checkpoint.pt,permutation_invariant_binary_partition,architexture_binary_v1,0.989540952188875,0.9791137488319409
fixed_uniform_gates_all_scales,test,45,222,"cluster_0->texture_a,cluster_1->texture_b",0.956671062234419,0.9305403849189327,0.008282631728832545,0.9305403849189327,"[""fpn_2"", ""fpn_1"", ""fpn_0""]",fpn_2,"[""fpn_2"", ""fpn_1"", ""fpn_0""]","{""fpn_0"": [256, 288, 288], ""fpn_1"": [256, 144, 144], ""fpn_2"": [256, 72, 72]}","{""fpn_0"": [256, 72, 72], ""fpn_1"": [256, 72, 72], ""fpn_2"": [256, 72, 72]}",72,72,64,32,False,"[0.0, 0.0, 0.0]","{""fpn_0"": 0.3333333432674408, ""fpn_1"": 0.3333333432674408, ""fpn_2"": 0.3333333432674408}","fpn_2=0.333,fpn_1=0.333,fpn_0=0.333",deterministic_kmeans,cosine,2,outputs/rwtd_sam3_auto/coarse_vs_fine_sam_scales/stage2/train_fixed_uniform_gates_all_scales_test/checkpoint.pt,permutation_invariant_binary_partition,architexture_binary_v1,0.956671062234419,0.9305403849189327
fixed_uniform_gates_all_scales,test,46,224,"cluster_0->texture_a,cluster_1->texture_b",0.946515332479799,0.8932678786537921,0.013721032517103928,0.8932678786537921,"[""fpn_2"", ""fpn_1"", ""fpn_0""]",fpn_2,"[""fpn_2"", ""fpn_1"", ""fpn_0""]","{""fpn_0"": [256, 288, 288], ""fpn_1"": [256, 144, 144], ""fpn_2"": [256, 72, 72]}","{""fpn_0"": [256, 72, 72], ""fpn_1"": [256, 72, 72], ""fpn_2"": [256, 72, 72]}",72,72,64,32,False,"[0.0, 0.0, 0.0]","{""fpn_0"": 0.3333333432674408, ""fpn_1"": 0.3333333432674408, ""fpn_2"": 0.3333333432674408}","fpn_2=0.333,fpn_1=0.333,fpn_0=0.333",deterministic_kmeans,cosine,2,outputs/rwtd_sam3_auto/coarse_vs_fine_sam_scales/stage2/train_fixed_uniform_gates_all_scales_test/checkpoint.pt,permutation_invariant_binary_partition,architexture_binary_v1,0.946515332479799,0.8932678786537921
fixed_uniform_gates_all_scales,test,47,229,"cluster_0->texture_a,cluster_1->texture_b",0.9751629759157902,0.9514998657576232,0.006134033203125,0.9514998657576232,"[""fpn_2"", ""fpn_1"", ""fpn_0""]",fpn_2,"[""fpn_2"", ""fpn_1"", ""fpn_0""]","{""fpn_0"": [256, 288, 288], ""fpn_1"": [256, 144, 144], ""fpn_2"": [256, 72, 72]}","{""fpn_0"": [256, 72, 72], ""fpn_1"": [256, 72, 72], ""fpn_2"": [256, 72, 72]}",72,72,64,32,False,"[0.0, 0.0, 0.0]","{""fpn_0"": 0.3333333432674408, ""fpn_1"": 0.3333333432674408, ""fpn_2"": 0.3333333432674408}","fpn_2=0.333,fpn_1=0.333,fpn_0=0.333",deterministic_kmeans,cosine,2,outputs/rwtd_sam3_auto/coarse_vs_fine_sam_scales/stage2/train_fixed_uniform_gates_all_scales_test/checkpoint.pt,permutation_invariant_binary_partition,architexture_binary_v1,0.9751629759157902,0.9514998657576232
fixed_uniform_gates_all_scales,test,48,237,"cluster_0->texture_a,cluster_1->texture_b",0.9768445965550498,0.9537331934399601,0.005853693285724265,0.9537331934399601,"[""fpn_2"", ""fpn_1"", ""fpn_0""]",fpn_2,"[""fpn_2"", ""fpn_1"", ""fpn_0""]","{""fpn_0"": [256, 288, 288], ""fpn_1"": [256, 144, 144], ""fpn_2"": [256, 72, 72]}","{""fpn_0"": [256, 72, 72], ""fpn_1"": [256, 72, 72], ""fpn_2"": [256, 72, 72]}",72,72,64,32,False,"[0.0, 0.0, 0.0]","{""fpn_0"": 0.3333333432674408, ""fpn_1"": 0.3333333432674408, ""fpn_2"": 0.3333333432674408}","fpn_2=0.333,fpn_1=0.333,fpn_0=0.333",deterministic_kmeans,cosine,2,outputs/rwtd_sam3_auto/coarse_vs_fine_sam_scales/stage2/train_fixed_uniform_gates_all_scales_test/checkpoint.pt,permutation_invariant_binary_partition,architexture_binary_v1,0.9768445965550498,0.9537331934399601
fixed_uniform_gates_all_scales,test,49,24,"cluster_1->texture_a,cluster_0->texture_b",0.011354063349677925,0.8920009953587776,0.9252956206156162,0.8920009953587776,"[""fpn_2"", ""fpn_1"", ""fpn_0""]",fpn_2,"[""fpn_2"", ""fpn_1"", ""fpn_0""]","{""fpn_0"": [256, 288, 288], ""fpn_1"": [256, 144, 144], ""fpn_2"": [256, 72, 72]}","{""fpn_0"": [256, 72, 72], ""fpn_1"": [256, 72, 72], ""fpn_2"": [256, 72, 72]}",72,72,64,32,False,"[0.0, 0.0, 0.0]","{""fpn_0"": 0.3333333432674408, ""fpn_1"": 0.3333333432674408, ""fpn_2"": 0.3333333432674408}","fpn_2=0.333,fpn_1=0.333,fpn_0=0.333",deterministic_kmeans,cosine,2,outputs/rwtd_sam3_auto/coarse_vs_fine_sam_scales/stage2/train_fixed_uniform_gates_all_scales_test/checkpoint.pt,permutation_invariant_binary_partition,architexture_binary_v1,0.9252956206156162,0.8920009953587776
fixed_uniform_gates_all_scales,test,50,240,"cluster_1->texture_a,cluster_0->texture_b",0.0036936114816076846,0.9707161559199258,0.9849738017730165,0.9707161559199258,"[""fpn_2"", ""fpn_1"", ""fpn_0""]",fpn_2,"[""fpn_2"", ""fpn_1"", ""fpn_0""]","{""fpn_0"": [256, 288, 288], ""fpn_1"": [256, 144, 144], ""fpn_2"": [256, 72, 72]}","{""fpn_0"": [256, 72, 72], ""fpn_1"": [256, 72, 72], ""fpn_2"": [256, 72, 72]}",72,72,64,32,False,"[0.0, 0.0, 0.0]","{""fpn_0"": 0.3333333432674408, ""fpn_1"": 0.3333333432674408, ""fpn_2"": 0.3333333432674408}","fpn_2=0.333,fpn_1=0.333,fpn_0=0.333",deterministic_kmeans,cosine,2,outputs/rwtd_sam3_auto/coarse_vs_fine_sam_scales/stage2/train_fixed_uniform_gates_all_scales_test/checkpoint.pt,permutation_invariant_binary_partition,architexture_binary_v1,0.9849738017730165,0.9707161559199258
fixed_uniform_gates_all_scales,test,51,244,"cluster_0->texture_a,cluster_1->texture_b",0.8701194205047824,0.7806924043662312,0.027833919970628812,0.7806924043662312,"[""fpn_2"", ""fpn_1"", ""fpn_0""]",fpn_2,"[""fpn_2"", ""fpn_1"", ""fpn_0""]","{""fpn_0"": [256, 288, 288], ""fpn_1"": [256, 144, 144], ""fpn_2"": [256, 72, 72]}","{""fpn_0"": [256, 72, 72], ""fpn_1"": [256, 72, 72], ""fpn_2"": [256, 72, 72]}",72,72,64,32,False,"[0.0, 0.0, 0.0]","{""fpn_0"": 0.3333333432674408, ""fpn_1"": 0.3333333432674408, ""fpn_2"": 0.3333333432674408}","fpn_2=0.333,fpn_1=0.333,fpn_0=0.333",deterministic_kmeans,cosine,2,outputs/rwtd_sam3_auto/coarse_vs_fine_sam_scales/stage2/train_fixed_uniform_gates_all_scales_test/checkpoint.pt,permutation_invariant_binary_partition,architexture_binary_v1,0.8701194205047824,0.7806924043662312
fixed_uniform_gates_all_scales,test,52,245,"cluster_0->texture_a,cluster_1->texture_b",0.9663256342077016,0.937986786846751,0.007826285527932558,0.937986786846751,"[""fpn_2"", ""fpn_1"", ""fpn_0""]",fpn_2,"[""fpn_2"", ""fpn_1"", ""fpn_0""]","{""fpn_0"": [256, 288, 288], ""fpn_1"": [256, 144, 144], ""fpn_2"": [256, 72, 72]}","{""fpn_0"": [256, 72, 72], ""fpn_1"": [256, 72, 72], ""fpn_2"": [256, 72, 72]}",72,72,64,32,False,"[0.0, 0.0, 0.0]","{""fpn_0"": 0.3333333432674408, ""fpn_1"": 0.3333333432674408, ""fpn_2"": 0.3333333432674408}","fpn_2=0.333,fpn_1=0.333,fpn_0=0.333",deterministic_kmeans,cosine,2,outputs/rwtd_sam3_auto/coarse_vs_fine_sam_scales/stage2/train_fixed_uniform_gates_all_scales_test/checkpoint.pt,permutation_invariant_binary_partition,architexture_binary_v1,0.9663256342077016,0.937986786846751
fixed_uniform_gates_all_scales,test,53,246,"cluster_0->texture_a,cluster_1->texture_b",0.9749127983532557,0.9499811885886722,0.006371668834137823,0.9499811885886722,"[""fpn_2"", ""fpn_1"", ""fpn_0""]",fpn_2,"[""fpn_2"", ""fpn_1"", ""fpn_0""]","{""fpn_0"": [256, 288, 288], ""fpn_1"": [256, 144, 144], ""fpn_2"": [256, 72, 72]}","{""fpn_0"": [256, 72, 72], ""fpn_1"": [256, 72, 72], ""fpn_2"": [256, 72, 72]}",72,72,64,32,False,"[0.0, 0.0, 0.0]","{""fpn_0"": 0.3333333432674408, ""fpn_1"": 0.3333333432674408, ""fpn_2"": 0.3333333432674408}","fpn_2=0.333,fpn_1=0.333,fpn_0=0.333",deterministic_kmeans,cosine,2,outputs/rwtd_sam3_auto/coarse_vs_fine_sam_scales/stage2/train_fixed_uniform_gates_all_scales_test/checkpoint.pt,permutation_invariant_binary_partition,architexture_binary_v1,0.9749127983532557,0.9499811885886722
fixed_uniform_gates_all_scales,test,54,247,"cluster_1->texture_a,cluster_0->texture_b",0.02715301513671875,0.7945681733848213,0.8969304804587945,0.7945681733848213,"[""fpn_2"", ""fpn_1"", ""fpn_0""]",fpn_2,"[""fpn_2"", ""fpn_1"", ""fpn_0""]","{""fpn_0"": [256, 288, 288], ""fpn_1"": [256, 144, 144], ""fpn_2"": [256, 72, 72]}","{""fpn_0"": [256, 72, 72], ""fpn_1"": [256, 72, 72], ""fpn_2"": [256, 72, 72]}",72,72,64,32,False,"[0.0, 0.0, 0.0]","{""fpn_0"": 0.3333333432674408, ""fpn_1"": 0.3333333432674408, ""fpn_2"": 0.3333333432674408}","fpn_2=0.333,fpn_1=0.333,fpn_0=0.333",deterministic_kmeans,cosine,2,outputs/rwtd_sam3_auto/coarse_vs_fine_sam_scales/stage2/train_fixed_uniform_gates_all_scales_test/checkpoint.pt,permutation_invariant_binary_partition,architexture_binary_v1,0.8969304804587945,0.7945681733848213
fixed_uniform_gates_all_scales,test,55,25,"cluster_1->texture_a,cluster_0->texture_b",0.011473641320668861,0.9108856671981074,0.9535066506146788,0.9108856671981074,"[""fpn_2"", ""fpn_1"", ""fpn_0""]",fpn_2,"[""fpn_2"", ""fpn_1"", ""fpn_0""]","{""fpn_0"": [256, 288, 288], ""fpn_1"": [256, 144, 144], ""fpn_2"": [256, 72, 72]}","{""fpn_0"": [256, 72, 72], ""fpn_1"": [256, 72, 72], ""fpn_2"": [256, 72, 72]}",72,72,64,32,False,"[0.0, 0.0, 0.0]","{""fpn_0"": 0.3333333432674408, ""fpn_1"": 0.3333333432674408, ""fpn_2"": 0.3333333432674408}","fpn_2=0.333,fpn_1=0.333,fpn_0=0.333",deterministic_kmeans,cosine,2,outputs/rwtd_sam3_auto/coarse_vs_fine_sam_scales/stage2/train_fixed_uniform_gates_all_scales_test/checkpoint.pt,permutation_invariant_binary_partition,architexture_binary_v1,0.9535066506146788,0.9108856671981074
fixed_uniform_gates_all_scales,test,56,250,"cluster_0->texture_a,cluster_1->texture_b",0.9501969225845455,0.9127370621582328,0.011003925909286288,0.9127370621582328,"[""fpn_2"", ""fpn_1"", ""fpn_0""]",fpn_2,"[""fpn_2"", ""fpn_1"", ""fpn_0""]","{""fpn_0"": [256, 288, 288], ""fpn_1"": [256, 144, 144], ""fpn_2"": [256, 72, 72]}","{""fpn_0"": [256, 72, 72], ""fpn_1"": [256, 72, 72], ""fpn_2"": [256, 72, 72]}",72,72,64,32,False,"[0.0, 0.0, 0.0]","{""fpn_0"": 0.3333333432674408, ""fpn_1"": 0.3333333432674408, ""fpn_2"": 0.3333333432674408}","fpn_2=0.333,fpn_1=0.333,fpn_0=0.333",deterministic_kmeans,cosine,2,outputs/rwtd_sam3_auto/coarse_vs_fine_sam_scales/stage2/train_fixed_uniform_gates_all_scales_test/checkpoint.pt,permutation_invariant_binary_partition,architexture_binary_v1,0.9501969225845455,0.9127370621582328
fixed_uniform_gates_all_scales,test,57,251,"cluster_0->texture_a,cluster_1->texture_b",0.9648026601856082,0.9296272660390246,0.0089569091796875,0.9296272660390246,"[""fpn_2"", ""fpn_1"", ""fpn_0""]",fpn_2,"[""fpn_2"", ""fpn_1"", ""fpn_0""]","{""fpn_0"": [256, 288, 288], ""fpn_1"": [256, 144, 144], ""fpn_2"": [256, 72, 72]}","{""fpn_0"": [256, 72, 72], ""fpn_1"": [256, 72, 72], ""fpn_2"": [256, 72, 72]}",72,72,64,32,False,"[0.0, 0.0, 0.0]","{""fpn_0"": 0.3333333432674408, ""fpn_1"": 0.3333333432674408, ""fpn_2"": 0.3333333432674408}","fpn_2=0.333,fpn_1=0.333,fpn_0=0.333",deterministic_kmeans,cosine,2,outputs/rwtd_sam3_auto/coarse_vs_fine_sam_scales/stage2/train_fixed_uniform_gates_all_scales_test/checkpoint.pt,permutation_invariant_binary_partition,architexture_binary_v1,0.9648026601856082,0.9296272660390246
fixed_uniform_gates_all_scales,test,58,253,"cluster_0->texture_a,cluster_1->texture_b",0.9635776390629556,0.929432709027066,0.009012348824212169,0.929432709027066,"[""fpn_2"", ""fpn_1"", ""fpn_0""]",fpn_2,"[""fpn_2"", ""fpn_1"", ""fpn_0""]","{""fpn_0"": [256, 288, 288], ""fpn_1"": [256, 144, 144], ""fpn_2"": [256, 72, 72]}","{""fpn_0"": [256, 72, 72], ""fpn_1"": [256, 72, 72], ""fpn_2"": [256, 72, 72]}",72,72,64,32,False,"[0.0, 0.0, 0.0]","{""fpn_0"": 0.3333333432674408, ""fpn_1"": 0.3333333432674408, ""fpn_2"": 0.3333333432674408}","fpn_2=0.333,fpn_1=0.333,fpn_0=0.333",deterministic_kmeans,cosine,2,outputs/rwtd_sam3_auto/coarse_vs_fine_sam_scales/stage2/train_fixed_uniform_gates_all_scales_test/checkpoint.pt,permutation_invariant_binary_partition,architexture_binary_v1,0.9635776390629556,0.929432709027066
fixed_uniform_gates_all_scales,test,59,254,"cluster_0->texture_a,cluster_1->texture_b",0.970212119339487,0.9410721254145701,0.007476806640625,0.9410721254145701,"[""fpn_2"", ""fpn_1"", ""fpn_0""]",fpn_2,"[""fpn_2"", ""fpn_1"", ""fpn_0""]","{""fpn_0"": [256, 288, 288], ""fpn_1"": [256, 144, 144], ""fpn_2"": [256, 72, 72]}","{""fpn_0"": [256, 72, 72], ""fpn_1"": [256, 72, 72], ""fpn_2"": [256, 72, 72]}",72,72,64,32,False,"[0.0, 0.0, 0.0]","{""fpn_0"": 0.3333333432674408, ""fpn_1"": 0.3333333432674408, ""fpn_2"": 0.3333333432674408}","fpn_2=0.333,fpn_1=0.333,fpn_0=0.333",deterministic_kmeans,cosine,2,outputs/rwtd_sam3_auto/coarse_vs_fine_sam_scales/stage2/train_fixed_uniform_gates_all_scales_test/checkpoint.pt,permutation_invariant_binary_partition,architexture_binary_v1,0.970212119339487,0.9410721254145701
fixed_uniform_gates_all_scales,test,60,256,"cluster_0->texture_a,cluster_1->texture_b",0.9763570540931088,0.9527201583041245,0.0059814453125,0.9527201583041245,"[""fpn_2"", ""fpn_1"", ""fpn_0""]",fpn_2,"[""fpn_2"", ""fpn_1"", ""fpn_0""]","{""fpn_0"": [256, 288, 288], ""fpn_1"": [256, 144, 144], ""fpn_2"": [256, 72, 72]}","{""fpn_0"": [256, 72, 72], ""fpn_1"": [256, 72, 72], ""fpn_2"": [256, 72, 72]}",72,72,64,32,False,"[0.0, 0.0, 0.0]","{""fpn_0"": 0.3333333432674408, ""fpn_1"": 0.3333333432674408, ""fpn_2"": 0.3333333432674408}","fpn_2=0.333,fpn_1=0.333,fpn_0=0.333",deterministic_kmeans,cosine,2,outputs/rwtd_sam3_auto/coarse_vs_fine_sam_scales/stage2/train_fixed_uniform_gates_all_scales_test/checkpoint.pt,permutation_invariant_binary_partition,architexture_binary_v1,0.9763570540931088,0.9527201583041245
fixed_uniform_gates_all_scales,test,61,257,"cluster_0->texture_a,cluster_1->texture_b",0.9649459256018202,0.9341631324149493,0.00839850319453705,0.9341631324149493,"[""fpn_2"", ""fpn_1"", ""fpn_0""]",fpn_2,"[""fpn_2"", ""fpn_1"", ""fpn_0""]","{""fpn_0"": [256, 288, 288], ""fpn_1"": [256, 144, 144], ""fpn_2"": [256, 72, 72]}","{""fpn_0"": [256, 72, 72], ""fpn_1"": [256, 72, 72], ""fpn_2"": [256, 72, 72]}",72,72,64,32,False,"[0.0, 0.0, 0.0]","{""fpn_0"": 0.3333333432674408, ""fpn_1"": 0.3333333432674408, ""fpn_2"": 0.3333333432674408}","fpn_2=0.333,fpn_1=0.333,fpn_0=0.333",deterministic_kmeans,cosine,2,outputs/rwtd_sam3_auto/coarse_vs_fine_sam_scales/stage2/train_fixed_uniform_gates_all_scales_test/checkpoint.pt,permutation_invariant_binary_partition,architexture_binary_v1,0.9649459256018202,0.9341631324149493
fixed_uniform_gates_all_scales,test,62,258,"cluster_0->texture_a,cluster_1->texture_b",0.9529207308735386,0.9061198497292688,0.012126487402431722,0.9061198497292688,"[""fpn_2"", ""fpn_1"", ""fpn_0""]",fpn_2,"[""fpn_2"", ""fpn_1"", ""fpn_0""]","{""fpn_0"": [256, 288, 288], ""fpn_1"": [256, 144, 144], ""fpn_2"": [256, 72, 72]}","{""fpn_0"": [256, 72, 72], ""fpn_1"": [256, 72, 72], ""fpn_2"": [256, 72, 72]}",72,72,64,32,False,"[0.0, 0.0, 0.0]","{""fpn_0"": 0.3333333432674408, ""fpn_1"": 0.3333333432674408, ""fpn_2"": 0.3333333432674408}","fpn_2=0.333,fpn_1=0.333,fpn_0=0.333",deterministic_kmeans,cosine,2,outputs/rwtd_sam3_auto/coarse_vs_fine_sam_scales/stage2/train_fixed_uniform_gates_all_scales_test/checkpoint.pt,permutation_invariant_binary_partition,architexture_binary_v1,0.9529207308735386,0.9061198497292688
fixed_uniform_gates_all_scales,test,63,259,"cluster_1->texture_a,cluster_0->texture_b",0.007485499689706388,0.9391613209104601,0.9641612886393092,0.9391613209104601,"[""fpn_2"", ""fpn_1"", ""fpn_0""]",fpn_2,"[""fpn_2"", ""fpn_1"", ""fpn_0""]","{""fpn_0"": [256, 288, 288], ""fpn_1"": [256, 144, 144], ""fpn_2"": [256, 72, 72]}","{""fpn_0"": [256, 72, 72], ""fpn_1"": [256, 72, 72], ""fpn_2"": [256, 72, 72]}",72,72,64,32,False,"[0.0, 0.0, 0.0]","{""fpn_0"": 0.3333333432674408, ""fpn_1"": 0.3333333432674408, ""fpn_2"": 0.3333333432674408}","fpn_2=0.333,fpn_1=0.333,fpn_0=0.333",deterministic_kmeans,cosine,2,outputs/rwtd_sam3_auto/coarse_vs_fine_sam_scales/stage2/train_fixed_uniform_gates_all_scales_test/checkpoint.pt,permutation_invariant_binary_partition,architexture_binary_v1,0.9641612886393092,0.9391613209104601
fixed_uniform_gates_all_scales,test,64,260,"cluster_0->texture_a,cluster_1->texture_b",0.9897611527659627,0.9795366002373866,0.0025759463871676542,0.9795366002373866,"[""fpn_2"", ""fpn_1"", ""fpn_0""]",fpn_2,"[""fpn_2"", ""fpn_1"", ""fpn_0""]","{""fpn_0"": [256, 288, 288], ""fpn_1"": [256, 144, 144], ""fpn_2"": [256, 72, 72]}","{""fpn_0"": [256, 72, 72], ""fpn_1"": [256, 72, 72], ""fpn_2"": [256, 72, 72]}",72,72,64,32,False,"[0.0, 0.0, 0.0]","{""fpn_0"": 0.3333333432674408, ""fpn_1"": 0.3333333432674408, ""fpn_2"": 0.3333333432674408}","fpn_2=0.333,fpn_1=0.333,fpn_0=0.333",deterministic_kmeans,cosine,2,outputs/rwtd_sam3_auto/coarse_vs_fine_sam_scales/stage2/train_fixed_uniform_gates_all_scales_test/checkpoint.pt,permutation_invariant_binary_partition,architexture_binary_v1,0.9897611527659627,0.9795366002373866
fixed_uniform_gates_all_scales,test,65,261,"cluster_1->texture_a,cluster_0->texture_b",0.004265480843601448,0.9662184448092359,0.9827767362002775,0.9662184448092359,"[""fpn_2"", ""fpn_1"", ""fpn_0""]",fpn_2,"[""fpn_2"", ""fpn_1"", ""fpn_0""]","{""fpn_0"": [256, 288, 288], ""fpn_1"": [256, 144, 144], ""fpn_2"": [256, 72, 72]}","{""fpn_0"": [256, 72, 72], ""fpn_1"": [256, 72, 72], ""fpn_2"": [256, 72, 72]}",72,72,64,32,False,"[0.0, 0.0, 0.0]","{""fpn_0"": 0.3333333432674408, ""fpn_1"": 0.3333333432674408, ""fpn_2"": 0.3333333432674408}","fpn_2=0.333,fpn_1=0.333,fpn_0=0.333",deterministic_kmeans,cosine,2,outputs/rwtd_sam3_auto/coarse_vs_fine_sam_scales/stage2/train_fixed_uniform_gates_all_scales_test/checkpoint.pt,permutation_invariant_binary_partition,architexture_binary_v1,0.9827767362002775,0.9662184448092359
fixed_uniform_gates_all_scales,test,66,262,"cluster_0->texture_a,cluster_1->texture_b",0.9436173676639589,0.8882492688314289,0.01438140869140625,0.8882492688314289,"[""fpn_2"", ""fpn_1"", ""fpn_0""]",fpn_2,"[""fpn_2"", ""fpn_1"", ""fpn_0""]","{""fpn_0"": [256, 288, 288], ""fpn_1"": [256, 144, 144], ""fpn_2"": [256, 72, 72]}","{""fpn_0"": [256, 72, 72], ""fpn_1"": [256, 72, 72], ""fpn_2"": [256, 72, 72]}",72,72,64,32,False,"[0.0, 0.0, 0.0]","{""fpn_0"": 0.3333333432674408, ""fpn_1"": 0.3333333432674408, ""fpn_2"": 0.3333333432674408}","fpn_2=0.333,fpn_1=0.333,fpn_0=0.333",deterministic_kmeans,cosine,2,outputs/rwtd_sam3_auto/coarse_vs_fine_sam_scales/stage2/train_fixed_uniform_gates_all_scales_test/checkpoint.pt,permutation_invariant_binary_partition,architexture_binary_v1,0.9436173676639589,0.8882492688314289
fixed_uniform_gates_all_scales,test,67,263,"cluster_0->texture_a,cluster_1->texture_b",0.9789029469976236,0.9579100742847997,0.005320548931158471,0.9579100742847997,"[""fpn_2"", ""fpn_1"", ""fpn_0""]",fpn_2,"[""fpn_2"", ""fpn_1"", ""fpn_0""]","{""fpn_0"": [256, 288, 288], ""fpn_1"": [256, 144, 144], ""fpn_2"": [256, 72, 72]}","{""fpn_0"": [256, 72, 72], ""fpn_1"": [256, 72, 72], ""fpn_2"": [256, 72, 72]}",72,72,64,32,False,"[0.0, 0.0, 0.0]","{""fpn_0"": 0.3333333432674408, ""fpn_1"": 0.3333333432674408, ""fpn_2"": 0.3333333432674408}","fpn_2=0.333,fpn_1=0.333,fpn_0=0.333",deterministic_kmeans,cosine,2,outputs/rwtd_sam3_auto/coarse_vs_fine_sam_scales/stage2/train_fixed_uniform_gates_all_scales_test/checkpoint.pt,permutation_invariant_binary_partition,architexture_binary_v1,0.9789029469976236,0.9579100742847997
fixed_uniform_gates_all_scales,test,68,265,"cluster_0->texture_a,cluster_1->texture_b",0.7074774674211803,0.5033037606664025,0.06917572021484375,0.5033037606664025,"[""fpn_2"", ""fpn_1"", ""fpn_0""]",fpn_2,"[""fpn_2"", ""fpn_1"", ""fpn_0""]","{""fpn_0"": [256, 288, 288], ""fpn_1"": [256, 144, 144], ""fpn_2"": [256, 72, 72]}","{""fpn_0"": [256, 72, 72], ""fpn_1"": [256, 72, 72], ""fpn_2"": [256, 72, 72]}",72,72,64,32,False,"[0.0, 0.0, 0.0]","{""fpn_0"": 0.3333333432674408, ""fpn_1"": 0.3333333432674408, ""fpn_2"": 0.3333333432674408}","fpn_2=0.333,fpn_1=0.333,fpn_0=0.333",deterministic_kmeans,cosine,2,outputs/rwtd_sam3_auto/coarse_vs_fine_sam_scales/stage2/train_fixed_uniform_gates_all_scales_test/checkpoint.pt,permutation_invariant_binary_partition,architexture_binary_v1,0.7074774674211803,0.5033037606664025
fixed_uniform_gates_all_scales,test,69,268,"cluster_0->texture_a,cluster_1->texture_b",0.9156662250188312,0.8321071935815704,0.022249392483263818,0.8321071935815704,"[""fpn_2"", ""fpn_1"", ""fpn_0""]",fpn_2,"[""fpn_2"", ""fpn_1"", ""fpn_0""]","{""fpn_0"": [256, 288, 288], ""fpn_1"": [256, 144, 144], ""fpn_2"": [256, 72, 72]}","{""fpn_0"": [256, 72, 72], ""fpn_1"": [256, 72, 72], ""fpn_2"": [256, 72, 72]}",72,72,64,32,False,"[0.0, 0.0, 0.0]","{""fpn_0"": 0.3333333432674408, ""fpn_1"": 0.3333333432674408, ""fpn_2"": 0.3333333432674408}","fpn_2=0.333,fpn_1=0.333,fpn_0=0.333",deterministic_kmeans,cosine,2,outputs/rwtd_sam3_auto/coarse_vs_fine_sam_scales/stage2/train_fixed_uniform_gates_all_scales_test/checkpoint.pt,permutation_invariant_binary_partition,architexture_binary_v1,0.9156662250188312,0.8321071935815704
fixed_uniform_gates_all_scales,test,70,269,"cluster_0->texture_a,cluster_1->texture_b",0.9341884309907229,0.8686347442581309,0.017081622541237077,0.8686347442581309,"[""fpn_2"", ""fpn_1"", ""fpn_0""]",fpn_2,"[""fpn_2"", ""fpn_1"", ""fpn_0""]","{""fpn_0"": [256, 288, 288], ""fpn_1"": [256, 144, 144], ""fpn_2"": [256, 72, 72]}","{""fpn_0"": [256, 72, 72], ""fpn_1"": [256, 72, 72], ""fpn_2"": [256, 72, 72]}",72,72,64,32,False,"[0.0, 0.0, 0.0]","{""fpn_0"": 0.3333333432674408, ""fpn_1"": 0.3333333432674408, ""fpn_2"": 0.3333333432674408}","fpn_2=0.333,fpn_1=0.333,fpn_0=0.333",deterministic_kmeans,cosine,2,outputs/rwtd_sam3_auto/coarse_vs_fine_sam_scales/stage2/train_fixed_uniform_gates_all_scales_test/checkpoint.pt,permutation_invariant_binary_partition,architexture_binary_v1,0.9341884309907229,0.8686347442581309
fixed_uniform_gates_all_scales,test,71,27,"cluster_1->texture_a,cluster_0->texture_b",0.02060160417137539,0.8438371066810372,0.9174613436375252,0.8438371066810372,"[""fpn_2"", ""fpn_1"", ""fpn_0""]",fpn_2,"[""fpn_2"", ""fpn_1"", ""fpn_0""]","{""fpn_0"": [256, 288, 288], ""fpn_1"": [256, 144, 144], ""fpn_2"": [256, 72, 72]}","{""fpn_0"": [256, 72, 72], ""fpn_1"": [256, 72, 72], ""fpn_2"": [256, 72, 72]}",72,72,64,32,False,"[0.0, 0.0, 0.0]","{""fpn_0"": 0.3333333432674408, ""fpn_1"": 0.3333333432674408, ""fpn_2"": 0.3333333432674408}","fpn_2=0.333,fpn_1=0.333,fpn_0=0.333",deterministic_kmeans,cosine,2,outputs/rwtd_sam3_auto/coarse_vs_fine_sam_scales/stage2/train_fixed_uniform_gates_all_scales_test/checkpoint.pt,permutation_invariant_binary_partition,architexture_binary_v1,0.9174613436375252,0.8438371066810372
fixed_uniform_gates_all_scales,test,72,270,"cluster_1->texture_a,cluster_0->texture_b",0.18430615701940195,0.06872276021333291,0.42973514306895844,0.06872276021333291,"[""fpn_2"", ""fpn_1"", ""fpn_0""]",fpn_2,"[""fpn_2"", ""fpn_1"", ""fpn_0""]","{""fpn_0"": [256, 288, 288], ""fpn_1"": [256, 144, 144], ""fpn_2"": [256, 72, 72]}","{""fpn_0"": [256, 72, 72], ""fpn_1"": [256, 72, 72], ""fpn_2"": [256, 72, 72]}",72,72,64,32,False,"[0.0, 0.0, 0.0]","{""fpn_0"": 0.3333333432674408, ""fpn_1"": 0.3333333432674408, ""fpn_2"": 0.3333333432674408}","fpn_2=0.333,fpn_1=0.333,fpn_0=0.333",deterministic_kmeans,cosine,2,outputs/rwtd_sam3_auto/coarse_vs_fine_sam_scales/stage2/train_fixed_uniform_gates_all_scales_test/checkpoint.pt,permutation_invariant_binary_partition,architexture_binary_v1,0.42973514306895844,0.06872276021333291
fixed_uniform_gates_all_scales,test,73,274,"cluster_0->texture_a,cluster_1->texture_b",0.9566731443421997,0.9142065942782186,0.010965796695138464,0.9142065942782186,"[""fpn_2"", ""fpn_1"", ""fpn_0""]",fpn_2,"[""fpn_2"", ""fpn_1"", ""fpn_0""]","{""fpn_0"": [256, 288, 288], ""fpn_1"": [256, 144, 144], ""fpn_2"": [256, 72, 72]}","{""fpn_0"": [256, 72, 72], ""fpn_1"": [256, 72, 72], ""fpn_2"": [256, 72, 72]}",72,72,64,32,False,"[0.0, 0.0, 0.0]","{""fpn_0"": 0.3333333432674408, ""fpn_1"": 0.3333333432674408, ""fpn_2"": 0.3333333432674408}","fpn_2=0.333,fpn_1=0.333,fpn_0=0.333",deterministic_kmeans,cosine,2,outputs/rwtd_sam3_auto/coarse_vs_fine_sam_scales/stage2/train_fixed_uniform_gates_all_scales_test/checkpoint.pt,permutation_invariant_binary_partition,architexture_binary_v1,0.9566731443421997,0.9142065942782186
fixed_uniform_gates_all_scales,test,74,276,"cluster_1->texture_a,cluster_0->texture_b",0.011381346768775941,0.9106700563865002,0.9501651464428131,0.9106700563865002,"[""fpn_2"", ""fpn_1"", ""fpn_0""]",fpn_2,"[""fpn_2"", ""fpn_1"", ""fpn_0""]","{""fpn_0"": [256, 288, 288], ""fpn_1"": [256, 144, 144], ""fpn_2"": [256, 72, 72]}","{""fpn_0"": [256, 72, 72], ""fpn_1"": [256, 72, 72], ""fpn_2"": [256, 72, 72]}",72,72,64,32,False,"[0.0, 0.0, 0.0]","{""fpn_0"": 0.3333333432674408, ""fpn_1"": 0.3333333432674408, ""fpn_2"": 0.3333333432674408}","fpn_2=0.333,fpn_1=0.333,fpn_0=0.333",deterministic_kmeans,cosine,2,outputs/rwtd_sam3_auto/coarse_vs_fine_sam_scales/stage2/train_fixed_uniform_gates_all_scales_test/checkpoint.pt,permutation_invariant_binary_partition,architexture_binary_v1,0.9501651464428131,0.9106700563865002
fixed_uniform_gates_all_scales,test,75,28,"cluster_0->texture_a,cluster_1->texture_b",0.92597149019363,0.8521597635057848,0.019591112440727074,0.8521597635057848,"[""fpn_2"", ""fpn_1"", ""fpn_0""]",fpn_2,"[""fpn_2"", ""fpn_1"", ""fpn_0""]","{""fpn_0"": [256, 288, 288], ""fpn_1"": [256, 144, 144], ""fpn_2"": [256, 72, 72]}","{""fpn_0"": [256, 72, 72], ""fpn_1"": [256, 72, 72], ""fpn_2"": [256, 72, 72]}",72,72,64,32,False,"[0.0, 0.0, 0.0]","{""fpn_0"": 0.3333333432674408, ""fpn_1"": 0.3333333432674408, ""fpn_2"": 0.3333333432674408}","fpn_2=0.333,fpn_1=0.333,fpn_0=0.333",deterministic_kmeans,cosine,2,outputs/rwtd_sam3_auto/coarse_vs_fine_sam_scales/stage2/train_fixed_uniform_gates_all_scales_test/checkpoint.pt,permutation_invariant_binary_partition,architexture_binary_v1,0.92597149019363,0.8521597635057848
fixed_uniform_gates_all_scales,test,76,280,"cluster_1->texture_a,cluster_0->texture_b",0.0530757591353518,0.6227363128462242,0.808938694757598,0.6227363128462242,"[""fpn_2"", ""fpn_1"", ""fpn_0""]",fpn_2,"[""fpn_2"", ""fpn_1"", ""fpn_0""]","{""fpn_0"": [256, 288, 288], ""fpn_1"": [256, 144, 144], ""fpn_2"": [256, 72, 72]}","{""fpn_0"": [256, 72, 72], ""fpn_1"": [256, 72, 72], ""fpn_2"": [256, 72, 72]}",72,72,64,32,False,"[0.0, 0.0, 0.0]","{""fpn_0"": 0.3333333432674408, ""fpn_1"": 0.3333333432674408, ""fpn_2"": 0.3333333432674408}","fpn_2=0.333,fpn_1=0.333,fpn_0=0.333",deterministic_kmeans,cosine,2,outputs/rwtd_sam3_auto/coarse_vs_fine_sam_scales/stage2/train_fixed_uniform_gates_all_scales_test/checkpoint.pt,permutation_invariant_binary_partition,architexture_binary_v1,0.808938694757598,0.6227363128462242
fixed_uniform_gates_all_scales,test,77,281,"cluster_0->texture_a,cluster_1->texture_b",0.9509429291035351,0.9022887578260732,0.012577693432158605,0.9022887578260732,"[""fpn_2"", ""fpn_1"", ""fpn_0""]",fpn_2,"[""fpn_2"", ""fpn_1"", ""fpn_0""]","{""fpn_0"": [256, 288, 288], ""fpn_1"": [256, 144, 144], ""fpn_2"": [256, 72, 72]}","{""fpn_0"": [256, 72, 72], ""fpn_1"": [256, 72, 72], ""fpn_2"": [256, 72, 72]}",72,72,64,32,False,"[0.0, 0.0, 0.0]","{""fpn_0"": 0.3333333432674408, ""fpn_1"": 0.3333333432674408, ""fpn_2"": 0.3333333432674408}","fpn_2=0.333,fpn_1=0.333,fpn_0=0.333",deterministic_kmeans,cosine,2,outputs/rwtd_sam3_auto/coarse_vs_fine_sam_scales/stage2/train_fixed_uniform_gates_all_scales_test/checkpoint.pt,permutation_invariant_binary_partition,architexture_binary_v1,0.9509429291035351,0.9022887578260732
fixed_uniform_gates_all_scales,test,78,282,"cluster_0->texture_a,cluster_1->texture_b",0.9449306579717314,0.8906689193975004,0.014208567075261318,0.8906689193975004,"[""fpn_2"", ""fpn_1"", ""fpn_0""]",fpn_2,"[""fpn_2"", ""fpn_1"", ""fpn_0""]","{""fpn_0"": [256, 288, 288], ""fpn_1"": [256, 144, 144], ""fpn_2"": [256, 72, 72]}","{""fpn_0"": [256, 72, 72], ""fpn_1"": [256, 72, 72], ""fpn_2"": [256, 72, 72]}",72,72,64,32,False,"[0.0, 0.0, 0.0]","{""fpn_0"": 0.3333333432674408, ""fpn_1"": 0.3333333432674408, ""fpn_2"": 0.3333333432674408}","fpn_2=0.333,fpn_1=0.333,fpn_0=0.333",deterministic_kmeans,cosine,2,outputs/rwtd_sam3_auto/coarse_vs_fine_sam_scales/stage2/train_fixed_uniform_gates_all_scales_test/checkpoint.pt,permutation_invariant_binary_partition,architexture_binary_v1,0.9449306579717314,0.8906689193975004
fixed_uniform_gates_all_scales,test,79,288,"cluster_0->texture_a,cluster_1->texture_b",0.888957642502991,0.8163267382855487,0.02307723329058028,0.8163267382855487,"[""fpn_2"", ""fpn_1"", ""fpn_0""]",fpn_2,"[""fpn_2"", ""fpn_1"", ""fpn_0""]","{""fpn_0"": [256, 288, 288], ""fpn_1"": [256, 144, 144], ""fpn_2"": [256, 72, 72]}","{""fpn_0"": [256, 72, 72], ""fpn_1"": [256, 72, 72], ""fpn_2"": [256, 72, 72]}",72,72,64,32,False,"[0.0, 0.0, 0.0]","{""fpn_0"": 0.3333333432674408, ""fpn_1"": 0.3333333432674408, ""fpn_2"": 0.3333333432674408}","fpn_2=0.333,fpn_1=0.333,fpn_0=0.333",deterministic_kmeans,cosine,2,outputs/rwtd_sam3_auto/coarse_vs_fine_sam_scales/stage2/train_fixed_uniform_gates_all_scales_test/checkpoint.pt,permutation_invariant_binary_partition,architexture_binary_v1,0.888957642502991,0.8163267382855487
fixed_uniform_gates_all_scales,test,80,293,"cluster_0->texture_a,cluster_1->texture_b",0.9150449477338594,0.8803871377425169,0.011872743349860276,0.8803871377425169,"[""fpn_2"", ""fpn_1"", ""fpn_0""]",fpn_2,"[""fpn_2"", ""fpn_1"", ""fpn_0""]","{""fpn_0"": [256, 288, 288], ""fpn_1"": [256, 144, 144], ""fpn_2"": [256, 72, 72]}","{""fpn_0"": [256, 72, 72], ""fpn_1"": [256, 72, 72], ""fpn_2"": [256, 72, 72]}",72,72,64,32,False,"[0.0, 0.0, 0.0]","{""fpn_0"": 0.3333333432674408, ""fpn_1"": 0.3333333432674408, ""fpn_2"": 0.3333333432674408}","fpn_2=0.333,fpn_1=0.333,fpn_0=0.333",deterministic_kmeans,cosine,2,outputs/rwtd_sam3_auto/coarse_vs_fine_sam_scales/stage2/train_fixed_uniform_gates_all_scales_test/checkpoint.pt,permutation_invariant_binary_partition,architexture_binary_v1,0.9150449477338594,0.8803871377425169
fixed_uniform_gates_all_scales,test,81,294,"cluster_1->texture_a,cluster_0->texture_b",0.008369082098757264,0.9342101534509231,0.9666401110482872,0.9342101534509231,"[""fpn_2"", ""fpn_1"", ""fpn_0""]",fpn_2,"[""fpn_2"", ""fpn_1"", ""fpn_0""]","{""fpn_0"": [256, 288, 288], ""fpn_1"": [256, 144, 144], ""fpn_2"": [256, 72, 72]}","{""fpn_0"": [256, 72, 72], ""fpn_1"": [256, 72, 72], ""fpn_2"": [256, 72, 72]}",72,72,64,32,False,"[0.0, 0.0, 0.0]","{""fpn_0"": 0.3333333432674408, ""fpn_1"": 0.3333333432674408, ""fpn_2"": 0.3333333432674408}","fpn_2=0.333,fpn_1=0.333,fpn_0=0.333",deterministic_kmeans,cosine,2,outputs/rwtd_sam3_auto/coarse_vs_fine_sam_scales/stage2/train_fixed_uniform_gates_all_scales_test/checkpoint.pt,permutation_invariant_binary_partition,architexture_binary_v1,0.9666401110482872,0.9342101534509231
fixed_uniform_gates_all_scales,test,82,299,"cluster_0->texture_a,cluster_1->texture_b",0.9412259251152839,0.8829134537820348,0.015250929288326547,0.8829134537820348,"[""fpn_2"", ""fpn_1"", ""fpn_0""]",fpn_2,"[""fpn_2"", ""fpn_1"", ""fpn_0""]","{""fpn_0"": [256, 288, 288], ""fpn_1"": [256, 144, 144], ""fpn_2"": [256, 72, 72]}","{""fpn_0"": [256, 72, 72], ""fpn_1"": [256, 72, 72], ""fpn_2"": [256, 72, 72]}",72,72,64,32,False,"[0.0, 0.0, 0.0]","{""fpn_0"": 0.3333333432674408, ""fpn_1"": 0.3333333432674408, ""fpn_2"": 0.3333333432674408}","fpn_2=0.333,fpn_1=0.333,fpn_0=0.333",deterministic_kmeans,cosine,2,outputs/rwtd_sam3_auto/coarse_vs_fine_sam_scales/stage2/train_fixed_uniform_gates_all_scales_test/checkpoint.pt,permutation_invariant_binary_partition,architexture_binary_v1,0.9412259251152839,0.8829134537820348
fixed_uniform_gates_all_scales,test,83,3,"cluster_0->texture_a,cluster_1->texture_b",0.7652400975372837,0.5835934034314857,0.05834930937257547,0.5835934034314857,"[""fpn_2"", ""fpn_1"", ""fpn_0""]",fpn_2,"[""fpn_2"", ""fpn_1"", ""fpn_0""]","{""fpn_0"": [256, 288, 288], ""fpn_1"": [256, 144, 144], ""fpn_2"": [256, 72, 72]}","{""fpn_0"": [256, 72, 72], ""fpn_1"": [256, 72, 72], ""fpn_2"": [256, 72, 72]}",72,72,64,32,False,"[0.0, 0.0, 0.0]","{""fpn_0"": 0.3333333432674408, ""fpn_1"": 0.3333333432674408, ""fpn_2"": 0.3333333432674408}","fpn_2=0.333,fpn_1=0.333,fpn_0=0.333",deterministic_kmeans,cosine,2,outputs/rwtd_sam3_auto/coarse_vs_fine_sam_scales/stage2/train_fixed_uniform_gates_all_scales_test/checkpoint.pt,permutation_invariant_binary_partition,architexture_binary_v1,0.7652400975372837,0.5835934034314857
fixed_uniform_gates_all_scales,test,84,30,"cluster_1->texture_a,cluster_0->texture_b",0.019704040705238863,0.8513092161148185,0.9251176013218476,0.8513092161148185,"[""fpn_2"", ""fpn_1"", ""fpn_0""]",fpn_2,"[""fpn_2"", ""fpn_1"", ""fpn_0""]","{""fpn_0"": [256, 288, 288], ""fpn_1"": [256, 144, 144], ""fpn_2"": [256, 72, 72]}","{""fpn_0"": [256, 72, 72], ""fpn_1"": [256, 72, 72], ""fpn_2"": [256, 72, 72]}",72,72,64,32,False,"[0.0, 0.0, 0.0]","{""fpn_0"": 0.3333333432674408, ""fpn_1"": 0.3333333432674408, ""fpn_2"": 0.3333333432674408}","fpn_2=0.333,fpn_1=0.333,fpn_0=0.333",deterministic_kmeans,cosine,2,outputs/rwtd_sam3_auto/coarse_vs_fine_sam_scales/stage2/train_fixed_uniform_gates_all_scales_test/checkpoint.pt,permutation_invariant_binary_partition,architexture_binary_v1,0.9251176013218476,0.8513092161148185
fixed_uniform_gates_all_scales,test,85,300,"cluster_0->texture_a,cluster_1->texture_b",0.9853020093252123,0.970972657930953,0.003654813686511648,0.970972657930953,"[""fpn_2"", ""fpn_1"", ""fpn_0""]",fpn_2,"[""fpn_2"", ""fpn_1"", ""fpn_0""]","{""fpn_0"": [256, 288, 288], ""fpn_1"": [256, 144, 144], ""fpn_2"": [256, 72, 72]}","{""fpn_0"": [256, 72, 72], ""fpn_1"": [256, 72, 72], ""fpn_2"": [256, 72, 72]}",72,72,64,32,False,"[0.0, 0.0, 0.0]","{""fpn_0"": 0.3333333432674408, ""fpn_1"": 0.3333333432674408, ""fpn_2"": 0.3333333432674408}","fpn_2=0.333,fpn_1=0.333,fpn_0=0.333",deterministic_kmeans,cosine,2,outputs/rwtd_sam3_auto/coarse_vs_fine_sam_scales/stage2/train_fixed_uniform_gates_all_scales_test/checkpoint.pt,permutation_invariant_binary_partition,architexture_binary_v1,0.9853020093252123,0.970972657930953
fixed_uniform_gates_all_scales,test,86,302,"cluster_1->texture_a,cluster_0->texture_b",0.00623839146614755,0.9507514616363443,0.9751601180418383,0.9507514616363443,"[""fpn_2"", ""fpn_1"", ""fpn_0""]",fpn_2,"[""fpn_2"", ""fpn_1"", ""fpn_0""]","{""fpn_0"": [256, 288, 288], ""fpn_1"": [256, 144, 144], ""fpn_2"": [256, 72, 72]}","{""fpn_0"": [256, 72, 72], ""fpn_1"": [256, 72, 72], ""fpn_2"": [256, 72, 72]}",72,72,64,32,False,"[0.0, 0.0, 0.0]","{""fpn_0"": 0.3333333432674408, ""fpn_1"": 0.3333333432674408, ""fpn_2"": 0.3333333432674408}","fpn_2=0.333,fpn_1=0.333,fpn_0=0.333",deterministic_kmeans,cosine,2,outputs/rwtd_sam3_auto/coarse_vs_fine_sam_scales/stage2/train_fixed_uniform_gates_all_scales_test/checkpoint.pt,permutation_invariant_binary_partition,architexture_binary_v1,0.9751601180418383,0.9507514616363443
fixed_uniform_gates_all_scales,test,87,303,"cluster_0->texture_a,cluster_1->texture_b",0.9805405410134354,0.9639549628702914,0.004520916146440228,0.9639549628702914,"[""fpn_2"", ""fpn_1"", ""fpn_0""]",fpn_2,"[""fpn_2"", ""fpn_1"", ""fpn_0""]","{""fpn_0"": [256, 288, 288], ""fpn_1"": [256, 144, 144], ""fpn_2"": [256, 72, 72]}","{""fpn_0"": [256, 72, 72], ""fpn_1"": [256, 72, 72], ""fpn_2"": [256, 72, 72]}",72,72,64,32,False,"[0.0, 0.0, 0.0]","{""fpn_0"": 0.3333333432674408, ""fpn_1"": 0.3333333432674408, ""fpn_2"": 0.3333333432674408}","fpn_2=0.333,fpn_1=0.333,fpn_0=0.333",deterministic_kmeans,cosine,2,outputs/rwtd_sam3_auto/coarse_vs_fine_sam_scales/stage2/train_fixed_uniform_gates_all_scales_test/checkpoint.pt,permutation_invariant_binary_partition,architexture_binary_v1,0.9805405410134354,0.9639549628702914
fixed_uniform_gates_all_scales,test,88,304,"cluster_0->texture_a,cluster_1->texture_b",0.7977546414324705,0.6406260006134801,0.050475408049146075,0.6406260006134801,"[""fpn_2"", ""fpn_1"", ""fpn_0""]",fpn_2,"[""fpn_2"", ""fpn_1"", ""fpn_0""]","{""fpn_0"": [256, 288, 288], ""fpn_1"": [256, 144, 144], ""fpn_2"": [256, 72, 72]}","{""fpn_0"": [256, 72, 72], ""fpn_1"": [256, 72, 72], ""fpn_2"": [256, 72, 72]}",72,72,64,32,False,"[0.0, 0.0, 0.0]","{""fpn_0"": 0.3333333432674408, ""fpn_1"": 0.3333333432674408, ""fpn_2"": 0.3333333432674408}","fpn_2=0.333,fpn_1=0.333,fpn_0=0.333",deterministic_kmeans,cosine,2,outputs/rwtd_sam3_auto/coarse_vs_fine_sam_scales/stage2/train_fixed_uniform_gates_all_scales_test/checkpoint.pt,permutation_invariant_binary_partition,architexture_binary_v1,0.7977546414324705,0.6406260006134801
fixed_uniform_gates_all_scales,test,89,308,"cluster_1->texture_a,cluster_0->texture_b",0.012005274657101146,0.8929187394483564,0.9286943582591202,0.8929187394483564,"[""fpn_2"", ""fpn_1"", ""fpn_0""]",fpn_2,"[""fpn_2"", ""fpn_1"", ""fpn_0""]","{""fpn_0"": [256, 288, 288], ""fpn_1"": [256, 144, 144], ""fpn_2"": [256, 72, 72]}","{""fpn_0"": [256, 72, 72], ""fpn_1"": [256, 72, 72], ""fpn_2"": [256, 72, 72]}",72,72,64,32,False,"[0.0, 0.0, 0.0]","{""fpn_0"": 0.3333333432674408, ""fpn_1"": 0.3333333432674408, ""fpn_2"": 0.3333333432674408}","fpn_2=0.333,fpn_1=0.333,fpn_0=0.333",deterministic_kmeans,cosine,2,outputs/rwtd_sam3_auto/coarse_vs_fine_sam_scales/stage2/train_fixed_uniform_gates_all_scales_test/checkpoint.pt,permutation_invariant_binary_partition,architexture_binary_v1,0.9286943582591202,0.8929187394483564
fixed_uniform_gates_all_scales,test,90,310,"cluster_1->texture_a,cluster_0->texture_b",0.007239434670510734,0.901782142911099,0.9230251802289146,0.901782142911099,"[""fpn_2"", ""fpn_1"", ""fpn_0""]",fpn_2,"[""fpn_2"", ""fpn_1"", ""fpn_0""]","{""fpn_0"": [256, 288, 288], ""fpn_1"": [256, 144, 144], ""fpn_2"": [256, 72, 72]}","{""fpn_0"": [256, 72, 72], ""fpn_1"": [256, 72, 72], ""fpn_2"": [256, 72, 72]}",72,72,64,32,False,"[0.0, 0.0, 0.0]","{""fpn_0"": 0.3333333432674408, ""fpn_1"": 0.3333333432674408, ""fpn_2"": 0.3333333432674408}","fpn_2=0.333,fpn_1=0.333,fpn_0=0.333",deterministic_kmeans,cosine,2,outputs/rwtd_sam3_auto/coarse_vs_fine_sam_scales/stage2/train_fixed_uniform_gates_all_scales_test/checkpoint.pt,permutation_invariant_binary_partition,architexture_binary_v1,0.9230251802289146,0.901782142911099
fixed_uniform_gates_all_scales,test,91,311,"cluster_1->texture_a,cluster_0->texture_b",0.013727156274026639,0.8295215553974399,0.8728367415488127,0.8295215553974399,"[""fpn_2"", ""fpn_1"", ""fpn_0""]",fpn_2,"[""fpn_2"", ""fpn_1"", ""fpn_0""]","{""fpn_0"": [256, 288, 288], ""fpn_1"": [256, 144, 144], ""fpn_2"": [256, 72, 72]}","{""fpn_0"": [256, 72, 72], ""fpn_1"": [256, 72, 72], ""fpn_2"": [256, 72, 72]}",72,72,64,32,False,"[0.0, 0.0, 0.0]","{""fpn_0"": 0.3333333432674408, ""fpn_1"": 0.3333333432674408, ""fpn_2"": 0.3333333432674408}","fpn_2=0.333,fpn_1=0.333,fpn_0=0.333",deterministic_kmeans,cosine,2,outputs/rwtd_sam3_auto/coarse_vs_fine_sam_scales/stage2/train_fixed_uniform_gates_all_scales_test/checkpoint.pt,permutation_invariant_binary_partition,architexture_binary_v1,0.8728367415488127,0.8295215553974399
fixed_uniform_gates_all_scales,test,92,315,"cluster_0->texture_a,cluster_1->texture_b",0.939144164360983,0.9239790113980828,0.005334319709691344,0.9239790113980828,"[""fpn_2"", ""fpn_1"", ""fpn_0""]",fpn_2,"[""fpn_2"", ""fpn_1"", ""fpn_0""]","{""fpn_0"": [256, 288, 288], ""fpn_1"": [256, 144, 144], ""fpn_2"": [256, 72, 72]}","{""fpn_0"": [256, 72, 72], ""fpn_1"": [256, 72, 72], ""fpn_2"": [256, 72, 72]}",72,72,64,32,False,"[0.0, 0.0, 0.0]","{""fpn_0"": 0.3333333432674408, ""fpn_1"": 0.3333333432674408, ""fpn_2"": 0.3333333432674408}","fpn_2=0.333,fpn_1=0.333,fpn_0=0.333",deterministic_kmeans,cosine,2,outputs/rwtd_sam3_auto/coarse_vs_fine_sam_scales/stage2/train_fixed_uniform_gates_all_scales_test/checkpoint.pt,permutation_invariant_binary_partition,architexture_binary_v1,0.939144164360983,0.9239790113980828
fixed_uniform_gates_all_scales,test,93,318,"cluster_1->texture_a,cluster_0->texture_b",0.008386054134572347,0.9282322000800884,0.9541080467027969,0.9282322000800884,"[""fpn_2"", ""fpn_1"", ""fpn_0""]",fpn_2,"[""fpn_2"", ""fpn_1"", ""fpn_0""]","{""fpn_0"": [256, 288, 288], ""fpn_1"": [256, 144, 144], ""fpn_2"": [256, 72, 72]}","{""fpn_0"": [256, 72, 72], ""fpn_1"": [256, 72, 72], ""fpn_2"": [256, 72, 72]}",72,72,64,32,False,"[0.0, 0.0, 0.0]","{""fpn_0"": 0.3333333432674408, ""fpn_1"": 0.3333333432674408, ""fpn_2"": 0.3333333432674408}","fpn_2=0.333,fpn_1=0.333,fpn_0=0.333",deterministic_kmeans,cosine,2,outputs/rwtd_sam3_auto/coarse_vs_fine_sam_scales/stage2/train_fixed_uniform_gates_all_scales_test/checkpoint.pt,permutation_invariant_binary_partition,architexture_binary_v1,0.9541080467027969,0.9282322000800884
fixed_uniform_gates_all_scales,test,94,319,"cluster_0->texture_a,cluster_1->texture_b",0.5096144799434517,0.13232806487446314,0.1613831779889594,0.13232806487446314,"[""fpn_2"", ""fpn_1"", ""fpn_0""]",fpn_2,"[""fpn_2"", ""fpn_1"", ""fpn_0""]","{""fpn_0"": [256, 288, 288], ""fpn_1"": [256, 144, 144], ""fpn_2"": [256, 72, 72]}","{""fpn_0"": [256, 72, 72], ""fpn_1"": [256, 72, 72], ""fpn_2"": [256, 72, 72]}",72,72,64,32,False,"[0.0, 0.0, 0.0]","{""fpn_0"": 0.3333333432674408, ""fpn_1"": 0.3333333432674408, ""fpn_2"": 0.3333333432674408}","fpn_2=0.333,fpn_1=0.333,fpn_0=0.333",deterministic_kmeans,cosine,2,outputs/rwtd_sam3_auto/coarse_vs_fine_sam_scales/stage2/train_fixed_uniform_gates_all_scales_test/checkpoint.pt,permutation_invariant_binary_partition,architexture_binary_v1,0.5096144799434517,0.13232806487446314
fixed_uniform_gates_all_scales,test,95,322,"cluster_0->texture_a,cluster_1->texture_b",0.9620825030710729,0.9263265783796235,0.009457277317159446,0.9263265783796235,"[""fpn_2"", ""fpn_1"", ""fpn_0""]",fpn_2,"[""fpn_2"", ""fpn_1"", ""fpn_0""]","{""fpn_0"": [256, 288, 288], ""fpn_1"": [256, 144, 144], ""fpn_2"": [256, 72, 72]}","{""fpn_0"": [256, 72, 72], ""fpn_1"": [256, 72, 72], ""fpn_2"": [256, 72, 72]}",72,72,64,32,False,"[0.0, 0.0, 0.0]","{""fpn_0"": 0.3333333432674408, ""fpn_1"": 0.3333333432674408, ""fpn_2"": 0.3333333432674408}","fpn_2=0.333,fpn_1=0.333,fpn_0=0.333",deterministic_kmeans,cosine,2,outputs/rwtd_sam3_auto/coarse_vs_fine_sam_scales/stage2/train_fixed_uniform_gates_all_scales_test/checkpoint.pt,permutation_invariant_binary_partition,architexture_binary_v1,0.9620825030710729,0.9263265783796235
fixed_uniform_gates_all_scales,test,96,323,"cluster_0->texture_a,cluster_1->texture_b",0.9140537689604085,0.828603931859968,0.022870430455787447,0.828603931859968,"[""fpn_2"", ""fpn_1"", ""fpn_0""]",fpn_2,"[""fpn_2"", ""fpn_1"", ""fpn_0""]","{""fpn_0"": [256, 288, 288], ""fpn_1"": [256, 144, 144], ""fpn_2"": [256, 72, 72]}","{""fpn_0"": [256, 72, 72], ""fpn_1"": [256, 72, 72], ""fpn_2"": [256, 72, 72]}",72,72,64,32,False,"[0.0, 0.0, 0.0]","{""fpn_0"": 0.3333333432674408, ""fpn_1"": 0.3333333432674408, ""fpn_2"": 0.3333333432674408}","fpn_2=0.333,fpn_1=0.333,fpn_0=0.333",deterministic_kmeans,cosine,2,outputs/rwtd_sam3_auto/coarse_vs_fine_sam_scales/stage2/train_fixed_uniform_gates_all_scales_test/checkpoint.pt,permutation_invariant_binary_partition,architexture_binary_v1,0.9140537689604085,0.828603931859968
fixed_uniform_gates_all_scales,test,97,324,"cluster_0->texture_a,cluster_1->texture_b",0.938171927703472,0.8771275771452854,0.016089082382050025,0.8771275771452854,"[""fpn_2"", ""fpn_1"", ""fpn_0""]",fpn_2,"[""fpn_2"", ""fpn_1"", ""fpn_0""]","{""fpn_0"": [256, 288, 288], ""fpn_1"": [256, 144, 144], ""fpn_2"": [256, 72, 72]}","{""fpn_0"": [256, 72, 72], ""fpn_1"": [256, 72, 72], ""fpn_2"": [256, 72, 72]}",72,72,64,32,False,"[0.0, 0.0, 0.0]","{""fpn_0"": 0.3333333432674408, ""fpn_1"": 0.3333333432674408, ""fpn_2"": 0.3333333432674408}","fpn_2=0.333,fpn_1=0.333,fpn_0=0.333",deterministic_kmeans,cosine,2,outputs/rwtd_sam3_auto/coarse_vs_fine_sam_scales/stage2/train_fixed_uniform_gates_all_scales_test/checkpoint.pt,permutation_invariant_binary_partition,architexture_binary_v1,0.938171927703472,0.8771275771452854
fixed_uniform_gates_all_scales,test,98,325,"cluster_1->texture_a,cluster_0->texture_b",0.021949449360476367,0.8342234470417821,0.9166613606695967,0.8342234470417821,"[""fpn_2"", ""fpn_1"", ""fpn_0""]",fpn_2,"[""fpn_2"", ""fpn_1"", ""fpn_0""]","{""fpn_0"": [256, 288, 288], ""fpn_1"": [256, 144, 144], ""fpn_2"": [256, 72, 72]}","{""fpn_0"": [256, 72, 72], ""fpn_1"": [256, 72, 72], ""fpn_2"": [256, 72, 72]}",72,72,64,32,False,"[0.0, 0.0, 0.0]","{""fpn_0"": 0.3333333432674408, ""fpn_1"": 0.3333333432674408, ""fpn_2"": 0.3333333432674408}","fpn_2=0.333,fpn_1=0.333,fpn_0=0.333",deterministic_kmeans,cosine,2,outputs/rwtd_sam3_auto/coarse_vs_fine_sam_scales/stage2/train_fixed_uniform_gates_all_scales_test/checkpoint.pt,permutation_invariant_binary_partition,architexture_binary_v1,0.9166613606695967,0.8342234470417821
fixed_uniform_gates_all_scales,test,99,327,"cluster_1->texture_a,cluster_0->texture_b",0.012172430984342479,0.9059358556432039,0.9524697865743825,0.9059358556432039,"[""fpn_2"", ""fpn_1"", ""fpn_0""]",fpn_2,"[""fpn_2"", ""fpn_1"", ""fpn_0""]","{""fpn_0"": [256, 288, 288], ""fpn_1"": [256, 144, 144], ""fpn_2"": [256, 72, 72]}","{""fpn_0"": [256, 72, 72], ""fpn_1"": [256, 72, 72], ""fpn_2"": [256, 72, 72]}",72,72,64,32,False,"[0.0, 0.0, 0.0]","{""fpn_0"": 0.3333333432674408, ""fpn_1"": 0.3333333432674408, ""fpn_2"": 0.3333333432674408}","fpn_2=0.333,fpn_1=0.333,fpn_0=0.333",deterministic_kmeans,cosine,2,outputs/rwtd_sam3_auto/coarse_vs_fine_sam_scales/stage2/train_fixed_uniform_gates_all_scales_test/checkpoint.pt,permutation_invariant_binary_partition,architexture_binary_v1,0.9524697865743825,0.9059358556432039
fixed_uniform_gates_all_scales,test,100,328,"cluster_0->texture_a,cluster_1->texture_b",0.9381360963458277,0.8845977877156671,0.014992611874477462,0.8845977877156671,"[""fpn_2"", ""fpn_1"", ""fpn_0""]",fpn_2,"[""fpn_2"", ""fpn_1"", ""fpn_0""]","{""fpn_0"": [256, 288, 288], ""fpn_1"": [256, 144, 144], ""fpn_2"": [256, 72, 72]}","{""fpn_0"": [256, 72, 72], ""fpn_1"": [256, 72, 72], ""fpn_2"": [256, 72, 72]}",72,72,64,32,False,"[0.0, 0.0, 0.0]","{""fpn_0"": 0.3333333432674408, ""fpn_1"": 0.3333333432674408, ""fpn_2"": 0.3333333432674408}","fpn_2=0.333,fpn_1=0.333,fpn_0=0.333",deterministic_kmeans,cosine,2,outputs/rwtd_sam3_auto/coarse_vs_fine_sam_scales/stage2/train_fixed_uniform_gates_all_scales_test/checkpoint.pt,permutation_invariant_binary_partition,architexture_binary_v1,0.9381360963458277,0.8845977877156671
fixed_uniform_gates_all_scales,test,101,329,"cluster_1->texture_a,cluster_0->texture_b",0.025730692593281635,0.806857639778434,0.9031763714583965,0.806857639778434,"[""fpn_2"", ""fpn_1"", ""fpn_0""]",fpn_2,"[""fpn_2"", ""fpn_1"", ""fpn_0""]","{""fpn_0"": [256, 288, 288], ""fpn_1"": [256, 144, 144], ""fpn_2"": [256, 72, 72]}","{""fpn_0"": [256, 72, 72], ""fpn_1"": [256, 72, 72], ""fpn_2"": [256, 72, 72]}",72,72,64,32,False,"[0.0, 0.0, 0.0]","{""fpn_0"": 0.3333333432674408, ""fpn_1"": 0.3333333432674408, ""fpn_2"": 0.3333333432674408}","fpn_2=0.333,fpn_1=0.333,fpn_0=0.333",deterministic_kmeans,cosine,2,outputs/rwtd_sam3_auto/coarse_vs_fine_sam_scales/stage2/train_fixed_uniform_gates_all_scales_test/checkpoint.pt,permutation_invariant_binary_partition,architexture_binary_v1,0.9031763714583965,0.806857639778434
fixed_uniform_gates_all_scales,test,102,33,"cluster_0->texture_a,cluster_1->texture_b",0.9627063948852419,0.9481240554490176,0.005161101885755466,0.9481240554490176,"[""fpn_2"", ""fpn_1"", ""fpn_0""]",fpn_2,"[""fpn_2"", ""fpn_1"", ""fpn_0""]","{""fpn_0"": [256, 288, 288], ""fpn_1"": [256, 144, 144], ""fpn_2"": [256, 72, 72]}","{""fpn_0"": [256, 72, 72], ""fpn_1"": [256, 72, 72], ""fpn_2"": [256, 72, 72]}",72,72,64,32,False,"[0.0, 0.0, 0.0]","{""fpn_0"": 0.3333333432674408, ""fpn_1"": 0.3333333432674408, ""fpn_2"": 0.3333333432674408}","fpn_2=0.333,fpn_1=0.333,fpn_0=0.333",deterministic_kmeans,cosine,2,outputs/rwtd_sam3_auto/coarse_vs_fine_sam_scales/stage2/train_fixed_uniform_gates_all_scales_test/checkpoint.pt,permutation_invariant_binary_partition,architexture_binary_v1,0.9627063948852419,0.9481240554490176
fixed_uniform_gates_all_scales,test,103,330,"cluster_1->texture_a,cluster_0->texture_b",0.013698850377268795,0.8939058463682732,0.9440543042424501,0.8939058463682732,"[""fpn_2"", ""fpn_1"", ""fpn_0""]",fpn_2,"[""fpn_2"", ""fpn_1"", ""fpn_0""]","{""fpn_0"": [256, 288, 288], ""fpn_1"": [256, 144, 144], ""fpn_2"": [256, 72, 72]}","{""fpn_0"": [256, 72, 72], ""fpn_1"": [256, 72, 72], ""fpn_2"": [256, 72, 72]}",72,72,64,32,False,"[0.0, 0.0, 0.0]","{""fpn_0"": 0.3333333432674408, ""fpn_1"": 0.3333333432674408, ""fpn_2"": 0.3333333432674408}","fpn_2=0.333,fpn_1=0.333,fpn_0=0.333",deterministic_kmeans,cosine,2,outputs/rwtd_sam3_auto/coarse_vs_fine_sam_scales/stage2/train_fixed_uniform_gates_all_scales_test/checkpoint.pt,permutation_invariant_binary_partition,architexture_binary_v1,0.9440543042424501,0.8939058463682732
fixed_uniform_gates_all_scales,test,104,331,"cluster_0->texture_a,cluster_1->texture_b",0.9103086085485125,0.8470412609203015,0.019489625173240835,0.8470412609203015,"[""fpn_2"", ""fpn_1"", ""fpn_0""]",fpn_2,"[""fpn_2"", ""fpn_1"", ""fpn_0""]","{""fpn_0"": [256, 288, 288], ""fpn_1"": [256, 144, 144], ""fpn_2"": [256, 72, 72]}","{""fpn_0"": [256, 72, 72], ""fpn_1"": [256, 72, 72], ""fpn_2"": [256, 72, 72]}",72,72,64,32,False,"[0.0, 0.0, 0.0]","{""fpn_0"": 0.3333333432674408, ""fpn_1"": 0.3333333432674408, ""fpn_2"": 0.3333333432674408}","fpn_2=0.333,fpn_1=0.333,fpn_0=0.333",deterministic_kmeans,cosine,2,outputs/rwtd_sam3_auto/coarse_vs_fine_sam_scales/stage2/train_fixed_uniform_gates_all_scales_test/checkpoint.pt,permutation_invariant_binary_partition,architexture_binary_v1,0.9103086085485125,0.8470412609203015
fixed_uniform_gates_all_scales,test,105,332,"cluster_0->texture_a,cluster_1->texture_b",0.9416685713321866,0.8912472759307901,0.01406662452155769,0.8912472759307901,"[""fpn_2"", ""fpn_1"", ""fpn_0""]",fpn_2,"[""fpn_2"", ""fpn_1"", ""fpn_0""]","{""fpn_0"": [256, 288, 288], ""fpn_1"": [256, 144, 144], ""fpn_2"": [256, 72, 72]}","{""fpn_0"": [256, 72, 72], ""fpn_1"": [256, 72, 72], ""fpn_2"": [256, 72, 72]}",72,72,64,32,False,"[0.0, 0.0, 0.0]","{""fpn_0"": 0.3333333432674408, ""fpn_1"": 0.3333333432674408, ""fpn_2"": 0.3333333432674408}","fpn_2=0.333,fpn_1=0.333,fpn_0=0.333",deterministic_kmeans,cosine,2,outputs/rwtd_sam3_auto/coarse_vs_fine_sam_scales/stage2/train_fixed_uniform_gates_all_scales_test/checkpoint.pt,permutation_invariant_binary_partition,architexture_binary_v1,0.9416685713321866,0.8912472759307901
fixed_uniform_gates_all_scales,test,106,334,"cluster_0->texture_a,cluster_1->texture_b",0.9381493327266098,0.8844585185119831,0.01494981383269601,0.8844585185119831,"[""fpn_2"", ""fpn_1"", ""fpn_0""]",fpn_2,"[""fpn_2"", ""fpn_1"", ""fpn_0""]","{""fpn_0"": [256, 288, 288], ""fpn_1"": [256, 144, 144], ""fpn_2"": [256, 72, 72]}","{""fpn_0"": [256, 72, 72], ""fpn_1"": [256, 72, 72], ""fpn_2"": [256, 72, 72]}",72,72,64,32,False,"[0.0, 0.0, 0.0]","{""fpn_0"": 0.3333333432674408, ""fpn_1"": 0.3333333432674408, ""fpn_2"": 0.3333333432674408}","fpn_2=0.333,fpn_1=0.333,fpn_0=0.333",deterministic_kmeans,cosine,2,outputs/rwtd_sam3_auto/coarse_vs_fine_sam_scales/stage2/train_fixed_uniform_gates_all_scales_test/checkpoint.pt,permutation_invariant_binary_partition,architexture_binary_v1,0.9381493327266098,0.8844585185119831
fixed_uniform_gates_all_scales,test,107,337,"cluster_0->texture_a,cluster_1->texture_b",0.9568477720571773,0.9355716255195021,0.007135045123245349,0.9355716255195021,"[""fpn_2"", ""fpn_1"", ""fpn_0""]",fpn_2,"[""fpn_2"", ""fpn_1"", ""fpn_0""]","{""fpn_0"": [256, 288, 288], ""fpn_1"": [256, 144, 144], ""fpn_2"": [256, 72, 72]}","{""fpn_0"": [256, 72, 72], ""fpn_1"": [256, 72, 72], ""fpn_2"": [256, 72, 72]}",72,72,64,32,False,"[0.0, 0.0, 0.0]","{""fpn_0"": 0.3333333432674408, ""fpn_1"": 0.3333333432674408, ""fpn_2"": 0.3333333432674408}","fpn_2=0.333,fpn_1=0.333,fpn_0=0.333",deterministic_kmeans,cosine,2,outputs/rwtd_sam3_auto/coarse_vs_fine_sam_scales/stage2/train_fixed_uniform_gates_all_scales_test/checkpoint.pt,permutation_invariant_binary_partition,architexture_binary_v1,0.9568477720571773,0.9355716255195021
fixed_uniform_gates_all_scales,test,108,34,"cluster_1->texture_a,cluster_0->texture_b",0.05555375429684653,0.6020219998898346,0.7817419683583443,0.6020219998898346,"[""fpn_2"", ""fpn_1"", ""fpn_0""]",fpn_2,"[""fpn_2"", ""fpn_1"", ""fpn_0""]","{""fpn_0"": [256, 288, 288], ""fpn_1"": [256, 144, 144], ""fpn_2"": [256, 72, 72]}","{""fpn_0"": [256, 72, 72], ""fpn_1"": [256, 72, 72], ""fpn_2"": [256, 72, 72]}",72,72,64,32,False,"[0.0, 0.0, 0.0]","{""fpn_0"": 0.3333333432674408, ""fpn_1"": 0.3333333432674408, ""fpn_2"": 0.3333333432674408}","fpn_2=0.333,fpn_1=0.333,fpn_0=0.333",deterministic_kmeans,cosine,2,outputs/rwtd_sam3_auto/coarse_vs_fine_sam_scales/stage2/train_fixed_uniform_gates_all_scales_test/checkpoint.pt,permutation_invariant_binary_partition,architexture_binary_v1,0.7817419683583443,0.6020219998898346
fixed_uniform_gates_all_scales,test,109,342,"cluster_0->texture_a,cluster_1->texture_b",0.9629063320014475,0.9266769154650453,0.009409146992240134,0.9266769154650453,"[""fpn_2"", ""fpn_1"", ""fpn_0""]",fpn_2,"[""fpn_2"", ""fpn_1"", ""fpn_0""]","{""fpn_0"": [256, 288, 288], ""fpn_1"": [256, 144, 144], ""fpn_2"": [256, 72, 72]}","{""fpn_0"": [256, 72, 72], ""fpn_1"": [256, 72, 72], ""fpn_2"": [256, 72, 72]}",72,72,64,32,False,"[0.0, 0.0, 0.0]","{""fpn_0"": 0.3333333432674408, ""fpn_1"": 0.3333333432674408, ""fpn_2"": 0.3333333432674408}","fpn_2=0.333,fpn_1=0.333,fpn_0=0.333",deterministic_kmeans,cosine,2,outputs/rwtd_sam3_auto/coarse_vs_fine_sam_scales/stage2/train_fixed_uniform_gates_all_scales_test/checkpoint.pt,permutation_invariant_binary_partition,architexture_binary_v1,0.9629063320014475,0.9266769154650453
fixed_uniform_gates_all_scales,test,110,343,"cluster_1->texture_a,cluster_0->texture_b",0.007725413932197203,0.9346000078846192,0.9587217718115357,0.9346000078846192,"[""fpn_2"", ""fpn_1"", ""fpn_0""]",fpn_2,"[""fpn_2"", ""fpn_1"", ""fpn_0""]","{""fpn_0"": [256, 288, 288], ""fpn_1"": [256, 144, 144], ""fpn_2"": [256, 72, 72]}","{""fpn_0"": [256, 72, 72], ""fpn_1"": [256, 72, 72], ""fpn_2"": [256, 72, 72]}",72,72,64,32,False,"[0.0, 0.0, 0.0]","{""fpn_0"": 0.3333333432674408, ""fpn_1"": 0.3333333432674408, ""fpn_2"": 0.3333333432674408}","fpn_2=0.333,fpn_1=0.333,fpn_0=0.333",deterministic_kmeans,cosine,2,outputs/rwtd_sam3_auto/coarse_vs_fine_sam_scales/stage2/train_fixed_uniform_gates_all_scales_test/checkpoint.pt,permutation_invariant_binary_partition,architexture_binary_v1,0.9587217718115357,0.9346000078846192
fixed_uniform_gates_all_scales,test,111,344,"cluster_1->texture_a,cluster_0->texture_b",0.009310631593657552,0.9243126252779499,0.9547814965617825,0.9243126252779499,"[""fpn_2"", ""fpn_1"", ""fpn_0""]",fpn_2,"[""fpn_2"", ""fpn_1"", ""fpn_0""]","{""fpn_0"": [256, 288, 288], ""fpn_1"": [256, 144, 144], ""fpn_2"": [256, 72, 72]}","{""fpn_0"": [256, 72, 72], ""fpn_1"": [256, 72, 72], ""fpn_2"": [256, 72, 72]}",72,72,64,32,False,"[0.0, 0.0, 0.0]","{""fpn_0"": 0.3333333432674408, ""fpn_1"": 0.3333333432674408, ""fpn_2"": 0.3333333432674408}","fpn_2=0.333,fpn_1=0.333,fpn_0=0.333",deterministic_kmeans,cosine,2,outputs/rwtd_sam3_auto/coarse_vs_fine_sam_scales/stage2/train_fixed_uniform_gates_all_scales_test/checkpoint.pt,permutation_invariant_binary_partition,architexture_binary_v1,0.9547814965617825,0.9243126252779499
fixed_uniform_gates_all_scales,test,112,345,"cluster_0->texture_a,cluster_1->texture_b",0.9380920220931299,0.8896659270468518,0.01413425222096278,0.8896659270468518,"[""fpn_2"", ""fpn_1"", ""fpn_0""]",fpn_2,"[""fpn_2"", ""fpn_1"", ""fpn_0""]","{""fpn_0"": [256, 288, 288], ""fpn_1"": [256, 144, 144], ""fpn_2"": [256, 72, 72]}","{""fpn_0"": [256, 72, 72], ""fpn_1"": [256, 72, 72], ""fpn_2"": [256, 72, 72]}",72,72,64,32,False,"[0.0, 0.0, 0.0]","{""fpn_0"": 0.3333333432674408, ""fpn_1"": 0.3333333432674408, ""fpn_2"": 0.3333333432674408}","fpn_2=0.333,fpn_1=0.333,fpn_0=0.333",deterministic_kmeans,cosine,2,outputs/rwtd_sam3_auto/coarse_vs_fine_sam_scales/stage2/train_fixed_uniform_gates_all_scales_test/checkpoint.pt,permutation_invariant_binary_partition,architexture_binary_v1,0.9380920220931299,0.8896659270468518
fixed_uniform_gates_all_scales,test,113,346,"cluster_1->texture_a,cluster_0->texture_b",0.009020667322071903,0.9288072201851981,0.9604837157223177,0.9288072201851981,"[""fpn_2"", ""fpn_1"", ""fpn_0""]",fpn_2,"[""fpn_2"", ""fpn_1"", ""fpn_0""]","{""fpn_0"": [256, 288, 288], ""fpn_1"": [256, 144, 144], ""fpn_2"": [256, 72, 72]}","{""fpn_0"": [256, 72, 72], ""fpn_1"": [256, 72, 72], ""fpn_2"": [256, 72, 72]}",72,72,64,32,False,"[0.0, 0.0, 0.0]","{""fpn_0"": 0.3333333432674408, ""fpn_1"": 0.3333333432674408, ""fpn_2"": 0.3333333432674408}","fpn_2=0.333,fpn_1=0.333,fpn_0=0.333",deterministic_kmeans,cosine,2,outputs/rwtd_sam3_auto/coarse_vs_fine_sam_scales/stage2/train_fixed_uniform_gates_all_scales_test/checkpoint.pt,permutation_invariant_binary_partition,architexture_binary_v1,0.9604837157223177,0.9288072201851981
fixed_uniform_gates_all_scales,test,114,347,"cluster_0->texture_a,cluster_1->texture_b",0.9650505074941513,0.931875402577966,0.00872751955292256,0.931875402577966,"[""fpn_2"", ""fpn_1"", ""fpn_0""]",fpn_2,"[""fpn_2"", ""fpn_1"", ""fpn_0""]","{""fpn_0"": [256, 288, 288], ""fpn_1"": [256, 144, 144], ""fpn_2"": [256, 72, 72]}","{""fpn_0"": [256, 72, 72], ""fpn_1"": [256, 72, 72], ""fpn_2"": [256, 72, 72]}",72,72,64,32,False,"[0.0, 0.0, 0.0]","{""fpn_0"": 0.3333333432674408, ""fpn_1"": 0.3333333432674408, ""fpn_2"": 0.3333333432674408}","fpn_2=0.333,fpn_1=0.333,fpn_0=0.333",deterministic_kmeans,cosine,2,outputs/rwtd_sam3_auto/coarse_vs_fine_sam_scales/stage2/train_fixed_uniform_gates_all_scales_test/checkpoint.pt,permutation_invariant_binary_partition,architexture_binary_v1,0.9650505074941513,0.931875402577966
fixed_uniform_gates_all_scales,test,115,349,"cluster_0->texture_a,cluster_1->texture_b",0.9469542164933895,0.9087586917901512,0.011399216769475144,0.9087586917901512,"[""fpn_2"", ""fpn_1"", ""fpn_0""]",fpn_2,"[""fpn_2"", ""fpn_1"", ""fpn_0""]","{""fpn_0"": [256, 288, 288], ""fpn_1"": [256, 144, 144], ""fpn_2"": [256, 72, 72]}","{""fpn_0"": [256, 72, 72], ""fpn_1"": [256, 72, 72], ""fpn_2"": [256, 72, 72]}",72,72,64,32,False,"[0.0, 0.0, 0.0]","{""fpn_0"": 0.3333333432674408, ""fpn_1"": 0.3333333432674408, ""fpn_2"": 0.3333333432674408}","fpn_2=0.333,fpn_1=0.333,fpn_0=0.333",deterministic_kmeans,cosine,2,outputs/rwtd_sam3_auto/coarse_vs_fine_sam_scales/stage2/train_fixed_uniform_gates_all_scales_test/checkpoint.pt,permutation_invariant_binary_partition,architexture_binary_v1,0.9469542164933895,0.9087586917901512
fixed_uniform_gates_all_scales,test,116,350,"cluster_1->texture_a,cluster_0->texture_b",0.12516488850939522,0.12141361831762543,0.4477424103585645,0.12141361831762543,"[""fpn_2"", ""fpn_1"", ""fpn_0""]",fpn_2,"[""fpn_2"", ""fpn_1"", ""fpn_0""]","{""fpn_0"": [256, 288, 288], ""fpn_1"": [256, 144, 144], ""fpn_2"": [256, 72, 72]}","{""fpn_0"": [256, 72, 72], ""fpn_1"": [256, 72, 72], ""fpn_2"": [256, 72, 72]}",72,72,64,32,False,"[0.0, 0.0, 0.0]","{""fpn_0"": 0.3333333432674408, ""fpn_1"": 0.3333333432674408, ""fpn_2"": 0.3333333432674408}","fpn_2=0.333,fpn_1=0.333,fpn_0=0.333",deterministic_kmeans,cosine,2,outputs/rwtd_sam3_auto/coarse_vs_fine_sam_scales/stage2/train_fixed_uniform_gates_all_scales_test/checkpoint.pt,permutation_invariant_binary_partition,architexture_binary_v1,0.4477424103585645,0.12141361831762543
fixed_uniform_gates_all_scales,test,117,351,"cluster_1->texture_a,cluster_0->texture_b",0.00574493408203125,0.9545678934498931,0.9772679723874225,0.9545678934498931,"[""fpn_2"", ""fpn_1"", ""fpn_0""]",fpn_2,"[""fpn_2"", ""fpn_1"", ""fpn_0""]","{""fpn_0"": [256, 288, 288], ""fpn_1"": [256, 144, 144], ""fpn_2"": [256, 72, 72]}","{""fpn_0"": [256, 72, 72], ""fpn_1"": [256, 72, 72], ""fpn_2"": [256, 72, 72]}",72,72,64,32,False,"[0.0, 0.0, 0.0]","{""fpn_0"": 0.3333333432674408, ""fpn_1"": 0.3333333432674408, ""fpn_2"": 0.3333333432674408}","fpn_2=0.333,fpn_1=0.333,fpn_0=0.333",deterministic_kmeans,cosine,2,outputs/rwtd_sam3_auto/coarse_vs_fine_sam_scales/stage2/train_fixed_uniform_gates_all_scales_test/checkpoint.pt,permutation_invariant_binary_partition,architexture_binary_v1,0.9772679723874225,0.9545678934498931
fixed_uniform_gates_all_scales,test,118,352,"cluster_0->texture_a,cluster_1->texture_b",0.8755976903347304,0.7930103738803991,0.025946495700561612,0.7930103738803991,"[""fpn_2"", ""fpn_1"", ""fpn_0""]",fpn_2,"[""fpn_2"", ""fpn_1"", ""fpn_0""]","{""fpn_0"": [256, 288, 288], ""fpn_1"": [256, 144, 144], ""fpn_2"": [256, 72, 72]}","{""fpn_0"": [256, 72, 72], ""fpn_1"": [256, 72, 72], ""fpn_2"": [256, 72, 72]}",72,72,64,32,False,"[0.0, 0.0, 0.0]","{""fpn_0"": 0.3333333432674408, ""fpn_1"": 0.3333333432674408, ""fpn_2"": 0.3333333432674408}","fpn_2=0.333,fpn_1=0.333,fpn_0=0.333",deterministic_kmeans,cosine,2,outputs/rwtd_sam3_auto/coarse_vs_fine_sam_scales/stage2/train_fixed_uniform_gates_all_scales_test/checkpoint.pt,permutation_invariant_binary_partition,architexture_binary_v1,0.8755976903347304,0.7930103738803991
fixed_uniform_gates_all_scales,test,119,357,"cluster_0->texture_a,cluster_1->texture_b",0.9272921706159596,0.8587582130377869,0.018341689053376457,0.8587582130377869,"[""fpn_2"", ""fpn_1"", ""fpn_0""]",fpn_2,"[""fpn_2"", ""fpn_1"", ""fpn_0""]","{""fpn_0"": [256, 288, 288], ""fpn_1"": [256, 144, 144], ""fpn_2"": [256, 72, 72]}","{""fpn_0"": [256, 72, 72], ""fpn_1"": [256, 72, 72], ""fpn_2"": [256, 72, 72]}",72,72,64,32,False,"[0.0, 0.0, 0.0]","{""fpn_0"": 0.3333333432674408, ""fpn_1"": 0.3333333432674408, ""fpn_2"": 0.3333333432674408}","fpn_2=0.333,fpn_1=0.333,fpn_0=0.333",deterministic_kmeans,cosine,2,outputs/rwtd_sam3_auto/coarse_vs_fine_sam_scales/stage2/train_fixed_uniform_gates_all_scales_test/checkpoint.pt,permutation_invariant_binary_partition,architexture_binary_v1,0.9272921706159596,0.8587582130377869
fixed_uniform_gates_all_scales,test,120,358,"cluster_1->texture_a,cluster_0->texture_b",0.1887359619140625,0.06002368011965732,0.4057694683584729,0.06002368011965732,"[""fpn_2"", ""fpn_1"", ""fpn_0""]",fpn_2,"[""fpn_2"", ""fpn_1"", ""fpn_0""]","{""fpn_0"": [256, 288, 288], ""fpn_1"": [256, 144, 144], ""fpn_2"": [256, 72, 72]}","{""fpn_0"": [256, 72, 72], ""fpn_1"": [256, 72, 72], ""fpn_2"": [256, 72, 72]}",72,72,64,32,False,"[0.0, 0.0, 0.0]","{""fpn_0"": 0.3333333432674408, ""fpn_1"": 0.3333333432674408, ""fpn_2"": 0.3333333432674408}","fpn_2=0.333,fpn_1=0.333,fpn_0=0.333",deterministic_kmeans,cosine,2,outputs/rwtd_sam3_auto/coarse_vs_fine_sam_scales/stage2/train_fixed_uniform_gates_all_scales_test/checkpoint.pt,permutation_invariant_binary_partition,architexture_binary_v1,0.4057694683584729,0.06002368011965732
fixed_uniform_gates_all_scales,test,121,359,"cluster_0->texture_a,cluster_1->texture_b",0.9366184412929472,0.875162544234268,0.016188884550939253,0.875162544234268,"[""fpn_2"", ""fpn_1"", ""fpn_0""]",fpn_2,"[""fpn_2"", ""fpn_1"", ""fpn_0""]","{""fpn_0"": [256, 288, 288], ""fpn_1"": [256, 144, 144], ""fpn_2"": [256, 72, 72]}","{""fpn_0"": [256, 72, 72], ""fpn_1"": [256, 72, 72], ""fpn_2"": [256, 72, 72]}",72,72,64,32,False,"[0.0, 0.0, 0.0]","{""fpn_0"": 0.3333333432674408, ""fpn_1"": 0.3333333432674408, ""fpn_2"": 0.3333333432674408}","fpn_2=0.333,fpn_1=0.333,fpn_0=0.333",deterministic_kmeans,cosine,2,outputs/rwtd_sam3_auto/coarse_vs_fine_sam_scales/stage2/train_fixed_uniform_gates_all_scales_test/checkpoint.pt,permutation_invariant_binary_partition,architexture_binary_v1,0.9366184412929472,0.875162544234268
fixed_uniform_gates_all_scales,test,122,36,"cluster_0->texture_a,cluster_1->texture_b",0.9417986639515035,0.9111698853027514,0.010140026957454607,0.9111698853027514,"[""fpn_2"", ""fpn_1"", ""fpn_0""]",fpn_2,"[""fpn_2"", ""fpn_1"", ""fpn_0""]","{""fpn_0"": [256, 288, 288], ""fpn_1"": [256, 144, 144], ""fpn_2"": [256, 72, 72]}","{""fpn_0"": [256, 72, 72], ""fpn_1"": [256, 72, 72], ""fpn_2"": [256, 72, 72]}",72,72,64,32,False,"[0.0, 0.0, 0.0]","{""fpn_0"": 0.3333333432674408, ""fpn_1"": 0.3333333432674408, ""fpn_2"": 0.3333333432674408}","fpn_2=0.333,fpn_1=0.333,fpn_0=0.333",deterministic_kmeans,cosine,2,outputs/rwtd_sam3_auto/coarse_vs_fine_sam_scales/stage2/train_fixed_uniform_gates_all_scales_test/checkpoint.pt,permutation_invariant_binary_partition,architexture_binary_v1,0.9417986639515035,0.9111698853027514
fixed_uniform_gates_all_scales,test,123,362,"cluster_1->texture_a,cluster_0->texture_b",0.015693925750465496,0.8801637214313286,0.9400180270263592,0.8801637214313286,"[""fpn_2"", ""fpn_1"", ""fpn_0""]",fpn_2,"[""fpn_2"", ""fpn_1"", ""fpn_0""]","{""fpn_0"": [256, 288, 288], ""fpn_1"": [256, 144, 144], ""fpn_2"": [256, 72, 72]}","{""fpn_0"": [256, 72, 72], ""fpn_1"": [256, 72, 72], ""fpn_2"": [256, 72, 72]}",72,72,64,32,False,"[0.0, 0.0, 0.0]","{""fpn_0"": 0.3333333432674408, ""fpn_1"": 0.3333333432674408, ""fpn_2"": 0.3333333432674408}","fpn_2=0.333,fpn_1=0.333,fpn_0=0.333",deterministic_kmeans,cosine,2,outputs/rwtd_sam3_auto/coarse_vs_fine_sam_scales/stage2/train_fixed_uniform_gates_all_scales_test/checkpoint.pt,permutation_invariant_binary_partition,architexture_binary_v1,0.9400180270263592,0.8801637214313286
fixed_uniform_gates_all_scales,test,124,364,"cluster_1->texture_a,cluster_0->texture_b",0.017372885841000423,0.8641901297972309,0.9217119329114374,0.8641901297972309,"[""fpn_2"", ""fpn_1"", ""fpn_0""]",fpn_2,"[""fpn_2"", ""fpn_1"", ""fpn_0""]","{""fpn_0"": [256, 288, 288], ""fpn_1"": [256, 144, 144], ""fpn_2"": [256, 72, 72]}","{""fpn_0"": [256, 72, 72], ""fpn_1"": [256, 72, 72], ""fpn_2"": [256, 72, 72]}",72,72,64,32,False,"[0.0, 0.0, 0.0]","{""fpn_0"": 0.3333333432674408, ""fpn_1"": 0.3333333432674408, ""fpn_2"": 0.3333333432674408}","fpn_2=0.333,fpn_1=0.333,fpn_0=0.333",deterministic_kmeans,cosine,2,outputs/rwtd_sam3_auto/coarse_vs_fine_sam_scales/stage2/train_fixed_uniform_gates_all_scales_test/checkpoint.pt,permutation_invariant_binary_partition,architexture_binary_v1,0.9217119329114374,0.8641901297972309
fixed_uniform_gates_all_scales,test,125,365,"cluster_0->texture_a,cluster_1->texture_b",0.9178945692239002,0.839615681375046,0.02099703774375839,0.839615681375046,"[""fpn_2"", ""fpn_1"", ""fpn_0""]",fpn_2,"[""fpn_2"", ""fpn_1"", ""fpn_0""]","{""fpn_0"": [256, 288, 288], ""fpn_1"": [256, 144, 144], ""fpn_2"": [256, 72, 72]}","{""fpn_0"": [256, 72, 72], ""fpn_1"": [256, 72, 72], ""fpn_2"": [256, 72, 72]}",72,72,64,32,False,"[0.0, 0.0, 0.0]","{""fpn_0"": 0.3333333432674408, ""fpn_1"": 0.3333333432674408, ""fpn_2"": 0.3333333432674408}","fpn_2=0.333,fpn_1=0.333,fpn_0=0.333",deterministic_kmeans,cosine,2,outputs/rwtd_sam3_auto/coarse_vs_fine_sam_scales/stage2/train_fixed_uniform_gates_all_scales_test/checkpoint.pt,permutation_invariant_binary_partition,architexture_binary_v1,0.9178945692239002,0.839615681375046
fixed_uniform_gates_all_scales,test,126,366,"cluster_0->texture_a,cluster_1->texture_b",0.8493184426321112,0.7010835012637353,0.0413769698067407,0.7010835012637353,"[""fpn_2"", ""fpn_1"", ""fpn_0""]",fpn_2,"[""fpn_2"", ""fpn_1"", ""fpn_0""]","{""fpn_0"": [256, 288, 288], ""fpn_1"": [256, 144, 144], ""fpn_2"": [256, 72, 72]}","{""fpn_0"": [256, 72, 72], ""fpn_1"": [256, 72, 72], ""fpn_2"": [256, 72, 72]}",72,72,64,32,False,"[0.0, 0.0, 0.0]","{""fpn_0"": 0.3333333432674408, ""fpn_1"": 0.3333333432674408, ""fpn_2"": 0.3333333432674408}","fpn_2=0.333,fpn_1=0.333,fpn_0=0.333",deterministic_kmeans,cosine,2,outputs/rwtd_sam3_auto/coarse_vs_fine_sam_scales/stage2/train_fixed_uniform_gates_all_scales_test/checkpoint.pt,permutation_invariant_binary_partition,architexture_binary_v1,0.8493184426321112,0.7010835012637353
fixed_uniform_gates_all_scales,test,127,371,"cluster_0->texture_a,cluster_1->texture_b",0.9346912889167942,0.872705248683372,0.016573100557341527,0.872705248683372,"[""fpn_2"", ""fpn_1"", ""fpn_0""]",fpn_2,"[""fpn_2"", ""fpn_1"", ""fpn_0""]","{""fpn_0"": [256, 288, 288], ""fpn_1"": [256, 144, 144], ""fpn_2"": [256, 72, 72]}","{""fpn_0"": [256, 72, 72], ""fpn_1"": [256, 72, 72], ""fpn_2"": [256, 72, 72]}",72,72,64,32,False,"[0.0, 0.0, 0.0]","{""fpn_0"": 0.3333333432674408, ""fpn_1"": 0.3333333432674408, ""fpn_2"": 0.3333333432674408}","fpn_2=0.333,fpn_1=0.333,fpn_0=0.333",deterministic_kmeans,cosine,2,outputs/rwtd_sam3_auto/coarse_vs_fine_sam_scales/stage2/train_fixed_uniform_gates_all_scales_test/checkpoint.pt,permutation_invariant_binary_partition,architexture_binary_v1,0.9346912889167942,0.872705248683372
fixed_uniform_gates_all_scales,test,128,373,"cluster_0->texture_a,cluster_1->texture_b",0.9441781002801972,0.9121828553240552,0.010359596193638333,0.9121828553240552,"[""fpn_2"", ""fpn_1"", ""fpn_0""]",fpn_2,"[""fpn_2"", ""fpn_1"", ""fpn_0""]","{""fpn_0"": [256, 288, 288], ""fpn_1"": [256, 144, 144], ""fpn_2"": [256, 72, 72]}","{""fpn_0"": [256, 72, 72], ""fpn_1"": [256, 72, 72], ""fpn_2"": [256, 72, 72]}",72,72,64,32,False,"[0.0, 0.0, 0.0]","{""fpn_0"": 0.3333333432674408, ""fpn_1"": 0.3333333432674408, ""fpn_2"": 0.3333333432674408}","fpn_2=0.333,fpn_1=0.333,fpn_0=0.333",deterministic_kmeans,cosine,2,outputs/rwtd_sam3_auto/coarse_vs_fine_sam_scales/stage2/train_fixed_uniform_gates_all_scales_test/checkpoint.pt,permutation_invariant_binary_partition,architexture_binary_v1,0.9441781002801972,0.9121828553240552
fixed_uniform_gates_all_scales,test,129,374,"cluster_0->texture_a,cluster_1->texture_b",0.8825604024176088,0.792427487101159,0.027115016387913315,0.792427487101159,"[""fpn_2"", ""fpn_1"", ""fpn_0""]",fpn_2,"[""fpn_2"", ""fpn_1"", ""fpn_0""]","{""fpn_0"": [256, 288, 288], ""fpn_1"": [256, 144, 144], ""fpn_2"": [256, 72, 72]}","{""fpn_0"": [256, 72, 72], ""fpn_1"": [256, 72, 72], ""fpn_2"": [256, 72, 72]}",72,72,64,32,False,"[0.0, 0.0, 0.0]","{""fpn_0"": 0.3333333432674408, ""fpn_1"": 0.3333333432674408, ""fpn_2"": 0.3333333432674408}","fpn_2=0.333,fpn_1=0.333,fpn_0=0.333",deterministic_kmeans,cosine,2,outputs/rwtd_sam3_auto/coarse_vs_fine_sam_scales/stage2/train_fixed_uniform_gates_all_scales_test/checkpoint.pt,permutation_invariant_binary_partition,architexture_binary_v1,0.8825604024176088,0.792427487101159
fixed_uniform_gates_all_scales,test,130,376,"cluster_0->texture_a,cluster_1->texture_b",0.9628300414572732,0.9323850115327339,0.008513922610354073,0.9323850115327339,"[""fpn_2"", ""fpn_1"", ""fpn_0""]",fpn_2,"[""fpn_2"", ""fpn_1"", ""fpn_0""]","{""fpn_0"": [256, 288, 288], ""fpn_1"": [256, 144, 144], ""fpn_2"": [256, 72, 72]}","{""fpn_0"": [256, 72, 72], ""fpn_1"": [256, 72, 72], ""fpn_2"": [256, 72, 72]}",72,72,64,32,False,"[0.0, 0.0, 0.0]","{""fpn_0"": 0.3333333432674408, ""fpn_1"": 0.3333333432674408, ""fpn_2"": 0.3333333432674408}","fpn_2=0.333,fpn_1=0.333,fpn_0=0.333",deterministic_kmeans,cosine,2,outputs/rwtd_sam3_auto/coarse_vs_fine_sam_scales/stage2/train_fixed_uniform_gates_all_scales_test/checkpoint.pt,permutation_invariant_binary_partition,architexture_binary_v1,0.9628300414572732,0.9323850115327339
fixed_uniform_gates_all_scales,test,131,377,"cluster_1->texture_a,cluster_0->texture_b",0.1433478170760605,0.20712216635110114,0.5546173635362538,0.20712216635110114,"[""fpn_2"", ""fpn_1"", ""fpn_0""]",fpn_2,"[""fpn_2"", ""fpn_1"", ""fpn_0""]","{""fpn_0"": [256, 288, 288], ""fpn_1"": [256, 144, 144], ""fpn_2"": [256, 72, 72]}","{""fpn_0"": [256, 72, 72], ""fpn_1"": [256, 72, 72], ""fpn_2"": [256, 72, 72]}",72,72,64,32,False,"[0.0, 0.0, 0.0]","{""fpn_0"": 0.3333333432674408, ""fpn_1"": 0.3333333432674408, ""fpn_2"": 0.3333333432674408}","fpn_2=0.333,fpn_1=0.333,fpn_0=0.333",deterministic_kmeans,cosine,2,outputs/rwtd_sam3_auto/coarse_vs_fine_sam_scales/stage2/train_fixed_uniform_gates_all_scales_test/checkpoint.pt,permutation_invariant_binary_partition,architexture_binary_v1,0.5546173635362538,0.20712216635110114
fixed_uniform_gates_all_scales,test,132,378,"cluster_0->texture_a,cluster_1->texture_b",0.891728924120764,0.8407584579046888,0.01722052191889261,0.8407584579046888,"[""fpn_2"", ""fpn_1"", ""fpn_0""]",fpn_2,"[""fpn_2"", ""fpn_1"", ""fpn_0""]","{""fpn_0"": [256, 288, 288], ""fpn_1"": [256, 144, 144], ""fpn_2"": [256, 72, 72]}","{""fpn_0"": [256, 72, 72], ""fpn_1"": [256, 72, 72], ""fpn_2"": [256, 72, 72]}",72,72,64,32,False,"[0.0, 0.0, 0.0]","{""fpn_0"": 0.3333333432674408, ""fpn_1"": 0.3333333432674408, ""fpn_2"": 0.3333333432674408}","fpn_2=0.333,fpn_1=0.333,fpn_0=0.333",deterministic_kmeans,cosine,2,outputs/rwtd_sam3_auto/coarse_vs_fine_sam_scales/stage2/train_fixed_uniform_gates_all_scales_test/checkpoint.pt,permutation_invariant_binary_partition,architexture_binary_v1,0.891728924120764,0.8407584579046888
fixed_uniform_gates_all_scales,test,133,380,"cluster_0->texture_a,cluster_1->texture_b",0.8073943757744738,0.6591326032102454,0.04601352044904225,0.6591326032102454,"[""fpn_2"", ""fpn_1"", ""fpn_0""]",fpn_2,"[""fpn_2"", ""fpn_1"", ""fpn_0""]","{""fpn_0"": [256, 288, 288], ""fpn_1"": [256, 144, 144], ""fpn_2"": [256, 72, 72]}","{""fpn_0"": [256, 72, 72], ""fpn_1"": [256, 72, 72], ""fpn_2"": [256, 72, 72]}",72,72,64,32,False,"[0.0, 0.0, 0.0]","{""fpn_0"": 0.3333333432674408, ""fpn_1"": 0.3333333432674408, ""fpn_2"": 0.3333333432674408}","fpn_2=0.333,fpn_1=0.333,fpn_0=0.333",deterministic_kmeans,cosine,2,outputs/rwtd_sam3_auto/coarse_vs_fine_sam_scales/stage2/train_fixed_uniform_gates_all_scales_test/checkpoint.pt,permutation_invariant_binary_partition,architexture_binary_v1,0.8073943757744738,0.6591326032102454
fixed_uniform_gates_all_scales,test,134,383,"cluster_0->texture_a,cluster_1->texture_b",0.9354324518627297,0.8732067754695029,0.01655202148216477,0.8732067754695029,"[""fpn_2"", ""fpn_1"", ""fpn_0""]",fpn_2,"[""fpn_2"", ""fpn_1"", ""fpn_0""]","{""fpn_0"": [256, 288, 288], ""fpn_1"": [256, 144, 144], ""fpn_2"": [256, 72, 72]}","{""fpn_0"": [256, 72, 72], ""fpn_1"": [256, 72, 72], ""fpn_2"": [256, 72, 72]}",72,72,64,32,False,"[0.0, 0.0, 0.0]","{""fpn_0"": 0.3333333432674408, ""fpn_1"": 0.3333333432674408, ""fpn_2"": 0.3333333432674408}","fpn_2=0.333,fpn_1=0.333,fpn_0=0.333",deterministic_kmeans,cosine,2,outputs/rwtd_sam3_auto/coarse_vs_fine_sam_scales/stage2/train_fixed_uniform_gates_all_scales_test/checkpoint.pt,permutation_invariant_binary_partition,architexture_binary_v1,0.9354324518627297,0.8732067754695029
fixed_uniform_gates_all_scales,test,135,387,"cluster_0->texture_a,cluster_1->texture_b",0.7378699909427,0.5422981386005374,0.06431316660744522,0.5422981386005374,"[""fpn_2"", ""fpn_1"", ""fpn_0""]",fpn_2,"[""fpn_2"", ""fpn_1"", ""fpn_0""]","{""fpn_0"": [256, 288, 288], ""fpn_1"": [256, 144, 144], ""fpn_2"": [256, 72, 72]}","{""fpn_0"": [256, 72, 72], ""fpn_1"": [256, 72, 72], ""fpn_2"": [256, 72, 72]}",72,72,64,32,False,"[0.0, 0.0, 0.0]","{""fpn_0"": 0.3333333432674408, ""fpn_1"": 0.3333333432674408, ""fpn_2"": 0.3333333432674408}","fpn_2=0.333,fpn_1=0.333,fpn_0=0.333",deterministic_kmeans,cosine,2,outputs/rwtd_sam3_auto/coarse_vs_fine_sam_scales/stage2/train_fixed_uniform_gates_all_scales_test/checkpoint.pt,permutation_invariant_binary_partition,architexture_binary_v1,0.7378699909427,0.5422981386005374
fixed_uniform_gates_all_scales,test,136,389,"cluster_0->texture_a,cluster_1->texture_b",0.9369850801235153,0.8757924053022179,0.016194053420607847,0.8757924053022179,"[""fpn_2"", ""fpn_1"", ""fpn_0""]",fpn_2,"[""fpn_2"", ""fpn_1"", ""fpn_0""]","{""fpn_0"": [256, 288, 288], ""fpn_1"": [256, 144, 144], ""fpn_2"": [256, 72, 72]}","{""fpn_0"": [256, 72, 72], ""fpn_1"": [256, 72, 72], ""fpn_2"": [256, 72, 72]}",72,72,64,32,False,"[0.0, 0.0, 0.0]","{""fpn_0"": 0.3333333432674408, ""fpn_1"": 0.3333333432674408, ""fpn_2"": 0.3333333432674408}","fpn_2=0.333,fpn_1=0.333,fpn_0=0.333",deterministic_kmeans,cosine,2,outputs/rwtd_sam3_auto/coarse_vs_fine_sam_scales/stage2/train_fixed_uniform_gates_all_scales_test/checkpoint.pt,permutation_invariant_binary_partition,architexture_binary_v1,0.9369850801235153,0.8757924053022179
fixed_uniform_gates_all_scales,test,137,39,"cluster_0->texture_a,cluster_1->texture_b",0.8123545025494522,0.6671105459436186,0.04554493269615925,0.6671105459436186,"[""fpn_2"", ""fpn_1"", ""fpn_0""]",fpn_2,"[""fpn_2"", ""fpn_1"", ""fpn_0""]","{""fpn_0"": [256, 288, 288], ""fpn_1"": [256, 144, 144], ""fpn_2"": [256, 72, 72]}","{""fpn_0"": [256, 72, 72], ""fpn_1"": [256, 72, 72], ""fpn_2"": [256, 72, 72]}",72,72,64,32,False,"[0.0, 0.0, 0.0]","{""fpn_0"": 0.3333333432674408, ""fpn_1"": 0.3333333432674408, ""fpn_2"": 0.3333333432674408}","fpn_2=0.333,fpn_1=0.333,fpn_0=0.333",deterministic_kmeans,cosine,2,outputs/rwtd_sam3_auto/coarse_vs_fine_sam_scales/stage2/train_fixed_uniform_gates_all_scales_test/checkpoint.pt,permutation_invariant_binary_partition,architexture_binary_v1,0.8123545025494522,0.6671105459436186
fixed_uniform_gates_all_scales,test,138,391,"cluster_1->texture_a,cluster_0->texture_b",0.012050744362696358,0.8964918597131468,0.9331592565343749,0.8964918597131468,"[""fpn_2"", ""fpn_1"", ""fpn_0""]",fpn_2,"[""fpn_2"", ""fpn_1"", ""fpn_0""]","{""fpn_0"": [256, 288, 288], ""fpn_1"": [256, 144, 144], ""fpn_2"": [256, 72, 72]}","{""fpn_0"": [256, 72, 72], ""fpn_1"": [256, 72, 72], ""fpn_2"": [256, 72, 72]}",72,72,64,32,False,"[0.0, 0.0, 0.0]","{""fpn_0"": 0.3333333432674408, ""fpn_1"": 0.3333333432674408, ""fpn_2"": 0.3333333432674408}","fpn_2=0.333,fpn_1=0.333,fpn_0=0.333",deterministic_kmeans,cosine,2,outputs/rwtd_sam3_auto/coarse_vs_fine_sam_scales/stage2/train_fixed_uniform_gates_all_scales_test/checkpoint.pt,permutation_invariant_binary_partition,architexture_binary_v1,0.9331592565343749,0.8964918597131468
fixed_uniform_gates_all_scales,test,139,392,"cluster_0->texture_a,cluster_1->texture_b",0.9398462496599682,0.8799345989075453,0.015667376149800665,0.8799345989075453,"[""fpn_2"", ""fpn_1"", ""fpn_0""]",fpn_2,"[""fpn_2"", ""fpn_1"", ""fpn_0""]","{""fpn_0"": [256, 288, 288], ""fpn_1"": [256, 144, 144], ""fpn_2"": [256, 72, 72]}","{""fpn_0"": [256, 72, 72], ""fpn_1"": [256, 72, 72], ""fpn_2"": [256, 72, 72]}",72,72,64,32,False,"[0.0, 0.0, 0.0]","{""fpn_0"": 0.3333333432674408, ""fpn_1"": 0.3333333432674408, ""fpn_2"": 0.3333333432674408}","fpn_2=0.333,fpn_1=0.333,fpn_0=0.333",deterministic_kmeans,cosine,2,outputs/rwtd_sam3_auto/coarse_vs_fine_sam_scales/stage2/train_fixed_uniform_gates_all_scales_test/checkpoint.pt,permutation_invariant_binary_partition,architexture_binary_v1,0.9398462496599682,0.8799345989075453
fixed_uniform_gates_all_scales,test,140,393,"cluster_0->texture_a,cluster_1->texture_b",0.9199618049740264,0.849321998831641,0.01967315223803419,0.849321998831641,"[""fpn_2"", ""fpn_1"", ""fpn_0""]",fpn_2,"[""fpn_2"", ""fpn_1"", ""fpn_0""]","{""fpn_0"": [256, 288, 288], ""fpn_1"": [256, 144, 144], ""fpn_2"": [256, 72, 72]}","{""fpn_0"": [256, 72, 72], ""fpn_1"": [256, 72, 72], ""fpn_2"": [256, 72, 72]}",72,72,64,32,False,"[0.0, 0.0, 0.0]","{""fpn_0"": 0.3333333432674408, ""fpn_1"": 0.3333333432674408, ""fpn_2"": 0.3333333432674408}","fpn_2=0.333,fpn_1=0.333,fpn_0=0.333",deterministic_kmeans,cosine,2,outputs/rwtd_sam3_auto/coarse_vs_fine_sam_scales/stage2/train_fixed_uniform_gates_all_scales_test/checkpoint.pt,permutation_invariant_binary_partition,architexture_binary_v1,0.9199618049740264,0.849321998831641
fixed_uniform_gates_all_scales,test,141,394,"cluster_0->texture_a,cluster_1->texture_b",0.9440172723449356,0.8903927195034363,0.014192672274332224,0.8903927195034363,"[""fpn_2"", ""fpn_1"", ""fpn_0""]",fpn_2,"[""fpn_2"", ""fpn_1"", ""fpn_0""]","{""fpn_0"": [256, 288, 288], ""fpn_1"": [256, 144, 144], ""fpn_2"": [256, 72, 72]}","{""fpn_0"": [256, 72, 72], ""fpn_1"": [256, 72, 72], ""fpn_2"": [256, 72, 72]}",72,72,64,32,False,"[0.0, 0.0, 0.0]","{""fpn_0"": 0.3333333432674408, ""fpn_1"": 0.3333333432674408, ""fpn_2"": 0.3333333432674408}","fpn_2=0.333,fpn_1=0.333,fpn_0=0.333",deterministic_kmeans,cosine,2,outputs/rwtd_sam3_auto/coarse_vs_fine_sam_scales/stage2/train_fixed_uniform_gates_all_scales_test/checkpoint.pt,permutation_invariant_binary_partition,architexture_binary_v1,0.9440172723449356,0.8903927195034363
fixed_uniform_gates_all_scales,test,142,395,"cluster_0->texture_a,cluster_1->texture_b",0.9329177073646122,0.8723241644306157,0.016566724407114323,0.8723241644306157,"[""fpn_2"", ""fpn_1"", ""fpn_0""]",fpn_2,"[""fpn_2"", ""fpn_1"", ""fpn_0""]","{""fpn_0"": [256, 288, 288], ""fpn_1"": [256, 144, 144], ""fpn_2"": [256, 72, 72]}","{""fpn_0"": [256, 72, 72], ""fpn_1"": [256, 72, 72], ""fpn_2"": [256, 72, 72]}",72,72,64,32,False,"[0.0, 0.0, 0.0]","{""fpn_0"": 0.3333333432674408, ""fpn_1"": 0.3333333432674408, ""fpn_2"": 0.3333333432674408}","fpn_2=0.333,fpn_1=0.333,fpn_0=0.333",deterministic_kmeans,cosine,2,outputs/rwtd_sam3_auto/coarse_vs_fine_sam_scales/stage2/train_fixed_uniform_gates_all_scales_test/checkpoint.pt,permutation_invariant_binary_partition,architexture_binary_v1,0.9329177073646122,0.8723241644306157
fixed_uniform_gates_all_scales,test,143,398,"cluster_1->texture_a,cluster_0->texture_b",0.01928368979649593,0.8291664097006779,0.8870679735623079,0.8291664097006779,"[""fpn_2"", ""fpn_1"", ""fpn_0""]",fpn_2,"[""fpn_2"", ""fpn_1"", ""fpn_0""]","{""fpn_0"": [256, 288, 288], ""fpn_1"": [256, 144, 144], ""fpn_2"": [256, 72, 72]}","{""fpn_0"": [256, 72, 72], ""fpn_1"": [256, 72, 72], ""fpn_2"": [256, 72, 72]}",72,72,64,32,False,"[0.0, 0.0, 0.0]","{""fpn_0"": 0.3333333432674408, ""fpn_1"": 0.3333333432674408, ""fpn_2"": 0.3333333432674408}","fpn_2=0.333,fpn_1=0.333,fpn_0=0.333",deterministic_kmeans,cosine,2,outputs/rwtd_sam3_auto/coarse_vs_fine_sam_scales/stage2/train_fixed_uniform_gates_all_scales_test/checkpoint.pt,permutation_invariant_binary_partition,architexture_binary_v1,0.8870679735623079,0.8291664097006779
fixed_uniform_gates_all_scales,test,144,4,"cluster_1->texture_a,cluster_0->texture_b",0.010156662744784335,0.9085010284158649,0.9386516280094233,0.9085010284158649,"[""fpn_2"", ""fpn_1"", ""fpn_0""]",fpn_2,"[""fpn_2"", ""fpn_1"", ""fpn_0""]","{""fpn_0"": [256, 288, 288], ""fpn_1"": [256, 144, 144], ""fpn_2"": [256, 72, 72]}","{""fpn_0"": [256, 72, 72], ""fpn_1"": [256, 72, 72], ""fpn_2"": [256, 72, 72]}",72,72,64,32,False,"[0.0, 0.0, 0.0]","{""fpn_0"": 0.3333333432674408, ""fpn_1"": 0.3333333432674408, ""fpn_2"": 0.3333333432674408}","fpn_2=0.333,fpn_1=0.333,fpn_0=0.333",deterministic_kmeans,cosine,2,outputs/rwtd_sam3_auto/coarse_vs_fine_sam_scales/stage2/train_fixed_uniform_gates_all_scales_test/checkpoint.pt,permutation_invariant_binary_partition,architexture_binary_v1,0.9386516280094233,0.9085010284158649
fixed_uniform_gates_all_scales,test,145,40,"cluster_0->texture_a,cluster_1->texture_b",0.894461125407435,0.8343301900750263,0.019763101962139405,0.8343301900750263,"[""fpn_2"", ""fpn_1"", ""fpn_0""]",fpn_2,"[""fpn_2"", ""fpn_1"", ""fpn_0""]","{""fpn_0"": [256, 288, 288], ""fpn_1"": [256, 144, 144], ""fpn_2"": [256, 72, 72]}","{""fpn_0"": [256, 72, 72], ""fpn_1"": [256, 72, 72], ""fpn_2"": [256, 72, 72]}",72,72,64,32,False,"[0.0, 0.0, 0.0]","{""fpn_0"": 0.3333333432674408, ""fpn_1"": 0.3333333432674408, ""fpn_2"": 0.3333333432674408}","fpn_2=0.333,fpn_1=0.333,fpn_0=0.333",deterministic_kmeans,cosine,2,outputs/rwtd_sam3_auto/coarse_vs_fine_sam_scales/stage2/train_fixed_uniform_gates_all_scales_test/checkpoint.pt,permutation_invariant_binary_partition,architexture_binary_v1,0.894461125407435,0.8343301900750263
fixed_uniform_gates_all_scales,test,146,400,"cluster_1->texture_a,cluster_0->texture_b",0.016779629599179134,0.8719703234495787,0.9350841383389683,0.8719703234495787,"[""fpn_2"", ""fpn_1"", ""fpn_0""]",fpn_2,"[""fpn_2"", ""fpn_1"", ""fpn_0""]","{""fpn_0"": [256, 288, 288], ""fpn_1"": [256, 144, 144], ""fpn_2"": [256, 72, 72]}","{""fpn_0"": [256, 72, 72], ""fpn_1"": [256, 72, 72], ""fpn_2"": [256, 72, 72]}",72,72,64,32,False,"[0.0, 0.0, 0.0]","{""fpn_0"": 0.3333333432674408, ""fpn_1"": 0.3333333432674408, ""fpn_2"": 0.3333333432674408}","fpn_2=0.333,fpn_1=0.333,fpn_0=0.333",deterministic_kmeans,cosine,2,outputs/rwtd_sam3_auto/coarse_vs_fine_sam_scales/stage2/train_fixed_uniform_gates_all_scales_test/checkpoint.pt,permutation_invariant_binary_partition,architexture_binary_v1,0.9350841383389683,0.8719703234495787
fixed_uniform_gates_all_scales,test,147,403,"cluster_0->texture_a,cluster_1->texture_b",0.8589571951878265,0.7875230313749797,0.02348547714945139,0.7875230313749797,"[""fpn_2"", ""fpn_1"", ""fpn_0""]",fpn_2,"[""fpn_2"", ""fpn_1"", ""fpn_0""]","{""fpn_0"": [256, 288, 288], ""fpn_1"": [256, 144, 144], ""fpn_2"": [256, 72, 72]}","{""fpn_0"": [256, 72, 72], ""fpn_1"": [256, 72, 72], ""fpn_2"": [256, 72, 72]}",72,72,64,32,False,"[0.0, 0.0, 0.0]","{""fpn_0"": 0.3333333432674408, ""fpn_1"": 0.3333333432674408, ""fpn_2"": 0.3333333432674408}","fpn_2=0.333,fpn_1=0.333,fpn_0=0.333",deterministic_kmeans,cosine,2,outputs/rwtd_sam3_auto/coarse_vs_fine_sam_scales/stage2/train_fixed_uniform_gates_all_scales_test/checkpoint.pt,permutation_invariant_binary_partition,architexture_binary_v1,0.8589571951878265,0.7875230313749797
fixed_uniform_gates_all_scales,test,148,408,"cluster_0->texture_a,cluster_1->texture_b",0.8817927166808772,0.7646070040153423,0.032396128581845374,0.7646070040153423,"[""fpn_2"", ""fpn_1"", ""fpn_0""]",fpn_2,"[""fpn_2"", ""fpn_1"", ""fpn_0""]","{""fpn_0"": [256, 288, 288], ""fpn_1"": [256, 144, 144], ""fpn_2"": [256, 72, 72]}","{""fpn_0"": [256, 72, 72], ""fpn_1"": [256, 72, 72], ""fpn_2"": [256, 72, 72]}",72,72,64,32,False,"[0.0, 0.0, 0.0]","{""fpn_0"": 0.3333333432674408, ""fpn_1"": 0.3333333432674408, ""fpn_2"": 0.3333333432674408}","fpn_2=0.333,fpn_1=0.333,fpn_0=0.333",deterministic_kmeans,cosine,2,outputs/rwtd_sam3_auto/coarse_vs_fine_sam_scales/stage2/train_fixed_uniform_gates_all_scales_test/checkpoint.pt,permutation_invariant_binary_partition,architexture_binary_v1,0.8817927166808772,0.7646070040153423
fixed_uniform_gates_all_scales,test,149,41,"cluster_1->texture_a,cluster_0->texture_b",0.041182178627672206,0.6993486837087879,0.8274614361911121,0.6993486837087879,"[""fpn_2"", ""fpn_1"", ""fpn_0""]",fpn_2,"[""fpn_2"", ""fpn_1"", ""fpn_0""]","{""fpn_0"": [256, 288, 288], ""fpn_1"": [256, 144, 144], ""fpn_2"": [256, 72, 72]}","{""fpn_0"": [256, 72, 72], ""fpn_1"": [256, 72, 72], ""fpn_2"": [256, 72, 72]}",72,72,64,32,False,"[0.0, 0.0, 0.0]","{""fpn_0"": 0.3333333432674408, ""fpn_1"": 0.3333333432674408, ""fpn_2"": 0.3333333432674408}","fpn_2=0.333,fpn_1=0.333,fpn_0=0.333",deterministic_kmeans,cosine,2,outputs/rwtd_sam3_auto/coarse_vs_fine_sam_scales/stage2/train_fixed_uniform_gates_all_scales_test/checkpoint.pt,permutation_invariant_binary_partition,architexture_binary_v1,0.8274614361911121,0.6993486837087879
fixed_uniform_gates_all_scales,test,150,410,"cluster_0->texture_a,cluster_1->texture_b",0.938779797775082,0.884572934437584,0.014925645664942411,0.884572934437584,"[""fpn_2"", ""fpn_1"", ""fpn_0""]",fpn_2,"[""fpn_2"", ""fpn_1"", ""fpn_0""]","{""fpn_0"": [256, 288, 288], ""fpn_1"": [256, 144, 144], ""fpn_2"": [256, 72, 72]}","{""fpn_0"": [256, 72, 72], ""fpn_1"": [256, 72, 72], ""fpn_2"": [256, 72, 72]}",72,72,64,32,False,"[0.0, 0.0, 0.0]","{""fpn_0"": 0.3333333432674408, ""fpn_1"": 0.3333333432674408, ""fpn_2"": 0.3333333432674408}","fpn_2=0.333,fpn_1=0.333,fpn_0=0.333",deterministic_kmeans,cosine,2,outputs/rwtd_sam3_auto/coarse_vs_fine_sam_scales/stage2/train_fixed_uniform_gates_all_scales_test/checkpoint.pt,permutation_invariant_binary_partition,architexture_binary_v1,0.938779797775082,0.884572934437584
fixed_uniform_gates_all_scales,test,151,411,"cluster_1->texture_a,cluster_0->texture_b",0.015738991624621935,0.8778293432152856,0.9315421650360267,0.8778293432152856,"[""fpn_2"", ""fpn_1"", ""fpn_0""]",fpn_2,"[""fpn_2"", ""fpn_1"", ""fpn_0""]","{""fpn_0"": [256, 288, 288], ""fpn_1"": [256, 144, 144], ""fpn_2"": [256, 72, 72]}","{""fpn_0"": [256, 72, 72], ""fpn_1"": [256, 72, 72], ""fpn_2"": [256, 72, 72]}",72,72,64,32,False,"[0.0, 0.0, 0.0]","{""fpn_0"": 0.3333333432674408, ""fpn_1"": 0.3333333432674408, ""fpn_2"": 0.3333333432674408}","fpn_2=0.333,fpn_1=0.333,fpn_0=0.333",deterministic_kmeans,cosine,2,outputs/rwtd_sam3_auto/coarse_vs_fine_sam_scales/stage2/train_fixed_uniform_gates_all_scales_test/checkpoint.pt,permutation_invariant_binary_partition,architexture_binary_v1,0.9315421650360267,0.8778293432152856
fixed_uniform_gates_all_scales,test,152,412,"cluster_0->texture_a,cluster_1->texture_b",0.9355656520661035,0.8943203699240544,0.01292915641083179,0.8943203699240544,"[""fpn_2"", ""fpn_1"", ""fpn_0""]",fpn_2,"[""fpn_2"", ""fpn_1"", ""fpn_0""]","{""fpn_0"": [256, 288, 288], ""fpn_1"": [256, 144, 144], ""fpn_2"": [256, 72, 72]}","{""fpn_0"": [256, 72, 72], ""fpn_1"": [256, 72, 72], ""fpn_2"": [256, 72, 72]}",72,72,64,32,False,"[0.0, 0.0, 0.0]","{""fpn_0"": 0.3333333432674408, ""fpn_1"": 0.3333333432674408, ""fpn_2"": 0.3333333432674408}","fpn_2=0.333,fpn_1=0.333,fpn_0=0.333",deterministic_kmeans,cosine,2,outputs/rwtd_sam3_auto/coarse_vs_fine_sam_scales/stage2/train_fixed_uniform_gates_all_scales_test/checkpoint.pt,permutation_invariant_binary_partition,architexture_binary_v1,0.9355656520661035,0.8943203699240544
fixed_uniform_gates_all_scales,test,153,414,"cluster_0->texture_a,cluster_1->texture_b",0.9606197234152436,0.9246971389113279,0.009658924512409383,0.9246971389113279,"[""fpn_2"", ""fpn_1"", ""fpn_0""]",fpn_2,"[""fpn_2"", ""fpn_1"", ""fpn_0""]","{""fpn_0"": [256, 288, 288], ""fpn_1"": [256, 144, 144], ""fpn_2"": [256, 72, 72]}","{""fpn_0"": [256, 72, 72], ""fpn_1"": [256, 72, 72], ""fpn_2"": [256, 72, 72]}",72,72,64,32,False,"[0.0, 0.0, 0.0]","{""fpn_0"": 0.3333333432674408, ""fpn_1"": 0.3333333432674408, ""fpn_2"": 0.3333333432674408}","fpn_2=0.333,fpn_1=0.333,fpn_0=0.333",deterministic_kmeans,cosine,2,outputs/rwtd_sam3_auto/coarse_vs_fine_sam_scales/stage2/train_fixed_uniform_gates_all_scales_test/checkpoint.pt,permutation_invariant_binary_partition,architexture_binary_v1,0.9606197234152436,0.9246971389113279
fixed_uniform_gates_all_scales,test,154,416,"cluster_0->texture_a,cluster_1->texture_b",0.9174533984480555,0.8436425042589651,0.020565289888004545,0.8436425042589651,"[""fpn_2"", ""fpn_1"", ""fpn_0""]",fpn_2,"[""fpn_2"", ""fpn_1"", ""fpn_0""]","{""fpn_0"": [256, 288, 288], ""fpn_1"": [256, 144, 144], ""fpn_2"": [256, 72, 72]}","{""fpn_0"": [256, 72, 72], ""fpn_1"": [256, 72, 72], ""fpn_2"": [256, 72, 72]}",72,72,64,32,False,"[0.0, 0.0, 0.0]","{""fpn_0"": 0.3333333432674408, ""fpn_1"": 0.3333333432674408, ""fpn_2"": 0.3333333432674408}","fpn_2=0.333,fpn_1=0.333,fpn_0=0.333",deterministic_kmeans,cosine,2,outputs/rwtd_sam3_auto/coarse_vs_fine_sam_scales/stage2/train_fixed_uniform_gates_all_scales_test/checkpoint.pt,permutation_invariant_binary_partition,architexture_binary_v1,0.9174533984480555,0.8436425042589651
fixed_uniform_gates_all_scales,test,155,417,"cluster_0->texture_a,cluster_1->texture_b",0.9242653562389154,0.8507800304498212,0.019551093175072247,0.8507800304498212,"[""fpn_2"", ""fpn_1"", ""fpn_0""]",fpn_2,"[""fpn_2"", ""fpn_1"", ""fpn_0""]","{""fpn_0"": [256, 288, 288], ""fpn_1"": [256, 144, 144], ""fpn_2"": [256, 72, 72]}","{""fpn_0"": [256, 72, 72], ""fpn_1"": [256, 72, 72], ""fpn_2"": [256, 72, 72]}",72,72,64,32,False,"[0.0, 0.0, 0.0]","{""fpn_0"": 0.3333333432674408, ""fpn_1"": 0.3333333432674408, ""fpn_2"": 0.3333333432674408}","fpn_2=0.333,fpn_1=0.333,fpn_0=0.333",deterministic_kmeans,cosine,2,outputs/rwtd_sam3_auto/coarse_vs_fine_sam_scales/stage2/train_fixed_uniform_gates_all_scales_test/checkpoint.pt,permutation_invariant_binary_partition,architexture_binary_v1,0.9242653562389154,0.8507800304498212
fixed_uniform_gates_all_scales,test,156,418,"cluster_0->texture_a,cluster_1->texture_b",0.8869484553271177,0.8271458077048283,0.019889447504141032,0.8271458077048283,"[""fpn_2"", ""fpn_1"", ""fpn_0""]",fpn_2,"[""fpn_2"", ""fpn_1"", ""fpn_0""]","{""fpn_0"": [256, 288, 288], ""fpn_1"": [256, 144, 144], ""fpn_2"": [256, 72, 72]}","{""fpn_0"": [256, 72, 72], ""fpn_1"": [256, 72, 72], ""fpn_2"": [256, 72, 72]}",72,72,64,32,False,"[0.0, 0.0, 0.0]","{""fpn_0"": 0.3333333432674408, ""fpn_1"": 0.3333333432674408, ""fpn_2"": 0.3333333432674408}","fpn_2=0.333,fpn_1=0.333,fpn_0=0.333",deterministic_kmeans,cosine,2,outputs/rwtd_sam3_auto/coarse_vs_fine_sam_scales/stage2/train_fixed_uniform_gates_all_scales_test/checkpoint.pt,permutation_invariant_binary_partition,architexture_binary_v1,0.8869484553271177,0.8271458077048283
fixed_uniform_gates_all_scales,test,157,422,"cluster_1->texture_a,cluster_0->texture_b",0.00572967529296875,0.9546871725870089,0.9773407915167183,0.9546871725870089,"[""fpn_2"", ""fpn_1"", ""fpn_0""]",fpn_2,"[""fpn_2"", ""fpn_1"", ""fpn_0""]","{""fpn_0"": [256, 288, 288], ""fpn_1"": [256, 144, 144], ""fpn_2"": [256, 72, 72]}","{""fpn_0"": [256, 72, 72], ""fpn_1"": [256, 72, 72], ""fpn_2"": [256, 72, 72]}",72,72,64,32,False,"[0.0, 0.0, 0.0]","{""fpn_0"": 0.3333333432674408, ""fpn_1"": 0.3333333432674408, ""fpn_2"": 0.3333333432674408}","fpn_2=0.333,fpn_1=0.333,fpn_0=0.333",deterministic_kmeans,cosine,2,outputs/rwtd_sam3_auto/coarse_vs_fine_sam_scales/stage2/train_fixed_uniform_gates_all_scales_test/checkpoint.pt,permutation_invariant_binary_partition,architexture_binary_v1,0.9773407915167183,0.9546871725870089
fixed_uniform_gates_all_scales,test,158,423,"cluster_0->texture_a,cluster_1->texture_b",0.9717518642457514,0.9483169415500942,0.006527299895241857,0.9483169415500942,"[""fpn_2"", ""fpn_1"", ""fpn_0""]",fpn_2,"[""fpn_2"", ""fpn_1"", ""fpn_0""]","{""fpn_0"": [256, 288, 288], ""fpn_1"": [256, 144, 144], ""fpn_2"": [256, 72, 72]}","{""fpn_0"": [256, 72, 72], ""fpn_1"": [256, 72, 72], ""fpn_2"": [256, 72, 72]}",72,72,64,32,False,"[0.0, 0.0, 0.0]","{""fpn_0"": 0.3333333432674408, ""fpn_1"": 0.3333333432674408, ""fpn_2"": 0.3333333432674408}","fpn_2=0.333,fpn_1=0.333,fpn_0=0.333",deterministic_kmeans,cosine,2,outputs/rwtd_sam3_auto/coarse_vs_fine_sam_scales/stage2/train_fixed_uniform_gates_all_scales_test/checkpoint.pt,permutation_invariant_binary_partition,architexture_binary_v1,0.9717518642457514,0.9483169415500942
fixed_uniform_gates_all_scales,test,159,424,"cluster_0->texture_a,cluster_1->texture_b",0.9461077017072586,0.8968586849316551,0.013242316143705872,0.8968586849316551,"[""fpn_2"", ""fpn_1"", ""fpn_0""]",fpn_2,"[""fpn_2"", ""fpn_1"", ""fpn_0""]","{""fpn_0"": [256, 288, 288], ""fpn_1"": [256, 144, 144], ""fpn_2"": [256, 72, 72]}","{""fpn_0"": [256, 72, 72], ""fpn_1"": [256, 72, 72], ""fpn_2"": [256, 72, 72]}",72,72,64,32,False,"[0.0, 0.0, 0.0]","{""fpn_0"": 0.3333333432674408, ""fpn_1"": 0.3333333432674408, ""fpn_2"": 0.3333333432674408}","fpn_2=0.333,fpn_1=0.333,fpn_0=0.333",deterministic_kmeans,cosine,2,outputs/rwtd_sam3_auto/coarse_vs_fine_sam_scales/stage2/train_fixed_uniform_gates_all_scales_test/checkpoint.pt,permutation_invariant_binary_partition,architexture_binary_v1,0.9461077017072586,0.8968586849316551
fixed_uniform_gates_all_scales,test,160,425,"cluster_1->texture_a,cluster_0->texture_b",0.01561429341593782,0.880022007700916,0.9356353983526636,0.880022007700916,"[""fpn_2"", ""fpn_1"", ""fpn_0""]",fpn_2,"[""fpn_2"", ""fpn_1"", ""fpn_0""]","{""fpn_0"": [256, 288, 288], ""fpn_1"": [256, 144, 144], ""fpn_2"": [256, 72, 72]}","{""fpn_0"": [256, 72, 72], ""fpn_1"": [256, 72, 72], ""fpn_2"": [256, 72, 72]}",72,72,64,32,False,"[0.0, 0.0, 0.0]","{""fpn_0"": 0.3333333432674408, ""fpn_1"": 0.3333333432674408, ""fpn_2"": 0.3333333432674408}","fpn_2=0.333,fpn_1=0.333,fpn_0=0.333",deterministic_kmeans,cosine,2,outputs/rwtd_sam3_auto/coarse_vs_fine_sam_scales/stage2/train_fixed_uniform_gates_all_scales_test/checkpoint.pt,permutation_invariant_binary_partition,architexture_binary_v1,0.9356353983526636,0.880022007700916
fixed_uniform_gates_all_scales,test,161,426,"cluster_1->texture_a,cluster_0->texture_b",0.010196593386725041,0.9200800064711891,0.9562162716830229,0.9200800064711891,"[""fpn_2"", ""fpn_1"", ""fpn_0""]",fpn_2,"[""fpn_2"", ""fpn_1"", ""fpn_0""]","{""fpn_0"": [256, 288, 288], ""fpn_1"": [256, 144, 144], ""fpn_2"": [256, 72, 72]}","{""fpn_0"": [256, 72, 72], ""fpn_1"": [256, 72, 72], ""fpn_2"": [256, 72, 72]}",72,72,64,32,False,"[0.0, 0.0, 0.0]","{""fpn_0"": 0.3333333432674408, ""fpn_1"": 0.3333333432674408, ""fpn_2"": 0.3333333432674408}","fpn_2=0.333,fpn_1=0.333,fpn_0=0.333",deterministic_kmeans,cosine,2,outputs/rwtd_sam3_auto/coarse_vs_fine_sam_scales/stage2/train_fixed_uniform_gates_all_scales_test/checkpoint.pt,permutation_invariant_binary_partition,architexture_binary_v1,0.9562162716830229,0.9200800064711891
fixed_uniform_gates_all_scales,test,162,428,"cluster_0->texture_a,cluster_1->texture_b",0.8709340439720064,0.7491736456808069,0.03366640948538888,0.7491736456808069,"[""fpn_2"", ""fpn_1"", ""fpn_0""]",fpn_2,"[""fpn_2"", ""fpn_1"", ""fpn_0""]","{""fpn_0"": [256, 288, 288], ""fpn_1"": [256, 144, 144], ""fpn_2"": [256, 72, 72]}","{""fpn_0"": [256, 72, 72], ""fpn_1"": [256, 72, 72], ""fpn_2"": [256, 72, 72]}",72,72,64,32,False,"[0.0, 0.0, 0.0]","{""fpn_0"": 0.3333333432674408, ""fpn_1"": 0.3333333432674408, ""fpn_2"": 0.3333333432674408}","fpn_2=0.333,fpn_1=0.333,fpn_0=0.333",deterministic_kmeans,cosine,2,outputs/rwtd_sam3_auto/coarse_vs_fine_sam_scales/stage2/train_fixed_uniform_gates_all_scales_test/checkpoint.pt,permutation_invariant_binary_partition,architexture_binary_v1,0.8709340439720064,0.7491736456808069
fixed_uniform_gates_all_scales,test,163,429,"cluster_0->texture_a,cluster_1->texture_b",0.9058996258298857,0.8153222295164773,0.024620329661435326,0.8153222295164773,"[""fpn_2"", ""fpn_1"", ""fpn_0""]",fpn_2,"[""fpn_2"", ""fpn_1"", ""fpn_0""]","{""fpn_0"": [256, 288, 288], ""fpn_1"": [256, 144, 144], ""fpn_2"": [256, 72, 72]}","{""fpn_0"": [256, 72, 72], ""fpn_1"": [256, 72, 72], ""fpn_2"": [256, 72, 72]}",72,72,64,32,False,"[0.0, 0.0, 0.0]","{""fpn_0"": 0.3333333432674408, ""fpn_1"": 0.3333333432674408, ""fpn_2"": 0.3333333432674408}","fpn_2=0.333,fpn_1=0.333,fpn_0=0.333",deterministic_kmeans,cosine,2,outputs/rwtd_sam3_auto/coarse_vs_fine_sam_scales/stage2/train_fixed_uniform_gates_all_scales_test/checkpoint.pt,permutation_invariant_binary_partition,architexture_binary_v1,0.9058996258298857,0.8153222295164773
fixed_uniform_gates_all_scales,test,164,431,"cluster_0->texture_a,cluster_1->texture_b",0.8284801109355426,0.6815148678116217,0.04338667398894363,0.6815148678116217,"[""fpn_2"", ""fpn_1"", ""fpn_0""]",fpn_2,"[""fpn_2"", ""fpn_1"", ""fpn_0""]","{""fpn_0"": [256, 288, 288], ""fpn_1"": [256, 144, 144], ""fpn_2"": [256, 72, 72]}","{""fpn_0"": [256, 72, 72], ""fpn_1"": [256, 72, 72], ""fpn_2"": [256, 72, 72]}",72,72,64,32,False,"[0.0, 0.0, 0.0]","{""fpn_0"": 0.3333333432674408, ""fpn_1"": 0.3333333432674408, ""fpn_2"": 0.3333333432674408}","fpn_2=0.333,fpn_1=0.333,fpn_0=0.333",deterministic_kmeans,cosine,2,outputs/rwtd_sam3_auto/coarse_vs_fine_sam_scales/stage2/train_fixed_uniform_gates_all_scales_test/checkpoint.pt,permutation_invariant_binary_partition,architexture_binary_v1,0.8284801109355426,0.6815148678116217
fixed_uniform_gates_all_scales,test,165,432,"cluster_0->texture_a,cluster_1->texture_b",0.8856737019740872,0.7953597373711895,0.02678078837086013,0.7953597373711895,"[""fpn_2"", ""fpn_1"", ""fpn_0""]",fpn_2,"[""fpn_2"", ""fpn_1"", ""fpn_0""]","{""fpn_0"": [256, 288, 288], ""fpn_1"": [256, 144, 144], ""fpn_2"": [256, 72, 72]}","{""fpn_0"": [256, 72, 72], ""fpn_1"": [256, 72, 72], ""fpn_2"": [256, 72, 72]}",72,72,64,32,False,"[0.0, 0.0, 0.0]","{""fpn_0"": 0.3333333432674408, ""fpn_1"": 0.3333333432674408, ""fpn_2"": 0.3333333432674408}","fpn_2=0.333,fpn_1=0.333,fpn_0=0.333",deterministic_kmeans,cosine,2,outputs/rwtd_sam3_auto/coarse_vs_fine_sam_scales/stage2/train_fixed_uniform_gates_all_scales_test/checkpoint.pt,permutation_invariant_binary_partition,architexture_binary_v1,0.8856737019740872,0.7953597373711895
fixed_uniform_gates_all_scales,test,166,434,"cluster_0->texture_a,cluster_1->texture_b",0.9487908891627749,0.8991380862198907,0.013048928068756346,0.8991380862198907,"[""fpn_2"", ""fpn_1"", ""fpn_0""]",fpn_2,"[""fpn_2"", ""fpn_1"", ""fpn_0""]","{""fpn_0"": [256, 288, 288], ""fpn_1"": [256, 144, 144], ""fpn_2"": [256, 72, 72]}","{""fpn_0"": [256, 72, 72], ""fpn_1"": [256, 72, 72], ""fpn_2"": [256, 72, 72]}",72,72,64,32,False,"[0.0, 0.0, 0.0]","{""fpn_0"": 0.3333333432674408, ""fpn_1"": 0.3333333432674408, ""fpn_2"": 0.3333333432674408}","fpn_2=0.333,fpn_1=0.333,fpn_0=0.333",deterministic_kmeans,cosine,2,outputs/rwtd_sam3_auto/coarse_vs_fine_sam_scales/stage2/train_fixed_uniform_gates_all_scales_test/checkpoint.pt,permutation_invariant_binary_partition,architexture_binary_v1,0.9487908891627749,0.8991380862198907
fixed_uniform_gates_all_scales,test,167,44,"cluster_0->texture_a,cluster_1->texture_b",0.298980828295944,0.009041288972857534,0.22247863424859501,0.009041288972857534,"[""fpn_2"", ""fpn_1"", ""fpn_0""]",fpn_2,"[""fpn_2"", ""fpn_1"", ""fpn_0""]","{""fpn_0"": [256, 288, 288], ""fpn_1"": [256, 144, 144], ""fpn_2"": [256, 72, 72]}","{""fpn_0"": [256, 72, 72], ""fpn_1"": [256, 72, 72], ""fpn_2"": [256, 72, 72]}",72,72,64,32,False,"[0.0, 0.0, 0.0]","{""fpn_0"": 0.3333333432674408, ""fpn_1"": 0.3333333432674408, ""fpn_2"": 0.3333333432674408}","fpn_2=0.333,fpn_1=0.333,fpn_0=0.333",deterministic_kmeans,cosine,2,outputs/rwtd_sam3_auto/coarse_vs_fine_sam_scales/stage2/train_fixed_uniform_gates_all_scales_test/checkpoint.pt,permutation_invariant_binary_partition,architexture_binary_v1,0.298980828295944,0.009041288972857534
fixed_uniform_gates_all_scales,test,168,440,"cluster_1->texture_a,cluster_0->texture_b",0.009260699898214184,0.9022228937153857,0.9288384555739612,0.9022228937153857,"[""fpn_2"", ""fpn_1"", ""fpn_0""]",fpn_2,"[""fpn_2"", ""fpn_1"", ""fpn_0""]","{""fpn_0"": [256, 288, 288], ""fpn_1"": [256, 144, 144], ""fpn_2"": [256, 72, 72]}","{""fpn_0"": [256, 72, 72], ""fpn_1"": [256, 72, 72], ""fpn_2"": [256, 72, 72]}",72,72,64,32,False,"[0.0, 0.0, 0.0]","{""fpn_0"": 0.3333333432674408, ""fpn_1"": 0.3333333432674408, ""fpn_2"": 0.3333333432674408}","fpn_2=0.333,fpn_1=0.333,fpn_0=0.333",deterministic_kmeans,cosine,2,outputs/rwtd_sam3_auto/coarse_vs_fine_sam_scales/stage2/train_fixed_uniform_gates_all_scales_test/checkpoint.pt,permutation_invariant_binary_partition,architexture_binary_v1,0.9288384555739612,0.9022228937153857
fixed_uniform_gates_all_scales,test,169,441,"cluster_0->texture_a,cluster_1->texture_b",0.9242767474522703,0.8947374998114567,0.010222183971941804,0.8947374998114567,"[""fpn_2"", ""fpn_1"", ""fpn_0""]",fpn_2,"[""fpn_2"", ""fpn_1"", ""fpn_0""]","{""fpn_0"": [256, 288, 288], ""fpn_1"": [256, 144, 144], ""fpn_2"": [256, 72, 72]}","{""fpn_0"": [256, 72, 72], ""fpn_1"": [256, 72, 72], ""fpn_2"": [256, 72, 72]}",72,72,64,32,False,"[0.0, 0.0, 0.0]","{""fpn_0"": 0.3333333432674408, ""fpn_1"": 0.3333333432674408, ""fpn_2"": 0.3333333432674408}","fpn_2=0.333,fpn_1=0.333,fpn_0=0.333",deterministic_kmeans,cosine,2,outputs/rwtd_sam3_auto/coarse_vs_fine_sam_scales/stage2/train_fixed_uniform_gates_all_scales_test/checkpoint.pt,permutation_invariant_binary_partition,architexture_binary_v1,0.9242767474522703,0.8947374998114567
fixed_uniform_gates_all_scales,test,170,442,"cluster_0->texture_a,cluster_1->texture_b",0.9390614514081604,0.905078867785227,0.011060911578121023,0.905078867785227,"[""fpn_2"", ""fpn_1"", ""fpn_0""]",fpn_2,"[""fpn_2"", ""fpn_1"", ""fpn_0""]","{""fpn_0"": [256, 288, 288], ""fpn_1"": [256, 144, 144], ""fpn_2"": [256, 72, 72]}","{""fpn_0"": [256, 72, 72], ""fpn_1"": [256, 72, 72], ""fpn_2"": [256, 72, 72]}",72,72,64,32,False,"[0.0, 0.0, 0.0]","{""fpn_0"": 0.3333333432674408, ""fpn_1"": 0.3333333432674408, ""fpn_2"": 0.3333333432674408}","fpn_2=0.333,fpn_1=0.333,fpn_0=0.333",deterministic_kmeans,cosine,2,outputs/rwtd_sam3_auto/coarse_vs_fine_sam_scales/stage2/train_fixed_uniform_gates_all_scales_test/checkpoint.pt,permutation_invariant_binary_partition,architexture_binary_v1,0.9390614514081604,0.905078867785227
fixed_uniform_gates_all_scales,test,171,443,"cluster_0->texture_a,cluster_1->texture_b",0.813391414976957,0.6425677359792691,0.05052362376675365,0.6425677359792691,"[""fpn_2"", ""fpn_1"", ""fpn_0""]",fpn_2,"[""fpn_2"", ""fpn_1"", ""fpn_0""]","{""fpn_0"": [256, 288, 288], ""fpn_1"": [256, 144, 144], ""fpn_2"": [256, 72, 72]}","{""fpn_0"": [256, 72, 72], ""fpn_1"": [256, 72, 72], ""fpn_2"": [256, 72, 72]}",72,72,64,32,False,"[0.0, 0.0, 0.0]","{""fpn_0"": 0.3333333432674408, ""fpn_1"": 0.3333333432674408, ""fpn_2"": 0.3333333432674408}","fpn_2=0.333,fpn_1=0.333,fpn_0=0.333",deterministic_kmeans,cosine,2,outputs/rwtd_sam3_auto/coarse_vs_fine_sam_scales/stage2/train_fixed_uniform_gates_all_scales_test/checkpoint.pt,permutation_invariant_binary_partition,architexture_binary_v1,0.813391414976957,0.6425677359792691
fixed_uniform_gates_all_scales,test,172,444,"cluster_1->texture_a,cluster_0->texture_b",0.009897637108307784,0.9188754630996854,0.9508834218199691,0.9188754630996854,"[""fpn_2"", ""fpn_1"", ""fpn_0""]",fpn_2,"[""fpn_2"", ""fpn_1"", ""fpn_0""]","{""fpn_0"": [256, 288, 288], ""fpn_1"": [256, 144, 144], ""fpn_2"": [256, 72, 72]}","{""fpn_0"": [256, 72, 72], ""fpn_1"": [256, 72, 72], ""fpn_2"": [256, 72, 72]}",72,72,64,32,False,"[0.0, 0.0, 0.0]","{""fpn_0"": 0.3333333432674408, ""fpn_1"": 0.3333333432674408, ""fpn_2"": 0.3333333432674408}","fpn_2=0.333,fpn_1=0.333,fpn_0=0.333",deterministic_kmeans,cosine,2,outputs/rwtd_sam3_auto/coarse_vs_fine_sam_scales/stage2/train_fixed_uniform_gates_all_scales_test/checkpoint.pt,permutation_invariant_binary_partition,architexture_binary_v1,0.9508834218199691,0.9188754630996854
fixed_uniform_gates_all_scales,test,173,447,"cluster_0->texture_a,cluster_1->texture_b",0.8191154465125072,0.6664709623024505,0.04604092153045563,0.6664709623024505,"[""fpn_2"", ""fpn_1"", ""fpn_0""]",fpn_2,"[""fpn_2"", ""fpn_1"", ""fpn_0""]","{""fpn_0"": [256, 288, 288], ""fpn_1"": [256, 144, 144], ""fpn_2"": [256, 72, 72]}","{""fpn_0"": [256, 72, 72], ""fpn_1"": [256, 72, 72], ""fpn_2"": [256, 72, 72]}",72,72,64,32,False,"[0.0, 0.0, 0.0]","{""fpn_0"": 0.3333333432674408, ""fpn_1"": 0.3333333432674408, ""fpn_2"": 0.3333333432674408}","fpn_2=0.333,fpn_1=0.333,fpn_0=0.333",deterministic_kmeans,cosine,2,outputs/rwtd_sam3_auto/coarse_vs_fine_sam_scales/stage2/train_fixed_uniform_gates_all_scales_test/checkpoint.pt,permutation_invariant_binary_partition,architexture_binary_v1,0.8191154465125072,0.6664709623024505
fixed_uniform_gates_all_scales,test,174,448,"cluster_0->texture_a,cluster_1->texture_b",0.9574852939033194,0.9150898627609997,0.010938495990748733,0.9150898627609997,"[""fpn_2"", ""fpn_1"", ""fpn_0""]",fpn_2,"[""fpn_2"", ""fpn_1"", ""fpn_0""]","{""fpn_0"": [256, 288, 288], ""fpn_1"": [256, 144, 144], ""fpn_2"": [256, 72, 72]}","{""fpn_0"": [256, 72, 72], ""fpn_1"": [256, 72, 72], ""fpn_2"": [256, 72, 72]}",72,72,64,32,False,"[0.0, 0.0, 0.0]","{""fpn_0"": 0.3333333432674408, ""fpn_1"": 0.3333333432674408, ""fpn_2"": 0.3333333432674408}","fpn_2=0.333,fpn_1=0.333,fpn_0=0.333",deterministic_kmeans,cosine,2,outputs/rwtd_sam3_auto/coarse_vs_fine_sam_scales/stage2/train_fixed_uniform_gates_all_scales_test/checkpoint.pt,permutation_invariant_binary_partition,architexture_binary_v1,0.9574852939033194,0.9150898627609997
fixed_uniform_gates_all_scales,test,175,449,"cluster_0->texture_a,cluster_1->texture_b",0.9494762928440452,0.8991038043390469,0.013032421101165223,0.8991038043390469,"[""fpn_2"", ""fpn_1"", ""fpn_0""]",fpn_2,"[""fpn_2"", ""fpn_1"", ""fpn_0""]","{""fpn_0"": [256, 288, 288], ""fpn_1"": [256, 144, 144], ""fpn_2"": [256, 72, 72]}","{""fpn_0"": [256, 72, 72], ""fpn_1"": [256, 72, 72], ""fpn_2"": [256, 72, 72]}",72,72,64,32,False,"[0.0, 0.0, 0.0]","{""fpn_0"": 0.3333333432674408, ""fpn_1"": 0.3333333432674408, ""fpn_2"": 0.3333333432674408}","fpn_2=0.333,fpn_1=0.333,fpn_0=0.333",deterministic_kmeans,cosine,2,outputs/rwtd_sam3_auto/coarse_vs_fine_sam_scales/stage2/train_fixed_uniform_gates_all_scales_test/checkpoint.pt,permutation_invariant_binary_partition,architexture_binary_v1,0.9494762928440452,0.8991038043390469
fixed_uniform_gates_all_scales,test,176,45,"cluster_0->texture_a,cluster_1->texture_b",0.9839727365265756,0.9699390700147531,0.003772072532933191,0.9699390700147531,"[""fpn_2"", ""fpn_1"", ""fpn_0""]",fpn_2,"[""fpn_2"", ""fpn_1"", ""fpn_0""]","{""fpn_0"": [256, 288, 288], ""fpn_1"": [256, 144, 144], ""fpn_2"": [256, 72, 72]}","{""fpn_0"": [256, 72, 72], ""fpn_1"": [256, 72, 72], ""fpn_2"": [256, 72, 72]}",72,72,64,32,False,"[0.0, 0.0, 0.0]","{""fpn_0"": 0.3333333432674408, ""fpn_1"": 0.3333333432674408, ""fpn_2"": 0.3333333432674408}","fpn_2=0.333,fpn_1=0.333,fpn_0=0.333",deterministic_kmeans,cosine,2,outputs/rwtd_sam3_auto/coarse_vs_fine_sam_scales/stage2/train_fixed_uniform_gates_all_scales_test/checkpoint.pt,permutation_invariant_binary_partition,architexture_binary_v1,0.9839727365265756,0.9699390700147531
fixed_uniform_gates_all_scales,test,177,450,"cluster_0->texture_a,cluster_1->texture_b",0.8376376352914195,0.6809360910218409,0.043819539296607604,0.6809360910218409,"[""fpn_2"", ""fpn_1"", ""fpn_0""]",fpn_2,"[""fpn_2"", ""fpn_1"", ""fpn_0""]","{""fpn_0"": [256, 288, 288], ""fpn_1"": [256, 144, 144], ""fpn_2"": [256, 72, 72]}","{""fpn_0"": [256, 72, 72], ""fpn_1"": [256, 72, 72], ""fpn_2"": [256, 72, 72]}",72,72,64,32,False,"[0.0, 0.0, 0.0]","{""fpn_0"": 0.3333333432674408, ""fpn_1"": 0.3333333432674408, ""fpn_2"": 0.3333333432674408}","fpn_2=0.333,fpn_1=0.333,fpn_0=0.333",deterministic_kmeans,cosine,2,outputs/rwtd_sam3_auto/coarse_vs_fine_sam_scales/stage2/train_fixed_uniform_gates_all_scales_test/checkpoint.pt,permutation_invariant_binary_partition,architexture_binary_v1,0.8376376352914195,0.6809360910218409
fixed_uniform_gates_all_scales,test,178,451,"cluster_0->texture_a,cluster_1->texture_b",0.950485915831228,0.9193661170852597,0.00976217399193495,0.9193661170852597,"[""fpn_2"", ""fpn_1"", ""fpn_0""]",fpn_2,"[""fpn_2"", ""fpn_1"", ""fpn_0""]","{""fpn_0"": [256, 288, 288], ""fpn_1"": [256, 144, 144], ""fpn_2"": [256, 72, 72]}","{""fpn_0"": [256, 72, 72], ""fpn_1"": [256, 72, 72], ""fpn_2"": [256, 72, 72]}",72,72,64,32,False,"[0.0, 0.0, 0.0]","{""fpn_0"": 0.3333333432674408, ""fpn_1"": 0.3333333432674408, ""fpn_2"": 0.3333333432674408}","fpn_2=0.333,fpn_1=0.333,fpn_0=0.333",deterministic_kmeans,cosine,2,outputs/rwtd_sam3_auto/coarse_vs_fine_sam_scales/stage2/train_fixed_uniform_gates_all_scales_test/checkpoint.pt,permutation_invariant_binary_partition,architexture_binary_v1,0.950485915831228,0.9193661170852597
fixed_uniform_gates_all_scales,test,179,452,"cluster_1->texture_a,cluster_0->texture_b",0.017331515788813857,0.8664393237437984,0.9310009694068202,0.8664393237437984,"[""fpn_2"", ""fpn_1"", ""fpn_0""]",fpn_2,"[""fpn_2"", ""fpn_1"", ""fpn_0""]","{""fpn_0"": [256, 288, 288], ""fpn_1"": [256, 144, 144], ""fpn_2"": [256, 72, 72]}","{""fpn_0"": [256, 72, 72], ""fpn_1"": [256, 72, 72], ""fpn_2"": [256, 72, 72]}",72,72,64,32,False,"[0.0, 0.0, 0.0]","{""fpn_0"": 0.3333333432674408, ""fpn_1"": 0.3333333432674408, ""fpn_2"": 0.3333333432674408}","fpn_2=0.333,fpn_1=0.333,fpn_0=0.333",deterministic_kmeans,cosine,2,outputs/rwtd_sam3_auto/coarse_vs_fine_sam_scales/stage2/train_fixed_uniform_gates_all_scales_test/checkpoint.pt,permutation_invariant_binary_partition,architexture_binary_v1,0.9310009694068202,0.8664393237437984
fixed_uniform_gates_all_scales,test,180,453,"cluster_0->texture_a,cluster_1->texture_b",0.8765623155930342,0.7713978698789291,0.030409024094600414,0.7713978698789291,"[""fpn_2"", ""fpn_1"", ""fpn_0""]",fpn_2,"[""fpn_2"", ""fpn_1"", ""fpn_0""]","{""fpn_0"": [256, 288, 288], ""fpn_1"": [256, 144, 144], ""fpn_2"": [256, 72, 72]}","{""fpn_0"": [256, 72, 72], ""fpn_1"": [256, 72, 72], ""fpn_2"": [256, 72, 72]}",72,72,64,32,False,"[0.0, 0.0, 0.0]","{""fpn_0"": 0.3333333432674408, ""fpn_1"": 0.3333333432674408, ""fpn_2"": 0.3333333432674408}","fpn_2=0.333,fpn_1=0.333,fpn_0=0.333",deterministic_kmeans,cosine,2,outputs/rwtd_sam3_auto/coarse_vs_fine_sam_scales/stage2/train_fixed_uniform_gates_all_scales_test/checkpoint.pt,permutation_invariant_binary_partition,architexture_binary_v1,0.8765623155930342,0.7713978698789291
fixed_uniform_gates_all_scales,test,181,455,"cluster_1->texture_a,cluster_0->texture_b",0.008203976525223176,0.9273529185746098,0.9520142255506776,0.9273529185746098,"[""fpn_2"", ""fpn_1"", ""fpn_0""]",fpn_2,"[""fpn_2"", ""fpn_1"", ""fpn_0""]","{""fpn_0"": [256, 288, 288], ""fpn_1"": [256, 144, 144], ""fpn_2"": [256, 72, 72]}","{""fpn_0"": [256, 72, 72], ""fpn_1"": [256, 72, 72], ""fpn_2"": [256, 72, 72]}",72,72,64,32,False,"[0.0, 0.0, 0.0]","{""fpn_0"": 0.3333333432674408, ""fpn_1"": 0.3333333432674408, ""fpn_2"": 0.3333333432674408}","fpn_2=0.333,fpn_1=0.333,fpn_0=0.333",deterministic_kmeans,cosine,2,outputs/rwtd_sam3_auto/coarse_vs_fine_sam_scales/stage2/train_fixed_uniform_gates_all_scales_test/checkpoint.pt,permutation_invariant_binary_partition,architexture_binary_v1,0.9520142255506776,0.9273529185746098
fixed_uniform_gates_all_scales,test,182,456,"cluster_1->texture_a,cluster_0->texture_b",0.024463509046246102,0.815548877732781,0.90109181318445,0.815548877732781,"[""fpn_2"", ""fpn_1"", ""fpn_0""]",fpn_2,"[""fpn_2"", ""fpn_1"", ""fpn_0""]","{""fpn_0"": [256, 288, 288], ""fpn_1"": [256, 144, 144], ""fpn_2"": [256, 72, 72]}","{""fpn_0"": [256, 72, 72], ""fpn_1"": [256, 72, 72], ""fpn_2"": [256, 72, 72]}",72,72,64,32,False,"[0.0, 0.0, 0.0]","{""fpn_0"": 0.3333333432674408, ""fpn_1"": 0.3333333432674408, ""fpn_2"": 0.3333333432674408}","fpn_2=0.333,fpn_1=0.333,fpn_0=0.333",deterministic_kmeans,cosine,2,outputs/rwtd_sam3_auto/coarse_vs_fine_sam_scales/stage2/train_fixed_uniform_gates_all_scales_test/checkpoint.pt,permutation_invariant_binary_partition,architexture_binary_v1,0.90109181318445,0.815548877732781
fixed_uniform_gates_all_scales,test,183,457,"cluster_0->texture_a,cluster_1->texture_b",0.967073133707897,0.941044061531413,0.007399327044381811,0.941044061531413,"[""fpn_2"", ""fpn_1"", ""fpn_0""]",fpn_2,"[""fpn_2"", ""fpn_1"", ""fpn_0""]","{""fpn_0"": [256, 288, 288], ""fpn_1"": [256, 144, 144], ""fpn_2"": [256, 72, 72]}","{""fpn_0"": [256, 72, 72], ""fpn_1"": [256, 72, 72], ""fpn_2"": [256, 72, 72]}",72,72,64,32,False,"[0.0, 0.0, 0.0]","{""fpn_0"": 0.3333333432674408, ""fpn_1"": 0.3333333432674408, ""fpn_2"": 0.3333333432674408}","fpn_2=0.333,fpn_1=0.333,fpn_0=0.333",deterministic_kmeans,cosine,2,outputs/rwtd_sam3_auto/coarse_vs_fine_sam_scales/stage2/train_fixed_uniform_gates_all_scales_test/checkpoint.pt,permutation_invariant_binary_partition,architexture_binary_v1,0.967073133707897,0.941044061531413
fixed_uniform_gates_all_scales,test,184,461,"cluster_0->texture_a,cluster_1->texture_b",0.9093702938041681,0.8227621037240909,0.0232574708468724,0.8227621037240909,"[""fpn_2"", ""fpn_1"", ""fpn_0""]",fpn_2,"[""fpn_2"", ""fpn_1"", ""fpn_0""]","{""fpn_0"": [256, 288, 288], ""fpn_1"": [256, 144, 144], ""fpn_2"": [256, 72, 72]}","{""fpn_0"": [256, 72, 72], ""fpn_1"": [256, 72, 72], ""fpn_2"": [256, 72, 72]}",72,72,64,32,False,"[0.0, 0.0, 0.0]","{""fpn_0"": 0.3333333432674408, ""fpn_1"": 0.3333333432674408, ""fpn_2"": 0.3333333432674408}","fpn_2=0.333,fpn_1=0.333,fpn_0=0.333",deterministic_kmeans,cosine,2,outputs/rwtd_sam3_auto/coarse_vs_fine_sam_scales/stage2/train_fixed_uniform_gates_all_scales_test/checkpoint.pt,permutation_invariant_binary_partition,architexture_binary_v1,0.9093702938041681,0.8227621037240909
fixed_uniform_gates_all_scales,test,185,463,"cluster_0->texture_a,cluster_1->texture_b",0.9004327695568717,0.8379757821998768,0.01970398942381607,0.8379757821998768,"[""fpn_2"", ""fpn_1"", ""fpn_0""]",fpn_2,"[""fpn_2"", ""fpn_1"", ""fpn_0""]","{""fpn_0"": [256, 288, 288], ""fpn_1"": [256, 144, 144], ""fpn_2"": [256, 72, 72]}","{""fpn_0"": [256, 72, 72], ""fpn_1"": [256, 72, 72], ""fpn_2"": [256, 72, 72]}",72,72,64,32,False,"[0.0, 0.0, 0.0]","{""fpn_0"": 0.3333333432674408, ""fpn_1"": 0.3333333432674408, ""fpn_2"": 0.3333333432674408}","fpn_2=0.333,fpn_1=0.333,fpn_0=0.333",deterministic_kmeans,cosine,2,outputs/rwtd_sam3_auto/coarse_vs_fine_sam_scales/stage2/train_fixed_uniform_gates_all_scales_test/checkpoint.pt,permutation_invariant_binary_partition,architexture_binary_v1,0.9004327695568717,0.8379757821998768
fixed_uniform_gates_all_scales,test,186,464,"cluster_0->texture_a,cluster_1->texture_b",0.962069158123791,0.9266547283360985,0.009402562134615615,0.9266547283360985,"[""fpn_2"", ""fpn_1"", ""fpn_0""]",fpn_2,"[""fpn_2"", ""fpn_1"", ""fpn_0""]","{""fpn_0"": [256, 288, 288], ""fpn_1"": [256, 144, 144], ""fpn_2"": [256, 72, 72]}","{""fpn_0"": [256, 72, 72], ""fpn_1"": [256, 72, 72], ""fpn_2"": [256, 72, 72]}",72,72,64,32,False,"[0.0, 0.0, 0.0]","{""fpn_0"": 0.3333333432674408, ""fpn_1"": 0.3333333432674408, ""fpn_2"": 0.3333333432674408}","fpn_2=0.333,fpn_1=0.333,fpn_0=0.333",deterministic_kmeans,cosine,2,outputs/rwtd_sam3_auto/coarse_vs_fine_sam_scales/stage2/train_fixed_uniform_gates_all_scales_test/checkpoint.pt,permutation_invariant_binary_partition,architexture_binary_v1,0.962069158123791,0.9266547283360985
fixed_uniform_gates_all_scales,test,187,465,"cluster_1->texture_a,cluster_0->texture_b",0.014418240818801784,0.8786827757317298,0.9232861119894412,0.8786827757317298,"[""fpn_2"", ""fpn_1"", ""fpn_0""]",fpn_2,"[""fpn_2"", ""fpn_1"", ""fpn_0""]","{""fpn_0"": [256, 288, 288], ""fpn_1"": [256, 144, 144], ""fpn_2"": [256, 72, 72]}","{""fpn_0"": [256, 72, 72], ""fpn_1"": [256, 72, 72], ""fpn_2"": [256, 72, 72]}",72,72,64,32,False,"[0.0, 0.0, 0.0]","{""fpn_0"": 0.3333333432674408, ""fpn_1"": 0.3333333432674408, ""fpn_2"": 0.3333333432674408}","fpn_2=0.333,fpn_1=0.333,fpn_0=0.333",deterministic_kmeans,cosine,2,outputs/rwtd_sam3_auto/coarse_vs_fine_sam_scales/stage2/train_fixed_uniform_gates_all_scales_test/checkpoint.pt,permutation_invariant_binary_partition,architexture_binary_v1,0.9232861119894412,0.8786827757317298
fixed_uniform_gates_all_scales,test,188,466,"cluster_1->texture_a,cluster_0->texture_b",0.05731234564309196,0.5380540705308222,0.7099393330502062,0.5380540705308222,"[""fpn_2"", ""fpn_1"", ""fpn_0""]",fpn_2,"[""fpn_2"", ""fpn_1"", ""fpn_0""]","{""fpn_0"": [256, 288, 288], ""fpn_1"": [256, 144, 144], ""fpn_2"": [256, 72, 72]}","{""fpn_0"": [256, 72, 72], ""fpn_1"": [256, 72, 72], ""fpn_2"": [256, 72, 72]}",72,72,64,32,False,"[0.0, 0.0, 0.0]","{""fpn_0"": 0.3333333432674408, ""fpn_1"": 0.3333333432674408, ""fpn_2"": 0.3333333432674408}","fpn_2=0.333,fpn_1=0.333,fpn_0=0.333",deterministic_kmeans,cosine,2,outputs/rwtd_sam3_auto/coarse_vs_fine_sam_scales/stage2/train_fixed_uniform_gates_all_scales_test/checkpoint.pt,permutation_invariant_binary_partition,architexture_binary_v1,0.7099393330502062,0.5380540705308222
fixed_uniform_gates_all_scales,test,189,467,"cluster_1->texture_a,cluster_0->texture_b",0.03611934308688588,0.7391479856587,0.8609627135274637,0.7391479856587,"[""fpn_2"", ""fpn_1"", ""fpn_0""]",fpn_2,"[""fpn_2"", ""fpn_1"", ""fpn_0""]","{""fpn_0"": [256, 288, 288], ""fpn_1"": [256, 144, 144], ""fpn_2"": [256, 72, 72]}","{""fpn_0"": [256, 72, 72], ""fpn_1"": [256, 72, 72], ""fpn_2"": [256, 72, 72]}",72,72,64,32,False,"[0.0, 0.0, 0.0]","{""fpn_0"": 0.3333333432674408, ""fpn_1"": 0.3333333432674408, ""fpn_2"": 0.3333333432674408}","fpn_2=0.333,fpn_1=0.333,fpn_0=0.333",deterministic_kmeans,cosine,2,outputs/rwtd_sam3_auto/coarse_vs_fine_sam_scales/stage2/train_fixed_uniform_gates_all_scales_test/checkpoint.pt,permutation_invariant_binary_partition,architexture_binary_v1,0.8609627135274637,0.7391479856587
fixed_uniform_gates_all_scales,test,190,468,"cluster_1->texture_a,cluster_0->texture_b",0.012898864718353277,0.9004777644999111,0.9496085574021926,0.9004777644999111,"[""fpn_2"", ""fpn_1"", ""fpn_0""]",fpn_2,"[""fpn_2"", ""fpn_1"", ""fpn_0""]","{""fpn_0"": [256, 288, 288], ""fpn_1"": [256, 144, 144], ""fpn_2"": [256, 72, 72]}","{""fpn_0"": [256, 72, 72], ""fpn_1"": [256, 72, 72], ""fpn_2"": [256, 72, 72]}",72,72,64,32,False,"[0.0, 0.0, 0.0]","{""fpn_0"": 0.3333333432674408, ""fpn_1"": 0.3333333432674408, ""fpn_2"": 0.3333333432674408}","fpn_2=0.333,fpn_1=0.333,fpn_0=0.333",deterministic_kmeans,cosine,2,outputs/rwtd_sam3_auto/coarse_vs_fine_sam_scales/stage2/train_fixed_uniform_gates_all_scales_test/checkpoint.pt,permutation_invariant_binary_partition,architexture_binary_v1,0.9496085574021926,0.9004777644999111
fixed_uniform_gates_all_scales,test,191,469,"cluster_0->texture_a,cluster_1->texture_b",0.9286502959061683,0.8696796018654341,0.016960156637110715,0.8696796018654341,"[""fpn_2"", ""fpn_1"", ""fpn_0""]",fpn_2,"[""fpn_2"", ""fpn_1"", ""fpn_0""]","{""fpn_0"": [256, 288, 288], ""fpn_1"": [256, 144, 144], ""fpn_2"": [256, 72, 72]}","{""fpn_0"": [256, 72, 72], ""fpn_1"": [256, 72, 72], ""fpn_2"": [256, 72, 72]}",72,72,64,32,False,"[0.0, 0.0, 0.0]","{""fpn_0"": 0.3333333432674408, ""fpn_1"": 0.3333333432674408, ""fpn_2"": 0.3333333432674408}","fpn_2=0.333,fpn_1=0.333,fpn_0=0.333",deterministic_kmeans,cosine,2,outputs/rwtd_sam3_auto/coarse_vs_fine_sam_scales/stage2/train_fixed_uniform_gates_all_scales_test/checkpoint.pt,permutation_invariant_binary_partition,architexture_binary_v1,0.9286502959061683,0.8696796018654341
fixed_uniform_gates_all_scales,test,192,47,"cluster_0->texture_a,cluster_1->texture_b",0.9584076620089872,0.9170173679280477,0.010709496311632535,0.9170173679280477,"[""fpn_2"", ""fpn_1"", ""fpn_0""]",fpn_2,"[""fpn_2"", ""fpn_1"", ""fpn_0""]","{""fpn_0"": [256, 288, 288], ""fpn_1"": [256, 144, 144], ""fpn_2"": [256, 72, 72]}","{""fpn_0"": [256, 72, 72], ""fpn_1"": [256, 72, 72], ""fpn_2"": [256, 72, 72]}",72,72,64,32,False,"[0.0, 0.0, 0.0]","{""fpn_0"": 0.3333333432674408, ""fpn_1"": 0.3333333432674408, ""fpn_2"": 0.3333333432674408}","fpn_2=0.333,fpn_1=0.333,fpn_0=0.333",deterministic_kmeans,cosine,2,outputs/rwtd_sam3_auto/coarse_vs_fine_sam_scales/stage2/train_fixed_uniform_gates_all_scales_test/checkpoint.pt,permutation_invariant_binary_partition,architexture_binary_v1,0.9584076620089872,0.9170173679280477
fixed_uniform_gates_all_scales,test,193,471,"cluster_1->texture_a,cluster_0->texture_b",0.01995026073454682,0.847341901925214,0.9177168174301875,0.847341901925214,"[""fpn_2"", ""fpn_1"", ""fpn_0""]",fpn_2,"[""fpn_2"", ""fpn_1"", ""fpn_0""]","{""fpn_0"": [256, 288, 288], ""fpn_1"": [256, 144, 144], ""fpn_2"": [256, 72, 72]}","{""fpn_0"": [256, 72, 72], ""fpn_1"": [256, 72, 72], ""fpn_2"": [256, 72, 72]}",72,72,64,32,False,"[0.0, 0.0, 0.0]","{""fpn_0"": 0.3333333432674408, ""fpn_1"": 0.3333333432674408, ""fpn_2"": 0.3333333432674408}","fpn_2=0.333,fpn_1=0.333,fpn_0=0.333",deterministic_kmeans,cosine,2,outputs/rwtd_sam3_auto/coarse_vs_fine_sam_scales/stage2/train_fixed_uniform_gates_all_scales_test/checkpoint.pt,permutation_invariant_binary_partition,architexture_binary_v1,0.9177168174301875,0.847341901925214
fixed_uniform_gates_all_scales,test,194,472,"cluster_0->texture_a,cluster_1->texture_b",0.9267777070874289,0.8541886625972613,0.019072525118559735,0.8541886625972613,"[""fpn_2"", ""fpn_1"", ""fpn_0""]",fpn_2,"[""fpn_2"", ""fpn_1"", ""fpn_0""]","{""fpn_0"": [256, 288, 288], ""fpn_1"": [256, 144, 144], ""fpn_2"": [256, 72, 72]}","{""fpn_0"": [256, 72, 72], ""fpn_1"": [256, 72, 72], ""fpn_2"": [256, 72, 72]}",72,72,64,32,False,"[0.0, 0.0, 0.0]","{""fpn_0"": 0.3333333432674408, ""fpn_1"": 0.3333333432674408, ""fpn_2"": 0.3333333432674408}","fpn_2=0.333,fpn_1=0.333,fpn_0=0.333",deterministic_kmeans,cosine,2,outputs/rwtd_sam3_auto/coarse_vs_fine_sam_scales/stage2/train_fixed_uniform_gates_all_scales_test/checkpoint.pt,permutation_invariant_binary_partition,architexture_binary_v1,0.9267777070874289,0.8541886625972613
fixed_uniform_gates_all_scales,test,195,473,"cluster_0->texture_a,cluster_1->texture_b",0.8217765445443956,0.7028537841481145,0.03853389029979075,0.7028537841481145,"[""fpn_2"", ""fpn_1"", ""fpn_0""]",fpn_2,"[""fpn_2"", ""fpn_1"", ""fpn_0""]","{""fpn_0"": [256, 288, 288], ""fpn_1"": [256, 144, 144], ""fpn_2"": [256, 72, 72]}","{""fpn_0"": [256, 72, 72], ""fpn_1"": [256, 72, 72], ""fpn_2"": [256, 72, 72]}",72,72,64,32,False,"[0.0, 0.0, 0.0]","{""fpn_0"": 0.3333333432674408, ""fpn_1"": 0.3333333432674408, ""fpn_2"": 0.3333333432674408}","fpn_2=0.333,fpn_1=0.333,fpn_0=0.333",deterministic_kmeans,cosine,2,outputs/rwtd_sam3_auto/coarse_vs_fine_sam_scales/stage2/train_fixed_uniform_gates_all_scales_test/checkpoint.pt,permutation_invariant_binary_partition,architexture_binary_v1,0.8217765445443956,0.7028537841481145
fixed_uniform_gates_all_scales,test,196,474,"cluster_1->texture_a,cluster_0->texture_b",0.01870746485417656,0.8422991773263095,0.8990613569366324,0.8422991773263095,"[""fpn_2"", ""fpn_1"", ""fpn_0""]",fpn_2,"[""fpn_2"", ""fpn_1"", ""fpn_0""]","{""fpn_0"": [256, 288, 288], ""fpn_1"": [256, 144, 144], ""fpn_2"": [256, 72, 72]}","{""fpn_0"": [256, 72, 72], ""fpn_1"": [256, 72, 72], ""fpn_2"": [256, 72, 72]}",72,72,64,32,False,"[0.0, 0.0, 0.0]","{""fpn_0"": 0.3333333432674408, ""fpn_1"": 0.3333333432674408, ""fpn_2"": 0.3333333432674408}","fpn_2=0.333,fpn_1=0.333,fpn_0=0.333",deterministic_kmeans,cosine,2,outputs/rwtd_sam3_auto/coarse_vs_fine_sam_scales/stage2/train_fixed_uniform_gates_all_scales_test/checkpoint.pt,permutation_invariant_binary_partition,architexture_binary_v1,0.8990613569366324,0.8422991773263095
fixed_uniform_gates_all_scales,test,197,476,"cluster_0->texture_a,cluster_1->texture_b",0.9392198416583813,0.8877486048403368,0.014418089676007682,0.8877486048403368,"[""fpn_2"", ""fpn_1"", ""fpn_0""]",fpn_2,"[""fpn_2"", ""fpn_1"", ""fpn_0""]","{""fpn_0"": [256, 288, 288], ""fpn_1"": [256, 144, 144], ""fpn_2"": [256, 72, 72]}","{""fpn_0"": [256, 72, 72], ""fpn_1"": [256, 72, 72], ""fpn_2"": [256, 72, 72]}",72,72,64,32,False,"[0.0, 0.0, 0.0]","{""fpn_0"": 0.3333333432674408, ""fpn_1"": 0.3333333432674408, ""fpn_2"": 0.3333333432674408}","fpn_2=0.333,fpn_1=0.333,fpn_0=0.333",deterministic_kmeans,cosine,2,outputs/rwtd_sam3_auto/coarse_vs_fine_sam_scales/stage2/train_fixed_uniform_gates_all_scales_test/checkpoint.pt,permutation_invariant_binary_partition,architexture_binary_v1,0.9392198416583813,0.8877486048403368
fixed_uniform_gates_all_scales,test,198,478,"cluster_1->texture_a,cluster_0->texture_b",0.014064191088772045,0.8886494119772721,0.9353360923510331,0.8886494119772721,"[""fpn_2"", ""fpn_1"", ""fpn_0""]",fpn_2,"[""fpn_2"", ""fpn_1"", ""fpn_0""]","{""fpn_0"": [256, 288, 288], ""fpn_1"": [256, 144, 144], ""fpn_2"": [256, 72, 72]}","{""fpn_0"": [256, 72, 72], ""fpn_1"": [256, 72, 72], ""fpn_2"": [256, 72, 72]}",72,72,64,32,False,"[0.0, 0.0, 0.0]","{""fpn_0"": 0.3333333432674408, ""fpn_1"": 0.3333333432674408, ""fpn_2"": 0.3333333432674408}","fpn_2=0.333,fpn_1=0.333,fpn_0=0.333",deterministic_kmeans,cosine,2,outputs/rwtd_sam3_auto/coarse_vs_fine_sam_scales/stage2/train_fixed_uniform_gates_all_scales_test/checkpoint.pt,permutation_invariant_binary_partition,architexture_binary_v1,0.9353360923510331,0.8886494119772721
fixed_uniform_gates_all_scales,test,199,479,"cluster_0->texture_a,cluster_1->texture_b",0.8061213811849439,0.7063507038498323,0.03245716028828933,0.7063507038498323,"[""fpn_2"", ""fpn_1"", ""fpn_0""]",fpn_2,"[""fpn_2"", ""fpn_1"", ""fpn_0""]","{""fpn_0"": [256, 288, 288], ""fpn_1"": [256, 144, 144], ""fpn_2"": [256, 72, 72]}","{""fpn_0"": [256, 72, 72], ""fpn_1"": [256, 72, 72], ""fpn_2"": [256, 72, 72]}",72,72,64,32,False,"[0.0, 0.0, 0.0]","{""fpn_0"": 0.3333333432674408, ""fpn_1"": 0.3333333432674408, ""fpn_2"": 0.3333333432674408}","fpn_2=0.333,fpn_1=0.333,fpn_0=0.333",deterministic_kmeans,cosine,2,outputs/rwtd_sam3_auto/coarse_vs_fine_sam_scales/stage2/train_fixed_uniform_gates_all_scales_test/checkpoint.pt,permutation_invariant_binary_partition,architexture_binary_v1,0.8061213811849439,0.7063507038498323
fixed_uniform_gates_all_scales,test,200,48,"cluster_1->texture_a,cluster_0->texture_b",0.016926665161090333,0.86974097506657,0.9284393951687014,0.86974097506657,"[""fpn_2"", ""fpn_1"", ""fpn_0""]",fpn_2,"[""fpn_2"", ""fpn_1"", ""fpn_0""]","{""fpn_0"": [256, 288, 288], ""fpn_1"": [256, 144, 144], ""fpn_2"": [256, 72, 72]}","{""fpn_0"": [256, 72, 72], ""fpn_1"": [256, 72, 72], ""fpn_2"": [256, 72, 72]}",72,72,64,32,False,"[0.0, 0.0, 0.0]","{""fpn_0"": 0.3333333432674408, ""fpn_1"": 0.3333333432674408, ""fpn_2"": 0.3333333432674408}","fpn_2=0.333,fpn_1=0.333,fpn_0=0.333",deterministic_kmeans,cosine,2,outputs/rwtd_sam3_auto/coarse_vs_fine_sam_scales/stage2/train_fixed_uniform_gates_all_scales_test/checkpoint.pt,permutation_invariant_binary_partition,architexture_binary_v1,0.9284393951687014,0.86974097506657
fixed_uniform_gates_all_scales,test,201,485,"cluster_0->texture_a,cluster_1->texture_b",0.9417475439616503,0.8857398500036808,0.014882495068924535,0.8857398500036808,"[""fpn_2"", ""fpn_1"", ""fpn_0""]",fpn_2,"[""fpn_2"", ""fpn_1"", ""fpn_0""]","{""fpn_0"": [256, 288, 288], ""fpn_1"": [256, 144, 144], ""fpn_2"": [256, 72, 72]}","{""fpn_0"": [256, 72, 72], ""fpn_1"": [256, 72, 72], ""fpn_2"": [256, 72, 72]}",72,72,64,32,False,"[0.0, 0.0, 0.0]","{""fpn_0"": 0.3333333432674408, ""fpn_1"": 0.3333333432674408, ""fpn_2"": 0.3333333432674408}","fpn_2=0.333,fpn_1=0.333,fpn_0=0.333",deterministic_kmeans,cosine,2,outputs/rwtd_sam3_auto/coarse_vs_fine_sam_scales/stage2/train_fixed_uniform_gates_all_scales_test/checkpoint.pt,permutation_invariant_binary_partition,architexture_binary_v1,0.9417475439616503,0.8857398500036808
fixed_uniform_gates_all_scales,test,202,492,"cluster_0->texture_a,cluster_1->texture_b",0.9646856626241208,0.9304352631509031,0.00885009765625,0.9304352631509031,"[""fpn_2"", ""fpn_1"", ""fpn_0""]",fpn_2,"[""fpn_2"", ""fpn_1"", ""fpn_0""]","{""fpn_0"": [256, 288, 288], ""fpn_1"": [256, 144, 144], ""fpn_2"": [256, 72, 72]}","{""fpn_0"": [256, 72, 72], ""fpn_1"": [256, 72, 72], ""fpn_2"": [256, 72, 72]}",72,72,64,32,False,"[0.0, 0.0, 0.0]","{""fpn_0"": 0.3333333432674408, ""fpn_1"": 0.3333333432674408, ""fpn_2"": 0.3333333432674408}","fpn_2=0.333,fpn_1=0.333,fpn_0=0.333",deterministic_kmeans,cosine,2,outputs/rwtd_sam3_auto/coarse_vs_fine_sam_scales/stage2/train_fixed_uniform_gates_all_scales_test/checkpoint.pt,permutation_invariant_binary_partition,architexture_binary_v1,0.9646856626241208,0.9304352631509031
fixed_uniform_gates_all_scales,test,203,5,"cluster_1->texture_a,cluster_0->texture_b",0.00693145888059732,0.9442131031165442,0.9680688879680988,0.9442131031165442,"[""fpn_2"", ""fpn_1"", ""fpn_0""]",fpn_2,"[""fpn_2"", ""fpn_1"", ""fpn_0""]","{""fpn_0"": [256, 288, 288], ""fpn_1"": [256, 144, 144], ""fpn_2"": [256, 72, 72]}","{""fpn_0"": [256, 72, 72], ""fpn_1"": [256, 72, 72], ""fpn_2"": [256, 72, 72]}",72,72,64,32,False,"[0.0, 0.0, 0.0]","{""fpn_0"": 0.3333333432674408, ""fpn_1"": 0.3333333432674408, ""fpn_2"": 0.3333333432674408}","fpn_2=0.333,fpn_1=0.333,fpn_0=0.333",deterministic_kmeans,cosine,2,outputs/rwtd_sam3_auto/coarse_vs_fine_sam_scales/stage2/train_fixed_uniform_gates_all_scales_test/checkpoint.pt,permutation_invariant_binary_partition,architexture_binary_v1,0.9680688879680988,0.9442131031165442
fixed_uniform_gates_all_scales,test,204,51,"cluster_0->texture_a,cluster_1->texture_b",0.977822994754053,0.9557012185468804,0.0056271174270753396,0.9557012185468804,"[""fpn_2"", ""fpn_1"", ""fpn_0""]",fpn_2,"[""fpn_2"", ""fpn_1"", ""fpn_0""]","{""fpn_0"": [256, 288, 288], ""fpn_1"": [256, 144, 144], ""fpn_2"": [256, 72, 72]}","{""fpn_0"": [256, 72, 72], ""fpn_1"": [256, 72, 72], ""fpn_2"": [256, 72, 72]}",72,72,64,32,False,"[0.0, 0.0, 0.0]","{""fpn_0"": 0.3333333432674408, ""fpn_1"": 0.3333333432674408, ""fpn_2"": 0.3333333432674408}","fpn_2=0.333,fpn_1=0.333,fpn_0=0.333",deterministic_kmeans,cosine,2,outputs/rwtd_sam3_auto/coarse_vs_fine_sam_scales/stage2/train_fixed_uniform_gates_all_scales_test/checkpoint.pt,permutation_invariant_binary_partition,architexture_binary_v1,0.977822994754053,0.9557012185468804
fixed_uniform_gates_all_scales,test,205,56,"cluster_1->texture_a,cluster_0->texture_b",0.014630422557365937,0.8879010940755404,0.9434018681826493,0.8879010940755404,"[""fpn_2"", ""fpn_1"", ""fpn_0""]",fpn_2,"[""fpn_2"", ""fpn_1"", ""fpn_0""]","{""fpn_0"": [256, 288, 288], ""fpn_1"": [256, 144, 144], ""fpn_2"": [256, 72, 72]}","{""fpn_0"": [256, 72, 72], ""fpn_1"": [256, 72, 72], ""fpn_2"": [256, 72, 72]}",72,72,64,32,False,"[0.0, 0.0, 0.0]","{""fpn_0"": 0.3333333432674408, ""fpn_1"": 0.3333333432674408, ""fpn_2"": 0.3333333432674408}","fpn_2=0.333,fpn_1=0.333,fpn_0=0.333",deterministic_kmeans,cosine,2,outputs/rwtd_sam3_auto/coarse_vs_fine_sam_scales/stage2/train_fixed_uniform_gates_all_scales_test/checkpoint.pt,permutation_invariant_binary_partition,architexture_binary_v1,0.9434018681826493,0.8879010940755404
fixed_uniform_gates_all_scales,test,206,58,"cluster_1->texture_a,cluster_0->texture_b",0.009040533155494189,0.9295092198751959,0.9646648930383861,0.9295092198751959,"[""fpn_2"", ""fpn_1"", ""fpn_0""]",fpn_2,"[""fpn_2"", ""fpn_1"", ""fpn_0""]","{""fpn_0"": [256, 288, 288], ""fpn_1"": [256, 144, 144], ""fpn_2"": [256, 72, 72]}","{""fpn_0"": [256, 72, 72], ""fpn_1"": [256, 72, 72], ""fpn_2"": [256, 72, 72]}",72,72,64,32,False,"[0.0, 0.0, 0.0]","{""fpn_0"": 0.3333333432674408, ""fpn_1"": 0.3333333432674408, ""fpn_2"": 0.3333333432674408}","fpn_2=0.333,fpn_1=0.333,fpn_0=0.333",deterministic_kmeans,cosine,2,outputs/rwtd_sam3_auto/coarse_vs_fine_sam_scales/stage2/train_fixed_uniform_gates_all_scales_test/checkpoint.pt,permutation_invariant_binary_partition,architexture_binary_v1,0.9646648930383861,0.9295092198751959
fixed_uniform_gates_all_scales,test,207,59,"cluster_1->texture_a,cluster_0->texture_b",0.010015830180978244,0.9222234033779817,0.9608403345084584,0.9222234033779817,"[""fpn_2"", ""fpn_1"", ""fpn_0""]",fpn_2,"[""fpn_2"", ""fpn_1"", ""fpn_0""]","{""fpn_0"": [256, 288, 288], ""fpn_1"": [256, 144, 144], ""fpn_2"": [256, 72, 72]}","{""fpn_0"": [256, 72, 72], ""fpn_1"": [256, 72, 72], ""fpn_2"": [256, 72, 72]}",72,72,64,32,False,"[0.0, 0.0, 0.0]","{""fpn_0"": 0.3333333432674408, ""fpn_1"": 0.3333333432674408, ""fpn_2"": 0.3333333432674408}","fpn_2=0.333,fpn_1=0.333,fpn_0=0.333",deterministic_kmeans,cosine,2,outputs/rwtd_sam3_auto/coarse_vs_fine_sam_scales/stage2/train_fixed_uniform_gates_all_scales_test/checkpoint.pt,permutation_invariant_binary_partition,architexture_binary_v1,0.9608403345084584,0.9222234033779817
fixed_uniform_gates_all_scales,test,208,60,"cluster_0->texture_a,cluster_1->texture_b",0.9738810201882097,0.9524676190733337,0.005959636202749956,0.9524676190733337,"[""fpn_2"", ""fpn_1"", ""fpn_0""]",fpn_2,"[""fpn_2"", ""fpn_1"", ""fpn_0""]","{""fpn_0"": [256, 288, 288], ""fpn_1"": [256, 144, 144], ""fpn_2"": [256, 72, 72]}","{""fpn_0"": [256, 72, 72], ""fpn_1"": [256, 72, 72], ""fpn_2"": [256, 72, 72]}",72,72,64,32,False,"[0.0, 0.0, 0.0]","{""fpn_0"": 0.3333333432674408, ""fpn_1"": 0.3333333432674408, ""fpn_2"": 0.3333333432674408}","fpn_2=0.333,fpn_1=0.333,fpn_0=0.333",deterministic_kmeans,cosine,2,outputs/rwtd_sam3_auto/coarse_vs_fine_sam_scales/stage2/train_fixed_uniform_gates_all_scales_test/checkpoint.pt,permutation_invariant_binary_partition,architexture_binary_v1,0.9738810201882097,0.9524676190733337
fixed_uniform_gates_all_scales,test,209,63,"cluster_0->texture_a,cluster_1->texture_b",0.9264791996863039,0.8668345712784326,0.017055530493017723,0.8668345712784326,"[""fpn_2"", ""fpn_1"", ""fpn_0""]",fpn_2,"[""fpn_2"", ""fpn_1"", ""fpn_0""]","{""fpn_0"": [256, 288, 288], ""fpn_1"": [256, 144, 144], ""fpn_2"": [256, 72, 72]}","{""fpn_0"": [256, 72, 72], ""fpn_1"": [256, 72, 72], ""fpn_2"": [256, 72, 72]}",72,72,64,32,False,"[0.0, 0.0, 0.0]","{""fpn_0"": 0.3333333432674408, ""fpn_1"": 0.3333333432674408, ""fpn_2"": 0.3333333432674408}","fpn_2=0.333,fpn_1=0.333,fpn_0=0.333",deterministic_kmeans,cosine,2,outputs/rwtd_sam3_auto/coarse_vs_fine_sam_scales/stage2/train_fixed_uniform_gates_all_scales_test/checkpoint.pt,permutation_invariant_binary_partition,architexture_binary_v1,0.9264791996863039,0.8668345712784326
fixed_uniform_gates_all_scales,test,210,67,"cluster_1->texture_a,cluster_0->texture_b",0.03848292189642589,0.7201135221729653,0.8551253617736163,0.7201135221729653,"[""fpn_2"", ""fpn_1"", ""fpn_0""]",fpn_2,"[""fpn_2"", ""fpn_1"", ""fpn_0""]","{""fpn_0"": [256, 288, 288], ""fpn_1"": [256, 144, 144], ""fpn_2"": [256, 72, 72]}","{""fpn_0"": [256, 72, 72], ""fpn_1"": [256, 72, 72], ""fpn_2"": [256, 72, 72]}",72,72,64,32,False,"[0.0, 0.0, 0.0]","{""fpn_0"": 0.3333333432674408, ""fpn_1"": 0.3333333432674408, ""fpn_2"": 0.3333333432674408}","fpn_2=0.333,fpn_1=0.333,fpn_0=0.333",deterministic_kmeans,cosine,2,outputs/rwtd_sam3_auto/coarse_vs_fine_sam_scales/stage2/train_fixed_uniform_gates_all_scales_test/checkpoint.pt,permutation_invariant_binary_partition,architexture_binary_v1,0.8551253617736163,0.7201135221729653
fixed_uniform_gates_all_scales,test,211,69,"cluster_0->texture_a,cluster_1->texture_b",0.8567380488693344,0.7152062066555506,0.03920917276571013,0.7152062066555506,"[""fpn_2"", ""fpn_1"", ""fpn_0""]",fpn_2,"[""fpn_2"", ""fpn_1"", ""fpn_0""]","{""fpn_0"": [256, 288, 288], ""fpn_1"": [256, 144, 144], ""fpn_2"": [256, 72, 72]}","{""fpn_0"": [256, 72, 72], ""fpn_1"": [256, 72, 72], ""fpn_2"": [256, 72, 72]}",72,72,64,32,False,"[0.0, 0.0, 0.0]","{""fpn_0"": 0.3333333432674408, ""fpn_1"": 0.3333333432674408, ""fpn_2"": 0.3333333432674408}","fpn_2=0.333,fpn_1=0.333,fpn_0=0.333",deterministic_kmeans,cosine,2,outputs/rwtd_sam3_auto/coarse_vs_fine_sam_scales/stage2/train_fixed_uniform_gates_all_scales_test/checkpoint.pt,permutation_invariant_binary_partition,architexture_binary_v1,0.8567380488693344,0.7152062066555506
fixed_uniform_gates_all_scales,test,212,70,"cluster_0->texture_a,cluster_1->texture_b",0.9828456132877095,0.9659301894187986,0.004313549911808569,0.9659301894187986,"[""fpn_2"", ""fpn_1"", ""fpn_0""]",fpn_2,"[""fpn_2"", ""fpn_1"", ""fpn_0""]","{""fpn_0"": [256, 288, 288], ""fpn_1"": [256, 144, 144], ""fpn_2"": [256, 72, 72]}","{""fpn_0"": [256, 72, 72], ""fpn_1"": [256, 72, 72], ""fpn_2"": [256, 72, 72]}",72,72,64,32,False,"[0.0, 0.0, 0.0]","{""fpn_0"": 0.3333333432674408, ""fpn_1"": 0.3333333432674408, ""fpn_2"": 0.3333333432674408}","fpn_2=0.333,fpn_1=0.333,fpn_0=0.333",deterministic_kmeans,cosine,2,outputs/rwtd_sam3_auto/coarse_vs_fine_sam_scales/stage2/train_fixed_uniform_gates_all_scales_test/checkpoint.pt,permutation_invariant_binary_partition,architexture_binary_v1,0.9828456132877095,0.9659301894187986
fixed_uniform_gates_all_scales,test,213,71,"cluster_1->texture_a,cluster_0->texture_b",0.010616237404638153,0.9041162338338354,0.9358996092802887,0.9041162338338354,"[""fpn_2"", ""fpn_1"", ""fpn_0""]",fpn_2,"[""fpn_2"", ""fpn_1"", ""fpn_0""]","{""fpn_0"": [256, 288, 288], ""fpn_1"": [256, 144, 144], ""fpn_2"": [256, 72, 72]}","{""fpn_0"": [256, 72, 72], ""fpn_1"": [256, 72, 72], ""fpn_2"": [256, 72, 72]}",72,72,64,32,False,"[0.0, 0.0, 0.0]","{""fpn_0"": 0.3333333432674408, ""fpn_1"": 0.3333333432674408, ""fpn_2"": 0.3333333432674408}","fpn_2=0.333,fpn_1=0.333,fpn_0=0.333",deterministic_kmeans,cosine,2,outputs/rwtd_sam3_auto/coarse_vs_fine_sam_scales/stage2/train_fixed_uniform_gates_all_scales_test/checkpoint.pt,permutation_invariant_binary_partition,architexture_binary_v1,0.9358996092802887,0.9041162338338354
fixed_uniform_gates_all_scales,test,214,73,"cluster_0->texture_a,cluster_1->texture_b",0.9720802259327217,0.9442198292728864,0.007118195882545838,0.9442198292728864,"[""fpn_2"", ""fpn_1"", ""fpn_0""]",fpn_2,"[""fpn_2"", ""fpn_1"", ""fpn_0""]","{""fpn_0"": [256, 288, 288], ""fpn_1"": [256, 144, 144], ""fpn_2"": [256, 72, 72]}","{""fpn_0"": [256, 72, 72], ""fpn_1"": [256, 72, 72], ""fpn_2"": [256, 72, 72]}",72,72,64,32,False,"[0.0, 0.0, 0.0]","{""fpn_0"": 0.3333333432674408, ""fpn_1"": 0.3333333432674408, ""fpn_2"": 0.3333333432674408}","fpn_2=0.333,fpn_1=0.333,fpn_0=0.333",deterministic_kmeans,cosine,2,outputs/rwtd_sam3_auto/coarse_vs_fine_sam_scales/stage2/train_fixed_uniform_gates_all_scales_test/checkpoint.pt,permutation_invariant_binary_partition,architexture_binary_v1,0.9720802259327217,0.9442198292728864
fixed_uniform_gates_all_scales,test,215,74,"cluster_0->texture_a,cluster_1->texture_b",0.9265659675364913,0.8538489557875713,0.019342259107543325,0.8538489557875713,"[""fpn_2"", ""fpn_1"", ""fpn_0""]",fpn_2,"[""fpn_2"", ""fpn_1"", ""fpn_0""]","{""fpn_0"": [256, 288, 288], ""fpn_1"": [256, 144, 144], ""fpn_2"": [256, 72, 72]}","{""fpn_0"": [256, 72, 72], ""fpn_1"": [256, 72, 72], ""fpn_2"": [256, 72, 72]}",72,72,64,32,False,"[0.0, 0.0, 0.0]","{""fpn_0"": 0.3333333432674408, ""fpn_1"": 0.3333333432674408, ""fpn_2"": 0.3333333432674408}","fpn_2=0.333,fpn_1=0.333,fpn_0=0.333",deterministic_kmeans,cosine,2,outputs/rwtd_sam3_auto/coarse_vs_fine_sam_scales/stage2/train_fixed_uniform_gates_all_scales_test/checkpoint.pt,permutation_invariant_binary_partition,architexture_binary_v1,0.9265659675364913,0.8538489557875713
fixed_uniform_gates_all_scales,test,216,76,"cluster_1->texture_a,cluster_0->texture_b",0.0032691679020775124,0.9740450555086663,0.9869062795099068,0.9740450555086663,"[""fpn_2"", ""fpn_1"", ""fpn_0""]",fpn_2,"[""fpn_2"", ""fpn_1"", ""fpn_0""]","{""fpn_0"": [256, 288, 288], ""fpn_1"": [256, 144, 144], ""fpn_2"": [256, 72, 72]}","{""fpn_0"": [256, 72, 72], ""fpn_1"": [256, 72, 72], ""fpn_2"": [256, 72, 72]}",72,72,64,32,False,"[0.0, 0.0, 0.0]","{""fpn_0"": 0.3333333432674408, ""fpn_1"": 0.3333333432674408, ""fpn_2"": 0.3333333432674408}","fpn_2=0.333,fpn_1=0.333,fpn_0=0.333",deterministic_kmeans,cosine,2,outputs/rwtd_sam3_auto/coarse_vs_fine_sam_scales/stage2/train_fixed_uniform_gates_all_scales_test/checkpoint.pt,permutation_invariant_binary_partition,architexture_binary_v1,0.9869062795099068,0.9740450555086663
fixed_uniform_gates_all_scales,test,217,77,"cluster_0->texture_a,cluster_1->texture_b",0.8839818565127303,0.8250425181948924,0.01955881795434764,0.8250425181948924,"[""fpn_2"", ""fpn_1"", ""fpn_0""]",fpn_2,"[""fpn_2"", ""fpn_1"", ""fpn_0""]","{""fpn_0"": [256, 288, 288], ""fpn_1"": [256, 144, 144], ""fpn_2"": [256, 72, 72]}","{""fpn_0"": [256, 72, 72], ""fpn_1"": [256, 72, 72], ""fpn_2"": [256, 72, 72]}",72,72,64,32,False,"[0.0, 0.0, 0.0]","{""fpn_0"": 0.3333333432674408, ""fpn_1"": 0.3333333432674408, ""fpn_2"": 0.3333333432674408}","fpn_2=0.333,fpn_1=0.333,fpn_0=0.333",deterministic_kmeans,cosine,2,outputs/rwtd_sam3_auto/coarse_vs_fine_sam_scales/stage2/train_fixed_uniform_gates_all_scales_test/checkpoint.pt,permutation_invariant_binary_partition,architexture_binary_v1,0.8839818565127303,0.8250425181948924
fixed_uniform_gates_all_scales,test,218,78,"cluster_1->texture_a,cluster_0->texture_b",0.011637375951434574,0.9093334367237348,0.9509094559862816,0.9093334367237348,"[""fpn_2"", ""fpn_1"", ""fpn_0""]",fpn_2,"[""fpn_2"", ""fpn_1"", ""fpn_0""]","{""fpn_0"": [256, 288, 288], ""fpn_1"": [256, 144, 144], ""fpn_2"": [256, 72, 72]}","{""fpn_0"": [256, 72, 72], ""fpn_1"": [256, 72, 72], ""fpn_2"": [256, 72, 72]}",72,72,64,32,False,"[0.0, 0.0, 0.0]","{""fpn_0"": 0.3333333432674408, ""fpn_1"": 0.3333333432674408, ""fpn_2"": 0.3333333432674408}","fpn_2=0.333,fpn_1=0.333,fpn_0=0.333",deterministic_kmeans,cosine,2,outputs/rwtd_sam3_auto/coarse_vs_fine_sam_scales/stage2/train_fixed_uniform_gates_all_scales_test/checkpoint.pt,permutation_invariant_binary_partition,architexture_binary_v1,0.9509094559862816,0.9093334367237348
fixed_uniform_gates_all_scales,test,219,79,"cluster_1->texture_a,cluster_0->texture_b",0.025721174941119647,0.7755775919641666,0.8534131242563701,0.7755775919641666,"[""fpn_2"", ""fpn_1"", ""fpn_0""]",fpn_2,"[""fpn_2"", ""fpn_1"", ""fpn_0""]","{""fpn_0"": [256, 288, 288], ""fpn_1"": [256, 144, 144], ""fpn_2"": [256, 72, 72]}","{""fpn_0"": [256, 72, 72], ""fpn_1"": [256, 72, 72], ""fpn_2"": [256, 72, 72]}",72,72,64,32,False,"[0.0, 0.0, 0.0]","{""fpn_0"": 0.3333333432674408, ""fpn_1"": 0.3333333432674408, ""fpn_2"": 0.3333333432674408}","fpn_2=0.333,fpn_1=0.333,fpn_0=0.333",deterministic_kmeans,cosine,2,outputs/rwtd_sam3_auto/coarse_vs_fine_sam_scales/stage2/train_fixed_uniform_gates_all_scales_test/checkpoint.pt,permutation_invariant_binary_partition,architexture_binary_v1,0.8534131242563701,0.7755775919641666
fixed_uniform_gates_all_scales,test,220,8,"cluster_1->texture_a,cluster_0->texture_b",0.02005763677695093,0.8482618020530498,0.9224757390126775,0.8482618020530498,"[""fpn_2"", ""fpn_1"", ""fpn_0""]",fpn_2,"[""fpn_2"", ""fpn_1"", ""fpn_0""]","{""fpn_0"": [256, 288, 288], ""fpn_1"": [256, 144, 144], ""fpn_2"": [256, 72, 72]}","{""fpn_0"": [256, 72, 72], ""fpn_1"": [256, 72, 72], ""fpn_2"": [256, 72, 72]}",72,72,64,32,False,"[0.0, 0.0, 0.0]","{""fpn_0"": 0.3333333432674408, ""fpn_1"": 0.3333333432674408, ""fpn_2"": 0.3333333432674408}","fpn_2=0.333,fpn_1=0.333,fpn_0=0.333",deterministic_kmeans,cosine,2,outputs/rwtd_sam3_auto/coarse_vs_fine_sam_scales/stage2/train_fixed_uniform_gates_all_scales_test/checkpoint.pt,permutation_invariant_binary_partition,architexture_binary_v1,0.9224757390126775,0.8482618020530498
fixed_uniform_gates_all_scales,test,221,84,"cluster_0->texture_a,cluster_1->texture_b",0.9422751927645006,0.887213285610071,0.014701193965378962,0.887213285610071,"[""fpn_2"", ""fpn_1"", ""fpn_0""]",fpn_2,"[""fpn_2"", ""fpn_1"", ""fpn_0""]","{""fpn_0"": [256, 288, 288], ""fpn_1"": [256, 144, 144], ""fpn_2"": [256, 72, 72]}","{""fpn_0"": [256, 72, 72], ""fpn_1"": [256, 72, 72], ""fpn_2"": [256, 72, 72]}",72,72,64,32,False,"[0.0, 0.0, 0.0]","{""fpn_0"": 0.3333333432674408, ""fpn_1"": 0.3333333432674408, ""fpn_2"": 0.3333333432674408}","fpn_2=0.333,fpn_1=0.333,fpn_0=0.333",deterministic_kmeans,cosine,2,outputs/rwtd_sam3_auto/coarse_vs_fine_sam_scales/stage2/train_fixed_uniform_gates_all_scales_test/checkpoint.pt,permutation_invariant_binary_partition,architexture_binary_v1,0.9422751927645006,0.887213285610071
fixed_uniform_gates_all_scales,test,222,85,"cluster_0->texture_a,cluster_1->texture_b",0.9801994826913374,0.9617481222378851,0.004823801598176512,0.9617481222378851,"[""fpn_2"", ""fpn_1"", ""fpn_0""]",fpn_2,"[""fpn_2"", ""fpn_1"", ""fpn_0""]","{""fpn_0"": [256, 288, 288], ""fpn_1"": [256, 144, 144], ""fpn_2"": [256, 72, 72]}","{""fpn_0"": [256, 72, 72], ""fpn_1"": [256, 72, 72], ""fpn_2"": [256, 72, 72]}",72,72,64,32,False,"[0.0, 0.0, 0.0]","{""fpn_0"": 0.3333333432674408, ""fpn_1"": 0.3333333432674408, ""fpn_2"": 0.3333333432674408}","fpn_2=0.333,fpn_1=0.333,fpn_0=0.333",deterministic_kmeans,cosine,2,outputs/rwtd_sam3_auto/coarse_vs_fine_sam_scales/stage2/train_fixed_uniform_gates_all_scales_test/checkpoint.pt,permutation_invariant_binary_partition,architexture_binary_v1,0.9801994826913374,0.9617481222378851
fixed_uniform_gates_all_scales,test,223,86,"cluster_1->texture_a,cluster_0->texture_b",0.021903411833804426,0.8340138762494017,0.9116630529612204,0.8340138762494017,"[""fpn_2"", ""fpn_1"", ""fpn_0""]",fpn_2,"[""fpn_2"", ""fpn_1"", ""fpn_0""]","{""fpn_0"": [256, 288, 288], ""fpn_1"": [256, 144, 144], ""fpn_2"": [256, 72, 72]}","{""fpn_0"": [256, 72, 72], ""fpn_1"": [256, 72, 72], ""fpn_2"": [256, 72, 72]}",72,72,64,32,False,"[0.0, 0.0, 0.0]","{""fpn_0"": 0.3333333432674408, ""fpn_1"": 0.3333333432674408, ""fpn_2"": 0.3333333432674408}","fpn_2=0.333,fpn_1=0.333,fpn_0=0.333",deterministic_kmeans,cosine,2,outputs/rwtd_sam3_auto/coarse_vs_fine_sam_scales/stage2/train_fixed_uniform_gates_all_scales_test/checkpoint.pt,permutation_invariant_binary_partition,architexture_binary_v1,0.9116630529612204,0.8340138762494017
fixed_uniform_gates_all_scales,test,224,88,"cluster_1->texture_a,cluster_0->texture_b",0.020632004255785617,0.843168512922384,0.9214313881006044,0.843168512922384,"[""fpn_2"", ""fpn_1"", ""fpn_0""]",fpn_2,"[""fpn_2"", ""fpn_1"", ""fpn_0""]","{""fpn_0"": [256, 288, 288], ""fpn_1"": [256, 144, 144], ""fpn_2"": [256, 72, 72]}","{""fpn_0"": [256, 72, 72], ""fpn_1"": [256, 72, 72], ""fpn_2"": [256, 72, 72]}",72,72,64,32,False,"[0.0, 0.0, 0.0]","{""fpn_0"": 0.3333333432674408, ""fpn_1"": 0.3333333432674408, ""fpn_2"": 0.3333333432674408}","fpn_2=0.333,fpn_1=0.333,fpn_0=0.333",deterministic_kmeans,cosine,2,outputs/rwtd_sam3_auto/coarse_vs_fine_sam_scales/stage2/train_fixed_uniform_gates_all_scales_test/checkpoint.pt,permutation_invariant_binary_partition,architexture_binary_v1,0.9214313881006044,0.843168512922384
fixed_uniform_gates_all_scales,test,225,95,"cluster_0->texture_a,cluster_1->texture_b",0.7165804553213742,0.4522018214743989,0.08267805053600993,0.4522018214743989,"[""fpn_2"", ""fpn_1"", ""fpn_0""]",fpn_2,"[""fpn_2"", ""fpn_1"", ""fpn_0""]","{""fpn_0"": [256, 288, 288], ""fpn_1"": [256, 144, 144], ""fpn_2"": [256, 72, 72]}","{""fpn_0"": [256, 72, 72], ""fpn_1"": [256, 72, 72], ""fpn_2"": [256, 72, 72]}",72,72,64,32,False,"[0.0, 0.0, 0.0]","{""fpn_0"": 0.3333333432674408, ""fpn_1"": 0.3333333432674408, ""fpn_2"": 0.3333333432674408}","fpn_2=0.333,fpn_1=0.333,fpn_0=0.333",deterministic_kmeans,cosine,2,outputs/rwtd_sam3_auto/coarse_vs_fine_sam_scales/stage2/train_fixed_uniform_gates_all_scales_test/checkpoint.pt,permutation_invariant_binary_partition,architexture_binary_v1,0.7165804553213742,0.4522018214743989
fixed_uniform_gates_all_scales,test,226,96,"cluster_0->texture_a,cluster_1->texture_b",0.7264008592389468,0.4662055897654179,0.0792388916015625,0.4662055897654179,"[""fpn_2"", ""fpn_1"", ""fpn_0""]",fpn_2,"[""fpn_2"", ""fpn_1"", ""fpn_0""]","{""fpn_0"": [256, 288, 288], ""fpn_1"": [256, 144, 144], ""fpn_2"": [256, 72, 72]}","{""fpn_0"": [256, 72, 72], ""fpn_1"": [256, 72, 72], ""fpn_2"": [256, 72, 72]}",72,72,64,32,False,"[0.0, 0.0, 0.0]","{""fpn_0"": 0.3333333432674408, ""fpn_1"": 0.3333333432674408, ""fpn_2"": 0.3333333432674408}","fpn_2=0.333,fpn_1=0.333,fpn_0=0.333",deterministic_kmeans,cosine,2,outputs/rwtd_sam3_auto/coarse_vs_fine_sam_scales/stage2/train_fixed_uniform_gates_all_scales_test/checkpoint.pt,permutation_invariant_binary_partition,architexture_binary_v1,0.7264008592389468,0.4662055897654179
