route,dataset_id,variant,split,sample_index,crop_name,num_predicted_masks,miou,ari,miou_agg,texture_a_best_iou,texture_b_best_iou,texture_a_agg_iou,texture_b_agg_iou,texture_a_overlap_mask_count,texture_b_overlap_mask_count,mask_score_mean,mask_score_median,feature_cluster_coarse_to_fine_global_pooled_init_coarse_only_status,evaluation_view,label_permutation_invariant,assignment_used,assignment_source_for_texture_a,assignment_source_for_texture_b,assignment_direct_miou,assignment_direct_ari,assignment_swapped_miou,assignment_swapped_ari,evaluation_selector,num_feature_levels,coarsest_level_name,finest_level_name,feature_level_names,feature_level_resolutions,cluster_pixel_count_a,cluster_pixel_count_b,rough_mask_positive_pixels_a,rough_mask_positive_pixels_b,refined_mask_positive_pixels_a,refined_mask_positive_pixels_b,refined_score_a,refined_score_b,refined_pair_selection_score,refined_pair_overlap_iou,output_stage,coarsest_init_mode,multiscale_refinement_applied,sam_refinement_applied,foreground_cluster_a_iou,foreground_cluster_b_iou,coarsest_pool_kernel_size,coarsest_pool_stride,pooled_grid_resolution,active_coarsest_component_stats_json
stld,architexture:stld,feature_cluster_coarse_to_fine_global_pooled_init_coarse_only,benchmark,0,1,2,0.2836875847850375,-0.011033012132239449,0.5,0.12580645161290321,0.44156871795717184,0.0975189208984375,0.9024810791015625,2,2,0.0,0.0,ok,direct_foreground,False,"cluster_b->foreground,cluster_a->background",cluster_b,cluster_a,0.2755728638636668,-0.011033012132239449,0.2836875847850375,-0.011033012132239449,best_foreground_cluster_iou,1,fpn_2,fpn_2,fpn_2,72x72,28302,37234,28302,37234,28302,37234,0.0,0.0,0.0,0.0,coarsest_pooled_direct,pooled_avg_pool_coarse_only,False,False,0.04569430629653073,0.12580645161290321,3,3,24x24,"{""cluster_0"": {""cluster_value"": 0, ""component_size_histogram"": {""2250"": 1}, ""largest_component_size"": 2250, ""num_1_cell_components"": 0, ""num_2_cell_components"": 0, ""num_components"": 1, ""smallest_component_size"": 2250, ""tiny_component_pixel_fraction"": 0.0, ""tiny_component_pixels"": 0}, ""cluster_1"": {""cluster_value"": 1, ""component_size_histogram"": {""2934"": 1}, ""largest_component_size"": 2934, ""num_1_cell_components"": 0, ""num_2_cell_components"": 0, ""num_components"": 1, ""smallest_component_size"": 2934, ""tiny_component_pixel_fraction"": 0.0, ""tiny_component_pixels"": 0}}"
stld,architexture:stld,feature_cluster_coarse_to_fine_global_pooled_init_coarse_only,benchmark,1,2,2,0.3539381903713062,0.020587897850359933,0.5,0.17807494489346068,0.5298014358491517,0.0931854248046875,0.9068145751953125,2,2,0.0,0.0,ok,direct_foreground,False,"cluster_a->foreground,cluster_b->background",cluster_a,cluster_b,0.3539381903713062,0.020587897850359933,0.21379154730016614,0.020587897850359933,best_foreground_cluster_iou,1,fpn_2,fpn_2,fpn_2,72x72,33977,31559,33977,31559,33977,31559,0.0,0.0,0.0,0.0,coarsest_pooled_direct,pooled_avg_pool_coarse_only,False,False,0.17807494489346068,0.00127598490084534,3,3,24x24,"{""cluster_0"": {""cluster_value"": 0, ""component_size_histogram"": {""2682"": 1}, ""largest_component_size"": 2682, ""num_1_cell_components"": 0, ""num_2_cell_components"": 0, ""num_components"": 1, ""smallest_component_size"": 2682, ""tiny_component_pixel_fraction"": 0.0, ""tiny_component_pixels"": 0}, ""cluster_1"": {""cluster_value"": 1, ""component_size_histogram"": {""2493"": 1, ""9"": 1}, ""largest_component_size"": 2493, ""num_1_cell_components"": 0, ""num_2_cell_components"": 0, ""num_components"": 2, ""smallest_component_size"": 9, ""tiny_component_pixel_fraction"": 0.0, ""tiny_component_pixels"": 0}}"
stld,architexture:stld,feature_cluster_coarse_to_fine_global_pooled_init_coarse_only,benchmark,2,3,2,0.611948014781958,0.3030514680201924,0.5,0.5205412455167917,0.7033547840471244,0.244903564453125,0.755096435546875,2,2,0.0,0.0,ok,direct_foreground,False,"cluster_b->foreground,cluster_a->background",cluster_b,cluster_a,0.1125213133934246,0.3030514680201924,0.611948014781958,0.3030514680201924,best_foreground_cluster_iou,1,fpn_2,fpn_2,fpn_2,72x72,34951,30585,34951,30585,34951,30585,0.0,0.0,0.0,0.0,coarsest_pooled_direct,pooled_avg_pool_coarse_only,False,False,0.0016694162935030246,0.5205412455167917,3,3,24x24,"{""cluster_0"": {""cluster_value"": 0, ""component_size_histogram"": {""2763"": 1, ""9"": 1}, ""largest_component_size"": 2763, ""num_1_cell_components"": 0, ""num_2_cell_components"": 0, ""num_components"": 2, ""smallest_component_size"": 9, ""tiny_component_pixel_fraction"": 0.0, ""tiny_component_pixels"": 0}, ""cluster_1"": {""cluster_value"": 1, ""component_size_histogram"": {""2412"": 1}, ""largest_component_size"": 2412, ""num_1_cell_components"": 0, ""num_2_cell_components"": 0, ""num_components"": 1, ""smallest_component_size"": 2412, ""tiny_component_pixel_fraction"": 0.0, ""tiny_component_pixels"": 0}}"
stld,architexture:stld,feature_cluster_coarse_to_fine_global_pooled_init_coarse_only,benchmark,3,4,2,0.3021386503405572,0.001222738094577997,0.5,0.11327218164316856,0.49100511903794586,0.0838623046875,0.9161376953125,2,2,0.0,0.0,ok,direct_foreground,False,"cluster_a->foreground,cluster_b->background",cluster_a,cluster_b,0.3021386503405572,0.001222738094577997,0.25379895683514253,0.001222738094577997,best_foreground_cluster_iou,1,fpn_2,fpn_2,fpn_2,72x72,33827,31709,33827,31709,33827,31709,0.0,0.0,0.0,0.0,coarsest_pooled_direct,pooled_avg_pool_coarse_only,False,False,0.11327218164316856,0.041865023802856345,3,3,24x24,"{""cluster_0"": {""cluster_value"": 0, ""component_size_histogram"": {""2682"": 1}, ""largest_component_size"": 2682, ""num_1_cell_components"": 0, ""num_2_cell_components"": 0, ""num_components"": 1, ""smallest_component_size"": 2682, ""tiny_component_pixel_fraction"": 0.0, ""tiny_component_pixels"": 0}, ""cluster_1"": {""cluster_value"": 1, ""component_size_histogram"": {""2502"": 1}, ""largest_component_size"": 2502, ""num_1_cell_components"": 0, ""num_2_cell_components"": 0, ""num_components"": 1, ""smallest_component_size"": 2502, ""tiny_component_pixel_fraction"": 0.0, ""tiny_component_pixels"": 0}}"
stld,architexture:stld,feature_cluster_coarse_to_fine_global_pooled_init_coarse_only,benchmark,4,5,2,0.40514682970615096,0.022108936642562863,0.5,0.30830786761278295,0.501985791799519,0.1831817626953125,0.8168182373046875,2,2,0.0,0.0,ok,direct_foreground,False,"cluster_b->foreground,cluster_a->background",cluster_b,cluster_a,0.2046052575243179,0.022108936642562863,0.40514682970615096,0.022108936642562863,best_foreground_cluster_iou,1,fpn_2,fpn_2,fpn_2,72x72,27022,38514,27022,38514,27022,38514,0.0,0.0,0.0,0.0,coarsest_pooled_direct,pooled_avg_pool_coarse_only,False,False,0.0025689110386107328,0.30830786761278295,3,3,24x24,"{""cluster_0"": {""cluster_value"": 0, ""component_size_histogram"": {""2133"": 1, ""9"": 1}, ""largest_component_size"": 2133, ""num_1_cell_components"": 0, ""num_2_cell_components"": 0, ""num_components"": 2, ""smallest_component_size"": 9, ""tiny_component_pixel_fraction"": 0.0, ""tiny_component_pixels"": 0}, ""cluster_1"": {""cluster_value"": 1, ""component_size_histogram"": {""3042"": 1}, ""largest_component_size"": 3042, ""num_1_cell_components"": 0, ""num_2_cell_components"": 0, ""num_components"": 1, ""smallest_component_size"": 3042, ""tiny_component_pixel_fraction"": 0.0, ""tiny_component_pixels"": 0}}"
stld,architexture:stld,feature_cluster_coarse_to_fine_global_pooled_init_coarse_only,benchmark,5,6,2,0.3359900548490504,0.0012460374964770688,0.5,0.24072515688490298,0.4312549528131979,0.2787628173828125,0.7212371826171875,2,2,0.0,0.0,ok,direct_foreground,False,"cluster_b->foreground,cluster_a->background",cluster_b,cluster_a,0.3013817730640177,0.0012460374964770688,0.3359900548490504,0.0012460374964770688,best_foreground_cluster_iou,1,fpn_2,fpn_2,fpn_2,72x72,32202,33334,32202,33334,32202,33334,0.0,0.0,0.0,0.0,coarsest_pooled_direct,pooled_avg_pool_coarse_only,False,False,0.195598616572701,0.24072515688490298,3,3,24x24,"{""cluster_0"": {""cluster_value"": 0, ""component_size_histogram"": {""2511"": 1, ""27"": 1}, ""largest_component_size"": 2511, ""num_1_cell_components"": 0, ""num_2_cell_components"": 0, ""num_components"": 2, ""smallest_component_size"": 27, ""tiny_component_pixel_fraction"": 0.0, ""tiny_component_pixels"": 0}, ""cluster_1"": {""cluster_value"": 1, ""component_size_histogram"": {""2646"": 1}, ""largest_component_size"": 2646, ""num_1_cell_components"": 0, ""num_2_cell_components"": 0, ""num_components"": 1, ""smallest_component_size"": 2646, ""tiny_component_pixel_fraction"": 0.0, ""tiny_component_pixels"": 0}}"
stld,architexture:stld,feature_cluster_coarse_to_fine_global_pooled_init_coarse_only,benchmark,6,7,2,0.6887489673652676,0.5287788746940281,0.5,0.478805560322636,0.8986923744078992,0.0860443115234375,0.9139556884765625,2,2,0.0,0.0,ok,direct_foreground,False,"cluster_a->foreground,cluster_b->background",cluster_a,cluster_b,0.6887489673652676,0.5287788746940281,0.046427782777635415,0.5287788746940281,best_foreground_cluster_iou,1,fpn_2,fpn_2,fpn_2,72x72,11595,53941,11595,53941,11595,53941,0.0,0.0,0.0,0.0,coarsest_pooled_direct,pooled_avg_pool_coarse_only,False,False,0.478805560322636,0.0009912467868483392,3,3,24x24,"{""cluster_0"": {""cluster_value"": 0, ""component_size_histogram"": {""108"": 1, ""369"": 1, ""441"": 1}, ""largest_component_size"": 441, ""num_1_cell_components"": 0, ""num_2_cell_components"": 0, ""num_components"": 3, ""smallest_component_size"": 108, ""tiny_component_pixel_fraction"": 0.0, ""tiny_component_pixels"": 0}, ""cluster_1"": {""cluster_value"": 1, ""component_size_histogram"": {""4266"": 1}, ""largest_component_size"": 4266, ""num_1_cell_components"": 0, ""num_2_cell_components"": 0, ""num_components"": 1, ""smallest_component_size"": 4266, ""tiny_component_pixel_fraction"": 0.0, ""tiny_component_pixels"": 0}}"
stld,architexture:stld,feature_cluster_coarse_to_fine_global_pooled_init_coarse_only,benchmark,7,8,2,0.6805179477575486,0.507971172219055,0.5,0.4794255524964655,0.8816103430186316,0.098876953125,0.901123046875,2,2,0.0,0.0,ok,direct_foreground,False,"cluster_a->foreground,cluster_b->background",cluster_a,cluster_b,0.6805179477575486,0.507971172219055,0.053438772058738856,0.507971172219055,best_foreground_cluster_iou,1,fpn_2,fpn_2,fpn_2,72x72,13402,52134,13402,52134,13402,52134,0.0,0.0,0.0,0.0,coarsest_pooled_direct,pooled_avg_pool_coarse_only,False,False,0.4794255524964655,0.0006316472335558325,3,3,24x24,"{""cluster_0"": {""cluster_value"": 0, ""component_size_histogram"": {""1035"": 1, ""9"": 3}, ""largest_component_size"": 1035, ""num_1_cell_components"": 0, ""num_2_cell_components"": 0, ""num_components"": 4, ""smallest_component_size"": 9, ""tiny_component_pixel_fraction"": 0.0, ""tiny_component_pixels"": 0}, ""cluster_1"": {""cluster_value"": 1, ""component_size_histogram"": {""18"": 2, ""27"": 1, ""36"": 1, ""4005"": 1, ""9"": 2}, ""largest_component_size"": 4005, ""num_1_cell_components"": 0, ""num_2_cell_components"": 0, ""num_components"": 7, ""smallest_component_size"": 9, ""tiny_component_pixel_fraction"": 0.0, ""tiny_component_pixels"": 0}}"
stld,architexture:stld,feature_cluster_coarse_to_fine_global_pooled_init_coarse_only,benchmark,8,9,2,0.616960936647176,0.29907518765126895,0.5,0.5444304613401271,0.689491411954225,0.287017822265625,0.712982177734375,2,2,0.0,0.0,ok,direct_foreground,False,"cluster_b->foreground,cluster_a->background",cluster_b,cluster_a,0.11716144314733266,0.29907518765126895,0.616960936647176,0.29907518765126895,best_foreground_cluster_iou,1,fpn_2,fpn_2,fpn_2,72x72,34030,31506,34030,31506,34030,31506,0.0,0.0,0.0,0.0,coarsest_pooled_direct,pooled_avg_pool_coarse_only,False,False,0.02072749048621709,0.5444304613401271,3,3,24x24,"{""cluster_0"": {""cluster_value"": 0, ""component_size_histogram"": {""2673"": 1, ""9"": 1}, ""largest_component_size"": 2673, ""num_1_cell_components"": 0, ""num_2_cell_components"": 0, ""num_components"": 2, ""smallest_component_size"": 9, ""tiny_component_pixel_fraction"": 0.0, ""tiny_component_pixels"": 0}, ""cluster_1"": {""cluster_value"": 1, ""component_size_histogram"": {""2502"": 1}, ""largest_component_size"": 2502, ""num_1_cell_components"": 0, ""num_2_cell_components"": 0, ""num_components"": 1, ""smallest_component_size"": 2502, ""tiny_component_pixel_fraction"": 0.0, ""tiny_component_pixels"": 0}}"
stld,architexture:stld,feature_cluster_coarse_to_fine_global_pooled_init_coarse_only,benchmark,9,10,2,0.2879952253294787,-0.00505589968938773,0.5,0.13782631995304565,0.4381641307059117,0.128326416015625,0.871673583984375,2,2,0.0,0.0,ok,direct_foreground,False,"cluster_b->foreground,cluster_a->background",cluster_b,cluster_a,0.2893934344658973,-0.00505589968938773,0.2879952253294787,-0.00505589968938773,best_foreground_cluster_iou,1,fpn_2,fpn_2,fpn_2,72x72,29358,36178,29358,36178,29358,36178,0.0,0.0,0.0,0.0,coarsest_pooled_direct,pooled_avg_pool_coarse_only,False,False,0.08656750769584856,0.13782631995304565,3,3,24x24,"{""cluster_0"": {""cluster_value"": 0, ""component_size_histogram"": {""2331"": 1}, ""largest_component_size"": 2331, ""num_1_cell_components"": 0, ""num_2_cell_components"": 0, ""num_components"": 1, ""smallest_component_size"": 2331, ""tiny_component_pixel_fraction"": 0.0, ""tiny_component_pixels"": 0}, ""cluster_1"": {""cluster_value"": 1, ""component_size_histogram"": {""2853"": 1}, ""largest_component_size"": 2853, ""num_1_cell_components"": 0, ""num_2_cell_components"": 0, ""num_components"": 1, ""smallest_component_size"": 2853, ""tiny_component_pixel_fraction"": 0.0, ""tiny_component_pixels"": 0}}"
stld,architexture:stld,feature_cluster_coarse_to_fine_global_pooled_init_coarse_only,benchmark,10,11,2,0.3187966203290714,-0.01964526398629235,0.5,0.2953896198677982,0.34220362079034455,0.2836456298828125,0.7163543701171875,2,2,0.0,0.0,ok,direct_foreground,False,"cluster_b->foreground,cluster_a->background",cluster_b,cluster_a,0.3014214208808813,-0.01964526398629235,0.3187966203290714,-0.01964526398629235,best_foreground_cluster_iou,1,fpn_2,fpn_2,fpn_2,72x72,22002,43534,22002,43534,22002,43534,0.0,0.0,0.0,0.0,coarsest_pooled_direct,pooled_avg_pool_coarse_only,False,False,0.12229042247290423,0.2953896198677982,3,3,24x24,"{""cluster_0"": {""cluster_value"": 0, ""component_size_histogram"": {""1746"": 1}, ""largest_component_size"": 1746, ""num_1_cell_components"": 0, ""num_2_cell_components"": 0, ""num_components"": 1, ""smallest_component_size"": 1746, ""tiny_component_pixel_fraction"": 0.0, ""tiny_component_pixels"": 0}, ""cluster_1"": {""cluster_value"": 1, ""component_size_histogram"": {""3438"": 1}, ""largest_component_size"": 3438, ""num_1_cell_components"": 0, ""num_2_cell_components"": 0, ""num_components"": 1, ""smallest_component_size"": 3438, ""tiny_component_pixel_fraction"": 0.0, ""tiny_component_pixels"": 0}}"
stld,architexture:stld,feature_cluster_coarse_to_fine_global_pooled_init_coarse_only,benchmark,11,12,2,0.3506682955977417,0.021159425982211773,0.5,0.16902704789050207,0.5323095433049814,0.0941314697265625,0.9058685302734375,2,2,0.0,0.0,ok,direct_foreground,False,"cluster_b->foreground,cluster_a->background",cluster_b,cluster_a,0.21769480262243485,0.021159425982211773,0.3506682955977417,0.021159425982211773,best_foreground_cluster_iou,1,fpn_2,fpn_2,fpn_2,72x72,32331,33205,32331,33205,32331,33205,0.0,0.0,0.0,0.0,coarsest_pooled_direct,pooled_avg_pool_coarse_only,False,False,0.012518409425625921,0.16902704789050207,3,3,24x24,"{""cluster_0"": {""cluster_value"": 0, ""component_size_histogram"": {""2565"": 1}, ""largest_component_size"": 2565, ""num_1_cell_components"": 0, ""num_2_cell_components"": 0, ""num_components"": 1, ""smallest_component_size"": 2565, ""tiny_component_pixel_fraction"": 0.0, ""tiny_component_pixels"": 0}, ""cluster_1"": {""cluster_value"": 1, ""component_size_histogram"": {""2619"": 1}, ""largest_component_size"": 2619, ""num_1_cell_components"": 0, ""num_2_cell_components"": 0, ""num_components"": 1, ""smallest_component_size"": 2619, ""tiny_component_pixel_fraction"": 0.0, ""tiny_component_pixels"": 0}}"
stld,architexture:stld,feature_cluster_coarse_to_fine_global_pooled_init_coarse_only,benchmark,12,13,2,0.38565992540733385,0.042735983330540225,0.5,0.1537572671794316,0.6175625836352361,0.1188812255859375,0.8811187744140625,2,2,0.0,0.0,ok,direct_foreground,False,"cluster_a->foreground,cluster_b->background",cluster_a,cluster_b,0.38565992540733385,0.042735983330540225,0.1992024064867265,0.042735983330540225,best_foreground_cluster_iou,1,fpn_2,fpn_2,fpn_2,72x72,24160,41376,24160,41376,24160,41376,0.0,0.0,0.0,0.0,coarsest_pooled_direct,pooled_avg_pool_coarse_only,False,False,0.1537572671794316,0.07742034447999299,3,3,24x24,"{""cluster_0"": {""cluster_value"": 0, ""component_size_histogram"": {""1917"": 1}, ""largest_component_size"": 1917, ""num_1_cell_components"": 0, ""num_2_cell_components"": 0, ""num_components"": 1, ""smallest_component_size"": 1917, ""tiny_component_pixel_fraction"": 0.0, ""tiny_component_pixels"": 0}, ""cluster_1"": {""cluster_value"": 1, ""component_size_histogram"": {""3267"": 1}, ""largest_component_size"": 3267, ""num_1_cell_components"": 0, ""num_2_cell_components"": 0, ""num_components"": 1, ""smallest_component_size"": 3267, ""tiny_component_pixel_fraction"": 0.0, ""tiny_component_pixels"": 0}}"
stld,architexture:stld,feature_cluster_coarse_to_fine_global_pooled_init_coarse_only,benchmark,13,14,2,0.3913353057040103,0.05579870094536303,0.5,0.19324244220509781,0.5894281692029228,0.11175537109375,0.88824462890625,2,2,0.0,0.0,ok,direct_foreground,False,"cluster_a->foreground,cluster_b->background",cluster_a,cluster_b,0.3913353057040103,0.05579870094536303,0.19692271676806308,0.05579870094536303,best_foreground_cluster_iou,1,fpn_2,fpn_2,fpn_2,72x72,28910,36626,28910,36626,28910,36626,0.0,0.0,0.0,0.0,coarsest_pooled_direct,pooled_avg_pool_coarse_only,False,False,0.19324244220509781,0.03426366075210618,3,3,24x24,"{""cluster_0"": {""cluster_value"": 0, ""component_size_histogram"": {""2277"": 1}, ""largest_component_size"": 2277, ""num_1_cell_components"": 0, ""num_2_cell_components"": 0, ""num_components"": 1, ""smallest_component_size"": 2277, ""tiny_component_pixel_fraction"": 0.0, ""tiny_component_pixels"": 0}, ""cluster_1"": {""cluster_value"": 1, ""component_size_histogram"": {""2907"": 1}, ""largest_component_size"": 2907, ""num_1_cell_components"": 0, ""num_2_cell_components"": 0, ""num_components"": 1, ""smallest_component_size"": 2907, ""tiny_component_pixel_fraction"": 0.0, ""tiny_component_pixels"": 0}}"
stld,architexture:stld,feature_cluster_coarse_to_fine_global_pooled_init_coarse_only,benchmark,14,15,2,0.5011832130924426,0.12409272543092703,0.5,0.42506129120130753,0.5773051349835777,0.245208740234375,0.754791259765625,2,2,0.0,0.0,ok,direct_foreground,False,"cluster_b->foreground,cluster_a->background",cluster_b,cluster_a,0.16378820437467365,0.12409272543092703,0.5011832130924426,0.12409272543092703,best_foreground_cluster_iou,1,fpn_2,fpn_2,fpn_2,72x72,29292,36244,29292,36244,29292,36244,0.0,0.0,0.0,0.0,coarsest_pooled_direct,pooled_avg_pool_coarse_only,False,False,0.010379543834640056,0.42506129120130753,3,3,24x24,"{""cluster_0"": {""cluster_value"": 0, ""component_size_histogram"": {""2313"": 1, ""9"": 1}, ""largest_component_size"": 2313, ""num_1_cell_components"": 0, ""num_2_cell_components"": 0, ""num_components"": 2, ""smallest_component_size"": 9, ""tiny_component_pixel_fraction"": 0.0, ""tiny_component_pixels"": 0}, ""cluster_1"": {""cluster_value"": 1, ""component_size_histogram"": {""2862"": 1}, ""largest_component_size"": 2862, ""num_1_cell_components"": 0, ""num_2_cell_components"": 0, ""num_components"": 1, ""smallest_component_size"": 2862, ""tiny_component_pixel_fraction"": 0.0, ""tiny_component_pixels"": 0}}"
stld,architexture:stld,feature_cluster_coarse_to_fine_global_pooled_init_coarse_only,benchmark,15,16,2,0.2706999955803541,-0.0033830024773672247,0.5,0.15465412777504853,0.38674586338565975,0.1651458740234375,0.8348541259765625,2,2,0.0,0.0,ok,direct_foreground,False,"cluster_b->foreground,cluster_a->background",cluster_b,cluster_a,0.32294580350472124,-0.0033830024773672247,0.2706999955803541,-0.0033830024773672247,best_foreground_cluster_iou,1,fpn_2,fpn_2,fpn_2,72x72,27001,38535,27001,38535,27001,38535,0.0,0.0,0.0,0.0,coarsest_pooled_direct,pooled_avg_pool_coarse_only,False,False,0.1253123884327026,0.15465412777504853,3,3,24x24,"{""cluster_0"": {""cluster_value"": 0, ""component_size_histogram"": {""2142"": 1}, ""largest_component_size"": 2142, ""num_1_cell_components"": 0, ""num_2_cell_components"": 0, ""num_components"": 1, ""smallest_component_size"": 2142, ""tiny_component_pixel_fraction"": 0.0, ""tiny_component_pixels"": 0}, ""cluster_1"": {""cluster_value"": 1, ""component_size_histogram"": {""3042"": 1}, ""largest_component_size"": 3042, ""num_1_cell_components"": 0, ""num_2_cell_components"": 0, ""num_components"": 1, ""smallest_component_size"": 3042, ""tiny_component_pixel_fraction"": 0.0, ""tiny_component_pixels"": 0}}"
stld,architexture:stld,feature_cluster_coarse_to_fine_global_pooled_init_coarse_only,benchmark,16,17,2,0.36628514978966764,0.03509137821462078,0.5,0.17772284875637262,0.5548474508229627,0.090087890625,0.909912109375,2,2,0.0,0.0,ok,direct_foreground,False,"cluster_a->foreground,cluster_b->background",cluster_a,cluster_b,0.36628514978966764,0.03509137821462078,0.20429570561401753,0.03509137821462078,best_foreground_cluster_iou,1,fpn_2,fpn_2,fpn_2,72x72,32213,33323,32213,33323,32213,33323,0.0,0.0,0.0,0.0,coarsest_pooled_direct,pooled_avg_pool_coarse_only,False,False,0.17772284875637262,0.003889955214331414,3,3,24x24,"{""cluster_0"": {""cluster_value"": 0, ""component_size_histogram"": {""2538"": 1}, ""largest_component_size"": 2538, ""num_1_cell_components"": 0, ""num_2_cell_components"": 0, ""num_components"": 1, ""smallest_component_size"": 2538, ""tiny_component_pixel_fraction"": 0.0, ""tiny_component_pixels"": 0}, ""cluster_1"": {""cluster_value"": 1, ""component_size_histogram"": {""2646"": 1}, ""largest_component_size"": 2646, ""num_1_cell_components"": 0, ""num_2_cell_components"": 0, ""num_components"": 1, ""smallest_component_size"": 2646, ""tiny_component_pixel_fraction"": 0.0, ""tiny_component_pixels"": 0}}"
stld,architexture:stld,feature_cluster_coarse_to_fine_global_pooled_init_coarse_only,benchmark,17,18,2,0.3913923566540596,0.04571044166748218,0.5,0.18079945336522035,0.6019852599428989,0.14373779296875,0.85626220703125,2,2,0.0,0.0,ok,direct_foreground,False,"cluster_b->foreground,cluster_a->background",cluster_b,cluster_a,0.20680184651137334,0.04571044166748218,0.3913923566540596,0.04571044166748218,best_foreground_cluster_iou,1,fpn_2,fpn_2,fpn_2,72x72,40394,25142,40394,25142,40394,25142,0.0,0.0,0.0,0.0,coarsest_pooled_direct,pooled_avg_pool_coarse_only,False,False,0.09035590771790045,0.18079945336522035,3,3,24x24,"{""cluster_0"": {""cluster_value"": 0, ""component_size_histogram"": {""3186"": 1}, ""largest_component_size"": 3186, ""num_1_cell_components"": 0, ""num_2_cell_components"": 0, ""num_components"": 1, ""smallest_component_size"": 3186, ""tiny_component_pixel_fraction"": 0.0, ""tiny_component_pixels"": 0}, ""cluster_1"": {""cluster_value"": 1, ""component_size_histogram"": {""1998"": 1}, ""largest_component_size"": 1998, ""num_1_cell_components"": 0, ""num_2_cell_components"": 0, ""num_components"": 1, ""smallest_component_size"": 1998, ""tiny_component_pixel_fraction"": 0.0, ""tiny_component_pixels"": 0}}"
stld,architexture:stld,feature_cluster_coarse_to_fine_global_pooled_init_coarse_only,benchmark,18,19,2,0.9416134815333663,0.9139748502080883,0.5,0.9059077587536635,0.9773192043130693,0.1842193603515625,0.8157806396484375,2,2,0.0,0.0,ok,direct_foreground,False,"cluster_a->foreground,cluster_b->background",cluster_a,cluster_b,0.9416134815333663,0.9139748502080883,0.009376490519973803,0.9139748502080883,best_foreground_cluster_iou,1,fpn_2,fpn_2,fpn_2,72x72,12639,52897,12639,52897,12639,52897,0.0,0.0,0.0,0.0,coarsest_pooled_direct,pooled_avg_pool_coarse_only,False,False,0.9059077587536635,0.005058552356790372,3,3,24x24,"{""cluster_0"": {""cluster_value"": 0, ""component_size_histogram"": {""999"": 1}, ""largest_component_size"": 999, ""num_1_cell_components"": 0, ""num_2_cell_components"": 0, ""num_components"": 1, ""smallest_component_size"": 999, ""tiny_component_pixel_fraction"": 0.0, ""tiny_component_pixels"": 0}, ""cluster_1"": {""cluster_value"": 1, ""component_size_histogram"": {""4185"": 1}, ""largest_component_size"": 4185, ""num_1_cell_components"": 0, ""num_2_cell_components"": 0, ""num_components"": 1, ""smallest_component_size"": 4185, ""tiny_component_pixel_fraction"": 0.0, ""tiny_component_pixels"": 0}}"
stld,architexture:stld,feature_cluster_coarse_to_fine_global_pooled_init_coarse_only,benchmark,19,20,2,0.33285716045065544,-0.010209577255006822,0.5,0.20013981306475417,0.46557450783655674,0.1293792724609375,0.8706207275390625,2,2,0.0,0.0,ok,direct_foreground,False,"cluster_a->foreground,cluster_b->background",cluster_a,cluster_b,0.33285716045065544,-0.010209577255006822,0.2432207513916587,-0.010209577255006822,best_foreground_cluster_iou,1,fpn_2,fpn_2,fpn_2,72x72,37874,27662,37874,27662,37874,27662,0.0,0.0,0.0,0.0,coarsest_pooled_direct,pooled_avg_pool_coarse_only,False,False,0.20013981306475417,0.021162974683544302,3,3,24x24,"{""cluster_0"": {""cluster_value"": 0, ""component_size_histogram"": {""2988"": 1}, ""largest_component_size"": 2988, ""num_1_cell_components"": 0, ""num_2_cell_components"": 0, ""num_components"": 1, ""smallest_component_size"": 2988, ""tiny_component_pixel_fraction"": 0.0, ""tiny_component_pixels"": 0}, ""cluster_1"": {""cluster_value"": 1, ""component_size_histogram"": {""2196"": 1}, ""largest_component_size"": 2196, ""num_1_cell_components"": 0, ""num_2_cell_components"": 0, ""num_components"": 1, ""smallest_component_size"": 2196, ""tiny_component_pixel_fraction"": 0.0, ""tiny_component_pixels"": 0}}"
stld,architexture:stld,feature_cluster_coarse_to_fine_global_pooled_init_coarse_only,benchmark,20,21,2,0.9465203064205885,0.9173766016092748,0.5,0.9170118936255512,0.9760287192156257,0.2159881591796875,0.7840118408203125,2,2,0.0,0.0,ok,direct_foreground,False,"cluster_a->foreground,cluster_b->background",cluster_a,cluster_b,0.9465203064205885,0.9173766016092748,0.009557871114637913,0.9173766016092748,best_foreground_cluster_iou,1,fpn_2,fpn_2,fpn_2,72x72,14535,51001,14535,51001,14535,51001,0.0,0.0,0.0,0.0,coarsest_pooled_direct,pooled_avg_pool_coarse_only,False,False,0.9170118936255512,0.006658941676322905,3,3,24x24,"{""cluster_0"": {""cluster_value"": 0, ""component_size_histogram"": {""1152"": 1}, ""largest_component_size"": 1152, ""num_1_cell_components"": 0, ""num_2_cell_components"": 0, ""num_components"": 1, ""smallest_component_size"": 1152, ""tiny_component_pixel_fraction"": 0.0, ""tiny_component_pixels"": 0}, ""cluster_1"": {""cluster_value"": 1, ""component_size_histogram"": {""4032"": 1}, ""largest_component_size"": 4032, ""num_1_cell_components"": 0, ""num_2_cell_components"": 0, ""num_components"": 1, ""smallest_component_size"": 4032, ""tiny_component_pixel_fraction"": 0.0, ""tiny_component_pixels"": 0}}"
stld,architexture:stld,feature_cluster_coarse_to_fine_global_pooled_init_coarse_only,benchmark,21,22,2,0.3788828096077848,0.050578799871145094,0.5,0.1758616170881929,0.5819040021273767,0.0834808349609375,0.9165191650390625,2,2,0.0,0.0,ok,direct_foreground,False,"cluster_a->foreground,cluster_b->background",cluster_a,cluster_b,0.3788828096077848,0.050578799871145094,0.19271223795510892,0.050578799871145094,best_foreground_cluster_iou,1,fpn_2,fpn_2,fpn_2,72x72,30421,35115,30421,35115,30421,35115,0.0,0.0,0.0,0.0,coarsest_pooled_direct,pooled_avg_pool_coarse_only,False,False,0.1758616170881929,0.002544277845021367,3,3,24x24,"{""cluster_0"": {""cluster_value"": 0, ""component_size_histogram"": {""2394"": 1, ""9"": 1}, ""largest_component_size"": 2394, ""num_1_cell_components"": 0, ""num_2_cell_components"": 0, ""num_components"": 2, ""smallest_component_size"": 9, ""tiny_component_pixel_fraction"": 0.0, ""tiny_component_pixels"": 0}, ""cluster_1"": {""cluster_value"": 1, ""component_size_histogram"": {""2781"": 1}, ""largest_component_size"": 2781, ""num_1_cell_components"": 0, ""num_2_cell_components"": 0, ""num_components"": 1, ""smallest_component_size"": 2781, ""tiny_component_pixel_fraction"": 0.0, ""tiny_component_pixels"": 0}}"
stld,architexture:stld,feature_cluster_coarse_to_fine_global_pooled_init_coarse_only,benchmark,22,23,2,0.39613734334968254,0.030632678162776514,0.5,0.28657780124059656,0.5056968854587685,0.2502593994140625,0.7497406005859375,2,2,0.0,0.0,ok,direct_foreground,False,"cluster_a->foreground,cluster_b->background",cluster_a,cluster_b,0.39613734334968254,0.030632678162776514,0.2419828409700972,0.030632678162776514,best_foreground_cluster_iou,1,fpn_2,fpn_2,fpn_2,72x72,32341,33195,32341,33195,32341,33195,0.0,0.0,0.0,0.0,coarsest_pooled_direct,pooled_avg_pool_coarse_only,False,False,0.28657780124059656,0.12585126668482702,3,3,24x24,"{""cluster_0"": {""cluster_value"": 0, ""component_size_histogram"": {""2565"": 1}, ""largest_component_size"": 2565, ""num_1_cell_components"": 0, ""num_2_cell_components"": 0, ""num_components"": 1, ""smallest_component_size"": 2565, ""tiny_component_pixel_fraction"": 0.0, ""tiny_component_pixels"": 0}, ""cluster_1"": {""cluster_value"": 1, ""component_size_histogram"": {""2619"": 1}, ""largest_component_size"": 2619, ""num_1_cell_components"": 0, ""num_2_cell_components"": 0, ""num_components"": 1, ""smallest_component_size"": 2619, ""tiny_component_pixel_fraction"": 0.0, ""tiny_component_pixels"": 0}}"
stld,architexture:stld,feature_cluster_coarse_to_fine_global_pooled_init_coarse_only,benchmark,23,24,2,0.3811607924222285,0.03178170421472213,0.5,0.2251717042918828,0.5371498805525742,0.1815185546875,0.8184814453125,2,2,0.0,0.0,ok,direct_foreground,False,"cluster_b->foreground,cluster_a->background",cluster_b,cluster_a,0.232159251759539,0.03178170421472213,0.3811607924222285,0.03178170421472213,best_foreground_cluster_iou,1,fpn_2,fpn_2,fpn_2,72x72,35155,30381,35155,30381,35155,30381,0.0,0.0,0.0,0.0,coarsest_pooled_direct,pooled_avg_pool_coarse_only,False,False,0.0961211415259173,0.2251717042918828,3,3,24x24,"{""cluster_0"": {""cluster_value"": 0, ""component_size_histogram"": {""2763"": 1, ""9"": 1}, ""largest_component_size"": 2763, ""num_1_cell_components"": 0, ""num_2_cell_components"": 0, ""num_components"": 2, ""smallest_component_size"": 9, ""tiny_component_pixel_fraction"": 0.0, ""tiny_component_pixels"": 0}, ""cluster_1"": {""cluster_value"": 1, ""component_size_histogram"": {""2412"": 1}, ""largest_component_size"": 2412, ""num_1_cell_components"": 0, ""num_2_cell_components"": 0, ""num_components"": 1, ""smallest_component_size"": 2412, ""tiny_component_pixel_fraction"": 0.0, ""tiny_component_pixels"": 0}}"
stld,architexture:stld,feature_cluster_coarse_to_fine_global_pooled_init_coarse_only,benchmark,24,25,2,0.8779594245011614,0.7657058874930106,0.5,0.8541711268108185,0.9017477221915042,0.3756103515625,0.6243896484375,2,2,0.0,0.0,ok,direct_foreground,False,"cluster_b->foreground,cluster_a->background",cluster_b,cluster_a,0.03173639797035384,0.7657058874930106,0.8779594245011614,0.7657058874930106,best_foreground_cluster_iou,1,fpn_2,fpn_2,fpn_2,72x72,38187,27349,38187,27349,38187,27349,0.0,0.0,0.0,0.0,coarsest_pooled_direct,pooled_avg_pool_coarse_only,False,False,0.010897208898045907,0.8541711268108185,3,3,24x24,"{""cluster_0"": {""cluster_value"": 0, ""component_size_histogram"": {""27"": 1, ""2934"": 1, ""63"": 1}, ""largest_component_size"": 2934, ""num_1_cell_components"": 0, ""num_2_cell_components"": 0, ""num_components"": 3, ""smallest_component_size"": 27, ""tiny_component_pixel_fraction"": 0.0, ""tiny_component_pixels"": 0}, ""cluster_1"": {""cluster_value"": 1, ""component_size_histogram"": {""2151"": 1, ""9"": 1}, ""largest_component_size"": 2151, ""num_1_cell_components"": 0, ""num_2_cell_components"": 0, ""num_components"": 2, ""smallest_component_size"": 9, ""tiny_component_pixel_fraction"": 0.0, ""tiny_component_pixels"": 0}}"
stld,architexture:stld,feature_cluster_coarse_to_fine_global_pooled_init_coarse_only,benchmark,25,26,2,0.9063357210327926,0.8671570512270803,0.5,0.8435754189944135,0.9690960230711717,0.147369384765625,0.852630615234375,2,2,0.0,0.0,ok,direct_foreground,False,"cluster_a->foreground,cluster_b->background",cluster_a,cluster_b,0.9063357210327926,0.8671570512270803,0.013345210571634885,0.8671570512270803,best_foreground_cluster_iou,1,fpn_2,fpn_2,fpn_2,72x72,10802,54734,10802,54734,10802,54734,0.0,0.0,0.0,0.0,coarsest_pooled_direct,pooled_avg_pool_coarse_only,False,False,0.8435754189944135,0.004618072890664004,3,3,24x24,"{""cluster_0"": {""cluster_value"": 0, ""component_size_histogram"": {""846"": 1, ""9"": 1}, ""largest_component_size"": 846, ""num_1_cell_components"": 0, ""num_2_cell_components"": 0, ""num_components"": 2, ""smallest_component_size"": 9, ""tiny_component_pixel_fraction"": 0.0, ""tiny_component_pixels"": 0}, ""cluster_1"": {""cluster_value"": 1, ""component_size_histogram"": {""4329"": 1}, ""largest_component_size"": 4329, ""num_1_cell_components"": 0, ""num_2_cell_components"": 0, ""num_components"": 1, ""smallest_component_size"": 4329, ""tiny_component_pixel_fraction"": 0.0, ""tiny_component_pixels"": 0}}"
stld,architexture:stld,feature_cluster_coarse_to_fine_global_pooled_init_coarse_only,benchmark,26,27,2,0.40631446355983725,0.06409965312502328,0.5,0.23052604957005565,0.5821028775496189,0.1251220703125,0.8748779296875,2,2,0.0,0.0,ok,direct_foreground,False,"cluster_a->foreground,cluster_b->background",cluster_a,cluster_b,0.40631446355983725,0.06409965312502328,0.19206647762841936,0.06409965312502328,best_foreground_cluster_iou,1,fpn_2,fpn_2,fpn_2,72x72,30724,34812,30724,34812,30724,34812,0.0,0.0,0.0,0.0,coarsest_pooled_direct,pooled_avg_pool_coarse_only,False,False,0.23052604957005565,0.02156564696940908,3,3,24x24,"{""cluster_0"": {""cluster_value"": 0, ""component_size_histogram"": {""2439"": 1}, ""largest_component_size"": 2439, ""num_1_cell_components"": 0, ""num_2_cell_components"": 0, ""num_components"": 1, ""smallest_component_size"": 2439, ""tiny_component_pixel_fraction"": 0.0, ""tiny_component_pixels"": 0}, ""cluster_1"": {""cluster_value"": 1, ""component_size_histogram"": {""2745"": 1}, ""largest_component_size"": 2745, ""num_1_cell_components"": 0, ""num_2_cell_components"": 0, ""num_components"": 1, ""smallest_component_size"": 2745, ""tiny_component_pixel_fraction"": 0.0, ""tiny_component_pixels"": 0}}"
stld,architexture:stld,feature_cluster_coarse_to_fine_global_pooled_init_coarse_only,benchmark,27,28,2,0.3201696929542189,0.009699311908613688,0.5,0.10776047756785033,0.5325789083405874,0.0854034423828125,0.9145965576171875,2,2,0.0,0.0,ok,direct_foreground,False,"cluster_b->foreground,cluster_a->background",cluster_b,cluster_a,0.23912861040401928,0.009699311908613688,0.3201696929542189,0.009699311908613688,best_foreground_cluster_iou,1,fpn_2,fpn_2,fpn_2,72x72,35133,30403,35133,30403,35133,30403,0.0,0.0,0.0,0.0,coarsest_pooled_direct,pooled_avg_pool_coarse_only,False,False,0.05422544325093827,0.10776047756785033,3,3,24x24,"{""cluster_0"": {""cluster_value"": 0, ""component_size_histogram"": {""2772"": 1}, ""largest_component_size"": 2772, ""num_1_cell_components"": 0, ""num_2_cell_components"": 0, ""num_components"": 1, ""smallest_component_size"": 2772, ""tiny_component_pixel_fraction"": 0.0, ""tiny_component_pixels"": 0}, ""cluster_1"": {""cluster_value"": 1, ""component_size_histogram"": {""2412"": 1}, ""largest_component_size"": 2412, ""num_1_cell_components"": 0, ""num_2_cell_components"": 0, ""num_components"": 1, ""smallest_component_size"": 2412, ""tiny_component_pixel_fraction"": 0.0, ""tiny_component_pixels"": 0}}"
stld,architexture:stld,feature_cluster_coarse_to_fine_global_pooled_init_coarse_only,benchmark,28,29,2,0.6703686092250413,0.46581452903814063,0.5,0.5046024654142219,0.8361347530358606,0.1446075439453125,0.8553924560546875,2,2,0.0,0.0,ok,direct_foreground,False,"cluster_a->foreground,cluster_b->background",cluster_a,cluster_b,0.6703686092250413,0.46581452903814063,0.0704493161745903,0.46581452903814063,best_foreground_cluster_iou,1,fpn_2,fpn_2,fpn_2,72x72,18474,47062,18474,47062,18474,47062,0.0,0.0,0.0,0.0,coarsest_pooled_direct,pooled_avg_pool_coarse_only,False,False,0.5046024654142219,0.0018250761925012403,3,3,24x24,"{""cluster_0"": {""cluster_value"": 0, ""component_size_histogram"": {""1458"": 1}, ""largest_component_size"": 1458, ""num_1_cell_components"": 0, ""num_2_cell_components"": 0, ""num_components"": 1, ""smallest_component_size"": 1458, ""tiny_component_pixel_fraction"": 0.0, ""tiny_component_pixels"": 0}, ""cluster_1"": {""cluster_value"": 1, ""component_size_histogram"": {""117"": 1, ""3591"": 1, ""9"": 2}, ""largest_component_size"": 3591, ""num_1_cell_components"": 0, ""num_2_cell_components"": 0, ""num_components"": 4, ""smallest_component_size"": 9, ""tiny_component_pixel_fraction"": 0.0, ""tiny_component_pixels"": 0}}"
stld,architexture:stld,feature_cluster_coarse_to_fine_global_pooled_init_coarse_only,benchmark,29,30,2,0.36044171469565983,0.016034907855007573,0.5,0.208315857170819,0.5125675722205006,0.126068115234375,0.873931884765625,2,2,0.0,0.0,ok,direct_foreground,False,"cluster_a->foreground,cluster_b->background",cluster_a,cluster_b,0.36044171469565983,0.016034907855007573,0.22312262062660793,0.016034907855007573,best_foreground_cluster_iou,1,fpn_2,fpn_2,fpn_2,72x72,34951,30585,34951,30585,34951,30585,0.0,0.0,0.0,0.0,coarsest_pooled_direct,pooled_avg_pool_coarse_only,False,False,0.208315857170819,0.02134875772314973,3,3,24x24,"{""cluster_0"": {""cluster_value"": 0, ""component_size_histogram"": {""2763"": 1, ""9"": 1}, ""largest_component_size"": 2763, ""num_1_cell_components"": 0, ""num_2_cell_components"": 0, ""num_components"": 2, ""smallest_component_size"": 9, ""tiny_component_pixel_fraction"": 0.0, ""tiny_component_pixels"": 0}, ""cluster_1"": {""cluster_value"": 1, ""component_size_histogram"": {""2412"": 1}, ""largest_component_size"": 2412, ""num_1_cell_components"": 0, ""num_2_cell_components"": 0, ""num_components"": 1, ""smallest_component_size"": 2412, ""tiny_component_pixel_fraction"": 0.0, ""tiny_component_pixels"": 0}}"
stld,architexture:stld,feature_cluster_coarse_to_fine_global_pooled_init_coarse_only,benchmark,30,31,2,0.4913868072149844,0.11008945074413723,0.5,0.4228438351814116,0.5599297792485572,0.27178955078125,0.72821044921875,2,2,0.0,0.0,ok,direct_foreground,False,"cluster_b->foreground,cluster_a->background",cluster_b,cluster_a,0.17691157922255527,0.11008945074413723,0.4913868072149844,0.11008945074413723,best_foreground_cluster_iou,1,fpn_2,fpn_2,fpn_2,72x72,29583,35953,29583,35953,29583,35953,0.0,0.0,0.0,0.0,coarsest_pooled_direct,pooled_avg_pool_coarse_only,False,False,0.040253725774236734,0.4228438351814116,3,3,24x24,"{""cluster_0"": {""cluster_value"": 0, ""component_size_histogram"": {""2331"": 1}, ""largest_component_size"": 2331, ""num_1_cell_components"": 0, ""num_2_cell_components"": 0, ""num_components"": 1, ""smallest_component_size"": 2331, ""tiny_component_pixel_fraction"": 0.0, ""tiny_component_pixels"": 0}, ""cluster_1"": {""cluster_value"": 1, ""component_size_histogram"": {""2853"": 1}, ""largest_component_size"": 2853, ""num_1_cell_components"": 0, ""num_2_cell_components"": 0, ""num_components"": 1, ""smallest_component_size"": 2853, ""tiny_component_pixel_fraction"": 0.0, ""tiny_component_pixels"": 0}}"
stld,architexture:stld,feature_cluster_coarse_to_fine_global_pooled_init_coarse_only,benchmark,31,32,2,0.7720045891816435,0.6254804215469298,0.5,0.6625247710352954,0.8814844073279916,0.1894073486328125,0.8105926513671875,2,2,0.0,0.0,ok,direct_foreground,False,"cluster_a->foreground,cluster_b->background",cluster_a,cluster_b,0.7720045891816435,0.6254804215469298,0.04813879600579066,0.6254804215469298,best_foreground_cluster_iou,1,fpn_2,fpn_2,fpn_2,72x72,18628,46908,18628,46908,18628,46908,0.0,0.0,0.0,0.0,coarsest_pooled_direct,pooled_avg_pool_coarse_only,False,False,0.6625247710352954,0.0007253955936435102,3,3,24x24,"{""cluster_0"": {""cluster_value"": 0, ""component_size_histogram"": {""1467"": 1}, ""largest_component_size"": 1467, ""num_1_cell_components"": 0, ""num_2_cell_components"": 0, ""num_components"": 1, ""smallest_component_size"": 1467, ""tiny_component_pixel_fraction"": 0.0, ""tiny_component_pixels"": 0}, ""cluster_1"": {""cluster_value"": 1, ""component_size_histogram"": {""27"": 1, ""3681"": 1, ""9"": 1}, ""largest_component_size"": 3681, ""num_1_cell_components"": 0, ""num_2_cell_components"": 0, ""num_components"": 3, ""smallest_component_size"": 9, ""tiny_component_pixel_fraction"": 0.0, ""tiny_component_pixels"": 0}}"
stld,architexture:stld,feature_cluster_coarse_to_fine_global_pooled_init_coarse_only,benchmark,32,33,2,0.24501160134585012,-0.006636595699196397,0.5,0.13234661778351098,0.35767658490818927,0.1348419189453125,0.8651580810546875,2,2,0.0,0.0,ok,direct_foreground,False,"cluster_b->foreground,cluster_a->background",cluster_b,cluster_a,0.33209720069080895,-0.006636595699196397,0.24501160134585012,-0.006636595699196397,best_foreground_cluster_iou,1,fpn_2,fpn_2,fpn_2,72x72,24338,41198,24338,41198,24338,41198,0.0,0.0,0.0,0.0,coarsest_pooled_direct,pooled_avg_pool_coarse_only,False,False,0.09901941297290134,0.13234661778351098,3,3,24x24,"{""cluster_0"": {""cluster_value"": 0, ""component_size_histogram"": {""1935"": 1}, ""largest_component_size"": 1935, ""num_1_cell_components"": 0, ""num_2_cell_components"": 0, ""num_components"": 1, ""smallest_component_size"": 1935, ""tiny_component_pixel_fraction"": 0.0, ""tiny_component_pixels"": 0}, ""cluster_1"": {""cluster_value"": 1, ""component_size_histogram"": {""3249"": 1}, ""largest_component_size"": 3249, ""num_1_cell_components"": 0, ""num_2_cell_components"": 0, ""num_components"": 1, ""smallest_component_size"": 3249, ""tiny_component_pixel_fraction"": 0.0, ""tiny_component_pixels"": 0}}"
stld,architexture:stld,feature_cluster_coarse_to_fine_global_pooled_init_coarse_only,benchmark,33,34,2,0.3607783217180678,0.023484599517903763,0.5,0.19234352256186318,0.5292131208742724,0.1283721923828125,0.8716278076171875,2,2,0.0,0.0,ok,direct_foreground,False,"cluster_a->foreground,cluster_b->background",cluster_a,cluster_b,0.3607783217180678,0.023484599517903763,0.2262948975372032,0.023484599517903763,best_foreground_cluster_iou,1,fpn_2,fpn_2,fpn_2,72x72,32544,32992,32544,32992,32544,32992,0.0,0.0,0.0,0.0,coarsest_pooled_direct,pooled_avg_pool_coarse_only,False,False,0.19234352256186318,0.04560721230334099,3,3,24x24,"{""cluster_0"": {""cluster_value"": 0, ""component_size_histogram"": {""2565"": 1}, ""largest_component_size"": 2565, ""num_1_cell_components"": 0, ""num_2_cell_components"": 0, ""num_components"": 1, ""smallest_component_size"": 2565, ""tiny_component_pixel_fraction"": 0.0, ""tiny_component_pixels"": 0}, ""cluster_1"": {""cluster_value"": 1, ""component_size_histogram"": {""2619"": 1}, ""largest_component_size"": 2619, ""num_1_cell_components"": 0, ""num_2_cell_components"": 0, ""num_components"": 1, ""smallest_component_size"": 2619, ""tiny_component_pixel_fraction"": 0.0, ""tiny_component_pixels"": 0}}"
stld,architexture:stld,feature_cluster_coarse_to_fine_global_pooled_init_coarse_only,benchmark,34,35,2,0.41248303292223076,0.022344231762671862,0.5,0.3633232685412342,0.4616427973032273,0.2762451171875,0.7237548828125,2,2,0.0,0.0,ok,direct_foreground,False,"cluster_b->foreground,cluster_a->background",cluster_b,cluster_a,0.22602426210745602,0.022344231762671862,0.41248303292223076,0.022344231762671862,best_foreground_cluster_iou,1,fpn_2,fpn_2,fpn_2,72x72,25846,39690,25846,39690,25846,39690,0.0,0.0,0.0,0.0,coarsest_pooled_direct,pooled_avg_pool_coarse_only,False,False,0.06550620636152056,0.3633232685412342,3,3,24x24,"{""cluster_0"": {""cluster_value"": 0, ""component_size_histogram"": {""2052"": 1}, ""largest_component_size"": 2052, ""num_1_cell_components"": 0, ""num_2_cell_components"": 0, ""num_components"": 1, ""smallest_component_size"": 2052, ""tiny_component_pixel_fraction"": 0.0, ""tiny_component_pixels"": 0}, ""cluster_1"": {""cluster_value"": 1, ""component_size_histogram"": {""3132"": 1}, ""largest_component_size"": 3132, ""num_1_cell_components"": 0, ""num_2_cell_components"": 0, ""num_components"": 1, ""smallest_component_size"": 3132, ""tiny_component_pixel_fraction"": 0.0, ""tiny_component_pixels"": 0}}"
stld,architexture:stld,feature_cluster_coarse_to_fine_global_pooled_init_coarse_only,benchmark,35,36,2,0.3858614700420807,0.04103801107323478,0.5,0.22140111445513871,0.5503218256290228,0.1269378662109375,0.8730621337890625,2,2,0.0,0.0,ok,direct_foreground,False,"cluster_a->foreground,cluster_b->background",cluster_a,cluster_b,0.3858614700420807,0.04103801107323478,0.20624487993451918,0.04103801107323478,best_foreground_cluster_iou,1,fpn_2,fpn_2,fpn_2,72x72,32670,32866,32670,32866,32670,32866,0.0,0.0,0.0,0.0,coarsest_pooled_direct,pooled_avg_pool_coarse_only,False,False,0.22140111445513871,0.022061743101052213,3,3,24x24,"{""cluster_0"": {""cluster_value"": 0, ""component_size_histogram"": {""2583"": 1}, ""largest_component_size"": 2583, ""num_1_cell_components"": 0, ""num_2_cell_components"": 0, ""num_components"": 1, ""smallest_component_size"": 2583, ""tiny_component_pixel_fraction"": 0.0, ""tiny_component_pixels"": 0}, ""cluster_1"": {""cluster_value"": 1, ""component_size_histogram"": {""2601"": 1}, ""largest_component_size"": 2601, ""num_1_cell_components"": 0, ""num_2_cell_components"": 0, ""num_components"": 1, ""smallest_component_size"": 2601, ""tiny_component_pixel_fraction"": 0.0, ""tiny_component_pixels"": 0}}"
stld,architexture:stld,feature_cluster_coarse_to_fine_global_pooled_init_coarse_only,benchmark,36,37,2,0.36872133204123425,0.038463462645459426,0.5,0.15445828061530265,0.5829843834671659,0.099212646484375,0.900787353515625,2,2,0.0,0.0,ok,direct_foreground,False,"cluster_b->foreground,cluster_a->background",cluster_b,cluster_a,0.20696436006485755,0.038463462645459426,0.36872133204123425,0.038463462645459426,best_foreground_cluster_iou,1,fpn_2,fpn_2,fpn_2,72x72,37365,28171,37365,28171,37365,28171,0.0,0.0,0.0,0.0,coarsest_pooled_direct,pooled_avg_pool_coarse_only,False,False,0.04435291876964099,0.15445828061530265,3,3,24x24,"{""cluster_0"": {""cluster_value"": 0, ""component_size_histogram"": {""2943"": 1}, ""largest_component_size"": 2943, ""num_1_cell_components"": 0, ""num_2_cell_components"": 0, ""num_components"": 1, ""smallest_component_size"": 2943, ""tiny_component_pixel_fraction"": 0.0, ""tiny_component_pixels"": 0}, ""cluster_1"": {""cluster_value"": 1, ""component_size_histogram"": {""2241"": 1}, ""largest_component_size"": 2241, ""num_1_cell_components"": 0, ""num_2_cell_components"": 0, ""num_components"": 1, ""smallest_component_size"": 2241, ""tiny_component_pixel_fraction"": 0.0, ""tiny_component_pixels"": 0}}"
stld,architexture:stld,feature_cluster_coarse_to_fine_global_pooled_init_coarse_only,benchmark,37,38,2,0.34737878760720786,0.010593035891632904,0.5,0.11605513886073383,0.5787024363536819,0.1180877685546875,0.8819122314453125,2,2,0.0,0.0,ok,direct_foreground,False,"cluster_a->foreground,cluster_b->background",cluster_a,cluster_b,0.34737878760720786,0.010593035891632904,0.22776405474179565,0.010593035891632904,best_foreground_cluster_iou,1,fpn_2,fpn_2,fpn_2,72x72,25294,40242,25294,40242,25294,40242,0.0,0.0,0.0,0.0,coarsest_pooled_direct,pooled_avg_pool_coarse_only,False,False,0.11605513886073383,0.09854156649953065,3,3,24x24,"{""cluster_0"": {""cluster_value"": 0, ""component_size_histogram"": {""2007"": 1}, ""largest_component_size"": 2007, ""num_1_cell_components"": 0, ""num_2_cell_components"": 0, ""num_components"": 1, ""smallest_component_size"": 2007, ""tiny_component_pixel_fraction"": 0.0, ""tiny_component_pixels"": 0}, ""cluster_1"": {""cluster_value"": 1, ""component_size_histogram"": {""3177"": 1}, ""largest_component_size"": 3177, ""num_1_cell_components"": 0, ""num_2_cell_components"": 0, ""num_components"": 1, ""smallest_component_size"": 3177, ""tiny_component_pixel_fraction"": 0.0, ""tiny_component_pixels"": 0}}"
stld,architexture:stld,feature_cluster_coarse_to_fine_global_pooled_init_coarse_only,benchmark,38,39,2,0.44857605429412134,0.053018585914532734,0.5,0.4187972211176347,0.478354887470608,0.3203887939453125,0.6796112060546875,2,2,0.0,0.0,ok,direct_foreground,False,"cluster_b->foreground,cluster_a->background",cluster_b,cluster_a,0.20951359743690467,0.053018585914532734,0.44857605429412134,0.053018585914532734,best_foreground_cluster_iou,1,fpn_2,fpn_2,fpn_2,72x72,25878,39658,25878,39658,25878,39658,0.0,0.0,0.0,0.0,coarsest_pooled_direct,pooled_avg_pool_coarse_only,False,False,0.07064547074140058,0.4187972211176347,3,3,24x24,"{""cluster_0"": {""cluster_value"": 0, ""component_size_histogram"": {""2052"": 1}, ""largest_component_size"": 2052, ""num_1_cell_components"": 0, ""num_2_cell_components"": 0, ""num_components"": 1, ""smallest_component_size"": 2052, ""tiny_component_pixel_fraction"": 0.0, ""tiny_component_pixels"": 0}, ""cluster_1"": {""cluster_value"": 1, ""component_size_histogram"": {""3132"": 1}, ""largest_component_size"": 3132, ""num_1_cell_components"": 0, ""num_2_cell_components"": 0, ""num_components"": 1, ""smallest_component_size"": 3132, ""tiny_component_pixel_fraction"": 0.0, ""tiny_component_pixels"": 0}}"
stld,architexture:stld,feature_cluster_coarse_to_fine_global_pooled_init_coarse_only,benchmark,39,40,2,0.2406342323607618,-0.006528446903929826,0.5,0.10600623842022562,0.375262226301298,0.104736328125,0.895263671875,2,2,0.0,0.0,ok,direct_foreground,False,"cluster_b->foreground,cluster_a->background",cluster_b,cluster_a,0.32244629158108856,-0.006528446903929826,0.2406342323607618,-0.006528446903929826,best_foreground_cluster_iou,1,fpn_2,fpn_2,fpn_2,72x72,25241,40295,25241,40295,25241,40295,0.0,0.0,0.0,0.0,coarsest_pooled_direct,pooled_avg_pool_coarse_only,False,False,0.07876079432814757,0.10600623842022562,3,3,24x24,"{""cluster_0"": {""cluster_value"": 0, ""component_size_histogram"": {""2007"": 1}, ""largest_component_size"": 2007, ""num_1_cell_components"": 0, ""num_2_cell_components"": 0, ""num_components"": 1, ""smallest_component_size"": 2007, ""tiny_component_pixel_fraction"": 0.0, ""tiny_component_pixels"": 0}, ""cluster_1"": {""cluster_value"": 1, ""component_size_histogram"": {""3177"": 1}, ""largest_component_size"": 3177, ""num_1_cell_components"": 0, ""num_2_cell_components"": 0, ""num_components"": 1, ""smallest_component_size"": 3177, ""tiny_component_pixel_fraction"": 0.0, ""tiny_component_pixels"": 0}}"
stld,architexture:stld,feature_cluster_coarse_to_fine_global_pooled_init_coarse_only,benchmark,40,41,2,0.24450168194210167,-0.0031145256443718483,0.5,0.030818780020545854,0.4581845838636575,0.021697998046875,0.978302001953125,2,2,0.0,0.0,ok,direct_foreground,False,"cluster_b->foreground,cluster_a->background",cluster_b,cluster_a,0.27024331343630614,-0.0031145256443718483,0.24450168194210167,-0.0031145256443718483,best_foreground_cluster_iou,1,fpn_2,fpn_2,fpn_2,72x72,29831,35705,29831,35705,29831,35705,0.0,0.0,0.0,0.0,coarsest_pooled_direct,pooled_avg_pool_coarse_only,False,False,0.010083707701754954,0.030818780020545854,3,3,24x24,"{""cluster_0"": {""cluster_value"": 0, ""component_size_histogram"": {""2367"": 1}, ""largest_component_size"": 2367, ""num_1_cell_components"": 0, ""num_2_cell_components"": 0, ""num_components"": 1, ""smallest_component_size"": 2367, ""tiny_component_pixel_fraction"": 0.0, ""tiny_component_pixels"": 0}, ""cluster_1"": {""cluster_value"": 1, ""component_size_histogram"": {""2817"": 1}, ""largest_component_size"": 2817, ""num_1_cell_components"": 0, ""num_2_cell_components"": 0, ""num_components"": 1, ""smallest_component_size"": 2817, ""tiny_component_pixel_fraction"": 0.0, ""tiny_component_pixels"": 0}}"
stld,architexture:stld,feature_cluster_coarse_to_fine_global_pooled_init_coarse_only,benchmark,41,42,2,0.3722715613801876,0.03678334470221369,0.5,0.1462882096069869,0.5982549131533882,0.1067962646484375,0.8932037353515625,2,2,0.0,0.0,ok,direct_foreground,False,"cluster_a->foreground,cluster_b->background",cluster_a,cluster_b,0.3722715613801876,0.03678334470221369,0.20591995012929842,0.03678334470221369,best_foreground_cluster_iou,1,fpn_2,fpn_2,fpn_2,72x72,26076,39460,26076,39460,26076,39460,0.0,0.0,0.0,0.0,coarsest_pooled_direct,pooled_avg_pool_coarse_only,False,False,0.1462882096069869,0.06359744511343604,3,3,24x24,"{""cluster_0"": {""cluster_value"": 0, ""component_size_histogram"": {""2070"": 1}, ""largest_component_size"": 2070, ""num_1_cell_components"": 0, ""num_2_cell_components"": 0, ""num_components"": 1, ""smallest_component_size"": 2070, ""tiny_component_pixel_fraction"": 0.0, ""tiny_component_pixels"": 0}, ""cluster_1"": {""cluster_value"": 1, ""component_size_histogram"": {""3114"": 1}, ""largest_component_size"": 3114, ""num_1_cell_components"": 0, ""num_2_cell_components"": 0, ""num_components"": 1, ""smallest_component_size"": 3114, ""tiny_component_pixel_fraction"": 0.0, ""tiny_component_pixels"": 0}}"
stld,architexture:stld,feature_cluster_coarse_to_fine_global_pooled_init_coarse_only,benchmark,42,43,2,0.3363575322737197,0.012829311041173354,0.5,0.10087984418026731,0.571835220367172,0.0879058837890625,0.9120941162109375,2,2,0.0,0.0,ok,direct_foreground,False,"cluster_b->foreground,cluster_a->background",cluster_b,cluster_a,0.22448378333816654,0.012829311041173354,0.3363575322737197,0.012829311041173354,best_foreground_cluster_iou,1,fpn_2,fpn_2,fpn_2,72x72,38515,27021,38515,27021,38515,27021,0.0,0.0,0.0,0.0,coarsest_pooled_direct,pooled_avg_pool_coarse_only,False,False,0.06640333341361786,0.10087984418026731,3,3,24x24,"{""cluster_0"": {""cluster_value"": 0, ""component_size_histogram"": {""3042"": 1}, ""largest_component_size"": 3042, ""num_1_cell_components"": 0, ""num_2_cell_components"": 0, ""num_components"": 1, ""smallest_component_size"": 3042, ""tiny_component_pixel_fraction"": 0.0, ""tiny_component_pixels"": 0}, ""cluster_1"": {""cluster_value"": 1, ""component_size_histogram"": {""2142"": 1}, ""largest_component_size"": 2142, ""num_1_cell_components"": 0, ""num_2_cell_components"": 0, ""num_components"": 1, ""smallest_component_size"": 2142, ""tiny_component_pixel_fraction"": 0.0, ""tiny_component_pixels"": 0}}"
stld,architexture:stld,feature_cluster_coarse_to_fine_global_pooled_init_coarse_only,benchmark,43,44,2,0.3559070973650537,0.017316773245148423,0.5,0.14118608070576702,0.5706281140243404,0.1350250244140625,0.8649749755859375,2,2,0.0,0.0,ok,direct_foreground,False,"cluster_b->foreground,cluster_a->background",cluster_b,cluster_a,0.23001759566734323,0.017316773245148423,0.3559070973650537,0.017316773245148423,best_foreground_cluster_iou,1,fpn_2,fpn_2,fpn_2,72x72,39459,26077,39459,26077,39459,26077,0.0,0.0,0.0,0.0,coarsest_pooled_direct,pooled_avg_pool_coarse_only,False,False,0.10342622201918684,0.14118608070576702,3,3,24x24,"{""cluster_0"": {""cluster_value"": 0, ""component_size_histogram"": {""3105"": 1, ""9"": 1}, ""largest_component_size"": 3105, ""num_1_cell_components"": 0, ""num_2_cell_components"": 0, ""num_components"": 2, ""smallest_component_size"": 9, ""tiny_component_pixel_fraction"": 0.0, ""tiny_component_pixels"": 0}, ""cluster_1"": {""cluster_value"": 1, ""component_size_histogram"": {""2070"": 1}, ""largest_component_size"": 2070, ""num_1_cell_components"": 0, ""num_2_cell_components"": 0, ""num_components"": 1, ""smallest_component_size"": 2070, ""tiny_component_pixel_fraction"": 0.0, ""tiny_component_pixels"": 0}}"
stld,architexture:stld,feature_cluster_coarse_to_fine_global_pooled_init_coarse_only,benchmark,44,45,2,0.35982153307003806,0.03562989165589349,0.5,0.14876517098883935,0.5708778951512368,0.08184814453125,0.91815185546875,2,2,0.0,0.0,ok,direct_foreground,False,"cluster_b->foreground,cluster_a->background",cluster_b,cluster_a,0.2057766077875949,0.03562989165589349,0.35982153307003806,0.03562989165589349,best_foreground_cluster_iou,1,fpn_2,fpn_2,fpn_2,72x72,35595,29941,35595,29941,35595,29941,0.0,0.0,0.0,0.0,coarsest_pooled_direct,pooled_avg_pool_coarse_only,False,False,0.019717678691463143,0.14876517098883935,3,3,24x24,"{""cluster_0"": {""cluster_value"": 0, ""component_size_histogram"": {""2781"": 1, ""9"": 3}, ""largest_component_size"": 2781, ""num_1_cell_components"": 0, ""num_2_cell_components"": 0, ""num_components"": 4, ""smallest_component_size"": 9, ""tiny_component_pixel_fraction"": 0.0, ""tiny_component_pixels"": 0}, ""cluster_1"": {""cluster_value"": 1, ""component_size_histogram"": {""2376"": 1}, ""largest_component_size"": 2376, ""num_1_cell_components"": 0, ""num_2_cell_components"": 0, ""num_components"": 1, ""smallest_component_size"": 2376, ""tiny_component_pixel_fraction"": 0.0, ""tiny_component_pixels"": 0}}"
stld,architexture:stld,feature_cluster_coarse_to_fine_global_pooled_init_coarse_only,benchmark,45,46,2,0.3257352888577377,0.0031031701881527253,0.5,0.15956828559568287,0.49190229211979253,0.108978271484375,0.891021728515625,2,2,0.0,0.0,ok,direct_foreground,False,"cluster_a->foreground,cluster_b->background",cluster_a,cluster_b,0.3257352888577377,0.0031031701881527253,0.24477009026806326,0.0031031701881527253,best_foreground_cluster_iou,1,fpn_2,fpn_2,fpn_2,72x72,34759,30777,34759,30777,34759,30777,0.0,0.0,0.0,0.0,coarsest_pooled_direct,pooled_avg_pool_coarse_only,False,False,0.15956828559568287,0.0376542703116876,3,3,24x24,"{""cluster_0"": {""cluster_value"": 0, ""component_size_histogram"": {""2745"": 1}, ""largest_component_size"": 2745, ""num_1_cell_components"": 0, ""num_2_cell_components"": 0, ""num_components"": 1, ""smallest_component_size"": 2745, ""tiny_component_pixel_fraction"": 0.0, ""tiny_component_pixels"": 0}, ""cluster_1"": {""cluster_value"": 1, ""component_size_histogram"": {""2439"": 1}, ""largest_component_size"": 2439, ""num_1_cell_components"": 0, ""num_2_cell_components"": 0, ""num_components"": 1, ""smallest_component_size"": 2439, ""tiny_component_pixel_fraction"": 0.0, ""tiny_component_pixels"": 0}}"
stld,architexture:stld,feature_cluster_coarse_to_fine_global_pooled_init_coarse_only,benchmark,46,47,2,0.3823603335318093,0.04982260415238492,0.5,0.19015366921184626,0.5745669978517723,0.092254638671875,0.907745361328125,2,2,0.0,0.0,ok,direct_foreground,False,"cluster_b->foreground,cluster_a->background",cluster_b,cluster_a,0.19412392554480443,0.04982260415238492,0.3823603335318093,0.04982260415238492,best_foreground_cluster_iou,1,fpn_2,fpn_2,fpn_2,72x72,34329,31207,34329,31207,34329,31207,0.0,0.0,0.0,0.0,coarsest_pooled_direct,pooled_avg_pool_coarse_only,False,False,0.002333606414935081,0.19015366921184626,3,3,24x24,"{""cluster_0"": {""cluster_value"": 0, ""component_size_histogram"": {""2628"": 1, ""36"": 1, ""45"": 1}, ""largest_component_size"": 2628, ""num_1_cell_components"": 0, ""num_2_cell_components"": 0, ""num_components"": 3, ""smallest_component_size"": 36, ""tiny_component_pixel_fraction"": 0.0, ""tiny_component_pixels"": 0}, ""cluster_1"": {""cluster_value"": 1, ""component_size_histogram"": {""2475"": 1}, ""largest_component_size"": 2475, ""num_1_cell_components"": 0, ""num_2_cell_components"": 0, ""num_components"": 1, ""smallest_component_size"": 2475, ""tiny_component_pixel_fraction"": 0.0, ""tiny_component_pixels"": 0}}"
stld,architexture:stld,feature_cluster_coarse_to_fine_global_pooled_init_coarse_only,benchmark,47,48,2,0.2797878498849774,-0.005959674722874879,0.5,0.12037418822801774,0.4392015115419371,0.107666015625,0.892333984375,2,2,0.0,0.0,ok,direct_foreground,False,"cluster_a->foreground,cluster_b->background",cluster_a,cluster_b,0.2797878498849774,-0.005959674722874879,0.28665936945630477,-0.005959674722874879,best_foreground_cluster_iou,1,fpn_2,fpn_2,fpn_2,72x72,36419,29117,36419,29117,36419,29117,0.0,0.0,0.0,0.0,coarsest_pooled_direct,pooled_avg_pool_coarse_only,False,False,0.12037418822801774,0.07058719071859831,3,3,24x24,"{""cluster_0"": {""cluster_value"": 0, ""component_size_histogram"": {""2862"": 1, ""9"": 1}, ""largest_component_size"": 2862, ""num_1_cell_components"": 0, ""num_2_cell_components"": 0, ""num_components"": 2, ""smallest_component_size"": 9, ""tiny_component_pixel_fraction"": 0.0, ""tiny_component_pixels"": 0}, ""cluster_1"": {""cluster_value"": 1, ""component_size_histogram"": {""2313"": 1}, ""largest_component_size"": 2313, ""num_1_cell_components"": 0, ""num_2_cell_components"": 0, ""num_components"": 1, ""smallest_component_size"": 2313, ""tiny_component_pixel_fraction"": 0.0, ""tiny_component_pixels"": 0}}"
stld,architexture:stld,feature_cluster_coarse_to_fine_global_pooled_init_coarse_only,benchmark,48,49,2,0.3067007058738105,-0.00011796007657805103,0.5,0.13457324422044484,0.47882816752717616,0.10821533203125,0.89178466796875,2,2,0.0,0.0,ok,direct_foreground,False,"cluster_a->foreground,cluster_b->background",cluster_a,cluster_b,0.3067007058738105,-0.00011796007657805103,0.262308174497339,-0.00011796007657805103,best_foreground_cluster_iou,1,fpn_2,fpn_2,fpn_2,72x72,34329,31207,34329,31207,34329,31207,0.0,0.0,0.0,0.0,coarsest_pooled_direct,pooled_avg_pool_coarse_only,False,False,0.13457324422044484,0.06032668881506091,3,3,24x24,"{""cluster_0"": {""cluster_value"": 0, ""component_size_histogram"": {""2709"": 1}, ""largest_component_size"": 2709, ""num_1_cell_components"": 0, ""num_2_cell_components"": 0, ""num_components"": 1, ""smallest_component_size"": 2709, ""tiny_component_pixel_fraction"": 0.0, ""tiny_component_pixels"": 0}, ""cluster_1"": {""cluster_value"": 1, ""component_size_histogram"": {""2466"": 1, ""9"": 1}, ""largest_component_size"": 2466, ""num_1_cell_components"": 0, ""num_2_cell_components"": 0, ""num_components"": 2, ""smallest_component_size"": 9, ""tiny_component_pixel_fraction"": 0.0, ""tiny_component_pixels"": 0}}"
stld,architexture:stld,feature_cluster_coarse_to_fine_global_pooled_init_coarse_only,benchmark,49,50,2,0.649933268827166,0.4716845168256915,0.5,0.3602474088933467,0.9396191287609852,0.0342559814453125,0.9657440185546875,2,2,0.0,0.0,ok,direct_foreground,False,"cluster_a->foreground,cluster_b->background",cluster_a,cluster_b,0.649933268827166,0.4716845168256915,0.029278422294648384,0.4716845168256915,best_foreground_cluster_iou,1,fpn_2,fpn_2,fpn_2,72x72,5892,59644,5892,59644,5892,59644,0.0,0.0,0.0,0.0,coarsest_pooled_direct,pooled_avg_pool_coarse_only,False,False,0.3602474088933467,0.001456334244890694,3,3,24x24,"{""cluster_0"": {""cluster_value"": 0, ""component_size_histogram"": {""468"": 1}, ""largest_component_size"": 468, ""num_1_cell_components"": 0, ""num_2_cell_components"": 0, ""num_components"": 1, ""smallest_component_size"": 468, ""tiny_component_pixel_fraction"": 0.0, ""tiny_component_pixels"": 0}, ""cluster_1"": {""cluster_value"": 1, ""component_size_histogram"": {""18"": 1, ""27"": 1, ""4671"": 1}, ""largest_component_size"": 4671, ""num_1_cell_components"": 0, ""num_2_cell_components"": 0, ""num_components"": 3, ""smallest_component_size"": 18, ""tiny_component_pixel_fraction"": 0.0, ""tiny_component_pixels"": 0}}"
stld,architexture:stld,feature_cluster_coarse_to_fine_global_pooled_init_coarse_only,benchmark,50,51,2,0.537877130520441,0.2436469903939558,0.5,0.3491607313923945,0.7265935296484874,0.1282196044921875,0.8717803955078125,2,2,0.0,0.0,ok,direct_foreground,False,"cluster_a->foreground,cluster_b->background",cluster_a,cluster_b,0.537877130520441,0.2436469903939558,0.11930095808960067,0.2436469903939558,best_foreground_cluster_iou,1,fpn_2,fpn_2,fpn_2,72x72,23989,41547,23989,41547,23989,41547,0.0,0.0,0.0,0.0,coarsest_pooled_direct,pooled_avg_pool_coarse_only,False,False,0.3491607313923945,0.0004005607850991388,3,3,24x24,"{""cluster_0"": {""cluster_value"": 0, ""component_size_histogram"": {""1890"": 1}, ""largest_component_size"": 1890, ""num_1_cell_components"": 0, ""num_2_cell_components"": 0, ""num_components"": 1, ""smallest_component_size"": 1890, ""tiny_component_pixel_fraction"": 0.0, ""tiny_component_pixels"": 0}, ""cluster_1"": {""cluster_value"": 1, ""component_size_histogram"": {""3294"": 1}, ""largest_component_size"": 3294, ""num_1_cell_components"": 0, ""num_2_cell_components"": 0, ""num_components"": 1, ""smallest_component_size"": 3294, ""tiny_component_pixel_fraction"": 0.0, ""tiny_component_pixels"": 0}}"
stld,architexture:stld,feature_cluster_coarse_to_fine_global_pooled_init_coarse_only,benchmark,51,52,2,0.2807554487119125,-0.021923364968569167,0.5,0.13247970963351313,0.42903118779031185,0.0910186767578125,0.9089813232421875,2,2,0.0,0.0,ok,direct_foreground,False,"cluster_b->foreground,cluster_a->background",cluster_b,cluster_a,0.27113032031046796,-0.021923364968569167,0.2807554487119125,-0.021923364968569167,best_foreground_cluster_iou,1,fpn_2,fpn_2,fpn_2,72x72,26571,38965,26571,38965,26571,38965,0.0,0.0,0.0,0.0,coarsest_pooled_direct,pooled_avg_pool_coarse_only,False,False,0.022276683319194395,0.13247970963351313,3,3,24x24,"{""cluster_0"": {""cluster_value"": 0, ""component_size_histogram"": {""2106"": 1}, ""largest_component_size"": 2106, ""num_1_cell_components"": 0, ""num_2_cell_components"": 0, ""num_components"": 1, ""smallest_component_size"": 2106, ""tiny_component_pixel_fraction"": 0.0, ""tiny_component_pixels"": 0}, ""cluster_1"": {""cluster_value"": 1, ""component_size_histogram"": {""3078"": 1}, ""largest_component_size"": 3078, ""num_1_cell_components"": 0, ""num_2_cell_components"": 0, ""num_components"": 1, ""smallest_component_size"": 3078, ""tiny_component_pixel_fraction"": 0.0, ""tiny_component_pixels"": 0}}"
stld,architexture:stld,feature_cluster_coarse_to_fine_global_pooled_init_coarse_only,benchmark,52,53,2,0.3277741314373223,0.0005584659391208896,0.5,0.22272462077012836,0.4328236421045163,0.263153076171875,0.736846923828125,2,2,0.0,0.0,ok,direct_foreground,False,"cluster_b->foreground,cluster_a->background",cluster_b,cluster_a,0.30496883217983384,0.0005584659391208896,0.3277741314373223,0.0005584659391208896,best_foreground_cluster_iou,1,fpn_2,fpn_2,fpn_2,72x72,32484,33052,32484,33052,32484,33052,0.0,0.0,0.0,0.0,coarsest_pooled_direct,pooled_avg_pool_coarse_only,False,False,0.1941122796907266,0.22272462077012836,3,3,24x24,"{""cluster_0"": {""cluster_value"": 0, ""component_size_histogram"": {""2574"": 1}, ""largest_component_size"": 2574, ""num_1_cell_components"": 0, ""num_2_cell_components"": 0, ""num_components"": 1, ""smallest_component_size"": 2574, ""tiny_component_pixel_fraction"": 0.0, ""tiny_component_pixels"": 0}, ""cluster_1"": {""cluster_value"": 1, ""component_size_histogram"": {""2610"": 1}, ""largest_component_size"": 2610, ""num_1_cell_components"": 0, ""num_2_cell_components"": 0, ""num_components"": 1, ""smallest_component_size"": 2610, ""tiny_component_pixel_fraction"": 0.0, ""tiny_component_pixels"": 0}}"
stld,architexture:stld,feature_cluster_coarse_to_fine_global_pooled_init_coarse_only,benchmark,53,54,2,0.4429036175518576,0.12398383147967984,0.5,0.21231175905158603,0.6734954760521291,0.0832366943359375,0.9167633056640625,2,2,0.0,0.0,ok,direct_foreground,False,"cluster_a->foreground,cluster_b->background",cluster_a,cluster_b,0.4429036175518576,0.12398383147967984,0.15089610424986483,0.12398383147967984,best_foreground_cluster_iou,1,fpn_2,fpn_2,fpn_2,72x72,24814,40722,24814,40722,24814,40722,0.0,0.0,0.0,0.0,coarsest_pooled_direct,pooled_avg_pool_coarse_only,False,False,0.21231175905158603,0.0033461530104512962,3,3,24x24,"{""cluster_0"": {""cluster_value"": 0, ""component_size_histogram"": {""1953"": 1}, ""largest_component_size"": 1953, ""num_1_cell_components"": 0, ""num_2_cell_components"": 0, ""num_components"": 1, ""smallest_component_size"": 1953, ""tiny_component_pixel_fraction"": 0.0, ""tiny_component_pixels"": 0}, ""cluster_1"": {""cluster_value"": 1, ""component_size_histogram"": {""3231"": 1}, ""largest_component_size"": 3231, ""num_1_cell_components"": 0, ""num_2_cell_components"": 0, ""num_components"": 1, ""smallest_component_size"": 3231, ""tiny_component_pixel_fraction"": 0.0, ""tiny_component_pixels"": 0}}"
stld,architexture:stld,feature_cluster_coarse_to_fine_global_pooled_init_coarse_only,benchmark,54,55,2,0.4847064621949251,0.17142135805915054,0.5,0.252133162385605,0.7172797620042451,0.107025146484375,0.892974853515625,2,2,0.0,0.0,ok,direct_foreground,False,"cluster_b->foreground,cluster_a->background",cluster_b,cluster_a,0.13461507670776407,0.17142135805915054,0.4847064621949251,0.17142135805915054,best_foreground_cluster_iou,1,fpn_2,fpn_2,fpn_2,72x72,44228,21308,44228,21308,44228,21308,0.0,0.0,0.0,0.0,coarsest_pooled_direct,pooled_avg_pool_coarse_only,False,False,0.02625623360237127,0.252133162385605,3,3,24x24,"{""cluster_0"": {""cluster_value"": 0, ""component_size_histogram"": {""3492"": 1}, ""largest_component_size"": 3492, ""num_1_cell_components"": 0, ""num_2_cell_components"": 0, ""num_components"": 1, ""smallest_component_size"": 3492, ""tiny_component_pixel_fraction"": 0.0, ""tiny_component_pixels"": 0}, ""cluster_1"": {""cluster_value"": 1, ""component_size_histogram"": {""1692"": 1}, ""largest_component_size"": 1692, ""num_1_cell_components"": 0, ""num_2_cell_components"": 0, ""num_components"": 1, ""smallest_component_size"": 1692, ""tiny_component_pixel_fraction"": 0.0, ""tiny_component_pixels"": 0}}"
stld,architexture:stld,feature_cluster_coarse_to_fine_global_pooled_init_coarse_only,benchmark,55,56,2,0.40964137061831035,0.08184202905282217,0.5,0.17902208201892744,0.6402606592176933,0.08636474609375,0.91363525390625,2,2,0.0,0.0,ok,direct_foreground,False,"cluster_a->foreground,cluster_b->background",cluster_a,cluster_b,0.40964137061831035,0.08184202905282217,0.17220146584994064,0.08184202905282217,best_foreground_cluster_iou,1,fpn_2,fpn_2,fpn_2,72x72,25735,39801,25735,39801,25735,39801,0.0,0.0,0.0,0.0,coarsest_pooled_direct,pooled_avg_pool_coarse_only,False,False,0.17902208201892744,0.020036797702387362,3,3,24x24,"{""cluster_0"": {""cluster_value"": 0, ""component_size_histogram"": {""2043"": 1}, ""largest_component_size"": 2043, ""num_1_cell_components"": 0, ""num_2_cell_components"": 0, ""num_components"": 1, ""smallest_component_size"": 2043, ""tiny_component_pixel_fraction"": 0.0, ""tiny_component_pixels"": 0}, ""cluster_1"": {""cluster_value"": 1, ""component_size_histogram"": {""3132"": 1, ""9"": 1}, ""largest_component_size"": 3132, ""num_1_cell_components"": 0, ""num_2_cell_components"": 0, ""num_components"": 2, ""smallest_component_size"": 9, ""tiny_component_pixel_fraction"": 0.0, ""tiny_component_pixels"": 0}}"
stld,architexture:stld,feature_cluster_coarse_to_fine_global_pooled_init_coarse_only,benchmark,56,57,2,0.42244836667132746,0.04330226663707386,0.5,0.3195109553492603,0.5253857779933947,0.1857452392578125,0.8142547607421875,2,2,0.0,0.0,ok,direct_foreground,False,"cluster_a->foreground,cluster_b->background",cluster_a,cluster_b,0.42244836667132746,0.04330226663707386,0.1958352746731633,0.04330226663707386,best_foreground_cluster_iou,1,fpn_2,fpn_2,fpn_2,72x72,37149,28387,37149,28387,37149,28387,0.0,0.0,0.0,0.0,coarsest_pooled_direct,pooled_avg_pool_coarse_only,False,False,0.3195109553492603,0.005702950657079098,3,3,24x24,"{""cluster_0"": {""cluster_value"": 0, ""component_size_histogram"": {""2934"": 1}, ""largest_component_size"": 2934, ""num_1_cell_components"": 0, ""num_2_cell_components"": 0, ""num_components"": 1, ""smallest_component_size"": 2934, ""tiny_component_pixel_fraction"": 0.0, ""tiny_component_pixels"": 0}, ""cluster_1"": {""cluster_value"": 1, ""component_size_histogram"": {""2241"": 1, ""9"": 1}, ""largest_component_size"": 2241, ""num_1_cell_components"": 0, ""num_2_cell_components"": 0, ""num_components"": 2, ""smallest_component_size"": 9, ""tiny_component_pixel_fraction"": 0.0, ""tiny_component_pixels"": 0}}"
stld,architexture:stld,feature_cluster_coarse_to_fine_global_pooled_init_coarse_only,benchmark,57,58,2,0.3502728467180349,0.008285174519236192,0.5,0.05633395329613557,0.6442117401399342,0.052093505859375,0.947906494140625,2,2,0.0,0.0,ok,direct_foreground,False,"cluster_a->foreground,cluster_b->background",cluster_a,cluster_b,0.3502728467180349,0.008285174519236192,0.18658222406384706,0.008285174519236192,best_foreground_cluster_iou,1,fpn_2,fpn_2,fpn_2,72x72,22144,43392,22144,43392,22144,43392,0.0,0.0,0.0,0.0,coarsest_pooled_direct,pooled_avg_pool_coarse_only,False,False,0.05633395329613557,0.04582728186794772,3,3,24x24,"{""cluster_0"": {""cluster_value"": 0, ""component_size_histogram"": {""1755"": 1}, ""largest_component_size"": 1755, ""num_1_cell_components"": 0, ""num_2_cell_components"": 0, ""num_components"": 1, ""smallest_component_size"": 1755, ""tiny_component_pixel_fraction"": 0.0, ""tiny_component_pixels"": 0}, ""cluster_1"": {""cluster_value"": 1, ""component_size_histogram"": {""3429"": 1}, ""largest_component_size"": 3429, ""num_1_cell_components"": 0, ""num_2_cell_components"": 0, ""num_components"": 1, ""smallest_component_size"": 3429, ""tiny_component_pixel_fraction"": 0.0, ""tiny_component_pixels"": 0}}"
stld,architexture:stld,feature_cluster_coarse_to_fine_global_pooled_init_coarse_only,benchmark,58,59,2,0.38956569099347604,0.014248817904866788,0.5,0.28852088047726804,0.49061050150968405,0.1848297119140625,0.8151702880859375,2,2,0.0,0.0,ok,direct_foreground,False,"cluster_a->foreground,cluster_b->background",cluster_a,cluster_b,0.38956569099347604,0.014248817904866788,0.21861830048378667,0.014248817904866788,best_foreground_cluster_iou,1,fpn_2,fpn_2,fpn_2,72x72,37995,27541,37995,27541,37995,27541,0.0,0.0,0.0,0.0,coarsest_pooled_direct,pooled_avg_pool_coarse_only,False,False,0.28852088047726804,0.023038621294600242,3,3,24x24,"{""cluster_0"": {""cluster_value"": 0, ""component_size_histogram"": {""2997"": 1}, ""largest_component_size"": 2997, ""num_1_cell_components"": 0, ""num_2_cell_components"": 0, ""num_components"": 1, ""smallest_component_size"": 2997, ""tiny_component_pixel_fraction"": 0.0, ""tiny_component_pixels"": 0}, ""cluster_1"": {""cluster_value"": 1, ""component_size_histogram"": {""2187"": 1}, ""largest_component_size"": 2187, ""num_1_cell_components"": 0, ""num_2_cell_components"": 0, ""num_components"": 1, ""smallest_component_size"": 2187, ""tiny_component_pixel_fraction"": 0.0, ""tiny_component_pixels"": 0}}"
stld,architexture:stld,feature_cluster_coarse_to_fine_global_pooled_init_coarse_only,benchmark,59,60,2,0.32383199711758986,-0.00645080969177972,0.5,0.22857685730571917,0.4190871369294606,0.2179718017578125,0.7820281982421875,2,2,0.0,0.0,ok,direct_foreground,False,"cluster_b->foreground,cluster_a->background",cluster_b,cluster_a,0.2902819268039581,-0.00645080969177972,0.32383199711758986,-0.00645080969177972,best_foreground_cluster_iou,1,fpn_2,fpn_2,fpn_2,72x72,28093,37443,28093,37443,28093,37443,0.0,0.0,0.0,0.0,coarsest_pooled_direct,pooled_avg_pool_coarse_only,False,False,0.12357822732454861,0.22857685730571917,3,3,24x24,"{""cluster_0"": {""cluster_value"": 0, ""component_size_histogram"": {""2232"": 1}, ""largest_component_size"": 2232, ""num_1_cell_components"": 0, ""num_2_cell_components"": 0, ""num_components"": 1, ""smallest_component_size"": 2232, ""tiny_component_pixel_fraction"": 0.0, ""tiny_component_pixels"": 0}, ""cluster_1"": {""cluster_value"": 1, ""component_size_histogram"": {""2952"": 1}, ""largest_component_size"": 2952, ""num_1_cell_components"": 0, ""num_2_cell_components"": 0, ""num_components"": 1, ""smallest_component_size"": 2952, ""tiny_component_pixel_fraction"": 0.0, ""tiny_component_pixels"": 0}}"
stld,architexture:stld,feature_cluster_coarse_to_fine_global_pooled_init_coarse_only,benchmark,60,61,2,0.3690080252515842,0.035812102840471156,0.5,0.1841773901292958,0.5538386603738726,0.0917205810546875,0.9082794189453125,2,2,0.0,0.0,ok,direct_foreground,False,"cluster_a->foreground,cluster_b->background",cluster_a,cluster_b,0.3690080252515842,0.035812102840471156,0.20278325725951127,0.035812102840471156,best_foreground_cluster_iou,1,fpn_2,fpn_2,fpn_2,72x72,32547,32989,32547,32989,32547,32989,0.0,0.0,0.0,0.0,coarsest_pooled_direct,pooled_avg_pool_coarse_only,False,False,0.1841773901292958,0.00035910326783973736,3,3,24x24,"{""cluster_0"": {""cluster_value"": 0, ""component_size_histogram"": {""2574"": 1}, ""largest_component_size"": 2574, ""num_1_cell_components"": 0, ""num_2_cell_components"": 0, ""num_components"": 1, ""smallest_component_size"": 2574, ""tiny_component_pixel_fraction"": 0.0, ""tiny_component_pixels"": 0}, ""cluster_1"": {""cluster_value"": 1, ""component_size_histogram"": {""2610"": 1}, ""largest_component_size"": 2610, ""num_1_cell_components"": 0, ""num_2_cell_components"": 0, ""num_components"": 1, ""smallest_component_size"": 2610, ""tiny_component_pixel_fraction"": 0.0, ""tiny_component_pixels"": 0}}"
stld,architexture:stld,feature_cluster_coarse_to_fine_global_pooled_init_coarse_only,benchmark,61,62,2,0.4270559263177507,0.09678044648038935,0.5,0.22887446793664085,0.6252373846988606,0.1004791259765625,0.8995208740234375,2,2,0.0,0.0,ok,direct_foreground,False,"cluster_a->foreground,cluster_b->background",cluster_a,cluster_b,0.4270559263177507,0.09678044648038935,0.16878604753159943,0.09678044648038935,best_foreground_cluster_iou,1,fpn_2,fpn_2,fpn_2,72x72,28637,36899,28637,36899,28637,36899,0.0,0.0,0.0,0.0,coarsest_pooled_direct,pooled_avg_pool_coarse_only,False,False,0.22887446793664085,0.0005752548378931867,3,3,24x24,"{""cluster_0"": {""cluster_value"": 0, ""component_size_histogram"": {""2232"": 1, ""27"": 1}, ""largest_component_size"": 2232, ""num_1_cell_components"": 0, ""num_2_cell_components"": 0, ""num_components"": 2, ""smallest_component_size"": 27, ""tiny_component_pixel_fraction"": 0.0, ""tiny_component_pixels"": 0}, ""cluster_1"": {""cluster_value"": 1, ""component_size_histogram"": {""2925"": 1}, ""largest_component_size"": 2925, ""num_1_cell_components"": 0, ""num_2_cell_components"": 0, ""num_components"": 1, ""smallest_component_size"": 2925, ""tiny_component_pixel_fraction"": 0.0, ""tiny_component_pixels"": 0}}"
stld,architexture:stld,feature_cluster_coarse_to_fine_global_pooled_init_coarse_only,benchmark,62,63,2,0.3787261569376491,0.04238566531246175,0.5,0.1932555527826304,0.5641967610926678,0.1135101318359375,0.8864898681640625,2,2,0.0,0.0,ok,direct_foreground,False,"cluster_a->foreground,cluster_b->background",cluster_a,cluster_b,0.3787261569376491,0.04238566531246175,0.20664759879131522,0.04238566531246175,best_foreground_cluster_iou,1,fpn_2,fpn_2,fpn_2,72x72,30812,34724,30812,34724,30812,34724,0.0,0.0,0.0,0.0,coarsest_pooled_direct,pooled_avg_pool_coarse_only,False,False,0.1932555527826304,0.030401524963953177,3,3,24x24,"{""cluster_0"": {""cluster_value"": 0, ""component_size_histogram"": {""2439"": 1, ""9"": 1}, ""largest_component_size"": 2439, ""num_1_cell_components"": 0, ""num_2_cell_components"": 0, ""num_components"": 2, ""smallest_component_size"": 9, ""tiny_component_pixel_fraction"": 0.0, ""tiny_component_pixels"": 0}, ""cluster_1"": {""cluster_value"": 1, ""component_size_histogram"": {""2736"": 1}, ""largest_component_size"": 2736, ""num_1_cell_components"": 0, ""num_2_cell_components"": 0, ""num_components"": 1, ""smallest_component_size"": 2736, ""tiny_component_pixel_fraction"": 0.0, ""tiny_component_pixels"": 0}}"
stld,architexture:stld,feature_cluster_coarse_to_fine_global_pooled_init_coarse_only,benchmark,63,64,2,0.859385206443293,0.7715399413574338,0.5,0.7899006055066834,0.9288698073799025,0.2114410400390625,0.7885589599609375,2,2,0.0,0.0,ok,direct_foreground,False,"cluster_a->foreground,cluster_b->background",cluster_a,cluster_b,0.859385206443293,0.7715399413574338,0.028086283278747785,0.7715399413574338,best_foreground_cluster_iou,1,fpn_2,fpn_2,fpn_2,72x72,17477,48059,17477,48059,17477,48059,0.0,0.0,0.0,0.0,coarsest_pooled_direct,pooled_avg_pool_coarse_only,False,False,0.7899006055066834,0.00046859598946466947,3,3,24x24,"{""cluster_0"": {""cluster_value"": 0, ""component_size_histogram"": {""1386"": 1}, ""largest_component_size"": 1386, ""num_1_cell_components"": 0, ""num_2_cell_components"": 0, ""num_components"": 1, ""smallest_component_size"": 1386, ""tiny_component_pixel_fraction"": 0.0, ""tiny_component_pixels"": 0}, ""cluster_1"": {""cluster_value"": 1, ""component_size_histogram"": {""3798"": 1}, ""largest_component_size"": 3798, ""num_1_cell_components"": 0, ""num_2_cell_components"": 0, ""num_components"": 1, ""smallest_component_size"": 3798, ""tiny_component_pixel_fraction"": 0.0, ""tiny_component_pixels"": 0}}"
stld,architexture:stld,feature_cluster_coarse_to_fine_global_pooled_init_coarse_only,benchmark,64,65,2,0.41527772661902995,0.07409080539247555,0.5,0.21038843090680454,0.6201670223312553,0.1343536376953125,0.8656463623046875,2,2,0.0,0.0,ok,direct_foreground,False,"cluster_a->foreground,cluster_b->background",cluster_a,cluster_b,0.41527772661902995,0.07409080539247555,0.18837110402635482,0.07409080539247555,best_foreground_cluster_iou,1,fpn_2,fpn_2,fpn_2,72x72,25846,39690,25846,39690,25846,39690,0.0,0.0,0.0,0.0,coarsest_pooled_direct,pooled_avg_pool_coarse_only,False,False,0.21038843090680454,0.06085796163017085,3,3,24x24,"{""cluster_0"": {""cluster_value"": 0, ""component_size_histogram"": {""2052"": 1}, ""largest_component_size"": 2052, ""num_1_cell_components"": 0, ""num_2_cell_components"": 0, ""num_components"": 1, ""smallest_component_size"": 2052, ""tiny_component_pixel_fraction"": 0.0, ""tiny_component_pixels"": 0}, ""cluster_1"": {""cluster_value"": 1, ""component_size_histogram"": {""3132"": 1}, ""largest_component_size"": 3132, ""num_1_cell_components"": 0, ""num_2_cell_components"": 0, ""num_components"": 1, ""smallest_component_size"": 3132, ""tiny_component_pixel_fraction"": 0.0, ""tiny_component_pixels"": 0}}"
stld,architexture:stld,feature_cluster_coarse_to_fine_global_pooled_init_coarse_only,benchmark,65,66,2,0.3379010065519371,0.009834773254463788,0.5380462389237319,0.16202997784746398,0.5137720352564102,0.16202997784746398,0.9140625,1,2,0.0,0.0,ok,direct_foreground,False,"cluster_b->foreground,cluster_a->background",cluster_b,cluster_a,0.22222137451171875,0.009834773254463788,0.3379010065519371,0.009834773254463788,best_foreground_cluster_iou,1,fpn_2,fpn_2,fpn_2,72x72,30777,34759,30777,34759,30777,34759,0.0,0.0,0.0,0.0,coarsest_pooled_direct,pooled_avg_pool_coarse_only,False,False,0.0,0.16202997784746398,3,3,24x24,"{""cluster_0"": {""cluster_value"": 0, ""component_size_histogram"": {""2439"": 1}, ""largest_component_size"": 2439, ""num_1_cell_components"": 0, ""num_2_cell_components"": 0, ""num_components"": 1, ""smallest_component_size"": 2439, ""tiny_component_pixel_fraction"": 0.0, ""tiny_component_pixels"": 0}, ""cluster_1"": {""cluster_value"": 1, ""component_size_histogram"": {""2745"": 1}, ""largest_component_size"": 2745, ""num_1_cell_components"": 0, ""num_2_cell_components"": 0, ""num_components"": 1, ""smallest_component_size"": 2745, ""tiny_component_pixel_fraction"": 0.0, ""tiny_component_pixels"": 0}}"
stld,architexture:stld,feature_cluster_coarse_to_fine_global_pooled_init_coarse_only,benchmark,66,67,2,0.29894742970126853,-0.011229557228836607,0.5,0.15219399538106235,0.4457008640214747,0.1162872314453125,0.8837127685546875,2,2,0.0,0.0,ok,direct_foreground,False,"cluster_a->foreground,cluster_b->background",cluster_a,cluster_b,0.29894742970126853,-0.011229557228836607,0.27022180613450164,-0.011229557228836607,best_foreground_cluster_iou,1,fpn_2,fpn_2,fpn_2,72x72,37280,28256,37280,28256,37280,28256,0.0,0.0,0.0,0.0,coarsest_pooled_direct,pooled_avg_pool_coarse_only,False,False,0.15219399538106235,0.0494339953783602,3,3,24x24,"{""cluster_0"": {""cluster_value"": 0, ""component_size_histogram"": {""2934"": 1, ""9"": 1}, ""largest_component_size"": 2934, ""num_1_cell_components"": 0, ""num_2_cell_components"": 0, ""num_components"": 2, ""smallest_component_size"": 9, ""tiny_component_pixel_fraction"": 0.0, ""tiny_component_pixels"": 0}, ""cluster_1"": {""cluster_value"": 1, ""component_size_histogram"": {""2232"": 1, ""9"": 1}, ""largest_component_size"": 2232, ""num_1_cell_components"": 0, ""num_2_cell_components"": 0, ""num_components"": 2, ""smallest_component_size"": 9, ""tiny_component_pixel_fraction"": 0.0, ""tiny_component_pixels"": 0}}"
stld,architexture:stld,feature_cluster_coarse_to_fine_global_pooled_init_coarse_only,benchmark,67,68,2,0.3279754995308549,0.012784164198798745,0.5,0.10080305679683958,0.5551479422648703,0.080078125,0.919921875,2,2,0.0,0.0,ok,direct_foreground,False,"cluster_a->foreground,cluster_b->background",cluster_a,cluster_b,0.3279754995308549,0.012784164198798745,0.22891073963373798,0.012784164198798745,best_foreground_cluster_iou,1,fpn_2,fpn_2,fpn_2,72x72,28747,36789,28747,36789,28747,36789,0.0,0.0,0.0,0.0,coarsest_pooled_direct,pooled_avg_pool_coarse_only,False,False,0.10080305679683958,0.05350608992030475,3,3,24x24,"{""cluster_0"": {""cluster_value"": 0, ""component_size_histogram"": {""2268"": 1}, ""largest_component_size"": 2268, ""num_1_cell_components"": 0, ""num_2_cell_components"": 0, ""num_components"": 1, ""smallest_component_size"": 2268, ""tiny_component_pixel_fraction"": 0.0, ""tiny_component_pixels"": 0}, ""cluster_1"": {""cluster_value"": 1, ""component_size_histogram"": {""2916"": 1}, ""largest_component_size"": 2916, ""num_1_cell_components"": 0, ""num_2_cell_components"": 0, ""num_components"": 1, ""smallest_component_size"": 2916, ""tiny_component_pixel_fraction"": 0.0, ""tiny_component_pixels"": 0}}"
stld,architexture:stld,feature_cluster_coarse_to_fine_global_pooled_init_coarse_only,benchmark,68,69,2,0.2720366360371974,-0.0025611656089108733,0.5,0.09801648974001001,0.44605678233438484,0.094390869140625,0.905609130859375,2,2,0.0,0.0,ok,direct_foreground,False,"cluster_b->foreground,cluster_a->background",cluster_b,cluster_a,0.2884232918884553,-0.0025611656089108733,0.2720366360371974,-0.0025611656089108733,best_foreground_cluster_iou,1,fpn_2,fpn_2,fpn_2,72x72,30038,35498,30038,35498,30038,35498,0.0,0.0,0.0,0.0,coarsest_pooled_direct,pooled_avg_pool_coarse_only,False,False,0.07301756568618739,0.09801648974001001,3,3,24x24,"{""cluster_0"": {""cluster_value"": 0, ""component_size_histogram"": {""2376"": 1}, ""largest_component_size"": 2376, ""num_1_cell_components"": 0, ""num_2_cell_components"": 0, ""num_components"": 1, ""smallest_component_size"": 2376, ""tiny_component_pixel_fraction"": 0.0, ""tiny_component_pixels"": 0}, ""cluster_1"": {""cluster_value"": 1, ""component_size_histogram"": {""2808"": 1}, ""largest_component_size"": 2808, ""num_1_cell_components"": 0, ""num_2_cell_components"": 0, ""num_components"": 1, ""smallest_component_size"": 2808, ""tiny_component_pixel_fraction"": 0.0, ""tiny_component_pixels"": 0}}"
stld,architexture:stld,feature_cluster_coarse_to_fine_global_pooled_init_coarse_only,benchmark,69,70,2,0.3840389765340765,0.02161731588768117,0.5,0.25821799307958476,0.5098599599885681,0.1588134765625,0.8411865234375,2,2,0.0,0.0,ok,direct_foreground,False,"cluster_b->foreground,cluster_a->background",cluster_b,cluster_a,0.21649190231181253,0.02161731588768117,0.3840389765340765,0.02161731588768117,best_foreground_cluster_iou,1,fpn_2,fpn_2,fpn_2,72x72,29400,36136,29400,36136,29400,36136,0.0,0.0,0.0,0.0,coarsest_pooled_direct,pooled_avg_pool_coarse_only,False,False,0.021975765044156912,0.25821799307958476,3,3,24x24,"{""cluster_0"": {""cluster_value"": 0, ""component_size_histogram"": {""2331"": 1}, ""largest_component_size"": 2331, ""num_1_cell_components"": 0, ""num_2_cell_components"": 0, ""num_components"": 1, ""smallest_component_size"": 2331, ""tiny_component_pixel_fraction"": 0.0, ""tiny_component_pixels"": 0}, ""cluster_1"": {""cluster_value"": 1, ""component_size_histogram"": {""2853"": 1}, ""largest_component_size"": 2853, ""num_1_cell_components"": 0, ""num_2_cell_components"": 0, ""num_components"": 1, ""smallest_component_size"": 2853, ""tiny_component_pixel_fraction"": 0.0, ""tiny_component_pixels"": 0}}"
stld,architexture:stld,feature_cluster_coarse_to_fine_global_pooled_init_coarse_only,benchmark,70,71,2,0.4200969251491924,0.041659699938685395,0.5,0.31577115626589564,0.5244226940324892,0.1836395263671875,0.8163604736328125,2,2,0.0,0.0,ok,direct_foreground,False,"cluster_a->foreground,cluster_b->background",cluster_a,cluster_b,0.4200969251491924,0.041659699938685395,0.19685472612755947,0.041659699938685395,best_foreground_cluster_iou,1,fpn_2,fpn_2,fpn_2,72x72,37113,28423,37113,28423,37113,28423,0.0,0.0,0.0,0.0,coarsest_pooled_direct,pooled_avg_pool_coarse_only,False,False,0.31577115626589564,0.005967477248992988,3,3,24x24,"{""cluster_0"": {""cluster_value"": 0, ""component_size_histogram"": {""2925"": 1}, ""largest_component_size"": 2925, ""num_1_cell_components"": 0, ""num_2_cell_components"": 0, ""num_components"": 1, ""smallest_component_size"": 2925, ""tiny_component_pixel_fraction"": 0.0, ""tiny_component_pixels"": 0}, ""cluster_1"": {""cluster_value"": 1, ""component_size_histogram"": {""2259"": 1}, ""largest_component_size"": 2259, ""num_1_cell_components"": 0, ""num_2_cell_components"": 0, ""num_components"": 1, ""smallest_component_size"": 2259, ""tiny_component_pixel_fraction"": 0.0, ""tiny_component_pixels"": 0}}"
stld,architexture:stld,feature_cluster_coarse_to_fine_global_pooled_init_coarse_only,benchmark,71,72,2,0.3456152292055829,0.02102126536012155,0.5,0.11154499151103565,0.5796854669001301,0.0846099853515625,0.9153900146484375,2,2,0.0,0.0,ok,direct_foreground,False,"cluster_a->foreground,cluster_b->background",cluster_a,cluster_b,0.3456152292055829,0.02102126536012155,0.21603791821714424,0.02102126536012155,best_foreground_cluster_iou,1,fpn_2,fpn_2,fpn_2,72x72,27190,38346,27190,38346,27190,38346,0.0,0.0,0.0,0.0,coarsest_pooled_direct,pooled_avg_pool_coarse_only,False,False,0.11154499151103565,0.05428646921765031,3,3,24x24,"{""cluster_0"": {""cluster_value"": 0, ""component_size_histogram"": {""2160"": 1}, ""largest_component_size"": 2160, ""num_1_cell_components"": 0, ""num_2_cell_components"": 0, ""num_components"": 1, ""smallest_component_size"": 2160, ""tiny_component_pixel_fraction"": 0.0, ""tiny_component_pixels"": 0}, ""cluster_1"": {""cluster_value"": 1, ""component_size_histogram"": {""3024"": 1}, ""largest_component_size"": 3024, ""num_1_cell_components"": 0, ""num_2_cell_components"": 0, ""num_components"": 1, ""smallest_component_size"": 3024, ""tiny_component_pixel_fraction"": 0.0, ""tiny_component_pixels"": 0}}"
stld,architexture:stld,feature_cluster_coarse_to_fine_global_pooled_init_coarse_only,benchmark,72,73,2,0.3847013753659666,0.028505992691318385,0.5,0.24660891847477925,0.5227938322571539,0.15087890625,0.84912109375,2,2,0.0,0.0,ok,direct_foreground,False,"cluster_a->foreground,cluster_b->background",cluster_a,cluster_b,0.3847013753659666,0.028505992691318385,0.21474206642277152,0.028505992691318385,best_foreground_cluster_iou,1,fpn_2,fpn_2,fpn_2,72x72,34869,30667,34869,30667,34869,30667,0.0,0.0,0.0,0.0,coarsest_pooled_direct,pooled_avg_pool_coarse_only,False,False,0.24660891847477925,0.026163305584372864,3,3,24x24,"{""cluster_0"": {""cluster_value"": 0, ""component_size_histogram"": {""2754"": 1}, ""largest_component_size"": 2754, ""num_1_cell_components"": 0, ""num_2_cell_components"": 0, ""num_components"": 1, ""smallest_component_size"": 2754, ""tiny_component_pixel_fraction"": 0.0, ""tiny_component_pixels"": 0}, ""cluster_1"": {""cluster_value"": 1, ""component_size_histogram"": {""2430"": 1}, ""largest_component_size"": 2430, ""num_1_cell_components"": 0, ""num_2_cell_components"": 0, ""num_components"": 1, ""smallest_component_size"": 2430, ""tiny_component_pixel_fraction"": 0.0, ""tiny_component_pixels"": 0}}"
stld,architexture:stld,feature_cluster_coarse_to_fine_global_pooled_init_coarse_only,benchmark,73,74,2,0.32061967655820645,0.00792082160441117,0.5,0.12433870252696912,0.5169006505894438,0.102874755859375,0.897125244140625,2,2,0.0,0.0,ok,direct_foreground,False,"cluster_a->foreground,cluster_b->background",cluster_a,cluster_b,0.32061967655820645,0.00792082160441117,0.24799128847157234,0.00792082160441117,best_foreground_cluster_iou,1,fpn_2,fpn_2,fpn_2,72x72,31300,34236,31300,34236,31300,34236,0.0,0.0,0.0,0.0,coarsest_pooled_direct,pooled_avg_pool_coarse_only,False,False,0.12433870252696912,0.06594178393985901,3,3,24x24,"{""cluster_0"": {""cluster_value"": 0, ""component_size_histogram"": {""2466"": 1}, ""largest_component_size"": 2466, ""num_1_cell_components"": 0, ""num_2_cell_components"": 0, ""num_components"": 1, ""smallest_component_size"": 2466, ""tiny_component_pixel_fraction"": 0.0, ""tiny_component_pixels"": 0}, ""cluster_1"": {""cluster_value"": 1, ""component_size_histogram"": {""2700"": 1, ""9"": 2}, ""largest_component_size"": 2700, ""num_1_cell_components"": 0, ""num_2_cell_components"": 0, ""num_components"": 3, ""smallest_component_size"": 9, ""tiny_component_pixel_fraction"": 0.0, ""tiny_component_pixels"": 0}}"
stld,architexture:stld,feature_cluster_coarse_to_fine_global_pooled_init_coarse_only,benchmark,74,75,2,0.5409040674717305,0.21026575909048228,0.5,0.41470773515466997,0.6671003997887909,0.1975860595703125,0.8024139404296875,2,2,0.0,0.0,ok,direct_foreground,False,"cluster_a->foreground,cluster_b->background",cluster_a,cluster_b,0.5409040674717305,0.21026575909048228,0.13676972480079305,0.21026575909048228,best_foreground_cluster_iou,1,fpn_2,fpn_2,fpn_2,72x72,29720,35816,29720,35816,29720,35816,0.0,0.0,0.0,0.0,coarsest_pooled_direct,pooled_avg_pool_coarse_only,False,False,0.41470773515466997,0.00912590017382667,3,3,24x24,"{""cluster_0"": {""cluster_value"": 0, ""component_size_histogram"": {""2340"": 1, ""9"": 2}, ""largest_component_size"": 2340, ""num_1_cell_components"": 0, ""num_2_cell_components"": 0, ""num_components"": 3, ""smallest_component_size"": 9, ""tiny_component_pixel_fraction"": 0.0, ""tiny_component_pixels"": 0}, ""cluster_1"": {""cluster_value"": 1, ""component_size_histogram"": {""2754"": 1, ""63"": 1, ""9"": 1}, ""largest_component_size"": 2754, ""num_1_cell_components"": 0, ""num_2_cell_components"": 0, ""num_components"": 3, ""smallest_component_size"": 9, ""tiny_component_pixel_fraction"": 0.0, ""tiny_component_pixels"": 0}}"
stld,architexture:stld,feature_cluster_coarse_to_fine_global_pooled_init_coarse_only,benchmark,75,76,2,0.26599865467164047,-0.00031110630074325545,0.5,0.07743589743589743,0.4545614119073835,0.081329345703125,0.918670654296875,2,2,0.0,0.0,ok,direct_foreground,False,"cluster_b->foreground,cluster_a->background",cluster_b,cluster_a,0.28783479075542623,-0.00031110630074325545,0.26599865467164047,-0.00031110630074325545,best_foreground_cluster_iou,1,fpn_2,fpn_2,fpn_2,72x72,30947,34589,30947,34589,30947,34589,0.0,0.0,0.0,0.0,coarsest_pooled_direct,pooled_avg_pool_coarse_only,False,False,0.07277620061509345,0.07743589743589743,3,3,24x24,"{""cluster_0"": {""cluster_value"": 0, ""component_size_histogram"": {""2439"": 1}, ""largest_component_size"": 2439, ""num_1_cell_components"": 0, ""num_2_cell_components"": 0, ""num_components"": 1, ""smallest_component_size"": 2439, ""tiny_component_pixel_fraction"": 0.0, ""tiny_component_pixels"": 0}, ""cluster_1"": {""cluster_value"": 1, ""component_size_histogram"": {""2745"": 1}, ""largest_component_size"": 2745, ""num_1_cell_components"": 0, ""num_2_cell_components"": 0, ""num_components"": 1, ""smallest_component_size"": 2745, ""tiny_component_pixel_fraction"": 0.0, ""tiny_component_pixels"": 0}}"
stld,architexture:stld,feature_cluster_coarse_to_fine_global_pooled_init_coarse_only,benchmark,76,77,2,0.32670013363938466,0.0022961788285160755,0.5,0.1586563882781844,0.4947438790005849,0.0975189208984375,0.9024810791015625,2,2,0.0,0.0,ok,direct_foreground,False,"cluster_b->foreground,cluster_a->background",cluster_b,cluster_a,0.23737076186766615,0.0022961788285160755,0.32670013363938466,0.0022961788285160755,best_foreground_cluster_iou,1,fpn_2,fpn_2,fpn_2,72x72,30293,35243,30293,35243,30293,35243,0.0,0.0,0.0,0.0,coarsest_pooled_direct,pooled_avg_pool_coarse_only,False,False,0.019169861643607268,0.1586563882781844,3,3,24x24,"{""cluster_0"": {""cluster_value"": 0, ""component_size_histogram"": {""2403"": 1}, ""largest_component_size"": 2403, ""num_1_cell_components"": 0, ""num_2_cell_components"": 0, ""num_components"": 1, ""smallest_component_size"": 2403, ""tiny_component_pixel_fraction"": 0.0, ""tiny_component_pixels"": 0}, ""cluster_1"": {""cluster_value"": 1, ""component_size_histogram"": {""2781"": 1}, ""largest_component_size"": 2781, ""num_1_cell_components"": 0, ""num_2_cell_components"": 0, ""num_components"": 1, ""smallest_component_size"": 2781, ""tiny_component_pixel_fraction"": 0.0, ""tiny_component_pixels"": 0}}"
stld,architexture:stld,feature_cluster_coarse_to_fine_global_pooled_init_coarse_only,benchmark,77,78,2,0.353847526778657,0.014411615906219477,0.5,0.20052843832568487,0.5071666152316291,0.1786651611328125,0.8213348388671875,2,2,0.0,0.0,ok,direct_foreground,False,"cluster_b->foreground,cluster_a->background",cluster_b,cluster_a,0.2530977359245862,0.014411615906219477,0.353847526778657,0.014411615906219477,best_foreground_cluster_iou,1,fpn_2,fpn_2,fpn_2,72x72,34080,31456,34080,31456,34080,31456,0.0,0.0,0.0,0.0,coarsest_pooled_direct,pooled_avg_pool_coarse_only,False,False,0.10896100750787116,0.20052843832568487,3,3,24x24,"{""cluster_0"": {""cluster_value"": 0, ""component_size_histogram"": {""2700"": 1}, ""largest_component_size"": 2700, ""num_1_cell_components"": 0, ""num_2_cell_components"": 0, ""num_components"": 1, ""smallest_component_size"": 2700, ""tiny_component_pixel_fraction"": 0.0, ""tiny_component_pixels"": 0}, ""cluster_1"": {""cluster_value"": 1, ""component_size_histogram"": {""2484"": 1}, ""largest_component_size"": 2484, ""num_1_cell_components"": 0, ""num_2_cell_components"": 0, ""num_components"": 1, ""smallest_component_size"": 2484, ""tiny_component_pixel_fraction"": 0.0, ""tiny_component_pixels"": 0}}"
stld,architexture:stld,feature_cluster_coarse_to_fine_global_pooled_init_coarse_only,benchmark,78,79,2,0.4419419999751061,0.0959998017271259,0.5,0.27826926170178545,0.6056147382484267,0.150360107421875,0.849639892578125,2,2,0.0,0.0,ok,direct_foreground,False,"cluster_a->foreground,cluster_b->background",cluster_a,cluster_b,0.4419419999751061,0.0959998017271259,0.17859882313466954,0.0959998017271259,best_foreground_cluster_iou,1,fpn_2,fpn_2,fpn_2,72x72,29881,35655,29881,35655,29881,35655,0.0,0.0,0.0,0.0,coarsest_pooled_direct,pooled_avg_pool_coarse_only,False,False,0.27826926170178545,0.027175262385735244,3,3,24x24,"{""cluster_0"": {""cluster_value"": 0, ""component_size_histogram"": {""2358"": 1}, ""largest_component_size"": 2358, ""num_1_cell_components"": 0, ""num_2_cell_components"": 0, ""num_components"": 1, ""smallest_component_size"": 2358, ""tiny_component_pixel_fraction"": 0.0, ""tiny_component_pixels"": 0}, ""cluster_1"": {""cluster_value"": 1, ""component_size_histogram"": {""2826"": 1}, ""largest_component_size"": 2826, ""num_1_cell_components"": 0, ""num_2_cell_components"": 0, ""num_components"": 1, ""smallest_component_size"": 2826, ""tiny_component_pixel_fraction"": 0.0, ""tiny_component_pixels"": 0}}"
stld,architexture:stld,feature_cluster_coarse_to_fine_global_pooled_init_coarse_only,benchmark,79,80,2,0.405805851272938,0.07052352316114383,0.5580422740765751,0.21735713116096284,0.5942545713849131,0.21735713116096284,0.8987274169921875,1,2,0.0,0.0,ok,direct_foreground,False,"cluster_a->foreground,cluster_b->background",cluster_a,cluster_b,0.405805851272938,0.07052352316114383,0.1823272705078125,0.07052352316114383,best_foreground_cluster_iou,1,fpn_2,fpn_2,fpn_2,72x72,30535,35001,30535,35001,30535,35001,0.0,0.0,0.0,0.0,coarsest_pooled_direct,pooled_avg_pool_coarse_only,False,False,0.21735713116096284,0.0,3,3,24x24,"{""cluster_0"": {""cluster_value"": 0, ""component_size_histogram"": {""18"": 1, ""2403"": 1}, ""largest_component_size"": 2403, ""num_1_cell_components"": 0, ""num_2_cell_components"": 0, ""num_components"": 2, ""smallest_component_size"": 18, ""tiny_component_pixel_fraction"": 0.0, ""tiny_component_pixels"": 0}, ""cluster_1"": {""cluster_value"": 1, ""component_size_histogram"": {""2763"": 1}, ""largest_component_size"": 2763, ""num_1_cell_components"": 0, ""num_2_cell_components"": 0, ""num_components"": 1, ""smallest_component_size"": 2763, ""tiny_component_pixel_fraction"": 0.0, ""tiny_component_pixels"": 0}}"
stld,architexture:stld,feature_cluster_coarse_to_fine_global_pooled_init_coarse_only,benchmark,80,81,2,0.4469449375465251,0.07501773594624993,0.5,0.3361181978749054,0.5577716772181448,0.190643310546875,0.809356689453125,2,2,0.0,0.0,ok,direct_foreground,False,"cluster_a->foreground,cluster_b->background",cluster_a,cluster_b,0.4469449375465251,0.07501773594624993,0.1841449219604338,0.07501773594624993,best_foreground_cluster_iou,1,fpn_2,fpn_2,fpn_2,72x72,35164,30372,35164,30372,35164,30372,0.0,0.0,0.0,0.0,coarsest_pooled_direct,pooled_avg_pool_coarse_only,False,False,0.3361181978749054,0.01192134274450556,3,3,24x24,"{""cluster_0"": {""cluster_value"": 0, ""component_size_histogram"": {""2772"": 1}, ""largest_component_size"": 2772, ""num_1_cell_components"": 0, ""num_2_cell_components"": 0, ""num_components"": 1, ""smallest_component_size"": 2772, ""tiny_component_pixel_fraction"": 0.0, ""tiny_component_pixels"": 0}, ""cluster_1"": {""cluster_value"": 1, ""component_size_histogram"": {""2412"": 1}, ""largest_component_size"": 2412, ""num_1_cell_components"": 0, ""num_2_cell_components"": 0, ""num_components"": 1, ""smallest_component_size"": 2412, ""tiny_component_pixel_fraction"": 0.0, ""tiny_component_pixels"": 0}}"
stld,architexture:stld,feature_cluster_coarse_to_fine_global_pooled_init_coarse_only,benchmark,81,82,2,0.8202334671009337,0.727554832795316,0.5,0.7112248628884826,0.9292420713133847,0.152435302734375,0.847564697265625,2,2,0.0,0.0,ok,direct_foreground,False,"cluster_a->foreground,cluster_b->background",cluster_a,cluster_b,0.8202334671009337,0.727554832795316,0.0303621915250471,0.727554832795316,best_foreground_cluster_iou,1,fpn_2,fpn_2,fpn_2,72x72,13411,52125,13411,52125,13411,52125,0.0,0.0,0.0,0.0,coarsest_pooled_direct,pooled_avg_pool_coarse_only,False,False,0.7112248628884826,0.004268322258330504,3,3,24x24,"{""cluster_0"": {""cluster_value"": 0, ""component_size_histogram"": {""1062"": 1}, ""largest_component_size"": 1062, ""num_1_cell_components"": 0, ""num_2_cell_components"": 0, ""num_components"": 1, ""smallest_component_size"": 1062, ""tiny_component_pixel_fraction"": 0.0, ""tiny_component_pixels"": 0}, ""cluster_1"": {""cluster_value"": 1, ""component_size_histogram"": {""4122"": 1}, ""largest_component_size"": 4122, ""num_1_cell_components"": 0, ""num_2_cell_components"": 0, ""num_components"": 1, ""smallest_component_size"": 4122, ""tiny_component_pixel_fraction"": 0.0, ""tiny_component_pixels"": 0}}"
stld,architexture:stld,feature_cluster_coarse_to_fine_global_pooled_init_coarse_only,benchmark,82,83,2,0.40247415239493856,0.036079992082559686,0.5,0.280027397260274,0.5249209075296032,0.1697845458984375,0.8302154541015625,2,2,0.0,0.0,ok,direct_foreground,False,"cluster_b->foreground,cluster_a->background",cluster_b,cluster_a,0.20757332849760543,0.036079992082559686,0.40247415239493856,0.036079992082559686,best_foreground_cluster_iou,1,fpn_2,fpn_2,fpn_2,72x72,29942,35594,29942,35594,29942,35594,0.0,0.0,0.0,0.0,coarsest_pooled_direct,pooled_avg_pool_coarse_only,False,False,0.022558075840948138,0.280027397260274,3,3,24x24,"{""cluster_0"": {""cluster_value"": 0, ""component_size_histogram"": {""2376"": 1}, ""largest_component_size"": 2376, ""num_1_cell_components"": 0, ""num_2_cell_components"": 0, ""num_components"": 1, ""smallest_component_size"": 2376, ""tiny_component_pixel_fraction"": 0.0, ""tiny_component_pixels"": 0}, ""cluster_1"": {""cluster_value"": 1, ""component_size_histogram"": {""2808"": 1}, ""largest_component_size"": 2808, ""num_1_cell_components"": 0, ""num_2_cell_components"": 0, ""num_components"": 1, ""smallest_component_size"": 2808, ""tiny_component_pixel_fraction"": 0.0, ""tiny_component_pixels"": 0}}"
stld,architexture:stld,feature_cluster_coarse_to_fine_global_pooled_init_coarse_only,benchmark,83,84,2,0.8193598646101832,0.7434686642346119,0.5,0.6911646586345381,0.9475550705858283,0.105987548828125,0.894012451171875,2,2,0.0,0.0,ok,direct_foreground,False,"cluster_a->foreground,cluster_b->background",cluster_a,cluster_b,0.8193598646101832,0.7434686642346119,0.023512595485013464,0.7434686642346119,best_foreground_cluster_iou,1,fpn_2,fpn_2,fpn_2,72x72,9898,55638,9898,55638,9898,55638,0.0,0.0,0.0,0.0,coarsest_pooled_direct,pooled_avg_pool_coarse_only,False,False,0.6911646586345381,0.0009916509388695179,3,3,24x24,"{""cluster_0"": {""cluster_value"": 0, ""component_size_histogram"": {""783"": 1}, ""largest_component_size"": 783, ""num_1_cell_components"": 0, ""num_2_cell_components"": 0, ""num_components"": 1, ""smallest_component_size"": 783, ""tiny_component_pixel_fraction"": 0.0, ""tiny_component_pixels"": 0}, ""cluster_1"": {""cluster_value"": 1, ""component_size_histogram"": {""4401"": 1}, ""largest_component_size"": 4401, ""num_1_cell_components"": 0, ""num_2_cell_components"": 0, ""num_components"": 1, ""smallest_component_size"": 4401, ""tiny_component_pixel_fraction"": 0.0, ""tiny_component_pixels"": 0}}"
stld,architexture:stld,feature_cluster_coarse_to_fine_global_pooled_init_coarse_only,benchmark,84,85,2,0.29957144457005735,-0.017052352940176464,0.5,0.1698435912054136,0.4292992979347011,0.1311492919921875,0.8688507080078125,2,2,0.0,0.0,ok,direct_foreground,False,"cluster_a->foreground,cluster_b->background",cluster_a,cluster_b,0.29957144457005735,-0.017052352940176464,0.2746292602046517,-0.017052352940176464,best_foreground_cluster_iou,1,fpn_2,fpn_2,fpn_2,72x72,38600,26936,38600,26936,38600,26936,0.0,0.0,0.0,0.0,coarsest_pooled_direct,pooled_avg_pool_coarse_only,False,False,0.1698435912054136,0.051586362022019654,3,3,24x24,"{""cluster_0"": {""cluster_value"": 0, ""component_size_histogram"": {""3042"": 1}, ""largest_component_size"": 3042, ""num_1_cell_components"": 0, ""num_2_cell_components"": 0, ""num_components"": 1, ""smallest_component_size"": 3042, ""tiny_component_pixel_fraction"": 0.0, ""tiny_component_pixels"": 0}, ""cluster_1"": {""cluster_value"": 1, ""component_size_histogram"": {""2142"": 1}, ""largest_component_size"": 2142, ""num_1_cell_components"": 0, ""num_2_cell_components"": 0, ""num_components"": 1, ""smallest_component_size"": 2142, ""tiny_component_pixel_fraction"": 0.0, ""tiny_component_pixels"": 0}}"
stld,architexture:stld,feature_cluster_coarse_to_fine_global_pooled_init_coarse_only,benchmark,85,86,2,0.7934100688339873,0.6947924288692334,0.5,0.6575480406142485,0.9292720970537262,0.120819091796875,0.879180908203125,2,2,0.0,0.0,ok,direct_foreground,False,"cluster_a->foreground,cluster_b->background",cluster_a,cluster_b,0.7934100688339873,0.6947924288692334,0.031214437058573605,0.6947924288692334,best_foreground_cluster_iou,1,fpn_2,fpn_2,fpn_2,72x72,11835,53701,11835,53701,11835,53701,0.0,0.0,0.0,0.0,coarsest_pooled_direct,pooled_avg_pool_coarse_only,False,False,0.6575480406142485,0.0013325316476266312,3,3,24x24,"{""cluster_0"": {""cluster_value"": 0, ""component_size_histogram"": {""9"": 2, ""918"": 1}, ""largest_component_size"": 918, ""num_1_cell_components"": 0, ""num_2_cell_components"": 0, ""num_components"": 3, ""smallest_component_size"": 9, ""tiny_component_pixel_fraction"": 0.0, ""tiny_component_pixels"": 0}, ""cluster_1"": {""cluster_value"": 1, ""component_size_histogram"": {""4248"": 1}, ""largest_component_size"": 4248, ""num_1_cell_components"": 0, ""num_2_cell_components"": 0, ""num_components"": 1, ""smallest_component_size"": 4248, ""tiny_component_pixel_fraction"": 0.0, ""tiny_component_pixels"": 0}}"
stld,architexture:stld,feature_cluster_coarse_to_fine_global_pooled_init_coarse_only,benchmark,86,87,2,0.33972593365396453,0.00718376596180264,0.5,0.17215941209723007,0.507292455210699,0.0933685302734375,0.9066314697265625,2,2,0.0,0.0,ok,direct_foreground,False,"cluster_a->foreground,cluster_b->background",cluster_a,cluster_b,0.33972593365396453,0.00718376596180264,0.22372507488208468,0.00718376596180264,best_foreground_cluster_iou,1,fpn_2,fpn_2,fpn_2,72x72,35352,30184,35352,30184,35352,30184,0.0,0.0,0.0,0.0,coarsest_pooled_direct,pooled_avg_pool_coarse_only,False,False,0.17215941209723007,0.000771881461061337,3,3,24x24,"{""cluster_0"": {""cluster_value"": 0, ""component_size_histogram"": {""2790"": 1}, ""largest_component_size"": 2790, ""num_1_cell_components"": 0, ""num_2_cell_components"": 0, ""num_components"": 1, ""smallest_component_size"": 2790, ""tiny_component_pixel_fraction"": 0.0, ""tiny_component_pixels"": 0}, ""cluster_1"": {""cluster_value"": 1, ""component_size_histogram"": {""18"": 1, ""2367"": 1, ""9"": 1}, ""largest_component_size"": 2367, ""num_1_cell_components"": 0, ""num_2_cell_components"": 0, ""num_components"": 3, ""smallest_component_size"": 9, ""tiny_component_pixel_fraction"": 0.0, ""tiny_component_pixels"": 0}}"
stld,architexture:stld,feature_cluster_coarse_to_fine_global_pooled_init_coarse_only,benchmark,87,88,2,0.4522472555394723,0.11747844601877949,0.5,0.27023196321775506,0.6342625478611895,0.1290740966796875,0.8709259033203125,2,2,0.0,0.0,ok,direct_foreground,False,"cluster_a->foreground,cluster_b->background",cluster_a,cluster_b,0.4522472555394723,0.11747844601877949,0.16482590192505123,0.11747844601877949,best_foreground_cluster_iou,1,fpn_2,fpn_2,fpn_2,72x72,28285,37251,28285,37251,28285,37251,0.0,0.0,0.0,0.0,coarsest_pooled_direct,pooled_avg_pool_coarse_only,False,False,0.27023196321775506,0.014245140676311352,3,3,24x24,"{""cluster_0"": {""cluster_value"": 0, ""component_size_histogram"": {""2232"": 1}, ""largest_component_size"": 2232, ""num_1_cell_components"": 0, ""num_2_cell_components"": 0, ""num_components"": 1, ""smallest_component_size"": 2232, ""tiny_component_pixel_fraction"": 0.0, ""tiny_component_pixels"": 0}, ""cluster_1"": {""cluster_value"": 1, ""component_size_histogram"": {""2952"": 1}, ""largest_component_size"": 2952, ""num_1_cell_components"": 0, ""num_2_cell_components"": 0, ""num_components"": 1, ""smallest_component_size"": 2952, ""tiny_component_pixel_fraction"": 0.0, ""tiny_component_pixels"": 0}}"
stld,architexture:stld,feature_cluster_coarse_to_fine_global_pooled_init_coarse_only,benchmark,88,89,2,0.3409593961788128,0.006384812188654631,0.5,0.17795637198622274,0.5039624203714029,0.10003662109375,0.89996337890625,2,2,0.0,0.0,ok,direct_foreground,False,"cluster_a->foreground,cluster_b->background",cluster_a,cluster_b,0.3409593961788128,0.006384812188654631,0.22588173912014026,0.006384812188654631,best_foreground_cluster_iou,1,fpn_2,fpn_2,fpn_2,72x72,35510,30026,35510,30026,35510,30026,0.0,0.0,0.0,0.0,coarsest_pooled_direct,pooled_avg_pool_coarse_only,False,False,0.17795637198622274,0.0055248618784530384,3,3,24x24,"{""cluster_0"": {""cluster_value"": 0, ""component_size_histogram"": {""2808"": 1}, ""largest_component_size"": 2808, ""num_1_cell_components"": 0, ""num_2_cell_components"": 0, ""num_components"": 1, ""smallest_component_size"": 2808, ""tiny_component_pixel_fraction"": 0.0, ""tiny_component_pixels"": 0}, ""cluster_1"": {""cluster_value"": 1, ""component_size_histogram"": {""2376"": 1}, ""largest_component_size"": 2376, ""num_1_cell_components"": 0, ""num_2_cell_components"": 0, ""num_components"": 1, ""smallest_component_size"": 2376, ""tiny_component_pixel_fraction"": 0.0, ""tiny_component_pixels"": 0}}"
stld,architexture:stld,feature_cluster_coarse_to_fine_global_pooled_init_coarse_only,benchmark,89,90,2,0.34344120618808516,0.0006624434081298409,0.5,0.22077788888034253,0.4661045234958278,0.17449951171875,0.82550048828125,2,2,0.0,0.0,ok,direct_foreground,False,"cluster_b->foreground,cluster_a->background",cluster_b,cluster_a,0.2569953766816195,0.0006624434081298409,0.34344120618808516,0.0006624434081298409,best_foreground_cluster_iou,1,fpn_2,fpn_2,fpn_2,72x72,29358,36178,29358,36178,29358,36178,0.0,0.0,0.0,0.0,coarsest_pooled_direct,pooled_avg_pool_coarse_only,False,False,0.07440280228607549,0.22077788888034253,3,3,24x24,"{""cluster_0"": {""cluster_value"": 0, ""component_size_histogram"": {""2331"": 1}, ""largest_component_size"": 2331, ""num_1_cell_components"": 0, ""num_2_cell_components"": 0, ""num_components"": 1, ""smallest_component_size"": 2331, ""tiny_component_pixel_fraction"": 0.0, ""tiny_component_pixels"": 0}, ""cluster_1"": {""cluster_value"": 1, ""component_size_histogram"": {""2853"": 1}, ""largest_component_size"": 2853, ""num_1_cell_components"": 0, ""num_2_cell_components"": 0, ""num_components"": 1, ""smallest_component_size"": 2853, ""tiny_component_pixel_fraction"": 0.0, ""tiny_component_pixels"": 0}}"
stld,architexture:stld,feature_cluster_coarse_to_fine_global_pooled_init_coarse_only,benchmark,90,91,2,0.8038791747022576,0.7270147934962329,0.5,0.6554954954954955,0.9522628539090198,0.0846405029296875,0.9153594970703125,2,2,0.0,0.0,ok,direct_foreground,False,"cluster_a->foreground,cluster_b->background",cluster_a,cluster_b,0.8038791747022576,0.7270147934962329,0.021940644251407557,0.7270147934962329,best_foreground_cluster_iou,1,fpn_2,fpn_2,fpn_2,72x72,8235,57301,8235,57301,8235,57301,0.0,0.0,0.0,0.0,coarsest_pooled_direct,pooled_avg_pool_coarse_only,False,False,0.6554954954954955,0.001434080117275885,3,3,24x24,"{""cluster_0"": {""cluster_value"": 0, ""component_size_histogram"": {""648"": 1}, ""largest_component_size"": 648, ""num_1_cell_components"": 0, ""num_2_cell_components"": 0, ""num_components"": 1, ""smallest_component_size"": 648, ""tiny_component_pixel_fraction"": 0.0, ""tiny_component_pixels"": 0}, ""cluster_1"": {""cluster_value"": 1, ""component_size_histogram"": {""4536"": 1}, ""largest_component_size"": 4536, ""num_1_cell_components"": 0, ""num_2_cell_components"": 0, ""num_components"": 1, ""smallest_component_size"": 4536, ""tiny_component_pixel_fraction"": 0.0, ""tiny_component_pixels"": 0}}"
stld,architexture:stld,feature_cluster_coarse_to_fine_global_pooled_init_coarse_only,benchmark,91,92,2,0.27826799305929634,-0.008056829061636333,0.5,0.12756068604915508,0.42897530006943757,0.1136322021484375,0.8863677978515625,2,2,0.0,0.0,ok,direct_foreground,False,"cluster_b->foreground,cluster_a->background",cluster_b,cluster_a,0.29042332876400023,-0.008056829061636333,0.27826799305929634,-0.008056829061636333,best_foreground_cluster_iou,1,fpn_2,fpn_2,fpn_2,72x72,28344,37192,28344,37192,28344,37192,0.0,0.0,0.0,0.0,coarsest_pooled_direct,pooled_avg_pool_coarse_only,False,False,0.07177936156195724,0.12756068604915508,3,3,24x24,"{""cluster_0"": {""cluster_value"": 0, ""component_size_histogram"": {""2250"": 1}, ""largest_component_size"": 2250, ""num_1_cell_components"": 0, ""num_2_cell_components"": 0, ""num_components"": 1, ""smallest_component_size"": 2250, ""tiny_component_pixel_fraction"": 0.0, ""tiny_component_pixels"": 0}, ""cluster_1"": {""cluster_value"": 1, ""component_size_histogram"": {""2934"": 1}, ""largest_component_size"": 2934, ""num_1_cell_components"": 0, ""num_2_cell_components"": 0, ""num_components"": 1, ""smallest_component_size"": 2934, ""tiny_component_pixel_fraction"": 0.0, ""tiny_component_pixels"": 0}}"
stld,architexture:stld,feature_cluster_coarse_to_fine_global_pooled_init_coarse_only,benchmark,92,93,2,0.3058874769518258,-0.018886097138533595,0.5,0.2318050225543661,0.3799699313492854,0.2129058837890625,0.7870941162109375,2,2,0.0,0.0,ok,direct_foreground,False,"cluster_b->foreground,cluster_a->background",cluster_b,cluster_a,0.2990485863462661,-0.018886097138533595,0.3058874769518258,-0.018886097138533595,best_foreground_cluster_iou,1,fpn_2,fpn_2,fpn_2,72x72,24601,40935,24601,40935,24601,40935,0.0,0.0,0.0,0.0,coarsest_pooled_direct,pooled_avg_pool_coarse_only,False,False,0.1037503578585743,0.2318050225543661,3,3,24x24,"{""cluster_0"": {""cluster_value"": 0, ""component_size_histogram"": {""1953"": 1}, ""largest_component_size"": 1953, ""num_1_cell_components"": 0, ""num_2_cell_components"": 0, ""num_components"": 1, ""smallest_component_size"": 1953, ""tiny_component_pixel_fraction"": 0.0, ""tiny_component_pixels"": 0}, ""cluster_1"": {""cluster_value"": 1, ""component_size_histogram"": {""3213"": 1, ""9"": 2}, ""largest_component_size"": 3213, ""num_1_cell_components"": 0, ""num_2_cell_components"": 0, ""num_components"": 3, ""smallest_component_size"": 9, ""tiny_component_pixel_fraction"": 0.0, ""tiny_component_pixels"": 0}}"
stld,architexture:stld,feature_cluster_coarse_to_fine_global_pooled_init_coarse_only,benchmark,93,94,2,0.30128944207489555,-0.03189145944457501,0.5,0.16954689409241666,0.4330319900573744,0.104156494140625,0.895843505859375,2,2,0.0,0.0,ok,direct_foreground,False,"cluster_a->foreground,cluster_b->background",cluster_a,cluster_b,0.30128944207489555,-0.03189145944457501,0.2543911984905129,-0.03189145944457501,best_foreground_cluster_iou,1,fpn_2,fpn_2,fpn_2,72x72,40074,25462,40074,25462,40074,25462,0.0,0.0,0.0,0.0,coarsest_pooled_direct,pooled_avg_pool_coarse_only,False,False,0.16954689409241666,0.0008369238399305663,3,3,24x24,"{""cluster_0"": {""cluster_value"": 0, ""component_size_histogram"": {""3159"": 1}, ""largest_component_size"": 3159, ""num_1_cell_components"": 0, ""num_2_cell_components"": 0, ""num_components"": 1, ""smallest_component_size"": 3159, ""tiny_component_pixel_fraction"": 0.0, ""tiny_component_pixels"": 0}, ""cluster_1"": {""cluster_value"": 1, ""component_size_histogram"": {""2016"": 1, ""9"": 1}, ""largest_component_size"": 2016, ""num_1_cell_components"": 0, ""num_2_cell_components"": 0, ""num_components"": 2, ""smallest_component_size"": 9, ""tiny_component_pixel_fraction"": 0.0, ""tiny_component_pixels"": 0}}"
stld,architexture:stld,feature_cluster_coarse_to_fine_global_pooled_init_coarse_only,benchmark,94,95,2,0.5389831166872544,0.2556692536707131,0.5,0.3273331487122681,0.7506330846622408,0.1086578369140625,0.8913421630859375,2,2,0.0,0.0,ok,direct_foreground,False,"cluster_a->foreground,cluster_b->background",cluster_a,cluster_b,0.5389831166872544,0.2556692536707131,0.1113030336678398,0.2556692536707131,best_foreground_cluster_iou,1,fpn_2,fpn_2,fpn_2,72x72,21637,43899,21637,43899,21637,43899,0.0,0.0,0.0,0.0,coarsest_pooled_direct,pooled_avg_pool_coarse_only,False,False,0.3273331487122681,0.0005687278147124002,3,3,24x24,"{""cluster_0"": {""cluster_value"": 0, ""component_size_histogram"": {""1710"": 1}, ""largest_component_size"": 1710, ""num_1_cell_components"": 0, ""num_2_cell_components"": 0, ""num_components"": 1, ""smallest_component_size"": 1710, ""tiny_component_pixel_fraction"": 0.0, ""tiny_component_pixels"": 0}, ""cluster_1"": {""cluster_value"": 1, ""component_size_histogram"": {""18"": 2, ""3429"": 1, ""9"": 1}, ""largest_component_size"": 3429, ""num_1_cell_components"": 0, ""num_2_cell_components"": 0, ""num_components"": 4, ""smallest_component_size"": 9, ""tiny_component_pixel_fraction"": 0.0, ""tiny_component_pixels"": 0}}"
stld,architexture:stld,feature_cluster_coarse_to_fine_global_pooled_init_coarse_only,benchmark,95,96,2,0.7773732751945985,0.6508128134794765,0.5,0.6528523919160911,0.9018941584731058,0.156768798828125,0.843231201171875,2,2,0.0,0.0,ok,direct_foreground,False,"cluster_a->foreground,cluster_b->background",cluster_a,cluster_b,0.7773732751945985,0.6508128134794765,0.04149846307172465,0.6508128134794765,best_foreground_cluster_iou,1,fpn_2,fpn_2,fpn_2,72x72,15570,49966,15570,49966,15570,49966,0.0,0.0,0.0,0.0,coarsest_pooled_direct,pooled_avg_pool_coarse_only,False,False,0.6528523919160911,0.0010968192242496759,3,3,24x24,"{""cluster_0"": {""cluster_value"": 0, ""component_size_histogram"": {""1233"": 1}, ""largest_component_size"": 1233, ""num_1_cell_components"": 0, ""num_2_cell_components"": 0, ""num_components"": 1, ""smallest_component_size"": 1233, ""tiny_component_pixel_fraction"": 0.0, ""tiny_component_pixels"": 0}, ""cluster_1"": {""cluster_value"": 1, ""component_size_histogram"": {""3951"": 1}, ""largest_component_size"": 3951, ""num_1_cell_components"": 0, ""num_2_cell_components"": 0, ""num_components"": 1, ""smallest_component_size"": 3951, ""tiny_component_pixel_fraction"": 0.0, ""tiny_component_pixels"": 0}}"
stld,architexture:stld,feature_cluster_coarse_to_fine_global_pooled_init_coarse_only,benchmark,96,97,2,0.908311121779912,0.8422306267779944,0.5,0.870977324487573,0.945644919072251,0.2760772705078125,0.7239227294921875,2,2,0.0,0.0,ok,direct_foreground,False,"cluster_a->foreground,cluster_b->background",cluster_a,cluster_b,0.908311121779912,0.8422306267779944,0.020132766566926454,0.8422306267779944,best_foreground_cluster_iou,1,fpn_2,fpn_2,fpn_2,72x72,19697,45839,19697,45839,19697,45839,0.0,0.0,0.0,0.0,coarsest_pooled_direct,pooled_avg_pool_coarse_only,False,False,0.870977324487573,0.007898346234491021,3,3,24x24,"{""cluster_0"": {""cluster_value"": 0, ""component_size_histogram"": {""1557"": 1}, ""largest_component_size"": 1557, ""num_1_cell_components"": 0, ""num_2_cell_components"": 0, ""num_components"": 1, ""smallest_component_size"": 1557, ""tiny_component_pixel_fraction"": 0.0, ""tiny_component_pixels"": 0}, ""cluster_1"": {""cluster_value"": 1, ""component_size_histogram"": {""27"": 1, ""3528"": 1, ""72"": 1}, ""largest_component_size"": 3528, ""num_1_cell_components"": 0, ""num_2_cell_components"": 0, ""num_components"": 3, ""smallest_component_size"": 27, ""tiny_component_pixel_fraction"": 0.0, ""tiny_component_pixels"": 0}}"
stld,architexture:stld,feature_cluster_coarse_to_fine_global_pooled_init_coarse_only,benchmark,97,98,2,0.23891804837593447,-0.015383658788471087,0.5,0.13449177711778004,0.3433443196340889,0.1285400390625,0.8714599609375,2,2,0.0,0.0,ok,direct_foreground,False,"cluster_b->foreground,cluster_a->background",cluster_b,cluster_a,0.3312357440376764,-0.015383658788471087,0.23891804837593447,-0.015383658788471087,best_foreground_cluster_iou,1,fpn_2,fpn_2,fpn_2,72x72,22774,42762,22774,42762,22774,42762,0.0,0.0,0.0,0.0,coarsest_pooled_direct,pooled_avg_pool_coarse_only,False,False,0.08168642951251646,0.13449177711778004,3,3,24x24,"{""cluster_0"": {""cluster_value"": 0, ""component_size_histogram"": {""1809"": 1}, ""largest_component_size"": 1809, ""num_1_cell_components"": 0, ""num_2_cell_components"": 0, ""num_components"": 1, ""smallest_component_size"": 1809, ""tiny_component_pixel_fraction"": 0.0, ""tiny_component_pixels"": 0}, ""cluster_1"": {""cluster_value"": 1, ""component_size_histogram"": {""3375"": 1}, ""largest_component_size"": 3375, ""num_1_cell_components"": 0, ""num_2_cell_components"": 0, ""num_components"": 1, ""smallest_component_size"": 3375, ""tiny_component_pixel_fraction"": 0.0, ""tiny_component_pixels"": 0}}"
stld,architexture:stld,feature_cluster_coarse_to_fine_global_pooled_init_coarse_only,benchmark,98,99,2,0.8758216003658574,0.7938120077511629,0.5,0.8185442594687786,0.9330989412629362,0.233642578125,0.766357421875,2,2,0.0,0.0,ok,direct_foreground,False,"cluster_b->foreground,cluster_a->background",cluster_b,cluster_a,0.02578824999233752,0.7938120077511629,0.8758216003658574,0.7938120077511629,best_foreground_cluster_iou,1,fpn_2,fpn_2,fpn_2,72x72,47094,18442,47094,18442,47094,18442,0.0,0.0,0.0,0.0,coarsest_pooled_direct,pooled_avg_pool_coarse_only,False,False,0.0019105110215614815,0.8185442594687786,3,3,24x24,"{""cluster_0"": {""cluster_value"": 0, ""component_size_histogram"": {""3726"": 1}, ""largest_component_size"": 3726, ""num_1_cell_components"": 0, ""num_2_cell_components"": 0, ""num_components"": 1, ""smallest_component_size"": 3726, ""tiny_component_pixel_fraction"": 0.0, ""tiny_component_pixels"": 0}, ""cluster_1"": {""cluster_value"": 1, ""component_size_histogram"": {""1458"": 1}, ""largest_component_size"": 1458, ""num_1_cell_components"": 0, ""num_2_cell_components"": 0, ""num_components"": 1, ""smallest_component_size"": 1458, ""tiny_component_pixel_fraction"": 0.0, ""tiny_component_pixels"": 0}}"
stld,architexture:stld,feature_cluster_coarse_to_fine_global_pooled_init_coarse_only,benchmark,99,100,2,0.8360504496481378,0.7712556706611932,0.5,0.7168065418549602,0.9552943574413153,0.102691650390625,0.897308349609375,2,2,0.0,0.0,ok,direct_foreground,False,"cluster_a->foreground,cluster_b->background",cluster_a,cluster_b,0.8360504496481378,0.7712556706611932,0.020122008409804486,0.7712556706611932,best_foreground_cluster_iou,1,fpn_2,fpn_2,fpn_2,72x72,9226,56310,9226,56310,9226,56310,0.0,0.0,0.0,0.0,coarsest_pooled_direct,pooled_avg_pool_coarse_only,False,False,0.7168065418549602,0.0010798450104808487,3,3,24x24,"{""cluster_0"": {""cluster_value"": 0, ""component_size_histogram"": {""729"": 1}, ""largest_component_size"": 729, ""num_1_cell_components"": 0, ""num_2_cell_components"": 0, ""num_components"": 1, ""smallest_component_size"": 729, ""tiny_component_pixel_fraction"": 0.0, ""tiny_component_pixels"": 0}, ""cluster_1"": {""cluster_value"": 1, ""component_size_histogram"": {""4455"": 1}, ""largest_component_size"": 4455, ""num_1_cell_components"": 0, ""num_2_cell_components"": 0, ""num_components"": 1, ""smallest_component_size"": 4455, ""tiny_component_pixel_fraction"": 0.0, ""tiny_component_pixels"": 0}}"
stld,architexture:stld,feature_cluster_coarse_to_fine_global_pooled_init_coarse_only,benchmark,100,101,2,0.3513473900686922,0.014871022321073565,0.5,0.1869661769730099,0.5157286031643745,0.110015869140625,0.889984130859375,2,2,0.0,0.0,ok,direct_foreground,False,"cluster_a->foreground,cluster_b->background",cluster_a,cluster_b,0.3513473900686922,0.014871022321073565,0.22362265883249727,0.014871022321073565,best_foreground_cluster_iou,1,fpn_2,fpn_2,fpn_2,72x72,34481,31055,34481,31055,34481,31055,0.0,0.0,0.0,0.0,coarsest_pooled_direct,pooled_avg_pool_coarse_only,False,False,0.1869661769730099,0.01709106373930147,3,3,24x24,"{""cluster_0"": {""cluster_value"": 0, ""component_size_histogram"": {""2718"": 1}, ""largest_component_size"": 2718, ""num_1_cell_components"": 0, ""num_2_cell_components"": 0, ""num_components"": 1, ""smallest_component_size"": 2718, ""tiny_component_pixel_fraction"": 0.0, ""tiny_component_pixels"": 0}, ""cluster_1"": {""cluster_value"": 1, ""component_size_histogram"": {""2457"": 1, ""9"": 1}, ""largest_component_size"": 2457, ""num_1_cell_components"": 0, ""num_2_cell_components"": 0, ""num_components"": 2, ""smallest_component_size"": 9, ""tiny_component_pixel_fraction"": 0.0, ""tiny_component_pixels"": 0}}"
stld,architexture:stld,feature_cluster_coarse_to_fine_global_pooled_init_coarse_only,benchmark,101,102,2,0.9174081050163791,0.8749591154022709,0.5,0.8692181597890386,0.9655980502437196,0.1953887939453125,0.8046112060546875,2,2,0.0,0.0,ok,direct_foreground,False,"cluster_a->foreground,cluster_b->background",cluster_a,cluster_b,0.9174081050163791,0.8749591154022709,0.014176250553481548,0.8749591154022709,best_foreground_cluster_iou,1,fpn_2,fpn_2,fpn_2,72x72,13422,52114,13422,52114,13422,52114,0.0,0.0,0.0,0.0,coarsest_pooled_direct,pooled_avg_pool_coarse_only,False,False,0.8692181597890386,0.009469755870004665,3,3,24x24,"{""cluster_0"": {""cluster_value"": 0, ""component_size_histogram"": {""1062"": 1}, ""largest_component_size"": 1062, ""num_1_cell_components"": 0, ""num_2_cell_components"": 0, ""num_components"": 1, ""smallest_component_size"": 1062, ""tiny_component_pixel_fraction"": 0.0, ""tiny_component_pixels"": 0}, ""cluster_1"": {""cluster_value"": 1, ""component_size_histogram"": {""4122"": 1}, ""largest_component_size"": 4122, ""num_1_cell_components"": 0, ""num_2_cell_components"": 0, ""num_components"": 1, ""smallest_component_size"": 4122, ""tiny_component_pixel_fraction"": 0.0, ""tiny_component_pixels"": 0}}"
stld,architexture:stld,feature_cluster_coarse_to_fine_global_pooled_init_coarse_only,benchmark,102,103,2,0.8208749743553461,0.7392693075711919,0.5,0.7008268824771288,0.9409230662335633,0.12603759765625,0.87396240234375,2,2,0.0,0.0,ok,direct_foreground,False,"cluster_a->foreground,cluster_b->background",cluster_a,cluster_b,0.8208749743553461,0.7392693075711919,0.02616535061351454,0.7392693075711919,best_foreground_cluster_iou,1,fpn_2,fpn_2,fpn_2,72x72,11075,54461,11075,54461,11075,54461,0.0,0.0,0.0,0.0,coarsest_pooled_direct,pooled_avg_pool_coarse_only,False,False,0.7008268824771288,0.004693406804638944,3,3,24x24,"{""cluster_0"": {""cluster_value"": 0, ""component_size_histogram"": {""873"": 1}, ""largest_component_size"": 873, ""num_1_cell_components"": 0, ""num_2_cell_components"": 0, ""num_components"": 1, ""smallest_component_size"": 873, ""tiny_component_pixel_fraction"": 0.0, ""tiny_component_pixels"": 0}, ""cluster_1"": {""cluster_value"": 1, ""component_size_histogram"": {""4311"": 1}, ""largest_component_size"": 4311, ""num_1_cell_components"": 0, ""num_2_cell_components"": 0, ""num_components"": 1, ""smallest_component_size"": 4311, ""tiny_component_pixel_fraction"": 0.0, ""tiny_component_pixels"": 0}}"
stld,architexture:stld,feature_cluster_coarse_to_fine_global_pooled_init_coarse_only,benchmark,103,104,2,0.3322161077140184,0.010502319768624958,0.5,0.1419908297589114,0.5224413856691253,0.123626708984375,0.876373291015625,2,2,0.0,0.0,ok,direct_foreground,False,"cluster_a->foreground,cluster_b->background",cluster_a,cluster_b,0.3322161077140184,0.010502319768624958,0.2479509218316226,0.010502319768624958,best_foreground_cluster_iou,1,fpn_2,fpn_2,fpn_2,72x72,30503,35033,30503,35033,30503,35033,0.0,0.0,0.0,0.0,coarsest_pooled_direct,pooled_avg_pool_coarse_only,False,False,0.1419908297589114,0.08289609118067934,3,3,24x24,"{""cluster_0"": {""cluster_value"": 0, ""component_size_histogram"": {""2421"": 1}, ""largest_component_size"": 2421, ""num_1_cell_components"": 0, ""num_2_cell_components"": 0, ""num_components"": 1, ""smallest_component_size"": 2421, ""tiny_component_pixel_fraction"": 0.0, ""tiny_component_pixels"": 0}, ""cluster_1"": {""cluster_value"": 1, ""component_size_histogram"": {""2763"": 1}, ""largest_component_size"": 2763, ""num_1_cell_components"": 0, ""num_2_cell_components"": 0, ""num_components"": 1, ""smallest_component_size"": 2763, ""tiny_component_pixel_fraction"": 0.0, ""tiny_component_pixels"": 0}}"
stld,architexture:stld,feature_cluster_coarse_to_fine_global_pooled_init_coarse_only,benchmark,104,105,2,0.3502955175818395,0.01586531064270151,0.5,0.1801983623572829,0.5203926728063961,0.1539154052734375,0.8460845947265625,2,2,0.0,0.0,ok,direct_foreground,False,"cluster_b->foreground,cluster_a->background",cluster_b,cluster_a,0.2461930262834827,0.01586531064270151,0.3502955175818395,0.01586531064270151,best_foreground_cluster_iou,1,fpn_2,fpn_2,fpn_2,72x72,34689,30847,34689,30847,34689,30847,0.0,0.0,0.0,0.0,coarsest_pooled_direct,pooled_avg_pool_coarse_only,False,False,0.09372481008329465,0.1801983623572829,3,3,24x24,"{""cluster_0"": {""cluster_value"": 0, ""component_size_histogram"": {""2754"": 1}, ""largest_component_size"": 2754, ""num_1_cell_components"": 0, ""num_2_cell_components"": 0, ""num_components"": 1, ""smallest_component_size"": 2754, ""tiny_component_pixel_fraction"": 0.0, ""tiny_component_pixels"": 0}, ""cluster_1"": {""cluster_value"": 1, ""component_size_histogram"": {""2421"": 1, ""9"": 1}, ""largest_component_size"": 2421, ""num_1_cell_components"": 0, ""num_2_cell_components"": 0, ""num_components"": 2, ""smallest_component_size"": 9, ""tiny_component_pixel_fraction"": 0.0, ""tiny_component_pixels"": 0}}"
stld,architexture:stld,feature_cluster_coarse_to_fine_global_pooled_init_coarse_only,benchmark,105,106,2,0.868090783944329,0.7888893419382227,0.5,0.8000839227910322,0.9360976450976259,0.2054901123046875,0.7945098876953125,2,2,0.0,0.0,ok,direct_foreground,False,"cluster_a->foreground,cluster_b->background",cluster_a,cluster_b,0.868090783944329,0.7888893419382227,0.025536256175217927,0.7888893419382227,best_foreground_cluster_iou,1,fpn_2,fpn_2,fpn_2,72x72,16562,48974,16562,48974,16562,48974,0.0,0.0,0.0,0.0,coarsest_pooled_direct,pooled_avg_pool_coarse_only,False,False,0.8000839227910322,0.0019255146740264116,3,3,24x24,"{""cluster_0"": {""cluster_value"": 0, ""component_size_histogram"": {""1305"": 1, ""9"": 1}, ""largest_component_size"": 1305, ""num_1_cell_components"": 0, ""num_2_cell_components"": 0, ""num_components"": 2, ""smallest_component_size"": 9, ""tiny_component_pixel_fraction"": 0.0, ""tiny_component_pixels"": 0}, ""cluster_1"": {""cluster_value"": 1, ""component_size_histogram"": {""3870"": 1}, ""largest_component_size"": 3870, ""num_1_cell_components"": 0, ""num_2_cell_components"": 0, ""num_components"": 1, ""smallest_component_size"": 3870, ""tiny_component_pixel_fraction"": 0.0, ""tiny_component_pixels"": 0}}"
stld,architexture:stld,feature_cluster_coarse_to_fine_global_pooled_init_coarse_only,benchmark,106,107,2,0.3261305064593586,0.006847982285361215,0.5,0.018333127343138467,0.6339278855755788,0.0103607177734375,0.9896392822265625,2,2,0.0,0.0,ok,direct_foreground,False,"cluster_b->foreground,cluster_a->background",cluster_b,cluster_a,0.18344253276276798,0.006847982285361215,0.3261305064593586,0.006847982285361215,best_foreground_cluster_iou,1,fpn_2,fpn_2,fpn_2,72x72,41497,24039,41497,24039,41497,24039,0.0,0.0,0.0,0.0,coarsest_pooled_direct,pooled_avg_pool_coarse_only,False,False,0.005579133088550856,0.018333127343138467,3,3,24x24,"{""cluster_0"": {""cluster_value"": 0, ""component_size_histogram"": {""216"": 1, ""432"": 2, ""441"": 1, ""495"": 1, ""639"": 1, ""648"": 1}, ""largest_component_size"": 648, ""num_1_cell_components"": 0, ""num_2_cell_components"": 0, ""num_components"": 7, ""smallest_component_size"": 216, ""tiny_component_pixel_fraction"": 0.0, ""tiny_component_pixels"": 0}, ""cluster_1"": {""cluster_value"": 1, ""component_size_histogram"": {""153"": 1, ""216"": 3, ""225"": 1, ""423"": 1, ""432"": 1}, ""largest_component_size"": 432, ""num_1_cell_components"": 0, ""num_2_cell_components"": 0, ""num_components"": 7, ""smallest_component_size"": 153, ""tiny_component_pixel_fraction"": 0.0, ""tiny_component_pixels"": 0}}"
stld,architexture:stld,feature_cluster_coarse_to_fine_global_pooled_init_coarse_only,benchmark,107,108,2,0.350648358307414,0.008653865764311009,0.54402921774911,0.19438167768571987,0.506915038929108,0.19438167768571987,0.8936767578125,1,2,0.0,0.0,ok,direct_foreground,False,"cluster_b->foreground,cluster_a->background",cluster_b,cluster_a,0.22032928466796875,0.008653865764311009,0.350648358307414,0.008653865764311009,best_foreground_cluster_iou,1,fpn_2,fpn_2,fpn_2,72x72,29689,35847,29689,35847,29689,35847,0.0,0.0,0.0,0.0,coarsest_pooled_direct,pooled_avg_pool_coarse_only,False,False,0.0,0.19438167768571987,3,3,24x24,"{""cluster_0"": {""cluster_value"": 0, ""component_size_histogram"": {""2358"": 1}, ""largest_component_size"": 2358, ""num_1_cell_components"": 0, ""num_2_cell_components"": 0, ""num_components"": 1, ""smallest_component_size"": 2358, ""tiny_component_pixel_fraction"": 0.0, ""tiny_component_pixels"": 0}, ""cluster_1"": {""cluster_value"": 1, ""component_size_histogram"": {""2826"": 1}, ""largest_component_size"": 2826, ""num_1_cell_components"": 0, ""num_2_cell_components"": 0, ""num_components"": 1, ""smallest_component_size"": 2826, ""tiny_component_pixel_fraction"": 0.0, ""tiny_component_pixels"": 0}}"
stld,architexture:stld,feature_cluster_coarse_to_fine_global_pooled_init_coarse_only,benchmark,108,109,2,0.4344889052419736,0.07342662569639036,0.5,0.2776858988360845,0.5912919116478627,0.2357940673828125,0.7642059326171875,2,2,0.0,0.0,ok,direct_foreground,False,"cluster_a->foreground,cluster_b->background",cluster_a,cluster_b,0.4344889052419736,0.07342662569639036,0.207626840941193,0.07342662569639036,best_foreground_cluster_iou,1,fpn_2,fpn_2,fpn_2,72x72,25493,40043,25493,40043,25493,40043,0.0,0.0,0.0,0.0,coarsest_pooled_direct,pooled_avg_pool_coarse_only,False,False,0.2776858988360845,0.1339136120305668,3,3,24x24,"{""cluster_0"": {""cluster_value"": 0, ""component_size_histogram"": {""2025"": 1}, ""largest_component_size"": 2025, ""num_1_cell_components"": 0, ""num_2_cell_components"": 0, ""num_components"": 1, ""smallest_component_size"": 2025, ""tiny_component_pixel_fraction"": 0.0, ""tiny_component_pixels"": 0}, ""cluster_1"": {""cluster_value"": 1, ""component_size_histogram"": {""3159"": 1}, ""largest_component_size"": 3159, ""num_1_cell_components"": 0, ""num_2_cell_components"": 0, ""num_components"": 1, ""smallest_component_size"": 3159, ""tiny_component_pixel_fraction"": 0.0, ""tiny_component_pixels"": 0}}"
stld,architexture:stld,feature_cluster_coarse_to_fine_global_pooled_init_coarse_only,benchmark,109,110,2,0.30657271626350086,0.0029750657410268114,0.5,0.08283637718971301,0.5303090553372887,0.08123779296875,0.91876220703125,2,2,0.0,0.0,ok,direct_foreground,False,"cluster_a->foreground,cluster_b->background",cluster_a,cluster_b,0.30657271626350086,0.0029750657410268114,0.24804037129111844,0.0029750657410268114,best_foreground_cluster_iou,1,fpn_2,fpn_2,fpn_2,72x72,29539,35997,29539,35997,29539,35997,0.0,0.0,0.0,0.0,coarsest_pooled_direct,pooled_avg_pool_coarse_only,False,False,0.08283637718971301,0.06872025656941858,3,3,24x24,"{""cluster_0"": {""cluster_value"": 0, ""component_size_histogram"": {""2331"": 1}, ""largest_component_size"": 2331, ""num_1_cell_components"": 0, ""num_2_cell_components"": 0, ""num_components"": 1, ""smallest_component_size"": 2331, ""tiny_component_pixel_fraction"": 0.0, ""tiny_component_pixels"": 0}, ""cluster_1"": {""cluster_value"": 1, ""component_size_histogram"": {""2853"": 1}, ""largest_component_size"": 2853, ""num_1_cell_components"": 0, ""num_2_cell_components"": 0, ""num_components"": 1, ""smallest_component_size"": 2853, ""tiny_component_pixel_fraction"": 0.0, ""tiny_component_pixels"": 0}}"
stld,architexture:stld,feature_cluster_coarse_to_fine_global_pooled_init_coarse_only,benchmark,110,111,2,0.615628434310908,0.3900471457720739,0.5,0.39960058097313,0.8316562876486858,0.1025390625,0.8974609375,2,2,0.0,0.0,ok,direct_foreground,False,"cluster_a->foreground,cluster_b->background",cluster_a,cluster_b,0.615628434310908,0.3900471457720739,0.07598202536052549,0.3900471457720739,best_foreground_cluster_iou,1,fpn_2,fpn_2,fpn_2,72x72,16407,49129,16407,49129,16407,49129,0.0,0.0,0.0,0.0,coarsest_pooled_direct,pooled_avg_pool_coarse_only,False,False,0.39960058097313,0.0020993325199167444,3,3,24x24,"{""cluster_0"": {""cluster_value"": 0, ""component_size_histogram"": {""1287"": 1, ""9"": 1}, ""largest_component_size"": 1287, ""num_1_cell_components"": 0, ""num_2_cell_components"": 0, ""num_components"": 2, ""smallest_component_size"": 9, ""tiny_component_pixel_fraction"": 0.0, ""tiny_component_pixels"": 0}, ""cluster_1"": {""cluster_value"": 1, ""component_size_histogram"": {""18"": 1, ""3861"": 1, ""9"": 1}, ""largest_component_size"": 3861, ""num_1_cell_components"": 0, ""num_2_cell_components"": 0, ""num_components"": 3, ""smallest_component_size"": 9, ""tiny_component_pixel_fraction"": 0.0, ""tiny_component_pixels"": 0}}"
stld,architexture:stld,feature_cluster_coarse_to_fine_global_pooled_init_coarse_only,benchmark,111,112,2,0.3767738949421803,0.02903424053170779,0.5,0.22433590402742073,0.5292118858569398,0.1670074462890625,0.8329925537109375,2,2,0.0,0.0,ok,direct_foreground,False,"cluster_a->foreground,cluster_b->background",cluster_a,cluster_b,0.3767738949421803,0.02903424053170779,0.22995657267831682,0.02903424053170779,best_foreground_cluster_iou,1,fpn_2,fpn_2,fpn_2,72x72,31919,33617,31919,33617,31919,33617,0.0,0.0,0.0,0.0,coarsest_pooled_direct,pooled_avg_pool_coarse_only,False,False,0.22433590402742073,0.07453401171903258,3,3,24x24,"{""cluster_0"": {""cluster_value"": 0, ""component_size_histogram"": {""2520"": 1}, ""largest_component_size"": 2520, ""num_1_cell_components"": 0, ""num_2_cell_components"": 0, ""num_components"": 1, ""smallest_component_size"": 2520, ""tiny_component_pixel_fraction"": 0.0, ""tiny_component_pixels"": 0}, ""cluster_1"": {""cluster_value"": 1, ""component_size_histogram"": {""2664"": 1}, ""largest_component_size"": 2664, ""num_1_cell_components"": 0, ""num_2_cell_components"": 0, ""num_components"": 1, ""smallest_component_size"": 2664, ""tiny_component_pixel_fraction"": 0.0, ""tiny_component_pixels"": 0}}"
stld,architexture:stld,feature_cluster_coarse_to_fine_global_pooled_init_coarse_only,benchmark,112,113,2,0.2568427743751392,-4.989912759290318e-05,0.5,0.12320083881422171,0.3904847099360567,0.13494873046875,0.86505126953125,2,2,0.0,0.0,ok,direct_foreground,False,"cluster_b->foreground,cluster_a->background",cluster_b,cluster_a,0.3243621520265644,-4.989912759290318e-05,0.2568427743751392,-4.989912759290318e-05,best_foreground_cluster_iou,1,fpn_2,fpn_2,fpn_2,72x72,27246,38290,27246,38290,27246,38290,0.0,0.0,0.0,0.0,coarsest_pooled_direct,pooled_avg_pool_coarse_only,False,False,0.1133390918065153,0.12320083881422171,3,3,24x24,"{""cluster_0"": {""cluster_value"": 0, ""component_size_histogram"": {""2169"": 1}, ""largest_component_size"": 2169, ""num_1_cell_components"": 0, ""num_2_cell_components"": 0, ""num_components"": 1, ""smallest_component_size"": 2169, ""tiny_component_pixel_fraction"": 0.0, ""tiny_component_pixels"": 0}, ""cluster_1"": {""cluster_value"": 1, ""component_size_histogram"": {""27"": 1, ""2988"": 1}, ""largest_component_size"": 2988, ""num_1_cell_components"": 0, ""num_2_cell_components"": 0, ""num_components"": 2, ""smallest_component_size"": 27, ""tiny_component_pixel_fraction"": 0.0, ""tiny_component_pixels"": 0}}"
stld,architexture:stld,feature_cluster_coarse_to_fine_global_pooled_init_coarse_only,benchmark,113,114,2,0.3503346450223443,0.025883282490243572,0.5,0.12608956018364495,0.5745797298610437,0.0877685546875,0.9122314453125,2,2,0.0,0.0,ok,direct_foreground,False,"cluster_a->foreground,cluster_b->background",cluster_a,cluster_b,0.3503346450223443,0.025883282490243572,0.21495640843233743,0.025883282490243572,best_foreground_cluster_iou,1,fpn_2,fpn_2,fpn_2,72x72,28096,37440,28096,37440,28096,37440,0.0,0.0,0.0,0.0,coarsest_pooled_direct,pooled_avg_pool_coarse_only,False,False,0.12608956018364495,0.047586708707252,3,3,24x24,"{""cluster_0"": {""cluster_value"": 0, ""component_size_histogram"": {""2214"": 1}, ""largest_component_size"": 2214, ""num_1_cell_components"": 0, ""num_2_cell_components"": 0, ""num_components"": 1, ""smallest_component_size"": 2214, ""tiny_component_pixel_fraction"": 0.0, ""tiny_component_pixels"": 0}, ""cluster_1"": {""cluster_value"": 1, ""component_size_histogram"": {""2970"": 1}, ""largest_component_size"": 2970, ""num_1_cell_components"": 0, ""num_2_cell_components"": 0, ""num_components"": 1, ""smallest_component_size"": 2970, ""tiny_component_pixel_fraction"": 0.0, ""tiny_component_pixels"": 0}}"
stld,architexture:stld,feature_cluster_coarse_to_fine_global_pooled_init_coarse_only,benchmark,114,115,2,0.37341761255720834,0.022831370807253577,0.5,0.22496690420527843,0.5218683209091383,0.1273651123046875,0.8726348876953125,2,2,0.0,0.0,ok,direct_foreground,False,"cluster_a->foreground,cluster_b->background",cluster_a,cluster_b,0.37341761255720834,0.022831370807253577,0.21301816165478868,0.022831370807253577,best_foreground_cluster_iou,1,fpn_2,fpn_2,fpn_2,72x72,35143,30393,35143,30393,35143,30393,0.0,0.0,0.0,0.0,coarsest_pooled_direct,pooled_avg_pool_coarse_only,False,False,0.22496690420527843,0.009379885356956748,3,3,24x24,"{""cluster_0"": {""cluster_value"": 0, ""component_size_histogram"": {""2772"": 1}, ""largest_component_size"": 2772, ""num_1_cell_components"": 0, ""num_2_cell_components"": 0, ""num_components"": 1, ""smallest_component_size"": 2772, ""tiny_component_pixel_fraction"": 0.0, ""tiny_component_pixels"": 0}, ""cluster_1"": {""cluster_value"": 1, ""component_size_histogram"": {""2412"": 1}, ""largest_component_size"": 2412, ""num_1_cell_components"": 0, ""num_2_cell_components"": 0, ""num_components"": 1, ""smallest_component_size"": 2412, ""tiny_component_pixel_fraction"": 0.0, ""tiny_component_pixels"": 0}}"
stld,architexture:stld,feature_cluster_coarse_to_fine_global_pooled_init_coarse_only,benchmark,115,116,2,0.5571029253891039,0.26899616246997166,0.5,0.37881687328396707,0.7353889774942407,0.139801025390625,0.860198974609375,2,2,0.0,0.0,ok,direct_foreground,False,"cluster_a->foreground,cluster_b->background",cluster_a,cluster_b,0.5571029253891039,0.26899616246997166,0.11414464077234868,0.26899616246997166,best_foreground_cluster_iou,1,fpn_2,fpn_2,fpn_2,72x72,23982,41554,23982,41554,23982,41554,0.0,0.0,0.0,0.0,coarsest_pooled_direct,pooled_avg_pool_coarse_only,False,False,0.37881687328396707,0.0011054086063955783,3,3,24x24,"{""cluster_0"": {""cluster_value"": 0, ""component_size_histogram"": {""1899"": 1}, ""largest_component_size"": 1899, ""num_1_cell_components"": 0, ""num_2_cell_components"": 0, ""num_components"": 1, ""smallest_component_size"": 1899, ""tiny_component_pixel_fraction"": 0.0, ""tiny_component_pixels"": 0}, ""cluster_1"": {""cluster_value"": 1, ""component_size_histogram"": {""3276"": 1, ""9"": 1}, ""largest_component_size"": 3276, ""num_1_cell_components"": 0, ""num_2_cell_components"": 0, ""num_components"": 2, ""smallest_component_size"": 9, ""tiny_component_pixel_fraction"": 0.0, ""tiny_component_pixels"": 0}}"
stld,architexture:stld,feature_cluster_coarse_to_fine_global_pooled_init_coarse_only,benchmark,116,117,2,0.357282722152261,0.028281579714917196,0.5,0.12996402145136107,0.5846014228531609,0.0944671630859375,0.9055328369140625,2,2,0.0,0.0,ok,direct_foreground,False,"cluster_a->foreground,cluster_b->background",cluster_a,cluster_b,0.357282722152261,0.028281579714917196,0.21212452586686692,0.028281579714917196,best_foreground_cluster_iou,1,fpn_2,fpn_2,fpn_2,72x72,27100,38436,27100,38436,27100,38436,0.0,0.0,0.0,0.0,coarsest_pooled_direct,pooled_avg_pool_coarse_only,False,False,0.12996402145136107,0.05588548444339288,3,3,24x24,"{""cluster_0"": {""cluster_value"": 0, ""component_size_histogram"": {""2151"": 1}, ""largest_component_size"": 2151, ""num_1_cell_components"": 0, ""num_2_cell_components"": 0, ""num_components"": 1, ""smallest_component_size"": 2151, ""tiny_component_pixel_fraction"": 0.0, ""tiny_component_pixels"": 0}, ""cluster_1"": {""cluster_value"": 1, ""component_size_histogram"": {""3033"": 1}, ""largest_component_size"": 3033, ""num_1_cell_components"": 0, ""num_2_cell_components"": 0, ""num_components"": 1, ""smallest_component_size"": 3033, ""tiny_component_pixel_fraction"": 0.0, ""tiny_component_pixels"": 0}}"
stld,architexture:stld,feature_cluster_coarse_to_fine_global_pooled_init_coarse_only,benchmark,117,118,2,0.33773110375627874,-0.03077533082242383,0.5,0.2602290182935344,0.4152331892190231,0.18646240234375,0.81353759765625,2,2,0.0,0.0,ok,direct_foreground,False,"cluster_b->foreground,cluster_a->background",cluster_b,cluster_a,0.2532846232728067,-0.03077533082242383,0.33773110375627874,-0.03077533082242383,best_foreground_cluster_iou,1,fpn_2,fpn_2,fpn_2,72x72,23609,41927,23609,41927,23609,41927,0.0,0.0,0.0,0.0,coarsest_pooled_direct,pooled_avg_pool_coarse_only,False,False,0.02986490370796206,0.2602290182935344,3,3,24x24,"{""cluster_0"": {""cluster_value"": 0, ""component_size_histogram"": {""1872"": 1}, ""largest_component_size"": 1872, ""num_1_cell_components"": 0, ""num_2_cell_components"": 0, ""num_components"": 1, ""smallest_component_size"": 1872, ""tiny_component_pixel_fraction"": 0.0, ""tiny_component_pixels"": 0}, ""cluster_1"": {""cluster_value"": 1, ""component_size_histogram"": {""3312"": 1}, ""largest_component_size"": 3312, ""num_1_cell_components"": 0, ""num_2_cell_components"": 0, ""num_components"": 1, ""smallest_component_size"": 3312, ""tiny_component_pixel_fraction"": 0.0, ""tiny_component_pixels"": 0}}"
stld,architexture:stld,feature_cluster_coarse_to_fine_global_pooled_init_coarse_only,benchmark,118,119,2,0.3389731375410919,0.0040821126050364755,0.5,0.1941505744971476,0.4837957005850361,0.1444091796875,0.8555908203125,2,2,0.0,0.0,ok,direct_foreground,False,"cluster_a->foreground,cluster_b->background",cluster_a,cluster_b,0.3389731375410919,0.0040821126050364755,0.2494983775398096,0.0040821126050364755,best_foreground_cluster_iou,1,fpn_2,fpn_2,fpn_2,72x72,35122,30414,35122,30414,35122,30414,0.0,0.0,0.0,0.0,coarsest_pooled_direct,pooled_avg_pool_coarse_only,False,False,0.1941505744971476,0.058811034702493166,3,3,24x24,"{""cluster_0"": {""cluster_value"": 0, ""component_size_histogram"": {""2772"": 1}, ""largest_component_size"": 2772, ""num_1_cell_components"": 0, ""num_2_cell_components"": 0, ""num_components"": 1, ""smallest_component_size"": 2772, ""tiny_component_pixel_fraction"": 0.0, ""tiny_component_pixels"": 0}, ""cluster_1"": {""cluster_value"": 1, ""component_size_histogram"": {""2412"": 1}, ""largest_component_size"": 2412, ""num_1_cell_components"": 0, ""num_2_cell_components"": 0, ""num_components"": 1, ""smallest_component_size"": 2412, ""tiny_component_pixel_fraction"": 0.0, ""tiny_component_pixels"": 0}}"
stld,architexture:stld,feature_cluster_coarse_to_fine_global_pooled_init_coarse_only,benchmark,119,120,2,0.4495686568005798,0.07706257925090548,0.5,0.3444395165761171,0.5546977970250424,0.2223968505859375,0.7776031494140625,2,2,0.0,0.0,ok,direct_foreground,False,"cluster_b->foreground,cluster_a->background",cluster_b,cluster_a,0.19400206691523197,0.07706257925090548,0.4495686568005798,0.07706257925090548,best_foreground_cluster_iou,1,fpn_2,fpn_2,fpn_2,72x72,31609,33927,31609,33927,31609,33927,0.0,0.0,0.0,0.0,coarsest_pooled_direct,pooled_avg_pool_coarse_only,False,False,0.048802089247189734,0.3444395165761171,3,3,24x24,"{""cluster_0"": {""cluster_value"": 0, ""component_size_histogram"": {""18"": 1, ""2466"": 1, ""9"": 1}, ""largest_component_size"": 2466, ""num_1_cell_components"": 0, ""num_2_cell_components"": 0, ""num_components"": 3, ""smallest_component_size"": 9, ""tiny_component_pixel_fraction"": 0.0, ""tiny_component_pixels"": 0}, ""cluster_1"": {""cluster_value"": 1, ""component_size_histogram"": {""2682"": 1, ""9"": 1}, ""largest_component_size"": 2682, ""num_1_cell_components"": 0, ""num_2_cell_components"": 0, ""num_components"": 2, ""smallest_component_size"": 9, ""tiny_component_pixel_fraction"": 0.0, ""tiny_component_pixels"": 0}}"
stld,architexture:stld,feature_cluster_coarse_to_fine_global_pooled_init_coarse_only,benchmark,120,121,2,0.4326553533100781,0.1000501244557888,0.5,0.16894288754877615,0.69636781907138,0.0856781005859375,0.9143218994140625,2,2,0.0,0.0,ok,direct_foreground,False,"cluster_a->foreground,cluster_b->background",cluster_a,cluster_b,0.4326553533100781,0.1000501244557888,0.15144915973872414,0.1000501244557888,best_foreground_cluster_iou,1,fpn_2,fpn_2,fpn_2,72x72,20747,44789,20747,44789,20747,44789,0.0,0.0,0.0,0.0,coarsest_pooled_direct,pooled_avg_pool_coarse_only,False,False,0.16894288754877615,0.03714068190703512,3,3,24x24,"{""cluster_0"": {""cluster_value"": 0, ""component_size_histogram"": {""1647"": 1}, ""largest_component_size"": 1647, ""num_1_cell_components"": 0, ""num_2_cell_components"": 0, ""num_components"": 1, ""smallest_component_size"": 1647, ""tiny_component_pixel_fraction"": 0.0, ""tiny_component_pixels"": 0}, ""cluster_1"": {""cluster_value"": 1, ""component_size_histogram"": {""3537"": 1}, ""largest_component_size"": 3537, ""num_1_cell_components"": 0, ""num_2_cell_components"": 0, ""num_components"": 1, ""smallest_component_size"": 3537, ""tiny_component_pixel_fraction"": 0.0, ""tiny_component_pixels"": 0}}"
stld,architexture:stld,feature_cluster_coarse_to_fine_global_pooled_init_coarse_only,benchmark,121,122,2,0.8541284815706042,0.7533497256965049,0.5,0.7905188655226845,0.9177380976185239,0.2558135986328125,0.7441864013671875,2,2,0.0,0.0,ok,direct_foreground,False,"cluster_a->foreground,cluster_b->background",cluster_a,cluster_b,0.8541284815706042,0.7533497256965049,0.03224411120701383,0.7533497256965049,best_foreground_cluster_iou,1,fpn_2,fpn_2,fpn_2,72x72,18399,47137,18399,47137,18399,47137,0.0,0.0,0.0,0.0,coarsest_pooled_direct,pooled_avg_pool_coarse_only,False,False,0.7905188655226845,0.019788707669720084,3,3,24x24,"{""cluster_0"": {""cluster_value"": 0, ""component_size_histogram"": {""576"": 1, ""882"": 1}, ""largest_component_size"": 882, ""num_1_cell_components"": 0, ""num_2_cell_components"": 0, ""num_components"": 2, ""smallest_component_size"": 576, ""tiny_component_pixel_fraction"": 0.0, ""tiny_component_pixels"": 0}, ""cluster_1"": {""cluster_value"": 1, ""component_size_histogram"": {""3726"": 1}, ""largest_component_size"": 3726, ""num_1_cell_components"": 0, ""num_2_cell_components"": 0, ""num_components"": 1, ""smallest_component_size"": 3726, ""tiny_component_pixel_fraction"": 0.0, ""tiny_component_pixels"": 0}}"
stld,architexture:stld,feature_cluster_coarse_to_fine_global_pooled_init_coarse_only,benchmark,122,123,2,0.45903479446515716,0.05983435370298118,0.5,0.4251189343482398,0.49295065458207454,0.294769287109375,0.705230712890625,2,2,0.0,0.0,ok,direct_foreground,False,"cluster_b->foreground,cluster_a->background",cluster_b,cluster_a,0.19415334378304067,0.05983435370298118,0.45903479446515716,0.05983435370298118,best_foreground_cluster_iou,1,fpn_2,fpn_2,fpn_2,72x72,24942,40594,24942,40594,24942,40594,0.0,0.0,0.0,0.0,coarsest_pooled_direct,pooled_avg_pool_coarse_only,False,False,0.03377399915915355,0.4251189343482398,3,3,24x24,"{""cluster_0"": {""cluster_value"": 0, ""component_size_histogram"": {""1980"": 1}, ""largest_component_size"": 1980, ""num_1_cell_components"": 0, ""num_2_cell_components"": 0, ""num_components"": 1, ""smallest_component_size"": 1980, ""tiny_component_pixel_fraction"": 0.0, ""tiny_component_pixels"": 0}, ""cluster_1"": {""cluster_value"": 1, ""component_size_histogram"": {""3204"": 1}, ""largest_component_size"": 3204, ""num_1_cell_components"": 0, ""num_2_cell_components"": 0, ""num_components"": 1, ""smallest_component_size"": 3204, ""tiny_component_pixel_fraction"": 0.0, ""tiny_component_pixels"": 0}}"
stld,architexture:stld,feature_cluster_coarse_to_fine_global_pooled_init_coarse_only,benchmark,123,124,2,0.7363470958549616,0.5647641653025957,0.5,0.6120810236750764,0.8606131680348467,0.1839447021484375,0.8160552978515625,2,2,0.0,0.0,ok,direct_foreground,False,"cluster_a->foreground,cluster_b->background",cluster_a,cluster_b,0.7363470958549616,0.5647641653025957,0.057559845465314216,0.5647641653025957,best_foreground_cluster_iou,1,fpn_2,fpn_2,fpn_2,72x72,19063,46473,19063,46473,19063,46473,0.0,0.0,0.0,0.0,coarsest_pooled_direct,pooled_avg_pool_coarse_only,False,False,0.6120810236750764,0.0041174855888004395,3,3,24x24,"{""cluster_0"": {""cluster_value"": 0, ""component_size_histogram"": {""1512"": 1}, ""largest_component_size"": 1512, ""num_1_cell_components"": 0, ""num_2_cell_components"": 0, ""num_components"": 1, ""smallest_component_size"": 1512, ""tiny_component_pixel_fraction"": 0.0, ""tiny_component_pixels"": 0}, ""cluster_1"": {""cluster_value"": 1, ""component_size_histogram"": {""18"": 1, ""3645"": 1, ""9"": 1}, ""largest_component_size"": 3645, ""num_1_cell_components"": 0, ""num_2_cell_components"": 0, ""num_components"": 3, ""smallest_component_size"": 9, ""tiny_component_pixel_fraction"": 0.0, ""tiny_component_pixels"": 0}}"
stld,architexture:stld,feature_cluster_coarse_to_fine_global_pooled_init_coarse_only,benchmark,124,125,2,0.31086224573753884,0.0010412738976056783,0.5,0.14281037728128324,0.4789141141937945,0.122467041015625,0.877532958984375,2,2,0.0,0.0,ok,direct_foreground,False,"cluster_b->foreground,cluster_a->background",cluster_b,cluster_a,0.265966942170353,0.0010412738976056783,0.31086224573753884,0.0010412738976056783,best_foreground_cluster_iou,1,fpn_2,fpn_2,fpn_2,72x72,31670,33866,31670,33866,31670,33866,0.0,0.0,0.0,0.0,coarsest_pooled_direct,pooled_avg_pool_coarse_only,False,False,0.075626608860588,0.14281037728128324,3,3,24x24,"{""cluster_0"": {""cluster_value"": 0, ""component_size_histogram"": {""2511"": 1}, ""largest_component_size"": 2511, ""num_1_cell_components"": 0, ""num_2_cell_components"": 0, ""num_components"": 1, ""smallest_component_size"": 2511, ""tiny_component_pixel_fraction"": 0.0, ""tiny_component_pixels"": 0}, ""cluster_1"": {""cluster_value"": 1, ""component_size_histogram"": {""2673"": 1}, ""largest_component_size"": 2673, ""num_1_cell_components"": 0, ""num_2_cell_components"": 0, ""num_components"": 1, ""smallest_component_size"": 2673, ""tiny_component_pixel_fraction"": 0.0, ""tiny_component_pixels"": 0}}"
stld,architexture:stld,feature_cluster_coarse_to_fine_global_pooled_init_coarse_only,benchmark,125,126,2,0.9210342804345156,0.8604047729877233,0.5,0.892239179848773,0.9498293810202583,0.3072052001953125,0.6927947998046875,2,2,0.0,0.0,ok,direct_foreground,False,"cluster_a->foreground,cluster_b->background",cluster_a,cluster_b,0.9210342804345156,0.8604047729877233,0.01802653067402479,0.8604047729877233,best_foreground_cluster_iou,1,fpn_2,fpn_2,fpn_2,72x72,20658,44878,20658,44878,20658,44878,0.0,0.0,0.0,0.0,coarsest_pooled_direct,pooled_avg_pool_coarse_only,False,False,0.892239179848773,0.014022335912153731,3,3,24x24,"{""cluster_0"": {""cluster_value"": 0, ""component_size_histogram"": {""1638"": 1}, ""largest_component_size"": 1638, ""num_1_cell_components"": 0, ""num_2_cell_components"": 0, ""num_components"": 1, ""smallest_component_size"": 1638, ""tiny_component_pixel_fraction"": 0.0, ""tiny_component_pixels"": 0}, ""cluster_1"": {""cluster_value"": 1, ""component_size_histogram"": {""3546"": 1}, ""largest_component_size"": 3546, ""num_1_cell_components"": 0, ""num_2_cell_components"": 0, ""num_components"": 1, ""smallest_component_size"": 3546, ""tiny_component_pixel_fraction"": 0.0, ""tiny_component_pixels"": 0}}"
stld,architexture:stld,feature_cluster_coarse_to_fine_global_pooled_init_coarse_only,benchmark,126,127,2,0.4046476604681102,0.0009974487638613624,0.5,0.40549622241722494,0.4037990985189955,0.3079833984375,0.6920166015625,2,2,0.0,0.0,ok,direct_foreground,False,"cluster_b->foreground,cluster_a->background",cluster_b,cluster_a,0.22224801976116168,0.0009974487638613624,0.4046476604681102,0.0009974487638613624,best_foreground_cluster_iou,1,fpn_2,fpn_2,fpn_2,72x72,20051,45485,20051,45485,20051,45485,0.0,0.0,0.0,0.0,coarsest_pooled_direct,pooled_avg_pool_coarse_only,False,False,0.031746031746031744,0.40549622241722494,3,3,24x24,"{""cluster_0"": {""cluster_value"": 0, ""component_size_histogram"": {""1575"": 1, ""9"": 1}, ""largest_component_size"": 1575, ""num_1_cell_components"": 0, ""num_2_cell_components"": 0, ""num_components"": 2, ""smallest_component_size"": 9, ""tiny_component_pixel_fraction"": 0.0, ""tiny_component_pixels"": 0}, ""cluster_1"": {""cluster_value"": 1, ""component_size_histogram"": {""3600"": 1}, ""largest_component_size"": 3600, ""num_1_cell_components"": 0, ""num_2_cell_components"": 0, ""num_components"": 1, ""smallest_component_size"": 3600, ""tiny_component_pixel_fraction"": 0.0, ""tiny_component_pixels"": 0}}"
stld,architexture:stld,feature_cluster_coarse_to_fine_global_pooled_init_coarse_only,benchmark,127,128,2,0.9020706238566244,0.813826111363197,0.5,0.8801589384113656,0.9239823093018832,0.37591552734375,0.62408447265625,2,2,0.0,0.0,ok,direct_foreground,False,"cluster_a->foreground,cluster_b->background",cluster_a,cluster_b,0.9020706238566244,0.813826111363197,0.024954275006206873,0.813826111363197,best_foreground_cluster_iou,1,fpn_2,fpn_2,fpn_2,72x72,25521,40015,25521,40015,25521,40015,0.0,0.0,0.0,0.0,coarsest_pooled_direct,pooled_avg_pool_coarse_only,False,False,0.8801589384113656,0.01820615796519411,3,3,24x24,"{""cluster_0"": {""cluster_value"": 0, ""component_size_histogram"": {""2016"": 1}, ""largest_component_size"": 2016, ""num_1_cell_components"": 0, ""num_2_cell_components"": 0, ""num_components"": 1, ""smallest_component_size"": 2016, ""tiny_component_pixel_fraction"": 0.0, ""tiny_component_pixels"": 0}, ""cluster_1"": {""cluster_value"": 1, ""component_size_histogram"": {""3168"": 1}, ""largest_component_size"": 3168, ""num_1_cell_components"": 0, ""num_2_cell_components"": 0, ""num_components"": 1, ""smallest_component_size"": 3168, ""tiny_component_pixel_fraction"": 0.0, ""tiny_component_pixels"": 0}}"
stld,architexture:stld,feature_cluster_coarse_to_fine_global_pooled_init_coarse_only,benchmark,128,129,2,0.5980666148074094,0.3384338990639436,0.5,0.4210502262236644,0.7750830033911545,0.1409454345703125,0.8590545654296875,2,2,0.0,0.0,ok,direct_foreground,False,"cluster_a->foreground,cluster_b->background",cluster_a,cluster_b,0.5980666148074094,0.3384338990639436,0.09672828173344464,0.3384338990639436,best_foreground_cluster_iou,1,fpn_2,fpn_2,fpn_2,72x72,21857,43679,21857,43679,21857,43679,0.0,0.0,0.0,0.0,coarsest_pooled_direct,pooled_avg_pool_coarse_only,False,False,0.4210502262236644,0.00045375482114497467,3,3,24x24,"{""cluster_0"": {""cluster_value"": 0, ""component_size_histogram"": {""1719"": 1, ""9"": 1}, ""largest_component_size"": 1719, ""num_1_cell_components"": 0, ""num_2_cell_components"": 0, ""num_components"": 2, ""smallest_component_size"": 9, ""tiny_component_pixel_fraction"": 0.0, ""tiny_component_pixels"": 0}, ""cluster_1"": {""cluster_value"": 1, ""component_size_histogram"": {""3456"": 1}, ""largest_component_size"": 3456, ""num_1_cell_components"": 0, ""num_2_cell_components"": 0, ""num_components"": 1, ""smallest_component_size"": 3456, ""tiny_component_pixel_fraction"": 0.0, ""tiny_component_pixels"": 0}}"
stld,architexture:stld,feature_cluster_coarse_to_fine_global_pooled_init_coarse_only,benchmark,129,130,2,0.6586978435353295,0.4222458054593787,0.5,0.5213566739606127,0.7960390131100461,0.1829376220703125,0.8170623779296875,2,2,0.0,0.0,ok,direct_foreground,False,"cluster_b->foreground,cluster_a->background",cluster_b,cluster_a,0.08365407497096626,0.4222458054593787,0.6586978435353295,0.4222458054593787,best_foreground_cluster_iou,1,fpn_2,fpn_2,fpn_2,72x72,42762,22774,42762,22774,42762,22774,0.0,0.0,0.0,0.0,coarsest_pooled_direct,pooled_avg_pool_coarse_only,False,False,0.001390032007315958,0.5213566739606127,3,3,24x24,"{""cluster_0"": {""cluster_value"": 0, ""component_size_histogram"": {""3375"": 1}, ""largest_component_size"": 3375, ""num_1_cell_components"": 0, ""num_2_cell_components"": 0, ""num_components"": 1, ""smallest_component_size"": 3375, ""tiny_component_pixel_fraction"": 0.0, ""tiny_component_pixels"": 0}, ""cluster_1"": {""cluster_value"": 1, ""component_size_histogram"": {""1791"": 1, ""9"": 2}, ""largest_component_size"": 1791, ""num_1_cell_components"": 0, ""num_2_cell_components"": 0, ""num_components"": 3, ""smallest_component_size"": 9, ""tiny_component_pixel_fraction"": 0.0, ""tiny_component_pixels"": 0}}"
stld,architexture:stld,feature_cluster_coarse_to_fine_global_pooled_init_coarse_only,benchmark,130,131,2,0.8349847066767139,0.6970465104130438,0.5,0.7872509327617687,0.882718480591659,0.3046875,0.6953125,2,2,0.0,0.0,ok,direct_foreground,False,"cluster_b->foreground,cluster_a->background",cluster_b,cluster_a,0.04106383351673874,0.6970465104130438,0.8349847066767139,0.6970465104130438,best_foreground_cluster_iou,1,fpn_2,fpn_2,fpn_2,72x72,40476,25060,40476,25060,40476,25060,0.0,0.0,0.0,0.0,coarsest_pooled_direct,pooled_avg_pool_coarse_only,False,False,0.0022218537555960868,0.7872509327617687,3,3,24x24,"{""cluster_0"": {""cluster_value"": 0, ""component_size_histogram"": {""27"": 1, ""3177"": 1}, ""largest_component_size"": 3177, ""num_1_cell_components"": 0, ""num_2_cell_components"": 0, ""num_components"": 2, ""smallest_component_size"": 27, ""tiny_component_pixel_fraction"": 0.0, ""tiny_component_pixels"": 0}, ""cluster_1"": {""cluster_value"": 1, ""component_size_histogram"": {""1980"": 1}, ""largest_component_size"": 1980, ""num_1_cell_components"": 0, ""num_2_cell_components"": 0, ""num_components"": 1, ""smallest_component_size"": 1980, ""tiny_component_pixel_fraction"": 0.0, ""tiny_component_pixels"": 0}}"
stld,architexture:stld,feature_cluster_coarse_to_fine_global_pooled_init_coarse_only,benchmark,131,132,2,0.8266588613553962,0.7300953260695179,0.5,0.7291694003411626,0.92414832236963,0.1717987060546875,0.8282012939453125,2,2,0.0,0.0,ok,direct_foreground,False,"cluster_a->foreground,cluster_b->background",cluster_a,cluster_b,0.8266588613553962,0.7300953260695179,0.03163310816112272,0.7300953260695179,best_foreground_cluster_iou,1,fpn_2,fpn_2,fpn_2,72x72,15097,50439,15097,50439,15097,50439,0.0,0.0,0.0,0.0,coarsest_pooled_direct,pooled_avg_pool_coarse_only,False,False,0.7291694003411626,0.002355693467418322,3,3,24x24,"{""cluster_0"": {""cluster_value"": 0, ""component_size_histogram"": {""1197"": 1}, ""largest_component_size"": 1197, ""num_1_cell_components"": 0, ""num_2_cell_components"": 0, ""num_components"": 1, ""smallest_component_size"": 1197, ""tiny_component_pixel_fraction"": 0.0, ""tiny_component_pixels"": 0}, ""cluster_1"": {""cluster_value"": 1, ""component_size_histogram"": {""3987"": 1}, ""largest_component_size"": 3987, ""num_1_cell_components"": 0, ""num_2_cell_components"": 0, ""num_components"": 1, ""smallest_component_size"": 3987, ""tiny_component_pixel_fraction"": 0.0, ""tiny_component_pixels"": 0}}"
stld,architexture:stld,feature_cluster_coarse_to_fine_global_pooled_init_coarse_only,benchmark,132,133,2,0.32893729969943825,-0.03487618000446105,0.5,0.23301620691303723,0.42485839248583923,0.1537322998046875,0.8462677001953125,2,2,0.0,0.0,ok,direct_foreground,False,"cluster_b->foreground,cluster_a->background",cluster_b,cluster_a,0.2483575711740837,-0.03487618000446105,0.32893729969943825,-0.03487618000446105,best_foreground_cluster_iou,1,fpn_2,fpn_2,fpn_2,72x72,24029,41507,24029,41507,24029,41507,0.0,0.0,0.0,0.0,coarsest_pooled_direct,pooled_avg_pool_coarse_only,False,False,0.009681143973709921,0.23301620691303723,3,3,24x24,"{""cluster_0"": {""cluster_value"": 0, ""component_size_histogram"": {""1908"": 1}, ""largest_component_size"": 1908, ""num_1_cell_components"": 0, ""num_2_cell_components"": 0, ""num_components"": 1, ""smallest_component_size"": 1908, ""tiny_component_pixel_fraction"": 0.0, ""tiny_component_pixels"": 0}, ""cluster_1"": {""cluster_value"": 1, ""component_size_histogram"": {""3276"": 1}, ""largest_component_size"": 3276, ""num_1_cell_components"": 0, ""num_2_cell_components"": 0, ""num_components"": 1, ""smallest_component_size"": 3276, ""tiny_component_pixel_fraction"": 0.0, ""tiny_component_pixels"": 0}}"
stld,architexture:stld,feature_cluster_coarse_to_fine_global_pooled_init_coarse_only,benchmark,133,134,2,0.3886121692348243,-0.0031497982725667466,0.5,0.3220764322076432,0.45514790626200535,0.2160797119140625,0.7839202880859375,2,2,0.0,0.0,ok,direct_foreground,False,"cluster_b->foreground,cluster_a->background",cluster_b,cluster_a,0.22245972648394752,-0.0031497982725667466,0.3886121692348243,-0.0031497982725667466,best_foreground_cluster_iou,1,fpn_2,fpn_2,fpn_2,72x72,24380,41156,24380,41156,24380,41156,0.0,0.0,0.0,0.0,coarsest_pooled_direct,pooled_avg_pool_coarse_only,False,False,0.01809488588334742,0.3220764322076432,3,3,24x24,"{""cluster_0"": {""cluster_value"": 0, ""component_size_histogram"": {""1935"": 1}, ""largest_component_size"": 1935, ""num_1_cell_components"": 0, ""num_2_cell_components"": 0, ""num_components"": 1, ""smallest_component_size"": 1935, ""tiny_component_pixel_fraction"": 0.0, ""tiny_component_pixels"": 0}, ""cluster_1"": {""cluster_value"": 1, ""component_size_histogram"": {""3249"": 1}, ""largest_component_size"": 3249, ""num_1_cell_components"": 0, ""num_2_cell_components"": 0, ""num_components"": 1, ""smallest_component_size"": 3249, ""tiny_component_pixel_fraction"": 0.0, ""tiny_component_pixels"": 0}}"
stld,architexture:stld,feature_cluster_coarse_to_fine_global_pooled_init_coarse_only,benchmark,134,135,2,0.32003496813362875,0.0053729344678711466,0.5,0.09226924678819723,0.5478006894790602,0.0897216796875,0.9102783203125,2,2,0.0,0.0,ok,direct_foreground,False,"cluster_a->foreground,cluster_b->background",cluster_a,cluster_b,0.32003496813362875,0.0053729344678711466,0.2398579811954141,0.0053729344678711466,best_foreground_cluster_iou,1,fpn_2,fpn_2,fpn_2,72x72,28213,37323,28213,37323,28213,37323,0.0,0.0,0.0,0.0,coarsest_pooled_direct,pooled_avg_pool_coarse_only,False,False,0.09226924678819723,0.07462129691814044,3,3,24x24,"{""cluster_0"": {""cluster_value"": 0, ""component_size_histogram"": {""2241"": 1}, ""largest_component_size"": 2241, ""num_1_cell_components"": 0, ""num_2_cell_components"": 0, ""num_components"": 1, ""smallest_component_size"": 2241, ""tiny_component_pixel_fraction"": 0.0, ""tiny_component_pixels"": 0}, ""cluster_1"": {""cluster_value"": 1, ""component_size_histogram"": {""2943"": 1}, ""largest_component_size"": 2943, ""num_1_cell_components"": 0, ""num_2_cell_components"": 0, ""num_components"": 1, ""smallest_component_size"": 2943, ""tiny_component_pixel_fraction"": 0.0, ""tiny_component_pixels"": 0}}"
stld,architexture:stld,feature_cluster_coarse_to_fine_global_pooled_init_coarse_only,benchmark,135,136,2,0.345276312230977,0.003097453251639424,0.5,0.19765894462399175,0.4928936798379622,0.1195068359375,0.8804931640625,2,2,0.0,0.0,ok,direct_foreground,False,"cluster_a->foreground,cluster_b->background",cluster_a,cluster_b,0.345276312230977,0.003097453251639424,0.23063335798666756,0.003097453251639424,best_foreground_cluster_iou,1,fpn_2,fpn_2,fpn_2,72x72,36267,29269,36267,29269,36267,29269,0.0,0.0,0.0,0.0,coarsest_pooled_direct,pooled_avg_pool_coarse_only,False,False,0.19765894462399175,0.015158562946343065,3,3,24x24,"{""cluster_0"": {""cluster_value"": 0, ""component_size_histogram"": {""2862"": 1}, ""largest_component_size"": 2862, ""num_1_cell_components"": 0, ""num_2_cell_components"": 0, ""num_components"": 1, ""smallest_component_size"": 2862, ""tiny_component_pixel_fraction"": 0.0, ""tiny_component_pixels"": 0}, ""cluster_1"": {""cluster_value"": 1, ""component_size_histogram"": {""2322"": 1}, ""largest_component_size"": 2322, ""num_1_cell_components"": 0, ""num_2_cell_components"": 0, ""num_components"": 1, ""smallest_component_size"": 2322, ""tiny_component_pixel_fraction"": 0.0, ""tiny_component_pixels"": 0}}"
stld,architexture:stld,feature_cluster_coarse_to_fine_global_pooled_init_coarse_only,benchmark,136,137,2,0.6604583382363751,0.47790217451345973,0.5,0.4397609311104121,0.8811557453623382,0.0856475830078125,0.9143524169921875,2,2,0.0,0.0,ok,direct_foreground,False,"cluster_a->foreground,cluster_b->background",cluster_a,cluster_b,0.6604583382363751,0.47790217451345973,0.05438865276190855,0.47790217451345973,best_foreground_cluster_iou,1,fpn_2,fpn_2,fpn_2,72x72,12695,52841,12695,52841,12695,52841,0.0,0.0,0.0,0.0,coarsest_pooled_direct,pooled_avg_pool_coarse_only,False,False,0.4397609311104121,0.0003593859634110862,3,3,24x24,"{""cluster_0"": {""cluster_value"": 0, ""component_size_histogram"": {""18"": 2, ""27"": 1, ""36"": 1, ""45"": 1, ""72"": 1, ""774"": 1, ""9"": 1}, ""largest_component_size"": 774, ""num_1_cell_components"": 0, ""num_2_cell_components"": 0, ""num_components"": 8, ""smallest_component_size"": 9, ""tiny_component_pixel_fraction"": 0.0, ""tiny_component_pixels"": 0}, ""cluster_1"": {""cluster_value"": 1, ""component_size_histogram"": {""4185"": 1}, ""largest_component_size"": 4185, ""num_1_cell_components"": 0, ""num_2_cell_components"": 0, ""num_components"": 1, ""smallest_component_size"": 4185, ""tiny_component_pixel_fraction"": 0.0, ""tiny_component_pixels"": 0}}"
stld,architexture:stld,feature_cluster_coarse_to_fine_global_pooled_init_coarse_only,benchmark,137,138,2,0.3387612356326101,0.012273250129627732,0.5,0.16438041669058143,0.5131420545746388,0.1117706298828125,0.8882293701171875,2,2,0.0,0.0,ok,direct_foreground,False,"cluster_b->foreground,cluster_a->background",cluster_b,cluster_a,0.23621780383095925,0.012273250129627732,0.3387612356326101,0.012273250129627732,best_foreground_cluster_iou,1,fpn_2,fpn_2,fpn_2,72x72,32287,33249,32287,33249,32287,33249,0.0,0.0,0.0,0.0,coarsest_pooled_direct,pooled_avg_pool_coarse_only,False,False,0.04200973300013153,0.16438041669058143,3,3,24x24,"{""cluster_0"": {""cluster_value"": 0, ""component_size_histogram"": {""2556"": 1, ""9"": 1}, ""largest_component_size"": 2556, ""num_1_cell_components"": 0, ""num_2_cell_components"": 0, ""num_components"": 2, ""smallest_component_size"": 9, ""tiny_component_pixel_fraction"": 0.0, ""tiny_component_pixels"": 0}, ""cluster_1"": {""cluster_value"": 1, ""component_size_histogram"": {""2610"": 1, ""9"": 1}, ""largest_component_size"": 2610, ""num_1_cell_components"": 0, ""num_2_cell_components"": 0, ""num_components"": 2, ""smallest_component_size"": 9, ""tiny_component_pixel_fraction"": 0.0, ""tiny_component_pixels"": 0}}"
stld,architexture:stld,feature_cluster_coarse_to_fine_global_pooled_init_coarse_only,benchmark,138,139,2,0.34922707750244864,0.004414261953501619,0.5,0.013256484149855908,0.6851976708550414,0.0093536376953125,0.9906463623046875,2,2,0.0,0.0,ok,direct_foreground,False,"cluster_a->foreground,cluster_b->background",cluster_a,cluster_b,0.34922707750244864,0.004414261953501619,0.1586813002824004,0.004414261953501619,best_foreground_cluster_iou,1,fpn_2,fpn_2,fpn_2,72x72,20483,45053,20483,45053,20483,45053,0.0,0.0,0.0,0.0,coarsest_pooled_direct,pooled_avg_pool_coarse_only,False,False,0.013256484149855908,0.007434534183414591,3,3,24x24,"{""cluster_0"": {""cluster_value"": 0, ""component_size_histogram"": {""234"": 1, ""279"": 1, ""333"": 1, ""351"": 1, ""432"": 1}, ""largest_component_size"": 432, ""num_1_cell_components"": 0, ""num_2_cell_components"": 0, ""num_components"": 5, ""smallest_component_size"": 234, ""tiny_component_pixel_fraction"": 0.0, ""tiny_component_pixels"": 0}, ""cluster_1"": {""cluster_value"": 1, ""component_size_histogram"": {""513"": 1, ""531"": 1, ""585"": 1, ""639"": 2, ""648"": 1}, ""largest_component_size"": 648, ""num_1_cell_components"": 0, ""num_2_cell_components"": 0, ""num_components"": 6, ""smallest_component_size"": 513, ""tiny_component_pixel_fraction"": 0.0, ""tiny_component_pixels"": 0}}"
stld,architexture:stld,feature_cluster_coarse_to_fine_global_pooled_init_coarse_only,benchmark,139,140,2,0.4865132899425515,0.11208583205391318,0.5,0.3965986772633802,0.5764279026217228,0.2267913818359375,0.7732086181640625,2,2,0.0,0.0,ok,direct_foreground,False,"cluster_a->foreground,cluster_b->background",cluster_a,cluster_b,0.4865132899425515,0.11208583205391318,0.16927567612157818,0.11208583205391318,best_foreground_cluster_iou,1,fpn_2,fpn_2,fpn_2,72x72,35395,30141,35395,30141,35395,30141,0.0,0.0,0.0,0.0,coarsest_pooled_direct,pooled_avg_pool_coarse_only,False,False,0.3965986772633802,0.013306914642109292,3,3,24x24,"{""cluster_0"": {""cluster_value"": 0, ""component_size_histogram"": {""2790"": 1}, ""largest_component_size"": 2790, ""num_1_cell_components"": 0, ""num_2_cell_components"": 0, ""num_components"": 1, ""smallest_component_size"": 2790, ""tiny_component_pixel_fraction"": 0.0, ""tiny_component_pixels"": 0}, ""cluster_1"": {""cluster_value"": 1, ""component_size_histogram"": {""2394"": 1}, ""largest_component_size"": 2394, ""num_1_cell_components"": 0, ""num_2_cell_components"": 0, ""num_components"": 1, ""smallest_component_size"": 2394, ""tiny_component_pixel_fraction"": 0.0, ""tiny_component_pixels"": 0}}"
stld,architexture:stld,feature_cluster_coarse_to_fine_global_pooled_init_coarse_only,benchmark,140,141,2,0.30049956414857865,-0.03195367111226259,0.5,0.16804730774988771,0.4329518205472696,0.1029815673828125,0.8970184326171875,2,2,0.0,0.0,ok,direct_foreground,False,"cluster_a->foreground,cluster_b->background",cluster_a,cluster_b,0.30049956414857865,-0.03195367111226259,0.2545517660818297,-0.03195367111226259,best_foreground_cluster_iou,1,fpn_2,fpn_2,fpn_2,72x72,40064,25472,40064,25472,40064,25472,0.0,0.0,0.0,0.0,coarsest_pooled_direct,pooled_avg_pool_coarse_only,False,False,0.16804730774988771,0.0004346881112801565,3,3,24x24,"{""cluster_0"": {""cluster_value"": 0, ""component_size_histogram"": {""3132"": 1, ""9"": 3}, ""largest_component_size"": 3132, ""num_1_cell_components"": 0, ""num_2_cell_components"": 0, ""num_components"": 4, ""smallest_component_size"": 9, ""tiny_component_pixel_fraction"": 0.0, ""tiny_component_pixels"": 0}, ""cluster_1"": {""cluster_value"": 1, ""component_size_histogram"": {""18"": 2, ""1944"": 1, ""27"": 1, ""9"": 2}, ""largest_component_size"": 1944, ""num_1_cell_components"": 0, ""num_2_cell_components"": 0, ""num_components"": 6, ""smallest_component_size"": 9, ""tiny_component_pixel_fraction"": 0.0, ""tiny_component_pixels"": 0}}"
stld,architexture:stld,feature_cluster_coarse_to_fine_global_pooled_init_coarse_only,benchmark,141,142,2,0.36947618964880063,0.03670748241201717,0.5,0.17340344652812975,0.5655489327694715,0.1103668212890625,0.8896331787109375,2,2,0.0,0.0,ok,direct_foreground,False,"cluster_a->foreground,cluster_b->background",cluster_a,cluster_b,0.36947618964880063,0.03670748241201717,0.21212851259183144,0.03670748241201717,best_foreground_cluster_iou,1,fpn_2,fpn_2,fpn_2,72x72,29809,35727,29809,35727,29809,35727,0.0,0.0,0.0,0.0,coarsest_pooled_direct,pooled_avg_pool_coarse_only,False,False,0.17340344652812975,0.04269313851605543,3,3,24x24,"{""cluster_0"": {""cluster_value"": 0, ""component_size_histogram"": {""2367"": 1}, ""largest_component_size"": 2367, ""num_1_cell_components"": 0, ""num_2_cell_components"": 0, ""num_components"": 1, ""smallest_component_size"": 2367, ""tiny_component_pixel_fraction"": 0.0, ""tiny_component_pixels"": 0}, ""cluster_1"": {""cluster_value"": 1, ""component_size_histogram"": {""2817"": 1}, ""largest_component_size"": 2817, ""num_1_cell_components"": 0, ""num_2_cell_components"": 0, ""num_components"": 1, ""smallest_component_size"": 2817, ""tiny_component_pixel_fraction"": 0.0, ""tiny_component_pixels"": 0}}"
stld,architexture:stld,feature_cluster_coarse_to_fine_global_pooled_init_coarse_only,benchmark,142,143,2,0.4631009361122385,0.12595159081716417,0.5,0.2944311397443249,0.6317707324801521,0.1366729736328125,0.8633270263671875,2,2,0.0,0.0,ok,direct_foreground,False,"cluster_a->foreground,cluster_b->background",cluster_a,cluster_b,0.4631009361122385,0.12595159081716417,0.1609452911405669,0.12595159081716417,best_foreground_cluster_iou,1,fpn_2,fpn_2,fpn_2,72x72,29419,36117,29419,36117,29419,36117,0.0,0.0,0.0,0.0,coarsest_pooled_direct,pooled_avg_pool_coarse_only,False,False,0.2944311397443249,0.0050840654684921735,3,3,24x24,"{""cluster_0"": {""cluster_value"": 0, ""component_size_histogram"": {""2322"": 1}, ""largest_component_size"": 2322, ""num_1_cell_components"": 0, ""num_2_cell_components"": 0, ""num_components"": 1, ""smallest_component_size"": 2322, ""tiny_component_pixel_fraction"": 0.0, ""tiny_component_pixels"": 0}, ""cluster_1"": {""cluster_value"": 1, ""component_size_histogram"": {""2862"": 1}, ""largest_component_size"": 2862, ""num_1_cell_components"": 0, ""num_2_cell_components"": 0, ""num_components"": 1, ""smallest_component_size"": 2862, ""tiny_component_pixel_fraction"": 0.0, ""tiny_component_pixels"": 0}}"
stld,architexture:stld,feature_cluster_coarse_to_fine_global_pooled_init_coarse_only,benchmark,143,144,2,0.4666107294535451,0.14177368886348238,0.5,0.2675992949030492,0.6656221640040411,0.119720458984375,0.880279541015625,2,2,0.0,0.0,ok,direct_foreground,False,"cluster_a->foreground,cluster_b->background",cluster_a,cluster_b,0.4666107294535451,0.14177368886348238,0.15274623088716766,0.14177368886348238,best_foreground_cluster_iou,1,fpn_2,fpn_2,fpn_2,72x72,25952,39584,25952,39584,25952,39584,0.0,0.0,0.0,0.0,coarsest_pooled_direct,pooled_avg_pool_coarse_only,False,False,0.2675992949030492,0.015218647659410518,3,3,24x24,"{""cluster_0"": {""cluster_value"": 0, ""component_size_histogram"": {""18"": 1, ""2016"": 1, ""9"": 2}, ""largest_component_size"": 2016, ""num_1_cell_components"": 0, ""num_2_cell_components"": 0, ""num_components"": 4, ""smallest_component_size"": 9, ""tiny_component_pixel_fraction"": 0.0, ""tiny_component_pixels"": 0}, ""cluster_1"": {""cluster_value"": 1, ""component_size_histogram"": {""3132"": 1}, ""largest_component_size"": 3132, ""num_1_cell_components"": 0, ""num_2_cell_components"": 0, ""num_components"": 1, ""smallest_component_size"": 3132, ""tiny_component_pixel_fraction"": 0.0, ""tiny_component_pixels"": 0}}"
stld,architexture:stld,feature_cluster_coarse_to_fine_global_pooled_init_coarse_only,benchmark,144,145,2,0.8639197767187052,0.7620132188914414,0.5,0.8121375214587296,0.9157020319786808,0.271209716796875,0.728790283203125,2,2,0.0,0.0,ok,direct_foreground,False,"cluster_a->foreground,cluster_b->background",cluster_a,cluster_b,0.8639197767187052,0.7620132188914414,0.031136742383948535,0.7620132188914414,best_foreground_cluster_iou,1,fpn_2,fpn_2,fpn_2,72x72,21283,44253,21283,44253,21283,44253,0.0,0.0,0.0,0.0,coarsest_pooled_direct,pooled_avg_pool_coarse_only,False,False,0.8121375214587296,0.0043719740272357786,3,3,24x24,"{""cluster_0"": {""cluster_value"": 0, ""component_size_histogram"": {""1683"": 1}, ""largest_component_size"": 1683, ""num_1_cell_components"": 0, ""num_2_cell_components"": 0, ""num_components"": 1, ""smallest_component_size"": 1683, ""tiny_component_pixel_fraction"": 0.0, ""tiny_component_pixels"": 0}, ""cluster_1"": {""cluster_value"": 1, ""component_size_histogram"": {""3501"": 1}, ""largest_component_size"": 3501, ""num_1_cell_components"": 0, ""num_2_cell_components"": 0, ""num_components"": 1, ""smallest_component_size"": 3501, ""tiny_component_pixel_fraction"": 0.0, ""tiny_component_pixels"": 0}}"
stld,architexture:stld,feature_cluster_coarse_to_fine_global_pooled_init_coarse_only,benchmark,145,146,2,0.45271764668186143,0.11798803979963181,0.5,0.27515862727706897,0.6302766660866539,0.123260498046875,0.876739501953125,2,2,0.0,0.0,ok,direct_foreground,False,"cluster_a->foreground,cluster_b->background",cluster_a,cluster_b,0.45271764668186143,0.11798803979963181,0.16218293422856933,0.11798803979963181,best_foreground_cluster_iou,1,fpn_2,fpn_2,fpn_2,72x72,29302,36234,29302,36234,29302,36234,0.0,0.0,0.0,0.0,coarsest_pooled_direct,pooled_avg_pool_coarse_only,False,False,0.27515862727706897,0.0002708803611738149,3,3,24x24,"{""cluster_0"": {""cluster_value"": 0, ""component_size_histogram"": {""2313"": 1, ""9"": 1}, ""largest_component_size"": 2313, ""num_1_cell_components"": 0, ""num_2_cell_components"": 0, ""num_components"": 2, ""smallest_component_size"": 9, ""tiny_component_pixel_fraction"": 0.0, ""tiny_component_pixels"": 0}, ""cluster_1"": {""cluster_value"": 1, ""component_size_histogram"": {""18"": 1, ""27"": 1, ""2763"": 1, ""9"": 6}, ""largest_component_size"": 2763, ""num_1_cell_components"": 0, ""num_2_cell_components"": 0, ""num_components"": 9, ""smallest_component_size"": 9, ""tiny_component_pixel_fraction"": 0.0, ""tiny_component_pixels"": 0}}"
stld,architexture:stld,feature_cluster_coarse_to_fine_global_pooled_init_coarse_only,benchmark,146,147,2,0.26794171044493836,-0.006224792490480004,0.5,0.10598784039237726,0.4298955804974995,0.0963287353515625,0.9036712646484375,2,2,0.0,0.0,ok,direct_foreground,False,"cluster_b->foreground,cluster_a->background",cluster_b,cluster_a,0.29213538768925146,-0.006224792490480004,0.26794171044493836,-0.006224792490480004,best_foreground_cluster_iou,1,fpn_2,fpn_2,fpn_2,72x72,28554,36982,28554,36982,28554,36982,0.0,0.0,0.0,0.0,coarsest_pooled_direct,pooled_avg_pool_coarse_only,False,False,0.0661712992691802,0.10598784039237726,3,3,24x24,"{""cluster_0"": {""cluster_value"": 0, ""component_size_histogram"": {""2268"": 1}, ""largest_component_size"": 2268, ""num_1_cell_components"": 0, ""num_2_cell_components"": 0, ""num_components"": 1, ""smallest_component_size"": 2268, ""tiny_component_pixel_fraction"": 0.0, ""tiny_component_pixels"": 0}, ""cluster_1"": {""cluster_value"": 1, ""component_size_histogram"": {""2916"": 1}, ""largest_component_size"": 2916, ""num_1_cell_components"": 0, ""num_2_cell_components"": 0, ""num_components"": 1, ""smallest_component_size"": 2916, ""tiny_component_pixel_fraction"": 0.0, ""tiny_component_pixels"": 0}}"
stld,architexture:stld,feature_cluster_coarse_to_fine_global_pooled_init_coarse_only,benchmark,147,148,2,0.8971610069916025,0.8562310716961159,0.5,0.825965250965251,0.968356763017954,0.1339111328125,0.8660888671875,2,2,0.0,0.0,ok,direct_foreground,False,"cluster_a->foreground,cluster_b->background",cluster_a,cluster_b,0.8971610069916025,0.8562310716961159,0.013837702015928944,0.8562310716961159,best_foreground_cluster_iou,1,fpn_2,fpn_2,fpn_2,72x72,10141,55395,10141,55395,10141,55395,0.0,0.0,0.0,0.0,coarsest_pooled_direct,pooled_avg_pool_coarse_only,False,False,0.825965250965251,0.0034244433324993745,3,3,24x24,"{""cluster_0"": {""cluster_value"": 0, ""component_size_histogram"": {""801"": 1}, ""largest_component_size"": 801, ""num_1_cell_components"": 0, ""num_2_cell_components"": 0, ""num_components"": 1, ""smallest_component_size"": 801, ""tiny_component_pixel_fraction"": 0.0, ""tiny_component_pixels"": 0}, ""cluster_1"": {""cluster_value"": 1, ""component_size_histogram"": {""4383"": 1}, ""largest_component_size"": 4383, ""num_1_cell_components"": 0, ""num_2_cell_components"": 0, ""num_components"": 1, ""smallest_component_size"": 4383, ""tiny_component_pixel_fraction"": 0.0, ""tiny_component_pixels"": 0}}"
stld,architexture:stld,feature_cluster_coarse_to_fine_global_pooled_init_coarse_only,benchmark,148,149,2,0.32242526432946744,0.007278017983301295,0.5,0.09520292833290521,0.5496476003260297,0.088104248046875,0.911895751953125,2,2,0.0,0.0,ok,direct_foreground,False,"cluster_a->foreground,cluster_b->background",cluster_a,cluster_b,0.32242526432946744,0.007278017983301295,0.23719290227333156,0.007278017983301295,best_foreground_cluster_iou,1,fpn_2,fpn_2,fpn_2,72x72,28335,37201,28335,37201,28335,37201,0.0,0.0,0.0,0.0,coarsest_pooled_direct,pooled_avg_pool_coarse_only,False,False,0.09520292833290521,0.0699347707015884,3,3,24x24,"{""cluster_0"": {""cluster_value"": 0, ""component_size_histogram"": {""2250"": 1}, ""largest_component_size"": 2250, ""num_1_cell_components"": 0, ""num_2_cell_components"": 0, ""num_components"": 1, ""smallest_component_size"": 2250, ""tiny_component_pixel_fraction"": 0.0, ""tiny_component_pixels"": 0}, ""cluster_1"": {""cluster_value"": 1, ""component_size_histogram"": {""27"": 1, ""2907"": 1}, ""largest_component_size"": 2907, ""num_1_cell_components"": 0, ""num_2_cell_components"": 0, ""num_components"": 2, ""smallest_component_size"": 27, ""tiny_component_pixel_fraction"": 0.0, ""tiny_component_pixels"": 0}}"
stld,architexture:stld,feature_cluster_coarse_to_fine_global_pooled_init_coarse_only,benchmark,149,150,2,0.33573954217234175,0.014168471438640048,0.5,0.13603556963181776,0.5354435147128658,0.109130859375,0.890869140625,2,2,0.0,0.0,ok,direct_foreground,False,"cluster_a->foreground,cluster_b->background",cluster_a,cluster_b,0.33573954217234175,0.014168471438640048,0.2380204566092959,0.014168471438640048,best_foreground_cluster_iou,1,fpn_2,fpn_2,fpn_2,72x72,30152,35384,30152,35384,30152,35384,0.0,0.0,0.0,0.0,coarsest_pooled_direct,pooled_avg_pool_coarse_only,False,False,0.13603556963181776,0.06737597550877017,3,3,24x24,"{""cluster_0"": {""cluster_value"": 0, ""component_size_histogram"": {""2394"": 1}, ""largest_component_size"": 2394, ""num_1_cell_components"": 0, ""num_2_cell_components"": 0, ""num_components"": 1, ""smallest_component_size"": 2394, ""tiny_component_pixel_fraction"": 0.0, ""tiny_component_pixels"": 0}, ""cluster_1"": {""cluster_value"": 1, ""component_size_histogram"": {""2790"": 1}, ""largest_component_size"": 2790, ""num_1_cell_components"": 0, ""num_2_cell_components"": 0, ""num_components"": 1, ""smallest_component_size"": 2790, ""tiny_component_pixel_fraction"": 0.0, ""tiny_component_pixels"": 0}}"
stld,architexture:stld,feature_cluster_coarse_to_fine_global_pooled_init_coarse_only,benchmark,150,151,2,0.6128830000822072,0.3242391627747305,0.5,0.4931287135931178,0.7326372865712967,0.215179443359375,0.784820556640625,2,2,0.0,0.0,ok,direct_foreground,False,"cluster_b->foreground,cluster_a->background",cluster_b,cluster_a,0.10810369667875441,0.3242391627747305,0.6128830000822072,0.3242391627747305,best_foreground_cluster_iou,1,fpn_2,fpn_2,fpn_2,72x72,38677,26859,38677,26859,38677,26859,0.0,0.0,0.0,0.0,coarsest_pooled_direct,pooled_avg_pool_coarse_only,False,False,0.010995115410401303,0.4931287135931178,3,3,24x24,"{""cluster_0"": {""cluster_value"": 0, ""component_size_histogram"": {""3051"": 1}, ""largest_component_size"": 3051, ""num_1_cell_components"": 0, ""num_2_cell_components"": 0, ""num_components"": 1, ""smallest_component_size"": 3051, ""tiny_component_pixel_fraction"": 0.0, ""tiny_component_pixels"": 0}, ""cluster_1"": {""cluster_value"": 1, ""component_size_histogram"": {""2133"": 1}, ""largest_component_size"": 2133, ""num_1_cell_components"": 0, ""num_2_cell_components"": 0, ""num_components"": 1, ""smallest_component_size"": 2133, ""tiny_component_pixel_fraction"": 0.0, ""tiny_component_pixels"": 0}}"
stld,architexture:stld,feature_cluster_coarse_to_fine_global_pooled_init_coarse_only,benchmark,151,152,2,0.8737981131010863,0.8211230463713332,0.5,0.7874743326488707,0.9601218935533021,0.1310882568359375,0.8689117431640625,2,2,0.0,0.0,ok,direct_foreground,False,"cluster_a->foreground,cluster_b->background",cluster_a,cluster_b,0.8737981131010863,0.8211230463713332,0.017449617356394807,0.8211230463713332,best_foreground_cluster_iou,1,fpn_2,fpn_2,fpn_2,72x72,10560,54976,10560,54976,10560,54976,0.0,0.0,0.0,0.0,coarsest_pooled_direct,pooled_avg_pool_coarse_only,False,False,0.7874743326488707,0.0024285241196600068,3,3,24x24,"{""cluster_0"": {""cluster_value"": 0, ""component_size_histogram"": {""18"": 1, ""819"": 1}, ""largest_component_size"": 819, ""num_1_cell_components"": 0, ""num_2_cell_components"": 0, ""num_components"": 2, ""smallest_component_size"": 18, ""tiny_component_pixel_fraction"": 0.0, ""tiny_component_pixels"": 0}, ""cluster_1"": {""cluster_value"": 1, ""component_size_histogram"": {""4347"": 1}, ""largest_component_size"": 4347, ""num_1_cell_components"": 0, ""num_2_cell_components"": 0, ""num_components"": 1, ""smallest_component_size"": 4347, ""tiny_component_pixel_fraction"": 0.0, ""tiny_component_pixels"": 0}}"
stld,architexture:stld,feature_cluster_coarse_to_fine_global_pooled_init_coarse_only,benchmark,152,153,2,0.38245964183940917,0.04204344265782652,0.5,0.18242691491099133,0.5824923687678271,0.134124755859375,0.865875244140625,2,2,0.0,0.0,ok,direct_foreground,False,"cluster_a->foreground,cluster_b->background",cluster_a,cluster_b,0.38245964183940917,0.04204344265782652,0.211734650785812,0.04204344265782652,best_foreground_cluster_iou,1,fpn_2,fpn_2,fpn_2,72x72,27410,38126,27410,38126,27410,38126,0.0,0.0,0.0,0.0,coarsest_pooled_direct,pooled_avg_pool_coarse_only,False,False,0.18242691491099133,0.07332250463270115,3,3,24x24,"{""cluster_0"": {""cluster_value"": 0, ""component_size_histogram"": {""2178"": 1}, ""largest_component_size"": 2178, ""num_1_cell_components"": 0, ""num_2_cell_components"": 0, ""num_components"": 1, ""smallest_component_size"": 2178, ""tiny_component_pixel_fraction"": 0.0, ""tiny_component_pixels"": 0}, ""cluster_1"": {""cluster_value"": 1, ""component_size_histogram"": {""3006"": 1}, ""largest_component_size"": 3006, ""num_1_cell_components"": 0, ""num_2_cell_components"": 0, ""num_components"": 1, ""smallest_component_size"": 3006, ""tiny_component_pixel_fraction"": 0.0, ""tiny_component_pixels"": 0}}"
stld,architexture:stld,feature_cluster_coarse_to_fine_global_pooled_init_coarse_only,benchmark,153,154,2,0.2714240915269632,-0.008164789643293396,0.5166093502140982,0.07382233812350884,0.4690258449304175,0.07382233812350884,0.9593963623046875,1,2,0.0,0.0,ok,direct_foreground,False,"cluster_b->foreground,cluster_a->background",cluster_b,cluster_a,0.25470733642578125,-0.008164789643293396,0.2714240915269632,-0.008164789643293396,best_foreground_cluster_iou,1,fpn_2,fpn_2,fpn_2,72x72,29490,36046,29490,36046,29490,36046,0.0,0.0,0.0,0.0,coarsest_pooled_direct,pooled_avg_pool_coarse_only,False,False,0.0,0.07382233812350884,3,3,24x24,"{""cluster_0"": {""cluster_value"": 0, ""component_size_histogram"": {""2340"": 1}, ""largest_component_size"": 2340, ""num_1_cell_components"": 0, ""num_2_cell_components"": 0, ""num_components"": 1, ""smallest_component_size"": 2340, ""tiny_component_pixel_fraction"": 0.0, ""tiny_component_pixels"": 0}, ""cluster_1"": {""cluster_value"": 1, ""component_size_histogram"": {""2844"": 1}, ""largest_component_size"": 2844, ""num_1_cell_components"": 0, ""num_2_cell_components"": 0, ""num_components"": 1, ""smallest_component_size"": 2844, ""tiny_component_pixel_fraction"": 0.0, ""tiny_component_pixels"": 0}}"
stld,architexture:stld,feature_cluster_coarse_to_fine_global_pooled_init_coarse_only,benchmark,154,155,2,0.29848687908590055,-0.00106055756487912,0.5,0.1184864208434533,0.47848733732834775,0.09307861328125,0.90692138671875,2,2,0.0,0.0,ok,direct_foreground,False,"cluster_b->foreground,cluster_a->background",cluster_b,cluster_a,0.26192700239274924,-0.00106055756487912,0.29848687908590055,-0.00106055756487912,best_foreground_cluster_iou,1,fpn_2,fpn_2,fpn_2,72x72,31111,34425,31111,34425,31111,34425,0.0,0.0,0.0,0.0,coarsest_pooled_direct,pooled_avg_pool_coarse_only,False,False,0.05103943057281663,0.1184864208434533,3,3,24x24,"{""cluster_0"": {""cluster_value"": 0, ""component_size_histogram"": {""2448"": 1}, ""largest_component_size"": 2448, ""num_1_cell_components"": 0, ""num_2_cell_components"": 0, ""num_components"": 1, ""smallest_component_size"": 2448, ""tiny_component_pixel_fraction"": 0.0, ""tiny_component_pixels"": 0}, ""cluster_1"": {""cluster_value"": 1, ""component_size_histogram"": {""18"": 1, ""2718"": 1}, ""largest_component_size"": 2718, ""num_1_cell_components"": 0, ""num_2_cell_components"": 0, ""num_components"": 2, ""smallest_component_size"": 18, ""tiny_component_pixel_fraction"": 0.0, ""tiny_component_pixels"": 0}}"
stld,architexture:stld,feature_cluster_coarse_to_fine_global_pooled_init_coarse_only,benchmark,155,156,2,0.5553072689767529,0.1994835285625086,0.5,0.48411794842602607,0.6264965895274796,0.3171234130859375,0.6828765869140625,2,2,0.0,0.0,ok,direct_foreground,False,"cluster_a->foreground,cluster_b->background",cluster_a,cluster_b,0.5553072689767529,0.1994835285625086,0.1530461211036083,0.1994835285625086,best_foreground_cluster_iou,1,fpn_2,fpn_2,fpn_2,72x72,31360,34176,31360,34176,31360,34176,0.0,0.0,0.0,0.0,coarsest_pooled_direct,pooled_avg_pool_coarse_only,False,False,0.48411794842602607,0.07373253882973528,3,3,24x24,"{""cluster_0"": {""cluster_value"": 0, ""component_size_histogram"": {""2484"": 1}, ""largest_component_size"": 2484, ""num_1_cell_components"": 0, ""num_2_cell_components"": 0, ""num_components"": 1, ""smallest_component_size"": 2484, ""tiny_component_pixel_fraction"": 0.0, ""tiny_component_pixels"": 0}, ""cluster_1"": {""cluster_value"": 1, ""component_size_histogram"": {""2700"": 1}, ""largest_component_size"": 2700, ""num_1_cell_components"": 0, ""num_2_cell_components"": 0, ""num_components"": 1, ""smallest_component_size"": 2700, ""tiny_component_pixel_fraction"": 0.0, ""tiny_component_pixels"": 0}}"
stld,architexture:stld,feature_cluster_coarse_to_fine_global_pooled_init_coarse_only,benchmark,156,157,2,0.6904706960696433,0.5239449087795549,0.5,0.49567099567099565,0.885270396468291,0.10357666015625,0.89642333984375,2,2,0.0,0.0,ok,direct_foreground,False,"cluster_a->foreground,cluster_b->background",cluster_a,cluster_b,0.6904706960696433,0.5239449087795549,0.05179099658061503,0.5239449087795549,best_foreground_cluster_iou,1,fpn_2,fpn_2,fpn_2,72x72,13251,52285,13251,52285,13251,52285,0.0,0.0,0.0,0.0,coarsest_pooled_direct,pooled_avg_pool_coarse_only,False,False,0.49567099567099565,0.0024946543121881683,3,3,24x24,"{""cluster_0"": {""cluster_value"": 0, ""component_size_histogram"": {""36"": 1, ""828"": 1, ""9"": 1, ""90"": 1, ""99"": 1}, ""largest_component_size"": 828, ""num_1_cell_components"": 0, ""num_2_cell_components"": 0, ""num_components"": 5, ""smallest_component_size"": 9, ""tiny_component_pixel_fraction"": 0.0, ""tiny_component_pixels"": 0}, ""cluster_1"": {""cluster_value"": 1, ""component_size_histogram"": {""3627"": 1, ""495"": 1}, ""largest_component_size"": 3627, ""num_1_cell_components"": 0, ""num_2_cell_components"": 0, ""num_components"": 2, ""smallest_component_size"": 495, ""tiny_component_pixel_fraction"": 0.0, ""tiny_component_pixels"": 0}}"
stld,architexture:stld,feature_cluster_coarse_to_fine_global_pooled_init_coarse_only,benchmark,157,158,2,0.44059637716218814,0.0414206736812783,0.5,0.4427851981607182,0.438407556163658,0.349395751953125,0.650604248046875,2,2,0.0,0.0,ok,direct_foreground,False,"cluster_b->foreground,cluster_a->background",cluster_b,cluster_a,0.21242067503917123,0.0414206736812783,0.44059637716218814,0.0414206736812783,best_foreground_cluster_iou,1,fpn_2,fpn_2,fpn_2,72x72,22542,42994,22542,42994,22542,42994,0.0,0.0,0.0,0.0,coarsest_pooled_direct,pooled_avg_pool_coarse_only,False,False,0.06257599850341408,0.4427851981607182,3,3,24x24,"{""cluster_0"": {""cluster_value"": 0, ""component_size_histogram"": {""1782"": 1, ""9"": 1}, ""largest_component_size"": 1782, ""num_1_cell_components"": 0, ""num_2_cell_components"": 0, ""num_components"": 2, ""smallest_component_size"": 9, ""tiny_component_pixel_fraction"": 0.0, ""tiny_component_pixels"": 0}, ""cluster_1"": {""cluster_value"": 1, ""component_size_histogram"": {""3393"": 1}, ""largest_component_size"": 3393, ""num_1_cell_components"": 0, ""num_2_cell_components"": 0, ""num_components"": 1, ""smallest_component_size"": 3393, ""tiny_component_pixel_fraction"": 0.0, ""tiny_component_pixels"": 0}}"
stld,architexture:stld,feature_cluster_coarse_to_fine_global_pooled_init_coarse_only,benchmark,158,159,2,0.5151760076704262,0.15687273587893982,0.5,0.4143360265175057,0.6160159888233467,0.227294921875,0.772705078125,2,2,0.0,0.0,ok,direct_foreground,False,"cluster_a->foreground,cluster_b->background",cluster_a,cluster_b,0.5151760076704262,0.15687273587893982,0.1557450319328317,0.15687273587893982,best_foreground_cluster_iou,1,fpn_2,fpn_2,fpn_2,72x72,32893,32643,32893,32643,32893,32643,0.0,0.0,0.0,0.0,coarsest_pooled_direct,pooled_avg_pool_coarse_only,False,False,0.4143360265175057,0.019209742083485196,3,3,24x24,"{""cluster_0"": {""cluster_value"": 0, ""component_size_histogram"": {""2610"": 1}, ""largest_component_size"": 2610, ""num_1_cell_components"": 0, ""num_2_cell_components"": 0, ""num_components"": 1, ""smallest_component_size"": 2610, ""tiny_component_pixel_fraction"": 0.0, ""tiny_component_pixels"": 0}, ""cluster_1"": {""cluster_value"": 1, ""component_size_histogram"": {""2565"": 1, ""9"": 1}, ""largest_component_size"": 2565, ""num_1_cell_components"": 0, ""num_2_cell_components"": 0, ""num_components"": 2, ""smallest_component_size"": 9, ""tiny_component_pixel_fraction"": 0.0, ""tiny_component_pixels"": 0}}"
stld,architexture:stld,feature_cluster_coarse_to_fine_global_pooled_init_coarse_only,benchmark,159,160,2,0.9009901133478151,0.8144348267087999,0.5,0.8756551670186967,0.9263250596769335,0.3530120849609375,0.6469879150390625,2,2,0.0,0.0,ok,direct_foreground,False,"cluster_b->foreground,cluster_a->background",cluster_b,cluster_a,0.02468782056336632,0.8144348267087999,0.9009901133478151,0.8144348267087999,best_foreground_cluster_iou,1,fpn_2,fpn_2,fpn_2,72x72,40718,24818,40718,24818,40718,24818,0.0,0.0,0.0,0.0,coarsest_pooled_direct,pooled_avg_pool_coarse_only,False,False,0.011853260438950955,0.8756551670186967,3,3,24x24,"{""cluster_0"": {""cluster_value"": 0, ""component_size_histogram"": {""3222"": 1}, ""largest_component_size"": 3222, ""num_1_cell_components"": 0, ""num_2_cell_components"": 0, ""num_components"": 1, ""smallest_component_size"": 3222, ""tiny_component_pixel_fraction"": 0.0, ""tiny_component_pixels"": 0}, ""cluster_1"": {""cluster_value"": 1, ""component_size_histogram"": {""1962"": 1}, ""largest_component_size"": 1962, ""num_1_cell_components"": 0, ""num_2_cell_components"": 0, ""num_components"": 1, ""smallest_component_size"": 1962, ""tiny_component_pixel_fraction"": 0.0, ""tiny_component_pixels"": 0}}"
stld,architexture:stld,feature_cluster_coarse_to_fine_global_pooled_init_coarse_only,benchmark,160,161,2,0.3969920150656221,0.058854627793811135,0.5,0.18848723659414082,0.6054967935371034,0.12030029296875,0.87969970703125,2,2,0.0,0.0,ok,direct_foreground,False,"cluster_a->foreground,cluster_b->background",cluster_a,cluster_b,0.3969920150656221,0.058854627793811135,0.1955816711434336,0.058854627793811135,best_foreground_cluster_iou,1,fpn_2,fpn_2,fpn_2,72x72,26802,38734,26802,38734,26802,38734,0.0,0.0,0.0,0.0,coarsest_pooled_direct,pooled_avg_pool_coarse_only,False,False,0.18848723659414082,0.0538713688255906,3,3,24x24,"{""cluster_0"": {""cluster_value"": 0, ""component_size_histogram"": {""2124"": 1}, ""largest_component_size"": 2124, ""num_1_cell_components"": 0, ""num_2_cell_components"": 0, ""num_components"": 1, ""smallest_component_size"": 2124, ""tiny_component_pixel_fraction"": 0.0, ""tiny_component_pixels"": 0}, ""cluster_1"": {""cluster_value"": 1, ""component_size_histogram"": {""3060"": 1}, ""largest_component_size"": 3060, ""num_1_cell_components"": 0, ""num_2_cell_components"": 0, ""num_components"": 1, ""smallest_component_size"": 3060, ""tiny_component_pixel_fraction"": 0.0, ""tiny_component_pixels"": 0}}"
stld,architexture:stld,feature_cluster_coarse_to_fine_global_pooled_init_coarse_only,benchmark,161,162,2,0.5353895842810145,0.18265595529607473,0.5,0.4403114186851211,0.6304677498769079,0.239044189453125,0.760955810546875,2,2,0.0,0.0,ok,direct_foreground,False,"cluster_a->foreground,cluster_b->background",cluster_a,cluster_b,0.5353895842810145,0.18265595529607473,0.1476442681127449,0.18265595529607473,best_foreground_cluster_iou,1,fpn_2,fpn_2,fpn_2,72x72,32619,32917,32619,32917,32619,32917,0.0,0.0,0.0,0.0,coarsest_pooled_direct,pooled_avg_pool_coarse_only,False,False,0.4403114186851211,0.01898150090188347,3,3,24x24,"{""cluster_0"": {""cluster_value"": 0, ""component_size_histogram"": {""2592"": 1}, ""largest_component_size"": 2592, ""num_1_cell_components"": 0, ""num_2_cell_components"": 0, ""num_components"": 1, ""smallest_component_size"": 2592, ""tiny_component_pixel_fraction"": 0.0, ""tiny_component_pixels"": 0}, ""cluster_1"": {""cluster_value"": 1, ""component_size_histogram"": {""2592"": 1}, ""largest_component_size"": 2592, ""num_1_cell_components"": 0, ""num_2_cell_components"": 0, ""num_components"": 1, ""smallest_component_size"": 2592, ""tiny_component_pixel_fraction"": 0.0, ""tiny_component_pixels"": 0}}"
stld,architexture:stld,feature_cluster_coarse_to_fine_global_pooled_init_coarse_only,benchmark,162,163,2,0.8265578655838555,0.7083862428177745,0.5,0.7497452099470037,0.9033705212207072,0.22674560546875,0.77325439453125,2,2,0.0,0.0,ok,direct_foreground,False,"cluster_a->foreground,cluster_b->background",cluster_a,cluster_b,0.8265578655838555,0.7083862428177745,0.03763758396395009,0.7083862428177745,best_foreground_cluster_iou,1,fpn_2,fpn_2,fpn_2,72x72,19477,46059,19477,46059,19477,46059,0.0,0.0,0.0,0.0,coarsest_pooled_direct,pooled_avg_pool_coarse_only,False,False,0.7497452099470037,0.002418877114460607,3,3,24x24,"{""cluster_0"": {""cluster_value"": 0, ""component_size_histogram"": {""1539"": 1}, ""largest_component_size"": 1539, ""num_1_cell_components"": 0, ""num_2_cell_components"": 0, ""num_components"": 1, ""smallest_component_size"": 1539, ""tiny_component_pixel_fraction"": 0.0, ""tiny_component_pixels"": 0}, ""cluster_1"": {""cluster_value"": 1, ""component_size_histogram"": {""3645"": 1}, ""largest_component_size"": 3645, ""num_1_cell_components"": 0, ""num_2_cell_components"": 0, ""num_components"": 1, ""smallest_component_size"": 3645, ""tiny_component_pixel_fraction"": 0.0, ""tiny_component_pixels"": 0}}"
stld,architexture:stld,feature_cluster_coarse_to_fine_global_pooled_init_coarse_only,benchmark,163,164,2,0.3092709432811945,-0.0057156843988238355,0.5,0.1930324971354738,0.4255093894269152,0.1861724853515625,0.8138275146484375,2,2,0.0,0.0,ok,direct_foreground,False,"cluster_b->foreground,cluster_a->background",cluster_b,cluster_a,0.29356035116095125,-0.0057156843988238355,0.3092709432811945,-0.0057156843988238355,best_foreground_cluster_iou,1,fpn_2,fpn_2,fpn_2,72x72,28800,36736,28800,36736,28800,36736,0.0,0.0,0.0,0.0,coarsest_pooled_direct,pooled_avg_pool_coarse_only,False,False,0.11664578680756033,0.1930324971354738,3,3,24x24,"{""cluster_0"": {""cluster_value"": 0, ""component_size_histogram"": {""2205"": 1, ""45"": 1, ""9"": 2}, ""largest_component_size"": 2205, ""num_1_cell_components"": 0, ""num_2_cell_components"": 0, ""num_components"": 4, ""smallest_component_size"": 9, ""tiny_component_pixel_fraction"": 0.0, ""tiny_component_pixels"": 0}, ""cluster_1"": {""cluster_value"": 1, ""component_size_histogram"": {""2916"": 1}, ""largest_component_size"": 2916, ""num_1_cell_components"": 0, ""num_2_cell_components"": 0, ""num_components"": 1, ""smallest_component_size"": 2916, ""tiny_component_pixel_fraction"": 0.0, ""tiny_component_pixels"": 0}}"
stld,architexture:stld,feature_cluster_coarse_to_fine_global_pooled_init_coarse_only,benchmark,164,165,2,0.8604465255864393,0.7781171788839724,0.5,0.7870545810158304,0.9338384701570481,0.197998046875,0.802001953125,2,2,0.0,0.0,ok,direct_foreground,False,"cluster_a->foreground,cluster_b->background",cluster_a,cluster_b,0.8604465255864393,0.7781171788839724,0.02666101939318369,0.7781171788839724,best_foreground_cluster_iou,1,fpn_2,fpn_2,fpn_2,72x72,16262,49274,16262,49274,16262,49274,0.0,0.0,0.0,0.0,coarsest_pooled_direct,pooled_avg_pool_coarse_only,False,False,0.7870545810158304,0.0015928947241395956,3,3,24x24,"{""cluster_0"": {""cluster_value"": 0, ""component_size_histogram"": {""1287"": 1}, ""largest_component_size"": 1287, ""num_1_cell_components"": 0, ""num_2_cell_components"": 0, ""num_components"": 1, ""smallest_component_size"": 1287, ""tiny_component_pixel_fraction"": 0.0, ""tiny_component_pixels"": 0}, ""cluster_1"": {""cluster_value"": 1, ""component_size_histogram"": {""3897"": 1}, ""largest_component_size"": 3897, ""num_1_cell_components"": 0, ""num_2_cell_components"": 0, ""num_components"": 1, ""smallest_component_size"": 3897, ""tiny_component_pixel_fraction"": 0.0, ""tiny_component_pixels"": 0}}"
stld,architexture:stld,feature_cluster_coarse_to_fine_global_pooled_init_coarse_only,benchmark,165,166,2,0.28817640521513976,-0.023199706584501826,0.5,0.20599032951289398,0.3703624809173856,0.185821533203125,0.814178466796875,2,2,0.0,0.0,ok,direct_foreground,False,"cluster_b->foreground,cluster_a->background",cluster_b,cluster_a,0.30473627903012995,-0.023199706584501826,0.28817640521513976,-0.023199706584501826,best_foreground_cluster_iou,1,fpn_2,fpn_2,fpn_2,72x72,23840,41696,23840,41696,23840,41696,0.0,0.0,0.0,0.0,coarsest_pooled_direct,pooled_avg_pool_coarse_only,False,False,0.0900671872162702,0.20599032951289398,3,3,24x24,"{""cluster_0"": {""cluster_value"": 0, ""component_size_histogram"": {""1890"": 1}, ""largest_component_size"": 1890, ""num_1_cell_components"": 0, ""num_2_cell_components"": 0, ""num_components"": 1, ""smallest_component_size"": 1890, ""tiny_component_pixel_fraction"": 0.0, ""tiny_component_pixels"": 0}, ""cluster_1"": {""cluster_value"": 1, ""component_size_histogram"": {""3294"": 1}, ""largest_component_size"": 3294, ""num_1_cell_components"": 0, ""num_2_cell_components"": 0, ""num_components"": 1, ""smallest_component_size"": 3294, ""tiny_component_pixel_fraction"": 0.0, ""tiny_component_pixels"": 0}}"
stld,architexture:stld,feature_cluster_coarse_to_fine_global_pooled_init_coarse_only,benchmark,166,167,2,0.3745320273486288,0.029987725039594983,0.5,0.12459249822010716,0.6244715564771504,0.1050872802734375,0.8949127197265625,2,2,0.0,0.0,ok,direct_foreground,False,"cluster_a->foreground,cluster_b->background",cluster_a,cluster_b,0.3745320273486288,0.029987725039594983,0.1986852870285975,0.029987725039594983,best_foreground_cluster_iou,1,fpn_2,fpn_2,fpn_2,72x72,23125,42411,23125,42411,23125,42411,0.0,0.0,0.0,0.0,coarsest_pooled_direct,pooled_avg_pool_coarse_only,False,False,0.12459249822010716,0.07788175616582123,3,3,24x24,"{""cluster_0"": {""cluster_value"": 0, ""component_size_histogram"": {""1836"": 1}, ""largest_component_size"": 1836, ""num_1_cell_components"": 0, ""num_2_cell_components"": 0, ""num_components"": 1, ""smallest_component_size"": 1836, ""tiny_component_pixel_fraction"": 0.0, ""tiny_component_pixels"": 0}, ""cluster_1"": {""cluster_value"": 1, ""component_size_histogram"": {""3348"": 1}, ""largest_component_size"": 3348, ""num_1_cell_components"": 0, ""num_2_cell_components"": 0, ""num_components"": 1, ""smallest_component_size"": 3348, ""tiny_component_pixel_fraction"": 0.0, ""tiny_component_pixels"": 0}}"
stld,architexture:stld,feature_cluster_coarse_to_fine_global_pooled_init_coarse_only,benchmark,167,168,2,0.4247981898117661,0.06882760622222706,0.5,0.28010962495159225,0.5694867546719399,0.1491851806640625,0.8508148193359375,2,2,0.0,0.0,ok,direct_foreground,False,"cluster_a->foreground,cluster_b->background",cluster_a,cluster_b,0.4247981898117661,0.06882760622222706,0.1870400736595054,0.06882760622222706,best_foreground_cluster_iou,1,fpn_2,fpn_2,fpn_2,72x72,33195,32341,33195,32341,33195,32341,0.0,0.0,0.0,0.0,coarsest_pooled_direct,pooled_avg_pool_coarse_only,False,False,0.28010962495159225,0.008959371406669222,3,3,24x24,"{""cluster_0"": {""cluster_value"": 0, ""component_size_histogram"": {""2619"": 1}, ""largest_component_size"": 2619, ""num_1_cell_components"": 0, ""num_2_cell_components"": 0, ""num_components"": 1, ""smallest_component_size"": 2619, ""tiny_component_pixel_fraction"": 0.0, ""tiny_component_pixels"": 0}, ""cluster_1"": {""cluster_value"": 1, ""component_size_histogram"": {""2565"": 1}, ""largest_component_size"": 2565, ""num_1_cell_components"": 0, ""num_2_cell_components"": 0, ""num_components"": 1, ""smallest_component_size"": 2565, ""tiny_component_pixel_fraction"": 0.0, ""tiny_component_pixels"": 0}}"
stld,architexture:stld,feature_cluster_coarse_to_fine_global_pooled_init_coarse_only,benchmark,168,169,2,0.4891027607658883,0.14721776769666298,0.5915340770690874,0.34446036605223734,0.6337451554795392,0.34446036605223734,0.8386077880859375,1,2,0.0,0.0,ok,direct_foreground,False,"cluster_a->foreground,cluster_b->background",cluster_a,cluster_b,0.4891027607658883,0.14721776769666298,0.15357208251953125,0.14721776769666298,best_foreground_cluster_iou,1,fpn_2,fpn_2,fpn_2,72x72,30706,34830,30706,34830,30706,34830,0.0,0.0,0.0,0.0,coarsest_pooled_direct,pooled_avg_pool_coarse_only,False,False,0.34446036605223734,0.0,3,3,24x24,"{""cluster_0"": {""cluster_value"": 0, ""component_size_histogram"": {""2421"": 1}, ""largest_component_size"": 2421, ""num_1_cell_components"": 0, ""num_2_cell_components"": 0, ""num_components"": 1, ""smallest_component_size"": 2421, ""tiny_component_pixel_fraction"": 0.0, ""tiny_component_pixels"": 0}, ""cluster_1"": {""cluster_value"": 1, ""component_size_histogram"": {""2763"": 1}, ""largest_component_size"": 2763, ""num_1_cell_components"": 0, ""num_2_cell_components"": 0, ""num_components"": 1, ""smallest_component_size"": 2763, ""tiny_component_pixel_fraction"": 0.0, ""tiny_component_pixels"": 0}}"
stld,architexture:stld,feature_cluster_coarse_to_fine_global_pooled_init_coarse_only,benchmark,169,170,2,0.2652652762136588,-6.733328964109565e-06,0.5,0.08288556684577326,0.44764498558154436,0.0894012451171875,0.9105987548828125,2,2,0.0,0.0,ok,direct_foreground,False,"cluster_b->foreground,cluster_a->background",cluster_b,cluster_a,0.2932710867447018,-6.733328964109565e-06,0.2652652762136588,-6.733328964109565e-06,best_foreground_cluster_iou,1,fpn_2,fpn_2,fpn_2,72x72,30685,34851,30685,34851,30685,34851,0.0,0.0,0.0,0.0,coarsest_pooled_direct,pooled_avg_pool_coarse_only,False,False,0.0811514452235141,0.08288556684577326,3,3,24x24,"{""cluster_0"": {""cluster_value"": 0, ""component_size_histogram"": {""2412"": 1, ""9"": 1}, ""largest_component_size"": 2412, ""num_1_cell_components"": 0, ""num_2_cell_components"": 0, ""num_components"": 2, ""smallest_component_size"": 9, ""tiny_component_pixel_fraction"": 0.0, ""tiny_component_pixels"": 0}, ""cluster_1"": {""cluster_value"": 1, ""component_size_histogram"": {""2763"": 1}, ""largest_component_size"": 2763, ""num_1_cell_components"": 0, ""num_2_cell_components"": 0, ""num_components"": 1, ""smallest_component_size"": 2763, ""tiny_component_pixel_fraction"": 0.0, ""tiny_component_pixels"": 0}}"
stld,architexture:stld,feature_cluster_coarse_to_fine_global_pooled_init_coarse_only,benchmark,170,171,2,0.3626399202009012,0.021269715958625705,0.5,0.1486473127492009,0.5766325276526014,0.1392059326171875,0.8607940673828125,2,2,0.0,0.0,ok,direct_foreground,False,"cluster_a->foreground,cluster_b->background",cluster_a,cluster_b,0.3626399202009012,0.021269715958625705,0.22622430896859722,0.021269715958625705,best_foreground_cluster_iou,1,fpn_2,fpn_2,fpn_2,72x72,25735,39801,25735,39801,25735,39801,0.0,0.0,0.0,0.0,coarsest_pooled_direct,pooled_avg_pool_coarse_only,False,False,0.1486473127492009,0.10408015887344287,3,3,24x24,"{""cluster_0"": {""cluster_value"": 0, ""component_size_histogram"": {""2043"": 1}, ""largest_component_size"": 2043, ""num_1_cell_components"": 0, ""num_2_cell_components"": 0, ""num_components"": 1, ""smallest_component_size"": 2043, ""tiny_component_pixel_fraction"": 0.0, ""tiny_component_pixels"": 0}, ""cluster_1"": {""cluster_value"": 1, ""component_size_histogram"": {""3141"": 1}, ""largest_component_size"": 3141, ""num_1_cell_components"": 0, ""num_2_cell_components"": 0, ""num_components"": 1, ""smallest_component_size"": 3141, ""tiny_component_pixel_fraction"": 0.0, ""tiny_component_pixels"": 0}}"
stld,architexture:stld,feature_cluster_coarse_to_fine_global_pooled_init_coarse_only,benchmark,171,172,2,0.8703672340032443,0.8075121308874152,0.5,0.7899127210936897,0.950821746912799,0.157379150390625,0.842620849609375,2,2,0.0,0.0,ok,direct_foreground,False,"cluster_a->foreground,cluster_b->background",cluster_a,cluster_b,0.8703672340032443,0.8075121308874152,0.02080643956734872,0.8075121308874152,best_foreground_cluster_iou,1,fpn_2,fpn_2,fpn_2,72x72,12860,52676,12860,52676,12860,52676,0.0,0.0,0.0,0.0,coarsest_pooled_direct,pooled_avg_pool_coarse_only,False,False,0.7899127210936897,0.0013830818879862646,3,3,24x24,"{""cluster_0"": {""cluster_value"": 0, ""component_size_histogram"": {""1008"": 1, ""9"": 1}, ""largest_component_size"": 1008, ""num_1_cell_components"": 0, ""num_2_cell_components"": 0, ""num_components"": 2, ""smallest_component_size"": 9, ""tiny_component_pixel_fraction"": 0.0, ""tiny_component_pixels"": 0}, ""cluster_1"": {""cluster_value"": 1, ""component_size_histogram"": {""4167"": 1}, ""largest_component_size"": 4167, ""num_1_cell_components"": 0, ""num_2_cell_components"": 0, ""num_components"": 1, ""smallest_component_size"": 4167, ""tiny_component_pixel_fraction"": 0.0, ""tiny_component_pixels"": 0}}"
stld,architexture:stld,feature_cluster_coarse_to_fine_global_pooled_init_coarse_only,benchmark,172,173,2,0.3193498582537911,-0.00015968091892078272,0.5,0.1450791696973088,0.4936205468102734,0.0834503173828125,0.9165496826171875,2,2,0.0,0.0,ok,direct_foreground,False,"cluster_a->foreground,cluster_b->background",cluster_a,cluster_b,0.3193498582537911,-0.00015968091892078272,0.2360101560673117,-0.00015968091892078272,best_foreground_cluster_iou,1,fpn_2,fpn_2,fpn_2,72x72,35463,30073,35463,30073,35463,30073,0.0,0.0,0.0,0.0,coarsest_pooled_direct,pooled_avg_pool_coarse_only,False,False,0.1450791696973088,0.008026319521256984,3,3,24x24,"{""cluster_0"": {""cluster_value"": 0, ""component_size_histogram"": {""2799"": 1}, ""largest_component_size"": 2799, ""num_1_cell_components"": 0, ""num_2_cell_components"": 0, ""num_components"": 1, ""smallest_component_size"": 2799, ""tiny_component_pixel_fraction"": 0.0, ""tiny_component_pixels"": 0}, ""cluster_1"": {""cluster_value"": 1, ""component_size_histogram"": {""2385"": 1}, ""largest_component_size"": 2385, ""num_1_cell_components"": 0, ""num_2_cell_components"": 0, ""num_components"": 1, ""smallest_component_size"": 2385, ""tiny_component_pixel_fraction"": 0.0, ""tiny_component_pixels"": 0}}"
stld,architexture:stld,feature_cluster_coarse_to_fine_global_pooled_init_coarse_only,benchmark,173,174,2,0.3768412112297401,0.033491125578675146,0.5,0.21263387077792162,0.5410485516815586,0.12188720703125,0.87811279296875,2,2,0.0,0.0,ok,direct_foreground,False,"cluster_b->foreground,cluster_a->background",cluster_b,cluster_a,0.2103188524905109,0.033491125578675146,0.3768412112297401,0.033491125578675146,best_foreground_cluster_iou,1,fpn_2,fpn_2,fpn_2,72x72,32309,33227,32309,33227,32309,33227,0.0,0.0,0.0,0.0,coarsest_pooled_direct,pooled_avg_pool_coarse_only,False,False,0.019248280048563333,0.21263387077792162,3,3,24x24,"{""cluster_0"": {""cluster_value"": 0, ""component_size_histogram"": {""2565"": 1}, ""largest_component_size"": 2565, ""num_1_cell_components"": 0, ""num_2_cell_components"": 0, ""num_components"": 1, ""smallest_component_size"": 2565, ""tiny_component_pixel_fraction"": 0.0, ""tiny_component_pixels"": 0}, ""cluster_1"": {""cluster_value"": 1, ""component_size_histogram"": {""2619"": 1}, ""largest_component_size"": 2619, ""num_1_cell_components"": 0, ""num_2_cell_components"": 0, ""num_components"": 1, ""smallest_component_size"": 2619, ""tiny_component_pixel_fraction"": 0.0, ""tiny_component_pixels"": 0}}"
stld,architexture:stld,feature_cluster_coarse_to_fine_global_pooled_init_coarse_only,benchmark,174,175,2,0.35417053678071964,0.02362379983624871,0.5,0.12957378367511058,0.5787672898863286,0.10296630859375,0.89703369140625,2,2,0.0,0.0,ok,direct_foreground,False,"cluster_a->foreground,cluster_b->background",cluster_a,cluster_b,0.35417053678071964,0.02362379983624871,0.21825294476108298,0.02362379983624871,best_foreground_cluster_iou,1,fpn_2,fpn_2,fpn_2,72x72,26963,38573,26963,38573,26963,38573,0.0,0.0,0.0,0.0,coarsest_pooled_direct,pooled_avg_pool_coarse_only,False,False,0.12957378367511058,0.06788407163053722,3,3,24x24,"{""cluster_0"": {""cluster_value"": 0, ""component_size_histogram"": {""2124"": 1}, ""largest_component_size"": 2124, ""num_1_cell_components"": 0, ""num_2_cell_components"": 0, ""num_components"": 1, ""smallest_component_size"": 2124, ""tiny_component_pixel_fraction"": 0.0, ""tiny_component_pixels"": 0}, ""cluster_1"": {""cluster_value"": 1, ""component_size_histogram"": {""3060"": 1}, ""largest_component_size"": 3060, ""num_1_cell_components"": 0, ""num_2_cell_components"": 0, ""num_components"": 1, ""smallest_component_size"": 3060, ""tiny_component_pixel_fraction"": 0.0, ""tiny_component_pixels"": 0}}"
stld,architexture:stld,feature_cluster_coarse_to_fine_global_pooled_init_coarse_only,benchmark,175,176,2,0.3691390359202885,-6.700020131968301e-05,0.5,0.2739838408949658,0.4642942309456113,0.1931304931640625,0.8068695068359375,2,2,0.0,0.0,ok,direct_foreground,False,"cluster_b->foreground,cluster_a->background",cluster_b,cluster_a,0.2372565085696084,-6.700020131968301e-05,0.3691390359202885,-6.700020131968301e-05,best_foreground_cluster_iou,1,fpn_2,fpn_2,fpn_2,72x72,26947,38589,26947,38589,26947,38589,0.0,0.0,0.0,0.0,coarsest_pooled_direct,pooled_avg_pool_coarse_only,False,False,0.04308891698272229,0.2739838408949658,3,3,24x24,"{""cluster_0"": {""cluster_value"": 0, ""component_size_histogram"": {""2142"": 1}, ""largest_component_size"": 2142, ""num_1_cell_components"": 0, ""num_2_cell_components"": 0, ""num_components"": 1, ""smallest_component_size"": 2142, ""tiny_component_pixel_fraction"": 0.0, ""tiny_component_pixels"": 0}, ""cluster_1"": {""cluster_value"": 1, ""component_size_histogram"": {""3042"": 1}, ""largest_component_size"": 3042, ""num_1_cell_components"": 0, ""num_2_cell_components"": 0, ""num_components"": 1, ""smallest_component_size"": 3042, ""tiny_component_pixel_fraction"": 0.0, ""tiny_component_pixels"": 0}}"
stld,architexture:stld,feature_cluster_coarse_to_fine_global_pooled_init_coarse_only,benchmark,176,177,2,0.3464922069376753,0.0051158371046660855,0.5,0.08652044527719607,0.6064639685981545,0.0931854248046875,0.9068145751953125,2,2,0.0,0.0,ok,direct_foreground,False,"cluster_a->foreground,cluster_b->background",cluster_a,cluster_b,0.3464922069376753,0.0051158371046660855,0.21308272088729377,0.0051158371046660855,best_foreground_cluster_iou,1,fpn_2,fpn_2,fpn_2,72x72,23467,42069,23467,42069,23467,42069,0.0,0.0,0.0,0.0,coarsest_pooled_direct,pooled_avg_pool_coarse_only,False,False,0.08652044527719607,0.08445885107149288,3,3,24x24,"{""cluster_0"": {""cluster_value"": 0, ""component_size_histogram"": {""1854"": 1, ""9"": 1}, ""largest_component_size"": 1854, ""num_1_cell_components"": 0, ""num_2_cell_components"": 0, ""num_components"": 2, ""smallest_component_size"": 9, ""tiny_component_pixel_fraction"": 0.0, ""tiny_component_pixels"": 0}, ""cluster_1"": {""cluster_value"": 1, ""component_size_histogram"": {""18"": 1, ""3285"": 1, ""9"": 2}, ""largest_component_size"": 3285, ""num_1_cell_components"": 0, ""num_2_cell_components"": 0, ""num_components"": 4, ""smallest_component_size"": 9, ""tiny_component_pixel_fraction"": 0.0, ""tiny_component_pixels"": 0}}"
stld,architexture:stld,feature_cluster_coarse_to_fine_global_pooled_init_coarse_only,benchmark,177,178,2,0.33217053256685236,-0.013527075792399893,0.5,0.20153501429417672,0.46280605083952797,0.126617431640625,0.873382568359375,2,2,0.0,0.0,ok,direct_foreground,False,"cluster_a->foreground,cluster_b->background",cluster_a,cluster_b,0.33217053256685236,-0.013527075792399893,0.24136686097012475,-0.013527075792399893,best_foreground_cluster_iou,1,fpn_2,fpn_2,fpn_2,72x72,38354,27182,38354,27182,38354,27182,0.0,0.0,0.0,0.0,coarsest_pooled_direct,pooled_avg_pool_coarse_only,False,False,0.20153501429417672,0.013511583397606193,3,3,24x24,"{""cluster_0"": {""cluster_value"": 0, ""component_size_histogram"": {""1962"": 1, ""216"": 1, ""432"": 2}, ""largest_component_size"": 1962, ""num_1_cell_components"": 0, ""num_2_cell_components"": 0, ""num_components"": 4, ""smallest_component_size"": 216, ""tiny_component_pixel_fraction"": 0.0, ""tiny_component_pixels"": 0}, ""cluster_1"": {""cluster_value"": 1, ""component_size_histogram"": {""108"": 1, ""117"": 1, ""135"": 1, ""198"": 1, ""216"": 4, ""432"": 1, ""54"": 2, ""81"": 1, ""99"": 1}, ""largest_component_size"": 432, ""num_1_cell_components"": 0, ""num_2_cell_components"": 0, ""num_components"": 13, ""smallest_component_size"": 54, ""tiny_component_pixel_fraction"": 0.0, ""tiny_component_pixels"": 0}}"
stld,architexture:stld,feature_cluster_coarse_to_fine_global_pooled_init_coarse_only,benchmark,178,179,2,0.3059330797344419,0.0006923096970526073,0.5,0.12289515042658285,0.48897100904230095,0.0875091552734375,0.9124908447265625,2,2,0.0,0.0,ok,direct_foreground,False,"cluster_a->foreground,cluster_b->background",cluster_a,cluster_b,0.3059330797344419,0.0006923096970526073,0.25193934120074324,0.0006923096970526073,best_foreground_cluster_iou,1,fpn_2,fpn_2,fpn_2,72x72,34276,31260,34276,31260,34276,31260,0.0,0.0,0.0,0.0,coarsest_pooled_direct,pooled_avg_pool_coarse_only,False,False,0.12289515042658285,0.038048205617441565,3,3,24x24,"{""cluster_0"": {""cluster_value"": 0, ""component_size_histogram"": {""2709"": 1}, ""largest_component_size"": 2709, ""num_1_cell_components"": 0, ""num_2_cell_components"": 0, ""num_components"": 1, ""smallest_component_size"": 2709, ""tiny_component_pixel_fraction"": 0.0, ""tiny_component_pixels"": 0}, ""cluster_1"": {""cluster_value"": 1, ""component_size_histogram"": {""2475"": 1}, ""largest_component_size"": 2475, ""num_1_cell_components"": 0, ""num_2_cell_components"": 0, ""num_components"": 1, ""smallest_component_size"": 2475, ""tiny_component_pixel_fraction"": 0.0, ""tiny_component_pixels"": 0}}"
stld,architexture:stld,feature_cluster_coarse_to_fine_global_pooled_init_coarse_only,benchmark,179,180,2,0.5273070342356108,0.23448555677498806,0.5,0.3207207997193967,0.7338932687518249,0.1138763427734375,0.8861236572265625,2,2,0.0,0.0,ok,direct_foreground,False,"cluster_a->foreground,cluster_b->background",cluster_a,cluster_b,0.5273070342356108,0.23448555677498806,0.11881241159230539,0.23448555677498806,best_foreground_cluster_iou,1,fpn_2,fpn_2,fpn_2,72x72,22660,42876,22660,42876,22660,42876,0.0,0.0,0.0,0.0,coarsest_pooled_direct,pooled_avg_pool_coarse_only,False,False,0.3207207997193967,0.002948735829132713,3,3,24x24,"{""cluster_0"": {""cluster_value"": 0, ""component_size_histogram"": {""1782"": 1, ""9"": 1}, ""largest_component_size"": 1782, ""num_1_cell_components"": 0, ""num_2_cell_components"": 0, ""num_components"": 2, ""smallest_component_size"": 9, ""tiny_component_pixel_fraction"": 0.0, ""tiny_component_pixels"": 0}, ""cluster_1"": {""cluster_value"": 1, ""component_size_histogram"": {""18"": 2, ""3357"": 1}, ""largest_component_size"": 3357, ""num_1_cell_components"": 0, ""num_2_cell_components"": 0, ""num_components"": 3, ""smallest_component_size"": 18, ""tiny_component_pixel_fraction"": 0.0, ""tiny_component_pixels"": 0}}"
stld,architexture:stld,feature_cluster_coarse_to_fine_global_pooled_init_coarse_only,benchmark,180,181,2,0.26620495741959316,-0.0010937964600241307,0.5,0.15764214200422522,0.37476777283496104,0.1741943359375,0.8258056640625,2,2,0.0,0.0,ok,direct_foreground,False,"cluster_a->foreground,cluster_b->background",cluster_a,cluster_b,0.26620495741959316,-0.0010937964600241307,0.3315624143193408,-0.0010937964600241307,best_foreground_cluster_iou,1,fpn_2,fpn_2,fpn_2,72x72,38997,26539,38997,26539,38997,26539,0.0,0.0,0.0,0.0,coarsest_pooled_direct,pooled_avg_pool_coarse_only,False,False,0.15764214200422522,0.1362411687223087,3,3,24x24,"{""cluster_0"": {""cluster_value"": 0, ""component_size_histogram"": {""3078"": 1}, ""largest_component_size"": 3078, ""num_1_cell_components"": 0, ""num_2_cell_components"": 0, ""num_components"": 1, ""smallest_component_size"": 3078, ""tiny_component_pixel_fraction"": 0.0, ""tiny_component_pixels"": 0}, ""cluster_1"": {""cluster_value"": 1, ""component_size_histogram"": {""2106"": 1}, ""largest_component_size"": 2106, ""num_1_cell_components"": 0, ""num_2_cell_components"": 0, ""num_components"": 1, ""smallest_component_size"": 2106, ""tiny_component_pixel_fraction"": 0.0, ""tiny_component_pixels"": 0}}"
stld,architexture:stld,feature_cluster_coarse_to_fine_global_pooled_init_coarse_only,benchmark,181,182,2,0.45299794119648196,0.10407431573663023,0.5,0.2699013614893026,0.6360945209036614,0.1919097900390625,0.8080902099609375,2,2,0.0,0.0,ok,direct_foreground,False,"cluster_a->foreground,cluster_b->background",cluster_a,cluster_b,0.45299794119648196,0.10407431573663023,0.18222238085411313,0.10407431573663023,best_foreground_cluster_iou,1,fpn_2,fpn_2,fpn_2,72x72,23986,41550,23986,41550,23986,41550,0.0,0.0,0.0,0.0,coarsest_pooled_direct,pooled_avg_pool_coarse_only,False,False,0.2699013614893026,0.09744327973885364,3,3,24x24,"{""cluster_0"": {""cluster_value"": 0, ""component_size_histogram"": {""1908"": 1}, ""largest_component_size"": 1908, ""num_1_cell_components"": 0, ""num_2_cell_components"": 0, ""num_components"": 1, ""smallest_component_size"": 1908, ""tiny_component_pixel_fraction"": 0.0, ""tiny_component_pixels"": 0}, ""cluster_1"": {""cluster_value"": 1, ""component_size_histogram"": {""3276"": 1}, ""largest_component_size"": 3276, ""num_1_cell_components"": 0, ""num_2_cell_components"": 0, ""num_components"": 1, ""smallest_component_size"": 3276, ""tiny_component_pixel_fraction"": 0.0, ""tiny_component_pixels"": 0}}"
stld,architexture:stld,feature_cluster_coarse_to_fine_global_pooled_init_coarse_only,benchmark,182,183,2,0.9067157210778042,0.8232858802637019,0.5,0.885029075291703,0.9284023668639053,0.3646392822265625,0.6353607177734375,2,2,0.0,0.0,ok,direct_foreground,False,"cluster_a->foreground,cluster_b->background",cluster_a,cluster_b,0.9067157210778042,0.8232858802637019,0.02343051552794872,0.8232858802637019,best_foreground_cluster_iou,1,fpn_2,fpn_2,fpn_2,72x72,25700,39836,25700,39836,25700,39836,0.0,0.0,0.0,0.0,coarsest_pooled_direct,pooled_avg_pool_coarse_only,False,False,0.885029075291703,0.00967966794461519,3,3,24x24,"{""cluster_0"": {""cluster_value"": 0, ""component_size_histogram"": {""2034"": 1}, ""largest_component_size"": 2034, ""num_1_cell_components"": 0, ""num_2_cell_components"": 0, ""num_components"": 1, ""smallest_component_size"": 2034, ""tiny_component_pixel_fraction"": 0.0, ""tiny_component_pixels"": 0}, ""cluster_1"": {""cluster_value"": 1, ""component_size_histogram"": {""3141"": 1, ""9"": 1}, ""largest_component_size"": 3141, ""num_1_cell_components"": 0, ""num_2_cell_components"": 0, ""num_components"": 2, ""smallest_component_size"": 9, ""tiny_component_pixel_fraction"": 0.0, ""tiny_component_pixels"": 0}}"
stld,architexture:stld,feature_cluster_coarse_to_fine_global_pooled_init_coarse_only,benchmark,183,184,2,0.41399497062163043,0.0761291515717268,0.5,0.18451325764719195,0.6434766835960689,0.112884521484375,0.887115478515625,2,2,0.0,0.0,ok,direct_foreground,False,"cluster_a->foreground,cluster_b->background",cluster_a,cluster_b,0.41399497062163043,0.0761291515717268,0.1786262365671836,0.0761291515717268,best_foreground_cluster_iou,1,fpn_2,fpn_2,fpn_2,72x72,24007,41529,24007,41529,24007,41529,0.0,0.0,0.0,0.0,coarsest_pooled_direct,pooled_avg_pool_coarse_only,False,False,0.18451325764719195,0.05398418819068956,3,3,24x24,"{""cluster_0"": {""cluster_value"": 0, ""component_size_histogram"": {""1908"": 1}, ""largest_component_size"": 1908, ""num_1_cell_components"": 0, ""num_2_cell_components"": 0, ""num_components"": 1, ""smallest_component_size"": 1908, ""tiny_component_pixel_fraction"": 0.0, ""tiny_component_pixels"": 0}, ""cluster_1"": {""cluster_value"": 1, ""component_size_histogram"": {""3276"": 1}, ""largest_component_size"": 3276, ""num_1_cell_components"": 0, ""num_2_cell_components"": 0, ""num_components"": 1, ""smallest_component_size"": 3276, ""tiny_component_pixel_fraction"": 0.0, ""tiny_component_pixels"": 0}}"
stld,architexture:stld,feature_cluster_coarse_to_fine_global_pooled_init_coarse_only,benchmark,184,185,2,0.45738575210851606,0.11613840305828863,0.5,0.2936683019986171,0.621103202218415,0.1408233642578125,0.8591766357421875,2,2,0.0,0.0,ok,direct_foreground,False,"cluster_a->foreground,cluster_b->background",cluster_a,cluster_b,0.45738575210851606,0.11613840305828863,0.16555873659681652,0.11613840305828863,best_foreground_cluster_iou,1,fpn_2,fpn_2,fpn_2,72x72,30061,35475,30061,35475,30061,35475,0.0,0.0,0.0,0.0,coarsest_pooled_direct,pooled_avg_pool_coarse_only,False,False,0.2936683019986171,0.006982925620579358,3,3,24x24,"{""cluster_0"": {""cluster_value"": 0, ""component_size_histogram"": {""2376"": 1, ""9"": 1}, ""largest_component_size"": 2376, ""num_1_cell_components"": 0, ""num_2_cell_components"": 0, ""num_components"": 2, ""smallest_component_size"": 9, ""tiny_component_pixel_fraction"": 0.0, ""tiny_component_pixels"": 0}, ""cluster_1"": {""cluster_value"": 1, ""component_size_histogram"": {""2781"": 1, ""9"": 2}, ""largest_component_size"": 2781, ""num_1_cell_components"": 0, ""num_2_cell_components"": 0, ""num_components"": 3, ""smallest_component_size"": 9, ""tiny_component_pixel_fraction"": 0.0, ""tiny_component_pixels"": 0}}"
stld,architexture:stld,feature_cluster_coarse_to_fine_global_pooled_init_coarse_only,benchmark,185,186,2,0.9314950459325984,0.869938236375467,0.5,0.9157822138779264,0.9472078779872704,0.3708038330078125,0.6291961669921875,2,2,0.0,0.0,ok,direct_foreground,False,"cluster_a->foreground,cluster_b->background",cluster_a,cluster_b,0.9314950459325984,0.869938236375467,0.016939736982409543,0.869938236375467,best_foreground_cluster_iou,1,fpn_2,fpn_2,fpn_2,72x72,25699,39837,25699,39837,25699,39837,0.0,0.0,0.0,0.0,coarsest_pooled_direct,pooled_avg_pool_coarse_only,False,False,0.9157822138779264,0.006275691110483542,3,3,24x24,"{""cluster_0"": {""cluster_value"": 0, ""component_size_histogram"": {""2034"": 1}, ""largest_component_size"": 2034, ""num_1_cell_components"": 0, ""num_2_cell_components"": 0, ""num_components"": 1, ""smallest_component_size"": 2034, ""tiny_component_pixel_fraction"": 0.0, ""tiny_component_pixels"": 0}, ""cluster_1"": {""cluster_value"": 1, ""component_size_histogram"": {""3150"": 1}, ""largest_component_size"": 3150, ""num_1_cell_components"": 0, ""num_2_cell_components"": 0, ""num_components"": 1, ""smallest_component_size"": 3150, ""tiny_component_pixel_fraction"": 0.0, ""tiny_component_pixels"": 0}}"
stld,architexture:stld,feature_cluster_coarse_to_fine_global_pooled_init_coarse_only,benchmark,186,187,2,0.36141569230316145,0.029977984114637472,0.5,0.17642409872940604,0.5464072858769169,0.0909271240234375,0.9090728759765625,2,2,0.0,0.0,ok,direct_foreground,False,"cluster_a->foreground,cluster_b->background",cluster_a,cluster_b,0.36141569230316145,0.029977984114637472,0.20802343717016744,0.029977984114637472,best_foreground_cluster_iou,1,fpn_2,fpn_2,fpn_2,72x72,32743,32793,32743,32793,32743,32793,0.0,0.0,0.0,0.0,coarsest_pooled_direct,pooled_avg_pool_coarse_only,False,False,0.17642409872940604,0.0040158561546234164,3,3,24x24,"{""cluster_0"": {""cluster_value"": 0, ""component_size_histogram"": {""2583"": 1}, ""largest_component_size"": 2583, ""num_1_cell_components"": 0, ""num_2_cell_components"": 0, ""num_components"": 1, ""smallest_component_size"": 2583, ""tiny_component_pixel_fraction"": 0.0, ""tiny_component_pixels"": 0}, ""cluster_1"": {""cluster_value"": 1, ""component_size_histogram"": {""2601"": 1}, ""largest_component_size"": 2601, ""num_1_cell_components"": 0, ""num_2_cell_components"": 0, ""num_components"": 1, ""smallest_component_size"": 2601, ""tiny_component_pixel_fraction"": 0.0, ""tiny_component_pixels"": 0}}"
stld,architexture:stld,feature_cluster_coarse_to_fine_global_pooled_init_coarse_only,benchmark,187,188,2,0.82233300480577,0.6493341900168862,0.5,0.8114331436699858,0.8332328659415542,0.426788330078125,0.573211669921875,2,2,0.0,0.0,ok,direct_foreground,False,"cluster_b->foreground,cluster_a->background",cluster_b,cluster_a,0.04937951038346349,0.6493341900168862,0.82233300480577,0.6493341900168862,best_foreground_cluster_iou,1,fpn_2,fpn_2,fpn_2,72x72,32381,33155,32381,33155,32381,33155,0.0,0.0,0.0,0.0,coarsest_pooled_direct,pooled_avg_pool_coarse_only,False,False,0.00985576118603795,0.8114331436699858,3,3,24x24,"{""cluster_0"": {""cluster_value"": 0, ""component_size_histogram"": {""2529"": 1, ""9"": 3}, ""largest_component_size"": 2529, ""num_1_cell_components"": 0, ""num_2_cell_components"": 0, ""num_components"": 4, ""smallest_component_size"": 9, ""tiny_component_pixel_fraction"": 0.0, ""tiny_component_pixels"": 0}, ""cluster_1"": {""cluster_value"": 1, ""component_size_histogram"": {""18"": 1, ""2601"": 1, ""9"": 1}, ""largest_component_size"": 2601, ""num_1_cell_components"": 0, ""num_2_cell_components"": 0, ""num_components"": 3, ""smallest_component_size"": 9, ""tiny_component_pixel_fraction"": 0.0, ""tiny_component_pixels"": 0}}"
stld,architexture:stld,feature_cluster_coarse_to_fine_global_pooled_init_coarse_only,benchmark,188,189,2,0.4902709425345564,0.11276451698359863,0.5,0.40945268207588315,0.5710892029932296,0.2427215576171875,0.7572784423828125,2,2,0.0,0.0,ok,direct_foreground,False,"cluster_b->foreground,cluster_a->background",cluster_b,cluster_a,0.17060393503441829,0.11276451698359863,0.4902709425345564,0.11276451698359863,best_foreground_cluster_iou,1,fpn_2,fpn_2,fpn_2,72x72,29733,35803,29733,35803,29733,35803,0.0,0.0,0.0,0.0,coarsest_pooled_direct,pooled_avg_pool_coarse_only,False,False,0.019774326890850184,0.40945268207588315,3,3,24x24,"{""cluster_0"": {""cluster_value"": 0, ""component_size_histogram"": {""2349"": 1, ""9"": 1}, ""largest_component_size"": 2349, ""num_1_cell_components"": 0, ""num_2_cell_components"": 0, ""num_components"": 2, ""smallest_component_size"": 9, ""tiny_component_pixel_fraction"": 0.0, ""tiny_component_pixels"": 0}, ""cluster_1"": {""cluster_value"": 1, ""component_size_histogram"": {""2817"": 1, ""9"": 1}, ""largest_component_size"": 2817, ""num_1_cell_components"": 0, ""num_2_cell_components"": 0, ""num_components"": 2, ""smallest_component_size"": 9, ""tiny_component_pixel_fraction"": 0.0, ""tiny_component_pixels"": 0}}"
stld,architexture:stld,feature_cluster_coarse_to_fine_global_pooled_init_coarse_only,benchmark,189,190,2,0.28153127062844713,-0.00584391304115251,0.5,0.11217813423385395,0.4508844070230403,0.0935516357421875,0.9064483642578125,2,2,0.0,0.0,ok,direct_foreground,False,"cluster_a->foreground,cluster_b->background",cluster_a,cluster_b,0.28153127062844713,-0.00584391304115251,0.27739038868861615,-0.00584391304115251,best_foreground_cluster_iou,1,fpn_2,fpn_2,fpn_2,72x72,36025,29511,36025,29511,36025,29511,0.0,0.0,0.0,0.0,coarsest_pooled_direct,pooled_avg_pool_coarse_only,False,False,0.11217813423385395,0.05565263750259159,3,3,24x24,"{""cluster_0"": {""cluster_value"": 0, ""component_size_histogram"": {""2844"": 1}, ""largest_component_size"": 2844, ""num_1_cell_components"": 0, ""num_2_cell_components"": 0, ""num_components"": 1, ""smallest_component_size"": 2844, ""tiny_component_pixel_fraction"": 0.0, ""tiny_component_pixels"": 0}, ""cluster_1"": {""cluster_value"": 1, ""component_size_histogram"": {""2340"": 1}, ""largest_component_size"": 2340, ""num_1_cell_components"": 0, ""num_2_cell_components"": 0, ""num_components"": 1, ""smallest_component_size"": 2340, ""tiny_component_pixel_fraction"": 0.0, ""tiny_component_pixels"": 0}}"
stld,architexture:stld,feature_cluster_coarse_to_fine_global_pooled_init_coarse_only,benchmark,190,191,2,0.3034847750437347,0.0010169213991812517,0.5,0.10036105321865735,0.506608496868812,0.1078643798828125,0.8921356201171875,2,2,0.0,0.0,ok,direct_foreground,False,"cluster_a->foreground,cluster_b->background",cluster_a,cluster_b,0.3034847750437347,0.0010169213991812517,0.26548273501109576,0.0010169213991812517,best_foreground_cluster_iou,1,fpn_2,fpn_2,fpn_2,72x72,30417,35119,30417,35119,30417,35119,0.0,0.0,0.0,0.0,coarsest_pooled_direct,pooled_avg_pool_coarse_only,False,False,0.10036105321865735,0.09471171311432872,3,3,24x24,"{""cluster_0"": {""cluster_value"": 0, ""component_size_histogram"": {""2394"": 1}, ""largest_component_size"": 2394, ""num_1_cell_components"": 0, ""num_2_cell_components"": 0, ""num_components"": 1, ""smallest_component_size"": 2394, ""tiny_component_pixel_fraction"": 0.0, ""tiny_component_pixels"": 0}, ""cluster_1"": {""cluster_value"": 1, ""component_size_histogram"": {""2790"": 1}, ""largest_component_size"": 2790, ""num_1_cell_components"": 0, ""num_2_cell_components"": 0, ""num_components"": 1, ""smallest_component_size"": 2790, ""tiny_component_pixel_fraction"": 0.0, ""tiny_component_pixels"": 0}}"
stld,architexture:stld,feature_cluster_coarse_to_fine_global_pooled_init_coarse_only,benchmark,191,192,2,0.4217655524053533,0.07567981357296003,0.5,0.224075416968818,0.6194556878418886,0.1555938720703125,0.8444061279296875,2,2,0.0,0.0,ok,direct_foreground,False,"cluster_a->foreground,cluster_b->background",cluster_a,cluster_b,0.4217655524053533,0.07567981357296003,0.19136477810755315,0.07567981357296003,best_foreground_cluster_iou,1,fpn_2,fpn_2,fpn_2,72x72,25251,40285,25251,40285,25251,40285,0.0,0.0,0.0,0.0,coarsest_pooled_direct,pooled_avg_pool_coarse_only,False,False,0.224075416968818,0.07927481079232052,3,3,24x24,"{""cluster_0"": {""cluster_value"": 0, ""component_size_histogram"": {""2007"": 1}, ""largest_component_size"": 2007, ""num_1_cell_components"": 0, ""num_2_cell_components"": 0, ""num_components"": 1, ""smallest_component_size"": 2007, ""tiny_component_pixel_fraction"": 0.0, ""tiny_component_pixels"": 0}, ""cluster_1"": {""cluster_value"": 1, ""component_size_histogram"": {""3168"": 1, ""9"": 1}, ""largest_component_size"": 3168, ""num_1_cell_components"": 0, ""num_2_cell_components"": 0, ""num_components"": 2, ""smallest_component_size"": 9, ""tiny_component_pixel_fraction"": 0.0, ""tiny_component_pixels"": 0}}"
stld,architexture:stld,feature_cluster_coarse_to_fine_global_pooled_init_coarse_only,benchmark,192,193,2,0.3533382390788863,0.01912853655951644,0.5,0.17991302063570824,0.5267634575220643,0.0953521728515625,0.9046478271484375,2,2,0.0,0.0,ok,direct_foreground,False,"cluster_a->foreground,cluster_b->background",cluster_a,cluster_b,0.3533382390788863,0.01912853655951644,0.21512475526075683,0.01912853655951644,best_foreground_cluster_iou,1,fpn_2,fpn_2,fpn_2,72x72,34176,31360,34176,31360,34176,31360,0.0,0.0,0.0,0.0,coarsest_pooled_direct,pooled_avg_pool_coarse_only,False,False,0.17991302063570824,0.0022652169278328535,3,3,24x24,"{""cluster_0"": {""cluster_value"": 0, ""component_size_histogram"": {""1980"": 1, ""216"": 1, ""432"": 1, ""72"": 1}, ""largest_component_size"": 1980, ""num_1_cell_components"": 0, ""num_2_cell_components"": 0, ""num_components"": 4, ""smallest_component_size"": 72, ""tiny_component_pixel_fraction"": 0.0, ""tiny_component_pixels"": 0}, ""cluster_1"": {""cluster_value"": 1, ""component_size_histogram"": {""126"": 1, ""135"": 1, ""216"": 2, ""234"": 1, ""36"": 1, ""432"": 1, ""54"": 3, ""63"": 1, ""765"": 1, ""9"": 1, ""90"": 1}, ""largest_component_size"": 765, ""num_1_cell_components"": 0, ""num_2_cell_components"": 0, ""num_components"": 14, ""smallest_component_size"": 9, ""tiny_component_pixel_fraction"": 0.0, ""tiny_component_pixels"": 0}}"
stld,architexture:stld,feature_cluster_coarse_to_fine_global_pooled_init_coarse_only,benchmark,193,194,2,0.35819206122981295,0.00732089119327312,0.5,0.25598682897625225,0.4603972934833737,0.2420196533203125,0.7579803466796875,2,2,0.0,0.0,ok,direct_foreground,False,"cluster_a->foreground,cluster_b->background",cluster_a,cluster_b,0.35819206122981295,0.00732089119327312,0.26987361114493835,0.00732089119327312,best_foreground_cluster_iou,1,fpn_2,fpn_2,fpn_2,72x72,34489,31047,34489,31047,34489,31047,0.0,0.0,0.0,0.0,coarsest_pooled_direct,pooled_avg_pool_coarse_only,False,False,0.25598682897625225,0.1355394708174974,3,3,24x24,"{""cluster_0"": {""cluster_value"": 0, ""component_size_histogram"": {""2736"": 1}, ""largest_component_size"": 2736, ""num_1_cell_components"": 0, ""num_2_cell_components"": 0, ""num_components"": 1, ""smallest_component_size"": 2736, ""tiny_component_pixel_fraction"": 0.0, ""tiny_component_pixels"": 0}, ""cluster_1"": {""cluster_value"": 1, ""component_size_histogram"": {""2448"": 1}, ""largest_component_size"": 2448, ""num_1_cell_components"": 0, ""num_2_cell_components"": 0, ""num_components"": 1, ""smallest_component_size"": 2448, ""tiny_component_pixel_fraction"": 0.0, ""tiny_component_pixels"": 0}}"
stld,architexture:stld,feature_cluster_coarse_to_fine_global_pooled_init_coarse_only,benchmark,194,195,2,0.36422160706873596,0.030825798943420975,0.5,0.16844121988755928,0.5600019942499127,0.1195220947265625,0.8804779052734375,2,2,0.0,0.0,ok,direct_foreground,False,"cluster_a->foreground,cluster_b->background",cluster_a,cluster_b,0.36422160706873596,0.030825798943420975,0.2200619611624005,0.030825798943420975,best_foreground_cluster_iou,1,fpn_2,fpn_2,fpn_2,72x72,29369,36167,29369,36167,29369,36167,0.0,0.0,0.0,0.0,coarsest_pooled_direct,pooled_avg_pool_coarse_only,False,False,0.16844121988755928,0.05947507825668192,3,3,24x24,"{""cluster_0"": {""cluster_value"": 0, ""component_size_histogram"": {""2331"": 1}, ""largest_component_size"": 2331, ""num_1_cell_components"": 0, ""num_2_cell_components"": 0, ""num_components"": 1, ""smallest_component_size"": 2331, ""tiny_component_pixel_fraction"": 0.0, ""tiny_component_pixels"": 0}, ""cluster_1"": {""cluster_value"": 1, ""component_size_histogram"": {""2853"": 1}, ""largest_component_size"": 2853, ""num_1_cell_components"": 0, ""num_2_cell_components"": 0, ""num_components"": 1, ""smallest_component_size"": 2853, ""tiny_component_pixel_fraction"": 0.0, ""tiny_component_pixels"": 0}}"
stld,architexture:stld,feature_cluster_coarse_to_fine_global_pooled_init_coarse_only,benchmark,195,196,2,0.40343557543247793,0.054725071947286194,0.5,0.2438010303998072,0.5630701204651487,0.12542724609375,0.87457275390625,2,2,0.0,0.0,ok,direct_foreground,False,"cluster_a->foreground,cluster_b->background",cluster_a,cluster_b,0.40343557543247793,0.054725071947286194,0.19246415068873057,0.054725071947286194,best_foreground_cluster_iou,1,fpn_2,fpn_2,fpn_2,72x72,33063,32473,33063,32473,33063,32473,0.0,0.0,0.0,0.0,coarsest_pooled_direct,pooled_avg_pool_coarse_only,False,False,0.2438010303998072,0.003155429557500308,3,3,24x24,"{""cluster_0"": {""cluster_value"": 0, ""component_size_histogram"": {""18"": 1, ""2583"": 1, ""9"": 1}, ""largest_component_size"": 2583, ""num_1_cell_components"": 0, ""num_2_cell_components"": 0, ""num_components"": 3, ""smallest_component_size"": 9, ""tiny_component_pixel_fraction"": 0.0, ""tiny_component_pixels"": 0}, ""cluster_1"": {""cluster_value"": 1, ""component_size_histogram"": {""2556"": 1, ""9"": 2}, ""largest_component_size"": 2556, ""num_1_cell_components"": 0, ""num_2_cell_components"": 0, ""num_components"": 3, ""smallest_component_size"": 9, ""tiny_component_pixel_fraction"": 0.0, ""tiny_component_pixels"": 0}}"
stld,architexture:stld,feature_cluster_coarse_to_fine_global_pooled_init_coarse_only,benchmark,196,197,2,0.8312647403917461,0.765233101697121,0.5,0.7072685031530036,0.9552609776304888,0.09820556640625,0.90179443359375,2,2,0.0,0.0,ok,direct_foreground,False,"cluster_a->foreground,cluster_b->background",cluster_a,cluster_b,0.8312647403917461,0.765233101697121,0.020213985935954998,0.765233101697121,best_foreground_cluster_iou,1,fpn_2,fpn_2,fpn_2,72x72,8996,56540,8996,56540,8996,56540,0.0,0.0,0.0,0.0,coarsest_pooled_direct,pooled_avg_pool_coarse_only,False,False,0.7072685031530036,0.0006832663308598033,3,3,24x24,"{""cluster_0"": {""cluster_value"": 0, ""component_size_histogram"": {""18"": 1, ""684"": 1, ""9"": 1}, ""largest_component_size"": 684, ""num_1_cell_components"": 0, ""num_2_cell_components"": 0, ""num_components"": 3, ""smallest_component_size"": 9, ""tiny_component_pixel_fraction"": 0.0, ""tiny_component_pixels"": 0}, ""cluster_1"": {""cluster_value"": 1, ""component_size_histogram"": {""4473"": 1}, ""largest_component_size"": 4473, ""num_1_cell_components"": 0, ""num_2_cell_components"": 0, ""num_components"": 1, ""smallest_component_size"": 4473, ""tiny_component_pixel_fraction"": 0.0, ""tiny_component_pixels"": 0}}"
stld,architexture:stld,feature_cluster_coarse_to_fine_global_pooled_init_coarse_only,benchmark,197,198,2,0.3045393736264461,-0.006275518559015213,0.5,0.20040274816394218,0.40867599908895,0.2022857666015625,0.7977142333984375,2,2,0.0,0.0,ok,direct_foreground,False,"cluster_a->foreground,cluster_b->background",cluster_a,cluster_b,0.3045393736264461,-0.006275518559015213,0.30392028377609853,-0.006275518559015213,best_foreground_cluster_iou,1,fpn_2,fpn_2,fpn_2,72x72,37412,28124,37412,28124,37412,28124,0.0,0.0,0.0,0.0,coarsest_pooled_direct,pooled_avg_pool_coarse_only,False,False,0.20040274816394218,0.131153814613345,3,3,24x24,"{""cluster_0"": {""cluster_value"": 0, ""component_size_histogram"": {""2952"": 1}, ""largest_component_size"": 2952, ""num_1_cell_components"": 0, ""num_2_cell_components"": 0, ""num_components"": 1, ""smallest_component_size"": 2952, ""tiny_component_pixel_fraction"": 0.0, ""tiny_component_pixels"": 0}, ""cluster_1"": {""cluster_value"": 1, ""component_size_histogram"": {""2232"": 1}, ""largest_component_size"": 2232, ""num_1_cell_components"": 0, ""num_2_cell_components"": 0, ""num_components"": 1, ""smallest_component_size"": 2232, ""tiny_component_pixel_fraction"": 0.0, ""tiny_component_pixels"": 0}}"
stld,architexture:stld,feature_cluster_coarse_to_fine_global_pooled_init_coarse_only,benchmark,198,199,2,0.29830827652926195,0.0020137518435872407,0.5,0.10103448275862069,0.49558207029990325,0.08123779296875,0.91876220703125,2,2,0.0,0.0,ok,direct_foreground,False,"cluster_b->foreground,cluster_a->background",cluster_b,cluster_a,0.256333451416997,0.0020137518435872407,0.29830827652926195,0.0020137518435872407,best_foreground_cluster_iou,1,fpn_2,fpn_2,fpn_2,72x72,32544,32992,32544,32992,32544,32992,0.0,0.0,0.0,0.0,coarsest_pooled_direct,pooled_avg_pool_coarse_only,False,False,0.050138657792567945,0.10103448275862069,3,3,24x24,"{""cluster_0"": {""cluster_value"": 0, ""component_size_histogram"": {""2565"": 1}, ""largest_component_size"": 2565, ""num_1_cell_components"": 0, ""num_2_cell_components"": 0, ""num_components"": 1, ""smallest_component_size"": 2565, ""tiny_component_pixel_fraction"": 0.0, ""tiny_component_pixels"": 0}, ""cluster_1"": {""cluster_value"": 1, ""component_size_histogram"": {""2619"": 1}, ""largest_component_size"": 2619, ""num_1_cell_components"": 0, ""num_2_cell_components"": 0, ""num_components"": 1, ""smallest_component_size"": 2619, ""tiny_component_pixel_fraction"": 0.0, ""tiny_component_pixels"": 0}}"
stld,architexture:stld,feature_cluster_coarse_to_fine_global_pooled_init_coarse_only,benchmark,199,200,2,0.25568984514548915,5.6922581051341056e-05,0.5,0.07742406085552024,0.43395562943545807,0.0829010009765625,0.9170989990234375,2,2,0.0,0.0,ok,direct_foreground,False,"cluster_b->foreground,cluster_a->background",cluster_b,cluster_a,0.2989858611518893,5.6922581051341056e-05,0.25568984514548915,5.6922581051341056e-05,best_foreground_cluster_iou,1,fpn_2,fpn_2,fpn_2,72x72,29611,35925,29611,35925,29611,35925,0.0,0.0,0.0,0.0,coarsest_pooled_direct,pooled_avg_pool_coarse_only,False,False,0.07553018445201486,0.07742406085552024,3,3,24x24,"{""cluster_0"": {""cluster_value"": 0, ""component_size_histogram"": {""2349"": 1}, ""largest_component_size"": 2349, ""num_1_cell_components"": 0, ""num_2_cell_components"": 0, ""num_components"": 1, ""smallest_component_size"": 2349, ""tiny_component_pixel_fraction"": 0.0, ""tiny_component_pixels"": 0}, ""cluster_1"": {""cluster_value"": 1, ""component_size_histogram"": {""2835"": 1}, ""largest_component_size"": 2835, ""num_1_cell_components"": 0, ""num_2_cell_components"": 0, ""num_components"": 1, ""smallest_component_size"": 2835, ""tiny_component_pixel_fraction"": 0.0, ""tiny_component_pixels"": 0}}"
