{
  "edge/AP": 0.4210902080874813,
  "edge/ODS_threshold": 0.02,
  "edge/ODS_recall": 0.4817194239678664,
  "edge/ODS_precision": 0.7011992558633978,
  "edge/ODS_f1": 0.571098093859495,
  "edge/OIS_recall": 0.4818962959581897,
  "edge/OIS_precision": 0.7435994506268488,
  "edge/OIS_f1": 0.5848046750585074
}