{
  "edge/AP": 0.4395531458180752,
  "edge/ODS_threshold": 0.0135,
  "edge/ODS_recall": 0.5152021475682954,
  "edge/ODS_precision": 0.685504435176753,
  "edge/ODS_f1": 0.5882758739661967,
  "edge/OIS_recall": 0.5109660634000502,
  "edge/OIS_precision": 0.7335604993283313,
  "edge/OIS_f1": 0.6023568027119374
}