route,dataset_id,variant,split,sample_index,crop_name,num_predicted_masks,evaluation_view,miou,ari,miou_agg,texture_a_best_iou,texture_b_best_iou,texture_a_agg_iou,texture_b_agg_iou,texture_a_overlap_mask_count,texture_b_overlap_mask_count,mask_score_mean,mask_score_median,feature_cluster_coarse_to_fine_global_pooled_init_flip_avg_coarse_only_status,label_permutation_invariant,assignment_used,assignment_source_for_texture_a,assignment_source_for_texture_b,assignment_direct_miou,assignment_direct_ari,assignment_swapped_miou,assignment_swapped_ari,evaluation_selector,num_feature_levels,coarsest_level_name,finest_level_name,feature_level_names,feature_level_resolutions,cluster_pixel_count_a,cluster_pixel_count_b,rough_mask_positive_pixels_a,rough_mask_positive_pixels_b,refined_mask_positive_pixels_a,refined_mask_positive_pixels_b,refined_score_a,refined_score_b,refined_pair_selection_score,refined_pair_overlap_iou,output_stage,coarsest_init_mode,multiscale_refinement_applied,sam_refinement_applied,evaluation_contract,eval_miou,eval_ari,foreground_cluster_a_iou,foreground_cluster_b_iou,coarsest_pool_kernel_size,coarsest_pool_stride,pooled_grid_resolution,active_coarsest_component_stats_json
stld,architexture:stld,feature_cluster_coarse_to_fine_global_pooled_init_flip_avg_coarse_only,benchmark,0,1,2,direct_foreground,0.7364963197220593,0.6077666262062434,0.5,0.558269853778128,0.9147227856659905,0.0975189208984375,0.9024810791015625,2,2,0.0,0.0,ok,False,"cluster_a->foreground,cluster_b->background",cluster_a,cluster_b,0.7364963197220593,0.6077666262062434,0.03850859468819715,0.6077666262062434,best_foreground_cluster_iou,1,fpn_2,fpn_2,fpn_2,72x72,11406,54130,11406,54130,11406,54130,0.0,0.0,0.0,0.0,coarsest_pooled_direct,pooled_avg_pool_flip_avg_coarse_only,False,False,architexture_binary_v1,0.7364963197220593,0.6077666262062434,0.558269853778128,0.0002479092982514131,3,3,24x24,"{""cluster_0"": {""cluster_value"": 0, ""component_size_histogram"": {""900"": 1}, ""largest_component_size"": 900, ""num_1_cell_components"": 0, ""num_2_cell_components"": 0, ""num_components"": 1, ""smallest_component_size"": 900, ""tiny_component_pixel_fraction"": 0.0, ""tiny_component_pixels"": 0}, ""cluster_1"": {""cluster_value"": 1, ""component_size_histogram"": {""4284"": 1}, ""largest_component_size"": 4284, ""num_1_cell_components"": 0, ""num_2_cell_components"": 0, ""num_components"": 1, ""smallest_component_size"": 4284, ""tiny_component_pixel_fraction"": 0.0, ""tiny_component_pixels"": 0}}"
stld,architexture:stld,feature_cluster_coarse_to_fine_global_pooled_init_flip_avg_coarse_only,benchmark,1,2,2,direct_foreground,0.28875242202014983,-0.02861176347288069,0.5,0.14740326503999798,0.4301015790003017,0.0931854248046875,0.9068145751953125,2,2,0.0,0.0,ok,False,"cluster_b->foreground,cluster_a->background",cluster_b,cluster_a,0.26215257104039513,-0.02861176347288069,0.28875242202014983,-0.02861176347288069,best_foreground_cluster_iou,1,fpn_2,fpn_2,fpn_2,72x72,25888,39648,25888,39648,25888,39648,0.0,0.0,0.0,0.0,coarsest_pooled_direct,pooled_avg_pool_flip_avg_coarse_only,False,False,architexture_binary_v1,0.28875242202014983,-0.02861176347288069,0.007208965560662343,0.14740326503999798,3,3,24x24,"{""cluster_0"": {""cluster_value"": 0, ""component_size_histogram"": {""2052"": 1}, ""largest_component_size"": 2052, ""num_1_cell_components"": 0, ""num_2_cell_components"": 0, ""num_components"": 1, ""smallest_component_size"": 2052, ""tiny_component_pixel_fraction"": 0.0, ""tiny_component_pixels"": 0}, ""cluster_1"": {""cluster_value"": 1, ""component_size_histogram"": {""3132"": 1}, ""largest_component_size"": 3132, ""num_1_cell_components"": 0, ""num_2_cell_components"": 0, ""num_components"": 1, ""smallest_component_size"": 3132, ""tiny_component_pixel_fraction"": 0.0, ""tiny_component_pixels"": 0}}"
stld,architexture:stld,feature_cluster_coarse_to_fine_global_pooled_init_flip_avg_coarse_only,benchmark,2,3,2,direct_foreground,0.8518195190921214,0.7490477407238392,0.5,0.7877532460971051,0.9158857920871376,0.244903564453125,0.755096435546875,2,2,0.0,0.0,ok,False,"cluster_a->foreground,cluster_b->background",cluster_a,cluster_b,0.8518195190921214,0.7490477407238392,0.03246371971698741,0.7490477407238392,best_foreground_cluster_iou,1,fpn_2,fpn_2,fpn_2,72x72,19335,46201,19335,46201,19335,46201,0.0,0.0,0.0,0.0,coarsest_pooled_direct,pooled_avg_pool_flip_avg_coarse_only,False,False,architexture_binary_v1,0.8518195190921214,0.7490477407238392,0.7877532460971051,0.007411842765361772,3,3,24x24,"{""cluster_0"": {""cluster_value"": 0, ""component_size_histogram"": {""1530"": 1}, ""largest_component_size"": 1530, ""num_1_cell_components"": 0, ""num_2_cell_components"": 0, ""num_components"": 1, ""smallest_component_size"": 1530, ""tiny_component_pixel_fraction"": 0.0, ""tiny_component_pixels"": 0}, ""cluster_1"": {""cluster_value"": 1, ""component_size_histogram"": {""3654"": 1}, ""largest_component_size"": 3654, ""num_1_cell_components"": 0, ""num_2_cell_components"": 0, ""num_components"": 1, ""smallest_component_size"": 3654, ""tiny_component_pixel_fraction"": 0.0, ""tiny_component_pixels"": 0}}"
stld,architexture:stld,feature_cluster_coarse_to_fine_global_pooled_init_flip_avg_coarse_only,benchmark,3,4,2,direct_foreground,0.8991497580452597,0.8705565093905593,0.5,0.8181818181818182,0.980117697908701,0.0838623046875,0.9161376953125,2,2,0.0,0.0,ok,False,"cluster_a->foreground,cluster_b->background",cluster_a,cluster_b,0.8991497580452597,0.8705565093905593,0.009153741132622671,0.8705565093905593,best_foreground_cluster_iou,1,fpn_2,fpn_2,fpn_2,72x72,6464,59072,6464,59072,6464,59072,0.0,0.0,0.0,0.0,coarsest_pooled_direct,pooled_avg_pool_flip_avg_coarse_only,False,False,architexture_binary_v1,0.8991497580452597,0.8705565093905593,0.8181818181818182,0.0017687032612405747,3,3,24x24,"{""cluster_0"": {""cluster_value"": 0, ""component_size_histogram"": {""513"": 1}, ""largest_component_size"": 513, ""num_1_cell_components"": 0, ""num_2_cell_components"": 0, ""num_components"": 1, ""smallest_component_size"": 513, ""tiny_component_pixel_fraction"": 0.0, ""tiny_component_pixels"": 0}, ""cluster_1"": {""cluster_value"": 1, ""component_size_histogram"": {""4671"": 1}, ""largest_component_size"": 4671, ""num_1_cell_components"": 0, ""num_2_cell_components"": 0, ""num_components"": 1, ""smallest_component_size"": 4671, ""tiny_component_pixel_fraction"": 0.0, ""tiny_component_pixels"": 0}}"
stld,architexture:stld,feature_cluster_coarse_to_fine_global_pooled_init_flip_avg_coarse_only,benchmark,4,5,2,direct_foreground,0.9209065477889642,0.882001582376924,0.5,0.8733591885441527,0.9684539070337755,0.1831817626953125,0.8168182373046875,2,2,0.0,0.0,ok,False,"cluster_a->foreground,cluster_b->background",cluster_a,cluster_b,0.9209065477889642,0.882001582376924,0.013052348953389392,0.882001582376924,best_foreground_cluster_iou,1,fpn_2,fpn_2,fpn_2,72x72,13113,52423,13113,52423,13113,52423,0.0,0.0,0.0,0.0,coarsest_pooled_direct,pooled_avg_pool_flip_avg_coarse_only,False,False,architexture_binary_v1,0.9209065477889642,0.882001582376924,0.8733591885441527,0.004599816007359705,3,3,24x24,"{""cluster_0"": {""cluster_value"": 0, ""component_size_histogram"": {""1035"": 1}, ""largest_component_size"": 1035, ""num_1_cell_components"": 0, ""num_2_cell_components"": 0, ""num_components"": 1, ""smallest_component_size"": 1035, ""tiny_component_pixel_fraction"": 0.0, ""tiny_component_pixels"": 0}, ""cluster_1"": {""cluster_value"": 1, ""component_size_histogram"": {""4149"": 1}, ""largest_component_size"": 4149, ""num_1_cell_components"": 0, ""num_2_cell_components"": 0, ""num_components"": 1, ""smallest_component_size"": 4149, ""tiny_component_pixel_fraction"": 0.0, ""tiny_component_pixels"": 0}}"
stld,architexture:stld,feature_cluster_coarse_to_fine_global_pooled_init_flip_avg_coarse_only,benchmark,5,6,2,direct_foreground,0.75563607456078,0.5546450901464658,0.5,0.6860249270750464,0.8252472220465136,0.2787628173828125,0.7212371826171875,2,2,0.0,0.0,ok,False,"cluster_a->foreground,cluster_b->background",cluster_a,cluster_b,0.75563607456078,0.5546450901464658,0.06355701907320371,0.5546450901464658,best_foreground_cluster_iou,1,fpn_2,fpn_2,fpn_2,72x72,26237,39299,26237,39299,26237,39299,0.0,0.0,0.0,0.0,coarsest_pooled_direct,pooled_avg_pool_flip_avg_coarse_only,False,False,architexture_binary_v1,0.75563607456078,0.5546450901464658,0.6860249270750464,0.002787068004459309,3,3,24x24,"{""cluster_0"": {""cluster_value"": 0, ""component_size_histogram"": {""2070"": 1}, ""largest_component_size"": 2070, ""num_1_cell_components"": 0, ""num_2_cell_components"": 0, ""num_components"": 1, ""smallest_component_size"": 2070, ""tiny_component_pixel_fraction"": 0.0, ""tiny_component_pixels"": 0}, ""cluster_1"": {""cluster_value"": 1, ""component_size_histogram"": {""3114"": 1}, ""largest_component_size"": 3114, ""num_1_cell_components"": 0, ""num_2_cell_components"": 0, ""num_components"": 1, ""smallest_component_size"": 3114, ""tiny_component_pixel_fraction"": 0.0, ""tiny_component_pixels"": 0}}"
stld,architexture:stld,feature_cluster_coarse_to_fine_global_pooled_init_flip_avg_coarse_only,benchmark,6,7,2,direct_foreground,0.5219061349726561,0.23730555329370617,0.5,0.28250288524261125,0.7613093847027009,0.0860443115234375,0.9139556884765625,2,2,0.0,0.0,ok,False,"cluster_a->foreground,cluster_b->background",cluster_a,cluster_b,0.5219061349726561,0.23730555329370617,0.10912683381414769,0.23730555329370617,best_foreground_cluster_iou,1,fpn_2,fpn_2,fpn_2,72x72,19920,45616,19920,45616,19920,45616,0.0,0.0,0.0,0.0,coarsest_pooled_direct,pooled_avg_pool_flip_avg_coarse_only,False,False,architexture_binary_v1,0.5219061349726561,0.23730555329370617,0.28250288524261125,0.00017562346329469617,3,3,24x24,"{""cluster_0"": {""cluster_value"": 0, ""component_size_histogram"": {""1575"": 1}, ""largest_component_size"": 1575, ""num_1_cell_components"": 0, ""num_2_cell_components"": 0, ""num_components"": 1, ""smallest_component_size"": 1575, ""tiny_component_pixel_fraction"": 0.0, ""tiny_component_pixels"": 0}, ""cluster_1"": {""cluster_value"": 1, ""component_size_histogram"": {""18"": 2, ""3537"": 1, ""9"": 4}, ""largest_component_size"": 3537, ""num_1_cell_components"": 0, ""num_2_cell_components"": 0, ""num_components"": 7, ""smallest_component_size"": 9, ""tiny_component_pixel_fraction"": 0.0, ""tiny_component_pixels"": 0}}"
stld,architexture:stld,feature_cluster_coarse_to_fine_global_pooled_init_flip_avg_coarse_only,benchmark,7,8,2,direct_foreground,0.8445183946277044,0.7857162802681128,0.5,0.7293676921330458,0.959669097122363,0.098876953125,0.901123046875,2,2,0.0,0.0,ok,False,"cluster_a->foreground,cluster_b->background",cluster_a,cluster_b,0.8445183946277044,0.7857162802681128,0.018218863002491915,0.7857162802681128,best_foreground_cluster_iou,1,fpn_2,fpn_2,fpn_2,72x72,8754,56782,8754,56782,8754,56782,0.0,0.0,0.0,0.0,coarsest_pooled_direct,pooled_avg_pool_flip_avg_coarse_only,False,False,architexture_binary_v1,0.8445183946277044,0.7857162802681128,0.7293676921330458,0.0008701567864318826,3,3,24x24,"{""cluster_0"": {""cluster_value"": 0, ""component_size_histogram"": {""693"": 1}, ""largest_component_size"": 693, ""num_1_cell_components"": 0, ""num_2_cell_components"": 0, ""num_components"": 1, ""smallest_component_size"": 693, ""tiny_component_pixel_fraction"": 0.0, ""tiny_component_pixels"": 0}, ""cluster_1"": {""cluster_value"": 1, ""component_size_histogram"": {""4491"": 1}, ""largest_component_size"": 4491, ""num_1_cell_components"": 0, ""num_2_cell_components"": 0, ""num_components"": 1, ""smallest_component_size"": 4491, ""tiny_component_pixel_fraction"": 0.0, ""tiny_component_pixels"": 0}}"
stld,architexture:stld,feature_cluster_coarse_to_fine_global_pooled_init_flip_avg_coarse_only,benchmark,8,9,2,direct_foreground,0.89256865962857,0.8105925186534798,0.5,0.8530035010134512,0.9321338182436887,0.287017822265625,0.712982177734375,2,2,0.0,0.0,ok,False,"cluster_b->foreground,cluster_a->background",cluster_b,cluster_a,0.02454811500682682,0.8105925186534798,0.89256865962857,0.8105925186534798,best_foreground_cluster_iou,1,fpn_2,fpn_2,fpn_2,72x72,44121,21415,44121,21415,44121,21415,0.0,0.0,0.0,0.0,coarsest_pooled_direct,pooled_avg_pool_flip_avg_coarse_only,False,False,architexture_binary_v1,0.89256865962857,0.8105925186534798,0.004677671700884447,0.8530035010134512,3,3,24x24,"{""cluster_0"": {""cluster_value"": 0, ""component_size_histogram"": {""3492"": 1}, ""largest_component_size"": 3492, ""num_1_cell_components"": 0, ""num_2_cell_components"": 0, ""num_components"": 1, ""smallest_component_size"": 3492, ""tiny_component_pixel_fraction"": 0.0, ""tiny_component_pixels"": 0}, ""cluster_1"": {""cluster_value"": 1, ""component_size_histogram"": {""1674"": 1, ""9"": 2}, ""largest_component_size"": 1674, ""num_1_cell_components"": 0, ""num_2_cell_components"": 0, ""num_components"": 3, ""smallest_component_size"": 9, ""tiny_component_pixel_fraction"": 0.0, ""tiny_component_pixels"": 0}}"
stld,architexture:stld,feature_cluster_coarse_to_fine_global_pooled_init_flip_avg_coarse_only,benchmark,9,10,2,direct_foreground,0.30203228019746237,-0.04726421939751912,0.5,0.19771180030257185,0.4063527600923529,0.128326416015625,0.871673583984375,2,2,0.0,0.0,ok,False,"cluster_b->foreground,cluster_a->background",cluster_b,cluster_a,0.2594992136459763,-0.04726421939751912,0.30203228019746237,-0.04726421939751912,best_foreground_cluster_iou,1,fpn_2,fpn_2,fpn_2,72x72,23278,42258,23278,42258,23278,42258,0.0,0.0,0.0,0.0,coarsest_pooled_direct,pooled_avg_pool_flip_avg_coarse_only,False,False,architexture_binary_v1,0.30203228019746237,-0.04726421939751912,0.0014537639845774604,0.19771180030257185,3,3,24x24,"{""cluster_0"": {""cluster_value"": 0, ""component_size_histogram"": {""1845"": 1}, ""largest_component_size"": 1845, ""num_1_cell_components"": 0, ""num_2_cell_components"": 0, ""num_components"": 1, ""smallest_component_size"": 1845, ""tiny_component_pixel_fraction"": 0.0, ""tiny_component_pixels"": 0}, ""cluster_1"": {""cluster_value"": 1, ""component_size_histogram"": {""3339"": 1}, ""largest_component_size"": 3339, ""num_1_cell_components"": 0, ""num_2_cell_components"": 0, ""num_components"": 1, ""smallest_component_size"": 3339, ""tiny_component_pixel_fraction"": 0.0, ""tiny_component_pixels"": 0}}"
stld,architexture:stld,feature_cluster_coarse_to_fine_global_pooled_init_flip_avg_coarse_only,benchmark,10,11,2,direct_foreground,0.8824065580905744,0.7977147151258909,0.5,0.8343476980465299,0.9304654181346189,0.2836456298828125,0.7163543701171875,2,2,0.0,0.0,ok,False,"cluster_a->foreground,cluster_b->background",cluster_a,cluster_b,0.8824065580905744,0.7977147151258909,0.026427481414961873,0.7977147151258909,best_foreground_cluster_iou,1,fpn_2,fpn_2,fpn_2,72x72,18784,46752,18784,46752,18784,46752,0.0,0.0,0.0,0.0,coarsest_pooled_direct,pooled_avg_pool_flip_avg_coarse_only,False,False,architexture_binary_v1,0.8824065580905744,0.7977147151258909,0.8343476980465299,0.024940785242584432,3,3,24x24,"{""cluster_0"": {""cluster_value"": 0, ""component_size_histogram"": {""1476"": 1, ""9"": 1}, ""largest_component_size"": 1476, ""num_1_cell_components"": 0, ""num_2_cell_components"": 0, ""num_components"": 2, ""smallest_component_size"": 9, ""tiny_component_pixel_fraction"": 0.0, ""tiny_component_pixels"": 0}, ""cluster_1"": {""cluster_value"": 1, ""component_size_histogram"": {""3699"": 1}, ""largest_component_size"": 3699, ""num_1_cell_components"": 0, ""num_2_cell_components"": 0, ""num_components"": 1, ""smallest_component_size"": 3699, ""tiny_component_pixel_fraction"": 0.0, ""tiny_component_pixels"": 0}}"
stld,architexture:stld,feature_cluster_coarse_to_fine_global_pooled_init_flip_avg_coarse_only,benchmark,11,12,2,direct_foreground,0.8290759856856618,0.7637746647996828,0.5,0.7012124038237352,0.9569395675475882,0.0941314697265625,0.9058685302734375,2,2,0.0,0.0,ok,False,"cluster_a->foreground,cluster_b->background",cluster_a,cluster_b,0.8290759856856618,0.7637746647996828,0.019642264940177588,0.7637746647996828,best_foreground_cluster_iou,1,fpn_2,fpn_2,fpn_2,72x72,8424,57112,8424,57112,8424,57112,0.0,0.0,0.0,0.0,coarsest_pooled_direct,pooled_avg_pool_flip_avg_coarse_only,False,False,architexture_binary_v1,0.8290759856856618,0.7637746647996828,0.7012124038237352,0.0024395266684619893,3,3,24x24,"{""cluster_0"": {""cluster_value"": 0, ""component_size_histogram"": {""27"": 1, ""639"": 1}, ""largest_component_size"": 639, ""num_1_cell_components"": 0, ""num_2_cell_components"": 0, ""num_components"": 2, ""smallest_component_size"": 27, ""tiny_component_pixel_fraction"": 0.0, ""tiny_component_pixels"": 0}, ""cluster_1"": {""cluster_value"": 1, ""component_size_histogram"": {""4518"": 1}, ""largest_component_size"": 4518, ""num_1_cell_components"": 0, ""num_2_cell_components"": 0, ""num_components"": 1, ""smallest_component_size"": 4518, ""tiny_component_pixel_fraction"": 0.0, ""tiny_component_pixels"": 0}}"
stld,architexture:stld,feature_cluster_coarse_to_fine_global_pooled_init_flip_avg_coarse_only,benchmark,12,13,2,direct_foreground,0.8951389397802105,0.8564581366165311,0.5,0.8195848855774348,0.9706929939829864,0.1188812255859375,0.8811187744140625,2,2,0.0,0.0,ok,False,"cluster_a->foreground,cluster_b->background",cluster_a,cluster_b,0.8951389397802105,0.8564581366165311,0.012966258576355147,0.8564581366165311,best_foreground_cluster_iou,1,fpn_2,fpn_2,fpn_2,72x72,9304,56232,9304,56232,9304,56232,0.0,0.0,0.0,0.0,coarsest_pooled_direct,pooled_avg_pool_flip_avg_coarse_only,False,False,architexture_binary_v1,0.8951389397802105,0.8564581366165311,0.8195848855774348,0.0014233873490583746,3,3,24x24,"{""cluster_0"": {""cluster_value"": 0, ""component_size_histogram"": {""738"": 1}, ""largest_component_size"": 738, ""num_1_cell_components"": 0, ""num_2_cell_components"": 0, ""num_components"": 1, ""smallest_component_size"": 738, ""tiny_component_pixel_fraction"": 0.0, ""tiny_component_pixels"": 0}, ""cluster_1"": {""cluster_value"": 1, ""component_size_histogram"": {""4446"": 1}, ""largest_component_size"": 4446, ""num_1_cell_components"": 0, ""num_2_cell_components"": 0, ""num_components"": 1, ""smallest_component_size"": 4446, ""tiny_component_pixel_fraction"": 0.0, ""tiny_component_pixels"": 0}}"
stld,architexture:stld,feature_cluster_coarse_to_fine_global_pooled_init_flip_avg_coarse_only,benchmark,13,14,2,direct_foreground,0.8442435914397631,0.7809777112138803,0.5,0.7336235699098916,0.9548636129696346,0.11175537109375,0.88824462890625,2,2,0.0,0.0,ok,False,"cluster_a->foreground,cluster_b->background",cluster_a,cluster_b,0.8442435914397631,0.7809777112138803,0.02012026881976396,0.7809777112138803,best_foreground_cluster_iou,1,fpn_2,fpn_2,fpn_2,72x72,9799,55737,9799,55737,9799,55737,0.0,0.0,0.0,0.0,coarsest_pooled_direct,pooled_avg_pool_flip_avg_coarse_only,False,False,architexture_binary_v1,0.8442435914397631,0.7809777112138803,0.7336235699098916,0.0012384294174618549,3,3,24x24,"{""cluster_0"": {""cluster_value"": 0, ""component_size_histogram"": {""774"": 1}, ""largest_component_size"": 774, ""num_1_cell_components"": 0, ""num_2_cell_components"": 0, ""num_components"": 1, ""smallest_component_size"": 774, ""tiny_component_pixel_fraction"": 0.0, ""tiny_component_pixels"": 0}, ""cluster_1"": {""cluster_value"": 1, ""component_size_histogram"": {""4410"": 1}, ""largest_component_size"": 4410, ""num_1_cell_components"": 0, ""num_2_cell_components"": 0, ""num_components"": 1, ""smallest_component_size"": 4410, ""tiny_component_pixel_fraction"": 0.0, ""tiny_component_pixels"": 0}}"
stld,architexture:stld,feature_cluster_coarse_to_fine_global_pooled_init_flip_avg_coarse_only,benchmark,14,15,2,direct_foreground,0.856875836486786,0.7567779376048842,0.5,0.7958529500150255,0.9178987229585465,0.245208740234375,0.754791259765625,2,2,0.0,0.0,ok,False,"cluster_a->foreground,cluster_b->background",cluster_a,cluster_b,0.856875836486786,0.7567779376048842,0.031266076528535434,0.7567779376048842,best_foreground_cluster_iou,1,fpn_2,fpn_2,fpn_2,72x72,19786,45750,19786,45750,19786,45750,0.0,0.0,0.0,0.0,coarsest_pooled_direct,pooled_avg_pool_flip_avg_coarse_only,False,False,architexture_binary_v1,0.856875836486786,0.7567779376048842,0.7958529500150255,0.0029201817001946787,3,3,24x24,"{""cluster_0"": {""cluster_value"": 0, ""component_size_histogram"": {""1566"": 1}, ""largest_component_size"": 1566, ""num_1_cell_components"": 0, ""num_2_cell_components"": 0, ""num_components"": 1, ""smallest_component_size"": 1566, ""tiny_component_pixel_fraction"": 0.0, ""tiny_component_pixels"": 0}, ""cluster_1"": {""cluster_value"": 1, ""component_size_histogram"": {""3618"": 1}, ""largest_component_size"": 3618, ""num_1_cell_components"": 0, ""num_2_cell_components"": 0, ""num_components"": 1, ""smallest_component_size"": 3618, ""tiny_component_pixel_fraction"": 0.0, ""tiny_component_pixels"": 0}}"
stld,architexture:stld,feature_cluster_coarse_to_fine_global_pooled_init_flip_avg_coarse_only,benchmark,15,16,2,direct_foreground,0.8993543179847274,0.8514711429903536,0.5,0.83690485467155,0.961803781297905,0.1651458740234375,0.8348541259765625,2,2,0.0,0.0,ok,False,"cluster_a->foreground,cluster_b->background",cluster_a,cluster_b,0.8993543179847274,0.8514711429903536,0.016007805028233797,0.8514711429903536,best_foreground_cluster_iou,1,fpn_2,fpn_2,fpn_2,72x72,12750,52786,12750,52786,12750,52786,0.0,0.0,0.0,0.0,coarsest_pooled_direct,pooled_avg_pool_flip_avg_coarse_only,False,False,architexture_binary_v1,0.8993543179847274,0.8514711429903536,0.83690485467155,0.001306551648144067,3,3,24x24,"{""cluster_0"": {""cluster_value"": 0, ""component_size_histogram"": {""1008"": 1}, ""largest_component_size"": 1008, ""num_1_cell_components"": 0, ""num_2_cell_components"": 0, ""num_components"": 1, ""smallest_component_size"": 1008, ""tiny_component_pixel_fraction"": 0.0, ""tiny_component_pixels"": 0}, ""cluster_1"": {""cluster_value"": 1, ""component_size_histogram"": {""4176"": 1}, ""largest_component_size"": 4176, ""num_1_cell_components"": 0, ""num_2_cell_components"": 0, ""num_components"": 1, ""smallest_component_size"": 4176, ""tiny_component_pixel_fraction"": 0.0, ""tiny_component_pixels"": 0}}"
stld,architexture:stld,feature_cluster_coarse_to_fine_global_pooled_init_flip_avg_coarse_only,benchmark,16,17,2,direct_foreground,0.3104928724795911,-0.014436673216175812,0.5,0.1549433942254156,0.46604235073376665,0.090087890625,0.909912109375,2,2,0.0,0.0,ok,False,"cluster_b->foreground,cluster_a->background",cluster_b,cluster_a,0.2438259436568879,-0.014436673216175812,0.3104928724795911,-0.014436673216175812,best_foreground_cluster_iou,1,fpn_2,fpn_2,fpn_2,72x72,27879,37657,27879,37657,27879,37657,0.0,0.0,0.0,0.0,coarsest_pooled_direct,pooled_avg_pool_flip_avg_coarse_only,False,False,architexture_binary_v1,0.3104928724795911,-0.014436673216175812,0.0017792011386887287,0.1549433942254156,3,3,24x24,"{""cluster_0"": {""cluster_value"": 0, ""component_size_histogram"": {""2205"": 1}, ""largest_component_size"": 2205, ""num_1_cell_components"": 0, ""num_2_cell_components"": 0, ""num_components"": 1, ""smallest_component_size"": 2205, ""tiny_component_pixel_fraction"": 0.0, ""tiny_component_pixels"": 0}, ""cluster_1"": {""cluster_value"": 1, ""component_size_histogram"": {""2979"": 1}, ""largest_component_size"": 2979, ""num_1_cell_components"": 0, ""num_2_cell_components"": 0, ""num_components"": 1, ""smallest_component_size"": 2979, ""tiny_component_pixel_fraction"": 0.0, ""tiny_component_pixels"": 0}}"
stld,architexture:stld,feature_cluster_coarse_to_fine_global_pooled_init_flip_avg_coarse_only,benchmark,17,18,2,direct_foreground,0.8521519638478103,0.7831316883905358,0.5,0.7568588795794315,0.947445048116189,0.14373779296875,0.85626220703125,2,2,0.0,0.0,ok,False,"cluster_a->foreground,cluster_b->background",cluster_a,cluster_b,0.8521519638478103,0.7831316883905358,0.022718203623828804,0.7831316883905358,best_foreground_cluster_iou,1,fpn_2,fpn_2,fpn_2,72x72,11968,53568,11968,53568,11968,53568,0.0,0.0,0.0,0.0,coarsest_pooled_direct,pooled_avg_pool_flip_avg_coarse_only,False,False,architexture_binary_v1,0.8521519638478103,0.7831316883905358,0.7568588795794315,0.0032811952470453314,3,3,24x24,"{""cluster_0"": {""cluster_value"": 0, ""component_size_histogram"": {""945"": 1}, ""largest_component_size"": 945, ""num_1_cell_components"": 0, ""num_2_cell_components"": 0, ""num_components"": 1, ""smallest_component_size"": 945, ""tiny_component_pixel_fraction"": 0.0, ""tiny_component_pixels"": 0}, ""cluster_1"": {""cluster_value"": 1, ""component_size_histogram"": {""4230"": 1, ""9"": 1}, ""largest_component_size"": 4230, ""num_1_cell_components"": 0, ""num_2_cell_components"": 0, ""num_components"": 2, ""smallest_component_size"": 9, ""tiny_component_pixel_fraction"": 0.0, ""tiny_component_pixels"": 0}}"
stld,architexture:stld,feature_cluster_coarse_to_fine_global_pooled_init_flip_avg_coarse_only,benchmark,18,19,2,direct_foreground,0.9388493941295334,0.9096749405270613,0.5,0.9016004288230339,0.9760983594360328,0.1842193603515625,0.8157806396484375,2,2,0.0,0.0,ok,False,"cluster_a->foreground,cluster_b->background",cluster_a,cluster_b,0.9388493941295334,0.9096749405270613,0.009873095259046361,0.9096749405270613,best_foreground_cluster_iou,1,fpn_2,fpn_2,fpn_2,72x72,12760,52776,12760,52776,12760,52776,0.0,0.0,0.0,0.0,coarsest_pooled_direct,pooled_avg_pool_flip_avg_coarse_only,False,False,architexture_binary_v1,0.9388493941295334,0.9096749405270613,0.9016004288230339,0.004632068164213788,3,3,24x24,"{""cluster_0"": {""cluster_value"": 0, ""component_size_histogram"": {""1008"": 1}, ""largest_component_size"": 1008, ""num_1_cell_components"": 0, ""num_2_cell_components"": 0, ""num_components"": 1, ""smallest_component_size"": 1008, ""tiny_component_pixel_fraction"": 0.0, ""tiny_component_pixels"": 0}, ""cluster_1"": {""cluster_value"": 1, ""component_size_histogram"": {""4176"": 1}, ""largest_component_size"": 4176, ""num_1_cell_components"": 0, ""num_2_cell_components"": 0, ""num_components"": 1, ""smallest_component_size"": 4176, ""tiny_component_pixel_fraction"": 0.0, ""tiny_component_pixels"": 0}}"
stld,architexture:stld,feature_cluster_coarse_to_fine_global_pooled_init_flip_avg_coarse_only,benchmark,19,20,2,direct_foreground,0.8635454057321809,0.8053976566392145,0.5,0.7707912612447219,0.9562995502196399,0.1293792724609375,0.8706207275390625,2,2,0.0,0.0,ok,False,"cluster_a->foreground,cluster_b->background",cluster_a,cluster_b,0.8635454057321809,0.8053976566392145,0.01909761651043918,0.8053976566392145,best_foreground_cluster_iou,1,fpn_2,fpn_2,fpn_2,72x72,10812,54724,10812,54724,10812,54724,0.0,0.0,0.0,0.0,coarsest_pooled_direct,pooled_avg_pool_flip_avg_coarse_only,False,False,architexture_binary_v1,0.8635454057321809,0.8053976566392145,0.7707912612447219,0.001299092219705011,3,3,24x24,"{""cluster_0"": {""cluster_value"": 0, ""component_size_histogram"": {""855"": 1}, ""largest_component_size"": 855, ""num_1_cell_components"": 0, ""num_2_cell_components"": 0, ""num_components"": 1, ""smallest_component_size"": 855, ""tiny_component_pixel_fraction"": 0.0, ""tiny_component_pixels"": 0}, ""cluster_1"": {""cluster_value"": 1, ""component_size_histogram"": {""4329"": 1}, ""largest_component_size"": 4329, ""num_1_cell_components"": 0, ""num_2_cell_components"": 0, ""num_components"": 1, ""smallest_component_size"": 4329, ""tiny_component_pixel_fraction"": 0.0, ""tiny_component_pixels"": 0}}"
stld,architexture:stld,feature_cluster_coarse_to_fine_global_pooled_init_flip_avg_coarse_only,benchmark,20,21,2,direct_foreground,0.9479928058027618,0.9198039906197982,0.5,0.919185812172511,0.9767997994330125,0.2159881591796875,0.7840118408203125,2,2,0.0,0.0,ok,False,"cluster_a->foreground,cluster_b->background",cluster_a,cluster_b,0.9479928058027618,0.9198039906197982,0.009259240114767782,0.9198039906197982,best_foreground_cluster_iou,1,fpn_2,fpn_2,fpn_2,72x72,14414,51122,14414,51122,14414,51122,0.0,0.0,0.0,0.0,coarsest_pooled_direct,pooled_avg_pool_flip_avg_coarse_only,False,False,architexture_binary_v1,0.9479928058027618,0.9198039906197982,0.919185812172511,0.007283388627420724,3,3,24x24,"{""cluster_0"": {""cluster_value"": 0, ""component_size_histogram"": {""1143"": 1}, ""largest_component_size"": 1143, ""num_1_cell_components"": 0, ""num_2_cell_components"": 0, ""num_components"": 1, ""smallest_component_size"": 1143, ""tiny_component_pixel_fraction"": 0.0, ""tiny_component_pixels"": 0}, ""cluster_1"": {""cluster_value"": 1, ""component_size_histogram"": {""4041"": 1}, ""largest_component_size"": 4041, ""num_1_cell_components"": 0, ""num_2_cell_components"": 0, ""num_components"": 1, ""smallest_component_size"": 4041, ""tiny_component_pixel_fraction"": 0.0, ""tiny_component_pixels"": 0}}"
stld,architexture:stld,feature_cluster_coarse_to_fine_global_pooled_init_flip_avg_coarse_only,benchmark,21,22,2,direct_foreground,0.7555301397706214,0.6469368791486086,0.5,0.577561594586021,0.9334986849552219,0.0834808349609375,0.9165191650390625,2,2,0.0,0.0,ok,False,"cluster_a->foreground,cluster_b->background",cluster_a,cluster_b,0.7555301397706214,0.6469368791486086,0.03048805475005454,0.6469368791486086,best_foreground_cluster_iou,1,fpn_2,fpn_2,fpn_2,72x72,9448,56088,9448,56088,9448,56088,0.0,0.0,0.0,0.0,coarsest_pooled_direct,pooled_avg_pool_flip_avg_coarse_only,False,False,architexture_binary_v1,0.7555301397706214,0.6469368791486086,0.577561594586021,0.0001462225832656377,3,3,24x24,"{""cluster_0"": {""cluster_value"": 0, ""component_size_histogram"": {""747"": 1}, ""largest_component_size"": 747, ""num_1_cell_components"": 0, ""num_2_cell_components"": 0, ""num_components"": 1, ""smallest_component_size"": 747, ""tiny_component_pixel_fraction"": 0.0, ""tiny_component_pixels"": 0}, ""cluster_1"": {""cluster_value"": 1, ""component_size_histogram"": {""4437"": 1}, ""largest_component_size"": 4437, ""num_1_cell_components"": 0, ""num_2_cell_components"": 0, ""num_components"": 1, ""smallest_component_size"": 4437, ""tiny_component_pixel_fraction"": 0.0, ""tiny_component_pixels"": 0}}"
stld,architexture:stld,feature_cluster_coarse_to_fine_global_pooled_init_flip_avg_coarse_only,benchmark,22,23,2,direct_foreground,0.9074670010771606,0.846147141007139,0.5,0.8650862536617121,0.9498477484926092,0.2502593994140625,0.7497406005859375,2,2,0.0,0.0,ok,False,"cluster_b->foreground,cluster_a->background",cluster_b,cluster_a,0.019193392143928293,0.846147141007139,0.9074670010771606,0.846147141007139,best_foreground_cluster_iou,1,fpn_2,fpn_2,fpn_2,72x72,47556,17980,47556,17980,47556,17980,0.0,0.0,0.0,0.0,coarsest_pooled_direct,pooled_avg_pool_flip_avg_coarse_only,False,False,architexture_binary_v1,0.9074670010771606,0.846147141007139,0.007149268538494244,0.8650862536617121,3,3,24x24,"{""cluster_0"": {""cluster_value"": 0, ""component_size_histogram"": {""3762"": 1}, ""largest_component_size"": 3762, ""num_1_cell_components"": 0, ""num_2_cell_components"": 0, ""num_components"": 1, ""smallest_component_size"": 3762, ""tiny_component_pixel_fraction"": 0.0, ""tiny_component_pixels"": 0}, ""cluster_1"": {""cluster_value"": 1, ""component_size_histogram"": {""1422"": 1}, ""largest_component_size"": 1422, ""num_1_cell_components"": 0, ""num_2_cell_components"": 0, ""num_components"": 1, ""smallest_component_size"": 1422, ""tiny_component_pixel_fraction"": 0.0, ""tiny_component_pixels"": 0}}"
stld,architexture:stld,feature_cluster_coarse_to_fine_global_pooled_init_flip_avg_coarse_only,benchmark,23,24,2,direct_foreground,0.6575297894546284,0.4210586578103004,0.5,0.5188115330520394,0.7962480458572173,0.1815185546875,0.8184814453125,2,2,0.0,0.0,ok,False,"cluster_a->foreground,cluster_b->background",cluster_a,cluster_b,0.6575297894546284,0.4210586578103004,0.08378239874678338,0.4210586578103004,best_foreground_cluster_iou,1,fpn_2,fpn_2,fpn_2,72x72,22660,42876,22660,42876,22660,42876,0.0,0.0,0.0,0.0,coarsest_pooled_direct,pooled_avg_pool_flip_avg_coarse_only,False,False,architexture_binary_v1,0.6575297894546284,0.4210586578103004,0.5188115330520394,0.0016825164594001464,3,3,24x24,"{""cluster_0"": {""cluster_value"": 0, ""component_size_histogram"": {""1746"": 1, ""18"": 1, ""9"": 3}, ""largest_component_size"": 1746, ""num_1_cell_components"": 0, ""num_2_cell_components"": 0, ""num_components"": 5, ""smallest_component_size"": 9, ""tiny_component_pixel_fraction"": 0.0, ""tiny_component_pixels"": 0}, ""cluster_1"": {""cluster_value"": 1, ""component_size_histogram"": {""18"": 1, ""3303"": 1, ""45"": 1, ""9"": 3}, ""largest_component_size"": 3303, ""num_1_cell_components"": 0, ""num_2_cell_components"": 0, ""num_components"": 6, ""smallest_component_size"": 9, ""tiny_component_pixel_fraction"": 0.0, ""tiny_component_pixels"": 0}}"
stld,architexture:stld,feature_cluster_coarse_to_fine_global_pooled_init_flip_avg_coarse_only,benchmark,24,25,2,direct_foreground,0.8704463565116041,0.7503298228887252,0.5,0.8468052347959969,0.8940874782272111,0.3756103515625,0.6243896484375,2,2,0.0,0.0,ok,False,"cluster_b->foreground,cluster_a->background",cluster_b,cluster_a,0.03379881084736218,0.7503298228887252,0.8704463565116041,0.7503298228887252,best_foreground_cluster_iou,1,fpn_2,fpn_2,fpn_2,72x72,37374,28162,37374,28162,37374,28162,0.0,0.0,0.0,0.0,coarsest_pooled_direct,pooled_avg_pool_flip_avg_coarse_only,False,False,architexture_binary_v1,0.8704463565116041,0.7503298228887252,0.006756098353201026,0.8468052347959969,3,3,24x24,"{""cluster_0"": {""cluster_value"": 0, ""component_size_histogram"": {""18"": 1, ""27"": 1, ""2916"": 1}, ""largest_component_size"": 2916, ""num_1_cell_components"": 0, ""num_2_cell_components"": 0, ""num_components"": 3, ""smallest_component_size"": 18, ""tiny_component_pixel_fraction"": 0.0, ""tiny_component_pixels"": 0}, ""cluster_1"": {""cluster_value"": 1, ""component_size_histogram"": {""18"": 2, ""2187"": 1}, ""largest_component_size"": 2187, ""num_1_cell_components"": 0, ""num_2_cell_components"": 0, ""num_components"": 3, ""smallest_component_size"": 18, ""tiny_component_pixel_fraction"": 0.0, ""tiny_component_pixels"": 0}}"
stld,architexture:stld,feature_cluster_coarse_to_fine_global_pooled_init_flip_avg_coarse_only,benchmark,25,26,2,direct_foreground,0.9115373051248832,0.8749987193993383,0.5,0.8520203858755006,0.9710542243742657,0.147369384765625,0.852630615234375,2,2,0.0,0.0,ok,False,"cluster_a->foreground,cluster_b->background",cluster_a,cluster_b,0.9115373051248832,0.8749987193993383,0.012498213569279888,0.8749987193993383,best_foreground_cluster_iou,1,fpn_2,fpn_2,fpn_2,72x72,10692,54844,10692,54844,10692,54844,0.0,0.0,0.0,0.0,coarsest_pooled_direct,pooled_avg_pool_flip_avg_coarse_only,False,False,architexture_binary_v1,0.9115373051248832,0.8749987193993383,0.8520203858755006,0.004610161044139177,3,3,24x24,"{""cluster_0"": {""cluster_value"": 0, ""component_size_histogram"": {""846"": 1}, ""largest_component_size"": 846, ""num_1_cell_components"": 0, ""num_2_cell_components"": 0, ""num_components"": 1, ""smallest_component_size"": 846, ""tiny_component_pixel_fraction"": 0.0, ""tiny_component_pixels"": 0}, ""cluster_1"": {""cluster_value"": 1, ""component_size_histogram"": {""4338"": 1}, ""largest_component_size"": 4338, ""num_1_cell_components"": 0, ""num_2_cell_components"": 0, ""num_components"": 1, ""smallest_component_size"": 4338, ""tiny_component_pixel_fraction"": 0.0, ""tiny_component_pixels"": 0}}"
stld,architexture:stld,feature_cluster_coarse_to_fine_global_pooled_init_flip_avg_coarse_only,benchmark,26,27,2,direct_foreground,0.8783436517151171,0.8295588971491213,0.5,0.793467631527479,0.963219671902755,0.1251220703125,0.8748779296875,2,2,0.0,0.0,ok,False,"cluster_a->foreground,cluster_b->background",cluster_a,cluster_b,0.8783436517151171,0.8295588971491213,0.016154522443666348,0.8295588971491213,best_foreground_cluster_iou,1,fpn_2,fpn_2,fpn_2,72x72,10140,55396,10140,55396,10140,55396,0.0,0.0,0.0,0.0,coarsest_pooled_direct,pooled_avg_pool_flip_avg_coarse_only,False,False,architexture_binary_v1,0.8783436517151171,0.8295588971491213,0.793467631527479,0.0013541174618170366,3,3,24x24,"{""cluster_0"": {""cluster_value"": 0, ""component_size_histogram"": {""801"": 1}, ""largest_component_size"": 801, ""num_1_cell_components"": 0, ""num_2_cell_components"": 0, ""num_components"": 1, ""smallest_component_size"": 801, ""tiny_component_pixel_fraction"": 0.0, ""tiny_component_pixels"": 0}, ""cluster_1"": {""cluster_value"": 1, ""component_size_histogram"": {""4383"": 1}, ""largest_component_size"": 4383, ""num_1_cell_components"": 0, ""num_2_cell_components"": 0, ""num_components"": 1, ""smallest_component_size"": 4383, ""tiny_component_pixel_fraction"": 0.0, ""tiny_component_pixels"": 0}}"
stld,architexture:stld,feature_cluster_coarse_to_fine_global_pooled_init_flip_avg_coarse_only,benchmark,27,28,2,direct_foreground,0.529631592294389,0.24987125692150403,0.6017966523305641,0.28899674704394074,0.7702664375448373,0.28899674704394074,0.9145965576171875,1,2,0.0,0.0,ok,False,"cluster_a->foreground,cluster_b->background",cluster_a,cluster_b,0.529631592294389,0.24987125692150403,0.1050567626953125,0.24987125692150403,best_foreground_cluster_iou,1,fpn_2,fpn_2,fpn_2,72x72,19367,46169,19367,46169,19367,46169,0.0,0.0,0.0,0.0,coarsest_pooled_direct,pooled_avg_pool_flip_avg_coarse_only,False,False,architexture_binary_v1,0.529631592294389,0.24987125692150403,0.28899674704394074,0.0,3,3,24x24,"{""cluster_0"": {""cluster_value"": 0, ""component_size_histogram"": {""1530"": 1}, ""largest_component_size"": 1530, ""num_1_cell_components"": 0, ""num_2_cell_components"": 0, ""num_components"": 1, ""smallest_component_size"": 1530, ""tiny_component_pixel_fraction"": 0.0, ""tiny_component_pixels"": 0}, ""cluster_1"": {""cluster_value"": 1, ""component_size_histogram"": {""3654"": 1}, ""largest_component_size"": 3654, ""num_1_cell_components"": 0, ""num_2_cell_components"": 0, ""num_components"": 1, ""smallest_component_size"": 3654, ""tiny_component_pixel_fraction"": 0.0, ""tiny_component_pixels"": 0}}"
stld,architexture:stld,feature_cluster_coarse_to_fine_global_pooled_init_flip_avg_coarse_only,benchmark,28,29,2,direct_foreground,0.6400941252277332,0.41138234344337177,0.5,0.4688251804330393,0.8113630700224271,0.1446075439453125,0.8553924560546875,2,2,0.0,0.0,ok,False,"cluster_a->foreground,cluster_b->background",cluster_a,cluster_b,0.6400941252277332,0.41138234344337177,0.08118512519244936,0.41138234344337177,best_foreground_cluster_iou,1,fpn_2,fpn_2,fpn_2,72x72,19829,45707,19829,45707,19829,45707,0.0,0.0,0.0,0.0,coarsest_pooled_direct,pooled_avg_pool_flip_avg_coarse_only,False,False,architexture_binary_v1,0.6400941252277332,0.41138234344337177,0.4688251804330393,0.0022338860536495887,3,3,24x24,"{""cluster_0"": {""cluster_value"": 0, ""component_size_histogram"": {""1566"": 1}, ""largest_component_size"": 1566, ""num_1_cell_components"": 0, ""num_2_cell_components"": 0, ""num_components"": 1, ""smallest_component_size"": 1566, ""tiny_component_pixel_fraction"": 0.0, ""tiny_component_pixels"": 0}, ""cluster_1"": {""cluster_value"": 1, ""component_size_histogram"": {""18"": 1, ""3600"": 1}, ""largest_component_size"": 3600, ""num_1_cell_components"": 0, ""num_2_cell_components"": 0, ""num_components"": 2, ""smallest_component_size"": 18, ""tiny_component_pixel_fraction"": 0.0, ""tiny_component_pixels"": 0}}"
stld,architexture:stld,feature_cluster_coarse_to_fine_global_pooled_init_flip_avg_coarse_only,benchmark,29,30,2,direct_foreground,0.7685307843935867,0.650000101041219,0.5,0.6233637747336378,0.9136977940535356,0.126068115234375,0.873931884765625,2,2,0.0,0.0,ok,False,"cluster_a->foreground,cluster_b->background",cluster_a,cluster_b,0.7685307843935867,0.650000101041219,0.037841797743238426,0.650000101041219,best_foreground_cluster_iou,1,fpn_2,fpn_2,fpn_2,72x72,13069,52467,13069,52467,13069,52467,0.0,0.0,0.0,0.0,coarsest_pooled_direct,pooled_avg_pool_flip_avg_coarse_only,False,False,architexture_binary_v1,0.7685307843935867,0.650000101041219,0.6233637747336378,0.0011704968841702661,3,3,24x24,"{""cluster_0"": {""cluster_value"": 0, ""component_size_histogram"": {""1026"": 1, ""9"": 1}, ""largest_component_size"": 1026, ""num_1_cell_components"": 0, ""num_2_cell_components"": 0, ""num_components"": 2, ""smallest_component_size"": 9, ""tiny_component_pixel_fraction"": 0.0, ""tiny_component_pixels"": 0}, ""cluster_1"": {""cluster_value"": 1, ""component_size_histogram"": {""4140"": 1, ""9"": 1}, ""largest_component_size"": 4140, ""num_1_cell_components"": 0, ""num_2_cell_components"": 0, ""num_components"": 2, ""smallest_component_size"": 9, ""tiny_component_pixel_fraction"": 0.0, ""tiny_component_pixels"": 0}}"
stld,architexture:stld,feature_cluster_coarse_to_fine_global_pooled_init_flip_avg_coarse_only,benchmark,30,31,2,direct_foreground,0.876932422523376,0.7863205929375837,0.5,0.8285673434372319,0.9252975016095201,0.27178955078125,0.72821044921875,2,2,0.0,0.0,ok,False,"cluster_a->foreground,cluster_b->background",cluster_a,cluster_b,0.876932422523376,0.7863205929375837,0.027767132357017266,0.7863205929375837,best_foreground_cluster_iou,1,fpn_2,fpn_2,fpn_2,72x72,20555,44981,20555,44981,20555,44981,0.0,0.0,0.0,0.0,coarsest_pooled_direct,pooled_avg_pool_flip_avg_coarse_only,False,False,architexture_binary_v1,0.876932422523376,0.7863205929375837,0.8285673434372319,0.006846679280377128,3,3,24x24,"{""cluster_0"": {""cluster_value"": 0, ""component_size_histogram"": {""1620"": 1}, ""largest_component_size"": 1620, ""num_1_cell_components"": 0, ""num_2_cell_components"": 0, ""num_components"": 1, ""smallest_component_size"": 1620, ""tiny_component_pixel_fraction"": 0.0, ""tiny_component_pixels"": 0}, ""cluster_1"": {""cluster_value"": 1, ""component_size_histogram"": {""3564"": 1}, ""largest_component_size"": 3564, ""num_1_cell_components"": 0, ""num_2_cell_components"": 0, ""num_components"": 1, ""smallest_component_size"": 3564, ""tiny_component_pixel_fraction"": 0.0, ""tiny_component_pixels"": 0}}"
stld,architexture:stld,feature_cluster_coarse_to_fine_global_pooled_init_flip_avg_coarse_only,benchmark,31,32,2,direct_foreground,0.7691535709548405,0.6203169841512784,0.5,0.6588210234836785,0.8794861184260025,0.1894073486328125,0.8105926513671875,2,2,0.0,0.0,ok,False,"cluster_a->foreground,cluster_b->background",cluster_a,cluster_b,0.7691535709548405,0.6203169841512784,0.04894558905896017,0.6203169841512784,best_foreground_cluster_iou,1,fpn_2,fpn_2,fpn_2,72x72,18738,46798,18738,46798,18738,46798,0.0,0.0,0.0,0.0,coarsest_pooled_direct,pooled_avg_pool_flip_avg_coarse_only,False,False,architexture_binary_v1,0.7691535709548405,0.6203169841512784,0.6588210234836785,0.0006929187088051378,3,3,24x24,"{""cluster_0"": {""cluster_value"": 0, ""component_size_histogram"": {""1476"": 1}, ""largest_component_size"": 1476, ""num_1_cell_components"": 0, ""num_2_cell_components"": 0, ""num_components"": 1, ""smallest_component_size"": 1476, ""tiny_component_pixel_fraction"": 0.0, ""tiny_component_pixels"": 0}, ""cluster_1"": {""cluster_value"": 1, ""component_size_histogram"": {""3690"": 1, ""9"": 2}, ""largest_component_size"": 3690, ""num_1_cell_components"": 0, ""num_2_cell_components"": 0, ""num_components"": 3, ""smallest_component_size"": 9, ""tiny_component_pixel_fraction"": 0.0, ""tiny_component_pixels"": 0}}"
stld,architexture:stld,feature_cluster_coarse_to_fine_global_pooled_init_flip_avg_coarse_only,benchmark,32,33,2,direct_foreground,0.8136426090748237,0.7227748481016939,0.5,0.6948815768558257,0.9324036412938215,0.1348419189453125,0.8651580810546875,2,2,0.0,0.0,ok,False,"cluster_a->foreground,cluster_b->background",cluster_a,cluster_b,0.8136426090748237,0.7227748481016939,0.029373751641314592,0.7227748481016939,best_foreground_cluster_iou,1,fpn_2,fpn_2,fpn_2,72x72,12488,53048,12488,53048,12488,53048,0.0,0.0,0.0,0.0,coarsest_pooled_direct,pooled_avg_pool_flip_avg_coarse_only,False,False,architexture_binary_v1,0.8136426090748237,0.7227748481016939,0.6948815768558257,0.0015212571410075902,3,3,24x24,"{""cluster_0"": {""cluster_value"": 0, ""component_size_histogram"": {""9"": 1, ""981"": 1}, ""largest_component_size"": 981, ""num_1_cell_components"": 0, ""num_2_cell_components"": 0, ""num_components"": 2, ""smallest_component_size"": 9, ""tiny_component_pixel_fraction"": 0.0, ""tiny_component_pixels"": 0}, ""cluster_1"": {""cluster_value"": 1, ""component_size_histogram"": {""4194"": 1}, ""largest_component_size"": 4194, ""num_1_cell_components"": 0, ""num_2_cell_components"": 0, ""num_components"": 1, ""smallest_component_size"": 4194, ""tiny_component_pixel_fraction"": 0.0, ""tiny_component_pixels"": 0}}"
stld,architexture:stld,feature_cluster_coarse_to_fine_global_pooled_init_flip_avg_coarse_only,benchmark,33,34,2,direct_foreground,0.7868867554944574,0.6803794432463498,0.5,0.65171875,0.9220547609889149,0.1283721923828125,0.8716278076171875,2,2,0.0,0.0,ok,False,"cluster_b->foreground,cluster_a->background",cluster_b,cluster_a,0.03408700298072682,0.6803794432463498,0.7868867554944574,0.6803794432463498,best_foreground_cluster_iou,1,fpn_2,fpn_2,fpn_2,72x72,52807,12729,52807,12729,52807,12729,0.0,0.0,0.0,0.0,coarsest_pooled_direct,pooled_avg_pool_flip_avg_coarse_only,False,False,architexture_binary_v1,0.7868867554944574,0.6803794432463498,0.0011610983008716414,0.65171875,3,3,24x24,"{""cluster_0"": {""cluster_value"": 0, ""component_size_histogram"": {""4167"": 1, ""9"": 1}, ""largest_component_size"": 4167, ""num_1_cell_components"": 0, ""num_2_cell_components"": 0, ""num_components"": 2, ""smallest_component_size"": 9, ""tiny_component_pixel_fraction"": 0.0, ""tiny_component_pixels"": 0}, ""cluster_1"": {""cluster_value"": 1, ""component_size_histogram"": {""9"": 1, ""999"": 1}, ""largest_component_size"": 999, ""num_1_cell_components"": 0, ""num_2_cell_components"": 0, ""num_components"": 2, ""smallest_component_size"": 9, ""tiny_component_pixel_fraction"": 0.0, ""tiny_component_pixels"": 0}}"
stld,architexture:stld,feature_cluster_coarse_to_fine_global_pooled_init_flip_avg_coarse_only,benchmark,34,35,2,direct_foreground,0.9117272547529887,0.8474031950004101,0.5,0.8764440963383591,0.9470104131676184,0.2762451171875,0.7237548828125,2,2,0.0,0.0,ok,False,"cluster_a->foreground,cluster_b->background",cluster_a,cluster_b,0.9117272547529887,0.8474031950004101,0.019366966473244745,0.8474031950004101,best_foreground_cluster_iou,1,fpn_2,fpn_2,fpn_2,72x72,20228,45308,20228,45308,20228,45308,0.0,0.0,0.0,0.0,coarsest_pooled_direct,pooled_avg_pool_flip_avg_coarse_only,False,False,architexture_binary_v1,0.9117272547529887,0.8474031950004101,0.8764440963383591,0.003163956210846042,3,3,24x24,"{""cluster_0"": {""cluster_value"": 0, ""component_size_histogram"": {""1602"": 1}, ""largest_component_size"": 1602, ""num_1_cell_components"": 0, ""num_2_cell_components"": 0, ""num_components"": 1, ""smallest_component_size"": 1602, ""tiny_component_pixel_fraction"": 0.0, ""tiny_component_pixels"": 0}, ""cluster_1"": {""cluster_value"": 1, ""component_size_histogram"": {""3582"": 1}, ""largest_component_size"": 3582, ""num_1_cell_components"": 0, ""num_2_cell_components"": 0, ""num_components"": 1, ""smallest_component_size"": 3582, ""tiny_component_pixel_fraction"": 0.0, ""tiny_component_pixels"": 0}}"
stld,architexture:stld,feature_cluster_coarse_to_fine_global_pooled_init_flip_avg_coarse_only,benchmark,35,36,2,direct_foreground,0.8148894913503,0.728324321688974,0.5,0.6929207291225096,0.9368582535780904,0.1269378662109375,0.8730621337890625,2,2,0.0,0.0,ok,False,"cluster_a->foreground,cluster_b->background",cluster_a,cluster_b,0.8148894913503,0.728324321688974,0.02775526863115415,0.728324321688974,best_foreground_cluster_iou,1,fpn_2,fpn_2,fpn_2,72x72,11649,53887,11649,53887,11649,53887,0.0,0.0,0.0,0.0,coarsest_pooled_direct,pooled_avg_pool_flip_avg_coarse_only,False,False,architexture_binary_v1,0.8148894913503,0.728324321688974,0.6929207291225096,0.0023525620367386402,3,3,24x24,"{""cluster_0"": {""cluster_value"": 0, ""component_size_histogram"": {""423"": 1, ""495"": 1}, ""largest_component_size"": 495, ""num_1_cell_components"": 0, ""num_2_cell_components"": 0, ""num_components"": 2, ""smallest_component_size"": 423, ""tiny_component_pixel_fraction"": 0.0, ""tiny_component_pixels"": 0}, ""cluster_1"": {""cluster_value"": 1, ""component_size_histogram"": {""4266"": 1}, ""largest_component_size"": 4266, ""num_1_cell_components"": 0, ""num_2_cell_components"": 0, ""num_components"": 1, ""smallest_component_size"": 4266, ""tiny_component_pixel_fraction"": 0.0, ""tiny_component_pixels"": 0}}"
stld,architexture:stld,feature_cluster_coarse_to_fine_global_pooled_init_flip_avg_coarse_only,benchmark,36,37,2,direct_foreground,0.8066367618309765,0.7253582472679239,0.5,0.6678685484701762,0.9454049751917769,0.099212646484375,0.900787353515625,2,2,0.0,0.0,ok,False,"cluster_a->foreground,cluster_b->background",cluster_a,cluster_b,0.8066367618309765,0.7253582472679239,0.024611712761907586,0.7253582472679239,best_foreground_cluster_iou,1,fpn_2,fpn_2,fpn_2,72x72,9688,55848,9688,55848,9688,55848,0.0,0.0,0.0,0.0,coarsest_pooled_direct,pooled_avg_pool_flip_avg_coarse_only,False,False,architexture_binary_v1,0.8066367618309765,0.7253582472679239,0.6678685484701762,0.00030482424475782515,3,3,24x24,"{""cluster_0"": {""cluster_value"": 0, ""component_size_histogram"": {""765"": 1}, ""largest_component_size"": 765, ""num_1_cell_components"": 0, ""num_2_cell_components"": 0, ""num_components"": 1, ""smallest_component_size"": 765, ""tiny_component_pixel_fraction"": 0.0, ""tiny_component_pixels"": 0}, ""cluster_1"": {""cluster_value"": 1, ""component_size_histogram"": {""4419"": 1}, ""largest_component_size"": 4419, ""num_1_cell_components"": 0, ""num_2_cell_components"": 0, ""num_components"": 1, ""smallest_component_size"": 4419, ""tiny_component_pixel_fraction"": 0.0, ""tiny_component_pixels"": 0}}"
stld,architexture:stld,feature_cluster_coarse_to_fine_global_pooled_init_flip_avg_coarse_only,benchmark,37,38,2,direct_foreground,0.7494136180433411,0.6214425613581872,0.5,0.589239564570444,0.909587671516238,0.1180877685546875,0.8819122314453125,2,2,0.0,0.0,ok,False,"cluster_a->foreground,cluster_b->background",cluster_a,cluster_b,0.7494136180433411,0.6214425613581872,0.04027884952939194,0.6214425613581872,best_foreground_cluster_iou,1,fpn_2,fpn_2,fpn_2,72x72,12554,52982,12554,52982,12554,52982,0.0,0.0,0.0,0.0,coarsest_pooled_direct,pooled_avg_pool_flip_avg_coarse_only,False,False,architexture_binary_v1,0.7494136180433411,0.6214425613581872,0.589239564570444,0.003553366608270254,3,3,24x24,"{""cluster_0"": {""cluster_value"": 0, ""component_size_histogram"": {""36"": 1, ""963"": 1}, ""largest_component_size"": 963, ""num_1_cell_components"": 0, ""num_2_cell_components"": 0, ""num_components"": 2, ""smallest_component_size"": 36, ""tiny_component_pixel_fraction"": 0.0, ""tiny_component_pixels"": 0}, ""cluster_1"": {""cluster_value"": 1, ""component_size_histogram"": {""4185"": 1}, ""largest_component_size"": 4185, ""num_1_cell_components"": 0, ""num_2_cell_components"": 0, ""num_components"": 1, ""smallest_component_size"": 4185, ""tiny_component_pixel_fraction"": 0.0, ""tiny_component_pixels"": 0}}"
stld,architexture:stld,feature_cluster_coarse_to_fine_global_pooled_init_flip_avg_coarse_only,benchmark,38,39,2,direct_foreground,0.8181283717084507,0.6599619907797625,0.5,0.7732359916987844,0.8630207517181169,0.3203887939453125,0.6796112060546875,2,2,0.0,0.0,ok,False,"cluster_b->foreground,cluster_a->background",cluster_b,cluster_a,0.04687770285819921,0.6599619907797625,0.8181283717084507,0.6599619907797625,best_foreground_cluster_iou,1,fpn_2,fpn_2,fpn_2,72x72,38684,26852,38684,26852,38684,26852,0.0,0.0,0.0,0.0,coarsest_pooled_direct,pooled_avg_pool_flip_avg_coarse_only,False,False,architexture_binary_v1,0.8181283717084507,0.6599619907797625,0.0022166619086802465,0.7732359916987844,3,3,24x24,"{""cluster_0"": {""cluster_value"": 0, ""component_size_histogram"": {""3060"": 1, ""9"": 1}, ""largest_component_size"": 3060, ""num_1_cell_components"": 0, ""num_2_cell_components"": 0, ""num_components"": 2, ""smallest_component_size"": 9, ""tiny_component_pixel_fraction"": 0.0, ""tiny_component_pixels"": 0}, ""cluster_1"": {""cluster_value"": 1, ""component_size_histogram"": {""2115"": 1}, ""largest_component_size"": 2115, ""num_1_cell_components"": 0, ""num_2_cell_components"": 0, ""num_components"": 1, ""smallest_component_size"": 2115, ""tiny_component_pixel_fraction"": 0.0, ""tiny_component_pixels"": 0}}"
stld,architexture:stld,feature_cluster_coarse_to_fine_global_pooled_init_flip_avg_coarse_only,benchmark,39,40,2,direct_foreground,0.6072582138158942,0.37465749699818174,0.5,0.38757414175304056,0.8269422858787479,0.104736328125,0.895263671875,2,2,0.0,0.0,ok,False,"cluster_a->foreground,cluster_b->background",cluster_a,cluster_b,0.6072582138158942,0.37465749699818174,0.07897389360204102,0.37465749699818174,best_foreground_cluster_iou,1,fpn_2,fpn_2,fpn_2,72x72,16296,49240,16296,49240,16296,49240,0.0,0.0,0.0,0.0,coarsest_pooled_direct,pooled_avg_pool_flip_avg_coarse_only,False,False,architexture_binary_v1,0.6072582138158942,0.37465749699818174,0.38757414175304056,0.0070904162702615375,3,3,24x24,"{""cluster_0"": {""cluster_value"": 0, ""component_size_histogram"": {""1260"": 1, ""9"": 3}, ""largest_component_size"": 1260, ""num_1_cell_components"": 0, ""num_2_cell_components"": 0, ""num_components"": 4, ""smallest_component_size"": 9, ""tiny_component_pixel_fraction"": 0.0, ""tiny_component_pixels"": 0}, ""cluster_1"": {""cluster_value"": 1, ""component_size_histogram"": {""3897"": 1}, ""largest_component_size"": 3897, ""num_1_cell_components"": 0, ""num_2_cell_components"": 0, ""num_components"": 1, ""smallest_component_size"": 3897, ""tiny_component_pixel_fraction"": 0.0, ""tiny_component_pixels"": 0}}"
stld,architexture:stld,feature_cluster_coarse_to_fine_global_pooled_init_flip_avg_coarse_only,benchmark,40,41,2,direct_foreground,0.07638579558123056,-0.024090619163919264,0.5,0.024058102587380843,0.12871348857508028,0.021697998046875,0.978302001953125,2,2,0.0,0.0,ok,False,"cluster_b->foreground,cluster_a->background",cluster_b,cluster_a,0.42870649017506646,-0.024090619163919264,0.07638579558123056,-0.024090619163919264,best_foreground_cluster_iou,1,fpn_2,fpn_2,fpn_2,72x72,8302,57234,8302,57234,8302,57234,0.0,0.0,0.0,0.0,coarsest_pooled_direct,pooled_avg_pool_flip_avg_coarse_only,False,False,architexture_binary_v1,0.07638579558123056,-0.024090619163919264,0.004545454545454545,0.024058102587380843,3,3,24x24,"{""cluster_0"": {""cluster_value"": 0, ""component_size_histogram"": {""216"": 1, ""432"": 1, ""9"": 1}, ""largest_component_size"": 432, ""num_1_cell_components"": 0, ""num_2_cell_components"": 0, ""num_components"": 3, ""smallest_component_size"": 9, ""tiny_component_pixel_fraction"": 0.0, ""tiny_component_pixels"": 0}, ""cluster_1"": {""cluster_value"": 1, ""component_size_histogram"": {""4527"": 1}, ""largest_component_size"": 4527, ""num_1_cell_components"": 0, ""num_2_cell_components"": 0, ""num_components"": 1, ""smallest_component_size"": 4527, ""tiny_component_pixel_fraction"": 0.0, ""tiny_component_pixels"": 0}}"
stld,architexture:stld,feature_cluster_coarse_to_fine_global_pooled_init_flip_avg_coarse_only,benchmark,41,42,2,direct_foreground,0.34067864897731853,0.0004289282752887075,0.5,0.1883923452813191,0.49296495267331797,0.1067962646484375,0.8932037353515625,2,2,0.0,0.0,ok,False,"cluster_a->foreground,cluster_b->background",cluster_a,cluster_b,0.34067864897731853,0.0004289282752887075,0.2277775381225178,0.0004289282752887075,best_foreground_cluster_iou,1,fpn_2,fpn_2,fpn_2,72x72,36533,29003,36533,29003,36533,29003,0.0,0.0,0.0,0.0,coarsest_pooled_direct,pooled_avg_pool_flip_avg_coarse_only,False,False,architexture_binary_v1,0.34067864897731853,0.0004289282752887075,0.1883923452813191,0.002729500891265597,3,3,24x24,"{""cluster_0"": {""cluster_value"": 0, ""component_size_histogram"": {""2889"": 1}, ""largest_component_size"": 2889, ""num_1_cell_components"": 0, ""num_2_cell_components"": 0, ""num_components"": 1, ""smallest_component_size"": 2889, ""tiny_component_pixel_fraction"": 0.0, ""tiny_component_pixels"": 0}, ""cluster_1"": {""cluster_value"": 1, ""component_size_histogram"": {""2295"": 1}, ""largest_component_size"": 2295, ""num_1_cell_components"": 0, ""num_2_cell_components"": 0, ""num_components"": 1, ""smallest_component_size"": 2295, ""tiny_component_pixel_fraction"": 0.0, ""tiny_component_pixels"": 0}}"
stld,architexture:stld,feature_cluster_coarse_to_fine_global_pooled_init_flip_avg_coarse_only,benchmark,42,43,2,direct_foreground,0.687780081163378,0.5260982853190449,0.5,0.4796421703870914,0.8959179919396646,0.0879058837890625,0.9120941162109375,2,2,0.0,0.0,ok,False,"cluster_a->foreground,cluster_b->background",cluster_a,cluster_b,0.687780081163378,0.5260982853190449,0.047521813141345744,0.5260982853190449,best_foreground_cluster_iou,1,fpn_2,fpn_2,fpn_2,72x72,11937,53599,11937,53599,11937,53599,0.0,0.0,0.0,0.0,coarsest_pooled_direct,pooled_avg_pool_flip_avg_coarse_only,False,False,architexture_binary_v1,0.687780081163378,0.5260982853190449,0.4796421703870914,0.00040447620331670486,3,3,24x24,"{""cluster_0"": {""cluster_value"": 0, ""component_size_histogram"": {""9"": 1, ""936"": 1}, ""largest_component_size"": 936, ""num_1_cell_components"": 0, ""num_2_cell_components"": 0, ""num_components"": 2, ""smallest_component_size"": 9, ""tiny_component_pixel_fraction"": 0.0, ""tiny_component_pixels"": 0}, ""cluster_1"": {""cluster_value"": 1, ""component_size_histogram"": {""4230"": 1, ""9"": 1}, ""largest_component_size"": 4230, ""num_1_cell_components"": 0, ""num_2_cell_components"": 0, ""num_components"": 2, ""smallest_component_size"": 9, ""tiny_component_pixel_fraction"": 0.0, ""tiny_component_pixels"": 0}}"
stld,architexture:stld,feature_cluster_coarse_to_fine_global_pooled_init_flip_avg_coarse_only,benchmark,43,44,2,direct_foreground,0.8182059819941618,0.7304946075459889,0.5,0.701634328959021,0.9347776350293026,0.1350250244140625,0.8649749755859375,2,2,0.0,0.0,ok,False,"cluster_a->foreground,cluster_b->background",cluster_a,cluster_b,0.8182059819941618,0.7304946075459889,0.0283893063906984,0.7304946075459889,best_foreground_cluster_iou,1,fpn_2,fpn_2,fpn_2,72x72,12287,53249,12287,53249,12287,53249,0.0,0.0,0.0,0.0,coarsest_pooled_direct,pooled_avg_pool_flip_avg_coarse_only,False,False,architexture_binary_v1,0.8182059819941618,0.7304946075459889,0.701634328959021,0.002162545994448389,3,3,24x24,"{""cluster_0"": {""cluster_value"": 0, ""component_size_histogram"": {""972"": 1}, ""largest_component_size"": 972, ""num_1_cell_components"": 0, ""num_2_cell_components"": 0, ""num_components"": 1, ""smallest_component_size"": 972, ""tiny_component_pixel_fraction"": 0.0, ""tiny_component_pixels"": 0}, ""cluster_1"": {""cluster_value"": 1, ""component_size_histogram"": {""4212"": 1}, ""largest_component_size"": 4212, ""num_1_cell_components"": 0, ""num_2_cell_components"": 0, ""num_components"": 1, ""smallest_component_size"": 4212, ""tiny_component_pixel_fraction"": 0.0, ""tiny_component_pixels"": 0}}"
stld,architexture:stld,feature_cluster_coarse_to_fine_global_pooled_init_flip_avg_coarse_only,benchmark,44,45,2,direct_foreground,0.5472705849559755,0.2797576252498834,0.5,0.3009845288326301,0.7935566410793208,0.08184814453125,0.91815185546875,2,2,0.0,0.0,ok,False,"cluster_a->foreground,cluster_b->background",cluster_a,cluster_b,0.5472705849559755,0.2797576252498834,0.09484041218306559,0.2797576252498834,best_foreground_cluster_iou,1,fpn_2,fpn_2,fpn_2,72x72,17761,47775,17761,47775,17761,47775,0.0,0.0,0.0,0.0,coarsest_pooled_direct,pooled_avg_pool_flip_avg_coarse_only,False,False,architexture_binary_v1,0.5472705849559755,0.2797576252498834,0.3009845288326301,0.00026352941176470586,3,3,24x24,"{""cluster_0"": {""cluster_value"": 0, ""component_size_histogram"": {""1350"": 1, ""36"": 1, ""9"": 2}, ""largest_component_size"": 1350, ""num_1_cell_components"": 0, ""num_2_cell_components"": 0, ""num_components"": 4, ""smallest_component_size"": 9, ""tiny_component_pixel_fraction"": 0.0, ""tiny_component_pixels"": 0}, ""cluster_1"": {""cluster_value"": 1, ""component_size_histogram"": {""3780"": 1}, ""largest_component_size"": 3780, ""num_1_cell_components"": 0, ""num_2_cell_components"": 0, ""num_components"": 1, ""smallest_component_size"": 3780, ""tiny_component_pixel_fraction"": 0.0, ""tiny_component_pixels"": 0}}"
stld,architexture:stld,feature_cluster_coarse_to_fine_global_pooled_init_flip_avg_coarse_only,benchmark,45,46,2,direct_foreground,0.3561717727401024,0.013484893165242597,0.5,0.19871542058707534,0.5136281248931295,0.108978271484375,0.891021728515625,2,2,0.0,0.0,ok,False,"cluster_b->foreground,cluster_a->background",cluster_b,cluster_a,0.21781342828562933,0.013484893165242597,0.3561717727401024,0.013484893165242597,best_foreground_cluster_iou,1,fpn_2,fpn_2,fpn_2,72x72,30126,35410,30126,35410,30126,35410,0.0,0.0,0.0,0.0,coarsest_pooled_direct,pooled_avg_pool_flip_avg_coarse_only,False,False,architexture_binary_v1,0.3561717727401024,0.013484893165242597,0.002366863905325444,0.19871542058707534,3,3,24x24,"{""cluster_0"": {""cluster_value"": 0, ""component_size_histogram"": {""2376"": 1, ""9"": 1}, ""largest_component_size"": 2376, ""num_1_cell_components"": 0, ""num_2_cell_components"": 0, ""num_components"": 2, ""smallest_component_size"": 9, ""tiny_component_pixel_fraction"": 0.0, ""tiny_component_pixels"": 0}, ""cluster_1"": {""cluster_value"": 1, ""component_size_histogram"": {""2799"": 1}, ""largest_component_size"": 2799, ""num_1_cell_components"": 0, ""num_2_cell_components"": 0, ""num_components"": 1, ""smallest_component_size"": 2799, ""tiny_component_pixel_fraction"": 0.0, ""tiny_component_pixels"": 0}}"
stld,architexture:stld,feature_cluster_coarse_to_fine_global_pooled_init_flip_avg_coarse_only,benchmark,46,47,2,direct_foreground,0.8628470605198444,0.8161074762067332,0.5,0.7573302469135802,0.9683638741261086,0.092254638671875,0.907745361328125,2,2,0.0,0.0,ok,False,"cluster_a->foreground,cluster_b->background",cluster_a,cluster_b,0.8628470605198444,0.8161074762067332,0.014460839857387553,0.8161074762067332,best_foreground_cluster_iou,1,fpn_2,fpn_2,fpn_2,72x72,7619,57917,7619,57917,7619,57917,0.0,0.0,0.0,0.0,coarsest_pooled_direct,pooled_avg_pool_flip_avg_coarse_only,False,False,architexture_binary_v1,0.8628470605198444,0.8161074762067332,0.7573302469135802,0.0024605836441713947,3,3,24x24,"{""cluster_0"": {""cluster_value"": 0, ""component_size_histogram"": {""603"": 1}, ""largest_component_size"": 603, ""num_1_cell_components"": 0, ""num_2_cell_components"": 0, ""num_components"": 1, ""smallest_component_size"": 603, ""tiny_component_pixel_fraction"": 0.0, ""tiny_component_pixels"": 0}, ""cluster_1"": {""cluster_value"": 1, ""component_size_histogram"": {""4581"": 1}, ""largest_component_size"": 4581, ""num_1_cell_components"": 0, ""num_2_cell_components"": 0, ""num_components"": 1, ""smallest_component_size"": 4581, ""tiny_component_pixel_fraction"": 0.0, ""tiny_component_pixels"": 0}}"
stld,architexture:stld,feature_cluster_coarse_to_fine_global_pooled_init_flip_avg_coarse_only,benchmark,47,48,2,direct_foreground,0.8431093951453663,0.7805663087034889,0.5,0.7303030303030303,0.9559157599877022,0.107666015625,0.892333984375,2,2,0.0,0.0,ok,False,"cluster_a->foreground,cluster_b->background",cluster_a,cluster_b,0.8431093951453663,0.7805663087034889,0.01973148709033429,0.7805663087034889,best_foreground_cluster_iou,1,fpn_2,fpn_2,fpn_2,72x72,9503,56033,9503,56033,9503,56033,0.0,0.0,0.0,0.0,coarsest_pooled_direct,pooled_avg_pool_flip_avg_coarse_only,False,False,architexture_binary_v1,0.8431093951453663,0.7805663087034889,0.7303030303030303,0.0010631208149535084,3,3,24x24,"{""cluster_0"": {""cluster_value"": 0, ""component_size_histogram"": {""756"": 1}, ""largest_component_size"": 756, ""num_1_cell_components"": 0, ""num_2_cell_components"": 0, ""num_components"": 1, ""smallest_component_size"": 756, ""tiny_component_pixel_fraction"": 0.0, ""tiny_component_pixels"": 0}, ""cluster_1"": {""cluster_value"": 1, ""component_size_histogram"": {""4428"": 1}, ""largest_component_size"": 4428, ""num_1_cell_components"": 0, ""num_2_cell_components"": 0, ""num_components"": 1, ""smallest_component_size"": 4428, ""tiny_component_pixel_fraction"": 0.0, ""tiny_component_pixels"": 0}}"
stld,architexture:stld,feature_cluster_coarse_to_fine_global_pooled_init_flip_avg_coarse_only,benchmark,48,49,2,direct_foreground,0.5911040653151368,0.34408691150900217,0.5,0.37908355795148246,0.8031245726787912,0.10821533203125,0.89178466796875,2,2,0.0,0.0,ok,False,"cluster_a->foreground,cluster_b->background",cluster_a,cluster_b,0.5911040653151368,0.34408691150900217,0.08805246332811457,0.34408691150900217,best_foreground_cluster_iou,1,fpn_2,fpn_2,fpn_2,72x72,18490,47046,18490,47046,18490,47046,0.0,0.0,0.0,0.0,coarsest_pooled_direct,pooled_avg_pool_flip_avg_coarse_only,False,False,architexture_binary_v1,0.5911040653151368,0.34408691150900217,0.37908355795148246,0.0011095084877399313,3,3,24x24,"{""cluster_0"": {""cluster_value"": 0, ""component_size_histogram"": {""1467"": 1}, ""largest_component_size"": 1467, ""num_1_cell_components"": 0, ""num_2_cell_components"": 0, ""num_components"": 1, ""smallest_component_size"": 1467, ""tiny_component_pixel_fraction"": 0.0, ""tiny_component_pixels"": 0}, ""cluster_1"": {""cluster_value"": 1, ""component_size_histogram"": {""1638"": 1, ""2079"": 1}, ""largest_component_size"": 2079, ""num_1_cell_components"": 0, ""num_2_cell_components"": 0, ""num_components"": 2, ""smallest_component_size"": 1638, ""tiny_component_pixel_fraction"": 0.0, ""tiny_component_pixels"": 0}}"
stld,architexture:stld,feature_cluster_coarse_to_fine_global_pooled_init_flip_avg_coarse_only,benchmark,49,50,2,direct_foreground,0.6139171294730781,0.4017518568351679,0.5,0.3075233388248215,0.9203109201213346,0.0342559814453125,0.9657440185546875,2,2,0.0,0.0,ok,False,"cluster_a->foreground,cluster_b->background",cluster_a,cluster_b,0.6139171294730781,0.4017518568351679,0.03848877671398737,0.4017518568351679,best_foreground_cluster_iou,1,fpn_2,fpn_2,fpn_2,72x72,7279,58257,7279,58257,7279,58257,0.0,0.0,0.0,0.0,coarsest_pooled_direct,pooled_avg_pool_flip_avg_coarse_only,False,False,architexture_binary_v1,0.6139171294730781,0.4017518568351679,0.3075233388248215,8.264872638312643e-05,3,3,24x24,"{""cluster_0"": {""cluster_value"": 0, ""component_size_histogram"": {""576"": 1}, ""largest_component_size"": 576, ""num_1_cell_components"": 0, ""num_2_cell_components"": 0, ""num_components"": 1, ""smallest_component_size"": 576, ""tiny_component_pixel_fraction"": 0.0, ""tiny_component_pixels"": 0}, ""cluster_1"": {""cluster_value"": 1, ""component_size_histogram"": {""4590"": 1, ""9"": 2}, ""largest_component_size"": 4590, ""num_1_cell_components"": 0, ""num_2_cell_components"": 0, ""num_components"": 3, ""smallest_component_size"": 9, ""tiny_component_pixel_fraction"": 0.0, ""tiny_component_pixels"": 0}}"
stld,architexture:stld,feature_cluster_coarse_to_fine_global_pooled_init_flip_avg_coarse_only,benchmark,50,51,2,direct_foreground,0.8850360306797352,0.8391013829895633,0.5,0.80500877022023,0.9650632911392405,0.1282196044921875,0.8717803955078125,2,2,0.0,0.0,ok,False,"cluster_a->foreground,cluster_b->background",cluster_a,cluster_b,0.8850360306797352,0.8391013829895633,0.015328844525641655,0.8391013829895633,best_foreground_cluster_iou,1,fpn_2,fpn_2,fpn_2,72x72,10120,55416,10120,55416,10120,55416,0.0,0.0,0.0,0.0,coarsest_pooled_direct,pooled_avg_pool_flip_avg_coarse_only,False,False,architexture_binary_v1,0.8850360306797352,0.8391013829895633,0.80500877022023,0.002230004554234653,3,3,24x24,"{""cluster_0"": {""cluster_value"": 0, ""component_size_histogram"": {""801"": 1}, ""largest_component_size"": 801, ""num_1_cell_components"": 0, ""num_2_cell_components"": 0, ""num_components"": 1, ""smallest_component_size"": 801, ""tiny_component_pixel_fraction"": 0.0, ""tiny_component_pixels"": 0}, ""cluster_1"": {""cluster_value"": 1, ""component_size_histogram"": {""4383"": 1}, ""largest_component_size"": 4383, ""num_1_cell_components"": 0, ""num_2_cell_components"": 0, ""num_components"": 1, ""smallest_component_size"": 4383, ""tiny_component_pixel_fraction"": 0.0, ""tiny_component_pixels"": 0}}"
stld,architexture:stld,feature_cluster_coarse_to_fine_global_pooled_init_flip_avg_coarse_only,benchmark,51,52,2,direct_foreground,0.811086340838671,0.7362655433017367,0.5,0.6703006655955933,0.9518720160817489,0.0910186767578125,0.9089813232421875,2,2,0.0,0.0,ok,False,"cluster_a->foreground,cluster_b->background",cluster_a,cluster_b,0.811086340838671,0.7362655433017367,0.022000429540300893,0.7362655433017367,best_foreground_cluster_iou,1,fpn_2,fpn_2,fpn_2,72x72,8590,56946,8590,56946,8590,56946,0.0,0.0,0.0,0.0,coarsest_pooled_direct,pooled_avg_pool_flip_avg_coarse_only,False,False,architexture_binary_v1,0.811086340838671,0.7362655433017367,0.6703006655955933,0.0019749311163138866,3,3,24x24,"{""cluster_0"": {""cluster_value"": 0, ""component_size_histogram"": {""684"": 1}, ""largest_component_size"": 684, ""num_1_cell_components"": 0, ""num_2_cell_components"": 0, ""num_components"": 1, ""smallest_component_size"": 684, ""tiny_component_pixel_fraction"": 0.0, ""tiny_component_pixels"": 0}, ""cluster_1"": {""cluster_value"": 1, ""component_size_histogram"": {""4500"": 1}, ""largest_component_size"": 4500, ""num_1_cell_components"": 0, ""num_2_cell_components"": 0, ""num_components"": 1, ""smallest_component_size"": 4500, ""tiny_component_pixel_fraction"": 0.0, ""tiny_component_pixels"": 0}}"
stld,architexture:stld,feature_cluster_coarse_to_fine_global_pooled_init_flip_avg_coarse_only,benchmark,52,53,2,direct_foreground,0.8534902858102134,0.7452861565537064,0.5,0.7963788170176838,0.9106017546027431,0.263153076171875,0.736846923828125,2,2,0.0,0.0,ok,False,"cluster_a->foreground,cluster_b->background",cluster_a,cluster_b,0.8534902858102134,0.7452861565537064,0.03338229392551272,0.7452861565537064,best_foreground_cluster_iou,1,fpn_2,fpn_2,fpn_2,72x72,21051,44485,21051,44485,21051,44485,0.0,0.0,0.0,0.0,coarsest_pooled_direct,pooled_avg_pool_flip_avg_coarse_only,False,False,architexture_binary_v1,0.8534902858102134,0.7452861565537064,0.7963788170176838,0.004360346875355905,3,3,24x24,"{""cluster_0"": {""cluster_value"": 0, ""component_size_histogram"": {""1665"": 1}, ""largest_component_size"": 1665, ""num_1_cell_components"": 0, ""num_2_cell_components"": 0, ""num_components"": 1, ""smallest_component_size"": 1665, ""tiny_component_pixel_fraction"": 0.0, ""tiny_component_pixels"": 0}, ""cluster_1"": {""cluster_value"": 1, ""component_size_histogram"": {""3519"": 1}, ""largest_component_size"": 3519, ""num_1_cell_components"": 0, ""num_2_cell_components"": 0, ""num_components"": 1, ""smallest_component_size"": 3519, ""tiny_component_pixel_fraction"": 0.0, ""tiny_component_pixels"": 0}}"
stld,architexture:stld,feature_cluster_coarse_to_fine_global_pooled_init_flip_avg_coarse_only,benchmark,53,54,2,direct_foreground,0.7699364363804873,0.6717401619929859,0.5,0.5995088737582319,0.9403639990027425,0.0832366943359375,0.9167633056640625,2,2,0.0,0.0,ok,False,"cluster_a->foreground,cluster_b->background",cluster_a,cluster_b,0.7699364363804873,0.6717401619929859,0.027444777532481375,0.6717401619929859,best_foreground_cluster_iou,1,fpn_2,fpn_2,fpn_2,72x72,8875,56661,8875,56661,8875,56661,0.0,0.0,0.0,0.0,coarsest_pooled_direct,pooled_avg_pool_flip_avg_coarse_only,False,False,architexture_binary_v1,0.7699364363804873,0.6717401619929859,0.5995088737582319,0.0013541397988135156,3,3,24x24,"{""cluster_0"": {""cluster_value"": 0, ""component_size_histogram"": {""702"": 1}, ""largest_component_size"": 702, ""num_1_cell_components"": 0, ""num_2_cell_components"": 0, ""num_components"": 1, ""smallest_component_size"": 702, ""tiny_component_pixel_fraction"": 0.0, ""tiny_component_pixels"": 0}, ""cluster_1"": {""cluster_value"": 1, ""component_size_histogram"": {""4482"": 1}, ""largest_component_size"": 4482, ""num_1_cell_components"": 0, ""num_2_cell_components"": 0, ""num_components"": 1, ""smallest_component_size"": 4482, ""tiny_component_pixel_fraction"": 0.0, ""tiny_component_pixels"": 0}}"
stld,architexture:stld,feature_cluster_coarse_to_fine_global_pooled_init_flip_avg_coarse_only,benchmark,54,55,2,direct_foreground,0.8255692481192705,0.7529724265874419,0.5,0.7016925246826516,0.9494459715558894,0.107025146484375,0.892974853515625,2,2,0.0,0.0,ok,False,"cluster_a->foreground,cluster_b->background",cluster_a,cluster_b,0.8255692481192705,0.7529724265874419,0.022624644185466322,0.7529724265874419,best_foreground_cluster_iou,1,fpn_2,fpn_2,fpn_2,72x72,9877,55659,9877,55659,9877,55659,0.0,0.0,0.0,0.0,coarsest_pooled_direct,pooled_avg_pool_flip_avg_coarse_only,False,False,architexture_binary_v1,0.8255692481192705,0.7529724265874419,0.7016925246826516,0.0007824476239141543,3,3,24x24,"{""cluster_0"": {""cluster_value"": 0, ""component_size_histogram"": {""783"": 1}, ""largest_component_size"": 783, ""num_1_cell_components"": 0, ""num_2_cell_components"": 0, ""num_components"": 1, ""smallest_component_size"": 783, ""tiny_component_pixel_fraction"": 0.0, ""tiny_component_pixels"": 0}, ""cluster_1"": {""cluster_value"": 1, ""component_size_histogram"": {""4401"": 1}, ""largest_component_size"": 4401, ""num_1_cell_components"": 0, ""num_2_cell_components"": 0, ""num_components"": 1, ""smallest_component_size"": 4401, ""tiny_component_pixel_fraction"": 0.0, ""tiny_component_pixels"": 0}}"
stld,architexture:stld,feature_cluster_coarse_to_fine_global_pooled_init_flip_avg_coarse_only,benchmark,55,56,2,direct_foreground,0.747412668999635,0.6319320763323791,0.5,0.5664815749621404,0.9283437630371297,0.08636474609375,0.91363525390625,2,2,0.0,0.0,ok,False,"cluster_a->foreground,cluster_b->background",cluster_a,cluster_b,0.747412668999635,0.6319320763323791,0.03281074529679396,0.6319320763323791,best_foreground_cluster_iou,1,fpn_2,fpn_2,fpn_2,72x72,9856,55680,9856,55680,9856,55680,0.0,0.0,0.0,0.0,coarsest_pooled_direct,pooled_avg_pool_flip_avg_coarse_only,False,False,architexture_binary_v1,0.747412668999635,0.6319320763323791,0.5664815749621404,0.0007994648480201008,3,3,24x24,"{""cluster_0"": {""cluster_value"": 0, ""component_size_histogram"": {""783"": 1}, ""largest_component_size"": 783, ""num_1_cell_components"": 0, ""num_2_cell_components"": 0, ""num_components"": 1, ""smallest_component_size"": 783, ""tiny_component_pixel_fraction"": 0.0, ""tiny_component_pixels"": 0}, ""cluster_1"": {""cluster_value"": 1, ""component_size_histogram"": {""4392"": 1, ""9"": 1}, ""largest_component_size"": 4392, ""num_1_cell_components"": 0, ""num_2_cell_components"": 0, ""num_components"": 2, ""smallest_component_size"": 9, ""tiny_component_pixel_fraction"": 0.0, ""tiny_component_pixels"": 0}}"
stld,architexture:stld,feature_cluster_coarse_to_fine_global_pooled_init_flip_avg_coarse_only,benchmark,56,57,2,direct_foreground,0.8662567193747194,0.7934474475521316,0.5,0.7903530045809755,0.9421604341684633,0.1857452392578125,0.8142547607421875,2,2,0.0,0.0,ok,False,"cluster_a->foreground,cluster_b->background",cluster_a,cluster_b,0.8662567193747194,0.7934474475521316,0.02402368478249096,0.7934474475521316,best_foreground_cluster_iou,1,fpn_2,fpn_2,fpn_2,72x72,14403,51133,14403,51133,14403,51133,0.0,0.0,0.0,0.0,coarsest_pooled_direct,pooled_avg_pool_flip_avg_coarse_only,False,False,architexture_binary_v1,0.8662567193747194,0.7934474475521316,0.7903530045809755,0.007015032211882605,3,3,24x24,"{""cluster_0"": {""cluster_value"": 0, ""component_size_histogram"": {""1134"": 1, ""9"": 1}, ""largest_component_size"": 1134, ""num_1_cell_components"": 0, ""num_2_cell_components"": 0, ""num_components"": 2, ""smallest_component_size"": 9, ""tiny_component_pixel_fraction"": 0.0, ""tiny_component_pixels"": 0}, ""cluster_1"": {""cluster_value"": 1, ""component_size_histogram"": {""4041"": 1}, ""largest_component_size"": 4041, ""num_1_cell_components"": 0, ""num_2_cell_components"": 0, ""num_components"": 1, ""smallest_component_size"": 4041, ""tiny_component_pixel_fraction"": 0.0, ""tiny_component_pixels"": 0}}"
stld,architexture:stld,feature_cluster_coarse_to_fine_global_pooled_init_flip_avg_coarse_only,benchmark,57,58,2,direct_foreground,0.6358906898730493,0.44367044137493167,0.5,0.3663611859838275,0.9054201937622711,0.052093505859375,0.947906494140625,2,2,0.0,0.0,ok,False,"cluster_a->foreground,cluster_b->background",cluster_a,cluster_b,0.6358906898730493,0.44367044137493167,0.044860860465699176,0.44367044137493167,best_foreground_cluster_iou,1,fpn_2,fpn_2,fpn_2,72x72,9259,56277,9259,56277,9259,56277,0.0,0.0,0.0,0.0,coarsest_pooled_direct,pooled_avg_pool_flip_avg_coarse_only,False,False,architexture_binary_v1,0.6358906898730493,0.44367044137493167,0.3663611859838275,0.00026811897779639715,3,3,24x24,"{""cluster_0"": {""cluster_value"": 0, ""component_size_histogram"": {""729"": 1}, ""largest_component_size"": 729, ""num_1_cell_components"": 0, ""num_2_cell_components"": 0, ""num_components"": 1, ""smallest_component_size"": 729, ""tiny_component_pixel_fraction"": 0.0, ""tiny_component_pixels"": 0}, ""cluster_1"": {""cluster_value"": 1, ""component_size_histogram"": {""4455"": 1}, ""largest_component_size"": 4455, ""num_1_cell_components"": 0, ""num_2_cell_components"": 0, ""num_components"": 1, ""smallest_component_size"": 4455, ""tiny_component_pixel_fraction"": 0.0, ""tiny_component_pixels"": 0}}"
stld,architexture:stld,feature_cluster_coarse_to_fine_global_pooled_init_flip_avg_coarse_only,benchmark,58,59,2,direct_foreground,0.5230891112279574,0.18821800904701666,0.5,0.389563146929462,0.6566150755264528,0.1848297119140625,0.8151702880859375,2,2,0.0,0.0,ok,False,"cluster_b->foreground,cluster_a->background",cluster_b,cluster_a,0.14250858924929477,0.18821800904701666,0.5230891112279574,0.18821800904701666,best_foreground_cluster_iou,1,fpn_2,fpn_2,fpn_2,72x72,35630,29906,35630,29906,35630,29906,0.0,0.0,0.0,0.0,coarsest_pooled_direct,pooled_avg_pool_flip_avg_coarse_only,False,False,architexture_binary_v1,0.5230891112279574,0.18821800904701666,0.007023834634043451,0.389563146929462,3,3,24x24,"{""cluster_0"": {""cluster_value"": 0, ""component_size_histogram"": {""2799"": 1, ""9"": 2}, ""largest_component_size"": 2799, ""num_1_cell_components"": 0, ""num_2_cell_components"": 0, ""num_components"": 3, ""smallest_component_size"": 9, ""tiny_component_pixel_fraction"": 0.0, ""tiny_component_pixels"": 0}, ""cluster_1"": {""cluster_value"": 1, ""component_size_histogram"": {""2367"": 1}, ""largest_component_size"": 2367, ""num_1_cell_components"": 0, ""num_2_cell_components"": 0, ""num_components"": 1, ""smallest_component_size"": 2367, ""tiny_component_pixel_fraction"": 0.0, ""tiny_component_pixels"": 0}}"
stld,architexture:stld,feature_cluster_coarse_to_fine_global_pooled_init_flip_avg_coarse_only,benchmark,59,60,2,direct_foreground,0.82075848167816,0.7017311254537326,0.5,0.7383751443266505,0.9031418190296695,0.2179718017578125,0.7820281982421875,2,2,0.0,0.0,ok,False,"cluster_a->foreground,cluster_b->background",cluster_a,cluster_b,0.82075848167816,0.7017311254537326,0.038282179390784536,0.7017311254537326,best_foreground_cluster_iou,1,fpn_2,fpn_2,fpn_2,72x72,18838,46698,18838,46698,18838,46698,0.0,0.0,0.0,0.0,coarsest_pooled_direct,pooled_avg_pool_flip_avg_coarse_only,False,False,architexture_binary_v1,0.82075848167816,0.7017311254537326,0.7383751443266505,0.0035545608636266394,3,3,24x24,"{""cluster_0"": {""cluster_value"": 0, ""component_size_histogram"": {""1485"": 1}, ""largest_component_size"": 1485, ""num_1_cell_components"": 0, ""num_2_cell_components"": 0, ""num_components"": 1, ""smallest_component_size"": 1485, ""tiny_component_pixel_fraction"": 0.0, ""tiny_component_pixels"": 0}, ""cluster_1"": {""cluster_value"": 1, ""component_size_histogram"": {""3645"": 1, ""54"": 1}, ""largest_component_size"": 3645, ""num_1_cell_components"": 0, ""num_2_cell_components"": 0, ""num_components"": 2, ""smallest_component_size"": 54, ""tiny_component_pixel_fraction"": 0.0, ""tiny_component_pixels"": 0}}"
stld,architexture:stld,feature_cluster_coarse_to_fine_global_pooled_init_flip_avg_coarse_only,benchmark,60,61,2,direct_foreground,0.8478093294518192,0.7936079792285431,0.5,0.7315914489311164,0.964027209972522,0.0917205810546875,0.9082794189453125,2,2,0.0,0.0,ok,False,"cluster_a->foreground,cluster_b->background",cluster_a,cluster_b,0.8478093294518192,0.7936079792285431,0.016455146623286225,0.7936079792285431,best_foreground_cluster_iou,1,fpn_2,fpn_2,fpn_2,72x72,7840,57696,7840,57696,7840,57696,0.0,0.0,0.0,0.0,coarsest_pooled_direct,pooled_avg_pool_flip_avg_coarse_only,False,False,architexture_binary_v1,0.8478093294518192,0.7936079792285431,0.7315914489311164,0.002502045697740291,3,3,24x24,"{""cluster_0"": {""cluster_value"": 0, ""component_size_histogram"": {""621"": 1}, ""largest_component_size"": 621, ""num_1_cell_components"": 0, ""num_2_cell_components"": 0, ""num_components"": 1, ""smallest_component_size"": 621, ""tiny_component_pixel_fraction"": 0.0, ""tiny_component_pixels"": 0}, ""cluster_1"": {""cluster_value"": 1, ""component_size_histogram"": {""4563"": 1}, ""largest_component_size"": 4563, ""num_1_cell_components"": 0, ""num_2_cell_components"": 0, ""num_components"": 1, ""smallest_component_size"": 4563, ""tiny_component_pixel_fraction"": 0.0, ""tiny_component_pixels"": 0}}"
stld,architexture:stld,feature_cluster_coarse_to_fine_global_pooled_init_flip_avg_coarse_only,benchmark,61,62,2,direct_foreground,0.8317075373543975,0.7657171286192411,0.5,0.7080985526461164,0.9553165220626786,0.1004791259765625,0.8995208740234375,2,2,0.0,0.0,ok,False,"cluster_a->foreground,cluster_b->background",cluster_a,cluster_b,0.8317075373543975,0.7657171286192411,0.02026002417317589,0.7657171286192411,best_foreground_cluster_iou,1,fpn_2,fpn_2,fpn_2,72x72,8875,56661,8875,56661,8875,56661,0.0,0.0,0.0,0.0,coarsest_pooled_direct,pooled_avg_pool_flip_avg_coarse_only,False,False,architexture_binary_v1,0.8317075373543975,0.7657171286192411,0.7080985526461164,0.0027905501823370857,3,3,24x24,"{""cluster_0"": {""cluster_value"": 0, ""component_size_histogram"": {""702"": 1}, ""largest_component_size"": 702, ""num_1_cell_components"": 0, ""num_2_cell_components"": 0, ""num_components"": 1, ""smallest_component_size"": 702, ""tiny_component_pixel_fraction"": 0.0, ""tiny_component_pixels"": 0}, ""cluster_1"": {""cluster_value"": 1, ""component_size_histogram"": {""4482"": 1}, ""largest_component_size"": 4482, ""num_1_cell_components"": 0, ""num_2_cell_components"": 0, ""num_components"": 1, ""smallest_component_size"": 4482, ""tiny_component_pixel_fraction"": 0.0, ""tiny_component_pixels"": 0}}"
stld,architexture:stld,feature_cluster_coarse_to_fine_global_pooled_init_flip_avg_coarse_only,benchmark,62,63,2,direct_foreground,0.38996914733286064,0.04610076090407379,0.5,0.22211808809746955,0.5578202065682517,0.1135101318359375,0.8864898681640625,2,2,0.0,0.0,ok,False,"cluster_b->foreground,cluster_a->background",cluster_b,cluster_a,0.19703033135448883,0.04610076090407379,0.38996914733286064,0.04610076090407379,best_foreground_cluster_iou,1,fpn_2,fpn_2,fpn_2,72x72,32551,32985,32551,32985,32551,32985,0.0,0.0,0.0,0.0,coarsest_pooled_direct,pooled_avg_pool_flip_avg_coarse_only,False,False,architexture_binary_v1,0.38996914733286064,0.04610076090407379,0.002305879993984661,0.22211808809746955,3,3,24x24,"{""cluster_0"": {""cluster_value"": 0, ""component_size_histogram"": {""1008"": 1, ""18"": 1, ""180"": 1, ""189"": 1, ""27"": 2, ""36"": 2, ""513"": 1, ""63"": 1, ""72"": 1, ""81"": 1, ""9"": 4, ""90"": 1, ""99"": 2}, ""largest_component_size"": 1008, ""num_1_cell_components"": 0, ""num_2_cell_components"": 0, ""num_components"": 19, ""smallest_component_size"": 9, ""tiny_component_pixel_fraction"": 0.0, ""tiny_component_pixels"": 0}, ""cluster_1"": {""cluster_value"": 1, ""component_size_histogram"": {""126"": 1, ""18"": 2, ""2007"": 1, ""27"": 3, ""36"": 4, ""54"": 1, ""9"": 18}, ""largest_component_size"": 2007, ""num_1_cell_components"": 0, ""num_2_cell_components"": 0, ""num_components"": 30, ""smallest_component_size"": 9, ""tiny_component_pixel_fraction"": 0.0, ""tiny_component_pixels"": 0}}"
stld,architexture:stld,feature_cluster_coarse_to_fine_global_pooled_init_flip_avg_coarse_only,benchmark,63,64,2,direct_foreground,0.8636114389025483,0.7788410981074562,0.5,0.7958702404233291,0.9313526373817675,0.2114410400390625,0.7885589599609375,2,2,0.0,0.0,ok,False,"cluster_a->foreground,cluster_b->background",cluster_a,cluster_b,0.8636114389025483,0.7788410981074562,0.027093624516905265,0.7788410981074562,best_foreground_cluster_iou,1,fpn_2,fpn_2,fpn_2,72x72,17366,48170,17366,48170,17366,48170,0.0,0.0,0.0,0.0,coarsest_pooled_direct,pooled_avg_pool_flip_avg_coarse_only,False,False,architexture_binary_v1,0.8636114389025483,0.7788410981074562,0.7958702404233291,0.0003225442288773848,3,3,24x24,"{""cluster_0"": {""cluster_value"": 0, ""component_size_histogram"": {""1377"": 1}, ""largest_component_size"": 1377, ""num_1_cell_components"": 0, ""num_2_cell_components"": 0, ""num_components"": 1, ""smallest_component_size"": 1377, ""tiny_component_pixel_fraction"": 0.0, ""tiny_component_pixels"": 0}, ""cluster_1"": {""cluster_value"": 1, ""component_size_histogram"": {""3807"": 1}, ""largest_component_size"": 3807, ""num_1_cell_components"": 0, ""num_2_cell_components"": 0, ""num_components"": 1, ""smallest_component_size"": 3807, ""tiny_component_pixel_fraction"": 0.0, ""tiny_component_pixels"": 0}}"
stld,architexture:stld,feature_cluster_coarse_to_fine_global_pooled_init_flip_avg_coarse_only,benchmark,64,65,2,direct_foreground,0.3768133779816085,0.019362890936689345,0.5,0.23893561284985523,0.5146911431133618,0.1343536376953125,0.8656463623046875,2,2,0.0,0.0,ok,False,"cluster_b->foreground,cluster_a->background",cluster_b,cluster_a,0.21179010740811902,0.019362890936689345,0.3768133779816085,0.019362890936689345,best_foreground_cluster_iou,1,fpn_2,fpn_2,fpn_2,72x72,29411,36125,29411,36125,29411,36125,0.0,0.0,0.0,0.0,coarsest_pooled_direct,pooled_avg_pool_flip_avg_coarse_only,False,False,architexture_binary_v1,0.3768133779816085,0.019362890936689345,0.0036768568126904085,0.23893561284985523,3,3,24x24,"{""cluster_0"": {""cluster_value"": 0, ""component_size_histogram"": {""18"": 1, ""2295"": 1, ""9"": 2}, ""largest_component_size"": 2295, ""num_1_cell_components"": 0, ""num_2_cell_components"": 0, ""num_components"": 4, ""smallest_component_size"": 9, ""tiny_component_pixel_fraction"": 0.0, ""tiny_component_pixels"": 0}, ""cluster_1"": {""cluster_value"": 1, ""component_size_histogram"": {""2853"": 1}, ""largest_component_size"": 2853, ""num_1_cell_components"": 0, ""num_2_cell_components"": 0, ""num_components"": 1, ""smallest_component_size"": 2853, ""tiny_component_pixel_fraction"": 0.0, ""tiny_component_pixels"": 0}}"
stld,architexture:stld,feature_cluster_coarse_to_fine_global_pooled_init_flip_avg_coarse_only,benchmark,65,66,2,direct_foreground,0.2680372941015272,-0.04205860577297384,0.5248148047852879,0.13556710957057577,0.40050747863247865,0.13556710957057577,0.9140625,1,2,0.0,0.0,ok,False,"cluster_a->foreground,cluster_b->background",cluster_a,cluster_b,0.2680372941015272,-0.04205860577297384,0.27398681640625,-0.04205860577297384,best_foreground_cluster_iou,1,fpn_2,fpn_2,fpn_2,72x72,41544,23992,41544,23992,41544,23992,0.0,0.0,0.0,0.0,coarsest_pooled_direct,pooled_avg_pool_flip_avg_coarse_only,False,False,architexture_binary_v1,0.2680372941015272,-0.04205860577297384,0.13556710957057577,0.0,3,3,24x24,"{""cluster_0"": {""cluster_value"": 0, ""component_size_histogram"": {""3285"": 1}, ""largest_component_size"": 3285, ""num_1_cell_components"": 0, ""num_2_cell_components"": 0, ""num_components"": 1, ""smallest_component_size"": 3285, ""tiny_component_pixel_fraction"": 0.0, ""tiny_component_pixels"": 0}, ""cluster_1"": {""cluster_value"": 1, ""component_size_histogram"": {""1899"": 1}, ""largest_component_size"": 1899, ""num_1_cell_components"": 0, ""num_2_cell_components"": 0, ""num_components"": 1, ""smallest_component_size"": 1899, ""tiny_component_pixel_fraction"": 0.0, ""tiny_component_pixels"": 0}}"
stld,architexture:stld,feature_cluster_coarse_to_fine_global_pooled_init_flip_avg_coarse_only,benchmark,66,67,2,direct_foreground,0.8155165128528099,0.7337517854629387,0.5,0.6889279437609842,0.9421050819446357,0.1162872314453125,0.8837127685546875,2,2,0.0,0.0,ok,False,"cluster_a->foreground,cluster_b->background",cluster_a,cluster_b,0.8155165128528099,0.7337517854629387,0.025789603321672464,0.7337517854629387,best_foreground_cluster_iou,1,fpn_2,fpn_2,fpn_2,72x72,10638,54898,10638,54898,10638,54898,0.0,0.0,0.0,0.0,coarsest_pooled_direct,pooled_avg_pool_flip_avg_coarse_only,False,False,architexture_binary_v1,0.8155165128528099,0.7337517854629387,0.6889279437609842,0.002774837198857986,3,3,24x24,"{""cluster_0"": {""cluster_value"": 0, ""component_size_histogram"": {""18"": 4, ""747"": 1, ""9"": 3}, ""largest_component_size"": 747, ""num_1_cell_components"": 0, ""num_2_cell_components"": 0, ""num_components"": 8, ""smallest_component_size"": 9, ""tiny_component_pixel_fraction"": 0.0, ""tiny_component_pixels"": 0}, ""cluster_1"": {""cluster_value"": 1, ""component_size_histogram"": {""4338"": 1}, ""largest_component_size"": 4338, ""num_1_cell_components"": 0, ""num_2_cell_components"": 0, ""num_components"": 1, ""smallest_component_size"": 4338, ""tiny_component_pixel_fraction"": 0.0, ""tiny_component_pixels"": 0}}"
stld,architexture:stld,feature_cluster_coarse_to_fine_global_pooled_init_flip_avg_coarse_only,benchmark,67,68,2,direct_foreground,0.7373772782073529,0.6174297216555631,0.5,0.5461724755185848,0.9285820808961209,0.080078125,0.919921875,2,2,0.0,0.0,ok,False,"cluster_a->foreground,cluster_b->background",cluster_a,cluster_b,0.7373772782073529,0.6174297216555631,0.03294515760271687,0.6174297216555631,best_foreground_cluster_iou,1,fpn_2,fpn_2,fpn_2,72x72,9436,56100,9436,56100,9436,56100,0.0,0.0,0.0,0.0,coarsest_pooled_direct,pooled_avg_pool_flip_avg_coarse_only,False,False,architexture_binary_v1,0.7373772782073529,0.6174297216555631,0.5461724755185848,0.0009953171145593682,3,3,24x24,"{""cluster_0"": {""cluster_value"": 0, ""component_size_histogram"": {""747"": 1}, ""largest_component_size"": 747, ""num_1_cell_components"": 0, ""num_2_cell_components"": 0, ""num_components"": 1, ""smallest_component_size"": 747, ""tiny_component_pixel_fraction"": 0.0, ""tiny_component_pixels"": 0}, ""cluster_1"": {""cluster_value"": 1, ""component_size_histogram"": {""4437"": 1}, ""largest_component_size"": 4437, ""num_1_cell_components"": 0, ""num_2_cell_components"": 0, ""num_components"": 1, ""smallest_component_size"": 4437, ""tiny_component_pixel_fraction"": 0.0, ""tiny_component_pixels"": 0}}"
stld,architexture:stld,feature_cluster_coarse_to_fine_global_pooled_init_flip_avg_coarse_only,benchmark,68,69,2,direct_foreground,0.5700256301563839,0.31381243073516024,0.5,0.3410822749861955,0.7989689853265722,0.094390869140625,0.905609130859375,2,2,0.0,0.0,ok,False,"cluster_a->foreground,cluster_b->background",cluster_a,cluster_b,0.5700256301563839,0.31381243073516024,0.09106933176536347,0.31381243073516024,best_foreground_cluster_iou,1,fpn_2,fpn_2,fpn_2,72x72,18101,47435,18101,47435,18101,47435,0.0,0.0,0.0,0.0,coarsest_pooled_direct,pooled_avg_pool_flip_avg_coarse_only,False,False,architexture_binary_v1,0.5700256301563839,0.31381243073516024,0.3410822749861955,0.0001678728642841155,3,3,24x24,"{""cluster_0"": {""cluster_value"": 0, ""component_size_histogram"": {""1377"": 1, ""36"": 1, ""9"": 2}, ""largest_component_size"": 1377, ""num_1_cell_components"": 0, ""num_2_cell_components"": 0, ""num_components"": 4, ""smallest_component_size"": 9, ""tiny_component_pixel_fraction"": 0.0, ""tiny_component_pixels"": 0}, ""cluster_1"": {""cluster_value"": 1, ""component_size_histogram"": {""18"": 1, ""27"": 1, ""3690"": 1, ""9"": 2}, ""largest_component_size"": 3690, ""num_1_cell_components"": 0, ""num_2_cell_components"": 0, ""num_components"": 5, ""smallest_component_size"": 9, ""tiny_component_pixel_fraction"": 0.0, ""tiny_component_pixels"": 0}}"
stld,architexture:stld,feature_cluster_coarse_to_fine_global_pooled_init_flip_avg_coarse_only,benchmark,69,70,2,direct_foreground,0.8908016660198801,0.8399831447041496,0.5,0.821724110227364,0.959879221812396,0.1588134765625,0.8411865234375,2,2,0.0,0.0,ok,False,"cluster_a->foreground,cluster_b->background",cluster_a,cluster_b,0.8908016660198801,0.8399831447041496,0.017016569674312632,0.8399831447041496,best_foreground_cluster_iou,1,fpn_2,fpn_2,fpn_2,72x72,12267,53269,12267,53269,12267,53269,0.0,0.0,0.0,0.0,coarsest_pooled_direct,pooled_avg_pool_flip_avg_coarse_only,False,False,architexture_binary_v1,0.8908016660198801,0.8399831447041496,0.821724110227364,0.00283477959588642,3,3,24x24,"{""cluster_0"": {""cluster_value"": 0, ""component_size_histogram"": {""972"": 1}, ""largest_component_size"": 972, ""num_1_cell_components"": 0, ""num_2_cell_components"": 0, ""num_components"": 1, ""smallest_component_size"": 972, ""tiny_component_pixel_fraction"": 0.0, ""tiny_component_pixels"": 0}, ""cluster_1"": {""cluster_value"": 1, ""component_size_histogram"": {""4212"": 1}, ""largest_component_size"": 4212, ""num_1_cell_components"": 0, ""num_2_cell_components"": 0, ""num_components"": 1, ""smallest_component_size"": 4212, ""tiny_component_pixel_fraction"": 0.0, ""tiny_component_pixels"": 0}}"
stld,architexture:stld,feature_cluster_coarse_to_fine_global_pooled_init_flip_avg_coarse_only,benchmark,70,71,2,direct_foreground,0.41529428002871704,0.034731939760410564,0.5,0.31409459852470717,0.516493961532727,0.1836395263671875,0.8163604736328125,2,2,0.0,0.0,ok,False,"cluster_b->foreground,cluster_a->background",cluster_b,cluster_a,0.19916304131116044,0.034731939760410564,0.41529428002871704,0.034731939760410564,best_foreground_cluster_iou,1,fpn_2,fpn_2,fpn_2,72x72,27868,37668,27868,37668,27868,37668,0.0,0.0,0.0,0.0,coarsest_pooled_direct,pooled_avg_pool_flip_avg_coarse_only,False,False,architexture_binary_v1,0.41529428002871704,0.034731939760410564,0.003899567273825098,0.31409459852470717,3,3,24x24,"{""cluster_0"": {""cluster_value"": 0, ""component_size_histogram"": {""2205"": 1}, ""largest_component_size"": 2205, ""num_1_cell_components"": 0, ""num_2_cell_components"": 0, ""num_components"": 1, ""smallest_component_size"": 2205, ""tiny_component_pixel_fraction"": 0.0, ""tiny_component_pixels"": 0}, ""cluster_1"": {""cluster_value"": 1, ""component_size_histogram"": {""2979"": 1}, ""largest_component_size"": 2979, ""num_1_cell_components"": 0, ""num_2_cell_components"": 0, ""num_components"": 1, ""smallest_component_size"": 2979, ""tiny_component_pixel_fraction"": 0.0, ""tiny_component_pixels"": 0}}"
stld,architexture:stld,feature_cluster_coarse_to_fine_global_pooled_init_flip_avg_coarse_only,benchmark,71,72,2,direct_foreground,0.3404860006830536,0.012902738115581763,0.5383753704949789,0.16136072634152018,0.519611275024587,0.16136072634152018,0.9153900146484375,1,2,0.0,0.0,ok,False,"cluster_a->foreground,cluster_b->background",cluster_a,cluster_b,0.3404860006830536,0.012902738115581763,0.21987152099609375,0.012902738115581763,best_foreground_cluster_iou,1,fpn_2,fpn_2,fpn_2,72x72,34364,31172,34364,31172,34364,31172,0.0,0.0,0.0,0.0,coarsest_pooled_direct,pooled_avg_pool_flip_avg_coarse_only,False,False,architexture_binary_v1,0.3404860006830536,0.012902738115581763,0.16136072634152018,0.0,3,3,24x24,"{""cluster_0"": {""cluster_value"": 0, ""component_size_histogram"": {""2718"": 1}, ""largest_component_size"": 2718, ""num_1_cell_components"": 0, ""num_2_cell_components"": 0, ""num_components"": 1, ""smallest_component_size"": 2718, ""tiny_component_pixel_fraction"": 0.0, ""tiny_component_pixels"": 0}, ""cluster_1"": {""cluster_value"": 1, ""component_size_histogram"": {""2466"": 1}, ""largest_component_size"": 2466, ""num_1_cell_components"": 0, ""num_2_cell_components"": 0, ""num_components"": 1, ""smallest_component_size"": 2466, ""tiny_component_pixel_fraction"": 0.0, ""tiny_component_pixels"": 0}}"
stld,architexture:stld,feature_cluster_coarse_to_fine_global_pooled_init_flip_avg_coarse_only,benchmark,72,73,2,direct_foreground,0.5509181543269845,0.25195324564769084,0.5,0.38486161533356755,0.7169746933204016,0.15087890625,0.84912109375,2,2,0.0,0.0,ok,False,"cluster_b->foreground,cluster_a->background",cluster_b,cluster_a,0.12034699562918082,0.25195324564769084,0.5509181543269845,0.25195324564769084,best_foreground_cluster_iou,1,fpn_2,fpn_2,fpn_2,72x72,39948,25588,39948,25588,39948,25588,0.0,0.0,0.0,0.0,coarsest_pooled_direct,pooled_avg_pool_flip_avg_coarse_only,False,False,architexture_binary_v1,0.5509181543269845,0.25195324564769084,0.0005822474752544823,0.38486161533356755,3,3,24x24,"{""cluster_0"": {""cluster_value"": 0, ""component_size_histogram"": {""3150"": 1, ""9"": 1}, ""largest_component_size"": 3150, ""num_1_cell_components"": 0, ""num_2_cell_components"": 0, ""num_components"": 2, ""smallest_component_size"": 9, ""tiny_component_pixel_fraction"": 0.0, ""tiny_component_pixels"": 0}, ""cluster_1"": {""cluster_value"": 1, ""component_size_histogram"": {""2025"": 1}, ""largest_component_size"": 2025, ""num_1_cell_components"": 0, ""num_2_cell_components"": 0, ""num_components"": 1, ""smallest_component_size"": 2025, ""tiny_component_pixel_fraction"": 0.0, ""tiny_component_pixels"": 0}}"
stld,architexture:stld,feature_cluster_coarse_to_fine_global_pooled_init_flip_avg_coarse_only,benchmark,73,74,2,direct_foreground,0.8110800871333284,0.7311215931609005,0.5,0.676737160120846,0.9454230141458106,0.102874755859375,0.897125244140625,2,2,0.0,0.0,ok,False,"cluster_a->foreground,cluster_b->background",cluster_a,cluster_b,0.8110800871333284,0.7311215931609005,0.024507106487973104,0.7311215931609005,best_foreground_cluster_iou,1,fpn_2,fpn_2,fpn_2,72x72,9908,55628,9908,55628,9908,55628,0.0,0.0,0.0,0.0,coarsest_pooled_direct,pooled_avg_pool_flip_avg_coarse_only,False,False,architexture_binary_v1,0.8110800871333284,0.7311215931609005,0.676737160120846,0.00035285815102328866,3,3,24x24,"{""cluster_0"": {""cluster_value"": 0, ""component_size_histogram"": {""783"": 1}, ""largest_component_size"": 783, ""num_1_cell_components"": 0, ""num_2_cell_components"": 0, ""num_components"": 1, ""smallest_component_size"": 783, ""tiny_component_pixel_fraction"": 0.0, ""tiny_component_pixels"": 0}, ""cluster_1"": {""cluster_value"": 1, ""component_size_histogram"": {""4401"": 1}, ""largest_component_size"": 4401, ""num_1_cell_components"": 0, ""num_2_cell_components"": 0, ""num_components"": 1, ""smallest_component_size"": 4401, ""tiny_component_pixel_fraction"": 0.0, ""tiny_component_pixels"": 0}}"
stld,architexture:stld,feature_cluster_coarse_to_fine_global_pooled_init_flip_avg_coarse_only,benchmark,74,75,2,direct_foreground,0.9409253990804494,0.9113955660362184,0.5,0.9060789608115011,0.9757718373493975,0.1975860595703125,0.8024139404296875,2,2,0.0,0.0,ok,False,"cluster_a->foreground,cluster_b->background",cluster_a,cluster_b,0.9409253990804494,0.9113955660362184,0.009913529362435084,0.9113955660362184,best_foreground_cluster_iou,1,fpn_2,fpn_2,fpn_2,72x72,13170,52366,13170,52366,13170,52366,0.0,0.0,0.0,0.0,coarsest_pooled_direct,pooled_avg_pool_flip_avg_coarse_only,False,False,architexture_binary_v1,0.9409253990804494,0.9113955660362184,0.9060789608115011,0.008227594084776635,3,3,24x24,"{""cluster_0"": {""cluster_value"": 0, ""component_size_histogram"": {""1044"": 1}, ""largest_component_size"": 1044, ""num_1_cell_components"": 0, ""num_2_cell_components"": 0, ""num_components"": 1, ""smallest_component_size"": 1044, ""tiny_component_pixel_fraction"": 0.0, ""tiny_component_pixels"": 0}, ""cluster_1"": {""cluster_value"": 1, ""component_size_histogram"": {""4140"": 1}, ""largest_component_size"": 4140, ""num_1_cell_components"": 0, ""num_2_cell_components"": 0, ""num_components"": 1, ""smallest_component_size"": 4140, ""tiny_component_pixel_fraction"": 0.0, ""tiny_component_pixels"": 0}}"
stld,architexture:stld,feature_cluster_coarse_to_fine_global_pooled_init_flip_avg_coarse_only,benchmark,75,76,2,direct_foreground,0.5925460581426618,0.3575955372519529,0.5,0.34826398091704214,0.8368281353682814,0.081329345703125,0.918670654296875,2,2,0.0,0.0,ok,False,"cluster_a->foreground,cluster_b->background",cluster_a,cluster_b,0.5925460581426618,0.3575955372519529,0.07522573305555291,0.3575955372519529,best_foreground_cluster_iou,1,fpn_2,fpn_2,fpn_2,72x72,15018,50518,15018,50518,15018,50518,0.0,0.0,0.0,0.0,coarsest_pooled_direct,pooled_avg_pool_flip_avg_coarse_only,False,False,architexture_binary_v1,0.5925460581426618,0.3575955372519529,0.34826398091704214,0.0013267830888944669,3,3,24x24,"{""cluster_0"": {""cluster_value"": 0, ""component_size_histogram"": {""1188"": 1}, ""largest_component_size"": 1188, ""num_1_cell_components"": 0, ""num_2_cell_components"": 0, ""num_components"": 1, ""smallest_component_size"": 1188, ""tiny_component_pixel_fraction"": 0.0, ""tiny_component_pixels"": 0}, ""cluster_1"": {""cluster_value"": 1, ""component_size_histogram"": {""3996"": 1}, ""largest_component_size"": 3996, ""num_1_cell_components"": 0, ""num_2_cell_components"": 0, ""num_components"": 1, ""smallest_component_size"": 3996, ""tiny_component_pixel_fraction"": 0.0, ""tiny_component_pixels"": 0}}"
stld,architexture:stld,feature_cluster_coarse_to_fine_global_pooled_init_flip_avg_coarse_only,benchmark,76,77,2,direct_foreground,0.3977382850388592,0.06339350269717357,0.5,0.20724326434986334,0.588233305727855,0.0975189208984375,0.9024810791015625,2,2,0.0,0.0,ok,False,"cluster_b->foreground,cluster_a->background",cluster_b,cluster_a,0.18603647655412006,0.06339350269717357,0.3977382850388592,0.06339350269717357,best_foreground_cluster_iou,1,fpn_2,fpn_2,fpn_2,72x72,34826,30710,34826,30710,34826,30710,0.0,0.0,0.0,0.0,coarsest_pooled_direct,pooled_avg_pool_flip_avg_coarse_only,False,False,architexture_binary_v1,0.3977382850388592,0.06339350269717357,0.000534045393858478,0.20724326434986334,3,3,24x24,"{""cluster_0"": {""cluster_value"": 0, ""component_size_histogram"": {""2754"": 1}, ""largest_component_size"": 2754, ""num_1_cell_components"": 0, ""num_2_cell_components"": 0, ""num_components"": 1, ""smallest_component_size"": 2754, ""tiny_component_pixel_fraction"": 0.0, ""tiny_component_pixels"": 0}, ""cluster_1"": {""cluster_value"": 1, ""component_size_histogram"": {""2430"": 1}, ""largest_component_size"": 2430, ""num_1_cell_components"": 0, ""num_2_cell_components"": 0, ""num_components"": 1, ""smallest_component_size"": 2430, ""tiny_component_pixel_fraction"": 0.0, ""tiny_component_pixels"": 0}}"
stld,architexture:stld,feature_cluster_coarse_to_fine_global_pooled_init_flip_avg_coarse_only,benchmark,77,78,2,direct_foreground,0.8870056387130986,0.8281441252356744,0.5,0.8210860366713681,0.952925240754829,0.1786651611328125,0.8213348388671875,2,2,0.0,0.0,ok,False,"cluster_a->foreground,cluster_b->background",cluster_a,cluster_b,0.8870056387130986,0.8281441252356744,0.01939450837773102,0.8281441252356744,best_foreground_cluster_iou,1,fpn_2,fpn_2,fpn_2,72x72,14114,51422,14114,51422,14114,51422,0.0,0.0,0.0,0.0,coarsest_pooled_direct,pooled_avg_pool_flip_avg_coarse_only,False,False,architexture_binary_v1,0.8870056387130986,0.8281441252356744,0.8210860366713681,0.001046539284864822,3,3,24x24,"{""cluster_0"": {""cluster_value"": 0, ""component_size_histogram"": {""1116"": 1}, ""largest_component_size"": 1116, ""num_1_cell_components"": 0, ""num_2_cell_components"": 0, ""num_components"": 1, ""smallest_component_size"": 1116, ""tiny_component_pixel_fraction"": 0.0, ""tiny_component_pixels"": 0}, ""cluster_1"": {""cluster_value"": 1, ""component_size_histogram"": {""4068"": 1}, ""largest_component_size"": 4068, ""num_1_cell_components"": 0, ""num_2_cell_components"": 0, ""num_components"": 1, ""smallest_component_size"": 4068, ""tiny_component_pixel_fraction"": 0.0, ""tiny_component_pixels"": 0}}"
stld,architexture:stld,feature_cluster_coarse_to_fine_global_pooled_init_flip_avg_coarse_only,benchmark,78,79,2,direct_foreground,0.8571746092157704,0.7887116552616956,0.5,0.7671589921807124,0.9471902262508285,0.150360107421875,0.849639892578125,2,2,0.0,0.0,ok,False,"cluster_a->foreground,cluster_b->background",cluster_a,cluster_b,0.8571746092157704,0.7887116552616956,0.022585767561249893,0.7887116552616956,best_foreground_cluster_iou,1,fpn_2,fpn_2,fpn_2,72x72,12520,53016,12520,53016,12520,53016,0.0,0.0,0.0,0.0,coarsest_pooled_direct,pooled_avg_pool_flip_avg_coarse_only,False,False,architexture_binary_v1,0.8571746092157704,0.7887116552616956,0.7671589921807124,0.0022477641920005103,3,3,24x24,"{""cluster_0"": {""cluster_value"": 0, ""component_size_histogram"": {""9"": 1, ""981"": 1}, ""largest_component_size"": 981, ""num_1_cell_components"": 0, ""num_2_cell_components"": 0, ""num_components"": 2, ""smallest_component_size"": 9, ""tiny_component_pixel_fraction"": 0.0, ""tiny_component_pixels"": 0}, ""cluster_1"": {""cluster_value"": 1, ""component_size_histogram"": {""4185"": 1, ""9"": 1}, ""largest_component_size"": 4185, ""num_1_cell_components"": 0, ""num_2_cell_components"": 0, ""num_components"": 2, ""smallest_component_size"": 9, ""tiny_component_pixel_fraction"": 0.0, ""tiny_component_pixels"": 0}}"
stld,architexture:stld,feature_cluster_coarse_to_fine_global_pooled_init_flip_avg_coarse_only,benchmark,79,80,2,direct_foreground,0.8942289817105256,0.8598377901642537,0.5,0.813394100519053,0.975063862901998,0.1012725830078125,0.8987274169921875,2,2,0.0,0.0,ok,False,"cluster_a->foreground,cluster_b->background",cluster_a,cluster_b,0.8942289817105256,0.8598377901642537,0.01130873260789664,0.8598377901642537,best_foreground_cluster_iou,1,fpn_2,fpn_2,fpn_2,72x72,7687,57849,7687,57849,7687,57849,0.0,0.0,0.0,0.0,coarsest_pooled_direct,pooled_avg_pool_flip_avg_coarse_only,False,False,architexture_binary_v1,0.8942289817105256,0.8598377901642537,0.813394100519053,0.0032983788156953045,3,3,24x24,"{""cluster_0"": {""cluster_value"": 0, ""component_size_histogram"": {""612"": 1}, ""largest_component_size"": 612, ""num_1_cell_components"": 0, ""num_2_cell_components"": 0, ""num_components"": 1, ""smallest_component_size"": 612, ""tiny_component_pixel_fraction"": 0.0, ""tiny_component_pixels"": 0}, ""cluster_1"": {""cluster_value"": 1, ""component_size_histogram"": {""4572"": 1}, ""largest_component_size"": 4572, ""num_1_cell_components"": 0, ""num_2_cell_components"": 0, ""num_components"": 1, ""smallest_component_size"": 4572, ""tiny_component_pixel_fraction"": 0.0, ""tiny_component_pixels"": 0}}"
stld,architexture:stld,feature_cluster_coarse_to_fine_global_pooled_init_flip_avg_coarse_only,benchmark,80,81,2,direct_foreground,0.34686255126435495,-0.036512119241206224,0.5,0.27901883486640383,0.41470626766230606,0.190643310546875,0.809356689453125,2,2,0.0,0.0,ok,False,"cluster_b->foreground,cluster_a->background",cluster_b,cluster_a,0.24267442023258,-0.036512119241206224,0.34686255126435495,-0.036512119241206224,best_foreground_cluster_iou,1,fpn_2,fpn_2,fpn_2,72x72,22550,42986,22550,42986,22550,42986,0.0,0.0,0.0,0.0,coarsest_pooled_direct,pooled_avg_pool_flip_avg_coarse_only,False,False,architexture_binary_v1,0.34686255126435495,-0.036512119241206224,0.01128329437566733,0.27901883486640383,3,3,24x24,"{""cluster_0"": {""cluster_value"": 0, ""component_size_histogram"": {""153"": 1, ""423"": 1, ""432"": 1, ""693"": 1, ""81"": 1}, ""largest_component_size"": 693, ""num_1_cell_components"": 0, ""num_2_cell_components"": 0, ""num_components"": 5, ""smallest_component_size"": 81, ""tiny_component_pixel_fraction"": 0.0, ""tiny_component_pixels"": 0}, ""cluster_1"": {""cluster_value"": 1, ""component_size_histogram"": {""1044"": 1, ""2358"": 1}, ""largest_component_size"": 2358, ""num_1_cell_components"": 0, ""num_2_cell_components"": 0, ""num_components"": 2, ""smallest_component_size"": 1044, ""tiny_component_pixel_fraction"": 0.0, ""tiny_component_pixels"": 0}}"
stld,architexture:stld,feature_cluster_coarse_to_fine_global_pooled_init_flip_avg_coarse_only,benchmark,81,82,2,direct_foreground,0.8225564055607224,0.7315134157141212,0.5,0.7146219476316563,0.9304908634897886,0.152435302734375,0.847564697265625,2,2,0.0,0.0,ok,False,"cluster_a->foreground,cluster_b->background",cluster_a,cluster_b,0.8225564055607224,0.7315134157141212,0.02983927809783727,0.7315134157141212,best_foreground_cluster_iou,1,fpn_2,fpn_2,fpn_2,72x72,13322,52214,13322,52214,13322,52214,0.0,0.0,0.0,0.0,coarsest_pooled_direct,pooled_avg_pool_flip_avg_coarse_only,False,False,architexture_binary_v1,0.8225564055607224,0.7315134157141212,0.7146219476316563,0.004424350072662684,3,3,24x24,"{""cluster_0"": {""cluster_value"": 0, ""component_size_histogram"": {""1053"": 1}, ""largest_component_size"": 1053, ""num_1_cell_components"": 0, ""num_2_cell_components"": 0, ""num_components"": 1, ""smallest_component_size"": 1053, ""tiny_component_pixel_fraction"": 0.0, ""tiny_component_pixels"": 0}, ""cluster_1"": {""cluster_value"": 1, ""component_size_histogram"": {""4131"": 1}, ""largest_component_size"": 4131, ""num_1_cell_components"": 0, ""num_2_cell_components"": 0, ""num_components"": 1, ""smallest_component_size"": 4131, ""tiny_component_pixel_fraction"": 0.0, ""tiny_component_pixels"": 0}}"
stld,architexture:stld,feature_cluster_coarse_to_fine_global_pooled_init_flip_avg_coarse_only,benchmark,82,83,2,direct_foreground,0.8905407950112298,0.8367486292443367,0.5,0.8238576383652542,0.9572239516572056,0.1697845458984375,0.8302154541015625,2,2,0.0,0.0,ok,False,"cluster_a->foreground,cluster_b->background",cluster_a,cluster_b,0.8905407950112298,0.8367486292443367,0.017924017405640476,0.8367486292443367,best_foreground_cluster_iou,1,fpn_2,fpn_2,fpn_2,72x72,13061,52475,13061,52475,13061,52475,0.0,0.0,0.0,0.0,coarsest_pooled_direct,pooled_avg_pool_flip_avg_coarse_only,False,False,architexture_binary_v1,0.8905407950112298,0.8367486292443367,0.8238576383652542,0.0031702969984700557,3,3,24x24,"{""cluster_0"": {""cluster_value"": 0, ""component_size_histogram"": {""1035"": 1}, ""largest_component_size"": 1035, ""num_1_cell_components"": 0, ""num_2_cell_components"": 0, ""num_components"": 1, ""smallest_component_size"": 1035, ""tiny_component_pixel_fraction"": 0.0, ""tiny_component_pixels"": 0}, ""cluster_1"": {""cluster_value"": 1, ""component_size_histogram"": {""4149"": 1}, ""largest_component_size"": 4149, ""num_1_cell_components"": 0, ""num_2_cell_components"": 0, ""num_components"": 1, ""smallest_component_size"": 4149, ""tiny_component_pixel_fraction"": 0.0, ""tiny_component_pixels"": 0}}"
stld,architexture:stld,feature_cluster_coarse_to_fine_global_pooled_init_flip_avg_coarse_only,benchmark,83,84,2,direct_foreground,0.8261144337200901,0.7542050582047553,0.5,0.7021666158071407,0.9500622516330394,0.105987548828125,0.894012451171875,2,2,0.0,0.0,ok,False,"cluster_a->foreground,cluster_b->background",cluster_a,cluster_b,0.8261144337200901,0.7542050582047553,0.022368425506470377,0.7542050582047553,best_foreground_cluster_iou,1,fpn_2,fpn_2,fpn_2,72x72,9788,55748,9788,55748,9788,55748,0.0,0.0,0.0,0.0,coarsest_pooled_direct,pooled_avg_pool_flip_avg_coarse_only,False,False,architexture_binary_v1,0.8261144337200901,0.7542050582047553,0.7021666158071407,0.0006863417982155113,3,3,24x24,"{""cluster_0"": {""cluster_value"": 0, ""component_size_histogram"": {""774"": 1}, ""largest_component_size"": 774, ""num_1_cell_components"": 0, ""num_2_cell_components"": 0, ""num_components"": 1, ""smallest_component_size"": 774, ""tiny_component_pixel_fraction"": 0.0, ""tiny_component_pixels"": 0}, ""cluster_1"": {""cluster_value"": 1, ""component_size_histogram"": {""4410"": 1}, ""largest_component_size"": 4410, ""num_1_cell_components"": 0, ""num_2_cell_components"": 0, ""num_components"": 1, ""smallest_component_size"": 4410, ""tiny_component_pixel_fraction"": 0.0, ""tiny_component_pixels"": 0}}"
stld,architexture:stld,feature_cluster_coarse_to_fine_global_pooled_init_flip_avg_coarse_only,benchmark,84,85,2,direct_foreground,0.8652962091832606,0.8081767561048587,0.5,0.7734872979214781,0.9571051204450431,0.1311492919921875,0.8688507080078125,2,2,0.0,0.0,ok,False,"cluster_a->foreground,cluster_b->background",cluster_a,cluster_b,0.8652962091832606,0.8081767561048587,0.018824766569422904,0.8081767561048587,best_foreground_cluster_iou,1,fpn_2,fpn_2,fpn_2,72x72,10603,54933,10603,54933,10603,54933,0.0,0.0,0.0,0.0,coarsest_pooled_direct,pooled_avg_pool_flip_avg_coarse_only,False,False,architexture_binary_v1,0.8652962091832606,0.8081767561048587,0.7734872979214781,0.0035067766088522417,3,3,24x24,"{""cluster_0"": {""cluster_value"": 0, ""component_size_histogram"": {""837"": 1}, ""largest_component_size"": 837, ""num_1_cell_components"": 0, ""num_2_cell_components"": 0, ""num_components"": 1, ""smallest_component_size"": 837, ""tiny_component_pixel_fraction"": 0.0, ""tiny_component_pixels"": 0}, ""cluster_1"": {""cluster_value"": 1, ""component_size_histogram"": {""4347"": 1}, ""largest_component_size"": 4347, ""num_1_cell_components"": 0, ""num_2_cell_components"": 0, ""num_components"": 1, ""smallest_component_size"": 4347, ""tiny_component_pixel_fraction"": 0.0, ""tiny_component_pixels"": 0}}"
stld,architexture:stld,feature_cluster_coarse_to_fine_global_pooled_init_flip_avg_coarse_only,benchmark,85,86,2,direct_foreground,0.8324724034550288,0.7594904481126633,0.5,0.7176492398961809,0.9472955670138768,0.120819091796875,0.879180908203125,2,2,0.0,0.0,ok,False,"cluster_a->foreground,cluster_b->background",cluster_a,cluster_b,0.8324724034550288,0.7594904481126633,0.023359594615599378,0.7594904481126633,best_foreground_cluster_iou,1,fpn_2,fpn_2,fpn_2,72x72,10612,54924,10612,54924,10612,54924,0.0,0.0,0.0,0.0,coarsest_pooled_direct,pooled_avg_pool_flip_avg_coarse_only,False,False,architexture_binary_v1,0.8324724034550288,0.7594904481126633,0.7176492398961809,0.0028085405163884723,3,3,24x24,"{""cluster_0"": {""cluster_value"": 0, ""component_size_histogram"": {""828"": 1, ""9"": 1}, ""largest_component_size"": 828, ""num_1_cell_components"": 0, ""num_2_cell_components"": 0, ""num_components"": 2, ""smallest_component_size"": 9, ""tiny_component_pixel_fraction"": 0.0, ""tiny_component_pixels"": 0}, ""cluster_1"": {""cluster_value"": 1, ""component_size_histogram"": {""4338"": 1, ""9"": 1}, ""largest_component_size"": 4338, ""num_1_cell_components"": 0, ""num_2_cell_components"": 0, ""num_components"": 2, ""smallest_component_size"": 9, ""tiny_component_pixel_fraction"": 0.0, ""tiny_component_pixels"": 0}}"
stld,architexture:stld,feature_cluster_coarse_to_fine_global_pooled_init_flip_avg_coarse_only,benchmark,86,87,2,direct_foreground,0.8660262188898111,0.8212618558707625,0.5,0.7622063869094748,0.9698460508701473,0.0933685302734375,0.9066314697265625,2,2,0.0,0.0,ok,False,"cluster_a->foreground,cluster_b->background",cluster_a,cluster_b,0.8660262188898111,0.8212618558707625,0.013866319046380918,0.8212618558707625,best_foreground_cluster_iou,1,fpn_2,fpn_2,fpn_2,72x72,7235,58301,7235,58301,7235,58301,0.0,0.0,0.0,0.0,coarsest_pooled_direct,pooled_avg_pool_flip_avg_coarse_only,False,False,architexture_binary_v1,0.8660262188898111,0.8212618558707625,0.7622063869094748,0.0053529347503784505,3,3,24x24,"{""cluster_0"": {""cluster_value"": 0, ""component_size_histogram"": {""576"": 1}, ""largest_component_size"": 576, ""num_1_cell_components"": 0, ""num_2_cell_components"": 0, ""num_components"": 1, ""smallest_component_size"": 576, ""tiny_component_pixel_fraction"": 0.0, ""tiny_component_pixels"": 0}, ""cluster_1"": {""cluster_value"": 1, ""component_size_histogram"": {""4608"": 1}, ""largest_component_size"": 4608, ""num_1_cell_components"": 0, ""num_2_cell_components"": 0, ""num_components"": 1, ""smallest_component_size"": 4608, ""tiny_component_pixel_fraction"": 0.0, ""tiny_component_pixels"": 0}}"
stld,architexture:stld,feature_cluster_coarse_to_fine_global_pooled_init_flip_avg_coarse_only,benchmark,87,88,2,direct_foreground,0.8460798554395867,0.7781661274663318,0.5,0.7425433113055903,0.9496163995735831,0.1290740966796875,0.8709259033203125,2,2,0.0,0.0,ok,False,"cluster_a->foreground,cluster_b->background",cluster_a,cluster_b,0.8460798554395867,0.7781661274663318,0.022089480385489045,0.7781661274663318,best_foreground_cluster_iou,1,fpn_2,fpn_2,fpn_2,72x72,11054,54482,11054,54482,11054,54482,0.0,0.0,0.0,0.0,coarsest_pooled_direct,pooled_avg_pool_flip_avg_coarse_only,False,False,architexture_binary_v1,0.8460798554395867,0.7781661274663318,0.7425433113055903,0.0022931031737184896,3,3,24x24,"{""cluster_0"": {""cluster_value"": 0, ""component_size_histogram"": {""873"": 1}, ""largest_component_size"": 873, ""num_1_cell_components"": 0, ""num_2_cell_components"": 0, ""num_components"": 1, ""smallest_component_size"": 873, ""tiny_component_pixel_fraction"": 0.0, ""tiny_component_pixels"": 0}, ""cluster_1"": {""cluster_value"": 1, ""component_size_histogram"": {""4311"": 1}, ""largest_component_size"": 4311, ""num_1_cell_components"": 0, ""num_2_cell_components"": 0, ""num_components"": 1, ""smallest_component_size"": 4311, ""tiny_component_pixel_fraction"": 0.0, ""tiny_component_pixels"": 0}}"
stld,architexture:stld,feature_cluster_coarse_to_fine_global_pooled_init_flip_avg_coarse_only,benchmark,88,89,2,direct_foreground,0.4452371556836672,0.12029217702603709,0.5,0.24082442411550756,0.6496498872518268,0.10003662109375,0.89996337890625,2,2,0.0,0.0,ok,False,"cluster_a->foreground,cluster_b->background",cluster_a,cluster_b,0.4452371556836672,0.12029217702603709,0.15765972728360467,0.12029217702603709,best_foreground_cluster_iou,1,fpn_2,fpn_2,fpn_2,72x72,27218,38318,27218,38318,27218,38318,0.0,0.0,0.0,0.0,coarsest_pooled_direct,pooled_avg_pool_flip_avg_coarse_only,False,False,architexture_binary_v1,0.4452371556836672,0.12029217702603709,0.24082442411550756,2.2285115771176433e-05,3,3,24x24,"{""cluster_0"": {""cluster_value"": 0, ""component_size_histogram"": {""2142"": 1, ""9"": 1}, ""largest_component_size"": 2142, ""num_1_cell_components"": 0, ""num_2_cell_components"": 0, ""num_components"": 2, ""smallest_component_size"": 9, ""tiny_component_pixel_fraction"": 0.0, ""tiny_component_pixels"": 0}, ""cluster_1"": {""cluster_value"": 1, ""component_size_histogram"": {""3033"": 1}, ""largest_component_size"": 3033, ""num_1_cell_components"": 0, ""num_2_cell_components"": 0, ""num_components"": 1, ""smallest_component_size"": 3033, ""tiny_component_pixel_fraction"": 0.0, ""tiny_component_pixels"": 0}}"
stld,architexture:stld,feature_cluster_coarse_to_fine_global_pooled_init_flip_avg_coarse_only,benchmark,89,90,2,direct_foreground,0.8983590590320141,0.8481245734415893,0.5,0.8368947997609085,0.9598233183031195,0.17449951171875,0.82550048828125,2,2,0.0,0.0,ok,False,"cluster_a->foreground,cluster_b->background",cluster_a,cluster_b,0.8983590590320141,0.8481245734415893,0.016763377862507232,0.8481245734415893,best_foreground_cluster_iou,1,fpn_2,fpn_2,fpn_2,72x72,13149,52387,13149,52387,13149,52387,0.0,0.0,0.0,0.0,coarsest_pooled_direct,pooled_avg_pool_flip_avg_coarse_only,False,False,architexture_binary_v1,0.8983590590320141,0.8481245734415893,0.8368947997609085,0.0036956658489023086,3,3,24x24,"{""cluster_0"": {""cluster_value"": 0, ""component_size_histogram"": {""1044"": 1}, ""largest_component_size"": 1044, ""num_1_cell_components"": 0, ""num_2_cell_components"": 0, ""num_components"": 1, ""smallest_component_size"": 1044, ""tiny_component_pixel_fraction"": 0.0, ""tiny_component_pixels"": 0}, ""cluster_1"": {""cluster_value"": 1, ""component_size_histogram"": {""4140"": 1}, ""largest_component_size"": 4140, ""num_1_cell_components"": 0, ""num_2_cell_components"": 0, ""num_components"": 1, ""smallest_component_size"": 4140, ""tiny_component_pixel_fraction"": 0.0, ""tiny_component_pixels"": 0}}"
stld,architexture:stld,feature_cluster_coarse_to_fine_global_pooled_init_flip_avg_coarse_only,benchmark,90,91,2,direct_foreground,0.7847202337346405,0.6955330493594387,0.5,0.6246174770486229,0.9448229904206581,0.0846405029296875,0.9153594970703125,2,2,0.0,0.0,ok,False,"cluster_a->foreground,cluster_b->background",cluster_a,cluster_b,0.7847202337346405,0.6955330493594387,0.025296743770889373,0.6955330493594387,best_foreground_cluster_iou,1,fpn_2,fpn_2,fpn_2,72x72,8787,56749,8787,56749,8787,56749,0.0,0.0,0.0,0.0,coarsest_pooled_direct,pooled_avg_pool_flip_avg_coarse_only,False,False,architexture_binary_v1,0.7847202337346405,0.6955330493594387,0.6246174770486229,0.000578220366206232,3,3,24x24,"{""cluster_0"": {""cluster_value"": 0, ""component_size_histogram"": {""693"": 1}, ""largest_component_size"": 693, ""num_1_cell_components"": 0, ""num_2_cell_components"": 0, ""num_components"": 1, ""smallest_component_size"": 693, ""tiny_component_pixel_fraction"": 0.0, ""tiny_component_pixels"": 0}, ""cluster_1"": {""cluster_value"": 1, ""component_size_histogram"": {""4491"": 1}, ""largest_component_size"": 4491, ""num_1_cell_components"": 0, ""num_2_cell_components"": 0, ""num_components"": 1, ""smallest_component_size"": 4491, ""tiny_component_pixel_fraction"": 0.0, ""tiny_component_pixels"": 0}}"
stld,architexture:stld,feature_cluster_coarse_to_fine_global_pooled_init_flip_avg_coarse_only,benchmark,91,92,2,direct_foreground,0.6042847689710219,0.3645416905899938,0.5,0.3991218560277537,0.8094476819142902,0.1136322021484375,0.8863677978515625,2,2,0.0,0.0,ok,False,"cluster_a->foreground,cluster_b->background",cluster_a,cluster_b,0.6042847689710219,0.3645416905899938,0.08480883244936926,0.3645416905899938,best_foreground_cluster_iou,1,fpn_2,fpn_2,fpn_2,72x72,18364,47172,18364,47172,18364,47172,0.0,0.0,0.0,0.0,coarsest_pooled_direct,pooled_avg_pool_flip_avg_coarse_only,False,False,architexture_binary_v1,0.6042847689710219,0.3645416905899938,0.3991218560277537,0.0015402952232511232,3,3,24x24,"{""cluster_0"": {""cluster_value"": 0, ""component_size_histogram"": {""1440"": 1, ""9"": 1}, ""largest_component_size"": 1440, ""num_1_cell_components"": 0, ""num_2_cell_components"": 0, ""num_components"": 2, ""smallest_component_size"": 9, ""tiny_component_pixel_fraction"": 0.0, ""tiny_component_pixels"": 0}, ""cluster_1"": {""cluster_value"": 1, ""component_size_histogram"": {""3735"": 1}, ""largest_component_size"": 3735, ""num_1_cell_components"": 0, ""num_2_cell_components"": 0, ""num_components"": 1, ""smallest_component_size"": 3735, ""tiny_component_pixel_fraction"": 0.0, ""tiny_component_pixels"": 0}}"
stld,architexture:stld,feature_cluster_coarse_to_fine_global_pooled_init_flip_avg_coarse_only,benchmark,92,93,2,direct_foreground,0.8579275943210549,0.7708765394562952,0.5,0.7859653233364574,0.9298898653056525,0.2129058837890625,0.7870941162109375,2,2,0.0,0.0,ok,False,"cluster_a->foreground,cluster_b->background",cluster_a,cluster_b,0.8579275943210549,0.7708765394562952,0.028277629983737,0.7708765394562952,best_foreground_cluster_iou,1,fpn_2,fpn_2,fpn_2,72x72,16537,48999,16537,48999,16537,48999,0.0,0.0,0.0,0.0,coarsest_pooled_direct,pooled_avg_pool_flip_avg_coarse_only,False,False,architexture_binary_v1,0.8579275943210549,0.7708765394562952,0.7859653233364574,0.008571382796353557,3,3,24x24,"{""cluster_0"": {""cluster_value"": 0, ""component_size_histogram"": {""1305"": 1}, ""largest_component_size"": 1305, ""num_1_cell_components"": 0, ""num_2_cell_components"": 0, ""num_components"": 1, ""smallest_component_size"": 1305, ""tiny_component_pixel_fraction"": 0.0, ""tiny_component_pixels"": 0}, ""cluster_1"": {""cluster_value"": 1, ""component_size_histogram"": {""3879"": 1}, ""largest_component_size"": 3879, ""num_1_cell_components"": 0, ""num_2_cell_components"": 0, ""num_components"": 1, ""smallest_component_size"": 3879, ""tiny_component_pixel_fraction"": 0.0, ""tiny_component_pixels"": 0}}"
stld,architexture:stld,feature_cluster_coarse_to_fine_global_pooled_init_flip_avg_coarse_only,benchmark,93,94,2,direct_foreground,0.8222499204107208,0.7490594892607325,0.5,0.6946485871027844,0.9498512537186571,0.104156494140625,0.895843505859375,2,2,0.0,0.0,ok,False,"cluster_a->foreground,cluster_b->background",cluster_a,cluster_b,0.8222499204107208,0.7490594892607325,0.02258440528393168,0.7490594892607325,best_foreground_cluster_iou,1,fpn_2,fpn_2,fpn_2,72x72,9546,55990,9546,55990,9546,55990,0.0,0.0,0.0,0.0,coarsest_pooled_direct,pooled_avg_pool_flip_avg_coarse_only,False,False,architexture_binary_v1,0.8222499204107208,0.7490594892607325,0.6946485871027844,0.0018341015294811886,3,3,24x24,"{""cluster_0"": {""cluster_value"": 0, ""component_size_histogram"": {""756"": 1}, ""largest_component_size"": 756, ""num_1_cell_components"": 0, ""num_2_cell_components"": 0, ""num_components"": 1, ""smallest_component_size"": 756, ""tiny_component_pixel_fraction"": 0.0, ""tiny_component_pixels"": 0}, ""cluster_1"": {""cluster_value"": 1, ""component_size_histogram"": {""4428"": 1}, ""largest_component_size"": 4428, ""num_1_cell_components"": 0, ""num_2_cell_components"": 0, ""num_components"": 1, ""smallest_component_size"": 4428, ""tiny_component_pixel_fraction"": 0.0, ""tiny_component_pixels"": 0}}"
stld,architexture:stld,feature_cluster_coarse_to_fine_global_pooled_init_flip_avg_coarse_only,benchmark,94,95,2,direct_foreground,0.531658247217065,0.24378232696097443,0.5,0.3205585935734623,0.7427579008606676,0.1086578369140625,0.8913421630859375,2,2,0.0,0.0,ok,False,"cluster_a->foreground,cluster_b->background",cluster_a,cluster_b,0.531658247217065,0.24378232696097443,0.11481269236693721,0.24378232696097443,best_foreground_cluster_iou,1,fpn_2,fpn_2,fpn_2,72x72,22099,43437,22099,43437,22099,43437,0.0,0.0,0.0,0.0,coarsest_pooled_direct,pooled_avg_pool_flip_avg_coarse_only,False,False,architexture_binary_v1,0.531658247217065,0.24378232696097443,0.3205585935734623,0.0005541262616267563,3,3,24x24,"{""cluster_0"": {""cluster_value"": 0, ""component_size_histogram"": {""1746"": 1}, ""largest_component_size"": 1746, ""num_1_cell_components"": 0, ""num_2_cell_components"": 0, ""num_components"": 1, ""smallest_component_size"": 1746, ""tiny_component_pixel_fraction"": 0.0, ""tiny_component_pixels"": 0}, ""cluster_1"": {""cluster_value"": 1, ""component_size_histogram"": {""3429"": 1, ""9"": 1}, ""largest_component_size"": 3429, ""num_1_cell_components"": 0, ""num_2_cell_components"": 0, ""num_components"": 2, ""smallest_component_size"": 9, ""tiny_component_pixel_fraction"": 0.0, ""tiny_component_pixels"": 0}}"
stld,architexture:stld,feature_cluster_coarse_to_fine_global_pooled_init_flip_avg_coarse_only,benchmark,95,96,2,direct_foreground,0.7902044060129426,0.6732882032518948,0.5,0.6708119489406501,0.9095968630852351,0.156768798828125,0.843231201171875,2,2,0.0,0.0,ok,False,"cluster_a->foreground,cluster_b->background",cluster_a,cluster_b,0.7902044060129426,0.6732882032518948,0.038264164555706894,0.6732882032518948,best_foreground_cluster_iou,1,fpn_2,fpn_2,fpn_2,72x72,15119,50417,15119,50417,15119,50417,0.0,0.0,0.0,0.0,coarsest_pooled_direct,pooled_avg_pool_flip_avg_coarse_only,False,False,architexture_binary_v1,0.7902044060129426,0.6732882032518948,0.6708119489406501,0.0013033722695175872,3,3,24x24,"{""cluster_0"": {""cluster_value"": 0, ""component_size_histogram"": {""1197"": 1}, ""largest_component_size"": 1197, ""num_1_cell_components"": 0, ""num_2_cell_components"": 0, ""num_components"": 1, ""smallest_component_size"": 1197, ""tiny_component_pixel_fraction"": 0.0, ""tiny_component_pixels"": 0}, ""cluster_1"": {""cluster_value"": 1, ""component_size_histogram"": {""3978"": 1, ""9"": 1}, ""largest_component_size"": 3978, ""num_1_cell_components"": 0, ""num_2_cell_components"": 0, ""num_components"": 2, ""smallest_component_size"": 9, ""tiny_component_pixel_fraction"": 0.0, ""tiny_component_pixels"": 0}}"
stld,architexture:stld,feature_cluster_coarse_to_fine_global_pooled_init_flip_avg_coarse_only,benchmark,96,97,2,direct_foreground,0.9124154762590597,0.849267654772895,0.5,0.8767904049164891,0.9480405476016303,0.2760772705078125,0.7239227294921875,2,2,0.0,0.0,ok,False,"cluster_a->foreground,cluster_b->background",cluster_a,cluster_b,0.9124154762590597,0.849267654772895,0.019165538022613372,0.849267654772895,best_foreground_cluster_iou,1,fpn_2,fpn_2,fpn_2,72x72,19775,45761,19775,45761,19775,45761,0.0,0.0,0.0,0.0,coarsest_pooled_direct,pooled_avg_pool_flip_avg_coarse_only,False,False,architexture_binary_v1,0.9124154762590597,0.849267654772895,0.8767904049164891,0.0063354976990481,3,3,24x24,"{""cluster_0"": {""cluster_value"": 0, ""component_size_histogram"": {""1566"": 1}, ""largest_component_size"": 1566, ""num_1_cell_components"": 0, ""num_2_cell_components"": 0, ""num_components"": 1, ""smallest_component_size"": 1566, ""tiny_component_pixel_fraction"": 0.0, ""tiny_component_pixels"": 0}, ""cluster_1"": {""cluster_value"": 1, ""component_size_histogram"": {""117"": 1, ""3501"": 1}, ""largest_component_size"": 3501, ""num_1_cell_components"": 0, ""num_2_cell_components"": 0, ""num_components"": 2, ""smallest_component_size"": 117, ""tiny_component_pixel_fraction"": 0.0, ""tiny_component_pixels"": 0}}"
stld,architexture:stld,feature_cluster_coarse_to_fine_global_pooled_init_flip_avg_coarse_only,benchmark,97,98,2,direct_foreground,0.7550897140732185,0.625528102941432,0.5,0.6053375879324099,0.9048418402140271,0.1285400390625,0.8714599609375,2,2,0.0,0.0,ok,False,"cluster_a->foreground,cluster_b->background",cluster_a,cluster_b,0.7550897140732185,0.625528102941432,0.04161969309622411,0.625528102941432,best_foreground_cluster_iou,1,fpn_2,fpn_2,fpn_2,72x72,13712,51824,13712,51824,13712,51824,0.0,0.0,0.0,0.0,coarsest_pooled_direct,pooled_avg_pool_flip_avg_coarse_only,False,False,architexture_binary_v1,0.7550897140732185,0.625528102941432,0.6053375879324099,0.0012796862275847168,3,3,24x24,"{""cluster_0"": {""cluster_value"": 0, ""component_size_histogram"": {""1080"": 1, ""9"": 1}, ""largest_component_size"": 1080, ""num_1_cell_components"": 0, ""num_2_cell_components"": 0, ""num_components"": 2, ""smallest_component_size"": 9, ""tiny_component_pixel_fraction"": 0.0, ""tiny_component_pixels"": 0}, ""cluster_1"": {""cluster_value"": 1, ""component_size_histogram"": {""3483"": 1, ""612"": 1}, ""largest_component_size"": 3483, ""num_1_cell_components"": 0, ""num_2_cell_components"": 0, ""num_components"": 2, ""smallest_component_size"": 612, ""tiny_component_pixel_fraction"": 0.0, ""tiny_component_pixels"": 0}}"
stld,architexture:stld,feature_cluster_coarse_to_fine_global_pooled_init_flip_avg_coarse_only,benchmark,98,99,2,direct_foreground,0.8820872345766406,0.8048524571385011,0.5,0.8271672206178826,0.9370072485353986,0.233642578125,0.766357421875,2,2,0.0,0.0,ok,False,"cluster_b->foreground,cluster_a->background",cluster_b,cluster_a,0.024295541992109464,0.8048524571385011,0.8820872345766406,0.8048524571385011,best_foreground_cluster_iou,1,fpn_2,fpn_2,fpn_2,72x72,47314,18222,47314,18222,47314,18222,0.0,0.0,0.0,0.0,coarsest_pooled_direct,pooled_avg_pool_flip_avg_coarse_only,False,False,architexture_binary_v1,0.8820872345766406,0.8048524571385011,0.0020961676934154734,0.8271672206178826,3,3,24x24,"{""cluster_0"": {""cluster_value"": 0, ""component_size_histogram"": {""3744"": 1}, ""largest_component_size"": 3744, ""num_1_cell_components"": 0, ""num_2_cell_components"": 0, ""num_components"": 1, ""smallest_component_size"": 3744, ""tiny_component_pixel_fraction"": 0.0, ""tiny_component_pixels"": 0}, ""cluster_1"": {""cluster_value"": 1, ""component_size_histogram"": {""1440"": 1}, ""largest_component_size"": 1440, ""num_1_cell_components"": 0, ""num_2_cell_components"": 0, ""num_components"": 1, ""smallest_component_size"": 1440, ""tiny_component_pixel_fraction"": 0.0, ""tiny_component_pixels"": 0}}"
stld,architexture:stld,feature_cluster_coarse_to_fine_global_pooled_init_flip_avg_coarse_only,benchmark,99,100,2,direct_foreground,0.8458005518249812,0.7865167809321231,0.5,0.7327823691460055,0.9588187345039568,0.102691650390625,0.897308349609375,2,2,0.0,0.0,ok,False,"cluster_a->foreground,cluster_b->background",cluster_a,cluster_b,0.8458005518249812,0.7865167809321231,0.01854579791733134,0.7865167809321231,best_foreground_cluster_iou,1,fpn_2,fpn_2,fpn_2,72x72,8995,56541,8995,56541,8995,56541,0.0,0.0,0.0,0.0,coarsest_pooled_direct,pooled_avg_pool_flip_avg_coarse_only,False,False,architexture_binary_v1,0.8458005518249812,0.7865167809321231,0.7327823691460055,0.0012660030700574448,3,3,24x24,"{""cluster_0"": {""cluster_value"": 0, ""component_size_histogram"": {""711"": 1}, ""largest_component_size"": 711, ""num_1_cell_components"": 0, ""num_2_cell_components"": 0, ""num_components"": 1, ""smallest_component_size"": 711, ""tiny_component_pixel_fraction"": 0.0, ""tiny_component_pixels"": 0}, ""cluster_1"": {""cluster_value"": 1, ""component_size_histogram"": {""4473"": 1}, ""largest_component_size"": 4473, ""num_1_cell_components"": 0, ""num_2_cell_components"": 0, ""num_components"": 1, ""smallest_component_size"": 4473, ""tiny_component_pixel_fraction"": 0.0, ""tiny_component_pixels"": 0}}"
stld,architexture:stld,feature_cluster_coarse_to_fine_global_pooled_init_flip_avg_coarse_only,benchmark,100,101,2,direct_foreground,0.7747029122176524,0.6684320824226594,0.5,0.6224597985509808,0.9269460258843241,0.110015869140625,0.889984130859375,2,2,0.0,0.0,ok,False,"cluster_a->foreground,cluster_b->background",cluster_a,cluster_b,0.7747029122176524,0.6684320824226594,0.03276369628671699,0.6684320824226594,best_foreground_cluster_iou,1,fpn_2,fpn_2,fpn_2,72x72,11153,54383,11153,54383,11153,54383,0.0,0.0,0.0,0.0,coarsest_pooled_direct,pooled_avg_pool_flip_avg_coarse_only,False,False,architexture_binary_v1,0.7747029122176524,0.6684320824226594,0.6224597985509808,0.0026860714983395193,3,3,24x24,"{""cluster_0"": {""cluster_value"": 0, ""component_size_histogram"": {""864"": 1, ""9"": 2}, ""largest_component_size"": 864, ""num_1_cell_components"": 0, ""num_2_cell_components"": 0, ""num_components"": 3, ""smallest_component_size"": 9, ""tiny_component_pixel_fraction"": 0.0, ""tiny_component_pixels"": 0}, ""cluster_1"": {""cluster_value"": 1, ""component_size_histogram"": {""4293"": 1, ""9"": 1}, ""largest_component_size"": 4293, ""num_1_cell_components"": 0, ""num_2_cell_components"": 0, ""num_components"": 2, ""smallest_component_size"": 9, ""tiny_component_pixel_fraction"": 0.0, ""tiny_component_pixels"": 0}}"
stld,architexture:stld,feature_cluster_coarse_to_fine_global_pooled_init_flip_avg_coarse_only,benchmark,101,102,2,direct_foreground,0.9182779061165398,0.876328447705433,0.5,0.8705672493756689,0.9659885628574107,0.1953887939453125,0.8046112060546875,2,2,0.0,0.0,ok,False,"cluster_a->foreground,cluster_b->background",cluster_a,cluster_b,0.9182779061165398,0.876328447705433,0.014012275463908938,0.876328447705433,best_foreground_cluster_iou,1,fpn_2,fpn_2,fpn_2,72x72,13411,52125,13411,52125,13411,52125,0.0,0.0,0.0,0.0,coarsest_pooled_direct,pooled_avg_pool_flip_avg_coarse_only,False,False,architexture_binary_v1,0.9182779061165398,0.876328447705433,0.8705672493756689,0.009389671361502348,3,3,24x24,"{""cluster_0"": {""cluster_value"": 0, ""component_size_histogram"": {""1062"": 1}, ""largest_component_size"": 1062, ""num_1_cell_components"": 0, ""num_2_cell_components"": 0, ""num_components"": 1, ""smallest_component_size"": 1062, ""tiny_component_pixel_fraction"": 0.0, ""tiny_component_pixels"": 0}, ""cluster_1"": {""cluster_value"": 1, ""component_size_histogram"": {""4122"": 1}, ""largest_component_size"": 4122, ""num_1_cell_components"": 0, ""num_2_cell_components"": 0, ""num_components"": 1, ""smallest_component_size"": 4122, ""tiny_component_pixel_fraction"": 0.0, ""tiny_component_pixels"": 0}}"
stld,architexture:stld,feature_cluster_coarse_to_fine_global_pooled_init_flip_avg_coarse_only,benchmark,102,103,2,direct_foreground,0.8454100979123368,0.7790530809038138,0.5,0.7393170367605897,0.9515031590640839,0.12603759765625,0.87396240234375,2,2,0.0,0.0,ok,False,"cluster_a->foreground,cluster_b->background",cluster_a,cluster_b,0.8454100979123368,0.7790530809038138,0.02151306241352366,0.7790530809038138,best_foreground_cluster_iou,1,fpn_2,fpn_2,fpn_2,72x72,10382,55154,10382,55154,10382,55154,0.0,0.0,0.0,0.0,coarsest_pooled_direct,pooled_avg_pool_flip_avg_coarse_only,False,False,architexture_binary_v1,0.8454100979123368,0.7790530809038138,0.7393170367605897,0.005326738323979834,3,3,24x24,"{""cluster_0"": {""cluster_value"": 0, ""component_size_histogram"": {""819"": 1}, ""largest_component_size"": 819, ""num_1_cell_components"": 0, ""num_2_cell_components"": 0, ""num_components"": 1, ""smallest_component_size"": 819, ""tiny_component_pixel_fraction"": 0.0, ""tiny_component_pixels"": 0}, ""cluster_1"": {""cluster_value"": 1, ""component_size_histogram"": {""4365"": 1}, ""largest_component_size"": 4365, ""num_1_cell_components"": 0, ""num_2_cell_components"": 0, ""num_components"": 1, ""smallest_component_size"": 4365, ""tiny_component_pixel_fraction"": 0.0, ""tiny_component_pixels"": 0}}"
stld,architexture:stld,feature_cluster_coarse_to_fine_global_pooled_init_flip_avg_coarse_only,benchmark,103,104,2,direct_foreground,0.5558328086788904,0.2759116676597184,0.5,0.36046511627906974,0.7512005010787112,0.123626708984375,0.876373291015625,2,2,0.0,0.0,ok,False,"cluster_b->foreground,cluster_a->background",cluster_b,cluster_a,0.10925919797128046,0.2759116676597184,0.5558328086788904,0.2759116676597184,best_foreground_cluster_iou,1,fpn_2,fpn_2,fpn_2,72x72,43218,22318,43218,22318,43218,22318,0.0,0.0,0.0,0.0,coarsest_pooled_direct,pooled_avg_pool_flip_avg_coarse_only,False,False,architexture_binary_v1,0.5558328086788904,0.2759116676597184,0.0008190647061117829,0.36046511627906974,3,3,24x24,"{""cluster_0"": {""cluster_value"": 0, ""component_size_histogram"": {""3420"": 1}, ""largest_component_size"": 3420, ""num_1_cell_components"": 0, ""num_2_cell_components"": 0, ""num_components"": 1, ""smallest_component_size"": 3420, ""tiny_component_pixel_fraction"": 0.0, ""tiny_component_pixels"": 0}, ""cluster_1"": {""cluster_value"": 1, ""component_size_histogram"": {""1755"": 1, ""9"": 1}, ""largest_component_size"": 1755, ""num_1_cell_components"": 0, ""num_2_cell_components"": 0, ""num_components"": 2, ""smallest_component_size"": 9, ""tiny_component_pixel_fraction"": 0.0, ""tiny_component_pixels"": 0}}"
stld,architexture:stld,feature_cluster_coarse_to_fine_global_pooled_init_flip_avg_coarse_only,benchmark,104,105,2,direct_foreground,0.3297128235258377,-0.025088443320682895,0.5,0.22536547396074044,0.4340601730909349,0.1539154052734375,0.8460845947265625,2,2,0.0,0.0,ok,False,"cluster_b->foreground,cluster_a->background",cluster_b,cluster_a,0.25160973878303006,-0.025088443320682895,0.3297128235258377,-0.025088443320682895,best_foreground_cluster_iou,1,fpn_2,fpn_2,fpn_2,72x72,25247,40289,25247,40289,25247,40289,0.0,0.0,0.0,0.0,coarsest_pooled_direct,pooled_avg_pool_flip_avg_coarse_only,False,False,architexture_binary_v1,0.3297128235258377,-0.025088443320682895,0.02381780250347705,0.22536547396074044,3,3,24x24,"{""cluster_0"": {""cluster_value"": 0, ""component_size_histogram"": {""1998"": 1}, ""largest_component_size"": 1998, ""num_1_cell_components"": 0, ""num_2_cell_components"": 0, ""num_components"": 1, ""smallest_component_size"": 1998, ""tiny_component_pixel_fraction"": 0.0, ""tiny_component_pixels"": 0}, ""cluster_1"": {""cluster_value"": 1, ""component_size_histogram"": {""3186"": 1}, ""largest_component_size"": 3186, ""num_1_cell_components"": 0, ""num_2_cell_components"": 0, ""num_components"": 1, ""smallest_component_size"": 3186, ""tiny_component_pixel_fraction"": 0.0, ""tiny_component_pixels"": 0}}"
stld,architexture:stld,feature_cluster_coarse_to_fine_global_pooled_init_flip_avg_coarse_only,benchmark,105,106,2,direct_foreground,0.873578898977129,0.7983397289915936,0.5,0.8078787878787879,0.9392790100754702,0.2054901123046875,0.7945098876953125,2,2,0.0,0.0,ok,False,"cluster_a->foreground,cluster_b->background",cluster_a,cluster_b,0.873578898977129,0.7983397289915936,0.024284375352139093,0.7983397289915936,best_foreground_cluster_iou,1,fpn_2,fpn_2,fpn_2,72x72,16363,49173,16363,49173,16363,49173,0.0,0.0,0.0,0.0,coarsest_pooled_direct,pooled_avg_pool_flip_avg_coarse_only,False,False,architexture_binary_v1,0.873578898977129,0.7983397289915936,0.8078787878787879,0.002191894789050126,3,3,24x24,"{""cluster_0"": {""cluster_value"": 0, ""component_size_histogram"": {""1296"": 1}, ""largest_component_size"": 1296, ""num_1_cell_components"": 0, ""num_2_cell_components"": 0, ""num_components"": 1, ""smallest_component_size"": 1296, ""tiny_component_pixel_fraction"": 0.0, ""tiny_component_pixels"": 0}, ""cluster_1"": {""cluster_value"": 1, ""component_size_histogram"": {""3888"": 1}, ""largest_component_size"": 3888, ""num_1_cell_components"": 0, ""num_2_cell_components"": 0, ""num_components"": 1, ""smallest_component_size"": 3888, ""tiny_component_pixel_fraction"": 0.0, ""tiny_component_pixels"": 0}}"
stld,architexture:stld,feature_cluster_coarse_to_fine_global_pooled_init_flip_avg_coarse_only,benchmark,106,107,2,direct_foreground,0.41211686524656643,0.0027560343572584386,0.5,0.011690719987099895,0.812543010506033,0.0103607177734375,0.9896392822265625,2,2,0.0,0.0,ok,False,"cluster_a->foreground,cluster_b->background",cluster_a,cluster_b,0.41211686524656643,0.0027560343572584386,0.0951435591345344,0.0027560343572584386,best_foreground_cluster_iou,1,fpn_2,fpn_2,fpn_2,72x72,11869,53667,11869,53667,11869,53667,0.0,0.0,0.0,0.0,coarsest_pooled_direct,pooled_avg_pool_flip_avg_coarse_only,False,False,architexture_binary_v1,0.41211686524656643,0.0027560343572584386,0.011690719987099895,0.009923437151564707,3,3,24x24,"{""cluster_0"": {""cluster_value"": 0, ""component_size_histogram"": {""18"": 7, ""216"": 1, ""27"": 3, ""45"": 2, ""54"": 4, ""63"": 1, ""81"": 2, ""9"": 1}, ""largest_component_size"": 216, ""num_1_cell_components"": 0, ""num_2_cell_components"": 0, ""num_components"": 21, ""smallest_component_size"": 9, ""tiny_component_pixel_fraction"": 0.0, ""tiny_component_pixels"": 0}, ""cluster_1"": {""cluster_value"": 1, ""component_size_histogram"": {""4221"": 1}, ""largest_component_size"": 4221, ""num_1_cell_components"": 0, ""num_2_cell_components"": 0, ""num_components"": 1, ""smallest_component_size"": 4221, ""tiny_component_pixel_fraction"": 0.0, ""tiny_component_pixels"": 0}}"
stld,architexture:stld,feature_cluster_coarse_to_fine_global_pooled_init_flip_avg_coarse_only,benchmark,107,108,2,direct_foreground,0.7951745298344844,0.7042519498323109,0.5,0.6522944550669216,0.9380546046020473,0.1063232421875,0.8936767578125,2,2,0.0,0.0,ok,False,"cluster_a->foreground,cluster_b->background",cluster_a,cluster_b,0.7951745298344844,0.7042519498323109,0.027869447707753375,0.7042519498323109,best_foreground_cluster_iou,1,fpn_2,fpn_2,fpn_2,72x72,10315,55221,10315,55221,10315,55221,0.0,0.0,0.0,0.0,coarsest_pooled_direct,pooled_avg_pool_flip_avg_coarse_only,False,False,architexture_binary_v1,0.7951745298344844,0.7042519498323109,0.6522944550669216,0.0023370511250080587,3,3,24x24,"{""cluster_0"": {""cluster_value"": 0, ""component_size_histogram"": {""810"": 1}, ""largest_component_size"": 810, ""num_1_cell_components"": 0, ""num_2_cell_components"": 0, ""num_components"": 1, ""smallest_component_size"": 810, ""tiny_component_pixel_fraction"": 0.0, ""tiny_component_pixels"": 0}, ""cluster_1"": {""cluster_value"": 1, ""component_size_histogram"": {""4374"": 1}, ""largest_component_size"": 4374, ""num_1_cell_components"": 0, ""num_2_cell_components"": 0, ""num_components"": 1, ""smallest_component_size"": 4374, ""tiny_component_pixel_fraction"": 0.0, ""tiny_component_pixels"": 0}}"
stld,architexture:stld,feature_cluster_coarse_to_fine_global_pooled_init_flip_avg_coarse_only,benchmark,108,109,2,direct_foreground,0.6048671605979193,0.2983089211386954,0.5,0.5022697467971351,0.7074645743987036,0.2357940673828125,0.7642059326171875,2,2,0.0,0.0,ok,False,"cluster_b->foreground,cluster_a->background",cluster_b,cluster_a,0.11489265141682484,0.2983089211386954,0.6048671605979193,0.2983089211386954,best_foreground_cluster_iou,1,fpn_2,fpn_2,fpn_2,72x72,36313,29223,36313,29223,36313,29223,0.0,0.0,0.0,0.0,coarsest_pooled_direct,pooled_avg_pool_flip_avg_coarse_only,False,False,architexture_binary_v1,0.6048671605979193,0.2983089211386954,0.01006829268292683,0.5022697467971351,3,3,24x24,"{""cluster_0"": {""cluster_value"": 0, ""component_size_histogram"": {""2871"": 1}, ""largest_component_size"": 2871, ""num_1_cell_components"": 0, ""num_2_cell_components"": 0, ""num_components"": 1, ""smallest_component_size"": 2871, ""tiny_component_pixel_fraction"": 0.0, ""tiny_component_pixels"": 0}, ""cluster_1"": {""cluster_value"": 1, ""component_size_histogram"": {""2313"": 1}, ""largest_component_size"": 2313, ""num_1_cell_components"": 0, ""num_2_cell_components"": 0, ""num_components"": 1, ""smallest_component_size"": 2313, ""tiny_component_pixel_fraction"": 0.0, ""tiny_component_pixels"": 0}}"
stld,architexture:stld,feature_cluster_coarse_to_fine_global_pooled_init_flip_avg_coarse_only,benchmark,109,110,2,direct_foreground,0.854079335839541,0.8060438409489079,0.5,0.7389654202980039,0.969193251381078,0.08123779296875,0.91876220703125,2,2,0.0,0.0,ok,False,"cluster_a->foreground,cluster_b->background",cluster_a,cluster_b,0.854079335839541,0.8060438409489079,0.014196115358750707,0.8060438409489079,best_foreground_cluster_iou,1,fpn_2,fpn_2,fpn_2,72x72,7047,58489,7047,58489,7047,58489,0.0,0.0,0.0,0.0,coarsest_pooled_direct,pooled_avg_pool_flip_avg_coarse_only,False,False,architexture_binary_v1,0.854079335839541,0.8060438409489079,0.7389654202980039,0.00105104634016252,3,3,24x24,"{""cluster_0"": {""cluster_value"": 0, ""component_size_histogram"": {""549"": 1, ""9"": 1}, ""largest_component_size"": 549, ""num_1_cell_components"": 0, ""num_2_cell_components"": 0, ""num_components"": 2, ""smallest_component_size"": 9, ""tiny_component_pixel_fraction"": 0.0, ""tiny_component_pixels"": 0}, ""cluster_1"": {""cluster_value"": 1, ""component_size_histogram"": {""4626"": 1}, ""largest_component_size"": 4626, ""num_1_cell_components"": 0, ""num_2_cell_components"": 0, ""num_components"": 1, ""smallest_component_size"": 4626, ""tiny_component_pixel_fraction"": 0.0, ""tiny_component_pixels"": 0}}"
stld,architexture:stld,feature_cluster_coarse_to_fine_global_pooled_init_flip_avg_coarse_only,benchmark,110,111,2,direct_foreground,0.6198402389319643,0.39783056701611635,0.5,0.4020567154876909,0.8376237623762376,0.1025390625,0.8974609375,2,2,0.0,0.0,ok,False,"cluster_a->foreground,cluster_b->background",cluster_a,cluster_b,0.6198402389319643,0.39783056701611635,0.07383009677188968,0.39783056701611635,best_foreground_cluster_iou,1,fpn_2,fpn_2,fpn_2,72x72,15776,49760,15776,49760,15776,49760,0.0,0.0,0.0,0.0,coarsest_pooled_direct,pooled_avg_pool_flip_avg_coarse_only,False,False,architexture_binary_v1,0.6198402389319643,0.39783056701611635,0.4020567154876909,0.004785540196758642,3,3,24x24,"{""cluster_0"": {""cluster_value"": 0, ""component_size_histogram"": {""1242"": 1}, ""largest_component_size"": 1242, ""num_1_cell_components"": 0, ""num_2_cell_components"": 0, ""num_components"": 1, ""smallest_component_size"": 1242, ""tiny_component_pixel_fraction"": 0.0, ""tiny_component_pixels"": 0}, ""cluster_1"": {""cluster_value"": 1, ""component_size_histogram"": {""3942"": 1}, ""largest_component_size"": 3942, ""num_1_cell_components"": 0, ""num_2_cell_components"": 0, ""num_components"": 1, ""smallest_component_size"": 3942, ""tiny_component_pixel_fraction"": 0.0, ""tiny_component_pixels"": 0}}"
stld,architexture:stld,feature_cluster_coarse_to_fine_global_pooled_init_flip_avg_coarse_only,benchmark,111,112,2,direct_foreground,0.9054149694339204,0.861043336700802,0.5,0.8463058079810352,0.9645241308868056,0.1670074462890625,0.8329925537109375,2,2,0.0,0.0,ok,False,"cluster_a->foreground,cluster_b->background",cluster_a,cluster_b,0.9054149694339204,0.861043336700802,0.014934157061604314,0.861043336700802,best_foreground_cluster_iou,1,fpn_2,fpn_2,fpn_2,72x72,12420,53116,12420,53116,12420,53116,0.0,0.0,0.0,0.0,coarsest_pooled_direct,pooled_avg_pool_flip_avg_coarse_only,False,False,architexture_binary_v1,0.9054149694339204,0.861043336700802,0.8463058079810352,0.003681885125184094,3,3,24x24,"{""cluster_0"": {""cluster_value"": 0, ""component_size_histogram"": {""981"": 1}, ""largest_component_size"": 981, ""num_1_cell_components"": 0, ""num_2_cell_components"": 0, ""num_components"": 1, ""smallest_component_size"": 981, ""tiny_component_pixel_fraction"": 0.0, ""tiny_component_pixels"": 0}, ""cluster_1"": {""cluster_value"": 1, ""component_size_histogram"": {""4203"": 1}, ""largest_component_size"": 4203, ""num_1_cell_components"": 0, ""num_2_cell_components"": 0, ""num_components"": 1, ""smallest_component_size"": 4203, ""tiny_component_pixel_fraction"": 0.0, ""tiny_component_pixels"": 0}}"
stld,architexture:stld,feature_cluster_coarse_to_fine_global_pooled_init_flip_avg_coarse_only,benchmark,112,113,2,direct_foreground,0.9029611843324601,0.8648356973956354,0.5,0.8355577204091573,0.970364648255763,0.13494873046875,0.86505126953125,2,2,0.0,0.0,ok,False,"cluster_a->foreground,cluster_b->background",cluster_a,cluster_b,0.9029611843324601,0.8648356973956354,0.012967915154916979,0.8648356973956354,best_foreground_cluster_iou,1,fpn_2,fpn_2,fpn_2,72x72,9998,55538,9998,55538,9998,55538,0.0,0.0,0.0,0.0,coarsest_pooled_direct,pooled_avg_pool_flip_avg_coarse_only,False,False,architexture_binary_v1,0.9029611843324601,0.8648356973956354,0.8355577204091573,0.004164392107931061,3,3,24x24,"{""cluster_0"": {""cluster_value"": 0, ""component_size_histogram"": {""792"": 1}, ""largest_component_size"": 792, ""num_1_cell_components"": 0, ""num_2_cell_components"": 0, ""num_components"": 1, ""smallest_component_size"": 792, ""tiny_component_pixel_fraction"": 0.0, ""tiny_component_pixels"": 0}, ""cluster_1"": {""cluster_value"": 1, ""component_size_histogram"": {""4392"": 1}, ""largest_component_size"": 4392, ""num_1_cell_components"": 0, ""num_2_cell_components"": 0, ""num_components"": 1, ""smallest_component_size"": 4392, ""tiny_component_pixel_fraction"": 0.0, ""tiny_component_pixels"": 0}}"
stld,architexture:stld,feature_cluster_coarse_to_fine_global_pooled_init_flip_avg_coarse_only,benchmark,113,114,2,direct_foreground,0.8213819291135939,0.7536147241730582,0.5,0.6861869113740643,0.9565769468531234,0.0877685546875,0.9122314453125,2,2,0.0,0.0,ok,False,"cluster_a->foreground,cluster_b->background",cluster_a,cluster_b,0.8213819291135939,0.7536147241730582,0.01987027910454029,0.7536147241730582,best_foreground_cluster_iou,1,fpn_2,fpn_2,fpn_2,72x72,8213,57323,8213,57323,8213,57323,0.0,0.0,0.0,0.0,coarsest_pooled_direct,pooled_avg_pool_flip_avg_coarse_only,False,False,architexture_binary_v1,0.8213819291135939,0.7536147241730582,0.6861869113740643,0.001095133796781259,3,3,24x24,"{""cluster_0"": {""cluster_value"": 0, ""component_size_histogram"": {""639"": 1, ""9"": 1}, ""largest_component_size"": 639, ""num_1_cell_components"": 0, ""num_2_cell_components"": 0, ""num_components"": 2, ""smallest_component_size"": 9, ""tiny_component_pixel_fraction"": 0.0, ""tiny_component_pixels"": 0}, ""cluster_1"": {""cluster_value"": 1, ""component_size_histogram"": {""4536"": 1}, ""largest_component_size"": 4536, ""num_1_cell_components"": 0, ""num_2_cell_components"": 0, ""num_components"": 1, ""smallest_component_size"": 4536, ""tiny_component_pixel_fraction"": 0.0, ""tiny_component_pixels"": 0}}"
stld,architexture:stld,feature_cluster_coarse_to_fine_global_pooled_init_flip_avg_coarse_only,benchmark,114,115,2,direct_foreground,0.5869169578084911,0.32716280470027903,0.5,0.39413712037614546,0.7796967952408367,0.1273651123046875,0.8726348876953125,2,2,0.0,0.0,ok,False,"cluster_a->foreground,cluster_b->background",cluster_a,cluster_b,0.5869169578084911,0.32716280470027903,0.0967736693149242,0.32716280470027903,best_foreground_cluster_iou,1,fpn_2,fpn_2,fpn_2,72x72,20711,44825,20711,44825,20711,44825,0.0,0.0,0.0,0.0,coarsest_pooled_direct,pooled_avg_pool_flip_avg_coarse_only,False,False,architexture_binary_v1,0.5869169578084911,0.32716280470027903,0.39413712037614546,0.0024886877828054297,3,3,24x24,"{""cluster_0"": {""cluster_value"": 0, ""component_size_histogram"": {""1638"": 1}, ""largest_component_size"": 1638, ""num_1_cell_components"": 0, ""num_2_cell_components"": 0, ""num_components"": 1, ""smallest_component_size"": 1638, ""tiny_component_pixel_fraction"": 0.0, ""tiny_component_pixels"": 0}, ""cluster_1"": {""cluster_value"": 1, ""component_size_histogram"": {""3546"": 1}, ""largest_component_size"": 3546, ""num_1_cell_components"": 0, ""num_2_cell_components"": 0, ""num_components"": 1, ""smallest_component_size"": 3546, ""tiny_component_pixel_fraction"": 0.0, ""tiny_component_pixels"": 0}}"
stld,architexture:stld,feature_cluster_coarse_to_fine_global_pooled_init_flip_avg_coarse_only,benchmark,115,116,2,direct_foreground,0.5677724391910366,0.28709444085815466,0.5,0.3886892539356605,0.7468556244464127,0.139801025390625,0.860198974609375,2,2,0.0,0.0,ok,False,"cluster_a->foreground,cluster_b->background",cluster_a,cluster_b,0.5677724391910366,0.28709444085815466,0.10931054236705609,0.28709444085815466,best_foreground_cluster_iou,1,fpn_2,fpn_2,fpn_2,72x72,23300,42236,23300,42236,23300,42236,0.0,0.0,0.0,0.0,coarsest_pooled_direct,pooled_avg_pool_flip_avg_coarse_only,False,False,architexture_binary_v1,0.5677724391910366,0.28709444085815466,0.3886892539356605,0.0014808464206383226,3,3,24x24,"{""cluster_0"": {""cluster_value"": 0, ""component_size_histogram"": {""1845"": 1}, ""largest_component_size"": 1845, ""num_1_cell_components"": 0, ""num_2_cell_components"": 0, ""num_components"": 1, ""smallest_component_size"": 1845, ""tiny_component_pixel_fraction"": 0.0, ""tiny_component_pixels"": 0}, ""cluster_1"": {""cluster_value"": 1, ""component_size_histogram"": {""3339"": 1}, ""largest_component_size"": 3339, ""num_1_cell_components"": 0, ""num_2_cell_components"": 0, ""num_components"": 1, ""smallest_component_size"": 3339, ""tiny_component_pixel_fraction"": 0.0, ""tiny_component_pixels"": 0}}"
stld,architexture:stld,feature_cluster_coarse_to_fine_global_pooled_init_flip_avg_coarse_only,benchmark,116,117,2,direct_foreground,0.8864074111234349,0.8498753639293731,0.5,0.7986357077266169,0.974179114520253,0.0944671630859375,0.9055328369140625,2,2,0.0,0.0,ok,False,"cluster_a->foreground,cluster_b->background",cluster_a,cluster_b,0.8864074111234349,0.8498753639293731,0.011745872796351062,0.8498753639293731,best_foreground_cluster_iou,1,fpn_2,fpn_2,fpn_2,72x72,7520,58016,7520,58016,7520,58016,0.0,0.0,0.0,0.0,coarsest_pooled_direct,pooled_avg_pool_flip_avg_coarse_only,False,False,architexture_binary_v1,0.8864074111234349,0.8498753639293731,0.7986357077266169,0.0016067640084862099,3,3,24x24,"{""cluster_0"": {""cluster_value"": 0, ""component_size_histogram"": {""594"": 1}, ""largest_component_size"": 594, ""num_1_cell_components"": 0, ""num_2_cell_components"": 0, ""num_components"": 1, ""smallest_component_size"": 594, ""tiny_component_pixel_fraction"": 0.0, ""tiny_component_pixels"": 0}, ""cluster_1"": {""cluster_value"": 1, ""component_size_histogram"": {""4590"": 1}, ""largest_component_size"": 4590, ""num_1_cell_components"": 0, ""num_2_cell_components"": 0, ""num_components"": 1, ""smallest_component_size"": 4590, ""tiny_component_pixel_fraction"": 0.0, ""tiny_component_pixels"": 0}}"
stld,architexture:stld,feature_cluster_coarse_to_fine_global_pooled_init_flip_avg_coarse_only,benchmark,117,118,2,direct_foreground,0.9242028871695671,0.8871592626006833,0.5,0.8784808226375441,0.9699249517015901,0.18646240234375,0.81353759765625,2,2,0.0,0.0,ok,False,"cluster_b->foreground,cluster_a->background",cluster_b,cluster_a,0.012486164896092423,0.8871592626006833,0.9242028871695671,0.8871592626006833,best_foreground_cluster_iou,1,fpn_2,fpn_2,fpn_2,72x72,52729,12807,52729,12807,52729,12807,0.0,0.0,0.0,0.0,coarsest_pooled_direct,pooled_avg_pool_flip_avg_coarse_only,False,False,architexture_binary_v1,0.9242028871695671,0.8871592626006833,0.008008318718669005,0.8784808226375441,3,3,24x24,"{""cluster_0"": {""cluster_value"": 0, ""component_size_histogram"": {""4167"": 1}, ""largest_component_size"": 4167, ""num_1_cell_components"": 0, ""num_2_cell_components"": 0, ""num_components"": 1, ""smallest_component_size"": 4167, ""tiny_component_pixel_fraction"": 0.0, ""tiny_component_pixels"": 0}, ""cluster_1"": {""cluster_value"": 1, ""component_size_histogram"": {""1017"": 1}, ""largest_component_size"": 1017, ""num_1_cell_components"": 0, ""num_2_cell_components"": 0, ""num_components"": 1, ""smallest_component_size"": 1017, ""tiny_component_pixel_fraction"": 0.0, ""tiny_component_pixels"": 0}}"
stld,architexture:stld,feature_cluster_coarse_to_fine_global_pooled_init_flip_avg_coarse_only,benchmark,118,119,2,direct_foreground,0.8092087317943251,0.7131064359839707,0.5,0.6902708889736742,0.9281465746149761,0.1444091796875,0.8555908203125,2,2,0.0,0.0,ok,False,"cluster_a->foreground,cluster_b->background",cluster_a,cluster_b,0.8092087317943251,0.7131064359839707,0.031333626033063104,0.7131064359839707,best_foreground_cluster_iou,1,fpn_2,fpn_2,fpn_2,72x72,12687,52849,12687,52849,12687,52849,0.0,0.0,0.0,0.0,coarsest_pooled_direct,pooled_avg_pool_flip_avg_coarse_only,False,False,architexture_binary_v1,0.8092087317943251,0.7131064359839707,0.6902708889736742,0.0067533726472251395,3,3,24x24,"{""cluster_0"": {""cluster_value"": 0, ""component_size_histogram"": {""18"": 2, ""9"": 1, ""963"": 1}, ""largest_component_size"": 963, ""num_1_cell_components"": 0, ""num_2_cell_components"": 0, ""num_components"": 4, ""smallest_component_size"": 9, ""tiny_component_pixel_fraction"": 0.0, ""tiny_component_pixels"": 0}, ""cluster_1"": {""cluster_value"": 1, ""component_size_histogram"": {""4167"": 1, ""9"": 1}, ""largest_component_size"": 4167, ""num_1_cell_components"": 0, ""num_2_cell_components"": 0, ""num_components"": 2, ""smallest_component_size"": 9, ""tiny_component_pixel_fraction"": 0.0, ""tiny_component_pixels"": 0}}"
stld,architexture:stld,feature_cluster_coarse_to_fine_global_pooled_init_flip_avg_coarse_only,benchmark,119,120,2,direct_foreground,0.9251902025396435,0.8817565268720384,0.5,0.8858556132991047,0.9645247917801821,0.2223968505859375,0.7776031494140625,2,2,0.0,0.0,ok,False,"cluster_b->foreground,cluster_a->background",cluster_b,cluster_a,0.014049140176117704,0.8817565268720384,0.9251902025396435,0.8817565268720384,best_foreground_cluster_iou,1,fpn_2,fpn_2,fpn_2,72x72,49992,15544,49992,15544,49992,15544,0.0,0.0,0.0,0.0,coarsest_pooled_direct,pooled_avg_pool_flip_avg_coarse_only,False,False,architexture_binary_v1,0.9251902025396435,0.8817565268720384,0.006657312129716246,0.8858556132991047,3,3,24x24,"{""cluster_0"": {""cluster_value"": 0, ""component_size_histogram"": {""3960"": 1}, ""largest_component_size"": 3960, ""num_1_cell_components"": 0, ""num_2_cell_components"": 0, ""num_components"": 1, ""smallest_component_size"": 3960, ""tiny_component_pixel_fraction"": 0.0, ""tiny_component_pixels"": 0}, ""cluster_1"": {""cluster_value"": 1, ""component_size_histogram"": {""1224"": 1}, ""largest_component_size"": 1224, ""num_1_cell_components"": 0, ""num_2_cell_components"": 0, ""num_components"": 1, ""smallest_component_size"": 1224, ""tiny_component_pixel_fraction"": 0.0, ""tiny_component_pixels"": 0}}"
stld,architexture:stld,feature_cluster_coarse_to_fine_global_pooled_init_flip_avg_coarse_only,benchmark,120,121,2,direct_foreground,0.8702241881946576,0.8291050431707393,0.5,0.7676925258828535,0.9727558505064617,0.0856781005859375,0.9143218994140625,2,2,0.0,0.0,ok,False,"cluster_a->foreground,cluster_b->background",cluster_a,cluster_b,0.8702241881946576,0.8291050431707393,0.012565346805258013,0.8291050431707393,best_foreground_cluster_iou,1,fpn_2,fpn_2,fpn_2,72x72,6849,58687,6849,58687,6849,58687,0.0,0.0,0.0,0.0,coarsest_pooled_direct,pooled_avg_pool_flip_avg_coarse_only,False,False,architexture_binary_v1,0.8702241881946576,0.8291050431707393,0.7676925258828535,0.0031513260530421218,3,3,24x24,"{""cluster_0"": {""cluster_value"": 0, ""component_size_histogram"": {""540"": 1}, ""largest_component_size"": 540, ""num_1_cell_components"": 0, ""num_2_cell_components"": 0, ""num_components"": 1, ""smallest_component_size"": 540, ""tiny_component_pixel_fraction"": 0.0, ""tiny_component_pixels"": 0}, ""cluster_1"": {""cluster_value"": 1, ""component_size_histogram"": {""4644"": 1}, ""largest_component_size"": 4644, ""num_1_cell_components"": 0, ""num_2_cell_components"": 0, ""num_components"": 1, ""smallest_component_size"": 4644, ""tiny_component_pixel_fraction"": 0.0, ""tiny_component_pixels"": 0}}"
stld,architexture:stld,feature_cluster_coarse_to_fine_global_pooled_init_flip_avg_coarse_only,benchmark,121,122,2,direct_foreground,0.8540448022577554,0.7529336816107383,0.5,0.7906622684597818,0.917427336055729,0.2558135986328125,0.7441864013671875,2,2,0.0,0.0,ok,False,"cluster_a->foreground,cluster_b->background",cluster_a,cluster_b,0.8540448022577554,0.7529336816107383,0.03230892890780177,0.7529336816107383,best_foreground_cluster_iou,1,fpn_2,fpn_2,fpn_2,72x72,18520,47016,18520,47016,18520,47016,0.0,0.0,0.0,0.0,coarsest_pooled_direct,pooled_avg_pool_flip_avg_coarse_only,False,False,architexture_binary_v1,0.8540448022577554,0.7529336816107383,0.7906622684597818,0.018930922103648794,3,3,24x24,"{""cluster_0"": {""cluster_value"": 0, ""component_size_histogram"": {""594"": 1, ""873"": 1}, ""largest_component_size"": 873, ""num_1_cell_components"": 0, ""num_2_cell_components"": 0, ""num_components"": 2, ""smallest_component_size"": 594, ""tiny_component_pixel_fraction"": 0.0, ""tiny_component_pixels"": 0}, ""cluster_1"": {""cluster_value"": 1, ""component_size_histogram"": {""3717"": 1}, ""largest_component_size"": 3717, ""num_1_cell_components"": 0, ""num_2_cell_components"": 0, ""num_components"": 1, ""smallest_component_size"": 3717, ""tiny_component_pixel_fraction"": 0.0, ""tiny_component_pixels"": 0}}"
stld,architexture:stld,feature_cluster_coarse_to_fine_global_pooled_init_flip_avg_coarse_only,benchmark,122,123,2,direct_foreground,0.9289498875979132,0.8764552586592245,0.5,0.9011901870293904,0.9567095881664361,0.294769287109375,0.705230712890625,2,2,0.0,0.0,ok,False,"cluster_b->foreground,cluster_a->background",cluster_b,cluster_a,0.015748020712095114,0.8764552586592245,0.9289498875979132,0.8764552586592245,best_foreground_cluster_iou,1,fpn_2,fpn_2,fpn_2,72x72,45718,19818,45718,19818,45718,19818,0.0,0.0,0.0,0.0,coarsest_pooled_direct,pooled_avg_pool_flip_avg_coarse_only,False,False,architexture_binary_v1,0.9289498875979132,0.8764552586592245,0.011934214006752868,0.9011901870293904,3,3,24x24,"{""cluster_0"": {""cluster_value"": 0, ""component_size_histogram"": {""3618"": 1}, ""largest_component_size"": 3618, ""num_1_cell_components"": 0, ""num_2_cell_components"": 0, ""num_components"": 1, ""smallest_component_size"": 3618, ""tiny_component_pixel_fraction"": 0.0, ""tiny_component_pixels"": 0}, ""cluster_1"": {""cluster_value"": 1, ""component_size_histogram"": {""1566"": 1}, ""largest_component_size"": 1566, ""num_1_cell_components"": 0, ""num_2_cell_components"": 0, ""num_components"": 1, ""smallest_component_size"": 1566, ""tiny_component_pixel_fraction"": 0.0, ""tiny_component_pixels"": 0}}"
stld,architexture:stld,feature_cluster_coarse_to_fine_global_pooled_init_flip_avg_coarse_only,benchmark,123,124,2,direct_foreground,0.7674143171722346,0.6216007714661792,0.5,0.6514469810587125,0.8833816532857568,0.1839447021484375,0.8160552978515625,2,2,0.0,0.0,ok,False,"cluster_a->foreground,cluster_b->background",cluster_a,cluster_b,0.7674143171722346,0.6216007714661792,0.04835104250174168,0.6216007714661792,best_foreground_cluster_iou,1,fpn_2,fpn_2,fpn_2,72x72,17676,47860,17676,47860,17676,47860,0.0,0.0,0.0,0.0,coarsest_pooled_direct,pooled_avg_pool_flip_avg_coarse_only,False,False,architexture_binary_v1,0.7674143171722346,0.6216007714661792,0.6514469810587125,0.005487682083641002,3,3,24x24,"{""cluster_0"": {""cluster_value"": 0, ""component_size_histogram"": {""1404"": 1}, ""largest_component_size"": 1404, ""num_1_cell_components"": 0, ""num_2_cell_components"": 0, ""num_components"": 1, ""smallest_component_size"": 1404, ""tiny_component_pixel_fraction"": 0.0, ""tiny_component_pixels"": 0}, ""cluster_1"": {""cluster_value"": 1, ""component_size_histogram"": {""3762"": 1, ""9"": 2}, ""largest_component_size"": 3762, ""num_1_cell_components"": 0, ""num_2_cell_components"": 0, ""num_components"": 3, ""smallest_component_size"": 9, ""tiny_component_pixel_fraction"": 0.0, ""tiny_component_pixels"": 0}}"
stld,architexture:stld,feature_cluster_coarse_to_fine_global_pooled_init_flip_avg_coarse_only,benchmark,124,125,2,direct_foreground,0.6018313546375017,0.3555399328714468,0.5,0.4061050807725628,0.7975576285024406,0.122467041015625,0.877532958984375,2,2,0.0,0.0,ok,False,"cluster_a->foreground,cluster_b->background",cluster_a,cluster_b,0.6018313546375017,0.3555399328714468,0.08908348391710769,0.3555399328714468,best_foreground_cluster_iou,1,fpn_2,fpn_2,fpn_2,72x72,19566,45970,19566,45970,19566,45970,0.0,0.0,0.0,0.0,coarsest_pooled_direct,pooled_avg_pool_flip_avg_coarse_only,False,False,architexture_binary_v1,0.6018313546375017,0.3555399328714468,0.4061050807725628,0.0010567492908656075,3,3,24x24,"{""cluster_0"": {""cluster_value"": 0, ""component_size_histogram"": {""1548"": 1}, ""largest_component_size"": 1548, ""num_1_cell_components"": 0, ""num_2_cell_components"": 0, ""num_components"": 1, ""smallest_component_size"": 1548, ""tiny_component_pixel_fraction"": 0.0, ""tiny_component_pixels"": 0}, ""cluster_1"": {""cluster_value"": 1, ""component_size_histogram"": {""3636"": 1}, ""largest_component_size"": 3636, ""num_1_cell_components"": 0, ""num_2_cell_components"": 0, ""num_components"": 1, ""smallest_component_size"": 3636, ""tiny_component_pixel_fraction"": 0.0, ""tiny_component_pixels"": 0}}"
stld,architexture:stld,feature_cluster_coarse_to_fine_global_pooled_init_flip_avg_coarse_only,benchmark,125,126,2,direct_foreground,0.916890914356551,0.852594168136304,0.5,0.8870375470485633,0.9467442816645387,0.3072052001953125,0.6927947998046875,2,2,0.0,0.0,ok,False,"cluster_a->foreground,cluster_b->background",cluster_a,cluster_b,0.916890914356551,0.852594168136304,0.019092878378635405,0.852594168136304,best_foreground_cluster_iou,1,fpn_2,fpn_2,fpn_2,72x72,20978,44558,20978,44558,20978,44558,0.0,0.0,0.0,0.0,coarsest_pooled_direct,pooled_avg_pool_flip_avg_coarse_only,False,False,architexture_binary_v1,0.916890914356551,0.852594168136304,0.8870375470485633,0.01264812234866866,3,3,24x24,"{""cluster_0"": {""cluster_value"": 0, ""component_size_histogram"": {""1665"": 1}, ""largest_component_size"": 1665, ""num_1_cell_components"": 0, ""num_2_cell_components"": 0, ""num_components"": 1, ""smallest_component_size"": 1665, ""tiny_component_pixel_fraction"": 0.0, ""tiny_component_pixels"": 0}, ""cluster_1"": {""cluster_value"": 1, ""component_size_histogram"": {""3519"": 1}, ""largest_component_size"": 3519, ""num_1_cell_components"": 0, ""num_2_cell_components"": 0, ""num_components"": 1, ""smallest_component_size"": 3519, ""tiny_component_pixel_fraction"": 0.0, ""tiny_component_pixels"": 0}}"
stld,architexture:stld,feature_cluster_coarse_to_fine_global_pooled_init_flip_avg_coarse_only,benchmark,126,127,2,direct_foreground,0.9031080714751107,0.8276609359087893,0.5,0.8687700873658956,0.9374460555843259,0.3079833984375,0.6920166015625,2,2,0.0,0.0,ok,False,"cluster_b->foreground,cluster_a->background",cluster_b,cluster_a,0.02256805584983751,0.8276609359087893,0.9031080714751107,0.8276609359087893,best_foreground_cluster_iou,1,fpn_2,fpn_2,fpn_2,72x72,44437,21099,44437,21099,44437,21099,0.0,0.0,0.0,0.0,coarsest_pooled_direct,pooled_avg_pool_flip_avg_coarse_only,False,False,architexture_binary_v1,0.9031080714751107,0.8276609359087893,0.015590375457731537,0.8687700873658956,3,3,24x24,"{""cluster_0"": {""cluster_value"": 0, ""component_size_histogram"": {""3510"": 1}, ""largest_component_size"": 3510, ""num_1_cell_components"": 0, ""num_2_cell_components"": 0, ""num_components"": 1, ""smallest_component_size"": 3510, ""tiny_component_pixel_fraction"": 0.0, ""tiny_component_pixels"": 0}, ""cluster_1"": {""cluster_value"": 1, ""component_size_histogram"": {""1674"": 1}, ""largest_component_size"": 1674, ""num_1_cell_components"": 0, ""num_2_cell_components"": 0, ""num_components"": 1, ""smallest_component_size"": 1674, ""tiny_component_pixel_fraction"": 0.0, ""tiny_component_pixels"": 0}}"
stld,architexture:stld,feature_cluster_coarse_to_fine_global_pooled_init_flip_avg_coarse_only,benchmark,127,128,2,direct_foreground,0.9125205486911181,0.8331299987601817,0.5,0.8935796939156402,0.9314614034665961,0.37591552734375,0.62408447265625,2,2,0.0,0.0,ok,False,"cluster_a->foreground,cluster_b->background",cluster_a,cluster_b,0.9125205486911181,0.8331299987601817,0.022108779874034156,0.8331299987601817,best_foreground_cluster_iou,1,fpn_2,fpn_2,fpn_2,72x72,26093,39443,26093,39443,26093,39443,0.0,0.0,0.0,0.0,coarsest_pooled_direct,pooled_avg_pool_flip_avg_coarse_only,False,False,architexture_binary_v1,0.9125205486911181,0.8331299987601817,0.8935796939156402,0.01099681297529267,3,3,24x24,"{""cluster_0"": {""cluster_value"": 0, ""component_size_histogram"": {""2061"": 1}, ""largest_component_size"": 2061, ""num_1_cell_components"": 0, ""num_2_cell_components"": 0, ""num_components"": 1, ""smallest_component_size"": 2061, ""tiny_component_pixel_fraction"": 0.0, ""tiny_component_pixels"": 0}, ""cluster_1"": {""cluster_value"": 1, ""component_size_histogram"": {""3123"": 1}, ""largest_component_size"": 3123, ""num_1_cell_components"": 0, ""num_2_cell_components"": 0, ""num_components"": 1, ""smallest_component_size"": 3123, ""tiny_component_pixel_fraction"": 0.0, ""tiny_component_pixels"": 0}}"
stld,architexture:stld,feature_cluster_coarse_to_fine_global_pooled_init_flip_avg_coarse_only,benchmark,128,129,2,direct_foreground,0.5975145818942694,0.33750801987681256,0.5,0.42035802356379576,0.774671140224743,0.1409454345703125,0.8590545654296875,2,2,0.0,0.0,ok,False,"cluster_a->foreground,cluster_b->background",cluster_a,cluster_b,0.5975145818942694,0.33750801987681256,0.09694555357491387,0.33750801987681256,best_foreground_cluster_iou,1,fpn_2,fpn_2,fpn_2,72x72,21866,43670,21866,43670,21866,43670,0.0,0.0,0.0,0.0,coarsest_pooled_direct,pooled_avg_pool_flip_avg_coarse_only,False,False,architexture_binary_v1,0.5975145818942694,0.33750801987681256,0.42035802356379576,0.0006052009456264776,3,3,24x24,"{""cluster_0"": {""cluster_value"": 0, ""component_size_histogram"": {""1728"": 1}, ""largest_component_size"": 1728, ""num_1_cell_components"": 0, ""num_2_cell_components"": 0, ""num_components"": 1, ""smallest_component_size"": 1728, ""tiny_component_pixel_fraction"": 0.0, ""tiny_component_pixels"": 0}, ""cluster_1"": {""cluster_value"": 1, ""component_size_histogram"": {""3447"": 1, ""9"": 1}, ""largest_component_size"": 3447, ""num_1_cell_components"": 0, ""num_2_cell_components"": 0, ""num_components"": 2, ""smallest_component_size"": 9, ""tiny_component_pixel_fraction"": 0.0, ""tiny_component_pixels"": 0}}"
stld,architexture:stld,feature_cluster_coarse_to_fine_global_pooled_init_flip_avg_coarse_only,benchmark,129,130,2,direct_foreground,0.8839088893350281,0.8226425822016373,0.5,0.8167582991161528,0.9510594795539034,0.1829376220703125,0.8170623779296875,2,2,0.0,0.0,ok,False,"cluster_b->foreground,cluster_a->background",cluster_b,cluster_a,0.02023130572369448,0.8226425822016373,0.8839088893350281,0.8226425822016373,best_foreground_cluster_iou,1,fpn_2,fpn_2,fpn_2,72x72,51420,14116,51420,14116,51420,14116,0.0,0.0,0.0,0.0,coarsest_pooled_direct,pooled_avg_pool_flip_avg_coarse_only,False,False,architexture_binary_v1,0.8839088893350281,0.8226425822016373,0.0040059535119386916,0.8167582991161528,3,3,24x24,"{""cluster_0"": {""cluster_value"": 0, ""component_size_histogram"": {""4059"": 1, ""9"": 1}, ""largest_component_size"": 4059, ""num_1_cell_components"": 0, ""num_2_cell_components"": 0, ""num_components"": 2, ""smallest_component_size"": 9, ""tiny_component_pixel_fraction"": 0.0, ""tiny_component_pixels"": 0}, ""cluster_1"": {""cluster_value"": 1, ""component_size_histogram"": {""1107"": 1, ""9"": 1}, ""largest_component_size"": 1107, ""num_1_cell_components"": 0, ""num_2_cell_components"": 0, ""num_components"": 2, ""smallest_component_size"": 9, ""tiny_component_pixel_fraction"": 0.0, ""tiny_component_pixels"": 0}}"
stld,architexture:stld,feature_cluster_coarse_to_fine_global_pooled_init_flip_avg_coarse_only,benchmark,130,131,2,direct_foreground,0.8419999089649799,0.7105915923792808,0.5,0.7953805985137578,0.888619219416202,0.3046875,0.6953125,2,2,0.0,0.0,ok,False,"cluster_a->foreground,cluster_b->background",cluster_a,cluster_b,0.8419999089649799,0.7105915923792808,0.039063742323548784,0.7105915923792808,best_foreground_cluster_iou,1,fpn_2,fpn_2,fpn_2,72x72,24728,40808,24728,40808,24728,40808,0.0,0.0,0.0,0.0,coarsest_pooled_direct,pooled_avg_pool_flip_avg_coarse_only,False,False,architexture_binary_v1,0.8419999089649799,0.7105915923792808,0.7953805985137578,0.0027553663647313107,3,3,24x24,"{""cluster_0"": {""cluster_value"": 0, ""component_size_histogram"": {""1953"": 1}, ""largest_component_size"": 1953, ""num_1_cell_components"": 0, ""num_2_cell_components"": 0, ""num_components"": 1, ""smallest_component_size"": 1953, ""tiny_component_pixel_fraction"": 0.0, ""tiny_component_pixels"": 0}, ""cluster_1"": {""cluster_value"": 1, ""component_size_histogram"": {""3231"": 1}, ""largest_component_size"": 3231, ""num_1_cell_components"": 0, ""num_2_cell_components"": 0, ""num_components"": 1, ""smallest_component_size"": 3231, ""tiny_component_pixel_fraction"": 0.0, ""tiny_component_pixels"": 0}}"
stld,architexture:stld,feature_cluster_coarse_to_fine_global_pooled_init_flip_avg_coarse_only,benchmark,131,132,2,direct_foreground,0.855705717881454,0.7796072553067568,0.5,0.7712683952347582,0.9401430405281497,0.1717987060546875,0.8282012939453125,2,2,0.0,0.0,ok,False,"cluster_a->foreground,cluster_b->background",cluster_a,cluster_b,0.855705717881454,0.7796072553067568,0.025084324556408157,0.7796072553067568,best_foreground_cluster_iou,1,fpn_2,fpn_2,fpn_2,72x72,14017,51519,14017,51519,14017,51519,0.0,0.0,0.0,0.0,coarsest_pooled_direct,pooled_avg_pool_flip_avg_coarse_only,False,False,architexture_binary_v1,0.855705717881454,0.7796072553067568,0.7712683952347582,0.004046381447421032,3,3,24x24,"{""cluster_0"": {""cluster_value"": 0, ""component_size_histogram"": {""1107"": 1}, ""largest_component_size"": 1107, ""num_1_cell_components"": 0, ""num_2_cell_components"": 0, ""num_components"": 1, ""smallest_component_size"": 1107, ""tiny_component_pixel_fraction"": 0.0, ""tiny_component_pixels"": 0}, ""cluster_1"": {""cluster_value"": 1, ""component_size_histogram"": {""4077"": 1}, ""largest_component_size"": 4077, ""num_1_cell_components"": 0, ""num_2_cell_components"": 0, ""num_components"": 1, ""smallest_component_size"": 4077, ""tiny_component_pixel_fraction"": 0.0, ""tiny_component_pixels"": 0}}"
stld,architexture:stld,feature_cluster_coarse_to_fine_global_pooled_init_flip_avg_coarse_only,benchmark,132,133,2,direct_foreground,0.8766480513089048,0.8191879028411273,0.5,0.7980893782383419,0.9552067243794676,0.1537322998046875,0.8462677001953125,2,2,0.0,0.0,ok,False,"cluster_a->foreground,cluster_b->background",cluster_a,cluster_b,0.8766480513089048,0.8191879028411273,0.01914501526639201,0.8191879028411273,best_foreground_cluster_iou,1,fpn_2,fpn_2,fpn_2,72x72,12135,53401,12135,53401,12135,53401,0.0,0.0,0.0,0.0,coarsest_pooled_direct,pooled_avg_pool_flip_avg_coarse_only,False,False,architexture_binary_v1,0.8766480513089048,0.8191879028411273,0.7980893782383419,0.003430341927630851,3,3,24x24,"{""cluster_0"": {""cluster_value"": 0, ""component_size_histogram"": {""963"": 1}, ""largest_component_size"": 963, ""num_1_cell_components"": 0, ""num_2_cell_components"": 0, ""num_components"": 1, ""smallest_component_size"": 963, ""tiny_component_pixel_fraction"": 0.0, ""tiny_component_pixels"": 0}, ""cluster_1"": {""cluster_value"": 1, ""component_size_histogram"": {""4221"": 1}, ""largest_component_size"": 4221, ""num_1_cell_components"": 0, ""num_2_cell_components"": 0, ""num_components"": 1, ""smallest_component_size"": 4221, ""tiny_component_pixel_fraction"": 0.0, ""tiny_component_pixels"": 0}}"
stld,architexture:stld,feature_cluster_coarse_to_fine_global_pooled_init_flip_avg_coarse_only,benchmark,133,134,2,direct_foreground,0.8284040483732857,0.7158010205376368,0.5,0.7483047680068343,0.9085033287397372,0.2160797119140625,0.7839202880859375,2,2,0.0,0.0,ok,False,"cluster_b->foreground,cluster_a->background",cluster_b,cluster_a,0.03612623763841507,0.7158010205376368,0.8284040483732857,0.7158010205376368,best_foreground_cluster_iou,1,fpn_2,fpn_2,fpn_2,72x72,46953,18583,46953,18583,46953,18583,0.0,0.0,0.0,0.0,coarsest_pooled_direct,pooled_avg_pool_flip_avg_coarse_only,False,False,architexture_binary_v1,0.8284040483732857,0.7158010205376368,0.0023946988584175304,0.7483047680068343,3,3,24x24,"{""cluster_0"": {""cluster_value"": 0, ""component_size_histogram"": {""3717"": 1}, ""largest_component_size"": 3717, ""num_1_cell_components"": 0, ""num_2_cell_components"": 0, ""num_components"": 1, ""smallest_component_size"": 3717, ""tiny_component_pixel_fraction"": 0.0, ""tiny_component_pixels"": 0}, ""cluster_1"": {""cluster_value"": 1, ""component_size_histogram"": {""1467"": 1}, ""largest_component_size"": 1467, ""num_1_cell_components"": 0, ""num_2_cell_components"": 0, ""num_components"": 1, ""smallest_component_size"": 1467, ""tiny_component_pixel_fraction"": 0.0, ""tiny_component_pixels"": 0}}"
stld,architexture:stld,feature_cluster_coarse_to_fine_global_pooled_init_flip_avg_coarse_only,benchmark,134,135,2,direct_foreground,0.7652843547412063,0.660978670378575,0.5,0.596516393442623,0.9340523160397897,0.0897216796875,0.9102783203125,2,2,0.0,0.0,ok,False,"cluster_a->foreground,cluster_b->background",cluster_a,cluster_b,0.7652843547412063,0.660978670378575,0.030098623719779248,0.660978670378575,best_foreground_cluster_iou,1,fpn_2,fpn_2,fpn_2,72x72,9702,55834,9702,55834,9702,55834,0.0,0.0,0.0,0.0,coarsest_pooled_direct,pooled_avg_pool_flip_avg_coarse_only,False,False,architexture_binary_v1,0.7652843547412063,0.660978670378575,0.596516393442623,0.0009407032567795511,3,3,24x24,"{""cluster_0"": {""cluster_value"": 0, ""component_size_histogram"": {""756"": 1, ""9"": 2}, ""largest_component_size"": 756, ""num_1_cell_components"": 0, ""num_2_cell_components"": 0, ""num_components"": 3, ""smallest_component_size"": 9, ""tiny_component_pixel_fraction"": 0.0, ""tiny_component_pixels"": 0}, ""cluster_1"": {""cluster_value"": 1, ""component_size_histogram"": {""27"": 1, ""4383"": 1}, ""largest_component_size"": 4383, ""num_1_cell_components"": 0, ""num_2_cell_components"": 0, ""num_components"": 2, ""smallest_component_size"": 27, ""tiny_component_pixel_fraction"": 0.0, ""tiny_component_pixels"": 0}}"
stld,architexture:stld,feature_cluster_coarse_to_fine_global_pooled_init_flip_avg_coarse_only,benchmark,135,136,2,direct_foreground,0.8074060169715302,0.7185976976078982,0.5,0.6784934020798742,0.9363186318631863,0.1195068359375,0.8804931640625,2,2,0.0,0.0,ok,False,"cluster_a->foreground,cluster_b->background",cluster_a,cluster_b,0.8074060169715302,0.7185976976078982,0.028127410164593875,0.7185976976078982,best_foreground_cluster_iou,1,fpn_2,fpn_2,fpn_2,72x72,11375,54161,11375,54161,11375,54161,0.0,0.0,0.0,0.0,coarsest_pooled_direct,pooled_avg_pool_flip_avg_coarse_only,False,False,architexture_binary_v1,0.8074060169715302,0.7185976976078982,0.6784934020798742,0.0010981025433992734,3,3,24x24,"{""cluster_0"": {""cluster_value"": 0, ""component_size_histogram"": {""900"": 1}, ""largest_component_size"": 900, ""num_1_cell_components"": 0, ""num_2_cell_components"": 0, ""num_components"": 1, ""smallest_component_size"": 900, ""tiny_component_pixel_fraction"": 0.0, ""tiny_component_pixels"": 0}, ""cluster_1"": {""cluster_value"": 1, ""component_size_histogram"": {""4284"": 1}, ""largest_component_size"": 4284, ""num_1_cell_components"": 0, ""num_2_cell_components"": 0, ""num_components"": 1, ""smallest_component_size"": 4284, ""tiny_component_pixel_fraction"": 0.0, ""tiny_component_pixels"": 0}}"
stld,architexture:stld,feature_cluster_coarse_to_fine_global_pooled_init_flip_avg_coarse_only,benchmark,136,137,2,direct_foreground,0.6850800285823954,0.5223081608245923,0.5,0.4735456475583864,0.8966144096064043,0.0856475830078125,0.9143524169921875,2,2,0.0,0.0,ok,False,"cluster_a->foreground,cluster_b->background",cluster_a,cluster_b,0.6850800285823954,0.5223081608245923,0.0473504702849662,0.5223081608245923,best_foreground_cluster_iou,1,fpn_2,fpn_2,fpn_2,72x72,11738,53798,11738,53798,11738,53798,0.0,0.0,0.0,0.0,coarsest_pooled_direct,pooled_avg_pool_flip_avg_coarse_only,False,False,architexture_binary_v1,0.6850800285823954,0.5223081608245923,0.4735456475583864,0.0006231683902044666,3,3,24x24,"{""cluster_0"": {""cluster_value"": 0, ""component_size_histogram"": {""18"": 1, ""36"": 3, ""54"": 1, ""747"": 1}, ""largest_component_size"": 747, ""num_1_cell_components"": 0, ""num_2_cell_components"": 0, ""num_components"": 6, ""smallest_component_size"": 18, ""tiny_component_pixel_fraction"": 0.0, ""tiny_component_pixels"": 0}, ""cluster_1"": {""cluster_value"": 1, ""component_size_histogram"": {""4257"": 1}, ""largest_component_size"": 4257, ""num_1_cell_components"": 0, ""num_2_cell_components"": 0, ""num_components"": 1, ""smallest_component_size"": 4257, ""tiny_component_pixel_fraction"": 0.0, ""tiny_component_pixels"": 0}}"
stld,architexture:stld,feature_cluster_coarse_to_fine_global_pooled_init_flip_avg_coarse_only,benchmark,137,138,2,direct_foreground,0.8880253717113848,0.8477754253260452,0.5,0.8058902275769746,0.970160515845795,0.1117706298828125,0.8882293701171875,2,2,0.0,0.0,ok,False,"cluster_a->foreground,cluster_b->background",cluster_a,cluster_b,0.8880253717113848,0.8477754253260452,0.01331421310270705,0.8477754253260452,best_foreground_cluster_iou,1,fpn_2,fpn_2,fpn_2,72x72,8863,56673,8863,56673,8863,56673,0.0,0.0,0.0,0.0,coarsest_pooled_direct,pooled_avg_pool_flip_avg_coarse_only,False,False,architexture_binary_v1,0.8880253717113848,0.8477754253260452,0.8058902275769746,0.0015806688889932236,3,3,24x24,"{""cluster_0"": {""cluster_value"": 0, ""component_size_histogram"": {""702"": 1}, ""largest_component_size"": 702, ""num_1_cell_components"": 0, ""num_2_cell_components"": 0, ""num_components"": 1, ""smallest_component_size"": 702, ""tiny_component_pixel_fraction"": 0.0, ""tiny_component_pixels"": 0}, ""cluster_1"": {""cluster_value"": 1, ""component_size_histogram"": {""4482"": 1}, ""largest_component_size"": 4482, ""num_1_cell_components"": 0, ""num_2_cell_components"": 0, ""num_components"": 1, ""smallest_component_size"": 4482, ""tiny_component_pixel_fraction"": 0.0, ""tiny_component_pixels"": 0}}"
stld,architexture:stld,feature_cluster_coarse_to_fine_global_pooled_init_flip_avg_coarse_only,benchmark,138,139,2,direct_foreground,0.34730031285920826,0.0033333600125309217,0.5,0.012288054867593828,0.6823125708508226,0.0093536376953125,0.9906463623046875,2,2,0.0,0.0,ok,False,"cluster_a->foreground,cluster_b->background",cluster_a,cluster_b,0.34730031285920826,0.0033333600125309217,0.16028799260118476,0.0033333600125309217,best_foreground_cluster_iou,1,fpn_2,fpn_2,fpn_2,72x72,20641,44895,20641,44895,20641,44895,0.0,0.0,0.0,0.0,coarsest_pooled_direct,pooled_avg_pool_flip_avg_coarse_only,False,False,architexture_binary_v1,0.34730031285920826,0.0033333600125309217,0.012288054867593828,0.007862157553207981,3,3,24x24,"{""cluster_0"": {""cluster_value"": 0, ""component_size_histogram"": {""225"": 1, ""270"": 1, ""297"": 1, ""423"": 1, ""432"": 1}, ""largest_component_size"": 432, ""num_1_cell_components"": 0, ""num_2_cell_components"": 0, ""num_components"": 5, ""smallest_component_size"": 225, ""tiny_component_pixel_fraction"": 0.0, ""tiny_component_pixels"": 0}, ""cluster_1"": {""cluster_value"": 1, ""component_size_histogram"": {""441"": 1, ""567"": 1, ""594"": 1, ""639"": 1, ""648"": 2}, ""largest_component_size"": 648, ""num_1_cell_components"": 0, ""num_2_cell_components"": 0, ""num_components"": 6, ""smallest_component_size"": 441, ""tiny_component_pixel_fraction"": 0.0, ""tiny_component_pixels"": 0}}"
stld,architexture:stld,feature_cluster_coarse_to_fine_global_pooled_init_flip_avg_coarse_only,benchmark,139,140,2,direct_foreground,0.8693984492680285,0.7848093817477857,0.5,0.8076098311981086,0.9311870673379484,0.2267913818359375,0.7732086181640625,2,2,0.0,0.0,ok,False,"cluster_a->foreground,cluster_b->background",cluster_a,cluster_b,0.8693984492680285,0.7848093817477857,0.02683448859217096,0.7848093817477857,best_foreground_cluster_iou,1,fpn_2,fpn_2,fpn_2,72x72,18012,47524,18012,47524,18012,47524,0.0,0.0,0.0,0.0,coarsest_pooled_direct,pooled_avg_pool_flip_avg_coarse_only,False,False,architexture_binary_v1,0.8693984492680285,0.7848093817477857,0.8076098311981086,0.002812962129492702,3,3,24x24,"{""cluster_0"": {""cluster_value"": 0, ""component_size_histogram"": {""1422"": 1}, ""largest_component_size"": 1422, ""num_1_cell_components"": 0, ""num_2_cell_components"": 0, ""num_components"": 1, ""smallest_component_size"": 1422, ""tiny_component_pixel_fraction"": 0.0, ""tiny_component_pixels"": 0}, ""cluster_1"": {""cluster_value"": 1, ""component_size_histogram"": {""3762"": 1}, ""largest_component_size"": 3762, ""num_1_cell_components"": 0, ""num_2_cell_components"": 0, ""num_components"": 1, ""smallest_component_size"": 3762, ""tiny_component_pixel_fraction"": 0.0, ""tiny_component_pixels"": 0}}"
stld,architexture:stld,feature_cluster_coarse_to_fine_global_pooled_init_flip_avg_coarse_only,benchmark,140,141,2,direct_foreground,0.8691400430090443,0.8226705997640694,0.5,0.7710086523645846,0.9672714336535041,0.1029815673828125,0.8970184326171875,2,2,0.0,0.0,ok,False,"cluster_a->foreground,cluster_b->background",cluster_a,cluster_b,0.8691400430090443,0.8226705997640694,0.014837333487224524,0.8226705997640694,best_foreground_cluster_iou,1,fpn_2,fpn_2,fpn_2,72x72,8193,57343,8193,57343,8193,57343,0.0,0.0,0.0,0.0,coarsest_pooled_direct,pooled_avg_pool_flip_avg_coarse_only,False,False,architexture_binary_v1,0.8691400430090443,0.8226705997640694,0.7710086523645846,0.003821576243578499,3,3,24x24,"{""cluster_0"": {""cluster_value"": 0, ""component_size_histogram"": {""324"": 2}, ""largest_component_size"": 324, ""num_1_cell_components"": 0, ""num_2_cell_components"": 0, ""num_components"": 2, ""smallest_component_size"": 324, ""tiny_component_pixel_fraction"": 0.0, ""tiny_component_pixels"": 0}, ""cluster_1"": {""cluster_value"": 1, ""component_size_histogram"": {""4536"": 1}, ""largest_component_size"": 4536, ""num_1_cell_components"": 0, ""num_2_cell_components"": 0, ""num_components"": 1, ""smallest_component_size"": 4536, ""tiny_component_pixel_fraction"": 0.0, ""tiny_component_pixels"": 0}}"
stld,architexture:stld,feature_cluster_coarse_to_fine_global_pooled_init_flip_avg_coarse_only,benchmark,141,142,2,direct_foreground,0.6282673399696955,0.4087608348585706,0.5,0.4230016022787965,0.8335330776605945,0.1103668212890625,0.8896331787109375,2,2,0.0,0.0,ok,False,"cluster_a->foreground,cluster_b->background",cluster_a,cluster_b,0.6282673399696955,0.4087608348585706,0.0744361467162504,0.4087608348585706,best_foreground_cluster_iou,1,fpn_2,fpn_2,fpn_2,72x72,16746,48790,16746,48790,16746,48790,0.0,0.0,0.0,0.0,coarsest_pooled_direct,pooled_avg_pool_flip_avg_coarse_only,False,False,architexture_binary_v1,0.6282673399696955,0.4087608348585706,0.4230016022787965,0.0018777495618584356,3,3,24x24,"{""cluster_0"": {""cluster_value"": 0, ""component_size_histogram"": {""1323"": 1}, ""largest_component_size"": 1323, ""num_1_cell_components"": 0, ""num_2_cell_components"": 0, ""num_components"": 1, ""smallest_component_size"": 1323, ""tiny_component_pixel_fraction"": 0.0, ""tiny_component_pixels"": 0}, ""cluster_1"": {""cluster_value"": 1, ""component_size_histogram"": {""3861"": 1}, ""largest_component_size"": 3861, ""num_1_cell_components"": 0, ""num_2_cell_components"": 0, ""num_components"": 1, ""smallest_component_size"": 3861, ""tiny_component_pixel_fraction"": 0.0, ""tiny_component_pixels"": 0}}"
stld,architexture:stld,feature_cluster_coarse_to_fine_global_pooled_init_flip_avg_coarse_only,benchmark,142,143,2,direct_foreground,0.9165869522874086,0.8847136963851516,0.5,0.8583176458931933,0.974856258681624,0.1366729736328125,0.8633270263671875,2,2,0.0,0.0,ok,False,"cluster_a->foreground,cluster_b->background",cluster_a,cluster_b,0.9165869522874086,0.8847136963851516,0.010988656946778749,0.8847136963851516,best_foreground_cluster_iou,1,fpn_2,fpn_2,fpn_2,72x72,9799,55737,9799,55737,9799,55737,0.0,0.0,0.0,0.0,coarsest_pooled_direct,pooled_avg_pool_flip_avg_coarse_only,False,False,architexture_binary_v1,0.9165869522874086,0.8847136963851516,0.8583176458931933,0.004565217391304348,3,3,24x24,"{""cluster_0"": {""cluster_value"": 0, ""component_size_histogram"": {""774"": 1}, ""largest_component_size"": 774, ""num_1_cell_components"": 0, ""num_2_cell_components"": 0, ""num_components"": 1, ""smallest_component_size"": 774, ""tiny_component_pixel_fraction"": 0.0, ""tiny_component_pixels"": 0}, ""cluster_1"": {""cluster_value"": 1, ""component_size_histogram"": {""4410"": 1}, ""largest_component_size"": 4410, ""num_1_cell_components"": 0, ""num_2_cell_components"": 0, ""num_components"": 1, ""smallest_component_size"": 4410, ""tiny_component_pixel_fraction"": 0.0, ""tiny_component_pixels"": 0}}"
stld,architexture:stld,feature_cluster_coarse_to_fine_global_pooled_init_flip_avg_coarse_only,benchmark,143,144,2,direct_foreground,0.8457375509532199,0.7804550791758558,0.5,0.7391180654338549,0.952357036472585,0.119720458984375,0.880279541015625,2,2,0.0,0.0,ok,False,"cluster_a->foreground,cluster_b->background",cluster_a,cluster_b,0.8457375509532199,0.7804550791758558,0.021021856429528477,0.7804550791758558,best_foreground_cluster_iou,1,fpn_2,fpn_2,fpn_2,72x72,10493,55043,10493,55043,10493,55043,0.0,0.0,0.0,0.0,coarsest_pooled_direct,pooled_avg_pool_flip_avg_coarse_only,False,False,architexture_binary_v1,0.8457375509532199,0.7804550791758558,0.7391180654338549,0.0008275379155593042,3,3,24x24,"{""cluster_0"": {""cluster_value"": 0, ""component_size_histogram"": {""819"": 1, ""9"": 1}, ""largest_component_size"": 819, ""num_1_cell_components"": 0, ""num_2_cell_components"": 0, ""num_components"": 2, ""smallest_component_size"": 9, ""tiny_component_pixel_fraction"": 0.0, ""tiny_component_pixels"": 0}, ""cluster_1"": {""cluster_value"": 1, ""component_size_histogram"": {""4356"": 1}, ""largest_component_size"": 4356, ""num_1_cell_components"": 0, ""num_2_cell_components"": 0, ""num_components"": 1, ""smallest_component_size"": 4356, ""tiny_component_pixel_fraction"": 0.0, ""tiny_component_pixels"": 0}}"
stld,architexture:stld,feature_cluster_coarse_to_fine_global_pooled_init_flip_avg_coarse_only,benchmark,144,145,2,direct_foreground,0.8847163715925166,0.7998140657360934,0.5,0.8394512952872575,0.9299814478977758,0.271209716796875,0.728790283203125,2,2,0.0,0.0,ok,False,"cluster_a->foreground,cluster_b->background",cluster_a,cluster_b,0.8847163715925166,0.7998140657360934,0.025785940391404128,0.7998140657360934,best_foreground_cluster_iou,1,fpn_2,fpn_2,fpn_2,72x72,20711,44825,20711,44825,20711,44825,0.0,0.0,0.0,0.0,coarsest_pooled_direct,pooled_avg_pool_flip_avg_coarse_only,False,False,architexture_binary_v1,0.8847163715925166,0.7998140657360934,0.8394512952872575,0.00338206065268962,3,3,24x24,"{""cluster_0"": {""cluster_value"": 0, ""component_size_histogram"": {""1638"": 1}, ""largest_component_size"": 1638, ""num_1_cell_components"": 0, ""num_2_cell_components"": 0, ""num_components"": 1, ""smallest_component_size"": 1638, ""tiny_component_pixel_fraction"": 0.0, ""tiny_component_pixels"": 0}, ""cluster_1"": {""cluster_value"": 1, ""component_size_histogram"": {""3483"": 1, ""45"": 1, ""9"": 2}, ""largest_component_size"": 3483, ""num_1_cell_components"": 0, ""num_2_cell_components"": 0, ""num_components"": 4, ""smallest_component_size"": 9, ""tiny_component_pixel_fraction"": 0.0, ""tiny_component_pixels"": 0}}"
stld,architexture:stld,feature_cluster_coarse_to_fine_global_pooled_init_flip_avg_coarse_only,benchmark,145,146,2,direct_foreground,0.6591857282160717,0.45720961165787716,0.5,0.47361283094522083,0.8447586254869226,0.123260498046875,0.876739501953125,2,2,0.0,0.0,ok,False,"cluster_b->foreground,cluster_a->background",cluster_b,cluster_a,0.06821021085705191,0.45720961165787716,0.6591857282160717,0.45720961165787716,best_foreground_cluster_iou,1,fpn_2,fpn_2,fpn_2,72x72,48623,16913,48623,16913,48623,16913,0.0,0.0,0.0,0.0,coarsest_pooled_direct,pooled_avg_pool_flip_avg_coarse_only,False,False,architexture_binary_v1,0.6591857282160717,0.45720961165787716,0.0008119318683258318,0.47361283094522083,3,3,24x24,"{""cluster_0"": {""cluster_value"": 0, ""component_size_histogram"": {""27"": 1, ""3807"": 1, ""9"": 1}, ""largest_component_size"": 3807, ""num_1_cell_components"": 0, ""num_2_cell_components"": 0, ""num_components"": 3, ""smallest_component_size"": 9, ""tiny_component_pixel_fraction"": 0.0, ""tiny_component_pixels"": 0}, ""cluster_1"": {""cluster_value"": 1, ""component_size_histogram"": {""1332"": 1, ""9"": 1}, ""largest_component_size"": 1332, ""num_1_cell_components"": 0, ""num_2_cell_components"": 0, ""num_components"": 2, ""smallest_component_size"": 9, ""tiny_component_pixel_fraction"": 0.0, ""tiny_component_pixels"": 0}}"
stld,architexture:stld,feature_cluster_coarse_to_fine_global_pooled_init_flip_avg_coarse_only,benchmark,146,147,2,direct_foreground,0.593608896156282,0.35387916594932584,0.5,0.36746524696835253,0.8197525453442115,0.0963287353515625,0.9036712646484375,2,2,0.0,0.0,ok,False,"cluster_a->foreground,cluster_b->background",cluster_a,cluster_b,0.593608896156282,0.35387916594932584,0.08185439693184525,0.35387916594932584,best_foreground_cluster_iou,1,fpn_2,fpn_2,fpn_2,72x72,16804,48732,16804,48732,16804,48732,0.0,0.0,0.0,0.0,coarsest_pooled_direct,pooled_avg_pool_flip_avg_coarse_only,False,False,architexture_binary_v1,0.593608896156282,0.35387916594932584,0.36746524696835253,0.001838235294117647,3,3,24x24,"{""cluster_0"": {""cluster_value"": 0, ""component_size_histogram"": {""1332"": 1}, ""largest_component_size"": 1332, ""num_1_cell_components"": 0, ""num_2_cell_components"": 0, ""num_components"": 1, ""smallest_component_size"": 1332, ""tiny_component_pixel_fraction"": 0.0, ""tiny_component_pixels"": 0}, ""cluster_1"": {""cluster_value"": 1, ""component_size_histogram"": {""3843"": 1, ""9"": 1}, ""largest_component_size"": 3843, ""num_1_cell_components"": 0, ""num_2_cell_components"": 0, ""num_components"": 2, ""smallest_component_size"": 9, ""tiny_component_pixel_fraction"": 0.0, ""tiny_component_pixels"": 0}}"
stld,architexture:stld,feature_cluster_coarse_to_fine_global_pooled_init_flip_avg_coarse_only,benchmark,147,148,2,direct_foreground,0.8999339934832634,0.8604600821814015,0.5,0.8304474708171207,0.9694205161494062,0.1339111328125,0.8660888671875,2,2,0.0,0.0,ok,False,"cluster_a->foreground,cluster_b->background",cluster_a,cluster_b,0.8999339934832634,0.8604600821814015,0.013382863099095046,0.8604600821814015,best_foreground_cluster_iou,1,fpn_2,fpn_2,fpn_2,72x72,10041,55495,10041,55495,10041,55495,0.0,0.0,0.0,0.0,coarsest_pooled_direct,pooled_avg_pool_flip_avg_coarse_only,False,False,architexture_binary_v1,0.8999339934832634,0.8604600821814015,0.8304474708171207,0.0037325087456271866,3,3,24x24,"{""cluster_0"": {""cluster_value"": 0, ""component_size_histogram"": {""792"": 1}, ""largest_component_size"": 792, ""num_1_cell_components"": 0, ""num_2_cell_components"": 0, ""num_components"": 1, ""smallest_component_size"": 792, ""tiny_component_pixel_fraction"": 0.0, ""tiny_component_pixels"": 0}, ""cluster_1"": {""cluster_value"": 1, ""component_size_histogram"": {""4392"": 1}, ""largest_component_size"": 4392, ""num_1_cell_components"": 0, ""num_2_cell_components"": 0, ""num_components"": 1, ""smallest_component_size"": 4392, ""tiny_component_pixel_fraction"": 0.0, ""tiny_component_pixels"": 0}}"
stld,architexture:stld,feature_cluster_coarse_to_fine_global_pooled_init_flip_avg_coarse_only,benchmark,148,149,2,direct_foreground,0.7069714433822136,0.5602637009155447,0.5,0.5073243911048358,0.9066184956595915,0.088104248046875,0.911895751953125,2,2,0.0,0.0,ok,False,"cluster_a->foreground,cluster_b->background",cluster_a,cluster_b,0.7069714433822136,0.5602637009155447,0.042628766636871485,0.5602637009155447,best_foreground_cluster_iou,1,fpn_2,fpn_2,fpn_2,72x72,11307,54229,11307,54229,11307,54229,0.0,0.0,0.0,0.0,coarsest_pooled_direct,pooled_avg_pool_flip_avg_coarse_only,False,False,architexture_binary_v1,0.7069714433822136,0.5602637009155447,0.5073243911048358,0.0004168195004835106,3,3,24x24,"{""cluster_0"": {""cluster_value"": 0, ""component_size_histogram"": {""27"": 1, ""864"": 1}, ""largest_component_size"": 864, ""num_1_cell_components"": 0, ""num_2_cell_components"": 0, ""num_components"": 2, ""smallest_component_size"": 27, ""tiny_component_pixel_fraction"": 0.0, ""tiny_component_pixels"": 0}, ""cluster_1"": {""cluster_value"": 1, ""component_size_histogram"": {""4293"": 1}, ""largest_component_size"": 4293, ""num_1_cell_components"": 0, ""num_2_cell_components"": 0, ""num_components"": 1, ""smallest_component_size"": 4293, ""tiny_component_pixel_fraction"": 0.0, ""tiny_component_pixels"": 0}}"
stld,architexture:stld,feature_cluster_coarse_to_fine_global_pooled_init_flip_avg_coarse_only,benchmark,149,150,2,direct_foreground,0.6208699610716316,0.39607557450155406,0.5,0.41367641052570164,0.8280635116175615,0.109130859375,0.890869140625,2,2,0.0,0.0,ok,False,"cluster_b->foreground,cluster_a->background",cluster_b,cluster_a,0.07682498096311242,0.39607557450155406,0.6208699610716316,0.39607557450155406,best_foreground_cluster_iou,1,fpn_2,fpn_2,fpn_2,72x72,48459,17077,48459,17077,48459,17077,0.0,0.0,0.0,0.0,coarsest_pooled_direct,pooled_avg_pool_flip_avg_coarse_only,False,False,architexture_binary_v1,0.6208699610716316,0.39607557450155406,0.0011161317035410178,0.41367641052570164,3,3,24x24,"{""cluster_0"": {""cluster_value"": 0, ""component_size_histogram"": {""3834"": 1}, ""largest_component_size"": 3834, ""num_1_cell_components"": 0, ""num_2_cell_components"": 0, ""num_components"": 1, ""smallest_component_size"": 3834, ""tiny_component_pixel_fraction"": 0.0, ""tiny_component_pixels"": 0}, ""cluster_1"": {""cluster_value"": 1, ""component_size_histogram"": {""1350"": 1}, ""largest_component_size"": 1350, ""num_1_cell_components"": 0, ""num_2_cell_components"": 0, ""num_components"": 1, ""smallest_component_size"": 1350, ""tiny_component_pixel_fraction"": 0.0, ""tiny_component_pixels"": 0}}"
stld,architexture:stld,feature_cluster_coarse_to_fine_global_pooled_init_flip_avg_coarse_only,benchmark,150,151,2,direct_foreground,0.929980366582008,0.8908006628926081,0.5,0.8919903702257792,0.9679703629382368,0.215179443359375,0.784820556640625,2,2,0.0,0.0,ok,False,"cluster_a->foreground,cluster_b->background",cluster_a,cluster_b,0.929980366582008,0.8908006628926081,0.01278222098221209,0.8908006628926081,best_foreground_cluster_iou,1,fpn_2,fpn_2,fpn_2,72x72,14976,50560,14976,50560,14976,50560,0.0,0.0,0.0,0.0,coarsest_pooled_direct,pooled_avg_pool_flip_avg_coarse_only,False,False,architexture_binary_v1,0.929980366582008,0.8908006628926081,0.8919903702257792,0.006114923213368809,3,3,24x24,"{""cluster_0"": {""cluster_value"": 0, ""component_size_histogram"": {""1170"": 1, ""9"": 2}, ""largest_component_size"": 1170, ""num_1_cell_components"": 0, ""num_2_cell_components"": 0, ""num_components"": 3, ""smallest_component_size"": 9, ""tiny_component_pixel_fraction"": 0.0, ""tiny_component_pixels"": 0}, ""cluster_1"": {""cluster_value"": 1, ""component_size_histogram"": {""3996"": 1}, ""largest_component_size"": 3996, ""num_1_cell_components"": 0, ""num_2_cell_components"": 0, ""num_components"": 1, ""smallest_component_size"": 3996, ""tiny_component_pixel_fraction"": 0.0, ""tiny_component_pixels"": 0}}"
stld,architexture:stld,feature_cluster_coarse_to_fine_global_pooled_init_flip_avg_coarse_only,benchmark,151,152,2,direct_foreground,0.8667506542727741,0.8102658337164143,0.5,0.7760258183494698,0.9574754901960785,0.1310882568359375,0.8689117431640625,2,2,0.0,0.0,ok,False,"cluster_a->foreground,cluster_b->background",cluster_a,cluster_b,0.8667506542727741,0.8102658337164143,0.018625397906962056,0.8102658337164143,best_foreground_cluster_iou,1,fpn_2,fpn_2,fpn_2,72x72,10670,54866,10670,54866,10670,54866,0.0,0.0,0.0,0.0,coarsest_pooled_direct,pooled_avg_pool_flip_avg_coarse_only,False,False,architexture_binary_v1,0.8667506542727741,0.8102658337164143,0.7760258183494698,0.002765399323662337,3,3,24x24,"{""cluster_0"": {""cluster_value"": 0, ""component_size_histogram"": {""27"": 1, ""810"": 1, ""9"": 1}, ""largest_component_size"": 810, ""num_1_cell_components"": 0, ""num_2_cell_components"": 0, ""num_components"": 3, ""smallest_component_size"": 9, ""tiny_component_pixel_fraction"": 0.0, ""tiny_component_pixels"": 0}, ""cluster_1"": {""cluster_value"": 1, ""component_size_histogram"": {""4338"": 1}, ""largest_component_size"": 4338, ""num_1_cell_components"": 0, ""num_2_cell_components"": 0, ""num_components"": 1, ""smallest_component_size"": 4338, ""tiny_component_pixel_fraction"": 0.0, ""tiny_component_pixels"": 0}}"
stld,architexture:stld,feature_cluster_coarse_to_fine_global_pooled_init_flip_avg_coarse_only,benchmark,152,153,2,direct_foreground,0.4194183833828704,0.06783212483910668,0.5,0.2656969696969697,0.5731397970687712,0.134124755859375,0.865875244140625,2,2,0.0,0.0,ok,False,"cluster_b->foreground,cluster_a->background",cluster_b,cluster_a,0.1850358438090515,0.06783212483910668,0.4194183833828704,0.06783212483910668,best_foreground_cluster_iou,1,fpn_2,fpn_2,fpn_2,72x72,32558,32978,32558,32978,32558,32978,0.0,0.0,0.0,0.0,coarsest_pooled_direct,pooled_avg_pool_flip_avg_coarse_only,False,False,architexture_binary_v1,0.4194183833828704,0.06783212483910668,0.0005323525141557373,0.2656969696969697,3,3,24x24,"{""cluster_0"": {""cluster_value"": 0, ""component_size_histogram"": {""2574"": 1}, ""largest_component_size"": 2574, ""num_1_cell_components"": 0, ""num_2_cell_components"": 0, ""num_components"": 1, ""smallest_component_size"": 2574, ""tiny_component_pixel_fraction"": 0.0, ""tiny_component_pixels"": 0}, ""cluster_1"": {""cluster_value"": 1, ""component_size_histogram"": {""2610"": 1}, ""largest_component_size"": 2610, ""num_1_cell_components"": 0, ""num_2_cell_components"": 0, ""num_components"": 1, ""smallest_component_size"": 2610, ""tiny_component_pixel_fraction"": 0.0, ""tiny_component_pixels"": 0}}"
stld,architexture:stld,feature_cluster_coarse_to_fine_global_pooled_init_flip_avg_coarse_only,benchmark,153,154,2,direct_foreground,0.7155367779798542,0.5941403878190171,0.5,0.47738693467336685,0.9536866212863414,0.0406036376953125,0.9593963623046875,2,2,0.0,0.0,ok,False,"cluster_a->foreground,cluster_b->background",cluster_a,cluster_b,0.7155367779798542,0.5941403878190171,0.02221749040257777,0.5941403878190171,best_foreground_cluster_iou,1,fpn_2,fpn_2,fpn_2,72x72,5571,59965,5571,59965,5571,59965,0.0,0.0,0.0,0.0,coarsest_pooled_direct,pooled_avg_pool_flip_avg_coarse_only,False,False,architexture_binary_v1,0.7155367779798542,0.5941403878190171,0.47738693467336685,1.596806387225549e-05,3,3,24x24,"{""cluster_0"": {""cluster_value"": 0, ""component_size_histogram"": {""441"": 1}, ""largest_component_size"": 441, ""num_1_cell_components"": 0, ""num_2_cell_components"": 0, ""num_components"": 1, ""smallest_component_size"": 441, ""tiny_component_pixel_fraction"": 0.0, ""tiny_component_pixels"": 0}, ""cluster_1"": {""cluster_value"": 1, ""component_size_histogram"": {""4743"": 1}, ""largest_component_size"": 4743, ""num_1_cell_components"": 0, ""num_2_cell_components"": 0, ""num_components"": 1, ""smallest_component_size"": 4743, ""tiny_component_pixel_fraction"": 0.0, ""tiny_component_pixels"": 0}}"
stld,architexture:stld,feature_cluster_coarse_to_fine_global_pooled_init_flip_avg_coarse_only,benchmark,154,155,2,direct_foreground,0.7987978256166808,0.7152506535323451,0.5,0.6518550474547024,0.9457406037786593,0.09307861328125,0.90692138671875,2,2,0.0,0.0,ok,False,"cluster_a->foreground,cluster_b->background",cluster_a,cluster_b,0.7987978256166808,0.7152506535323451,0.024670113198696664,0.7152506535323451,best_foreground_cluster_iou,1,fpn_2,fpn_2,fpn_2,72x72,9216,56320,9216,56320,9216,56320,0.0,0.0,0.0,0.0,coarsest_pooled_direct,pooled_avg_pool_flip_avg_coarse_only,False,False,architexture_binary_v1,0.7987978256166808,0.7152506535323451,0.6518550474547024,0.0008979539477903919,3,3,24x24,"{""cluster_0"": {""cluster_value"": 0, ""component_size_histogram"": {""729"": 1}, ""largest_component_size"": 729, ""num_1_cell_components"": 0, ""num_2_cell_components"": 0, ""num_components"": 1, ""smallest_component_size"": 729, ""tiny_component_pixel_fraction"": 0.0, ""tiny_component_pixels"": 0}, ""cluster_1"": {""cluster_value"": 1, ""component_size_histogram"": {""4455"": 1}, ""largest_component_size"": 4455, ""num_1_cell_components"": 0, ""num_2_cell_components"": 0, ""num_components"": 1, ""smallest_component_size"": 4455, ""tiny_component_pixel_fraction"": 0.0, ""tiny_component_pixels"": 0}}"
stld,architexture:stld,feature_cluster_coarse_to_fine_global_pooled_init_flip_avg_coarse_only,benchmark,155,156,2,direct_foreground,0.9101520238013003,0.8375145998309714,0.5,0.8808913600625515,0.939412687540049,0.3171234130859375,0.6828765869140625,2,2,0.0,0.0,ok,False,"cluster_b->foreground,cluster_a->background",cluster_b,cluster_a,0.02118808196083905,0.8375145998309714,0.9101520238013003,0.8375145998309714,best_foreground_cluster_iou,1,fpn_2,fpn_2,fpn_2,72x72,43019,22517,43019,22517,43019,22517,0.0,0.0,0.0,0.0,coarsest_pooled_direct,pooled_avg_pool_flip_avg_coarse_only,False,False,architexture_binary_v1,0.9101520238013003,0.8375145998309714,0.007962336882681918,0.8808913600625515,3,3,24x24,"{""cluster_0"": {""cluster_value"": 0, ""component_size_histogram"": {""3402"": 1}, ""largest_component_size"": 3402, ""num_1_cell_components"": 0, ""num_2_cell_components"": 0, ""num_components"": 1, ""smallest_component_size"": 3402, ""tiny_component_pixel_fraction"": 0.0, ""tiny_component_pixels"": 0}, ""cluster_1"": {""cluster_value"": 1, ""component_size_histogram"": {""1764"": 1, ""9"": 2}, ""largest_component_size"": 1764, ""num_1_cell_components"": 0, ""num_2_cell_components"": 0, ""num_components"": 3, ""smallest_component_size"": 9, ""tiny_component_pixel_fraction"": 0.0, ""tiny_component_pixels"": 0}}"
stld,architexture:stld,feature_cluster_coarse_to_fine_global_pooled_init_flip_avg_coarse_only,benchmark,156,157,2,direct_foreground,0.8307417512497798,0.7641505951049712,0.5,0.7063509626023456,0.9551325398972139,0.10357666015625,0.89642333984375,2,2,0.0,0.0,ok,False,"cluster_a->foreground,cluster_b->background",cluster_a,cluster_b,0.8307417512497798,0.7641505951049712,0.02046447479033916,0.7641505951049712,best_foreground_cluster_iou,1,fpn_2,fpn_2,fpn_2,72x72,8634,56902,8634,56902,8634,56902,0.0,0.0,0.0,0.0,coarsest_pooled_direct,pooled_avg_pool_flip_avg_coarse_only,False,False,architexture_binary_v1,0.8307417512497798,0.7641505951049712,0.7063509626023456,0.006383718357930664,3,3,24x24,"{""cluster_0"": {""cluster_value"": 0, ""component_size_histogram"": {""684"": 1}, ""largest_component_size"": 684, ""num_1_cell_components"": 0, ""num_2_cell_components"": 0, ""num_components"": 1, ""smallest_component_size"": 684, ""tiny_component_pixel_fraction"": 0.0, ""tiny_component_pixels"": 0}, ""cluster_1"": {""cluster_value"": 1, ""component_size_histogram"": {""3942"": 1, ""558"": 1}, ""largest_component_size"": 3942, ""num_1_cell_components"": 0, ""num_2_cell_components"": 0, ""num_components"": 2, ""smallest_component_size"": 558, ""tiny_component_pixel_fraction"": 0.0, ""tiny_component_pixels"": 0}}"
stld,architexture:stld,feature_cluster_coarse_to_fine_global_pooled_init_flip_avg_coarse_only,benchmark,157,158,2,direct_foreground,0.8742557779369345,0.7648113568479471,0.5,0.8418710825659677,0.9066404733079014,0.349395751953125,0.650604248046875,2,2,0.0,0.0,ok,False,"cluster_b->foreground,cluster_a->background",cluster_b,cluster_a,0.031988453370687286,0.7648113568479471,0.8742557779369345,0.7648113568479471,best_foreground_cluster_iou,1,fpn_2,fpn_2,fpn_2,72x72,40829,24707,40829,24707,40829,24707,0.0,0.0,0.0,0.0,coarsest_pooled_direct,pooled_avg_pool_flip_avg_coarse_only,False,False,architexture_binary_v1,0.8742557779369345,0.7648113568479471,0.018198376685626638,0.8418710825659677,3,3,24x24,"{""cluster_0"": {""cluster_value"": 0, ""component_size_histogram"": {""3231"": 1}, ""largest_component_size"": 3231, ""num_1_cell_components"": 0, ""num_2_cell_components"": 0, ""num_components"": 1, ""smallest_component_size"": 3231, ""tiny_component_pixel_fraction"": 0.0, ""tiny_component_pixels"": 0}, ""cluster_1"": {""cluster_value"": 1, ""component_size_histogram"": {""1953"": 1}, ""largest_component_size"": 1953, ""num_1_cell_components"": 0, ""num_2_cell_components"": 0, ""num_components"": 1, ""smallest_component_size"": 1953, ""tiny_component_pixel_fraction"": 0.0, ""tiny_component_pixels"": 0}}"
stld,architexture:stld,feature_cluster_coarse_to_fine_global_pooled_init_flip_avg_coarse_only,benchmark,158,159,2,direct_foreground,0.8596397416540182,0.7671565423662523,0.5,0.7946169549801225,0.9246625283279141,0.227294921875,0.772705078125,2,2,0.0,0.0,ok,False,"cluster_b->foreground,cluster_a->background",cluster_b,cluster_a,0.02926087637980569,0.7671565423662523,0.8596397416540182,0.7671565423662523,best_foreground_cluster_iou,1,fpn_2,fpn_2,fpn_2,72x72,47027,18509,47027,18509,47027,18509,0.0,0.0,0.0,0.0,coarsest_pooled_direct,pooled_avg_pool_flip_avg_coarse_only,False,False,architexture_binary_v1,0.8596397416540182,0.7671565423662523,0.0016985344074541395,0.7946169549801225,3,3,24x24,"{""cluster_0"": {""cluster_value"": 0, ""component_size_histogram"": {""3717"": 1}, ""largest_component_size"": 3717, ""num_1_cell_components"": 0, ""num_2_cell_components"": 0, ""num_components"": 1, ""smallest_component_size"": 3717, ""tiny_component_pixel_fraction"": 0.0, ""tiny_component_pixels"": 0}, ""cluster_1"": {""cluster_value"": 1, ""component_size_histogram"": {""1467"": 1}, ""largest_component_size"": 1467, ""num_1_cell_components"": 0, ""num_2_cell_components"": 0, ""num_components"": 1, ""smallest_component_size"": 1467, ""tiny_component_pixel_fraction"": 0.0, ""tiny_component_pixels"": 0}}"
stld,architexture:stld,feature_cluster_coarse_to_fine_global_pooled_init_flip_avg_coarse_only,benchmark,159,160,2,direct_foreground,0.8988153693901086,0.8097850963637342,0.5,0.873621056706019,0.9240096820741982,0.3530120849609375,0.6469879150390625,2,2,0.0,0.0,ok,False,"cluster_b->foreground,cluster_a->background",cluster_b,cluster_a,0.025274331593133678,0.8097850963637342,0.8988153693901086,0.8097850963637342,best_foreground_cluster_iou,1,fpn_2,fpn_2,fpn_2,72x72,40266,25270,40266,25270,40266,25270,0.0,0.0,0.0,0.0,coarsest_pooled_direct,pooled_avg_pool_flip_avg_coarse_only,False,False,architexture_binary_v1,0.8988153693901086,0.8097850963637342,0.008991660831370553,0.873621056706019,3,3,24x24,"{""cluster_0"": {""cluster_value"": 0, ""component_size_histogram"": {""3186"": 1}, ""largest_component_size"": 3186, ""num_1_cell_components"": 0, ""num_2_cell_components"": 0, ""num_components"": 1, ""smallest_component_size"": 3186, ""tiny_component_pixel_fraction"": 0.0, ""tiny_component_pixels"": 0}, ""cluster_1"": {""cluster_value"": 1, ""component_size_histogram"": {""1998"": 1}, ""largest_component_size"": 1998, ""num_1_cell_components"": 0, ""num_2_cell_components"": 0, ""num_components"": 1, ""smallest_component_size"": 1998, ""tiny_component_pixel_fraction"": 0.0, ""tiny_component_pixels"": 0}}"
stld,architexture:stld,feature_cluster_coarse_to_fine_global_pooled_init_flip_avg_coarse_only,benchmark,160,161,2,direct_foreground,0.8362548494948682,0.7657826221642331,0.5,0.7234122510334461,0.9490974479562903,0.12030029296875,0.87969970703125,2,2,0.0,0.0,ok,False,"cluster_a->foreground,cluster_b->background",cluster_a,cluster_b,0.8362548494948682,0.7657826221642331,0.022581943945306163,0.7657826221642331,best_foreground_cluster_iou,1,fpn_2,fpn_2,fpn_2,72x72,10460,55076,10460,55076,10460,55076,0.0,0.0,0.0,0.0,coarsest_pooled_direct,pooled_avg_pool_flip_avg_coarse_only,False,False,architexture_binary_v1,0.8362548494948682,0.7657826221642331,0.7234122510334461,0.002931056454696062,3,3,24x24,"{""cluster_0"": {""cluster_value"": 0, ""component_size_histogram"": {""828"": 1}, ""largest_component_size"": 828, ""num_1_cell_components"": 0, ""num_2_cell_components"": 0, ""num_components"": 1, ""smallest_component_size"": 828, ""tiny_component_pixel_fraction"": 0.0, ""tiny_component_pixels"": 0}, ""cluster_1"": {""cluster_value"": 1, ""component_size_histogram"": {""4356"": 1}, ""largest_component_size"": 4356, ""num_1_cell_components"": 0, ""num_2_cell_components"": 0, ""num_components"": 1, ""smallest_component_size"": 4356, ""tiny_component_pixel_fraction"": 0.0, ""tiny_component_pixels"": 0}}"
stld,architexture:stld,feature_cluster_coarse_to_fine_global_pooled_init_flip_avg_coarse_only,benchmark,161,162,2,direct_foreground,0.9223062703342206,0.8746781679596844,0.5,0.8835255841467021,0.9610869565217391,0.239044189453125,0.760955810546875,2,2,0.0,0.0,ok,False,"cluster_b->foreground,cluster_a->background",cluster_b,cluster_a,0.015236081252111488,0.8746781679596844,0.9223062703342206,0.8746781679596844,best_foreground_cluster_iou,1,fpn_2,fpn_2,fpn_2,72x72,49361,16175,49361,16175,49361,16175,0.0,0.0,0.0,0.0,coarsest_pooled_direct,pooled_avg_pool_flip_avg_coarse_only,False,False,architexture_binary_v1,0.9223062703342206,0.8746781679596844,0.011353562374605348,0.8835255841467021,3,3,24x24,"{""cluster_0"": {""cluster_value"": 0, ""component_size_histogram"": {""3906"": 1}, ""largest_component_size"": 3906, ""num_1_cell_components"": 0, ""num_2_cell_components"": 0, ""num_components"": 1, ""smallest_component_size"": 3906, ""tiny_component_pixel_fraction"": 0.0, ""tiny_component_pixels"": 0}, ""cluster_1"": {""cluster_value"": 1, ""component_size_histogram"": {""1278"": 1}, ""largest_component_size"": 1278, ""num_1_cell_components"": 0, ""num_2_cell_components"": 0, ""num_components"": 1, ""smallest_component_size"": 1278, ""tiny_component_pixel_fraction"": 0.0, ""tiny_component_pixels"": 0}}"
stld,architexture:stld,feature_cluster_coarse_to_fine_global_pooled_init_flip_avg_coarse_only,benchmark,162,163,2,direct_foreground,0.8356044863044843,0.7247659317902675,0.5,0.761672798880655,0.9095361737283134,0.22674560546875,0.77325439453125,2,2,0.0,0.0,ok,False,"cluster_a->foreground,cluster_b->background",cluster_a,cluster_b,0.8356044863044843,0.7247659317902675,0.03526122680829768,0.7247659317902675,best_foreground_cluster_iou,1,fpn_2,fpn_2,fpn_2,72x72,19135,46401,19135,46401,19135,46401,0.0,0.0,0.0,0.0,coarsest_pooled_direct,pooled_avg_pool_flip_avg_coarse_only,False,False,architexture_binary_v1,0.8356044863044843,0.7247659317902675,0.761672798880655,0.0026514345570303934,3,3,24x24,"{""cluster_0"": {""cluster_value"": 0, ""component_size_histogram"": {""1512"": 1}, ""largest_component_size"": 1512, ""num_1_cell_components"": 0, ""num_2_cell_components"": 0, ""num_components"": 1, ""smallest_component_size"": 1512, ""tiny_component_pixel_fraction"": 0.0, ""tiny_component_pixels"": 0}, ""cluster_1"": {""cluster_value"": 1, ""component_size_histogram"": {""3672"": 1}, ""largest_component_size"": 3672, ""num_1_cell_components"": 0, ""num_2_cell_components"": 0, ""num_components"": 1, ""smallest_component_size"": 3672, ""tiny_component_pixel_fraction"": 0.0, ""tiny_component_pixels"": 0}}"
stld,architexture:stld,feature_cluster_coarse_to_fine_global_pooled_init_flip_avg_coarse_only,benchmark,163,164,2,direct_foreground,0.5270278765510488,0.19291838655782462,0.5,0.3955724434164877,0.6584833096856098,0.1861724853515625,0.8138275146484375,2,2,0.0,0.0,ok,False,"cluster_b->foreground,cluster_a->background",cluster_b,cluster_a,0.14071258968084827,0.19291838655782462,0.5270278765510488,0.19291838655782462,best_foreground_cluster_iou,1,fpn_2,fpn_2,fpn_2,72x72,35500,30036,35500,30036,35500,30036,0.0,0.0,0.0,0.0,coarsest_pooled_direct,pooled_avg_pool_flip_avg_coarse_only,False,False,architexture_binary_v1,0.5270278765510488,0.19291838655782462,0.004823896191439164,0.3955724434164877,3,3,24x24,"{""cluster_0"": {""cluster_value"": 0, ""component_size_histogram"": {""144"": 1, ""171"": 1, ""189"": 1, ""225"": 1, ""27"": 1, ""333"": 1, ""396"": 1, ""576"": 1, ""648"": 1, ""9"": 1, ""90"": 1}, ""largest_component_size"": 648, ""num_1_cell_components"": 0, ""num_2_cell_components"": 0, ""num_components"": 11, ""smallest_component_size"": 9, ""tiny_component_pixel_fraction"": 0.0, ""tiny_component_pixels"": 0}, ""cluster_1"": {""cluster_value"": 1, ""component_size_histogram"": {""2133"": 1, ""243"": 1}, ""largest_component_size"": 2133, ""num_1_cell_components"": 0, ""num_2_cell_components"": 0, ""num_components"": 2, ""smallest_component_size"": 243, ""tiny_component_pixel_fraction"": 0.0, ""tiny_component_pixels"": 0}}"
stld,architexture:stld,feature_cluster_coarse_to_fine_global_pooled_init_flip_avg_coarse_only,benchmark,164,165,2,direct_foreground,0.87717793359337,0.8066716813503858,0.5,0.8110942633308061,0.9432616038559338,0.197998046875,0.802001953125,2,2,0.0,0.0,ok,False,"cluster_a->foreground,cluster_b->background",cluster_a,cluster_b,0.87717793359337,0.8066716813503858,0.022905707527983515,0.8066716813503858,best_foreground_cluster_iou,1,fpn_2,fpn_2,fpn_2,72x72,15690,49846,15690,49846,15690,49846,0.0,0.0,0.0,0.0,coarsest_pooled_direct,pooled_avg_pool_flip_avg_coarse_only,False,False,architexture_binary_v1,0.87717793359337,0.8066716813503858,0.8110942633308061,0.0022015187288622296,3,3,24x24,"{""cluster_0"": {""cluster_value"": 0, ""component_size_histogram"": {""1242"": 1}, ""largest_component_size"": 1242, ""num_1_cell_components"": 0, ""num_2_cell_components"": 0, ""num_components"": 1, ""smallest_component_size"": 1242, ""tiny_component_pixel_fraction"": 0.0, ""tiny_component_pixels"": 0}, ""cluster_1"": {""cluster_value"": 1, ""component_size_histogram"": {""3942"": 1}, ""largest_component_size"": 3942, ""num_1_cell_components"": 0, ""num_2_cell_components"": 0, ""num_components"": 1, ""smallest_component_size"": 3942, ""tiny_component_pixel_fraction"": 0.0, ""tiny_component_pixels"": 0}}"
stld,architexture:stld,feature_cluster_coarse_to_fine_global_pooled_init_flip_avg_coarse_only,benchmark,165,166,2,direct_foreground,0.5686182106602057,0.2626949347682207,0.5,0.42970225127087874,0.7075341700495326,0.185821533203125,0.814178466796875,2,2,0.0,0.0,ok,False,"cluster_a->foreground,cluster_b->background",cluster_a,cluster_b,0.5686182106602057,0.2626949347682207,0.12124927537113782,0.2626949347682207,best_foreground_cluster_iou,1,fpn_2,fpn_2,fpn_2,72x72,27196,38340,27196,38340,27196,38340,0.0,0.0,0.0,0.0,coarsest_pooled_direct,pooled_avg_pool_flip_avg_coarse_only,False,False,architexture_binary_v1,0.5686182106602057,0.2626949347682207,0.42970225127087874,0.0068561406306054925,3,3,24x24,"{""cluster_0"": {""cluster_value"": 0, ""component_size_histogram"": {""2151"": 1}, ""largest_component_size"": 2151, ""num_1_cell_components"": 0, ""num_2_cell_components"": 0, ""num_components"": 1, ""smallest_component_size"": 2151, ""tiny_component_pixel_fraction"": 0.0, ""tiny_component_pixels"": 0}, ""cluster_1"": {""cluster_value"": 1, ""component_size_histogram"": {""3033"": 1}, ""largest_component_size"": 3033, ""num_1_cell_components"": 0, ""num_2_cell_components"": 0, ""num_components"": 1, ""smallest_component_size"": 3033, ""tiny_component_pixel_fraction"": 0.0, ""tiny_component_pixels"": 0}}"
stld,architexture:stld,feature_cluster_coarse_to_fine_global_pooled_init_flip_avg_coarse_only,benchmark,166,167,2,direct_foreground,0.869505448068336,0.8220510030161754,0.5,0.7729138166894665,0.9660970794472054,0.1050872802734375,0.8949127197265625,2,2,0.0,0.0,ok,False,"cluster_a->foreground,cluster_b->background",cluster_a,cluster_b,0.869505448068336,0.8220510030161754,0.015245448444533101,0.8220510030161754,best_foreground_cluster_iou,1,fpn_2,fpn_2,fpn_2,72x72,8665,56871,8665,56871,8665,56871,0.0,0.0,0.0,0.0,coarsest_pooled_direct,pooled_avg_pool_flip_avg_coarse_only,False,False,architexture_binary_v1,0.869505448068336,0.8220510030161754,0.7729138166894665,0.001681041931784261,3,3,24x24,"{""cluster_0"": {""cluster_value"": 0, ""component_size_histogram"": {""684"": 1}, ""largest_component_size"": 684, ""num_1_cell_components"": 0, ""num_2_cell_components"": 0, ""num_components"": 1, ""smallest_component_size"": 684, ""tiny_component_pixel_fraction"": 0.0, ""tiny_component_pixels"": 0}, ""cluster_1"": {""cluster_value"": 1, ""component_size_histogram"": {""4500"": 1}, ""largest_component_size"": 4500, ""num_1_cell_components"": 0, ""num_2_cell_components"": 0, ""num_components"": 1, ""smallest_component_size"": 4500, ""tiny_component_pixel_fraction"": 0.0, ""tiny_component_pixels"": 0}}"
stld,architexture:stld,feature_cluster_coarse_to_fine_global_pooled_init_flip_avg_coarse_only,benchmark,167,168,2,direct_foreground,0.566991089102845,0.28025194462658226,0.5,0.3974190905366653,0.7365630876690248,0.1491851806640625,0.8508148193359375,2,2,0.0,0.0,ok,False,"cluster_b->foreground,cluster_a->background",cluster_b,cluster_a,0.11251706478583101,0.28025194462658226,0.566991089102845,0.28025194462658226,best_foreground_cluster_iou,1,fpn_2,fpn_2,fpn_2,72x72,41202,24334,41202,24334,41202,24334,0.0,0.0,0.0,0.0,coarsest_pooled_direct,pooled_avg_pool_flip_avg_coarse_only,False,False,architexture_binary_v1,0.566991089102845,0.28025194462658226,0.0014930357739229515,0.3974190905366653,3,3,24x24,"{""cluster_0"": {""cluster_value"": 0, ""component_size_histogram"": {""3240"": 1, ""9"": 2}, ""largest_component_size"": 3240, ""num_1_cell_components"": 0, ""num_2_cell_components"": 0, ""num_components"": 3, ""smallest_component_size"": 9, ""tiny_component_pixel_fraction"": 0.0, ""tiny_component_pixels"": 0}, ""cluster_1"": {""cluster_value"": 1, ""component_size_histogram"": {""1926"": 1}, ""largest_component_size"": 1926, ""num_1_cell_components"": 0, ""num_2_cell_components"": 0, ""num_components"": 1, ""smallest_component_size"": 1926, ""tiny_component_pixel_fraction"": 0.0, ""tiny_component_pixels"": 0}}"
stld,architexture:stld,feature_cluster_coarse_to_fine_global_pooled_init_flip_avg_coarse_only,benchmark,168,169,2,direct_foreground,0.47161672584866765,0.12891732167550585,0.5,0.31503061426032,0.6282028374370153,0.1613922119140625,0.8386077880859375,2,2,0.0,0.0,ok,False,"cluster_b->foreground,cluster_a->background",cluster_b,cluster_a,0.16443621529865127,0.12891732167550585,0.47161672584866765,0.12891732167550585,best_foreground_cluster_iou,1,fpn_2,fpn_2,fpn_2,72x72,36165,29371,36165,29371,36165,29371,0.0,0.0,0.0,0.0,coarsest_pooled_direct,pooled_avg_pool_flip_avg_coarse_only,False,False,architexture_binary_v1,0.47161672584866765,0.12891732167550585,0.022018148026675413,0.31503061426032,3,3,24x24,"{""cluster_0"": {""cluster_value"": 0, ""component_size_histogram"": {""2871"": 1}, ""largest_component_size"": 2871, ""num_1_cell_components"": 0, ""num_2_cell_components"": 0, ""num_components"": 1, ""smallest_component_size"": 2871, ""tiny_component_pixel_fraction"": 0.0, ""tiny_component_pixels"": 0}, ""cluster_1"": {""cluster_value"": 1, ""component_size_histogram"": {""162"": 1, ""18"": 1, ""27"": 4, ""36"": 2, ""45"": 3, ""54"": 3, ""612"": 1, ""63"": 1, ""801"": 1, ""81"": 1, ""9"": 11}, ""largest_component_size"": 801, ""num_1_cell_components"": 0, ""num_2_cell_components"": 0, ""num_components"": 29, ""smallest_component_size"": 9, ""tiny_component_pixel_fraction"": 0.0, ""tiny_component_pixels"": 0}}"
stld,architexture:stld,feature_cluster_coarse_to_fine_global_pooled_init_flip_avg_coarse_only,benchmark,169,170,2,direct_foreground,0.7508152967343287,0.6363264927689389,0.5,0.5740868366643694,0.9275437568042878,0.0894012451171875,0.9105987548828125,2,2,0.0,0.0,ok,False,"cluster_a->foreground,cluster_b->background",cluster_a,cluster_b,0.7508152967343287,0.6363264927689389,0.03303376978771748,0.6363264927689389,best_foreground_cluster_iou,1,fpn_2,fpn_2,fpn_2,72x72,10129,55407,10129,55407,10129,55407,0.0,0.0,0.0,0.0,coarsest_pooled_direct,pooled_avg_pool_flip_avg_coarse_only,False,False,architexture_binary_v1,0.7508152967343287,0.6363264927689389,0.5740868366643694,0.00045723243737548583,3,3,24x24,"{""cluster_0"": {""cluster_value"": 0, ""component_size_histogram"": {""801"": 1}, ""largest_component_size"": 801, ""num_1_cell_components"": 0, ""num_2_cell_components"": 0, ""num_components"": 1, ""smallest_component_size"": 801, ""tiny_component_pixel_fraction"": 0.0, ""tiny_component_pixels"": 0}, ""cluster_1"": {""cluster_value"": 1, ""component_size_histogram"": {""4383"": 1}, ""largest_component_size"": 4383, ""num_1_cell_components"": 0, ""num_2_cell_components"": 0, ""num_components"": 1, ""smallest_component_size"": 4383, ""tiny_component_pixel_fraction"": 0.0, ""tiny_component_pixels"": 0}}"
stld,architexture:stld,feature_cluster_coarse_to_fine_global_pooled_init_flip_avg_coarse_only,benchmark,170,171,2,direct_foreground,0.776018179075449,0.6570751154560659,0.5,0.6411060433295325,0.9109303148213654,0.1392059326171875,0.8607940673828125,2,2,0.0,0.0,ok,False,"cluster_a->foreground,cluster_b->background",cluster_a,cluster_b,0.776018179075449,0.6570751154560659,0.038572805118947485,0.6570751154560659,best_foreground_cluster_iou,1,fpn_2,fpn_2,fpn_2,72x72,13905,51631,13905,51631,13905,51631,0.0,0.0,0.0,0.0,coarsest_pooled_direct,pooled_avg_pool_flip_avg_coarse_only,False,False,architexture_binary_v1,0.776018179075449,0.6570751154560659,0.6411060433295325,0.0020947762548039653,3,3,24x24,"{""cluster_0"": {""cluster_value"": 0, ""component_size_histogram"": {""1098"": 1}, ""largest_component_size"": 1098, ""num_1_cell_components"": 0, ""num_2_cell_components"": 0, ""num_components"": 1, ""smallest_component_size"": 1098, ""tiny_component_pixel_fraction"": 0.0, ""tiny_component_pixels"": 0}, ""cluster_1"": {""cluster_value"": 1, ""component_size_histogram"": {""4086"": 1}, ""largest_component_size"": 4086, ""num_1_cell_components"": 0, ""num_2_cell_components"": 0, ""num_components"": 1, ""smallest_component_size"": 4086, ""tiny_component_pixel_fraction"": 0.0, ""tiny_component_pixels"": 0}}"
stld,architexture:stld,feature_cluster_coarse_to_fine_global_pooled_init_flip_avg_coarse_only,benchmark,171,172,2,direct_foreground,0.8884157971195266,0.8364833581502372,0.5,0.8177577609779636,0.9590738332610894,0.157379150390625,0.842620849609375,2,2,0.0,0.0,ok,False,"cluster_a->foreground,cluster_b->background",cluster_a,cluster_b,0.8884157971195266,0.8364833581502372,0.01736155878192143,0.8364833581502372,best_foreground_cluster_iou,1,fpn_2,fpn_2,fpn_2,72x72,12288,53248,12288,53248,12288,53248,0.0,0.0,0.0,0.0,coarsest_pooled_direct,pooled_avg_pool_flip_avg_coarse_only,False,False,architexture_binary_v1,0.8884157971195266,0.8364833581502372,0.8177577609779636,0.002302258105210042,3,3,24x24,"{""cluster_0"": {""cluster_value"": 0, ""component_size_histogram"": {""972"": 1}, ""largest_component_size"": 972, ""num_1_cell_components"": 0, ""num_2_cell_components"": 0, ""num_components"": 1, ""smallest_component_size"": 972, ""tiny_component_pixel_fraction"": 0.0, ""tiny_component_pixels"": 0}, ""cluster_1"": {""cluster_value"": 1, ""component_size_histogram"": {""4212"": 1}, ""largest_component_size"": 4212, ""num_1_cell_components"": 0, ""num_2_cell_components"": 0, ""num_components"": 1, ""smallest_component_size"": 4212, ""tiny_component_pixel_fraction"": 0.0, ""tiny_component_pixels"": 0}}"
stld,architexture:stld,feature_cluster_coarse_to_fine_global_pooled_init_flip_avg_coarse_only,benchmark,172,173,2,direct_foreground,0.8605769851401868,0.8166905568553733,0.5,0.7488386033268395,0.972315366953534,0.0834503173828125,0.9165496826171875,2,2,0.0,0.0,ok,False,"cluster_a->foreground,cluster_b->background",cluster_a,cluster_b,0.8605769851401868,0.8166905568553733,0.012920898191058084,0.8166905568553733,best_foreground_cluster_iou,1,fpn_2,fpn_2,fpn_2,72x72,6201,59335,6201,59335,6201,59335,0.0,0.0,0.0,0.0,coarsest_pooled_direct,pooled_avg_pool_flip_avg_coarse_only,False,False,architexture_binary_v1,0.8605769851401868,0.8166905568553733,0.7488386033268395,0.007336939625691724,3,3,24x24,"{""cluster_0"": {""cluster_value"": 0, ""component_size_histogram"": {""18"": 1, ""459"": 1, ""9"": 2}, ""largest_component_size"": 459, ""num_1_cell_components"": 0, ""num_2_cell_components"": 0, ""num_components"": 4, ""smallest_component_size"": 9, ""tiny_component_pixel_fraction"": 0.0, ""tiny_component_pixels"": 0}, ""cluster_1"": {""cluster_value"": 1, ""component_size_histogram"": {""4689"": 1}, ""largest_component_size"": 4689, ""num_1_cell_components"": 0, ""num_2_cell_components"": 0, ""num_components"": 1, ""smallest_component_size"": 4689, ""tiny_component_pixel_fraction"": 0.0, ""tiny_component_pixels"": 0}}"
stld,architexture:stld,feature_cluster_coarse_to_fine_global_pooled_init_flip_avg_coarse_only,benchmark,173,174,2,direct_foreground,0.7733046192244368,0.6605050779550603,0.5,0.6274274754255574,0.9191817630233163,0.12188720703125,0.87811279296875,2,2,0.0,0.0,ok,False,"cluster_a->foreground,cluster_b->background",cluster_a,cluster_b,0.7733046192244368,0.6605050779550603,0.035718078560679434,0.6605050779550603,best_foreground_cluster_iou,1,fpn_2,fpn_2,fpn_2,72x72,12376,53160,12376,53160,12376,53160,0.0,0.0,0.0,0.0,coarsest_pooled_direct,pooled_avg_pool_flip_avg_coarse_only,False,False,architexture_binary_v1,0.7733046192244368,0.6605050779550603,0.6274274754255574,0.002245496713707364,3,3,24x24,"{""cluster_0"": {""cluster_value"": 0, ""component_size_histogram"": {""9"": 2, ""963"": 1}, ""largest_component_size"": 963, ""num_1_cell_components"": 0, ""num_2_cell_components"": 0, ""num_components"": 3, ""smallest_component_size"": 9, ""tiny_component_pixel_fraction"": 0.0, ""tiny_component_pixels"": 0}, ""cluster_1"": {""cluster_value"": 1, ""component_size_histogram"": {""4203"": 1}, ""largest_component_size"": 4203, ""num_1_cell_components"": 0, ""num_2_cell_components"": 0, ""num_components"": 1, ""smallest_component_size"": 4203, ""tiny_component_pixel_fraction"": 0.0, ""tiny_component_pixels"": 0}}"
stld,architexture:stld,feature_cluster_coarse_to_fine_global_pooled_init_flip_avg_coarse_only,benchmark,174,175,2,direct_foreground,0.8422342383810576,0.7808962535935577,0.5,0.7269851657940664,0.9574833109680488,0.10296630859375,0.89703369140625,2,2,0.0,0.0,ok,False,"cluster_a->foreground,cluster_b->background",cluster_a,cluster_b,0.8422342383810576,0.7808962535935577,0.019144067086967524,0.7808962535935577,best_foreground_cluster_iou,1,fpn_2,fpn_2,fpn_2,72x72,9085,56451,9085,56451,9085,56451,0.0,0.0,0.0,0.0,coarsest_pooled_direct,pooled_avg_pool_flip_avg_coarse_only,False,False,architexture_binary_v1,0.8422342383810576,0.7808962535935577,0.7269851657940664,0.001315038975853983,3,3,24x24,"{""cluster_0"": {""cluster_value"": 0, ""component_size_histogram"": {""720"": 1}, ""largest_component_size"": 720, ""num_1_cell_components"": 0, ""num_2_cell_components"": 0, ""num_components"": 1, ""smallest_component_size"": 720, ""tiny_component_pixel_fraction"": 0.0, ""tiny_component_pixels"": 0}, ""cluster_1"": {""cluster_value"": 1, ""component_size_histogram"": {""4464"": 1}, ""largest_component_size"": 4464, ""num_1_cell_components"": 0, ""num_2_cell_components"": 0, ""num_components"": 1, ""smallest_component_size"": 4464, ""tiny_component_pixel_fraction"": 0.0, ""tiny_component_pixels"": 0}}"
stld,architexture:stld,feature_cluster_coarse_to_fine_global_pooled_init_flip_avg_coarse_only,benchmark,175,176,2,direct_foreground,0.8968750930871092,0.8414954710540711,0.5,0.8383294726802016,0.9554207134940167,0.1931304931640625,0.8068695068359375,2,2,0.0,0.0,ok,False,"cluster_b->foreground,cluster_a->background",cluster_b,cluster_a,0.018273269472446892,0.8414954710540711,0.8968750930871092,0.8414954710540711,best_foreground_cluster_iou,1,fpn_2,fpn_2,fpn_2,72x72,51210,14326,51210,14326,51210,14326,0.0,0.0,0.0,0.0,coarsest_pooled_direct,pooled_avg_pool_flip_avg_coarse_only,False,False,architexture_binary_v1,0.8968750930871092,0.8414954710540711,0.005541997953239393,0.8383294726802016,3,3,24x24,"{""cluster_0"": {""cluster_value"": 0, ""component_size_histogram"": {""4050"": 1}, ""largest_component_size"": 4050, ""num_1_cell_components"": 0, ""num_2_cell_components"": 0, ""num_components"": 1, ""smallest_component_size"": 4050, ""tiny_component_pixel_fraction"": 0.0, ""tiny_component_pixels"": 0}, ""cluster_1"": {""cluster_value"": 1, ""component_size_histogram"": {""1134"": 1}, ""largest_component_size"": 1134, ""num_1_cell_components"": 0, ""num_2_cell_components"": 0, ""num_components"": 1, ""smallest_component_size"": 1134, ""tiny_component_pixel_fraction"": 0.0, ""tiny_component_pixels"": 0}}"
stld,architexture:stld,feature_cluster_coarse_to_fine_global_pooled_init_flip_avg_coarse_only,benchmark,176,177,2,direct_foreground,0.3960701467537431,0.06451346041769061,0.5,0.19720698254364089,0.5949333109638453,0.0931854248046875,0.9068145751953125,2,2,0.0,0.0,ok,False,"cluster_b->foreground,cluster_a->background",cluster_b,cluster_a,0.18547074625712465,0.06451346041769061,0.3960701467537431,0.06451346041769061,best_foreground_cluster_iou,1,fpn_2,fpn_2,fpn_2,72x72,35637,29899,35637,29899,35637,29899,0.0,0.0,0.0,0.0,coarsest_pooled_direct,pooled_avg_pool_flip_avg_coarse_only,False,False,architexture_binary_v1,0.3960701467537431,0.06451346041769061,0.004234026173979984,0.19720698254364089,3,3,24x24,"{""cluster_0"": {""cluster_value"": 0, ""component_size_histogram"": {""162"": 1, ""18"": 1, ""216"": 1, ""432"": 3, ""504"": 1, ""54"": 1, ""63"": 3, ""72"": 1, ""81"": 1, ""90"": 1, ""99"": 1}, ""largest_component_size"": 504, ""num_1_cell_components"": 0, ""num_2_cell_components"": 0, ""num_components"": 15, ""smallest_component_size"": 18, ""tiny_component_pixel_fraction"": 0.0, ""tiny_component_pixels"": 0}, ""cluster_1"": {""cluster_value"": 1, ""component_size_histogram"": {""1755"": 1, ""216"": 3}, ""largest_component_size"": 1755, ""num_1_cell_components"": 0, ""num_2_cell_components"": 0, ""num_components"": 4, ""smallest_component_size"": 216, ""tiny_component_pixel_fraction"": 0.0, ""tiny_component_pixels"": 0}}"
stld,architexture:stld,feature_cluster_coarse_to_fine_global_pooled_init_flip_avg_coarse_only,benchmark,177,178,2,direct_foreground,0.6530691675902206,0.4450543109955387,0.5,0.4671545465022473,0.8389837886781939,0.126617431640625,0.873382568359375,2,2,0.0,0.0,ok,False,"cluster_a->foreground,cluster_b->background",cluster_a,cluster_b,0.6530691675902206,0.4450543109955387,0.0709846125879701,0.4450543109955387,best_foreground_cluster_iou,1,fpn_2,fpn_2,fpn_2,72x72,17163,48373,17163,48373,17163,48373,0.0,0.0,0.0,0.0,coarsest_pooled_direct,pooled_avg_pool_flip_avg_coarse_only,False,False,architexture_binary_v1,0.6530691675902206,0.4450543109955387,0.4671545465022473,0.0033817280453257792,3,3,24x24,"{""cluster_0"": {""cluster_value"": 0, ""component_size_histogram"": {""1035"": 1, ""18"": 5, ""27"": 4, ""36"": 2, ""45"": 1}, ""largest_component_size"": 1035, ""num_1_cell_components"": 0, ""num_2_cell_components"": 0, ""num_components"": 13, ""smallest_component_size"": 18, ""tiny_component_pixel_fraction"": 0.0, ""tiny_component_pixels"": 0}, ""cluster_1"": {""cluster_value"": 1, ""component_size_histogram"": {""3834"": 1}, ""largest_component_size"": 3834, ""num_1_cell_components"": 0, ""num_2_cell_components"": 0, ""num_components"": 1, ""smallest_component_size"": 3834, ""tiny_component_pixel_fraction"": 0.0, ""tiny_component_pixels"": 0}}"
stld,architexture:stld,feature_cluster_coarse_to_fine_global_pooled_init_flip_avg_coarse_only,benchmark,178,179,2,direct_foreground,0.6766883041577143,0.5064704889946698,0.5,0.4630976706170821,0.8902789376983464,0.0875091552734375,0.9124908447265625,2,2,0.0,0.0,ok,False,"cluster_a->foreground,cluster_b->background",cluster_a,cluster_b,0.6766883041577143,0.5064704889946698,0.0502277209411892,0.5064704889946698,best_foreground_cluster_iou,1,fpn_2,fpn_2,fpn_2,72x72,12166,53370,12166,53370,12166,53370,0.0,0.0,0.0,0.0,coarsest_pooled_direct,pooled_avg_pool_flip_avg_coarse_only,False,False,architexture_binary_v1,0.6766883041577143,0.5064704889946698,0.4630976706170821,0.0011687783725184632,3,3,24x24,"{""cluster_0"": {""cluster_value"": 0, ""component_size_histogram"": {""9"": 1, ""954"": 1}, ""largest_component_size"": 954, ""num_1_cell_components"": 0, ""num_2_cell_components"": 0, ""num_components"": 2, ""smallest_component_size"": 9, ""tiny_component_pixel_fraction"": 0.0, ""tiny_component_pixels"": 0}, ""cluster_1"": {""cluster_value"": 1, ""component_size_histogram"": {""4221"": 1}, ""largest_component_size"": 4221, ""num_1_cell_components"": 0, ""num_2_cell_components"": 0, ""num_components"": 1, ""smallest_component_size"": 4221, ""tiny_component_pixel_fraction"": 0.0, ""tiny_component_pixels"": 0}}"
stld,architexture:stld,feature_cluster_coarse_to_fine_global_pooled_init_flip_avg_coarse_only,benchmark,179,180,2,direct_foreground,0.8630835823005777,0.8095317323043949,0.5,0.7651326699834162,0.9610344946177392,0.1138763427734375,0.8861236572265625,2,2,0.0,0.0,ok,False,"cluster_a->foreground,cluster_b->background",cluster_a,cluster_b,0.8630835823005777,0.8095317323043949,0.017330151667951578,0.8095317323043949,best_foreground_cluster_iou,1,fpn_2,fpn_2,fpn_2,72x72,9567,55969,9567,55969,9567,55969,0.0,0.0,0.0,0.0,coarsest_pooled_direct,pooled_avg_pool_flip_avg_coarse_only,False,False,architexture_binary_v1,0.8630835823005777,0.8095317323043949,0.7651326699834162,0.0012785907089075152,3,3,24x24,"{""cluster_0"": {""cluster_value"": 0, ""component_size_histogram"": {""756"": 1}, ""largest_component_size"": 756, ""num_1_cell_components"": 0, ""num_2_cell_components"": 0, ""num_components"": 1, ""smallest_component_size"": 756, ""tiny_component_pixel_fraction"": 0.0, ""tiny_component_pixels"": 0}, ""cluster_1"": {""cluster_value"": 1, ""component_size_histogram"": {""4428"": 1}, ""largest_component_size"": 4428, ""num_1_cell_components"": 0, ""num_2_cell_components"": 0, ""num_components"": 1, ""smallest_component_size"": 4428, ""tiny_component_pixel_fraction"": 0.0, ""tiny_component_pixels"": 0}}"
stld,architexture:stld,feature_cluster_coarse_to_fine_global_pooled_init_flip_avg_coarse_only,benchmark,180,181,2,direct_foreground,0.5182167022109732,0.18472720583197627,0.5,0.37947039770260793,0.6569630067193384,0.1741943359375,0.8258056640625,2,2,0.0,0.0,ok,False,"cluster_b->foreground,cluster_a->background",cluster_b,cluster_a,0.14204571098521038,0.18472720583197627,0.5182167022109732,0.18472720583197627,best_foreground_cluster_iou,1,fpn_2,fpn_2,fpn_2,72x72,35641,29895,35641,29895,35641,29895,0.0,0.0,0.0,0.0,coarsest_pooled_direct,pooled_avg_pool_flip_avg_coarse_only,False,False,architexture_binary_v1,0.5182167022109732,0.18472720583197627,0.0011062652909264972,0.37947039770260793,3,3,24x24,"{""cluster_0"": {""cluster_value"": 0, ""component_size_histogram"": {""18"": 3, ""2763"": 1}, ""largest_component_size"": 2763, ""num_1_cell_components"": 0, ""num_2_cell_components"": 0, ""num_components"": 4, ""smallest_component_size"": 18, ""tiny_component_pixel_fraction"": 0.0, ""tiny_component_pixels"": 0}, ""cluster_1"": {""cluster_value"": 1, ""component_size_histogram"": {""2367"": 1}, ""largest_component_size"": 2367, ""num_1_cell_components"": 0, ""num_2_cell_components"": 0, ""num_components"": 1, ""smallest_component_size"": 2367, ""tiny_component_pixel_fraction"": 0.0, ""tiny_component_pixels"": 0}}"
stld,architexture:stld,feature_cluster_coarse_to_fine_global_pooled_init_flip_avg_coarse_only,benchmark,181,182,2,direct_foreground,0.8264967931242608,0.722168408640961,0.5,0.7363441627990004,0.9166494234495213,0.1919097900390625,0.8080902099609375,2,2,0.0,0.0,ok,False,"cluster_b->foreground,cluster_a->background",cluster_b,cluster_a,0.03401191212670778,0.722168408640961,0.8264967931242608,0.722168408640961,best_foreground_cluster_iou,1,fpn_2,fpn_2,fpn_2,72x72,48932,16604,48932,16604,48932,16604,0.0,0.0,0.0,0.0,coarsest_pooled_direct,pooled_avg_pool_flip_avg_coarse_only,False,False,architexture_binary_v1,0.8264967931242608,0.722168408640961,0.0032948929159802307,0.7363441627990004,3,3,24x24,"{""cluster_0"": {""cluster_value"": 0, ""component_size_histogram"": {""3870"": 1}, ""largest_component_size"": 3870, ""num_1_cell_components"": 0, ""num_2_cell_components"": 0, ""num_components"": 1, ""smallest_component_size"": 3870, ""tiny_component_pixel_fraction"": 0.0, ""tiny_component_pixels"": 0}, ""cluster_1"": {""cluster_value"": 1, ""component_size_histogram"": {""1314"": 1}, ""largest_component_size"": 1314, ""num_1_cell_components"": 0, ""num_2_cell_components"": 0, ""num_components"": 1, ""smallest_component_size"": 1314, ""tiny_component_pixel_fraction"": 0.0, ""tiny_component_pixels"": 0}}"
stld,architexture:stld,feature_cluster_coarse_to_fine_global_pooled_init_flip_avg_coarse_only,benchmark,182,183,2,direct_foreground,0.9173859022688533,0.8439684638555588,0.5,0.8975289575289576,0.9372428470087492,0.3646392822265625,0.6353607177734375,2,2,0.0,0.0,ok,False,"cluster_a->foreground,cluster_b->background",cluster_a,cluster_b,0.9173859022688533,0.8439684638555588,0.02055832212360629,0.8439684638555588,best_foreground_cluster_iou,1,fpn_2,fpn_2,fpn_2,72x72,25249,40287,25249,40287,25249,40287,0.0,0.0,0.0,0.0,coarsest_pooled_direct,pooled_avg_pool_flip_avg_coarse_only,False,False,architexture_binary_v1,0.9173859022688533,0.8439684638555588,0.8975289575289576,0.010246643476618451,3,3,24x24,"{""cluster_0"": {""cluster_value"": 0, ""component_size_histogram"": {""1998"": 1}, ""largest_component_size"": 1998, ""num_1_cell_components"": 0, ""num_2_cell_components"": 0, ""num_components"": 1, ""smallest_component_size"": 1998, ""tiny_component_pixel_fraction"": 0.0, ""tiny_component_pixels"": 0}, ""cluster_1"": {""cluster_value"": 1, ""component_size_histogram"": {""3186"": 1}, ""largest_component_size"": 3186, ""num_1_cell_components"": 0, ""num_2_cell_components"": 0, ""num_components"": 1, ""smallest_component_size"": 3186, ""tiny_component_pixel_fraction"": 0.0, ""tiny_component_pixels"": 0}}"
stld,architexture:stld,feature_cluster_coarse_to_fine_global_pooled_init_flip_avg_coarse_only,benchmark,183,184,2,direct_foreground,0.7414886962757891,0.6095707395003073,0.5,0.5753630050505051,0.907614387501073,0.112884521484375,0.887115478515625,2,2,0.0,0.0,ok,False,"cluster_b->foreground,cluster_a->background",cluster_b,cluster_a,0.04119101943856658,0.6095707395003073,0.7414886962757891,0.6095707395003073,best_foreground_cluster_iou,1,fpn_2,fpn_2,fpn_2,72x72,52971,12565,52971,12565,52971,12565,0.0,0.0,0.0,0.0,coarsest_pooled_direct,pooled_avg_pool_flip_avg_coarse_only,False,False,architexture_binary_v1,0.7414886962757891,0.6095707395003073,0.0017755799674753576,0.5753630050505051,3,3,24x24,"{""cluster_0"": {""cluster_value"": 0, ""component_size_histogram"": {""4185"": 1}, ""largest_component_size"": 4185, ""num_1_cell_components"": 0, ""num_2_cell_components"": 0, ""num_components"": 1, ""smallest_component_size"": 4185, ""tiny_component_pixel_fraction"": 0.0, ""tiny_component_pixels"": 0}, ""cluster_1"": {""cluster_value"": 1, ""component_size_histogram"": {""36"": 1, ""963"": 1}, ""largest_component_size"": 963, ""num_1_cell_components"": 0, ""num_2_cell_components"": 0, ""num_components"": 2, ""smallest_component_size"": 36, ""tiny_component_pixel_fraction"": 0.0, ""tiny_component_pixels"": 0}}"
stld,architexture:stld,feature_cluster_coarse_to_fine_global_pooled_init_flip_avg_coarse_only,benchmark,184,185,2,direct_foreground,0.8681992689334237,0.8092288742335735,0.5,0.7816032887975334,0.9547952490693139,0.1408233642578125,0.8591766357421875,2,2,0.0,0.0,ok,False,"cluster_b->foreground,cluster_a->background",cluster_b,cluster_a,0.01951482316099262,0.8092288742335735,0.8681992689334237,0.8092288742335735,best_foreground_cluster_iou,1,fpn_2,fpn_2,fpn_2,72x72,53963,11573,53963,11573,53963,11573,0.0,0.0,0.0,0.0,coarsest_pooled_direct,pooled_avg_pool_flip_avg_coarse_only,False,False,architexture_binary_v1,0.8681992689334237,0.8092288742335735,0.0016326142433704767,0.7816032887975334,3,3,24x24,"{""cluster_0"": {""cluster_value"": 0, ""component_size_histogram"": {""4266"": 1}, ""largest_component_size"": 4266, ""num_1_cell_components"": 0, ""num_2_cell_components"": 0, ""num_components"": 1, ""smallest_component_size"": 4266, ""tiny_component_pixel_fraction"": 0.0, ""tiny_component_pixels"": 0}, ""cluster_1"": {""cluster_value"": 1, ""component_size_histogram"": {""9"": 1, ""909"": 1}, ""largest_component_size"": 909, ""num_1_cell_components"": 0, ""num_2_cell_components"": 0, ""num_components"": 2, ""smallest_component_size"": 9, ""tiny_component_pixel_fraction"": 0.0, ""tiny_component_pixels"": 0}}"
stld,architexture:stld,feature_cluster_coarse_to_fine_global_pooled_init_flip_avg_coarse_only,benchmark,185,186,2,direct_foreground,0.9315612136653932,0.8703540130466478,0.5,0.9155059994598557,0.9476164278709307,0.3708038330078125,0.6291961669921875,2,2,0.0,0.0,ok,False,"cluster_a->foreground,cluster_b->background",cluster_a,cluster_b,0.9315612136653932,0.8703540130466478,0.016927533851765493,0.8703540130466478,best_foreground_cluster_iou,1,fpn_2,fpn_2,fpn_2,72x72,25347,40189,25347,40189,25347,40189,0.0,0.0,0.0,0.0,coarsest_pooled_direct,pooled_avg_pool_flip_avg_coarse_only,False,False,architexture_binary_v1,0.9315612136653932,0.8703540130466478,0.9155059994598557,0.008948965862511343,3,3,24x24,"{""cluster_0"": {""cluster_value"": 0, ""component_size_histogram"": {""2007"": 1}, ""largest_component_size"": 2007, ""num_1_cell_components"": 0, ""num_2_cell_components"": 0, ""num_components"": 1, ""smallest_component_size"": 2007, ""tiny_component_pixel_fraction"": 0.0, ""tiny_component_pixels"": 0}, ""cluster_1"": {""cluster_value"": 1, ""component_size_histogram"": {""3177"": 1}, ""largest_component_size"": 3177, ""num_1_cell_components"": 0, ""num_2_cell_components"": 0, ""num_components"": 1, ""smallest_component_size"": 3177, ""tiny_component_pixel_fraction"": 0.0, ""tiny_component_pixels"": 0}}"
stld,architexture:stld,feature_cluster_coarse_to_fine_global_pooled_init_flip_avg_coarse_only,benchmark,186,187,2,direct_foreground,0.8240055404123571,0.7574300843739113,0.5,0.6907154097566881,0.957295671068026,0.0909271240234375,0.9090728759765625,2,2,0.0,0.0,ok,False,"cluster_a->foreground,cluster_b->background",cluster_a,cluster_b,0.8240055404123571,0.7574300843739113,0.019631436008003964,0.7574300843739113,best_foreground_cluster_iou,1,fpn_2,fpn_2,fpn_2,72x72,8008,57528,8008,57528,8008,57528,0.0,0.0,0.0,0.0,coarsest_pooled_direct,pooled_avg_pool_flip_avg_coarse_only,False,False,architexture_binary_v1,0.8240055404123571,0.7574300843739113,0.6907154097566881,0.004001012113736281,3,3,24x24,"{""cluster_0"": {""cluster_value"": 0, ""component_size_histogram"": {""639"": 1}, ""largest_component_size"": 639, ""num_1_cell_components"": 0, ""num_2_cell_components"": 0, ""num_components"": 1, ""smallest_component_size"": 639, ""tiny_component_pixel_fraction"": 0.0, ""tiny_component_pixels"": 0}, ""cluster_1"": {""cluster_value"": 1, ""component_size_histogram"": {""4545"": 1}, ""largest_component_size"": 4545, ""num_1_cell_components"": 0, ""num_2_cell_components"": 0, ""num_components"": 1, ""smallest_component_size"": 4545, ""tiny_component_pixel_fraction"": 0.0, ""tiny_component_pixels"": 0}}"
stld,architexture:stld,feature_cluster_coarse_to_fine_global_pooled_init_flip_avg_coarse_only,benchmark,187,188,2,direct_foreground,0.8421880775560205,0.6885655821719262,0.5,0.8298605814698435,0.8545155736421975,0.426788330078125,0.573211669921875,2,2,0.0,0.0,ok,False,"cluster_b->foreground,cluster_a->background",cluster_b,cluster_a,0.04344819641515411,0.6885655821719262,0.8421880775560205,0.6885655821719262,best_foreground_cluster_iou,1,fpn_2,fpn_2,fpn_2,72x72,33525,32011,33525,32011,33525,32011,0.0,0.0,0.0,0.0,coarsest_pooled_direct,pooled_avg_pool_flip_avg_coarse_only,False,False,architexture_binary_v1,0.8421880775560205,0.6885655821719262,0.012646763383667891,0.8298605814698435,3,3,24x24,"{""cluster_0"": {""cluster_value"": 0, ""component_size_histogram"": {""2610"": 1, ""9"": 4}, ""largest_component_size"": 2610, ""num_1_cell_components"": 0, ""num_2_cell_components"": 0, ""num_components"": 5, ""smallest_component_size"": 9, ""tiny_component_pixel_fraction"": 0.0, ""tiny_component_pixels"": 0}, ""cluster_1"": {""cluster_value"": 1, ""component_size_histogram"": {""18"": 1, ""2520"": 1}, ""largest_component_size"": 2520, ""num_1_cell_components"": 0, ""num_2_cell_components"": 0, ""num_components"": 2, ""smallest_component_size"": 18, ""tiny_component_pixel_fraction"": 0.0, ""tiny_component_pixels"": 0}}"
stld,architexture:stld,feature_cluster_coarse_to_fine_global_pooled_init_flip_avg_coarse_only,benchmark,188,189,2,direct_foreground,0.8143504083220134,0.6801557841491757,0.5,0.7396647518598738,0.8890360647841532,0.2427215576171875,0.7572784423828125,2,2,0.0,0.0,ok,False,"cluster_b->foreground,cluster_a->background",cluster_b,cluster_a,0.04243993711538329,0.6801557841491757,0.8143504083220134,0.6801557841491757,best_foreground_cluster_iou,1,fpn_2,fpn_2,fpn_2,72x72,44496,21040,44496,21040,44496,21040,0.0,0.0,0.0,0.0,coarsest_pooled_direct,pooled_avg_pool_flip_avg_coarse_only,False,False,architexture_binary_v1,0.8143504083220134,0.6801557841491757,0.003288763391744872,0.7396647518598738,3,3,24x24,"{""cluster_0"": {""cluster_value"": 0, ""component_size_histogram"": {""3510"": 1, ""9"": 1}, ""largest_component_size"": 3510, ""num_1_cell_components"": 0, ""num_2_cell_components"": 0, ""num_components"": 2, ""smallest_component_size"": 9, ""tiny_component_pixel_fraction"": 0.0, ""tiny_component_pixels"": 0}, ""cluster_1"": {""cluster_value"": 1, ""component_size_histogram"": {""1665"": 1}, ""largest_component_size"": 1665, ""num_1_cell_components"": 0, ""num_2_cell_components"": 0, ""num_components"": 1, ""smallest_component_size"": 1665, ""tiny_component_pixel_fraction"": 0.0, ""tiny_component_pixels"": 0}}"
stld,architexture:stld,feature_cluster_coarse_to_fine_global_pooled_init_flip_avg_coarse_only,benchmark,189,190,2,direct_foreground,0.8320521050696505,0.7684298247786417,0.5,0.7062133645955452,0.9578908455437559,0.0935516357421875,0.9064483642578125,2,2,0.0,0.0,ok,False,"cluster_a->foreground,cluster_b->background",cluster_a,cluster_b,0.8320521050696505,0.7684298247786417,0.019180213017629025,0.7684298247786417,best_foreground_cluster_iou,1,fpn_2,fpn_2,fpn_2,72x72,8423,57113,8423,57113,8423,57113,0.0,0.0,0.0,0.0,coarsest_pooled_direct,pooled_avg_pool_flip_avg_coarse_only,False,False,architexture_binary_v1,0.8320521050696505,0.7684298247786417,0.7062133645955452,0.0016947273389613063,3,3,24x24,"{""cluster_0"": {""cluster_value"": 0, ""component_size_histogram"": {""666"": 1}, ""largest_component_size"": 666, ""num_1_cell_components"": 0, ""num_2_cell_components"": 0, ""num_components"": 1, ""smallest_component_size"": 666, ""tiny_component_pixel_fraction"": 0.0, ""tiny_component_pixels"": 0}, ""cluster_1"": {""cluster_value"": 1, ""component_size_histogram"": {""4518"": 1}, ""largest_component_size"": 4518, ""num_1_cell_components"": 0, ""num_2_cell_components"": 0, ""num_components"": 1, ""smallest_component_size"": 4518, ""tiny_component_pixel_fraction"": 0.0, ""tiny_component_pixels"": 0}}"
stld,architexture:stld,feature_cluster_coarse_to_fine_global_pooled_init_flip_avg_coarse_only,benchmark,190,191,2,direct_foreground,0.8703753513382062,0.8226229635270517,0.5,0.7751228226887004,0.965627879987712,0.1078643798828125,0.8921356201171875,2,2,0.0,0.0,ok,False,"cluster_a->foreground,cluster_b->background",cluster_a,cluster_b,0.8703753513382062,0.8226229635270517,0.015422279501350696,0.8226229635270517,best_foreground_cluster_iou,1,fpn_2,fpn_2,fpn_2,72x72,8829,56707,8829,56707,8829,56707,0.0,0.0,0.0,0.0,coarsest_pooled_direct,pooled_avg_pool_flip_avg_coarse_only,False,False,architexture_binary_v1,0.8703753513382062,0.8226229635270517,0.7751228226887004,0.0019953180725541643,3,3,24x24,"{""cluster_0"": {""cluster_value"": 0, ""component_size_histogram"": {""693"": 1}, ""largest_component_size"": 693, ""num_1_cell_components"": 0, ""num_2_cell_components"": 0, ""num_components"": 1, ""smallest_component_size"": 693, ""tiny_component_pixel_fraction"": 0.0, ""tiny_component_pixels"": 0}, ""cluster_1"": {""cluster_value"": 1, ""component_size_histogram"": {""4491"": 1}, ""largest_component_size"": 4491, ""num_1_cell_components"": 0, ""num_2_cell_components"": 0, ""num_components"": 1, ""smallest_component_size"": 4491, ""tiny_component_pixel_fraction"": 0.0, ""tiny_component_pixels"": 0}}"
stld,architexture:stld,feature_cluster_coarse_to_fine_global_pooled_init_flip_avg_coarse_only,benchmark,191,192,2,direct_foreground,0.9242330793064145,0.8923119733048898,0.5,0.8741634378302219,0.9743027207826072,0.1555938720703125,0.8444061279296875,2,2,0.0,0.0,ok,False,"cluster_a->foreground,cluster_b->background",cluster_a,cluster_b,0.9242330793064145,0.8923119733048898,0.010976071044051716,0.8923119733048898,best_foreground_cluster_iou,1,fpn_2,fpn_2,fpn_2,72x72,11086,54450,11086,54450,11086,54450,0.0,0.0,0.0,0.0,coarsest_pooled_direct,pooled_avg_pool_flip_avg_coarse_only,False,False,architexture_binary_v1,0.9242330793064145,0.8923119733048898,0.8741634378302219,0.004194044456871243,3,3,24x24,"{""cluster_0"": {""cluster_value"": 0, ""component_size_histogram"": {""873"": 1}, ""largest_component_size"": 873, ""num_1_cell_components"": 0, ""num_2_cell_components"": 0, ""num_components"": 1, ""smallest_component_size"": 873, ""tiny_component_pixel_fraction"": 0.0, ""tiny_component_pixels"": 0}, ""cluster_1"": {""cluster_value"": 1, ""component_size_histogram"": {""4311"": 1}, ""largest_component_size"": 4311, ""num_1_cell_components"": 0, ""num_2_cell_components"": 0, ""num_components"": 1, ""smallest_component_size"": 4311, ""tiny_component_pixel_fraction"": 0.0, ""tiny_component_pixels"": 0}}"
stld,architexture:stld,feature_cluster_coarse_to_fine_global_pooled_init_flip_avg_coarse_only,benchmark,192,193,2,direct_foreground,0.8329117368343938,0.7691489038032089,0.5,0.7083669936526255,0.9574564800161621,0.0953521728515625,0.9046478271484375,2,2,0.0,0.0,ok,False,"cluster_a->foreground,cluster_b->background",cluster_a,cluster_b,0.8329117368343938,0.7691489038032089,0.019343167516864723,0.7691489038032089,best_foreground_cluster_iou,1,fpn_2,fpn_2,fpn_2,72x72,8554,56982,8554,56982,8554,56982,0.0,0.0,0.0,0.0,coarsest_pooled_direct,pooled_avg_pool_flip_avg_coarse_only,False,False,architexture_binary_v1,0.8329117368343938,0.7691489038032089,0.7083669936526255,0.001758555133079848,3,3,24x24,"{""cluster_0"": {""cluster_value"": 0, ""component_size_histogram"": {""666"": 1, ""9"": 1}, ""largest_component_size"": 666, ""num_1_cell_components"": 0, ""num_2_cell_components"": 0, ""num_components"": 2, ""smallest_component_size"": 9, ""tiny_component_pixel_fraction"": 0.0, ""tiny_component_pixels"": 0}, ""cluster_1"": {""cluster_value"": 1, ""component_size_histogram"": {""4509"": 1}, ""largest_component_size"": 4509, ""num_1_cell_components"": 0, ""num_2_cell_components"": 0, ""num_components"": 1, ""smallest_component_size"": 4509, ""tiny_component_pixel_fraction"": 0.0, ""tiny_component_pixels"": 0}}"
stld,architexture:stld,feature_cluster_coarse_to_fine_global_pooled_init_flip_avg_coarse_only,benchmark,193,194,2,direct_foreground,0.8783523926366421,0.7977164837061829,0.5,0.8224253831675181,0.934279402105766,0.2420196533203125,0.7579803466796875,2,2,0.0,0.0,ok,False,"cluster_b->foreground,cluster_a->background",cluster_b,cluster_a,0.025563276916056137,0.7977164837061829,0.8783523926366421,0.7977164837061829,best_foreground_cluster_iou,1,fpn_2,fpn_2,fpn_2,72x72,47509,18027,47509,18027,47509,18027,0.0,0.0,0.0,0.0,coarsest_pooled_direct,pooled_avg_pool_flip_avg_coarse_only,False,False,architexture_binary_v1,0.8783523926366421,0.7977164837061829,0.009044297952294512,0.8224253831675181,3,3,24x24,"{""cluster_0"": {""cluster_value"": 0, ""component_size_histogram"": {""27"": 1, ""3717"": 1, ""9"": 1}, ""largest_component_size"": 3717, ""num_1_cell_components"": 0, ""num_2_cell_components"": 0, ""num_components"": 3, ""smallest_component_size"": 9, ""tiny_component_pixel_fraction"": 0.0, ""tiny_component_pixels"": 0}, ""cluster_1"": {""cluster_value"": 1, ""component_size_histogram"": {""1341"": 1, ""18"": 2, ""27"": 2}, ""largest_component_size"": 1341, ""num_1_cell_components"": 0, ""num_2_cell_components"": 0, ""num_components"": 5, ""smallest_component_size"": 18, ""tiny_component_pixel_fraction"": 0.0, ""tiny_component_pixels"": 0}}"
stld,architexture:stld,feature_cluster_coarse_to_fine_global_pooled_init_flip_avg_coarse_only,benchmark,194,195,2,direct_foreground,0.3158519253586436,-0.03045503640314449,0.5,0.1935123042505593,0.43819154646672787,0.1195220947265625,0.8804779052734375,2,2,0.0,0.0,ok,False,"cluster_b->foreground,cluster_a->background",cluster_b,cluster_a,0.24807488187835547,-0.03045503640314449,0.3158519253586436,-0.03045503640314449,best_foreground_cluster_iou,1,fpn_2,fpn_2,fpn_2,72x72,25354,40182,25354,40182,25354,40182,0.0,0.0,0.0,0.0,coarsest_pooled_direct,pooled_avg_pool_flip_avg_coarse_only,False,False,architexture_binary_v1,0.3158519253586436,-0.03045503640314449,0.001448444431032922,0.1935123042505593,3,3,24x24,"{""cluster_0"": {""cluster_value"": 0, ""component_size_histogram"": {""18"": 9, ""180"": 1, ""207"": 1, ""27"": 2, ""351"": 1, ""36"": 2, ""45"": 1, ""513"": 1, ""54"": 4, ""81"": 1, ""9"": 13}, ""largest_component_size"": 513, ""num_1_cell_components"": 0, ""num_2_cell_components"": 0, ""num_components"": 36, ""smallest_component_size"": 9, ""tiny_component_pixel_fraction"": 0.0, ""tiny_component_pixels"": 0}, ""cluster_1"": {""cluster_value"": 1, ""component_size_histogram"": {""18"": 5, ""27"": 1, ""2799"": 1, ""36"": 2, ""45"": 1, ""54"": 1, ""9"": 11}, ""largest_component_size"": 2799, ""num_1_cell_components"": 0, ""num_2_cell_components"": 0, ""num_components"": 22, ""smallest_component_size"": 9, ""tiny_component_pixel_fraction"": 0.0, ""tiny_component_pixels"": 0}}"
stld,architexture:stld,feature_cluster_coarse_to_fine_global_pooled_init_flip_avg_coarse_only,benchmark,195,196,2,direct_foreground,0.8642622151009494,0.8090723220353289,0.5,0.7692307692307693,0.9592936609711296,0.12542724609375,0.87457275390625,2,2,0.0,0.0,ok,False,"cluster_a->foreground,cluster_b->background",cluster_a,cluster_b,0.8642622151009494,0.8090723220353289,0.01810260573978561,0.8090723220353289,best_foreground_cluster_iou,1,fpn_2,fpn_2,fpn_2,72x72,9789,55747,9789,55747,9789,55747,0.0,0.0,0.0,0.0,coarsest_pooled_direct,pooled_avg_pool_flip_avg_coarse_only,False,False,architexture_binary_v1,0.8642622151009494,0.8090723220353289,0.7692307692307693,0.006134293848404297,3,3,24x24,"{""cluster_0"": {""cluster_value"": 0, ""component_size_histogram"": {""774"": 1}, ""largest_component_size"": 774, ""num_1_cell_components"": 0, ""num_2_cell_components"": 0, ""num_components"": 1, ""smallest_component_size"": 774, ""tiny_component_pixel_fraction"": 0.0, ""tiny_component_pixels"": 0}, ""cluster_1"": {""cluster_value"": 1, ""component_size_histogram"": {""4410"": 1}, ""largest_component_size"": 4410, ""num_1_cell_components"": 0, ""num_2_cell_components"": 0, ""num_components"": 1, ""smallest_component_size"": 4410, ""tiny_component_pixel_fraction"": 0.0, ""tiny_component_pixels"": 0}}"
stld,architexture:stld,feature_cluster_coarse_to_fine_global_pooled_init_flip_avg_coarse_only,benchmark,196,197,2,direct_foreground,0.8649892356299909,0.8171501981315249,0.5,0.7633596932662353,0.9666187779937463,0.09820556640625,0.90179443359375,2,2,0.0,0.0,ok,False,"cluster_a->foreground,cluster_b->background",cluster_a,cluster_b,0.8649892356299909,0.8171501981315249,0.015097408338610823,0.8171501981315249,best_foreground_cluster_iou,1,fpn_2,fpn_2,fpn_2,72x72,8281,57255,8281,57255,8281,57255,0.0,0.0,0.0,0.0,coarsest_pooled_direct,pooled_avg_pool_flip_avg_coarse_only,False,False,architexture_binary_v1,0.8649892356299909,0.8171501981315249,0.7633596932662353,0.0010215949454625468,3,3,24x24,"{""cluster_0"": {""cluster_value"": 0, ""component_size_histogram"": {""657"": 1}, ""largest_component_size"": 657, ""num_1_cell_components"": 0, ""num_2_cell_components"": 0, ""num_components"": 1, ""smallest_component_size"": 657, ""tiny_component_pixel_fraction"": 0.0, ""tiny_component_pixels"": 0}, ""cluster_1"": {""cluster_value"": 1, ""component_size_histogram"": {""4527"": 1}, ""largest_component_size"": 4527, ""num_1_cell_components"": 0, ""num_2_cell_components"": 0, ""num_components"": 1, ""smallest_component_size"": 4527, ""tiny_component_pixel_fraction"": 0.0, ""tiny_component_pixels"": 0}}"
stld,architexture:stld,feature_cluster_coarse_to_fine_global_pooled_init_flip_avg_coarse_only,benchmark,197,198,2,direct_foreground,0.859581523928811,0.7754813244284393,0.5,0.7868468468468468,0.9323162010107753,0.2022857666015625,0.7977142333984375,2,2,0.0,0.0,ok,False,"cluster_a->foreground,cluster_b->background",cluster_a,cluster_b,0.859581523928811,0.7754813244284393,0.02720347176144472,0.7754813244284393,best_foreground_cluster_iou,1,fpn_2,fpn_2,fpn_2,72x72,16494,49042,16494,49042,16494,49042,0.0,0.0,0.0,0.0,coarsest_pooled_direct,pooled_avg_pool_flip_avg_coarse_only,False,False,architexture_binary_v1,0.859581523928811,0.7754813244284393,0.7868468468468468,0.002510339056691824,3,3,24x24,"{""cluster_0"": {""cluster_value"": 0, ""component_size_histogram"": {""1305"": 1}, ""largest_component_size"": 1305, ""num_1_cell_components"": 0, ""num_2_cell_components"": 0, ""num_components"": 1, ""smallest_component_size"": 1305, ""tiny_component_pixel_fraction"": 0.0, ""tiny_component_pixels"": 0}, ""cluster_1"": {""cluster_value"": 1, ""component_size_histogram"": {""3879"": 1}, ""largest_component_size"": 3879, ""num_1_cell_components"": 0, ""num_2_cell_components"": 0, ""num_components"": 1, ""smallest_component_size"": 3879, ""tiny_component_pixel_fraction"": 0.0, ""tiny_component_pixels"": 0}}"
stld,architexture:stld,feature_cluster_coarse_to_fine_global_pooled_init_flip_avg_coarse_only,benchmark,198,199,2,direct_foreground,0.6509365531559279,0.46257559397537673,0.5,0.4215127937755675,0.8803603125362884,0.08123779296875,0.91876220703125,2,2,0.0,0.0,ok,False,"cluster_a->foreground,cluster_b->background",cluster_a,cluster_b,0.6509365531559279,0.46257559397537673,0.05514502712347255,0.46257559397537673,best_foreground_cluster_iou,1,fpn_2,fpn_2,fpn_2,72x72,12398,53138,12398,53138,12398,53138,0.0,0.0,0.0,0.0,coarsest_pooled_direct,pooled_avg_pool_flip_avg_coarse_only,False,False,architexture_binary_v1,0.6509365531559279,0.46257559397537673,0.4215127937755675,0.0011816484852636446,3,3,24x24,"{""cluster_0"": {""cluster_value"": 0, ""component_size_histogram"": {""981"": 1}, ""largest_component_size"": 981, ""num_1_cell_components"": 0, ""num_2_cell_components"": 0, ""num_components"": 1, ""smallest_component_size"": 981, ""tiny_component_pixel_fraction"": 0.0, ""tiny_component_pixels"": 0}, ""cluster_1"": {""cluster_value"": 1, ""component_size_histogram"": {""4203"": 1}, ""largest_component_size"": 4203, ""num_1_cell_components"": 0, ""num_2_cell_components"": 0, ""num_components"": 1, ""smallest_component_size"": 4203, ""tiny_component_pixel_fraction"": 0.0, ""tiny_component_pixels"": 0}}"
stld,architexture:stld,feature_cluster_coarse_to_fine_global_pooled_init_flip_avg_coarse_only,benchmark,199,200,2,direct_foreground,0.8166970812808,0.7478125792773911,0.5,0.6764558860284928,0.9569382765331071,0.0829010009765625,0.9170989990234375,2,2,0.0,0.0,ok,False,"cluster_a->foreground,cluster_b->background",cluster_a,cluster_b,0.8166970812808,0.7478125792773911,0.019764711142631897,0.7478125792773911,best_foreground_cluster_iou,1,fpn_2,fpn_2,fpn_2,72x72,7982,57554,7982,57554,7982,57554,0.0,0.0,0.0,0.0,coarsest_pooled_direct,pooled_avg_pool_flip_avg_coarse_only,False,False,architexture_binary_v1,0.8166970812808,0.7478125792773911,0.6764558860284928,0.0003176266933473089,3,3,24x24,"{""cluster_0"": {""cluster_value"": 0, ""component_size_histogram"": {""630"": 1}, ""largest_component_size"": 630, ""num_1_cell_components"": 0, ""num_2_cell_components"": 0, ""num_components"": 1, ""smallest_component_size"": 630, ""tiny_component_pixel_fraction"": 0.0, ""tiny_component_pixels"": 0}, ""cluster_1"": {""cluster_value"": 1, ""component_size_histogram"": {""4554"": 1}, ""largest_component_size"": 4554, ""num_1_cell_components"": 0, ""num_2_cell_components"": 0, ""num_components"": 1, ""smallest_component_size"": 4554, ""tiny_component_pixel_fraction"": 0.0, ""tiny_component_pixels"": 0}}"
