{
  "edge_metrics": {
    "AP": 0.4437854031265205,
    "ODS_threshold": 0.016300000000000002,
    "ODS_recall": 0.5130798548508569,
    "ODS_precision": 0.6878418206774992,
    "ODS_f1": 0.5877448774638715,
    "OIS_recall": 0.511759134582468,
    "OIS_precision": 0.726557690438389,
    "OIS_f1": 0.6005289234065345
  },
  "generic_metrics": null,
  "meta": {
    "generic": {
      "metrics_namespace": "pixel",
      "enabled": false
    },
    "edge": {
      "protocol": "legacy",
      "ap_mode": "bsds_interp",
      "edge_keys_mode": "legacy_minimal",
      "thresholds": 99,
      "max_dist": 0.0075,
      "apply_thinning": true,
      "apply_nms": true
    }
  }
}