{
  "edge/AP": 0.4437854031265205,
  "edge/ODS_threshold": 0.016300000000000002,
  "edge/ODS_recall": 0.5130798548508569,
  "edge/ODS_precision": 0.6878418206774992,
  "edge/ODS_f1": 0.5877448774638715,
  "edge/OIS_recall": 0.511759134582468,
  "edge/OIS_precision": 0.726557690438389,
  "edge/OIS_f1": 0.6005289234065345
}