{
  "edge_metrics": {
    "AP": 0.43204489785407557,
    "ODS_threshold": 0.02,
    "ODS_recall": 0.4988132460004108,
    "ODS_precision": 0.6917817974647487,
    "ODS_f1": 0.5796596009892391,
    "OIS_recall": 0.4987390738754365,
    "OIS_precision": 0.7328264113613119,
    "OIS_f1": 0.5935359022237311
  },
  "generic_metrics": null,
  "meta": {
    "generic": {
      "metrics_namespace": "pixel",
      "enabled": false
    },
    "edge": {
      "protocol": "legacy",
      "ap_mode": "bsds_interp",
      "edge_keys_mode": "legacy_minimal",
      "thresholds": 99,
      "max_dist": 0.0075,
      "apply_thinning": true,
      "apply_nms": true
    }
  }
}