dataset_id,variant,split,sample_index,crop_name,evaluation_contract,evaluation_view,eval_miou,eval_ari,eval_nmi,k_gt,k_gt_raw,k_pred,count_accuracy,coverage,valid_pixel_count,total_pixel_count,invalid_pixel_count,num_predicted_regions,num_target_regions,label_permutation_invariant,evaluation_selector,matched_ious_json,matched_pairs_json,coarsest_level_name,feature_level_names,feature_level_resolutions,num_feature_levels,coarsest_pool_kernel_size,coarsest_pool_stride,pooled_grid_resolution,coarsest_init_mode,flip_averaged_features_used,sam_refinement_applied,multiscale_refinement_applied,predicted_k_selection_criterion,predicted_k_criterion_value,predicted_k_scores_by_k_json,cluster_pixel_counts_json,gt_decode_method,joker_label_value,joker_region_count,joker_pixel_count,joker_pixel_fraction,gt_decode_raw_oracle_num_regions,gt_decode_effective_oracle_num_regions,gt_decode_num_unique_rgb_colors,gt_decode_scores_by_k_json,gt_decode_raw_region_sizes_json,gt_decode_effective_region_sizes_json,gt_decode_joker_region_labels_json,gt_decode_joker_region_sizes_json,gt_decode_selection_criterion,gt_decode_selection_value,feature_cluster_coarse_global_pooled_oracle_k_status
detexture_ade20k_multi,feature_cluster_coarse_global_pooled_oracle_k,training,0,training_ADE_train_00000191,detexture_multi_partition_v1,multi_partition_invariant,0.8191607417818938,0.8358483308163795,0.7772960325985414,3,8,3,1.0,0.981719970703125,64338,65536,1198,3,3,True,hungarian_iou_assignment,"[0.9623184997942508, 0.7716569145140574, 0.7235068110373734]","[{""pred_label"": 0, ""gt_label"": 0, ""iou"": 0.9623184997942508}, {""pred_label"": 1, ""gt_label"": 1, ""iou"": 0.7716569145140574}, {""pred_label"": 2, ""gt_label"": 2, ""iou"": 0.7235068110373734}]",fpn_2,fpn_2,72x72,1,3,3,24x24,pooled_avg_pool_multi_way,False,False,False,,,,"[32825, 17718, 14993]",jpeg_color_clustering_bic,-1,5,1198,0.018280029296875,8,3,1971,"{""1"": -137587.71273951491, ""2"": -138424.70487533914, ""3"": -183871.62287045203, ""4"": -459171.9824685764, ""5"": -484299.3960277051, ""6"": -531631.2731154775, ""7"": -553303.6755476466, ""8"": -562398.7883995386}","[34017, 19964, 10357, 369, 284, 255, 164, 126]","[34017, 19964, 10357]","[3, 4, 5, 6, 7]","[369, 284, 255, 164, 126]",bic,-562398.7883995386,ok
detexture_ade20k_multi,feature_cluster_coarse_global_pooled_oracle_k,training,1,training_ADE_train_00000569,detexture_multi_partition_v1,multi_partition_invariant,0.6220191210022633,0.3651779899553173,0.5229184813844349,3,8,3,1.0,0.9912724194729137,346644,349696,3052,3,3,True,hungarian_iou_assignment,"[0.3762771096721143, 0.5968612584648917, 0.892918994869784]","[{""pred_label"": 0, ""gt_label"": 2, ""iou"": 0.3762771096721143}, {""pred_label"": 1, ""gt_label"": 0, ""iou"": 0.5968612584648917}, {""pred_label"": 2, ""gt_label"": 1, ""iou"": 0.892918994869784}]",fpn_2,fpn_2,72x72,1,3,3,24x24,pooled_avg_pool_multi_way,False,False,False,,,,"[147132, 141930, 60634]",jpeg_color_clustering_bic,-1,5,3052,0.008727580527086384,8,3,6344,"{""1"": -743235.9889385029, ""2"": -1336164.4383070772, ""3"": -1370924.2237310174, ""4"": -2529100.2250885423, ""5"": -2623285.541838763, ""6"": -2796027.278742065, ""7"": -2882234.5848349417, ""8"": -2895929.0138878142}","[234953, 55984, 55707, 802, 748, 734, 670, 98]","[234953, 55984, 55707]","[3, 4, 5, 6, 7]","[802, 748, 734, 670, 98]",bic,-2895929.0138878142,ok
detexture_ade20k_multi,feature_cluster_coarse_global_pooled_oracle_k,training,2,training_ADE_train_00000583,detexture_multi_partition_v1,multi_partition_invariant,0.9436510624257936,0.891094251188027,0.826914654729895,2,8,2,1.0,0.8062288387628112,281935,349696,67761,2,2,True,hungarian_iou_assignment,"[0.9332430487959711, 0.954059076055616]","[{""pred_label"": 0, ""gt_label"": 1, ""iou"": 0.9332430487959711}, {""pred_label"": 1, ""gt_label"": 0, ""iou"": 0.954059076055616}]",fpn_2,fpn_2,72x72,1,3,3,24x24,pooled_avg_pool_multi_way,False,False,False,,,,"[181819, 167877]",jpeg_color_clustering_bic,-1,6,67761,0.19377116123718888,8,2,16245,"{""1"": -920488.2055231904, ""2"": -935181.0441050469, ""3"": -1271661.91979474, ""4"": -1469239.5243911555, ""5"": -2274094.3298840895, ""6"": -2322823.469528725, ""7"": -2364386.7048412887, ""8"": -2529346.3447980233}","[170924, 111011, 39161, 19759, 4381, 1960, 1869, 631]","[170924, 111011]","[2, 3, 4, 5, 6, 7]","[39161, 19759, 4381, 1960, 1869, 631]",bic,-2529346.3447980233,ok
detexture_ade20k_multi,feature_cluster_coarse_global_pooled_oracle_k,training,3,training_ADE_train_00000932,detexture_multi_partition_v1,multi_partition_invariant,0.8109349412555303,0.6545836876709291,0.7255014516680839,3,8,3,1.0,0.8695466919838946,304077,349696,45619,3,3,True,hungarian_iou_assignment,"[0.6905261419013794, 0.7586728298858655, 0.9836058519793459]","[{""pred_label"": 0, ""gt_label"": 1, ""iou"": 0.6905261419013794}, {""pred_label"": 1, ""gt_label"": 0, ""iou"": 0.7586728298858655}, {""pred_label"": 2, ""gt_label"": 2, ""iou"": 0.9836058519793459}]",fpn_2,fpn_2,72x72,1,3,3,24x24,pooled_avg_pool_multi_way,False,False,False,,,,"[124306, 118237, 107153]",jpeg_color_clustering_bic,-1,5,45619,0.1304533080161054,8,3,9628,"{""1"": -816848.8822959096, ""2"": -834864.5130908614, ""3"": -1174428.7958928724, ""4"": -1480774.7772123378, ""5"": -1505936.0588123095, ""6"": -2667153.518335294, ""7"": -2711360.2155100154, ""8"": -2746009.124723589}","[149963, 85537, 68577, 40410, 2317, 1746, 774, 372]","[149963, 85537, 68577]","[3, 4, 5, 6, 7]","[40410, 2317, 1746, 774, 372]",bic,-2746009.124723589,ok
detexture_ade20k_multi,feature_cluster_coarse_global_pooled_oracle_k,training,4,training_ADE_train_00001017,detexture_multi_partition_v1,multi_partition_invariant,0.5743435596946364,0.6260518251742629,0.6007460255833783,3,8,3,1.0,0.935284261517278,56378,60279,3901,3,3,True,hungarian_iou_assignment,"[0.8321112929623568, 0.6897795939660044, 0.2011397921555481]","[{""pred_label"": 0, ""gt_label"": 0, ""iou"": 0.8321112929623568}, {""pred_label"": 1, ""gt_label"": 1, ""iou"": 0.6897795939660044}, {""pred_label"": 2, ""gt_label"": 2, ""iou"": 0.2011397921555481}]",fpn_2,fpn_2,72x72,1,3,3,24x24,pooled_avg_pool_multi_way,False,False,False,,,,"[31177, 18139, 10963]",jpeg_color_clustering_bic,-1,5,3901,0.06471573848272201,8,3,7168,"{""1"": -154096.4732341093, ""2"": -160363.47610231713, ""3"": -195280.62472120614, ""4"": -200044.63851931243, ""5"": -309764.5585462219, ""6"": -332289.4649671238, ""7"": -337824.6319263868, ""8"": -365252.6698187667}","[26131, 22892, 7355, 1637, 915, 679, 499, 171]","[26131, 22892, 7355]","[3, 4, 5, 6, 7]","[1637, 915, 679, 499, 171]",bic,-365252.6698187667,ok
detexture_ade20k_multi,feature_cluster_coarse_global_pooled_oracle_k,training,5,training_ADE_train_00001138,detexture_multi_partition_v1,multi_partition_invariant,0.9105636385959328,0.9099050669591172,0.8663831857400549,3,8,3,1.0,0.8648,83237,96250,13013,3,3,True,hungarian_iou_assignment,"[0.9856818244038656, 0.9144647321287301, 0.8315443592552026]","[{""pred_label"": 0, ""gt_label"": 0, ""iou"": 0.9856818244038656}, {""pred_label"": 1, ""gt_label"": 1, ""iou"": 0.9144647321287301}, {""pred_label"": 2, ""gt_label"": 2, ""iou"": 0.8315443592552026}]",fpn_2,fpn_2,72x72,1,3,3,24x24,pooled_avg_pool_multi_way,False,False,False,,,,"[37764, 30176, 28310]",jpeg_color_clustering_bic,-1,5,13013,0.1352,8,3,6023,"{""1"": -177068.43866350935, ""2"": -183745.523665496, ""3"": -363058.7545281713, ""4"": -394130.9244891459, ""5"": -471283.7280444834, ""6"": -684833.0224927837, ""7"": -688156.8090535867, ""8"": -696550.2406556444}","[36164, 31510, 15563, 10838, 1283, 515, 279, 98]","[36164, 31510, 15563]","[3, 4, 5, 6, 7]","[10838, 1283, 515, 279, 98]",bic,-696550.2406556444,ok
detexture_ade20k_multi,feature_cluster_coarse_global_pooled_oracle_k,training,6,training_ADE_train_00001271,detexture_multi_partition_v1,multi_partition_invariant,0.8997350093633725,0.835701322043022,0.7982347777412514,3,8,3,1.0,0.9535743112485534,294171,308493,14322,3,3,True,hungarian_iou_assignment,"[0.8898383371824481, 0.8852602270293425, 0.924106463878327]","[{""pred_label"": 0, ""gt_label"": 1, ""iou"": 0.8898383371824481}, {""pred_label"": 1, ""gt_label"": 0, ""iou"": 0.8852602270293425}, {""pred_label"": 2, ""gt_label"": 2, ""iou"": 0.924106463878327}]",fpn_2,fpn_2,72x72,1,3,3,24x24,pooled_avg_pool_multi_way,False,False,False,,,,"[129373, 107021, 72099]",jpeg_color_clustering_bic,-1,5,14322,0.04642568875144655,8,3,7201,"{""1"": -626962.0864841222, ""2"": -656277.1675167731, ""3"": -1277000.0456555139, ""4"": -1681402.5328662787, ""5"": -1687605.3650880095, ""6"": -2438544.4770692135, ""7"": -2461071.146666649, ""8"": -2562054.326247201}","[115518, 109220, 69433, 8472, 3859, 836, 797, 358]","[115518, 109220, 69433]","[3, 4, 5, 6, 7]","[8472, 3859, 836, 797, 358]",bic,-2562054.326247201,ok
detexture_ade20k_multi,feature_cluster_coarse_global_pooled_oracle_k,training,7,training_ADE_train_00003020,detexture_multi_partition_v1,multi_partition_invariant,0.40323357676926563,0.42374915890255094,0.5141781201714317,4,8,4,1.0,0.8714849108367627,40660,46656,5996,4,4,True,hungarian_iou_assignment,"[0.5355904086864727, 0.6504132760940604, 0.424629224410406, 0.002301397886123423]","[{""pred_label"": 0, ""gt_label"": 2, ""iou"": 0.5355904086864727}, {""pred_label"": 1, ""gt_label"": 1, ""iou"": 0.6504132760940604}, {""pred_label"": 2, ""gt_label"": 0, ""iou"": 0.424629224410406}, {""pred_label"": 3, ""gt_label"": 3, ""iou"": 0.002301397886123423}]",fpn_2,fpn_2,72x72,1,3,3,24x24,pooled_avg_pool_multi_way,False,False,False,,,,"[13689, 13689, 13203, 6075]",jpeg_color_clustering_bic,-1,4,5996,0.1285150891632373,8,4,3256,"{""1"": -99497.41686516078, ""2"": -104810.97213294308, ""3"": -148220.27093087777, ""4"": -187883.54301983767, ""5"": -236264.0018426684, ""6"": -302028.8221614854, ""7"": -316130.3488074123, ""8"": -317264.4002475344}","[14536, 12277, 7393, 6454, 4205, 1068, 697, 26]","[14536, 12277, 7393, 6454]","[4, 5, 6, 7]","[4205, 1068, 697, 26]",bic,-317264.4002475344,ok
detexture_ade20k_multi,feature_cluster_coarse_global_pooled_oracle_k,training,8,training_ADE_train_00003048,detexture_multi_partition_v1,multi_partition_invariant,0.9255424999137829,0.927430559563475,0.8632072533408853,3,8,3,1.0,0.9463587154294032,332876,351744,18868,3,3,True,hungarian_iou_assignment,"[0.9786504339387523, 0.9032757440136547, 0.8947013217889418]","[{""pred_label"": 0, ""gt_label"": 0, ""iou"": 0.9786504339387523}, {""pred_label"": 1, ""gt_label"": 1, ""iou"": 0.9032757440136547}, {""pred_label"": 2, ""gt_label"": 2, ""iou"": 0.8947013217889418}]",fpn_2,fpn_2,72x72,1,3,3,24x24,pooled_avg_pool_multi_way,False,False,False,,,,"[181183, 108770, 61791]",jpeg_color_clustering_bic,-1,5,18868,0.053641284570596796,8,3,16330,"{""1"": -617947.1784349803, ""2"": -813890.1782511739, ""3"": -948773.1899814517, ""4"": -1896679.100088734, ""5"": -2163658.210031334, ""6"": -2238897.7303662947, ""7"": -2454126.9003793783, ""8"": -2536783.899180748}","[179915, 93807, 59154, 6462, 4392, 3038, 2795, 2181]","[179915, 93807, 59154]","[3, 4, 5, 6, 7]","[6462, 4392, 3038, 2795, 2181]",bic,-2536783.899180748,ok
detexture_ade20k_multi,feature_cluster_coarse_global_pooled_oracle_k,training,9,training_ADE_train_00003079,detexture_multi_partition_v1,multi_partition_invariant,0.9379353085885969,0.9455000121032641,0.8967510388667944,3,8,3,1.0,0.9556121826171875,62627,65536,2909,3,3,True,hungarian_iou_assignment,"[0.9875226586102719, 0.9308350461259022, 0.8954482210296164]","[{""pred_label"": 0, ""gt_label"": 0, ""iou"": 0.9875226586102719}, {""pred_label"": 1, ""gt_label"": 1, ""iou"": 0.9308350461259022}, {""pred_label"": 2, ""gt_label"": 2, ""iou"": 0.8954482210296164}]",fpn_2,fpn_2,72x72,1,3,3,24x24,pooled_avg_pool_multi_way,False,False,False,,,,"[33472, 21842, 10222]",jpeg_color_clustering_bic,-1,5,2909,0.0443878173828125,8,3,3075,"{""1"": -132061.7592289859, ""2"": -136512.88555852973, ""3"": -295666.9745887815, ""4"": -389689.1311540554, ""5"": -468706.3155295537, ""6"": -472926.90966142685, ""7"": -487339.85800367955, ""8"": -524743.5397137895}","[32952, 19679, 9996, 962, 843, 592, 391, 121]","[32952, 19679, 9996]","[3, 4, 5, 6, 7]","[962, 843, 592, 391, 121]",bic,-524743.5397137895,ok
detexture_ade20k_multi,feature_cluster_coarse_global_pooled_oracle_k,training,10,training_ADE_train_00003084,detexture_multi_partition_v1,multi_partition_invariant,0.964580191849123,0.9469905938237465,0.9193026659414597,3,8,3,1.0,0.97222900390625,63716,65536,1820,3,3,True,hungarian_iou_assignment,"[0.9850335695635957, 0.9618758899453401, 0.9468311160384331]","[{""pred_label"": 0, ""gt_label"": 1, ""iou"": 0.9850335695635957}, {""pred_label"": 1, ""gt_label"": 0, ""iou"": 0.9618758899453401}, {""pred_label"": 2, ""gt_label"": 2, ""iou"": 0.9468311160384331}]",fpn_2,fpn_2,72x72,1,3,3,24x24,pooled_avg_pool_multi_way,False,False,False,,,,"[22126, 21814, 21596]",jpeg_color_clustering_bic,-1,5,1820,0.02777099609375,8,3,1763,"{""1"": -115949.89471558791, ""2"": -117892.93213955207, ""3"": -240597.3435219703, ""4"": -438939.7653232863, ""5"": -459744.80797588674, ""6"": -491470.30429235345, ""7"": -522950.14878685534, ""8"": -528615.0306641596}","[21557, 21127, 21032, 559, 422, 392, 258, 189]","[21557, 21127, 21032]","[3, 4, 5, 6, 7]","[559, 422, 392, 258, 189]",bic,-528615.0306641596,ok
detexture_ade20k_multi,feature_cluster_coarse_global_pooled_oracle_k,training,11,training_ADE_train_00003090,detexture_multi_partition_v1,multi_partition_invariant,0.877657421031343,0.8688996385230322,0.8465748714484419,4,8,4,1.0,0.9276885986328125,60797,65536,4739,4,4,True,hungarian_iou_assignment,"[0.9420543897430761, 0.9254684613354447, 0.8142688214426488, 0.8288380116042026]","[{""pred_label"": 0, ""gt_label"": 0, ""iou"": 0.9420543897430761}, {""pred_label"": 1, ""gt_label"": 1, ""iou"": 0.9254684613354447}, {""pred_label"": 2, ""gt_label"": 3, ""iou"": 0.8142688214426488}, {""pred_label"": 3, ""gt_label"": 2, ""iou"": 0.8288380116042026}]",fpn_2,fpn_2,72x72,1,3,3,24x24,pooled_avg_pool_multi_way,False,False,False,,,,"[18944, 19200, 15896, 11496]",jpeg_color_clustering_bic,-1,4,4739,0.0723114013671875,8,4,7550,"{""1"": -125913.54859216817, ""2"": -136253.74179962405, ""3"": -213939.2169825585, ""4"": -279083.7492889549, ""5"": -354386.09938191343, ""6"": -355584.5337377334, ""7"": -364924.5210911347, ""8"": -414064.1258750689}","[19882, 17623, 12513, 10779, 1729, 1707, 1229, 74]","[19882, 17623, 12513, 10779]","[4, 5, 6, 7]","[1729, 1707, 1229, 74]",bic,-414064.1258750689,ok
detexture_ade20k_multi,feature_cluster_coarse_global_pooled_oracle_k,training,12,training_ADE_train_00003092,detexture_multi_partition_v1,multi_partition_invariant,0.6517598810208508,0.5031485506631064,0.5296588188447703,3,8,3,1.0,0.8419647216796875,55179,65536,10357,3,3,True,hungarian_iou_assignment,"[0.79404597514418, 0.5836800739713361, 0.5775535939470365]","[{""pred_label"": 0, ""gt_label"": 1, ""iou"": 0.79404597514418}, {""pred_label"": 1, ""gt_label"": 2, ""iou"": 0.5836800739713361}, {""pred_label"": 2, ""gt_label"": 0, ""iou"": 0.5775535939470365}]",fpn_2,fpn_2,72x72,1,3,3,24x24,pooled_avg_pool_multi_way,False,False,False,,,,"[32747, 17962, 14827]",jpeg_color_clustering_bic,-1,5,10357,0.1580352783203125,8,3,12581,"{""1"": -119623.31486969061, ""2"": -122544.58525762592, ""3"": -196211.63823210416, ""4"": -215359.99269611816, ""5"": -287373.8591460506, ""6"": -325794.6386705754, ""7"": -337824.2408518875, ""8"": -342742.81948119117}","[24333, 19889, 10957, 4622, 3166, 1392, 847, 330]","[24333, 19889, 10957]","[3, 4, 5, 6, 7]","[4622, 3166, 1392, 847, 330]",bic,-342742.81948119117,ok
detexture_ade20k_multi,feature_cluster_coarse_global_pooled_oracle_k,training,13,training_ADE_train_00003100,detexture_multi_partition_v1,multi_partition_invariant,0.5475252090960859,0.5324005500219177,0.6165908896058175,3,8,3,1.0,0.8676910400390625,56865,65536,8671,3,3,True,hungarian_iou_assignment,"[0.49887507030810574, 0.9349208696938323, 0.2087796872863199]","[{""pred_label"": 0, ""gt_label"": 2, ""iou"": 0.49887507030810574}, {""pred_label"": 1, ""gt_label"": 0, ""iou"": 0.9349208696938323}, {""pred_label"": 2, ""gt_label"": 1, ""iou"": 0.2087796872863199}]",fpn_2,fpn_2,72x72,1,3,3,24x24,pooled_avg_pool_multi_way,False,False,False,,,,"[32174, 19936, 13426]",jpeg_color_clustering_bic,-1,5,8671,0.1323089599609375,8,3,5020,"{""1"": -131323.8194254451, ""2"": -195443.48925315123, ""3"": -222644.47959403804, ""4"": -253252.15107555722, ""5"": -423921.71185421053, ""6"": -440814.9453019898, ""7"": -447524.72950583044, ""8"": -458779.81782065984}","[20283, 20184, 16398, 6028, 1061, 687, 515, 380]","[20283, 20184, 16398]","[3, 4, 5, 6, 7]","[6028, 1061, 687, 515, 380]",bic,-458779.81782065984,ok
detexture_ade20k_multi,feature_cluster_coarse_global_pooled_oracle_k,training,14,training_ADE_train_00003103,detexture_multi_partition_v1,multi_partition_invariant,0.6589576701657429,0.7746791873257229,0.7157268212264842,4,8,4,1.0,0.860931396484375,56422,65536,9114,4,4,True,hungarian_iou_assignment,"[0.9797074091552619, 0.8918391744793305, 0.4047100732238274, 0.3595740238045521]","[{""pred_label"": 0, ""gt_label"": 0, ""iou"": 0.9797074091552619}, {""pred_label"": 1, ""gt_label"": 1, ""iou"": 0.8918391744793305}, {""pred_label"": 2, ""gt_label"": 2, ""iou"": 0.4047100732238274}, {""pred_label"": 3, ""gt_label"": 3, ""iou"": 0.3595740238045521}]",fpn_2,fpn_2,72x72,1,3,3,24x24,pooled_avg_pool_multi_way,False,False,False,,,,"[21312, 16519, 14467, 13238]",jpeg_color_clustering_bic,-1,4,9114,0.139068603515625,8,4,5848,"{""1"": -120474.67444159897, ""2"": -127634.21433981514, ""3"": -215742.72298892745, ""4"": -269957.37074106367, ""5"": -271080.38294389565, ""6"": -297842.1492831412, ""7"": -405129.40758460155, ""8"": -456788.34817819425}","[21122, 14896, 12404, 8000, 6292, 1380, 1087, 355]","[21122, 14896, 12404, 8000]","[4, 5, 6, 7]","[6292, 1380, 1087, 355]",bic,-456788.34817819425,ok
detexture_ade20k_multi,feature_cluster_coarse_global_pooled_oracle_k,training,15,training_ADE_train_00003105,detexture_multi_partition_v1,multi_partition_invariant,0.5013203648445349,0.5550568688057964,0.5277911651620012,3,8,3,1.0,0.9485807291666667,291404,307200,15796,3,3,True,hungarian_iou_assignment,"[0.7380278166331184, 0.7589475404477856, 0.006985737452700736]","[{""pred_label"": 0, ""gt_label"": 0, ""iou"": 0.7380278166331184}, {""pred_label"": 1, ""gt_label"": 1, ""iou"": 0.7589475404477856}, {""pred_label"": 2, ""gt_label"": 2, ""iou"": 0.006985737452700736}]",fpn_2,fpn_2,72x72,1,3,3,24x24,pooled_avg_pool_multi_way,False,False,False,,,,"[171200, 112440, 23560]",jpeg_color_clustering_bic,-1,5,15796,0.051419270833333336,8,3,7272,"{""1"": -794756.6230524355, ""2"": -854304.6499512126, ""3"": -1238668.5609120866, ""4"": -1810902.1209670382, ""5"": -1834046.0657404824, ""6"": -1858856.8044318163, ""7"": -1867484.454918479, ""8"": -2453979.019856704}","[137060, 95091, 59253, 8200, 4573, 1879, 641, 503]","[137060, 95091, 59253]","[3, 4, 5, 6, 7]","[8200, 4573, 1879, 641, 503]",bic,-2453979.019856704,ok
detexture_ade20k_multi,feature_cluster_coarse_global_pooled_oracle_k,training,16,training_ADE_train_00003119,detexture_multi_partition_v1,multi_partition_invariant,0.4125662413069118,0.46135166370519265,0.5979273441882957,3,8,3,1.0,0.8848114013671875,57987,65536,7549,3,3,True,hungarian_iou_assignment,"[0.5775161280990541, 0.6601825958216812, 0.0]","[{""pred_label"": 0, ""gt_label"": 1, ""iou"": 0.5775161280990541}, {""pred_label"": 1, ""gt_label"": 0, ""iou"": 0.6601825958216812}, {""pred_label"": 2, ""gt_label"": 2, ""iou"": 0.0}]",fpn_2,fpn_2,72x72,1,3,3,24x24,pooled_avg_pool_multi_way,False,False,False,,,,"[36136, 16739, 12661]",jpeg_color_clustering_bic,-1,5,7549,0.1151885986328125,8,3,5464,"{""1"": -129237.18955903653, ""2"": -135391.020952144, ""3"": -187679.81152194293, ""4"": -282499.5427081363, ""5"": -287039.2272021912, ""6"": -419585.5792534527, ""7"": -442122.85999618575, ""8"": -456894.3055748388}","[24046, 20277, 13664, 4791, 1032, 650, 582, 494]","[24046, 20277, 13664]","[3, 4, 5, 6, 7]","[4791, 1032, 650, 582, 494]",bic,-456894.3055748388,ok
detexture_ade20k_multi,feature_cluster_coarse_global_pooled_oracle_k,training,17,training_ADE_train_00003128,detexture_multi_partition_v1,multi_partition_invariant,0.7373976115917795,0.6547620609547323,0.6018133759822499,3,7,3,1.0,0.859771728515625,56346,65536,9190,3,3,True,hungarian_iou_assignment,"[0.7864412149051598, 0.5581586293721605, 0.8675929904980184]","[{""pred_label"": 0, ""gt_label"": 0, ""iou"": 0.7864412149051598}, {""pred_label"": 1, ""gt_label"": 2, ""iou"": 0.5581586293721605}, {""pred_label"": 2, ""gt_label"": 1, ""iou"": 0.8675929904980184}]",fpn_2,fpn_2,72x72,1,3,3,24x24,pooled_avg_pool_multi_way,False,False,False,,,,"[23154, 23154, 19228]",jpeg_color_clustering_bic,-1,4,9190,0.140228271484375,7,3,11532,"{""1"": -140366.6542596375, ""2"": -200816.82311871726, ""3"": -210642.72860763845, ""4"": -280950.2001335666, ""5"": -315066.6282739546, ""6"": -361180.83842181973, ""7"": -365224.0907203296, ""8"": -324264.225661038}","[22839, 20225, 13282, 3841, 3816, 880, 653]","[22839, 20225, 13282]","[3, 4, 5, 6]","[3841, 3816, 880, 653]",bic,-365224.0907203296,ok
detexture_ade20k_multi,feature_cluster_coarse_global_pooled_oracle_k,training,18,training_ADE_train_00003132,detexture_multi_partition_v1,multi_partition_invariant,0.8583230508451597,0.735400547893222,0.683436077946997,2,8,2,1.0,0.8556365966796875,56075,65536,9461,2,2,True,hungarian_iou_assignment,"[0.8947786696336327, 0.8218674320566867]","[{""pred_label"": 0, ""gt_label"": 0, ""iou"": 0.8947786696336327}, {""pred_label"": 1, ""gt_label"": 1, ""iou"": 0.8218674320566867}]",fpn_2,fpn_2,72x72,1,3,3,24x24,pooled_avg_pool_multi_way,False,False,False,,,,"[38400, 27136]",jpeg_color_clustering_bic,-1,6,9461,0.1443634033203125,8,2,3666,"{""1"": -123345.02460583585, ""2"": -126236.79643842507, ""3"": -233662.91236110966, ""4"": -326925.4678803013, ""5"": -380972.13575104857, ""6"": -418250.1321967602, ""7"": -431206.8903007799, ""8"": -434529.2942678242}","[33777, 22298, 6354, 1258, 911, 414, 380, 144]","[33777, 22298]","[2, 3, 4, 5, 6, 7]","[6354, 1258, 911, 414, 380, 144]",bic,-434529.2942678242,ok
detexture_ade20k_multi,feature_cluster_coarse_global_pooled_oracle_k,training,19,training_ADE_train_00003133,detexture_multi_partition_v1,multi_partition_invariant,0.8619012930085712,0.8020677818625794,0.7474131334876493,3,8,3,1.0,0.9061108647450111,51082,56375,5293,3,3,True,hungarian_iou_assignment,"[0.8934364674076299, 0.7871546961325967, 0.905112715485487]","[{""pred_label"": 0, ""gt_label"": 0, ""iou"": 0.8934364674076299}, {""pred_label"": 1, ""gt_label"": 2, ""iou"": 0.7871546961325967}, {""pred_label"": 2, ""gt_label"": 1, ""iou"": 0.905112715485487}]",fpn_2,fpn_2,72x72,1,3,3,24x24,pooled_avg_pool_multi_way,False,False,False,,,,"[25378, 16969, 14028]",jpeg_color_clustering_bic,-1,5,5293,0.09388913525498892,8,3,4174,"{""1"": -147433.58673269756, ""2"": -157856.74860421574, ""3"": -220834.38738913587, ""4"": -221719.08212556876, ""5"": -247866.49445955237, ""6"": -405758.030207475, ""7"": -406811.4828892907, ""8"": -415966.1432053733}","[26442, 12784, 11856, 3743, 736, 712, 55, 47]","[26442, 12784, 11856]","[3, 4, 5, 6, 7]","[3743, 736, 712, 55, 47]",bic,-415966.1432053733,ok
detexture_ade20k_multi,feature_cluster_coarse_global_pooled_oracle_k,training,20,training_ADE_train_00003135,detexture_multi_partition_v1,multi_partition_invariant,0.9059802466653317,0.8124162238417232,0.7578699891782636,2,8,2,1.0,0.824371337890625,54026,65536,11510,2,2,True,hungarian_iou_assignment,"[0.9056303116147308, 0.9063301817159326]","[{""pred_label"": 0, ""gt_label"": 1, ""iou"": 0.9056303116147308}, {""pred_label"": 1, ""gt_label"": 0, ""iou"": 0.9063301817159326}]",fpn_2,fpn_2,72x72,1,3,3,24x24,pooled_avg_pool_multi_way,False,False,False,,,,"[32661, 32875]",jpeg_color_clustering_bic,-1,6,11510,0.175628662109375,8,2,5813,"{""1"": -119356.0290729274, ""2"": -128372.97665252858, ""3"": -186776.13224856765, ""4"": -264514.2910091644, ""5"": -302845.28730680735, ""6"": -305190.4166702755, ""7"": -310714.8677250568, ""8"": -311214.62506200094}","[28408, 25618, 6802, 2140, 1139, 834, 326, 269]","[28408, 25618]","[2, 3, 4, 5, 6, 7]","[6802, 2140, 1139, 834, 326, 269]",bic,-311214.62506200094,ok
detexture_ade20k_multi,feature_cluster_coarse_global_pooled_oracle_k,training,21,training_ADE_train_00003140,detexture_multi_partition_v1,multi_partition_invariant,0.4061299271524528,0.38250540089412854,0.47647909849392095,3,8,3,1.0,0.8495941162109375,55679,65536,9857,3,3,True,hungarian_iou_assignment,"[0.5926929014435447, 0.11982675649663138, 0.5058701235171823]","[{""pred_label"": 0, ""gt_label"": 0, ""iou"": 0.5926929014435447}, {""pred_label"": 1, ""gt_label"": 1, ""iou"": 0.11982675649663138}, {""pred_label"": 2, ""gt_label"": 2, ""iou"": 0.5058701235171823}]",fpn_2,fpn_2,72x72,1,3,3,24x24,pooled_avg_pool_multi_way,False,False,False,,,,"[38038, 13931, 13567]",jpeg_color_clustering_bic,-1,5,9857,0.1504058837890625,8,3,7166,"{""1"": -110205.4384986393, ""2"": -185838.83599656794, ""3"": -216687.27204462737, ""4"": -288665.6075246704, ""5"": -312271.9625685781, ""6"": -296000.5173599788, ""7"": -350203.4394695371, ""8"": -351078.9652280933}","[21884, 17674, 16121, 6976, 1433, 714, 453, 281]","[21884, 17674, 16121]","[3, 4, 5, 6, 7]","[6976, 1433, 714, 453, 281]",bic,-351078.9652280933,ok
detexture_ade20k_multi,feature_cluster_coarse_global_pooled_oracle_k,training,22,training_ADE_train_00003145,detexture_multi_partition_v1,multi_partition_invariant,0.44312921050430853,0.11736051919045173,0.18962431634030136,2,8,2,1.0,0.723785400390625,47434,65536,18102,2,2,True,hungarian_iou_assignment,"[0.6464357688522285, 0.23982265215638857]","[{""pred_label"": 0, ""gt_label"": 0, ""iou"": 0.6464357688522285}, {""pred_label"": 1, ""gt_label"": 1, ""iou"": 0.23982265215638857}]",fpn_2,fpn_2,72x72,1,3,3,24x24,pooled_avg_pool_multi_way,False,False,False,,,,"[46471, 19065]",jpeg_color_clustering_bic,-1,6,18102,0.276214599609375,8,2,6427,"{""1"": -106358.31388279294, ""2"": -118327.9556957568, ""3"": -244205.19125682695, ""4"": -296377.9571135645, ""5"": -299222.6024646943, ""6"": -315131.8718536151, ""7"": -418184.3563046749, ""8"": -427306.692172308}","[27586, 19848, 7016, 5171, 2346, 2029, 928, 612]","[27586, 19848]","[2, 3, 4, 5, 6, 7]","[7016, 5171, 2346, 2029, 928, 612]",bic,-427306.692172308,ok
detexture_ade20k_multi,feature_cluster_coarse_global_pooled_oracle_k,training,23,training_ADE_train_00004349,detexture_multi_partition_v1,multi_partition_invariant,0.8996694200279773,0.7999358332299698,0.7451792667598711,2,8,2,1.0,0.8276740740740741,55868,67500,11632,2,2,True,hungarian_iou_assignment,"[0.9011261563212227, 0.898212683734732]","[{""pred_label"": 0, ""gt_label"": 0, ""iou"": 0.9011261563212227}, {""pred_label"": 1, ""gt_label"": 1, ""iou"": 0.898212683734732}]",fpn_2,fpn_2,72x72,1,3,3,24x24,pooled_avg_pool_multi_way,False,False,False,,,,"[36483, 31017]",jpeg_color_clustering_bic,-1,6,11632,0.17232592592592594,8,2,4323,"{""1"": -155180.14443293077, ""2"": -161300.7509116496, ""3"": -220916.4736705554, ""4"": -358992.5839630099, ""5"": -378711.200768734, ""6"": -381893.5067007651, ""7"": -454839.6568276925, ""8"": -463307.1011073379}","[29781, 26087, 6371, 2870, 1136, 663, 340, 252]","[29781, 26087]","[2, 3, 4, 5, 6, 7]","[6371, 2870, 1136, 663, 340, 252]",bic,-463307.1011073379,ok
detexture_ade20k_multi,feature_cluster_coarse_global_pooled_oracle_k,training,24,training_ADE_train_00004422,detexture_multi_partition_v1,multi_partition_invariant,0.5037640973566628,0.39563614566126726,0.4791811926317214,3,8,3,1.0,0.8983892215568863,300062,334000,33938,3,3,True,hungarian_iou_assignment,"[0.7072080672035546, 0.2890654427254084, 0.5150187821410255]","[{""pred_label"": 0, ""gt_label"": 1, ""iou"": 0.7072080672035546}, {""pred_label"": 1, ""gt_label"": 2, ""iou"": 0.2890654427254084}, {""pred_label"": 2, ""gt_label"": 0, ""iou"": 0.5150187821410255}]",fpn_2,fpn_2,72x72,1,3,3,24x24,pooled_avg_pool_multi_way,False,False,False,,,,"[132507, 111069, 90424]",jpeg_color_clustering_bic,-1,5,33938,0.10161077844311377,8,3,17565,"{""1"": -667824.6321483507, ""2"": -717763.5698338209, ""3"": -1068298.1818505009, ""4"": -1007945.836775372, ""5"": -1020235.9966291677, ""6"": -1759335.528413939, ""7"": -2241490.450142517, ""8"": -2263058.816172227}","[138292, 82376, 79394, 19245, 7206, 4066, 2374, 1047]","[138292, 82376, 79394]","[3, 4, 5, 6, 7]","[19245, 7206, 4066, 2374, 1047]",bic,-2263058.816172227,ok
detexture_ade20k_multi,feature_cluster_coarse_global_pooled_oracle_k,training,25,training_ADE_train_00004424,detexture_multi_partition_v1,multi_partition_invariant,0.9242437801213056,0.9131717777933749,0.8508173405240063,3,8,3,1.0,0.9089558919270834,357416,393216,35800,3,3,True,hungarian_iou_assignment,"[0.9708244863109883, 0.9174614493270346, 0.8844454047258942]","[{""pred_label"": 0, ""gt_label"": 0, ""iou"": 0.9708244863109883}, {""pred_label"": 1, ""gt_label"": 2, ""iou"": 0.9174614493270346}, {""pred_label"": 2, ""gt_label"": 1, ""iou"": 0.8844454047258942}]",fpn_2,fpn_2,72x72,1,3,3,24x24,pooled_avg_pool_multi_way,False,False,False,,,,"[189376, 107680, 96160]",jpeg_color_clustering_bic,-1,5,35800,0.09104410807291667,8,3,11567,"{""1"": -1075869.581014711, ""2"": -1180966.4742403745, ""3"": -1352234.9220331416, ""4"": -1384516.1157181254, ""5"": -1579034.349634128, ""6"": -1685086.2110462633, ""7"": -3039270.9912363808, ""8"": -3040420.358287277}","[174348, 97886, 85182, 26457, 6104, 2966, 258, 15]","[174348, 97886, 85182]","[3, 4, 5, 6, 7]","[26457, 6104, 2966, 258, 15]",bic,-3040420.358287277,ok
detexture_ade20k_multi,feature_cluster_coarse_global_pooled_oracle_k,training,26,training_ADE_train_00004427,detexture_multi_partition_v1,multi_partition_invariant,0.8961072150301824,0.8421756084359421,0.7812553812654258,3,8,3,1.0,0.9331194968553459,148366,159000,10634,3,3,True,hungarian_iou_assignment,"[0.9055979962429556, 0.9118186746736728, 0.8709049741739192]","[{""pred_label"": 0, ""gt_label"": 0, ""iou"": 0.9055979962429556}, {""pred_label"": 1, ""gt_label"": 1, ""iou"": 0.9118186746736728}, {""pred_label"": 2, ""gt_label"": 2, ""iou"": 0.8709049741739192}]",fpn_2,fpn_2,72x72,1,3,3,24x24,pooled_avg_pool_multi_way,False,False,False,,,,"[83258, 47617, 28125]",jpeg_color_clustering_bic,-1,5,10634,0.06688050314465409,8,3,10172,"{""1"": -397024.0596165448, ""2"": -428144.1291847881, ""3"": -674113.1161377277, ""4"": -463266.23433054413, ""5"": -1057920.4051452328, ""6"": -1125021.4246035193, ""7"": -1181652.0348778474, ""8"": -1195527.8874817637}","[75462, 46717, 26187, 4628, 2616, 1581, 1211, 598]","[75462, 46717, 26187]","[3, 4, 5, 6, 7]","[4628, 2616, 1581, 1211, 598]",bic,-1195527.8874817637,ok
detexture_ade20k_multi,feature_cluster_coarse_global_pooled_oracle_k,training,27,training_ADE_train_00004918,detexture_multi_partition_v1,multi_partition_invariant,0.9339097638582086,0.9059374000257837,0.8621918490051329,3,8,3,1.0,0.9423060918774967,362328,384512,22184,3,3,True,hungarian_iou_assignment,"[0.943864229765013, 0.9597604393784671, 0.8981046224311456]","[{""pred_label"": 0, ""gt_label"": 0, ""iou"": 0.943864229765013}, {""pred_label"": 1, ""gt_label"": 1, ""iou"": 0.9597604393784671}, {""pred_label"": 2, ""gt_label"": 2, ""iou"": 0.8981046224311456}]",fpn_2,fpn_2,72x72,1,3,3,24x24,pooled_avg_pool_multi_way,False,False,False,,,,"[190712, 109272, 84528]",jpeg_color_clustering_bic,-1,5,22184,0.05769390812250333,8,3,11235,"{""1"": -928747.4474053275, ""2"": -980742.1558613409, ""3"": -1210479.9557897823, ""4"": -1289379.0736277273, ""5"": -2626473.593084473, ""6"": -2642294.8956208536, ""7"": -2666446.8205347843, ""8"": -2675743.326022338}","[196429, 105698, 60201, 15150, 4325, 1328, 932, 449]","[196429, 105698, 60201]","[3, 4, 5, 6, 7]","[15150, 4325, 1328, 932, 449]",bic,-2675743.326022338,ok
detexture_ade20k_multi,feature_cluster_coarse_global_pooled_oracle_k,training,28,training_ADE_train_00004920,detexture_multi_partition_v1,multi_partition_invariant,0.6926035059546747,0.7571037456602652,0.6614635310215354,3,8,3,1.0,0.8979746500651041,353098,393216,40118,3,3,True,hungarian_iou_assignment,"[0.9373092030548349, 0.7094046550397538, 0.4310966597694354]","[{""pred_label"": 0, ""gt_label"": 0, ""iou"": 0.9373092030548349}, {""pred_label"": 1, ""gt_label"": 1, ""iou"": 0.7094046550397538}, {""pred_label"": 2, ""gt_label"": 2, ""iou"": 0.4310966597694354}]",fpn_2,fpn_2,72x72,1,3,3,24x24,pooled_avg_pool_multi_way,False,False,False,,,,"[195936, 109216, 88064]",jpeg_color_clustering_bic,-1,5,40118,0.10202534993489583,8,3,9796,"{""1"": -672765.0751528377, ""2"": -724331.2919807223, ""3"": -1508082.191342248, ""4"": -2038236.913892582, ""5"": -2543810.395252456, ""6"": -2773710.2990683694, ""7"": -2802693.6812419333, ""8"": -2868377.6886385866}","[180085, 114164, 58849, 23134, 10290, 4174, 1898, 622]","[180085, 114164, 58849]","[3, 4, 5, 6, 7]","[23134, 10290, 4174, 1898, 622]",bic,-2868377.6886385866,ok
detexture_ade20k_multi,feature_cluster_coarse_global_pooled_oracle_k,training,29,training_ADE_train_00005003,detexture_multi_partition_v1,multi_partition_invariant,0.4312076422429958,0.39342852948310664,0.4801869125370132,3,8,3,1.0,0.8485166666666667,50911,60000,9089,3,3,True,hungarian_iou_assignment,"[0.464111139696424, 0.7941119504164246, 0.03539983661613869]","[{""pred_label"": 0, ""gt_label"": 1, ""iou"": 0.464111139696424}, {""pred_label"": 1, ""gt_label"": 2, ""iou"": 0.7941119504164246}, {""pred_label"": 2, ""gt_label"": 0, ""iou"": 0.03539983661613869}]",fpn_2,fpn_2,72x72,1,3,3,24x24,pooled_avg_pool_multi_way,False,False,False,,,,"[35372, 16874, 7754]",jpeg_color_clustering_bic,-1,5,9089,0.15148333333333333,8,3,5754,"{""1"": -160364.1909882826, ""2"": -166180.74400795676, ""3"": -215307.19122948096, ""4"": -224098.8706485995, ""5"": -286691.65189667617, ""6"": -288049.074152684, ""7"": -420506.9292203444, ""8"": -427218.55692660756}","[21585, 16577, 12749, 6736, 1023, 761, 413, 156]","[21585, 16577, 12749]","[3, 4, 5, 6, 7]","[6736, 1023, 761, 413, 156]",bic,-427218.55692660756,ok
detexture_ade20k_multi,feature_cluster_coarse_global_pooled_oracle_k,training,30,training_ADE_train_00005004,detexture_multi_partition_v1,multi_partition_invariant,0.9866558085562616,0.9741179330354193,0.9488361458369594,2,8,2,1.0,0.6553432494279177,171831,262200,90369,2,2,True,hungarian_iou_assignment,"[0.984301060169908, 0.9890105569426151]","[{""pred_label"": 0, ""gt_label"": 1, ""iou"": 0.984301060169908}, {""pred_label"": 1, ""gt_label"": 0, ""iou"": 0.9890105569426151}]",fpn_2,fpn_2,72x72,1,3,3,24x24,pooled_avg_pool_multi_way,False,False,False,,,,"[134400, 127800]",jpeg_color_clustering_bic,-1,6,90369,0.3446567505720824,8,2,15412,"{""1"": -569065.2557633895, ""2"": -608453.11202328, ""3"": -744414.5783098993, ""4"": -853556.8421803478, ""5"": -1009987.9766610038, ""6"": -1087290.0543475437, ""7"": -1237312.98025237, ""8"": -1254661.1773480428}","[100616, 71215, 24777, 22473, 20652, 16879, 3265, 2323]","[100616, 71215]","[2, 3, 4, 5, 6, 7]","[24777, 22473, 20652, 16879, 3265, 2323]",bic,-1254661.1773480428,ok
detexture_ade20k_multi,feature_cluster_coarse_global_pooled_oracle_k,training,31,training_ADE_train_00005009,detexture_multi_partition_v1,multi_partition_invariant,0.9614441078868806,0.9451766989924943,0.9142309540975072,3,8,3,1.0,0.8788151041666666,67493,76800,9307,3,3,True,hungarian_iou_assignment,"[0.9749344843533221, 0.9397607451888979, 0.9696370941184219]","[{""pred_label"": 0, ""gt_label"": 0, ""iou"": 0.9749344843533221}, {""pred_label"": 1, ""gt_label"": 1, ""iou"": 0.9397607451888979}, {""pred_label"": 2, ""gt_label"": 2, ""iou"": 0.9696370941184219}]",fpn_2,fpn_2,72x72,1,3,3,24x24,pooled_avg_pool_multi_way,False,False,False,,,,"[32100, 28440, 16260]",jpeg_color_clustering_bic,-1,5,9307,0.12118489583333333,8,3,7090,"{""1"": -138468.21715365068, ""2"": -224804.15773216946, ""3"": -250312.25673813367, ""4"": -255021.3066662112, ""5"": -261873.02835714433, ""6"": -403534.4737627102, ""7"": -410748.4068950414, ""8"": -419546.4018405122}","[32434, 20115, 14944, 6450, 1184, 681, 618, 374]","[32434, 20115, 14944]","[3, 4, 5, 6, 7]","[6450, 1184, 681, 618, 374]",bic,-419546.4018405122,ok
detexture_ade20k_multi,feature_cluster_coarse_global_pooled_oracle_k,training,32,training_ADE_train_00005048,detexture_multi_partition_v1,multi_partition_invariant,0.9094225072795649,0.9041896641508081,0.8663161656889171,3,8,3,1.0,0.9486083984375,62168,65536,3368,3,3,True,hungarian_iou_assignment,"[0.9801006232634978, 0.9183708103521425, 0.8297960882230545]","[{""pred_label"": 0, ""gt_label"": 0, ""iou"": 0.9801006232634978}, {""pred_label"": 1, ""gt_label"": 1, ""iou"": 0.9183708103521425}, {""pred_label"": 2, ""gt_label"": 2, ""iou"": 0.8297960882230545}]",fpn_2,fpn_2,72x72,1,3,3,24x24,pooled_avg_pool_multi_way,False,False,False,,,,"[26763, 24380, 14393]",jpeg_color_clustering_bic,-1,5,3368,0.0513916015625,8,3,4140,"{""1"": -108768.03682135875, ""2"": -117843.46567754907, ""3"": -253918.58182130026, ""4"": -417132.1918478937, ""5"": -437523.60666409554, ""6"": -470652.0867467301, ""7"": -476122.984527747, ""8"": -485789.85501073586}","[26517, 21646, 14005, 1891, 739, 433, 186, 119]","[26517, 21646, 14005]","[3, 4, 5, 6, 7]","[1891, 739, 433, 186, 119]",bic,-485789.85501073586,ok
detexture_ade20k_multi,feature_cluster_coarse_global_pooled_oracle_k,training,33,training_ADE_train_00005054,detexture_multi_partition_v1,multi_partition_invariant,0.9509572276369296,0.9299723943322993,0.8972646455063319,3,8,3,1.0,0.966705322265625,63354,65536,2182,3,3,True,hungarian_iou_assignment,"[0.9744557101312583, 0.936774034104951, 0.9416419386745796]","[{""pred_label"": 0, ""gt_label"": 0, ""iou"": 0.9744557101312583}, {""pred_label"": 1, ""gt_label"": 1, ""iou"": 0.936774034104951}, {""pred_label"": 2, ""gt_label"": 2, ""iou"": 0.9416419386745796}]",fpn_2,fpn_2,72x72,1,3,3,24x24,pooled_avg_pool_multi_way,False,False,False,,,,"[25664, 23993, 15879]",jpeg_color_clustering_bic,-1,5,2182,0.033294677734375,8,3,4381,"{""1"": -110200.30248552062, ""2"": -112864.30829514377, ""3"": -251564.63566027567, ""4"": -416868.0131224145, ""5"": -439018.3100591657, ""6"": -470919.4043101713, ""7"": -475929.126673961, ""8"": -486316.7194613615}","[25226, 23848, 14280, 762, 560, 484, 277, 99]","[25226, 23848, 14280]","[3, 4, 5, 6, 7]","[762, 560, 484, 277, 99]",bic,-486316.7194613615,ok
detexture_ade20k_multi,feature_cluster_coarse_global_pooled_oracle_k,training,34,training_ADE_train_00005241,detexture_multi_partition_v1,multi_partition_invariant,0.5589690472131873,0.6369201260950419,0.6796652978186583,4,8,4,1.0,0.8395640055338541,330130,393216,63086,4,4,True,hungarian_iou_assignment,"[0.5147726213606154, 0.8467372884519198, 0.8567702849367437, 0.017595994103470063]","[{""pred_label"": 0, ""gt_label"": 1, ""iou"": 0.5147726213606154}, {""pred_label"": 1, ""gt_label"": 0, ""iou"": 0.8467372884519198}, {""pred_label"": 2, ""gt_label"": 3, ""iou"": 0.8567702849367437}, {""pred_label"": 3, ""gt_label"": 2, ""iou"": 0.017595994103470063}]",fpn_2,fpn_2,72x72,1,3,3,24x24,pooled_avg_pool_multi_way,False,False,False,,,,"[137280, 115264, 73920, 66752]",jpeg_color_clustering_bic,-1,4,63086,0.16043599446614584,8,4,11819,"{""1"": -556611.5758059454, ""2"": -861589.4214249386, ""3"": -901670.8207965726, ""4"": -1104763.0921366233, ""5"": -1695726.6910337133, ""6"": -2700491.291573857, ""7"": -2915724.7792144255, ""8"": -3009147.8600883097}","[133953, 79749, 60341, 56087, 44290, 15350, 1895, 1551]","[133953, 79749, 60341, 56087]","[4, 5, 6, 7]","[44290, 15350, 1895, 1551]",bic,-3009147.8600883097,ok
detexture_ade20k_multi,feature_cluster_coarse_global_pooled_oracle_k,training,35,training_ADE_train_00005346,detexture_multi_partition_v1,multi_partition_invariant,0.3852545402677479,0.3952897334258471,0.4498480505732703,3,8,3,1.0,0.7810276679841898,59280,75900,16620,3,3,True,hungarian_iou_assignment,"[0.4761869654969036, 0.6253573648228713, 0.05421929048346875]","[{""pred_label"": 0, ""gt_label"": 2, ""iou"": 0.4761869654969036}, {""pred_label"": 1, ""gt_label"": 0, ""iou"": 0.6253573648228713}, {""pred_label"": 2, ""gt_label"": 1, ""iou"": 0.05421929048346875}]",fpn_2,fpn_2,72x72,1,3,3,24x24,pooled_avg_pool_multi_way,False,False,False,,,,"[33079, 27787, 15034]",jpeg_color_clustering_bic,-1,5,16620,0.2189723320158103,8,3,7107,"{""1"": -129128.85067742341, ""2"": -210868.6229235663, ""3"": -229616.50179842702, ""4"": -315608.9949222634, ""5"": -401392.6002849277, ""6"": -430506.8589931727, ""7"": -469662.03127179696, ""8"": -471460.83142835763}","[30875, 15039, 13366, 7674, 6432, 1245, 1095, 174]","[30875, 15039, 13366]","[3, 4, 5, 6, 7]","[7674, 6432, 1245, 1095, 174]",bic,-471460.83142835763,ok
detexture_ade20k_multi,feature_cluster_coarse_global_pooled_oracle_k,training,36,training_ADE_train_00005383,detexture_multi_partition_v1,multi_partition_invariant,0.6537893358880603,0.6476438980726206,0.709179052104518,3,8,3,1.0,0.9622916666666667,115475,120000,4525,3,3,True,hungarian_iou_assignment,"[0.9874925424017728, 0.4206300967431495, 0.553245368519259]","[{""pred_label"": 0, ""gt_label"": 1, ""iou"": 0.9874925424017728}, {""pred_label"": 1, ""gt_label"": 2, ""iou"": 0.4206300967431495}, {""pred_label"": 2, ""gt_label"": 0, ""iou"": 0.553245368519259}]",fpn_2,fpn_2,72x72,1,3,3,24x24,pooled_avg_pool_multi_way,False,False,False,,,,"[47200, 41571, 31229]",jpeg_color_clustering_bic,-1,5,4525,0.03770833333333334,8,3,4336,"{""1"": -197971.97766342427, ""2"": -203354.6444739936, ""3"": -493250.0333754154, ""4"": -802793.9357063341, ""5"": -831543.1804824146, ""6"": -918600.8807581441, ""7"": -942986.3577090243, ""8"": -955376.728388006}","[52029, 46775, 16671, 1532, 1351, 1011, 492, 139]","[52029, 46775, 16671]","[3, 4, 5, 6, 7]","[1532, 1351, 1011, 492, 139]",bic,-955376.728388006,ok
detexture_ade20k_multi,feature_cluster_coarse_global_pooled_oracle_k,training,37,training_ADE_train_00005831,detexture_multi_partition_v1,multi_partition_invariant,0.8224122699537618,0.73269414505542,0.719955291131072,3,8,3,1.0,0.947174072265625,62074,65536,3462,3,3,True,hungarian_iou_assignment,"[0.8238140719516077, 0.8708169677926159, 0.7726057701170614]","[{""pred_label"": 0, ""gt_label"": 0, ""iou"": 0.8238140719516077}, {""pred_label"": 1, ""gt_label"": 1, ""iou"": 0.8708169677926159}, {""pred_label"": 2, ""gt_label"": 2, ""iou"": 0.7726057701170614}]",fpn_2,fpn_2,72x72,1,3,3,24x24,pooled_avg_pool_multi_way,False,False,False,,,,"[27033, 26809, 11694]",jpeg_color_clustering_bic,-1,5,3462,0.052825927734375,8,3,3944,"{""1"": -107267.81273950105, ""2"": -213603.14589183353, ""3"": -269472.9509502814, ""4"": -419626.86745036737, ""5"": -435872.8044952446, ""6"": -471782.94388620835, ""7"": -476250.87171817024, ""8"": -486649.34377583873}","[31396, 22171, 8507, 1562, 1183, 478, 158, 81]","[31396, 22171, 8507]","[3, 4, 5, 6, 7]","[1562, 1183, 478, 158, 81]",bic,-486649.34377583873,ok
detexture_ade20k_multi,feature_cluster_coarse_global_pooled_oracle_k,training,38,training_ADE_train_00005835,detexture_multi_partition_v1,multi_partition_invariant,0.9990806729146255,0.9981717870654675,0.9947045981684167,2,8,2,1.0,0.7008056640625,45928,65536,19608,2,2,True,hungarian_iou_assignment,"[0.999011066635272, 0.9991502791939791]","[{""pred_label"": 0, ""gt_label"": 1, ""iou"": 0.999011066635272}, {""pred_label"": 1, ""gt_label"": 0, ""iou"": 0.9991502791939791}]",fpn_2,fpn_2,72x72,1,3,3,24x24,pooled_avg_pool_multi_way,False,False,False,,,,"[38489, 27047]",jpeg_color_clustering_bic,-1,6,19608,0.2991943359375,8,2,5844,"{""1"": -118167.22853307684, ""2"": -120119.29985002884, ""3"": -206306.00064999645, ""4"": -284771.63056918717, ""5"": -309799.52464700706, ""6"": -310766.9015877787, ""7"": -319315.86474918836, ""8"": -439681.5300688547}","[24714, 21214, 7742, 6394, 3936, 864, 421, 251]","[24714, 21214]","[2, 3, 4, 5, 6, 7]","[7742, 6394, 3936, 864, 421, 251]",bic,-439681.5300688547,ok
detexture_ade20k_multi,feature_cluster_coarse_global_pooled_oracle_k,training,39,training_ADE_train_00005842,detexture_multi_partition_v1,multi_partition_invariant,0.8724158008826105,0.8696720991688045,0.8291757069578058,3,8,3,1.0,0.9486236572265625,62169,65536,3367,3,3,True,hungarian_iou_assignment,"[0.9143798719817479, 0.9741229275441972, 0.7287446031218864]","[{""pred_label"": 0, ""gt_label"": 0, ""iou"": 0.9143798719817479}, {""pred_label"": 1, ""gt_label"": 1, ""iou"": 0.9741229275441972}, {""pred_label"": 2, ""gt_label"": 2, ""iou"": 0.7287446031218864}]",fpn_2,fpn_2,72x72,1,3,3,24x24,pooled_avg_pool_multi_way,False,False,False,,,,"[29380, 23176, 12980]",jpeg_color_clustering_bic,-1,5,3367,0.0513763427734375,8,3,4311,"{""1"": -121439.16274473399, ""2"": -125849.11426730445, ""3"": -261393.76816166937, ""4"": -383724.35064053384, ""5"": -418438.47810336837, ""6"": -444320.0786223428, ""7"": -456986.3151898586, ""8"": -463869.9358805887}","[31507, 21531, 9131, 1048, 895, 721, 495, 208]","[31507, 21531, 9131]","[3, 4, 5, 6, 7]","[1048, 895, 721, 495, 208]",bic,-463869.9358805887,ok
detexture_ade20k_multi,feature_cluster_coarse_global_pooled_oracle_k,training,40,training_ADE_train_00005856,detexture_multi_partition_v1,multi_partition_invariant,0.7153796503375746,0.456610586007172,0.4870241359298489,2,8,2,1.0,0.783966064453125,51378,65536,14158,2,2,True,hungarian_iou_assignment,"[0.7552878965922444, 0.6754714040829047]","[{""pred_label"": 0, ""gt_label"": 0, ""iou"": 0.7552878965922444}, {""pred_label"": 1, ""gt_label"": 1, ""iou"": 0.6754714040829047}]",fpn_2,fpn_2,72x72,1,3,3,24x24,pooled_avg_pool_multi_way,False,False,False,,,,"[35084, 30452]",jpeg_color_clustering_bic,-1,6,14158,0.216033935546875,8,2,6859,"{""1"": -117853.06814888431, ""2"": -134208.69668800096, ""3"": -249984.26672988277, ""4"": -267750.74889919854, ""5"": -358535.62557712296, ""6"": -393558.70252617553, ""7"": -403563.25335392053, ""8"": -417110.8089451997}","[34040, 17338, 6740, 2803, 2005, 1360, 737, 513]","[34040, 17338]","[2, 3, 4, 5, 6, 7]","[6740, 2803, 2005, 1360, 737, 513]",bic,-417110.8089451997,ok
detexture_ade20k_multi,feature_cluster_coarse_global_pooled_oracle_k,training,41,training_ADE_train_00005871,detexture_multi_partition_v1,multi_partition_invariant,0.5133269597725314,0.2745704296329731,0.4299251361278796,3,8,3,1.0,0.8433837890625,55272,65536,10264,3,3,True,hungarian_iou_assignment,"[0.42481367821131083, 0.6910324423587023, 0.4241347587475811]","[{""pred_label"": 0, ""gt_label"": 2, ""iou"": 0.42481367821131083}, {""pred_label"": 1, ""gt_label"": 1, ""iou"": 0.6910324423587023}, {""pred_label"": 2, ""gt_label"": 0, ""iou"": 0.4241347587475811}]",fpn_2,fpn_2,72x72,1,3,3,24x24,pooled_avg_pool_multi_way,False,False,False,,,,"[28374, 20743, 16419]",jpeg_color_clustering_bic,-1,5,10264,0.1566162109375,8,3,10726,"{""1"": -121337.78100511248, ""2"": -142715.97391170496, ""3"": -180540.3018762042, ""4"": -211699.40269998554, ""5"": -301380.19405935245, ""6"": -346174.4615914238, ""7"": -359506.1336653136, ""8"": -379895.2487789883}","[31523, 13899, 9850, 3048, 2572, 2110, 1796, 738]","[31523, 13899, 9850]","[3, 4, 5, 6, 7]","[3048, 2572, 2110, 1796, 738]",bic,-379895.2487789883,ok
detexture_ade20k_multi,feature_cluster_coarse_global_pooled_oracle_k,training,42,training_ADE_train_00005884,detexture_multi_partition_v1,multi_partition_invariant,0.8529752223735062,0.7875145774013446,0.754772577255875,3,8,3,1.0,0.9180145263671875,60163,65536,5373,3,3,True,hungarian_iou_assignment,"[0.8943845444707202, 0.8840196648517207, 0.7805214577980778]","[{""pred_label"": 0, ""gt_label"": 0, ""iou"": 0.8943845444707202}, {""pred_label"": 1, ""gt_label"": 2, ""iou"": 0.8840196648517207}, {""pred_label"": 2, ""gt_label"": 1, ""iou"": 0.7805214577980778}]",fpn_2,fpn_2,72x72,1,3,3,24x24,pooled_avg_pool_multi_way,False,False,False,,,,"[22848, 22666, 20022]",jpeg_color_clustering_bic,-1,5,5373,0.0819854736328125,8,3,5267,"{""1"": -122561.68556951283, ""2"": -126340.0707384883, ""3"": -241933.33465354165, ""4"": -271890.5355767476, ""5"": -273375.8792815838, ""6"": -277688.8134553015, ""7"": -456480.41615165985, ""8"": -460910.91674029705}","[24564, 18876, 16723, 2571, 1563, 632, 487, 120]","[24564, 18876, 16723]","[3, 4, 5, 6, 7]","[2571, 1563, 632, 487, 120]",bic,-460910.91674029705,ok
detexture_ade20k_multi,feature_cluster_coarse_global_pooled_oracle_k,training,43,training_ADE_train_00005885,detexture_multi_partition_v1,multi_partition_invariant,0.870790393282061,0.8911468100663344,0.8300607006957492,3,8,3,1.0,0.725372314453125,47538,65536,17998,3,3,True,hungarian_iou_assignment,"[0.9952091710154847, 0.7867957309506081, 0.83036627788009]","[{""pred_label"": 0, ""gt_label"": 0, ""iou"": 0.9952091710154847}, {""pred_label"": 1, ""gt_label"": 2, ""iou"": 0.7867957309506081}, {""pred_label"": 2, ""gt_label"": 1, ""iou"": 0.83036627788009}]",fpn_2,fpn_2,72x72,1,3,3,24x24,pooled_avg_pool_multi_way,False,False,False,,,,"[28206, 21011, 16319]",jpeg_color_clustering_bic,-1,5,17998,0.274627685546875,8,3,6340,"{""1"": -129106.6793283829, ""2"": -133118.24166528258, ""3"": -201099.32333465645, ""4"": -227063.10312831122, ""5"": -274229.3228357399, ""6"": -320576.60886424966, ""7"": -355659.32959512324, ""8"": -442785.82051906706}","[23347, 12797, 11394, 6040, 4665, 3440, 3227, 626]","[23347, 12797, 11394]","[3, 4, 5, 6, 7]","[6040, 4665, 3440, 3227, 626]",bic,-442785.82051906706,ok
detexture_ade20k_multi,feature_cluster_coarse_global_pooled_oracle_k,training,44,training_ADE_train_00006233,detexture_multi_partition_v1,multi_partition_invariant,0.8468805553282022,0.8071978740176731,0.7498176905787056,3,8,3,1.0,0.9336909773060029,326508,349696,23188,3,3,True,hungarian_iou_assignment,"[0.921477829704776, 0.8572960020179089, 0.7618678342619215]","[{""pred_label"": 0, ""gt_label"": 0, ""iou"": 0.921477829704776}, {""pred_label"": 1, ""gt_label"": 1, ""iou"": 0.8572960020179089}, {""pred_label"": 2, ""gt_label"": 2, ""iou"": 0.7618678342619215}]",fpn_2,fpn_2,72x72,1,3,3,24x24,pooled_avg_pool_multi_way,False,False,False,,,,"[138183, 137562, 73951]",jpeg_color_clustering_bic,-1,5,23188,0.06630902269399708,8,3,13871,"{""1"": -805255.4943927524, ""2"": -845245.0528831844, ""3"": -1108238.4657578191, ""4"": -1991577.1670819086, ""5"": -2299406.8614654513, ""6"": -2311833.394390454, ""7"": -2392857.04214856, ""8"": -2407949.5878705317}","[136412, 113511, 76585, 11513, 4162, 3734, 2193, 1586]","[136412, 113511, 76585]","[3, 4, 5, 6, 7]","[11513, 4162, 3734, 2193, 1586]",bic,-2407949.5878705317,ok
detexture_ade20k_multi,feature_cluster_coarse_global_pooled_oracle_k,training,45,training_ADE_train_00006236,detexture_multi_partition_v1,multi_partition_invariant,0.32486743449876887,0.008105783230107267,0.014158778841658328,2,8,2,1.0,0.8756901041666667,67253,76800,9547,2,2,True,hungarian_iou_assignment,"[0.5091639225764999, 0.14057094642103782]","[{""pred_label"": 0, ""gt_label"": 0, ""iou"": 0.5091639225764999}, {""pred_label"": 1, ""gt_label"": 1, ""iou"": 0.14057094642103782}]",fpn_2,fpn_2,72x72,1,3,3,24x24,pooled_avg_pool_multi_way,False,False,False,,,,"[67440, 9360]",jpeg_color_clustering_bic,-1,6,9547,0.12430989583333334,8,2,5425,"{""1"": -190941.16760028765, ""2"": -206696.69128251047, ""3"": -339662.14006620774, ""4"": -350182.07482378185, ""5"": -470850.2649484397, ""6"": -477230.9859867291, ""7"": -492319.7105974047, ""8"": -513409.4615427202}","[34274, 32979, 6558, 1386, 786, 447, 265, 105]","[34274, 32979]","[2, 3, 4, 5, 6, 7]","[6558, 1386, 786, 447, 265, 105]",bic,-513409.4615427202,ok
detexture_ade20k_multi,feature_cluster_coarse_global_pooled_oracle_k,training,46,training_ADE_train_00006237,detexture_multi_partition_v1,multi_partition_invariant,0.9695877055114079,0.9443166836015805,0.8872104194129334,2,8,2,1.0,0.8897596656217346,68120,76560,8440,2,2,True,hungarian_iou_assignment,"[0.9788457269700332, 0.9603296840527827]","[{""pred_label"": 0, ""gt_label"": 0, ""iou"": 0.9788457269700332}, {""pred_label"": 1, ""gt_label"": 1, ""iou"": 0.9603296840527827}]",fpn_2,fpn_2,72x72,1,3,3,24x24,pooled_avg_pool_multi_way,False,False,False,,,,"[45320, 31240]",jpeg_color_clustering_bic,-1,6,8440,0.11024033437826541,8,2,4546,"{""1"": -179553.84275992552, ""2"": -193969.1822002255, ""3"": -337633.32820975996, ""4"": -458796.46695655247, ""5"": -476613.60120475106, ""6"": -497519.4109324572, ""7"": -500711.1227050488, ""8"": -517314.645579025}","[44653, 23467, 6406, 1318, 285, 246, 114, 71]","[44653, 23467]","[2, 3, 4, 5, 6, 7]","[6406, 1318, 285, 246, 114, 71]",bic,-517314.645579025,ok
detexture_ade20k_multi,feature_cluster_coarse_global_pooled_oracle_k,training,47,training_ADE_train_00006249,detexture_multi_partition_v1,multi_partition_invariant,0.8659539456865941,0.7532365346507937,0.6927500791287006,2,8,2,1.0,0.71375,85650,120000,34350,2,2,True,hungarian_iou_assignment,"[0.8273080002463509, 0.9045998911268373]","[{""pred_label"": 0, ""gt_label"": 1, ""iou"": 0.8273080002463509}, {""pred_label"": 1, ""gt_label"": 0, ""iou"": 0.9045998911268373}]",fpn_2,fpn_2,72x72,1,3,3,24x24,pooled_avg_pool_multi_way,False,False,False,,,,"[64992, 55008]",jpeg_color_clustering_bic,-1,6,34350,0.28625,8,2,8607,"{""1"": -243318.61518637947, ""2"": -266153.85246430134, ""3"": -367246.3347404618, ""4"": -454822.4364479382, ""5"": -519576.1349800847, ""6"": -616789.8798455375, ""7"": -732831.7924280448, ""8"": -736785.9940555214}","[58752, 26898, 11852, 7662, 6343, 5865, 2560, 68]","[58752, 26898]","[2, 3, 4, 5, 6, 7]","[11852, 7662, 6343, 5865, 2560, 68]",bic,-736785.9940555214,ok
detexture_ade20k_multi,feature_cluster_coarse_global_pooled_oracle_k,training,48,training_ADE_train_00006377,detexture_multi_partition_v1,multi_partition_invariant,0.8606263668734263,0.816515744233408,0.7696082448460202,3,8,3,1.0,0.9813609535139092,343178,349696,6518,3,3,True,hungarian_iou_assignment,"[0.9065202401003809, 0.9226900248287032, 0.7526688356911947]","[{""pred_label"": 0, ""gt_label"": 0, ""iou"": 0.9065202401003809}, {""pred_label"": 1, ""gt_label"": 1, ""iou"": 0.9226900248287032}, {""pred_label"": 2, ""gt_label"": 2, ""iou"": 0.7526688356911947}]",fpn_2,fpn_2,72x72,1,3,3,24x24,pooled_avg_pool_multi_way,False,False,False,,,,"[178624, 91489, 79583]",jpeg_color_clustering_bic,-1,5,6518,0.018639046486090775,8,3,7571,"{""1"": -738779.5191748906, ""2"": -766296.4326915735, ""3"": -1563948.04995328, ""4"": -2680676.6237051394, ""5"": -2785515.047453221, ""6"": -2882544.1830250146, ""7"": -2931210.208505357, ""8"": -2948392.70184431}","[161506, 91243, 90429, 3185, 1309, 947, 629, 448]","[161506, 91243, 90429]","[3, 4, 5, 6, 7]","[3185, 1309, 947, 629, 448]",bic,-2948392.70184431,ok
detexture_ade20k_multi,feature_cluster_coarse_global_pooled_oracle_k,training,49,training_ADE_train_00006467,detexture_multi_partition_v1,multi_partition_invariant,0.4994452209454761,0.5412466744777473,0.48837027496995916,3,8,3,1.0,0.9442291259765625,61881,65536,3655,3,3,True,hungarian_iou_assignment,"[0.885295355689631, 0.22423184951910802, 0.3888084576276893]","[{""pred_label"": 0, ""gt_label"": 0, ""iou"": 0.885295355689631}, {""pred_label"": 1, ""gt_label"": 2, ""iou"": 0.22423184951910802}, {""pred_label"": 2, ""gt_label"": 1, ""iou"": 0.3888084576276893}]",fpn_2,fpn_2,72x72,1,3,3,24x24,pooled_avg_pool_multi_way,False,False,False,,,,"[26980, 19804, 18752]",jpeg_color_clustering_bic,-1,5,3655,0.0557708740234375,8,3,6564,"{""1"": -109494.96537482094, ""2"": -114463.03892974404, ""3"": -277920.4585482257, ""4"": -367722.8769346817, ""5"": -386690.4158857664, ""6"": -413860.23689654935, ""7"": -439410.6620916086, ""8"": -448717.7853826494}","[27059, 23767, 11055, 1034, 888, 854, 486, 393]","[27059, 23767, 11055]","[3, 4, 5, 6, 7]","[1034, 888, 854, 486, 393]",bic,-448717.7853826494,ok
detexture_ade20k_multi,feature_cluster_coarse_global_pooled_oracle_k,training,50,training_ADE_train_00006468,detexture_multi_partition_v1,multi_partition_invariant,0.8680025011155212,0.8113302084480062,0.7790647747463324,3,8,3,1.0,0.877685546875,57520,65536,8016,3,3,True,hungarian_iou_assignment,"[0.8323872524918429, 0.9758802466679929, 0.7957400041867281]","[{""pred_label"": 0, ""gt_label"": 0, ""iou"": 0.8323872524918429}, {""pred_label"": 1, ""gt_label"": 1, ""iou"": 0.9758802466679929}, {""pred_label"": 2, ""gt_label"": 2, ""iou"": 0.7957400041867281}]",fpn_2,fpn_2,72x72,1,3,3,24x24,pooled_avg_pool_multi_way,False,False,False,,,,"[22066, 21940, 21530]",jpeg_color_clustering_bic,-1,5,8016,0.122314453125,8,3,6827,"{""1"": -130582.77867401426, ""2"": -153029.86324611894, ""3"": -223057.12040379908, ""4"": -230959.6113278354, ""5"": -350193.76581382833, ""6"": -387148.7570469661, ""7"": -393101.2872282912, ""8"": -394526.9507039894}","[21567, 19788, 16165, 2840, 2669, 1960, 333, 214]","[21567, 19788, 16165]","[3, 4, 5, 6, 7]","[2840, 2669, 1960, 333, 214]",bic,-394526.9507039894,ok
detexture_ade20k_multi,feature_cluster_coarse_global_pooled_oracle_k,training,51,training_ADE_train_00006473,detexture_multi_partition_v1,multi_partition_invariant,0.4740700717118013,0.443962336309128,0.40674780427670876,3,8,3,1.0,0.8868865966796875,58123,65536,7413,3,3,True,hungarian_iou_assignment,"[0.7922100324294487, 0.3013339009507592, 0.3286662817551963]","[{""pred_label"": 0, ""gt_label"": 0, ""iou"": 0.7922100324294487}, {""pred_label"": 1, ""gt_label"": 1, ""iou"": 0.3013339009507592}, {""pred_label"": 2, ""gt_label"": 2, ""iou"": 0.3286662817551963}]",fpn_2,fpn_2,72x72,1,3,3,24x24,pooled_avg_pool_multi_way,False,False,False,,,,"[25553, 21095, 18888]",jpeg_color_clustering_bic,-1,5,7413,0.1131134033203125,8,3,9794,"{""1"": -124674.68803367227, ""2"": -136542.52245689888, ""3"": -212336.77085341292, ""4"": -270100.1116881807, ""5"": -295918.6249550005, ""6"": -313877.42567196436, ""7"": -319128.61673051794, ""8"": -326127.11158356897}","[27232, 20335, 10556, 2731, 1789, 1434, 881, 578]","[27232, 20335, 10556]","[3, 4, 5, 6, 7]","[2731, 1789, 1434, 881, 578]",bic,-326127.11158356897,ok
detexture_ade20k_multi,feature_cluster_coarse_global_pooled_oracle_k,training,52,training_ADE_train_00006480,detexture_multi_partition_v1,multi_partition_invariant,0.9506259680725362,0.9018367081609866,0.8422499261079802,2,8,2,1.0,0.777303094233474,88426,113760,25334,2,2,True,hungarian_iou_assignment,"[0.9542304924437134, 0.947021443701359]","[{""pred_label"": 0, ""gt_label"": 0, ""iou"": 0.9542304924437134}, {""pred_label"": 1, ""gt_label"": 1, ""iou"": 0.947021443701359}]",fpn_2,fpn_2,72x72,1,3,3,24x24,pooled_avg_pool_multi_way,False,False,False,,,,"[60180, 53580]",jpeg_color_clustering_bic,-1,6,25334,0.222696905766526,8,2,8801,"{""1"": -229770.4028221648, ""2"": -254643.5166741917, ""3"": -459471.1374690055, ""4"": -534530.9705232404, ""5"": -555006.091519797, ""6"": -714266.1761071949, ""7"": -724296.4523980618, ""8"": -733373.63020599}","[46651, 41775, 12741, 7873, 3520, 621, 343, 236]","[46651, 41775]","[2, 3, 4, 5, 6, 7]","[12741, 7873, 3520, 621, 343, 236]",bic,-733373.63020599,ok
detexture_ade20k_multi,feature_cluster_coarse_global_pooled_oracle_k,training,53,training_ADE_train_00006481,detexture_multi_partition_v1,multi_partition_invariant,0.6008052712524709,0.556765933050066,0.5940747777989465,4,8,4,1.0,0.9704444444444444,165946,171000,5054,4,4,True,hungarian_iou_assignment,"[0.9305697445972495, 0.7612145359620801, 0.4127678242902833, 0.2986689801602703]","[{""pred_label"": 0, ""gt_label"": 1, ""iou"": 0.9305697445972495}, {""pred_label"": 1, ""gt_label"": 2, ""iou"": 0.7612145359620801}, {""pred_label"": 2, ""gt_label"": 0, ""iou"": 0.4127678242902833}, {""pred_label"": 3, ""gt_label"": 3, ""iou"": 0.2986689801602703}]",fpn_2,fpn_2,72x72,1,3,3,24x24,pooled_avg_pool_multi_way,False,False,False,,,,"[51132, 45330, 43812, 30726]",jpeg_color_clustering_bic,-1,4,5054,0.029555555555555557,8,4,8090,"{""1"": -360850.46872514795, ""2"": -389927.2191913204, ""3"": -506665.1132015607, ""4"": -713928.3183478791, ""5"": -1183565.9275086294, ""6"": -1207418.9536961084, ""7"": -1220362.1877422575, ""8"": -1234170.500816002}","[56686, 48052, 34327, 26881, 3065, 960, 602, 427]","[56686, 48052, 34327, 26881]","[4, 5, 6, 7]","[3065, 960, 602, 427]",bic,-1234170.500816002,ok
detexture_ade20k_multi,feature_cluster_coarse_global_pooled_oracle_k,training,54,training_ADE_train_00006484,detexture_multi_partition_v1,multi_partition_invariant,0.6274636636315375,0.34874715070160295,0.46356699235014115,3,8,3,1.0,0.8994191329179647,55433,61632,6199,3,3,True,hungarian_iou_assignment,"[0.5430145217826741, 0.5510765002290426, 0.788299968882896]","[{""pred_label"": 0, ""gt_label"": 1, ""iou"": 0.5430145217826741}, {""pred_label"": 1, ""gt_label"": 0, ""iou"": 0.5510765002290426}, {""pred_label"": 2, ""gt_label"": 2, ""iou"": 0.788299968882896}]",fpn_2,fpn_2,72x72,1,3,3,24x24,pooled_avg_pool_multi_way,False,False,False,,,,"[30348, 17940, 13344]",jpeg_color_clustering_bic,-1,5,6199,0.1005808670820353,8,3,7113,"{""1"": -139763.31875308158, ""2"": -150041.62944181176, ""3"": -194772.66502633723, ""4"": -302519.3312379879, ""5"": -306937.70349031565, ""6"": -349900.35247369227, ""7"": -392906.97878788353, ""8"": -396620.66064594314}","[29980, 17728, 7725, 2105, 1897, 1019, 927, 251]","[29980, 17728, 7725]","[3, 4, 5, 6, 7]","[2105, 1897, 1019, 927, 251]",bic,-396620.66064594314,ok
detexture_ade20k_multi,feature_cluster_coarse_global_pooled_oracle_k,training,55,training_ADE_train_00006485,detexture_multi_partition_v1,multi_partition_invariant,0.2813242275299227,0.17240751174717908,0.20524323861894261,3,8,3,1.0,0.9552747845736159,226595,237204,10609,3,3,True,hungarian_iou_assignment,"[0.45236937666936766, 0.16547315762656908, 0.22613014829383138]","[{""pred_label"": 0, ""gt_label"": 0, ""iou"": 0.45236937666936766}, {""pred_label"": 1, ""gt_label"": 1, ""iou"": 0.16547315762656908}, {""pred_label"": 2, ""gt_label"": 2, ""iou"": 0.22613014829383138}]",fpn_2,fpn_2,72x72,1,3,3,24x24,pooled_avg_pool_multi_way,False,False,False,,,,"[91287, 84625, 61292]",jpeg_color_clustering_bic,-1,5,10609,0.04472521542638404,8,3,13819,"{""1"": -584451.938245002, ""2"": -644278.4047776205, ""3"": -818819.2713688529, ""4"": -841690.8344645135, ""5"": -851281.0291012964, ""6"": -1013857.4796847389, ""7"": -1039755.7050609129, ""8"": -1043690.4870180517}","[152022, 44890, 29683, 4617, 2423, 2410, 807, 352]","[152022, 44890, 29683]","[3, 4, 5, 6, 7]","[4617, 2423, 2410, 807, 352]",bic,-1043690.4870180517,ok
detexture_ade20k_multi,feature_cluster_coarse_global_pooled_oracle_k,training,56,training_ADE_train_00006487,detexture_multi_partition_v1,multi_partition_invariant,0.8439894174580476,0.7032625450829163,0.63197683902067,2,8,2,1.0,0.7948455810546875,52091,65536,13445,2,2,True,hungarian_iou_assignment,"[0.877074171797127, 0.8109046631189681]","[{""pred_label"": 0, ""gt_label"": 0, ""iou"": 0.877074171797127}, {""pred_label"": 1, ""gt_label"": 1, ""iou"": 0.8109046631189681}]",fpn_2,fpn_2,72x72,1,3,3,24x24,pooled_avg_pool_multi_way,False,False,False,,,,"[40864, 24672]",jpeg_color_clustering_bic,-1,6,13445,0.2051544189453125,8,2,7095,"{""1"": -132701.9748179892, ""2"": -209495.3737959423, ""3"": -252312.75113226005, ""4"": -237289.9633862931, ""5"": -289449.77035376267, ""6"": -352633.475107194, ""7"": -398230.13660285564, ""8"": -404754.3005470809}","[33824, 18267, 5538, 3212, 2501, 1197, 787, 210]","[33824, 18267]","[2, 3, 4, 5, 6, 7]","[5538, 3212, 2501, 1197, 787, 210]",bic,-404754.3005470809,ok
detexture_ade20k_multi,feature_cluster_coarse_global_pooled_oracle_k,training,57,training_ADE_train_00006492,detexture_multi_partition_v1,multi_partition_invariant,0.5564307455680869,0.38121852158140485,0.443327588816211,4,8,4,1.0,0.8984036006341789,344527,383488,38961,4,4,True,hungarian_iou_assignment,"[0.45859548540014644, 0.5133355247497818, 0.4930684579105331, 0.7607235142118863]","[{""pred_label"": 0, ""gt_label"": 0, ""iou"": 0.45859548540014644}, {""pred_label"": 1, ""gt_label"": 3, ""iou"": 0.5133355247497818}, {""pred_label"": 2, ""gt_label"": 1, ""iou"": 0.4930684579105331}, {""pred_label"": 3, ""gt_label"": 2, ""iou"": 0.7607235142118863}]",fpn_2,fpn_2,72x72,1,3,3,24x24,pooled_avg_pool_multi_way,False,False,False,,,,"[119386, 105586, 81524, 76992]",jpeg_color_clustering_bic,-1,4,38961,0.1015963993658211,8,4,32036,"{""1"": -734073.8546450785, ""2"": -806927.2631360505, ""3"": -1039858.2277699648, ""4"": -1088193.8429622673, ""5"": -1204035.993953381, ""6"": -1500658.7212349323, ""7"": -1527105.055858699, ""8"": -1528824.7203282707}","[124072, 90034, 81473, 48948, 22826, 9268, 4896, 1971]","[124072, 90034, 81473, 48948]","[4, 5, 6, 7]","[22826, 9268, 4896, 1971]",bic,-1528824.7203282707,ok
detexture_ade20k_multi,feature_cluster_coarse_global_pooled_oracle_k,training,58,training_ADE_train_00006495,detexture_multi_partition_v1,multi_partition_invariant,0.44182041846870707,0.5059498460464099,0.551242334066083,4,8,4,1.0,0.9243621826171875,60579,65536,4957,4,4,True,hungarian_iou_assignment,"[0.7625356002416501, 0.53882380414899, 0.01642121112313556, 0.4495010583610523]","[{""pred_label"": 0, ""gt_label"": 0, ""iou"": 0.7625356002416501}, {""pred_label"": 1, ""gt_label"": 1, ""iou"": 0.53882380414899}, {""pred_label"": 2, ""gt_label"": 3, ""iou"": 0.01642121112313556}, {""pred_label"": 3, ""gt_label"": 2, ""iou"": 0.4495010583610523}]",fpn_2,fpn_2,72x72,1,3,3,24x24,pooled_avg_pool_multi_way,False,False,False,,,,"[25273, 23926, 9934, 6403]",jpeg_color_clustering_bic,-1,4,4957,0.0756378173828125,8,4,9478,"{""1"": -139363.72504002808, ""2"": -184962.96795130376, ""3"": -188103.21696612783, ""4"": -226474.20556063188, ""5"": -237955.0476429436, ""6"": -239427.69809417264, ""7"": -310097.93690757785, ""8"": -310243.7146430192}","[19036, 16434, 13132, 11977, 3374, 1416, 156, 11]","[19036, 16434, 13132, 11977]","[4, 5, 6, 7]","[3374, 1416, 156, 11]",bic,-310243.7146430192,ok
detexture_ade20k_multi,feature_cluster_coarse_global_pooled_oracle_k,training,59,training_ADE_train_00006497,detexture_multi_partition_v1,multi_partition_invariant,0.6973884947607383,0.47025797859410046,0.525450583966606,3,8,3,1.0,0.8094635009765625,53049,65536,12487,3,3,True,hungarian_iou_assignment,"[0.6419882055602358, 0.5987640889507811, 0.8514131897711978]","[{""pred_label"": 0, ""gt_label"": 0, ""iou"": 0.6419882055602358}, {""pred_label"": 1, ""gt_label"": 1, ""iou"": 0.5987640889507811}, {""pred_label"": 2, ""gt_label"": 2, ""iou"": 0.8514131897711978}]",fpn_2,fpn_2,72x72,1,3,3,24x24,pooled_avg_pool_multi_way,False,False,False,,,,"[27758, 25845, 11933]",jpeg_color_clustering_bic,-1,5,12487,0.1905364990234375,8,3,7625,"{""1"": -133661.47240623683, ""2"": -146555.71268169527, ""3"": -170342.03201384016, ""4"": -236278.57457350998, ""5"": -271768.9153706691, ""6"": -318769.66981513874, ""7"": -319986.304241584, ""8"": -331541.7544205214}","[22330, 21230, 9489, 5086, 4462, 1315, 1285, 339]","[22330, 21230, 9489]","[3, 4, 5, 6, 7]","[5086, 4462, 1315, 1285, 339]",bic,-331541.7544205214,ok
detexture_ade20k_multi,feature_cluster_coarse_global_pooled_oracle_k,training,60,training_ADE_train_00006499,detexture_multi_partition_v1,multi_partition_invariant,0.9639142704532719,0.9279248481618346,0.8678162747980673,2,8,2,1.0,0.77227783203125,50612,65536,14924,2,2,True,hungarian_iou_assignment,"[0.9650659948106645, 0.9627625460958794]","[{""pred_label"": 0, ""gt_label"": 0, ""iou"": 0.9650659948106645}, {""pred_label"": 1, ""gt_label"": 1, ""iou"": 0.9627625460958794}]",fpn_2,fpn_2,72x72,1,3,3,24x24,pooled_avg_pool_multi_way,False,False,False,,,,"[33938, 31598]",jpeg_color_clustering_bic,-1,6,14924,0.22772216796875,8,2,8829,"{""1"": -139028.66364735793, ""2"": -158810.21139402443, ""3"": -213695.9463548094, ""4"": -226894.3534038063, ""5"": -393771.97233002295, ""6"": -410573.85998191393, ""7"": -424576.5708894232, ""8"": -443324.5065863153}","[26139, 24473, 5426, 4202, 2361, 1320, 820, 795]","[26139, 24473]","[2, 3, 4, 5, 6, 7]","[5426, 4202, 2361, 1320, 820, 795]",bic,-443324.5065863153,ok
detexture_ade20k_multi,feature_cluster_coarse_global_pooled_oracle_k,training,61,training_ADE_train_00006500,detexture_multi_partition_v1,multi_partition_invariant,0.384933362380826,0.3320943818735984,0.3247140129050496,3,8,3,1.0,0.8533981555733761,119189,139664,20475,3,3,True,hungarian_iou_assignment,"[0.6616168288780259, 0.4084675506795075, 0.08471570758494451]","[{""pred_label"": 0, ""gt_label"": 0, ""iou"": 0.6616168288780259}, {""pred_label"": 1, ""gt_label"": 2, ""iou"": 0.4084675506795075}, {""pred_label"": 2, ""gt_label"": 1, ""iou"": 0.08471570758494451}]",fpn_2,fpn_2,72x72,1,3,3,24x24,pooled_avg_pool_multi_way,False,False,False,,,,"[66166, 43911, 29587]",jpeg_color_clustering_bic,-1,5,20475,0.14660184442662388,8,3,9236,"{""1"": -288876.0813500697, ""2"": -378971.9093957093, ""3"": -360527.9939467796, ""4"": -509841.7958844204, ""5"": -769887.1263834515, ""6"": -969351.1153455073, ""7"": -974277.268839763, ""8"": -1031990.6807982539}","[48669, 45041, 25479, 9695, 6860, 2169, 1422, 329]","[48669, 45041, 25479]","[3, 4, 5, 6, 7]","[9695, 6860, 2169, 1422, 329]",bic,-1031990.6807982539,ok
detexture_ade20k_multi,feature_cluster_coarse_global_pooled_oracle_k,training,62,training_ADE_train_00006503,detexture_multi_partition_v1,multi_partition_invariant,0.9098528507623517,0.861284009179288,0.8128663158194543,3,8,3,1.0,0.88653564453125,58100,65536,7436,3,3,True,hungarian_iou_assignment,"[0.9013649240278135, 0.9352797154340093, 0.8929139128252321]","[{""pred_label"": 0, ""gt_label"": 0, ""iou"": 0.9013649240278135}, {""pred_label"": 1, ""gt_label"": 1, ""iou"": 0.9352797154340093}, {""pred_label"": 2, ""gt_label"": 2, ""iou"": 0.8929139128252321}]",fpn_2,fpn_2,72x72,1,3,3,24x24,pooled_avg_pool_multi_way,False,False,False,,,,"[26724, 21799, 17013]",jpeg_color_clustering_bic,-1,5,7436,0.11346435546875,8,3,9424,"{""1"": -121131.67711236617, ""2"": -139193.01329643495, ""3"": -220942.00878188055, ""4"": -233357.26145829365, ""5"": -363865.62760585756, ""6"": -376220.8200303523, ""7"": -385463.47733244614, ""8"": -412331.92532596755}","[26332, 20912, 10856, 3459, 1718, 1039, 631, 589]","[26332, 20912, 10856]","[3, 4, 5, 6, 7]","[3459, 1718, 1039, 631, 589]",bic,-412331.92532596755,ok
detexture_ade20k_multi,feature_cluster_coarse_global_pooled_oracle_k,training,63,training_ADE_train_00006505,detexture_multi_partition_v1,multi_partition_invariant,0.8153331001818689,0.6442816591844066,0.5408923377388533,2,8,2,1.0,0.8024704391891891,212828,265216,52388,2,2,True,hungarian_iou_assignment,"[0.7841959049284906, 0.8464702954352473]","[{""pred_label"": 0, ""gt_label"": 1, ""iou"": 0.7841959049284906}, {""pred_label"": 1, ""gt_label"": 0, ""iou"": 0.8464702954352473}]",fpn_2,fpn_2,72x72,1,3,3,24x24,pooled_avg_pool_multi_way,False,False,False,,,,"[137439, 127777]",jpeg_color_clustering_bic,-1,6,52388,0.1975295608108108,8,2,11628,"{""1"": -600740.9679885387, ""2"": -639251.8602681401, ""3"": -1070897.5839056885, ""4"": -1097792.486960913, ""5"": -1297253.2542371217, ""6"": -1703812.7025206406, ""7"": -1848624.831520576, ""8"": -1853884.466120386}","[131044, 81784, 22450, 21945, 4507, 1988, 1290, 208]","[131044, 81784]","[2, 3, 4, 5, 6, 7]","[22450, 21945, 4507, 1988, 1290, 208]",bic,-1853884.466120386,ok
detexture_ade20k_multi,feature_cluster_coarse_global_pooled_oracle_k,training,64,training_ADE_train_00006687,detexture_multi_partition_v1,multi_partition_invariant,0.7471284546183626,0.632350688151029,0.7068277632749661,3,8,3,1.0,0.9606781005859375,62959,65536,2577,3,3,True,hungarian_iou_assignment,"[0.7718100592310009, 0.4854419712907538, 0.9841333333333333]","[{""pred_label"": 0, ""gt_label"": 0, ""iou"": 0.7718100592310009}, {""pred_label"": 1, ""gt_label"": 2, ""iou"": 0.4854419712907538}, {""pred_label"": 2, ""gt_label"": 1, ""iou"": 0.9841333333333333}]",fpn_2,fpn_2,72x72,1,3,3,24x24,pooled_avg_pool_multi_way,False,False,False,,,,"[31449, 17703, 16384]",jpeg_color_clustering_bic,-1,5,2577,0.0393218994140625,8,3,2237,"{""1"": -122715.60765696493, ""2"": -126535.71317431633, ""3"": -267578.3640186235, ""4"": -415076.4028625176, ""5"": -436140.92851909075, ""6"": -478431.4452559632, ""7"": -485014.6751188745, ""8"": -492607.80060775904}","[39826, 14762, 8371, 965, 785, 562, 135, 130]","[39826, 14762, 8371]","[3, 4, 5, 6, 7]","[965, 785, 562, 135, 130]",bic,-492607.80060775904,ok
detexture_ade20k_multi,feature_cluster_coarse_global_pooled_oracle_k,training,65,training_ADE_train_00006698,detexture_multi_partition_v1,multi_partition_invariant,0.4302954170267201,0.48696053849135074,0.6027613190380212,3,8,3,1.0,0.8882598876953125,58213,65536,7323,3,3,True,hungarian_iou_assignment,"[0.5890142082906108, 0.7018720427895495, 0.0]","[{""pred_label"": 0, ""gt_label"": 1, ""iou"": 0.5890142082906108}, {""pred_label"": 1, ""gt_label"": 0, ""iou"": 0.7018720427895495}, {""pred_label"": 2, ""gt_label"": 2, ""iou"": 0.0}]",fpn_2,fpn_2,72x72,1,3,3,24x24,pooled_avg_pool_multi_way,False,False,False,,,,"[34549, 17895, 13092]",jpeg_color_clustering_bic,-1,5,7323,0.1117401123046875,8,3,4846,"{""1"": -108627.52432036608, ""2"": -136169.18620303337, ""3"": -235341.2340262063, ""4"": -409705.8404551179, ""5"": -426988.8238127187, ""6"": -456447.139556417, ""7"": -468036.3454661624, ""8"": -483822.61327985703}","[24222, 21262, 12729, 4854, 868, 728, 601, 272]","[24222, 21262, 12729]","[3, 4, 5, 6, 7]","[4854, 868, 728, 601, 272]",bic,-483822.61327985703,ok
detexture_ade20k_multi,feature_cluster_coarse_global_pooled_oracle_k,training,66,training_ADE_train_00006710,detexture_multi_partition_v1,multi_partition_invariant,0.5197958660966999,0.7924689622609019,0.6439297679849236,3,8,3,1.0,0.8506317138671875,55747,65536,9789,3,3,True,hungarian_iou_assignment,"[0.962909534774045, 0.48195588085798513, 0.11452218265806949]","[{""pred_label"": 0, ""gt_label"": 0, ""iou"": 0.962909534774045}, {""pred_label"": 1, ""gt_label"": 1, ""iou"": 0.48195588085798513}, {""pred_label"": 2, ""gt_label"": 2, ""iou"": 0.11452218265806949}]",fpn_2,fpn_2,72x72,1,3,3,24x24,pooled_avg_pool_multi_way,False,False,False,,,,"[36007, 18279, 11250]",jpeg_color_clustering_bic,-1,5,9789,0.1493682861328125,8,3,5290,"{""1"": -152837.9166234101, ""2"": -163942.93184258149, ""3"": -202689.65619072045, ""4"": -278028.6854116792, ""5"": -277792.93295770086, ""6"": -368974.8865121359, ""7"": -454975.808438134, ""8"": -458312.8265557986}","[35495, 11087, 9165, 5281, 2987, 990, 446, 85]","[35495, 11087, 9165]","[3, 4, 5, 6, 7]","[5281, 2987, 990, 446, 85]",bic,-458312.8265557986,ok
detexture_ade20k_multi,feature_cluster_coarse_global_pooled_oracle_k,training,67,training_ADE_train_00007260,detexture_multi_partition_v1,multi_partition_invariant,0.5706784511574453,0.6382021384057479,0.6752853014511213,4,8,4,1.0,0.9059125640556369,316794,349696,32902,4,4,True,hungarian_iou_assignment,"[0.5028158833892996, 0.9018944292360143, 0.8023478808799759, 0.07565561112449173]","[{""pred_label"": 0, ""gt_label"": 2, ""iou"": 0.5028158833892996}, {""pred_label"": 1, ""gt_label"": 0, ""iou"": 0.9018944292360143}, {""pred_label"": 2, ""gt_label"": 1, ""iou"": 0.8023478808799759}, {""pred_label"": 3, ""gt_label"": 3, ""iou"": 0.07565561112449173}]",fpn_2,fpn_2,72x72,1,3,3,24x24,pooled_avg_pool_multi_way,False,False,False,,,,"[133808, 108978, 61414, 45496]",jpeg_color_clustering_bic,-1,4,32902,0.0940874359443631,8,4,16511,"{""1"": -707024.0267216627, ""2"": -741801.1003739401, ""3"": -1130224.8368169821, ""4"": -1177400.3721848263, ""5"": -1297217.9189887925, ""6"": -1458182.5693781925, ""7"": -2302182.6914150077, ""8"": -2352402.9637144036}","[118393, 71106, 69242, 58053, 21784, 6013, 3290, 1815]","[118393, 71106, 69242, 58053]","[4, 5, 6, 7]","[21784, 6013, 3290, 1815]",bic,-2352402.9637144036,ok
detexture_ade20k_multi,feature_cluster_coarse_global_pooled_oracle_k,training,68,training_ADE_train_00007290,detexture_multi_partition_v1,multi_partition_invariant,0.856240014119325,0.7586579679888111,0.7164607789314978,3,8,3,1.0,0.9755947136563876,77511,79450,1939,3,3,True,hungarian_iou_assignment,"[0.8401335311572701, 0.8108715184186882, 0.917714992782017]","[{""pred_label"": 0, ""gt_label"": 0, ""iou"": 0.8401335311572701}, {""pred_label"": 1, ""gt_label"": 1, ""iou"": 0.8108715184186882}, {""pred_label"": 2, ""gt_label"": 2, ""iou"": 0.917714992782017}]",fpn_2,fpn_2,72x72,1,3,3,24x24,pooled_avg_pool_multi_way,False,False,False,,,,"[35945, 23608, 19897]",jpeg_color_clustering_bic,-1,5,1939,0.024405286343612335,8,3,4762,"{""1"": -178887.67814300588, ""2"": -283233.78952908877, ""3"": -457188.8547949027, ""4"": -507911.58587006124, ""5"": -542372.8363558842, ""6"": -568363.7020159318, ""7"": -568844.1977458815, ""8"": -571314.1697484343}","[34243, 25188, 18080, 914, 730, 174, 118, 3]","[34243, 25188, 18080]","[3, 4, 5, 6, 7]","[914, 730, 174, 118, 3]",bic,-571314.1697484343,ok
detexture_ade20k_multi,feature_cluster_coarse_global_pooled_oracle_k,training,69,training_ADE_train_00007291,detexture_multi_partition_v1,multi_partition_invariant,0.9511439588998414,0.9023620201021271,0.8556544472196892,2,8,2,1.0,0.7634359605911331,61991,81200,19209,2,2,True,hungarian_iou_assignment,"[0.9505496256173331, 0.9517382921823496]","[{""pred_label"": 0, ""gt_label"": 1, ""iou"": 0.9505496256173331}, {""pred_label"": 1, ""gt_label"": 0, ""iou"": 0.9517382921823496}]",fpn_2,fpn_2,72x72,1,3,3,24x24,pooled_avg_pool_multi_way,False,False,False,,,,"[42490, 38710]",jpeg_color_clustering_bic,-1,6,19209,0.236564039408867,8,2,6934,"{""1"": -133588.57711232614, ""2"": -173039.96695230034, ""3"": -343059.8407041499, ""4"": -421282.52373843803, ""5"": -455117.3949986618, ""6"": -548160.8466885801, ""7"": -560241.409748246, ""8"": -560806.8172056436}","[32158, 29833, 7644, 7104, 3494, 499, 464, 4]","[32158, 29833]","[2, 3, 4, 5, 6, 7]","[7644, 7104, 3494, 499, 464, 4]",bic,-560806.8172056436,ok
detexture_ade20k_multi,feature_cluster_coarse_global_pooled_oracle_k,training,70,training_ADE_train_00007293,detexture_multi_partition_v1,multi_partition_invariant,0.9041166369007075,0.8471862885778143,0.8016915764089138,3,8,3,1.0,0.9379166666666666,72032,76800,4768,3,3,True,hungarian_iou_assignment,"[0.8865273775216138, 0.9009258864189102, 0.9248966467615986]","[{""pred_label"": 0, ""gt_label"": 0, ""iou"": 0.8865273775216138}, {""pred_label"": 1, ""gt_label"": 1, ""iou"": 0.9009258864189102}, {""pred_label"": 2, ""gt_label"": 2, ""iou"": 0.9248966467615986}]",fpn_2,fpn_2,72x72,1,3,3,24x24,pooled_avg_pool_multi_way,False,False,False,,,,"[28250, 26810, 21740]",jpeg_color_clustering_bic,-1,5,4768,0.06208333333333333,8,3,8842,"{""1"": -164058.94895160434, ""2"": -200353.14564613273, ""3"": -237749.69436943234, ""4"": -223790.43947638586, ""5"": -411874.82686663076, ""6"": -435019.300530326, ""7"": -446111.138492867, ""8"": -465438.87794726394}","[29833, 21319, 20880, 1338, 1139, 1081, 674, 536]","[29833, 21319, 20880]","[3, 4, 5, 6, 7]","[1338, 1139, 1081, 674, 536]",bic,-465438.87794726394,ok
detexture_ade20k_multi,feature_cluster_coarse_global_pooled_oracle_k,training,71,training_ADE_train_00007294,detexture_multi_partition_v1,multi_partition_invariant,0.8827673347182473,0.8928355870387343,0.8236754266713258,3,8,3,1.0,0.8883851851851852,59966,67500,7534,3,3,True,hungarian_iou_assignment,"[0.9635849195267142, 0.9251144943681149, 0.7596025902599131]","[{""pred_label"": 0, ""gt_label"": 0, ""iou"": 0.9635849195267142}, {""pred_label"": 1, ""gt_label"": 1, ""iou"": 0.9251144943681149}, {""pred_label"": 2, ""gt_label"": 2, ""iou"": 0.7596025902599131}]",fpn_2,fpn_2,72x72,1,3,3,24x24,pooled_avg_pool_multi_way,False,False,False,,,,"[29194, 26479, 11827]",jpeg_color_clustering_bic,-1,5,7534,0.11161481481481482,8,3,7561,"{""1"": -120955.09481681614, ""2"": -133018.70199307974, ""3"": -209609.8548922891, ""4"": -254831.54546168953, ""5"": -339834.15771825565, ""6"": -374131.8920560507, ""7"": -379872.32001143077, ""8"": -424165.9200112861}","[27073, 22873, 10020, 2606, 1949, 1593, 914, 472]","[27073, 22873, 10020]","[3, 4, 5, 6, 7]","[2606, 1949, 1593, 914, 472]",bic,-424165.9200112861,ok
detexture_ade20k_multi,feature_cluster_coarse_global_pooled_oracle_k,training,72,training_ADE_train_00007295,detexture_multi_partition_v1,multi_partition_invariant,0.991598077936876,0.9834313753558844,0.961855960565432,2,8,2,1.0,0.758984375,48575,64000,15425,2,2,True,hungarian_iou_assignment,"[0.9905967786984452, 0.9925993771753069]","[{""pred_label"": 0, ""gt_label"": 1, ""iou"": 0.9905967786984452}, {""pred_label"": 1, ""gt_label"": 0, ""iou"": 0.9925993771753069}]",fpn_2,fpn_2,72x72,1,3,3,24x24,pooled_avg_pool_multi_way,False,False,False,,,,"[34102, 29898]",jpeg_color_clustering_bic,-1,6,15425,0.241015625,8,2,5231,"{""1"": -99490.66356897086, ""2"": -126089.9891352291, ""3"": -141951.41801119066, ""4"": -378378.66832997964, ""5"": -390722.983795609, ""6"": -414979.9846870029, ""7"": -449900.0723963211, ""8"": -456521.7671100845}","[27253, 21322, 7556, 5396, 1073, 598, 539, 263]","[27253, 21322]","[2, 3, 4, 5, 6, 7]","[7556, 5396, 1073, 598, 539, 263]",bic,-456521.7671100845,ok
detexture_ade20k_multi,feature_cluster_coarse_global_pooled_oracle_k,training,73,training_ADE_train_00007296,detexture_multi_partition_v1,multi_partition_invariant,0.7081517671446368,0.723913602402987,0.7147596412754224,4,8,4,1.0,0.7776523135601726,61982,79704,17722,4,4,True,hungarian_iou_assignment,"[0.5635968239518535, 0.9009081070907636, 0.9378047397664134, 0.43029739776951675]","[{""pred_label"": 0, ""gt_label"": 3, ""iou"": 0.5635968239518535}, {""pred_label"": 1, ""gt_label"": 0, ""iou"": 0.9009081070907636}, {""pred_label"": 2, ""gt_label"": 1, ""iou"": 0.9378047397664134}, {""pred_label"": 3, ""gt_label"": 2, ""iou"": 0.43029739776951675}]",fpn_2,fpn_2,72x72,1,3,3,24x24,pooled_avg_pool_multi_way,False,False,False,,,,"[27197, 21107, 17360, 14040]",jpeg_color_clustering_bic,-1,4,17722,0.22234768643982736,8,4,8888,"{""1"": -132567.31316276657, ""2"": -160752.64656853492, ""3"": -210779.90764947404, ""4"": -243677.94911056326, ""5"": -281532.26365821675, ""6"": -346995.8730243639, ""7"": -420571.99017959624, ""8"": -420826.6613874192}","[20715, 17310, 12321, 11636, 6527, 6054, 5053, 88]","[20715, 17310, 12321, 11636]","[4, 5, 6, 7]","[6527, 6054, 5053, 88]",bic,-420826.6613874192,ok
detexture_ade20k_multi,feature_cluster_coarse_global_pooled_oracle_k,training,74,training_ADE_train_00007298,detexture_multi_partition_v1,multi_partition_invariant,0.9215319134875334,0.8737174427399285,0.8290421391322219,3,8,3,1.0,0.8843515917602996,75559,85440,9881,3,3,True,hungarian_iou_assignment,"[0.9054605460546055, 0.9357801691006917, 0.923355025307303]","[{""pred_label"": 0, ""gt_label"": 0, ""iou"": 0.9054605460546055}, {""pred_label"": 1, ""gt_label"": 1, ""iou"": 0.9357801691006917}, {""pred_label"": 2, ""gt_label"": 2, ""iou"": 0.923355025307303}]",fpn_2,fpn_2,72x72,1,3,3,24x24,pooled_avg_pool_multi_way,False,False,False,,,,"[32710, 28160, 24570]",jpeg_color_clustering_bic,-1,5,9881,0.11564840823970038,8,3,10401,"{""1"": -177245.27009923826, ""2"": -268025.99986957357, ""3"": -222832.46891949553, ""4"": -311690.04268164677, ""5"": -409897.65206719015, ""6"": -462137.9945920041, ""7"": -440037.8690440983, ""8"": -490408.60862088273}","[32344, 24997, 18218, 4119, 2098, 2013, 1179, 472]","[32344, 24997, 18218]","[3, 4, 5, 6, 7]","[4119, 2098, 2013, 1179, 472]",bic,-490408.60862088273,ok
detexture_ade20k_multi,feature_cluster_coarse_global_pooled_oracle_k,training,75,training_ADE_train_00007299,detexture_multi_partition_v1,multi_partition_invariant,0.9349891326014905,0.8714419590187683,0.820749884192796,2,8,2,1.0,0.7681300329428989,268612,349696,81084,2,2,True,hungarian_iou_assignment,"[0.9415752245974259, 0.9284030406055552]","[{""pred_label"": 0, ""gt_label"": 0, ""iou"": 0.9415752245974259}, {""pred_label"": 1, ""gt_label"": 1, ""iou"": 0.9284030406055552}]",fpn_2,fpn_2,72x72,1,3,3,24x24,pooled_avg_pool_multi_way,False,False,False,,,,"[184956, 164740]",jpeg_color_clustering_bic,-1,6,81084,0.23186996705710103,8,2,10651,"{""1"": -615889.903951762, ""2"": -632844.7160314302, ""3"": -1305605.878304671, ""4"": -1777624.7045348424, ""5"": -2309422.9853708916, ""6"": -1845104.1913234887, ""7"": -2365490.3230767697, ""8"": -2513796.331934743}","[152829, 115783, 37565, 34979, 3554, 2937, 1085, 964]","[152829, 115783]","[2, 3, 4, 5, 6, 7]","[37565, 34979, 3554, 2937, 1085, 964]",bic,-2513796.331934743,ok
detexture_ade20k_multi,feature_cluster_coarse_global_pooled_oracle_k,training,76,training_ADE_train_00007300,detexture_multi_partition_v1,multi_partition_invariant,0.4297331053875297,0.22136380195383054,0.28661541174388316,3,8,3,1.0,0.9447974461488251,370542,392192,21650,3,3,True,hungarian_iou_assignment,"[0.4783923941227312, 0.16821820057149772, 0.64258872146836]","[{""pred_label"": 0, ""gt_label"": 0, ""iou"": 0.4783923941227312}, {""pred_label"": 1, ""gt_label"": 1, ""iou"": 0.16821820057149772}, {""pred_label"": 2, ""gt_label"": 2, ""iou"": 0.64258872146836}]",fpn_2,fpn_2,72x72,1,3,3,24x24,pooled_avg_pool_multi_way,False,False,False,,,,"[199508, 104512, 88172]",jpeg_color_clustering_bic,-1,5,21650,0.05520255385117494,8,3,8564,"{""1"": -1032266.2039547241, ""2"": -1167283.705861667, ""3"": -1617575.3357974158, ""4"": -1848084.1713811269, ""5"": -1849039.9686513387, ""6"": -2969288.2232529665, ""7"": -3138050.886831088, ""8"": -3158406.3832760127}","[185947, 128324, 56271, 8414, 8171, 3987, 906, 172]","[185947, 128324, 56271]","[3, 4, 5, 6, 7]","[8414, 8171, 3987, 906, 172]",bic,-3158406.3832760127,ok
detexture_ade20k_multi,feature_cluster_coarse_global_pooled_oracle_k,training,77,training_ADE_train_00007301,detexture_multi_partition_v1,multi_partition_invariant,0.7611475984797853,0.7297836877919042,0.6905696102468439,4,8,4,1.0,0.9037,36148,40000,3852,4,4,True,hungarian_iou_assignment,"[0.8821673525377229, 0.6971318005918506, 0.7920160623597496, 0.6732751784298177]","[{""pred_label"": 0, ""gt_label"": 0, ""iou"": 0.8821673525377229}, {""pred_label"": 1, ""gt_label"": 2, ""iou"": 0.6971318005918506}, {""pred_label"": 2, ""gt_label"": 3, ""iou"": 0.7920160623597496}, {""pred_label"": 3, ""gt_label"": 1, ""iou"": 0.6732751784298177}]",fpn_2,fpn_2,72x72,1,3,3,24x24,pooled_avg_pool_multi_way,False,False,False,,,,"[13964, 9949, 9275, 6812]",jpeg_color_clustering_bic,-1,4,3852,0.0963,8,4,5771,"{""1"": -80603.59811353961, ""2"": -84513.50703275869, ""3"": -130573.04491548093, ""4"": -156695.22903492142, ""5"": -170587.37500150452, ""6"": -227187.9777157844, ""7"": -230377.25651412172, ""8"": -230996.35482616271}","[13857, 8392, 7176, 6723, 2978, 531, 253, 90]","[13857, 8392, 7176, 6723]","[4, 5, 6, 7]","[2978, 531, 253, 90]",bic,-230996.35482616271,ok
detexture_ade20k_multi,feature_cluster_coarse_global_pooled_oracle_k,training,78,training_ADE_train_00007462,detexture_multi_partition_v1,multi_partition_invariant,0.7726289539531388,0.794554658105399,0.7029733215589619,3,8,3,1.0,0.9700651041666667,74501,76800,2299,3,3,True,hungarian_iou_assignment,"[0.9569630872483221, 0.7917824937283884, 0.5691412808827057]","[{""pred_label"": 0, ""gt_label"": 0, ""iou"": 0.9569630872483221}, {""pred_label"": 1, ""gt_label"": 1, ""iou"": 0.7917824937283884}, {""pred_label"": 2, ""gt_label"": 2, ""iou"": 0.5691412808827057}]",fpn_2,fpn_2,72x72,1,3,3,24x24,pooled_avg_pool_multi_way,False,False,False,,,,"[35470, 27740, 13590]",jpeg_color_clustering_bic,-1,5,2299,0.029934895833333332,8,3,3799,"{""1"": -221960.47913248377, ""2"": -236183.91706508063, ""3"": -310230.76753752085, ""4"": -248759.5638180267, ""5"": -343110.6934639459, ""6"": -343279.6294833575, ""7"": -538196.240377988, ""8"": -538561.2012844079}","[35208, 25522, 13771, 1313, 771, 170, 25, 20]","[35208, 25522, 13771]","[3, 4, 5, 6, 7]","[1313, 771, 170, 25, 20]",bic,-538561.2012844079,ok
detexture_ade20k_multi,feature_cluster_coarse_global_pooled_oracle_k,training,79,training_ADE_train_00007466,detexture_multi_partition_v1,multi_partition_invariant,0.3989754914406711,0.4176666637799479,0.5216121641677139,5,8,5,1.0,0.9359294885961811,677583,723968,46385,5,5,True,hungarian_iou_assignment,"[0.6854502225454245, 0.504793540198223, 0.32346466793127626, 0.45165041782729803, 0.029518608701133937]","[{""pred_label"": 0, ""gt_label"": 1, ""iou"": 0.6854502225454245}, {""pred_label"": 1, ""gt_label"": 0, ""iou"": 0.504793540198223}, {""pred_label"": 2, ""gt_label"": 3, ""iou"": 0.32346466793127626}, {""pred_label"": 3, ""gt_label"": 4, ""iou"": 0.45165041782729803}, {""pred_label"": 4, ""gt_label"": 2, ""iou"": 0.029518608701133937}]",fpn_2,fpn_2,72x72,1,3,3,24x24,pooled_avg_pool_multi_way,False,False,False,,,,"[195877, 181506, 155366, 128502, 62717]",jpeg_color_clustering_bic,-1,3,46385,0.06407051140381895,8,5,12855,"{""1"": -1608311.3949780783, ""2"": -1889968.8951090716, ""3"": -2101625.397745436, ""4"": -2421059.749498596, ""5"": -2927151.769241692, ""6"": -3249959.054258224, ""7"": -4254814.014735084, ""8"": -4263455.243535241}","[268259, 133830, 98064, 90239, 87191, 30051, 14815, 1519]","[268259, 133830, 98064, 90239, 87191]","[5, 6, 7]","[30051, 14815, 1519]",bic,-4263455.243535241,ok
detexture_ade20k_multi,feature_cluster_coarse_global_pooled_oracle_k,training,80,training_ADE_train_00007480,detexture_multi_partition_v1,multi_partition_invariant,0.9722073592958504,0.9461419194562051,0.9075855471564466,2,8,2,1.0,0.8916593245227606,60722,68100,7378,2,2,True,hungarian_iou_assignment,"[0.9771743625086148, 0.967240356083086]","[{""pred_label"": 0, ""gt_label"": 0, ""iou"": 0.9771743625086148}, {""pred_label"": 1, ""gt_label"": 1, ""iou"": 0.967240356083086}]",fpn_2,fpn_2,72x72,1,3,3,24x24,pooled_avg_pool_multi_way,False,False,False,,,,"[36258, 31842]",jpeg_color_clustering_bic,-1,6,7378,0.10834067547723936,8,2,3261,"{""1"": -113711.34068438986, ""2"": -116036.14541302162, ""3"": -303340.98226535745, ""4"": -453329.37744499213, ""5"": -475266.16500798933, ""6"": -505072.00989030383, ""7"": -528764.9415041464, ""8"": -535847.6334323636}","[36275, 24447, 5078, 725, 581, 474, 357, 163]","[36275, 24447]","[2, 3, 4, 5, 6, 7]","[5078, 725, 581, 474, 357, 163]",bic,-535847.6334323636,ok
detexture_ade20k_multi,feature_cluster_coarse_global_pooled_oracle_k,training,81,training_ADE_train_00007640,detexture_multi_partition_v1,multi_partition_invariant,0.9421905137173147,0.9200268653797905,0.8825853515089606,3,8,3,1.0,0.9319386814200092,48513,52056,3543,3,3,True,hungarian_iou_assignment,"[0.9447153609668186, 0.9781661958568738, 0.9036899843282519]","[{""pred_label"": 0, ""gt_label"": 0, ""iou"": 0.9447153609668186}, {""pred_label"": 1, ""gt_label"": 1, ""iou"": 0.9781661958568738}, {""pred_label"": 2, ""gt_label"": 2, ""iou"": 0.9036899843282519}]",fpn_2,fpn_2,72x72,1,3,3,24x24,pooled_avg_pool_multi_way,False,False,False,,,,"[19539, 17352, 15165]",jpeg_color_clustering_bic,-1,5,3543,0.06806131857999077,8,3,3455,"{""1"": -109689.2347127325, ""2"": -112478.30138853157, ""3"": -207127.29264048647, ""4"": -260477.78212708232, ""5"": -362372.51158779184, ""6"": -374518.23444955074, ""7"": -386164.02740752645, ""8"": -393781.1882643386}","[18012, 16673, 13828, 2280, 395, 326, 282, 260]","[18012, 16673, 13828]","[3, 4, 5, 6, 7]","[2280, 395, 326, 282, 260]",bic,-393781.1882643386,ok
detexture_ade20k_multi,feature_cluster_coarse_global_pooled_oracle_k,training,82,training_ADE_train_00007642,detexture_multi_partition_v1,multi_partition_invariant,0.9892749886641977,0.9791058161947699,0.9572020205260898,2,8,2,1.0,0.7988085106382978,37544,47000,9456,2,2,True,hungarian_iou_assignment,"[0.991024648047747, 0.9875253292806484]","[{""pred_label"": 0, ""gt_label"": 0, ""iou"": 0.991024648047747}, {""pred_label"": 1, ""gt_label"": 1, ""iou"": 0.9875253292806484}]",fpn_2,fpn_2,72x72,1,3,3,24x24,pooled_avg_pool_multi_way,False,False,False,,,,"[30640, 16360]",jpeg_color_clustering_bic,-1,6,9456,0.2011914893617021,8,2,3562,"{""1"": -99557.13751350499, ""2"": -101193.15086734359, ""3"": -185890.32461929266, ""4"": -246648.17355025193, ""5"": -253827.54797945125, ""6"": -257520.56529713143, ""7"": -335723.0175697514, ""8"": -345866.8668807478}","[21752, 15792, 4351, 3874, 477, 267, 251, 236]","[21752, 15792]","[2, 3, 4, 5, 6, 7]","[4351, 3874, 477, 267, 251, 236]",bic,-345866.8668807478,ok
detexture_ade20k_multi,feature_cluster_coarse_global_pooled_oracle_k,training,83,training_ADE_train_00007645,detexture_multi_partition_v1,multi_partition_invariant,0.7920892355525493,0.7485962859729516,0.7022871014252324,3,8,3,1.0,0.8835359855417276,308969,349696,40727,3,3,True,hungarian_iou_assignment,"[0.9054514480408858, 0.6671828423212419, 0.80363341629552]","[{""pred_label"": 0, ""gt_label"": 0, ""iou"": 0.9054514480408858}, {""pred_label"": 1, ""gt_label"": 2, ""iou"": 0.6671828423212419}, {""pred_label"": 2, ""gt_label"": 1, ""iou"": 0.80363341629552}]",fpn_2,fpn_2,72x72,1,3,3,24x24,pooled_avg_pool_multi_way,False,False,False,,,,"[142330, 105443, 101923]",jpeg_color_clustering_bic,-1,5,40727,0.11646401445827233,8,3,10836,"{""1"": -660255.9925152113, ""2"": -681819.4816765594, ""3"": -1305791.9439585446, ""4"": -1702585.8878599945, ""5"": -1707735.1887134556, ""6"": -1709877.9826335378, ""7"": -2353070.46133698, ""8"": -2359929.8016117197}","[128043, 122104, 58822, 35166, 3564, 1019, 615, 363]","[128043, 122104, 58822]","[3, 4, 5, 6, 7]","[35166, 3564, 1019, 615, 363]",bic,-2359929.8016117197,ok
detexture_ade20k_multi,feature_cluster_coarse_global_pooled_oracle_k,training,84,training_ADE_train_00007646,detexture_multi_partition_v1,multi_partition_invariant,0.37126455734624625,0.23283188574293412,0.31208403578159827,3,8,3,1.0,0.7950680272108843,74800,94080,19280,3,3,True,hungarian_iou_assignment,"[0.5560590184361813, 0.47233317220851245, 0.08540148139404491]","[{""pred_label"": 0, ""gt_label"": 2, ""iou"": 0.5560590184361813}, {""pred_label"": 1, ""gt_label"": 1, ""iou"": 0.47233317220851245}, {""pred_label"": 2, ""gt_label"": 0, ""iou"": 0.08540148139404491}]",fpn_2,fpn_2,72x72,1,3,3,24x24,pooled_avg_pool_multi_way,False,False,False,,,,"[38045, 37303, 18732]",jpeg_color_clustering_bic,-1,5,19280,0.20493197278911565,8,3,7236,"{""1"": -181904.45406245903, ""2"": -190345.66182928518, ""3"": -233152.02836615348, ""4"": -411040.6633687633, ""5"": -466523.2471963061, ""6"": -363952.5983796501, ""7"": -364329.17894554645, ""8"": -645804.1672924012}","[33598, 21530, 19672, 8862, 8268, 1384, 466, 300]","[33598, 21530, 19672]","[3, 4, 5, 6, 7]","[8862, 8268, 1384, 466, 300]",bic,-645804.1672924012,ok
detexture_ade20k_multi,feature_cluster_coarse_global_pooled_oracle_k,training,85,training_ADE_train_00007647,detexture_multi_partition_v1,multi_partition_invariant,0.8346241840502031,0.7041321697111388,0.6117634588968096,2,8,2,1.0,0.7762485129941434,271451,349696,78245,2,2,True,hungarian_iou_assignment,"[0.8907048372785591, 0.778543530821847]","[{""pred_label"": 0, ""gt_label"": 0, ""iou"": 0.8907048372785591}, {""pred_label"": 1, ""gt_label"": 1, ""iou"": 0.778543530821847}]",fpn_2,fpn_2,72x72,1,3,3,24x24,pooled_avg_pool_multi_way,False,False,False,,,,"[210973, 138723]",jpeg_color_clustering_bic,-1,6,78245,0.2237514870058565,8,2,15050,"{""1"": -844164.409509676, ""2"": -905579.3193011931, ""3"": -1187561.0998927916, ""4"": -1536648.5220610762, ""5"": -1838430.5452888876, ""6"": -1851746.01053353, ""7"": -2457354.1656089304, ""8"": -2491975.151002064}","[194177, 77274, 34623, 21547, 12342, 5230, 3608, 895]","[194177, 77274]","[2, 3, 4, 5, 6, 7]","[34623, 21547, 12342, 5230, 3608, 895]",bic,-2491975.151002064,ok
detexture_ade20k_multi,feature_cluster_coarse_global_pooled_oracle_k,training,86,training_ADE_train_00007651,detexture_multi_partition_v1,multi_partition_invariant,0.5759247222924531,0.43400197412676794,0.45806240324882463,3,8,3,1.0,0.8750257366398243,305993,349696,43703,3,3,True,hungarian_iou_assignment,"[0.6124765469208932, 0.23460614818434158, 0.8806914717721245]","[{""pred_label"": 0, ""gt_label"": 0, ""iou"": 0.6124765469208932}, {""pred_label"": 1, ""gt_label"": 2, ""iou"": 0.23460614818434158}, {""pred_label"": 2, ""gt_label"": 1, ""iou"": 0.8806914717721245}]",fpn_2,fpn_2,72x72,1,3,3,24x24,pooled_avg_pool_multi_way,False,False,False,,,,"[160957, 102151, 86588]",jpeg_color_clustering_bic,-1,5,43703,0.1249742633601757,8,3,11471,"{""1"": -779999.4159988884, ""2"": -1039413.199925875, ""3"": -995592.5109203291, ""4"": -1448473.6755164694, ""5"": -1488251.3700181178, ""6"": -1492207.016374846, ""7"": -2420050.251379621, ""8"": -2455379.008329496}","[172922, 80647, 52424, 31984, 5434, 5145, 733, 407]","[172922, 80647, 52424]","[3, 4, 5, 6, 7]","[31984, 5434, 5145, 733, 407]",bic,-2455379.008329496,ok
detexture_ade20k_multi,feature_cluster_coarse_global_pooled_oracle_k,training,87,training_ADE_train_00007687,detexture_multi_partition_v1,multi_partition_invariant,0.9468297363148507,0.9408221232090628,0.8973932792569612,3,8,3,1.0,0.9619526674597365,336391,349696,13305,3,3,True,hungarian_iou_assignment,"[0.9764877922897163, 0.9654888112812775, 0.8985126053735583]","[{""pred_label"": 0, ""gt_label"": 0, ""iou"": 0.9764877922897163}, {""pred_label"": 1, ""gt_label"": 1, ""iou"": 0.9654888112812775}, {""pred_label"": 2, ""gt_label"": 2, ""iou"": 0.8985126053735583}]",fpn_2,fpn_2,72x72,1,3,3,24x24,pooled_avg_pool_multi_way,False,False,False,,,,"[137441, 135144, 77111]",jpeg_color_clustering_bic,-1,5,13305,0.038047332540263545,8,3,10334,"{""1"": -574185.3511062803, ""2"": -1202160.3768220434, ""3"": -1313458.7108584966, ""4"": -2124683.119963456, ""5"": -2146472.7535736454, ""6"": -2526303.152550491, ""7"": -2608274.83497125, ""8"": -2679109.135868598}","[139003, 127001, 70387, 6028, 3432, 1678, 1333, 834]","[139003, 127001, 70387]","[3, 4, 5, 6, 7]","[6028, 3432, 1678, 1333, 834]",bic,-2679109.135868598,ok
detexture_ade20k_multi,feature_cluster_coarse_global_pooled_oracle_k,training,88,training_ADE_train_00007690,detexture_multi_partition_v1,multi_partition_invariant,0.8780517445198314,0.8874433024236678,0.8388803907598817,3,8,3,1.0,0.9288705065359477,363820,391680,27860,3,3,True,hungarian_iou_assignment,"[0.969645251050503, 0.9006054490413723, 0.763904533467619]","[{""pred_label"": 0, ""gt_label"": 0, ""iou"": 0.969645251050503}, {""pred_label"": 1, ""gt_label"": 1, ""iou"": 0.9006054490413723}, {""pred_label"": 2, ""gt_label"": 2, ""iou"": 0.763904533467619}]",fpn_2,fpn_2,72x72,1,3,3,24x24,pooled_avg_pool_multi_way,False,False,False,,,,"[175190, 118581, 97909]",jpeg_color_clustering_bic,-1,5,27860,0.07112949346405228,8,3,18402,"{""1"": -690728.9273272997, ""2"": -719294.6283569707, ""3"": -1422202.8713920314, ""4"": -1602358.0462297734, ""5"": -2141536.4982069354, ""6"": -2241087.905796025, ""7"": -2452514.792978598, ""8"": -2518242.5600041607}","[177492, 128618, 57710, 10848, 6852, 5046, 3914, 1200]","[177492, 128618, 57710]","[3, 4, 5, 6, 7]","[10848, 6852, 5046, 3914, 1200]",bic,-2518242.5600041607,ok
detexture_ade20k_multi,feature_cluster_coarse_global_pooled_oracle_k,training,89,training_ADE_train_00007691,detexture_multi_partition_v1,multi_partition_invariant,0.9318985779914734,0.9261782916534194,0.8740495709274081,3,8,3,1.0,0.9735227168740849,340437,349696,9259,3,3,True,hungarian_iou_assignment,"[0.9792635287350813, 0.9195067282982619, 0.896925476941077]","[{""pred_label"": 0, ""gt_label"": 0, ""iou"": 0.9792635287350813}, {""pred_label"": 1, ""gt_label"": 1, ""iou"": 0.9195067282982619}, {""pred_label"": 2, ""gt_label"": 2, ""iou"": 0.896925476941077}]",fpn_2,fpn_2,72x72,1,3,3,24x24,pooled_avg_pool_multi_way,False,False,False,,,,"[169287, 121821, 58588]",jpeg_color_clustering_bic,-1,5,9259,0.02647728312591508,8,3,9116,"{""1"": -703277.4547637202, ""2"": -726238.1054837394, ""3"": -1221932.4812669135, ""4"": -2353997.1008737683, ""5"": -2357412.520748141, ""6"": -2620947.439068482, ""7"": -2657092.5645773783, ""8"": -2763224.738509012}","[164310, 115799, 60328, 2948, 2152, 2124, 1476, 559]","[164310, 115799, 60328]","[3, 4, 5, 6, 7]","[2948, 2152, 2124, 1476, 559]",bic,-2763224.738509012,ok
detexture_ade20k_multi,feature_cluster_coarse_global_pooled_oracle_k,training,90,training_ADE_train_00007693,detexture_multi_partition_v1,multi_partition_invariant,0.6133623115578504,0.8007342982783725,0.7176046981766775,4,8,4,1.0,0.9723738704819277,578508,594944,16436,4,4,True,hungarian_iou_assignment,"[0.9574636769445546, 0.903348971452002, 0.3748482231995899, 0.21778837463525483]","[{""pred_label"": 0, ""gt_label"": 0, ""iou"": 0.9574636769445546}, {""pred_label"": 1, ""gt_label"": 1, ""iou"": 0.903348971452002}, {""pred_label"": 2, ""gt_label"": 3, ""iou"": 0.3748482231995899}, {""pred_label"": 3, ""gt_label"": 2, ""iou"": 0.21778837463525483}]",fpn_2,fpn_2,72x72,1,3,3,24x24,pooled_avg_pool_multi_way,False,False,False,,,,"[228951, 173858, 126200, 65935]",jpeg_color_clustering_bic,-1,4,16436,0.02762612951807229,8,4,17898,"{""1"": -1230246.8096038753, ""2"": -1792919.738632974, ""3"": -1952248.3316345848, ""4"": -2428763.712186544, ""5"": -3541540.300102784, ""6"": -3621652.9528470617, ""7"": -3661380.1859555626, ""8"": -3686579.6279197303}","[230779, 186427, 80817, 80485, 9843, 3586, 2472, 535]","[230779, 186427, 80817, 80485]","[4, 5, 6, 7]","[9843, 3586, 2472, 535]",bic,-3686579.6279197303,ok
detexture_ade20k_multi,feature_cluster_coarse_global_pooled_oracle_k,training,91,training_ADE_train_00007698,detexture_multi_partition_v1,multi_partition_invariant,0.5165309815861167,0.6154787074126753,0.6769273684682138,3,8,3,1.0,0.8617284727306003,301343,349696,48353,3,3,True,hungarian_iou_assignment,"[0.6107525797452187, 0.938693637699175, 0.00014672731395643532]","[{""pred_label"": 0, ""gt_label"": 1, ""iou"": 0.6107525797452187}, {""pred_label"": 1, ""gt_label"": 0, ""iou"": 0.938693637699175}, {""pred_label"": 2, ""gt_label"": 2, ""iou"": 0.00014672731395643532}]",fpn_2,fpn_2,72x72,1,3,3,24x24,pooled_avg_pool_multi_way,False,False,False,,,,"[181756, 121445, 46495]",jpeg_color_clustering_bic,-1,5,48353,0.1382715272693997,8,3,13883,"{""1"": -836984.7253049007, ""2"": -882516.6667664958, ""3"": -1078246.4040301114, ""4"": -1112798.439655163, ""5"": -1548390.4740195712, ""6"": -2326142.1604304477, ""7"": -2369221.8309857976, ""8"": -2443395.7254645773}","[120332, 109023, 71988, 34442, 7327, 4181, 1857, 546]","[120332, 109023, 71988]","[3, 4, 5, 6, 7]","[34442, 7327, 4181, 1857, 546]",bic,-2443395.7254645773,ok
detexture_ade20k_multi,feature_cluster_coarse_global_pooled_oracle_k,training,92,training_ADE_train_00007700,detexture_multi_partition_v1,multi_partition_invariant,0.8940153782429537,0.8306402293156678,0.7494476485116791,2,8,2,1.0,0.748048048048048,62275,83250,20975,2,2,True,hungarian_iou_assignment,"[0.9485418492327131, 0.8394889072531944]","[{""pred_label"": 0, ""gt_label"": 0, ""iou"": 0.9485418492327131}, {""pred_label"": 1, ""gt_label"": 1, ""iou"": 0.8394889072531944}]",fpn_2,fpn_2,72x72,1,3,3,24x24,pooled_avg_pool_multi_way,False,False,False,,,,"[54623, 28627]",jpeg_color_clustering_bic,-1,6,20975,0.25195195195195197,8,2,9147,"{""1"": -174643.85917461265, ""2"": -243883.21004594993, ""3"": -261133.56549159955, ""4"": -355129.1616457074, ""5"": -439404.87969265314, ""6"": -444984.8464635812, ""7"": -451342.5240904016, ""8"": -528553.1093019263}","[49069, 13206, 9017, 6281, 3514, 1042, 652, 469]","[49069, 13206]","[2, 3, 4, 5, 6, 7]","[9017, 6281, 3514, 1042, 652, 469]",bic,-528553.1093019263,ok
detexture_ade20k_multi,feature_cluster_coarse_global_pooled_oracle_k,training,93,training_ADE_train_00007701,detexture_multi_partition_v1,multi_partition_invariant,0.7514646889501969,0.8069002767394723,0.7493113813829103,3,8,3,1.0,0.8390859489385066,293425,349696,56271,3,3,True,hungarian_iou_assignment,"[0.9674155441039086, 0.8221355795049105, 0.46484294324177167]","[{""pred_label"": 0, ""gt_label"": 0, ""iou"": 0.9674155441039086}, {""pred_label"": 1, ""gt_label"": 1, ""iou"": 0.8221355795049105}, {""pred_label"": 2, ""gt_label"": 2, ""iou"": 0.46484294324177167}]",fpn_2,fpn_2,72x72,1,3,3,24x24,pooled_avg_pool_multi_way,False,False,False,,,,"[142482, 134849, 72365]",jpeg_color_clustering_bic,-1,5,56271,0.16091405106149342,8,3,17560,"{""1"": -760148.1560701738, ""2"": -810198.3593064009, ""3"": -823799.309991914, ""4"": -1360325.3401218555, ""5"": -1513439.0942405162, ""6"": -1902562.2439261796, ""7"": -2216144.716160538, ""8"": -2363430.8544076453}","[132481, 114285, 46659, 38196, 8124, 5968, 2392, 1591]","[132481, 114285, 46659]","[3, 4, 5, 6, 7]","[38196, 8124, 5968, 2392, 1591]",bic,-2363430.8544076453,ok
detexture_ade20k_multi,feature_cluster_coarse_global_pooled_oracle_k,training,94,training_ADE_train_00007767,detexture_multi_partition_v1,multi_partition_invariant,0.8433201320088557,0.7438704380685738,0.6639705788717387,2,8,2,1.0,0.863006591796875,56558,65536,8978,2,2,True,hungarian_iou_assignment,"[0.9194540776373196, 0.7671861863803919]","[{""pred_label"": 0, ""gt_label"": 0, ""iou"": 0.9194540776373196}, {""pred_label"": 1, ""gt_label"": 1, ""iou"": 0.7671861863803919}]",fpn_2,fpn_2,72x72,1,3,3,24x24,pooled_avg_pool_multi_way,False,False,False,,,,"[47723, 17813]",jpeg_color_clustering_bic,-1,6,8978,0.136993408203125,8,2,4842,"{""1"": -133722.3987264699, ""2"": -139970.92421657007, ""3"": -230285.2047447552, ""4"": -285258.34740554914, ""5"": -294491.5938737312, ""6"": -296307.83947937825, ""7"": -297792.78072343307, ""8"": -297967.0241655896}","[44695, 11863, 4433, 1918, 986, 949, 635, 57]","[44695, 11863]","[2, 3, 4, 5, 6, 7]","[4433, 1918, 986, 949, 635, 57]",bic,-297967.0241655896,ok
detexture_ade20k_multi,feature_cluster_coarse_global_pooled_oracle_k,training,95,training_ADE_train_00007785,detexture_multi_partition_v1,multi_partition_invariant,0.9288176576922903,0.9120281624611539,0.8466126948236442,3,8,3,1.0,0.89300537109375,58524,65536,7012,3,3,True,hungarian_iou_assignment,"[0.958880092047229, 0.8975988700564972, 0.9299740109731447]","[{""pred_label"": 0, ""gt_label"": 0, ""iou"": 0.958880092047229}, {""pred_label"": 1, ""gt_label"": 2, ""iou"": 0.8975988700564972}, {""pred_label"": 2, ""gt_label"": 1, ""iou"": 0.9299740109731447}]",fpn_2,fpn_2,72x72,1,3,3,24x24,pooled_avg_pool_multi_way,False,False,False,,,,"[36004, 15964, 13568]",jpeg_color_clustering_bic,-1,5,7012,0.10699462890625,8,3,5028,"{""1"": -163835.82706517365, ""2"": -211389.35907538718, ""3"": -232952.23295289354, ""4"": -284381.6106273316, ""5"": -427093.7448886665, ""6"": -446747.5580472719, ""7"": -456412.97368281614, ""8"": -467308.56645964866}","[36171, 13296, 9057, 5127, 796, 642, 299, 148]","[36171, 13296, 9057]","[3, 4, 5, 6, 7]","[5127, 796, 642, 299, 148]",bic,-467308.56645964866,ok
detexture_ade20k_multi,feature_cluster_coarse_global_pooled_oracle_k,training,96,training_ADE_train_00007788,detexture_multi_partition_v1,multi_partition_invariant,0.5174035043769881,0.611776013736702,0.7356772783651125,4,8,4,1.0,0.9152679443359375,59983,65536,5553,4,4,True,hungarian_iou_assignment,"[0.6107281660189191, 0.9481283788407582, 0.5107574726482751, 0.0]","[{""pred_label"": 0, ""gt_label"": 1, ""iou"": 0.6107281660189191}, {""pred_label"": 1, ""gt_label"": 2, ""iou"": 0.9481283788407582}, {""pred_label"": 2, ""gt_label"": 0, ""iou"": 0.5107574726482751}, {""pred_label"": 3, ""gt_label"": 3, ""iou"": 0.0}]",fpn_2,fpn_2,72x72,1,3,3,24x24,pooled_avg_pool_multi_way,False,False,False,,,,"[27708, 14663, 12629, 10536]",jpeg_color_clustering_bic,-1,4,5553,0.0847320556640625,8,4,7238,"{""1"": -115263.91406680222, ""2"": -176135.05057941508, ""3"": -201064.9069649817, ""4"": -288041.73670481954, ""5"": -296188.3502886983, ""6"": -298270.31027438084, ""7"": -391127.9666465362, ""8"": -432989.71832985536}","[18290, 17046, 14588, 10059, 1891, 1888, 1110, 664]","[18290, 17046, 14588, 10059]","[4, 5, 6, 7]","[1891, 1888, 1110, 664]",bic,-432989.71832985536,ok
detexture_ade20k_multi,feature_cluster_coarse_global_pooled_oracle_k,training,97,training_ADE_train_00007794,detexture_multi_partition_v1,multi_partition_invariant,0.9147215084916327,0.871681929667954,0.790283767246264,2,8,2,1.0,0.708221435546875,46414,65536,19122,2,2,True,hungarian_iou_assignment,"[0.9651404649693268, 0.8643025520139387]","[{""pred_label"": 0, ""gt_label"": 0, ""iou"": 0.9651404649693268}, {""pred_label"": 1, ""gt_label"": 1, ""iou"": 0.8643025520139387}]",fpn_2,fpn_2,72x72,1,3,3,24x24,pooled_avg_pool_multi_way,False,False,False,,,,"[38813, 26723]",jpeg_color_clustering_bic,-1,6,19122,0.291778564453125,8,2,6355,"{""1"": -146806.28496383826, ""2"": -155190.0675259041, ""3"": -215041.9982531641, ""4"": -294742.74233628105, ""5"": -312332.52269784204, ""6"": -445261.9606548478, ""7"": -453742.43976116803, ""8"": -457250.80011403427}","[37981, 8433, 7464, 7178, 3146, 900, 334, 100]","[37981, 8433]","[2, 3, 4, 5, 6, 7]","[7464, 7178, 3146, 900, 334, 100]",bic,-457250.80011403427,ok
detexture_ade20k_multi,feature_cluster_coarse_global_pooled_oracle_k,training,98,training_ADE_train_00007800,detexture_multi_partition_v1,multi_partition_invariant,0.5232940582084712,0.5938478541535505,0.6923924417049666,4,8,4,1.0,0.9671173095703125,63381,65536,2155,4,4,True,hungarian_iou_assignment,"[0.49486442749100035, 0.8584419853182864, 0.7284552845528456, 0.011414535471752637]","[{""pred_label"": 0, ""gt_label"": 1, ""iou"": 0.49486442749100035}, {""pred_label"": 1, ""gt_label"": 0, ""iou"": 0.8584419853182864}, {""pred_label"": 2, ""gt_label"": 2, ""iou"": 0.7284552845528456}, {""pred_label"": 3, ""gt_label"": 3, ""iou"": 0.011414535471752637}]",fpn_2,fpn_2,72x72,1,3,3,24x24,pooled_avg_pool_multi_way,False,False,False,,,,"[30062, 16096, 11748, 7630]",jpeg_color_clustering_bic,-1,4,2155,0.0328826904296875,8,4,5790,"{""1"": -160668.07321286885, ""2"": -170414.5123530466, ""3"": -233252.0479762525, ""4"": -281193.3446234651, ""5"": -292341.36119728384, ""6"": -296278.0579145292, ""7"": -419577.30186521285, ""8"": -425765.99410356174}","[18247, 15516, 14945, 14673, 884, 769, 317, 185]","[18247, 15516, 14945, 14673]","[4, 5, 6, 7]","[884, 769, 317, 185]",bic,-425765.99410356174,ok
detexture_ade20k_multi,feature_cluster_coarse_global_pooled_oracle_k,training,99,training_ADE_train_00007802,detexture_multi_partition_v1,multi_partition_invariant,0.919432615796887,0.9095179072254325,0.871625502369432,4,8,4,1.0,0.93072509765625,60996,65536,4540,4,4,True,hungarian_iou_assignment,"[0.973129153423866, 0.9215841584158416, 0.8836392034361578, 0.8993779479116822]","[{""pred_label"": 0, ""gt_label"": 0, ""iou"": 0.973129153423866}, {""pred_label"": 1, ""gt_label"": 1, ""iou"": 0.9215841584158416}, {""pred_label"": 2, ""gt_label"": 3, ""iou"": 0.8836392034361578}, {""pred_label"": 3, ""gt_label"": 2, ""iou"": 0.8993779479116822}]",fpn_2,fpn_2,72x72,1,3,3,24x24,pooled_avg_pool_multi_way,False,False,False,,,,"[21116, 15986, 14314, 14120]",jpeg_color_clustering_bic,-1,4,4540,0.06927490234375,8,4,5470,"{""1"": -127027.22338649578, ""2"": -134433.31724628463, ""3"": -202638.72657070067, ""4"": -265681.16700325964, ""5"": -295431.44043242576, ""6"": -298186.0986263638, ""7"": -300518.4429652009, ""8"": -431544.94926649885}","[20681, 14054, 14018, 12243, 2588, 1056, 656, 240]","[20681, 14054, 14018, 12243]","[4, 5, 6, 7]","[2588, 1056, 656, 240]",bic,-431544.94926649885,ok
detexture_ade20k_multi,feature_cluster_coarse_global_pooled_oracle_k,training,100,training_ADE_train_00007803,detexture_multi_partition_v1,multi_partition_invariant,0.7786487030782485,0.7464466940146608,0.7292134457695923,3,8,3,1.0,0.9097391764322916,89431,98304,8873,3,3,True,hungarian_iou_assignment,"[0.8449682101342239, 0.919352677075655, 0.5716252220248668]","[{""pred_label"": 0, ""gt_label"": 0, ""iou"": 0.8449682101342239}, {""pred_label"": 1, ""gt_label"": 1, ""iou"": 0.919352677075655}, {""pred_label"": 2, ""gt_label"": 2, ""iou"": 0.5716252220248668}]",fpn_2,fpn_2,72x72,1,3,3,24x24,pooled_avg_pool_multi_way,False,False,False,,,,"[53392, 27952, 16960]",jpeg_color_clustering_bic,-1,5,8873,0.09026082356770833,8,3,6064,"{""1"": -236000.1092375831, ""2"": -247047.4053837354, ""3"": -299692.7541371114, ""4"": -404477.63494050107, ""5"": -405966.6100425454, ""6"": -638107.7031876637, ""7"": -690892.302988019, ""8"": -692107.3938850668}","[39643, 29830, 19958, 5584, 1913, 1054, 292, 30]","[39643, 29830, 19958]","[3, 4, 5, 6, 7]","[5584, 1913, 1054, 292, 30]",bic,-692107.3938850668,ok
detexture_ade20k_multi,feature_cluster_coarse_global_pooled_oracle_k,training,101,training_ADE_train_00007806,detexture_multi_partition_v1,multi_partition_invariant,0.920076857485743,0.8492008693839799,0.7918865805412607,2,8,2,1.0,0.8788604736328125,57597,65536,7939,2,2,True,hungarian_iou_assignment,"[0.9394566971490048, 0.900697017822481]","[{""pred_label"": 0, ""gt_label"": 0, ""iou"": 0.9394566971490048}, {""pred_label"": 1, ""gt_label"": 1, ""iou"": 0.900697017822481}]",fpn_2,fpn_2,72x72,1,3,3,24x24,pooled_avg_pool_multi_way,False,False,False,,,,"[35328, 30208]",jpeg_color_clustering_bic,-1,6,7939,0.1211395263671875,8,2,3847,"{""1"": -129126.59748982267, ""2"": -134382.70418515592, ""3"": -285327.34671167826, ""4"": -431782.63929804676, ""5"": -447934.4744000595, ""6"": -482731.5892158417, ""7"": -487250.9753368819, ""8"": -503391.61852478323}","[37180, 20417, 5235, 941, 649, 513, 333, 268]","[37180, 20417]","[2, 3, 4, 5, 6, 7]","[5235, 941, 649, 513, 333, 268]",bic,-503391.61852478323,ok
detexture_ade20k_multi,feature_cluster_coarse_global_pooled_oracle_k,training,102,training_ADE_train_00007820,detexture_multi_partition_v1,multi_partition_invariant,0.8564713427477664,0.7170413839648573,0.6791584469485595,2,8,2,1.0,0.754119873046875,49422,65536,16114,2,2,True,hungarian_iou_assignment,"[0.8432427956276913, 0.8696998898678414]","[{""pred_label"": 0, ""gt_label"": 1, ""iou"": 0.8432427956276913}, {""pred_label"": 1, ""gt_label"": 0, ""iou"": 0.8696998898678414}]",fpn_2,fpn_2,72x72,1,3,3,24x24,pooled_avg_pool_multi_way,False,False,False,,,,"[33010, 32526]",jpeg_color_clustering_bic,-1,6,16114,0.245880126953125,8,2,4631,"{""1"": -124317.74725652773, ""2"": -128290.87270832823, ""3"": -244724.49084552104, ""4"": -306077.0234860361, ""5"": -319306.4151469248, ""6"": -321911.0594073225, ""7"": -448346.54217104387, ""8"": -456016.25036583486}","[29056, 20366, 6659, 5991, 1754, 828, 616, 266]","[29056, 20366]","[2, 3, 4, 5, 6, 7]","[6659, 5991, 1754, 828, 616, 266]",bic,-456016.25036583486,ok
detexture_ade20k_multi,feature_cluster_coarse_global_pooled_oracle_k,training,103,training_ADE_train_00007821,detexture_multi_partition_v1,multi_partition_invariant,0.9500892827557111,0.9135876824662107,0.8553292789457151,2,8,2,1.0,0.8549957275390625,56033,65536,9503,2,2,True,hungarian_iou_assignment,"[0.9698706238582618, 0.9303079416531604]","[{""pred_label"": 0, ""gt_label"": 0, ""iou"": 0.9698706238582618}, {""pred_label"": 1, ""gt_label"": 1, ""iou"": 0.9303079416531604}]",fpn_2,fpn_2,72x72,1,3,3,24x24,pooled_avg_pool_multi_way,False,False,False,,,,"[44306, 21230]",jpeg_color_clustering_bic,-1,6,9503,0.1450042724609375,8,2,5463,"{""1"": -151607.18532573583, ""2"": -158451.54164395688, ""3"": -217395.24004869934, ""4"": -373333.7671982389, ""5"": -400988.67901917093, ""6"": -431437.2323535587, ""7"": -441084.3366956381, ""8"": -469468.17692438024}","[39953, 16080, 5835, 1160, 860, 755, 600, 293]","[39953, 16080]","[2, 3, 4, 5, 6, 7]","[5835, 1160, 860, 755, 600, 293]",bic,-469468.17692438024,ok
detexture_ade20k_multi,feature_cluster_coarse_global_pooled_oracle_k,training,104,training_ADE_train_00007823,detexture_multi_partition_v1,multi_partition_invariant,0.9692458974634093,0.938593394879581,0.890267756102231,2,5,2,1.0,0.861053466796875,56430,65536,9106,2,2,True,hungarian_iou_assignment,"[0.9704082318918555, 0.968083563034963]","[{""pred_label"": 0, ""gt_label"": 0, ""iou"": 0.9704082318918555}, {""pred_label"": 1, ""gt_label"": 1, ""iou"": 0.968083563034963}]",fpn_2,fpn_2,72x72,1,3,3,24x24,pooled_avg_pool_multi_way,False,False,False,,,,"[36615, 28921]",jpeg_color_clustering_bic,-1,3,9106,0.138946533203125,5,2,4363,"{""1"": -122320.71114625855, ""2"": -126197.82625332604, ""3"": -256614.1766273495, ""4"": -323251.06443244254, ""5"": -331356.51051485847, ""6"": -326935.65604611306, ""7"": -330395.19003851776, ""8"": -330958.344232156}","[29613, 26817, 7525, 796, 785]","[29613, 26817]","[2, 3, 4]","[7525, 796, 785]",bic,-331356.51051485847,ok
detexture_ade20k_multi,feature_cluster_coarse_global_pooled_oracle_k,training,105,training_ADE_train_00007828,detexture_multi_partition_v1,multi_partition_invariant,0.953022122448112,0.9772831908249147,0.9407730631549355,3,8,3,1.0,0.8576202392578125,56205,65536,9331,3,3,True,hungarian_iou_assignment,"[0.9995581998114986, 0.9368646759847522, 0.9226434915480852]","[{""pred_label"": 0, ""gt_label"": 0, ""iou"": 0.9995581998114986}, {""pred_label"": 1, ""gt_label"": 1, ""iou"": 0.9368646759847522}, {""pred_label"": 2, ""gt_label"": 2, ""iou"": 0.9226434915480852}]",fpn_2,fpn_2,72x72,1,3,3,24x24,pooled_avg_pool_multi_way,False,False,False,,,,"[40960, 12615, 11961]",jpeg_color_clustering_bic,-1,5,9331,0.1423797607421875,8,3,3718,"{""1"": -150805.27281951212, ""2"": -160474.52311207715, ""3"": -242555.7565129278, ""4"": -302571.01159891416, ""5"": -305362.63298494683, ""6"": -467226.53883566067, ""7"": -473687.14455022186, ""8"": -484075.62180629675}","[33939, 12562, 9704, 6808, 1072, 611, 595, 245]","[33939, 12562, 9704]","[3, 4, 5, 6, 7]","[6808, 1072, 611, 595, 245]",bic,-484075.62180629675,ok
detexture_ade20k_multi,feature_cluster_coarse_global_pooled_oracle_k,training,106,training_ADE_train_00007834,detexture_multi_partition_v1,multi_partition_invariant,0.9362285382673083,0.9074207971641437,0.8712809628330769,3,8,3,1.0,0.9382171630859375,61487,65536,4049,3,3,True,hungarian_iou_assignment,"[0.9337176954400678, 0.980814039958356, 0.8941538794035012]","[{""pred_label"": 0, ""gt_label"": 0, ""iou"": 0.9337176954400678}, {""pred_label"": 1, ""gt_label"": 1, ""iou"": 0.980814039958356}, {""pred_label"": 2, ""gt_label"": 2, ""iou"": 0.8941538794035012}]",fpn_2,fpn_2,72x72,1,3,3,24x24,pooled_avg_pool_multi_way,False,False,False,,,,"[24128, 21227, 20181]",jpeg_color_clustering_bic,-1,5,4049,0.0617828369140625,8,3,5368,"{""1"": -140619.5348772299, ""2"": -154307.1546046635, ""3"": -278614.25282617623, ""4"": -280402.1106461122, ""5"": -454077.29651593085, ""6"": -472592.5912139809, ""7"": -478342.9461499922, ""8"": -494214.39210965694}","[24544, 19915, 17028, 1502, 1433, 628, 322, 164]","[24544, 19915, 17028]","[3, 4, 5, 6, 7]","[1502, 1433, 628, 322, 164]",bic,-494214.39210965694,ok
detexture_ade20k_multi,feature_cluster_coarse_global_pooled_oracle_k,training,107,training_ADE_train_00007854,detexture_multi_partition_v1,multi_partition_invariant,0.9896325268033557,0.9806789252470793,0.9587584101548036,2,8,2,1.0,0.7839508056640625,51377,65536,14159,2,2,True,hungarian_iou_assignment,"[0.9924390243902439, 0.9868260292164674]","[{""pred_label"": 0, ""gt_label"": 0, ""iou"": 0.9924390243902439}, {""pred_label"": 1, ""gt_label"": 1, ""iou"": 0.9868260292164674}]",fpn_2,fpn_2,72x72,1,3,3,24x24,pooled_avg_pool_multi_way,False,False,False,,,,"[37945, 27591]",jpeg_color_clustering_bic,-1,6,14159,0.2160491943359375,8,2,2841,"{""1"": -130370.56913714136, ""2"": -134099.1526762462, ""3"": -230063.9203922494, ""4"": -316913.0289943861, ""5"": -443593.07697109465, ""6"": -460349.2941400856, ""7"": -471987.709382434, ""8"": -488623.85243807}","[32800, 18577, 6721, 5849, 599, 402, 346, 242]","[32800, 18577]","[2, 3, 4, 5, 6, 7]","[6721, 5849, 599, 402, 346, 242]",bic,-488623.85243807,ok
detexture_ade20k_multi,feature_cluster_coarse_global_pooled_oracle_k,training,108,training_ADE_train_00007855,detexture_multi_partition_v1,multi_partition_invariant,0.8266329209054036,0.718135196931871,0.7183209427033143,3,8,3,1.0,0.864044189453125,56626,65536,8910,3,3,True,hungarian_iou_assignment,"[0.7694375516956162, 0.8412090634713275, 0.8692521475492673]","[{""pred_label"": 0, ""gt_label"": 0, ""iou"": 0.7694375516956162}, {""pred_label"": 1, ""gt_label"": 1, ""iou"": 0.8412090634713275}, {""pred_label"": 2, ""gt_label"": 2, ""iou"": 0.8692521475492673}]",fpn_2,fpn_2,72x72,1,3,3,24x24,pooled_avg_pool_multi_way,False,False,False,,,,"[26130, 22336, 17070]",jpeg_color_clustering_bic,-1,5,8910,0.135955810546875,8,3,4624,"{""1"": -149094.55367904913, ""2"": -156084.63036745158, ""3"": -205076.1732477189, ""4"": -240326.28181502328, ""5"": -375420.00882826175, ""6"": -432014.7282043536, ""7"": -435044.738507717, ""8"": -453021.8489896636}","[23809, 18674, 14143, 6104, 1713, 715, 281, 97]","[23809, 18674, 14143]","[3, 4, 5, 6, 7]","[6104, 1713, 715, 281, 97]",bic,-453021.8489896636,ok
detexture_ade20k_multi,feature_cluster_coarse_global_pooled_oracle_k,training,109,training_ADE_train_00007856,detexture_multi_partition_v1,multi_partition_invariant,1.0,1.0,1.0000000000000002,2,8,2,1.0,0.7605133056640625,49841,65536,15695,2,2,True,hungarian_iou_assignment,"[1.0, 1.0]","[{""pred_label"": 0, ""gt_label"": 1, ""iou"": 1.0}, {""pred_label"": 1, ""gt_label"": 0, ""iou"": 1.0}]",fpn_2,fpn_2,72x72,1,3,3,24x24,pooled_avg_pool_multi_way,False,False,False,,,,"[33088, 32448]",jpeg_color_clustering_bic,-1,6,15695,0.2394866943359375,8,2,3954,"{""1"": -121569.02772718093, ""2"": -124848.86456795018, ""3"": -259554.42910179685, ""4"": -311481.14433646837, ""5"": -430605.938638713, ""6"": -452847.01772022987, ""7"": -466010.2543114731, ""8"": -473060.4961646603}","[29937, 19904, 7526, 6863, 502, 490, 179, 135]","[29937, 19904]","[2, 3, 4, 5, 6, 7]","[7526, 6863, 502, 490, 179, 135]",bic,-473060.4961646603,ok
detexture_ade20k_multi,feature_cluster_coarse_global_pooled_oracle_k,training,110,training_ADE_train_00007857,detexture_multi_partition_v1,multi_partition_invariant,0.7306921342475047,0.611416690335045,0.5899365963337523,3,8,3,1.0,0.8661346435546875,56763,65536,8773,3,3,True,hungarian_iou_assignment,"[0.6835162125508568, 0.85754489413026, 0.6510152960613974]","[{""pred_label"": 0, ""gt_label"": 2, ""iou"": 0.6835162125508568}, {""pred_label"": 1, ""gt_label"": 0, ""iou"": 0.85754489413026}, {""pred_label"": 2, ""gt_label"": 1, ""iou"": 0.6510152960613974}]",fpn_2,fpn_2,72x72,1,3,3,24x24,pooled_avg_pool_multi_way,False,False,False,,,,"[24276, 20847, 20413]",jpeg_color_clustering_bic,-1,5,8773,0.1338653564453125,8,3,4083,"{""1"": -140019.61440551022, ""2"": -148710.3237701456, ""3"": -165406.8955610645, ""4"": -248130.7538217191, ""5"": -441599.5903493362, ""6"": -459296.69797219767, ""7"": -480110.43672099744, ""8"": -483551.0538433638}","[21161, 18297, 17305, 6671, 920, 808, 317, 57]","[21161, 18297, 17305]","[3, 4, 5, 6, 7]","[6671, 920, 808, 317, 57]",bic,-483551.0538433638,ok
detexture_ade20k_multi,feature_cluster_coarse_global_pooled_oracle_k,training,111,training_ADE_train_00007860,detexture_multi_partition_v1,multi_partition_invariant,0.7608578601901524,0.6174970376519923,0.7033956336172733,4,8,4,1.0,0.94720458984375,62076,65536,3460,4,4,True,hungarian_iou_assignment,"[0.7002504264508402, 0.5935741426578808, 0.857497243660419, 0.8921096279914699]","[{""pred_label"": 0, ""gt_label"": 0, ""iou"": 0.7002504264508402}, {""pred_label"": 1, ""gt_label"": 1, ""iou"": 0.5935741426578808}, {""pred_label"": 2, ""gt_label"": 3, ""iou"": 0.857497243660419}, {""pred_label"": 3, ""gt_label"": 2, ""iou"": 0.8921096279914699}]",fpn_2,fpn_2,72x72,1,3,3,24x24,pooled_avg_pool_multi_way,False,False,False,,,,"[19633, 19524, 13824, 12555]",jpeg_color_clustering_bic,-1,4,3460,0.05279541015625,8,4,3996,"{""1"": -164765.43385492038, ""2"": -174496.48459822606, ""3"": -220288.29123209312, ""4"": -275195.91747610254, ""5"": -276020.8899254742, ""6"": -378837.13175130624, ""7"": -454526.8875027799, ""8"": -477686.1445092242}","[27214, 13680, 11849, 9333, 2104, 789, 285, 282]","[27214, 13680, 11849, 9333]","[4, 5, 6, 7]","[2104, 789, 285, 282]",bic,-477686.1445092242,ok
detexture_ade20k_multi,feature_cluster_coarse_global_pooled_oracle_k,training,112,training_ADE_train_00007905,detexture_multi_partition_v1,multi_partition_invariant,0.6801855460200846,0.7205521799303288,0.6742609564327332,3,8,3,1.0,0.9795583089192709,192589,196608,4019,3,3,True,hungarian_iou_assignment,"[0.9444106679636836, 0.4520876506255277, 0.644058319471043]","[{""pred_label"": 0, ""gt_label"": 0, ""iou"": 0.9444106679636836}, {""pred_label"": 1, ""gt_label"": 2, ""iou"": 0.4520876506255277}, {""pred_label"": 2, ""gt_label"": 1, ""iou"": 0.644058319471043}]",fpn_2,fpn_2,72x72,1,3,3,24x24,pooled_avg_pool_multi_way,False,False,False,,,,"[94544, 53520, 48544]",jpeg_color_clustering_bic,-1,5,4019,0.020441691080729168,8,3,4667,"{""1"": -433425.39153126156, ""2"": -446836.83066827094, ""3"": -677070.9659206413, ""4"": -1405021.5753254232, ""5"": -1449305.8674601566, ""6"": -1519160.3594538192, ""7"": -1611346.0741323228, ""8"": -1628607.2984609692}","[98563, 70165, 23861, 1527, 908, 899, 583, 102]","[98563, 70165, 23861]","[3, 4, 5, 6, 7]","[1527, 908, 899, 583, 102]",bic,-1628607.2984609692,ok
detexture_ade20k_multi,feature_cluster_coarse_global_pooled_oracle_k,training,113,training_ADE_train_00007913,detexture_multi_partition_v1,multi_partition_invariant,0.42216232794087294,0.29472198633570146,0.3995549565350671,4,8,4,1.0,0.7923653687774525,277087,349696,72609,4,4,True,hungarian_iou_assignment,"[0.5406770741975092, 0.3972148468055571, 0.6123800362408, 0.13837735451962538]","[{""pred_label"": 0, ""gt_label"": 2, ""iou"": 0.5406770741975092}, {""pred_label"": 1, ""gt_label"": 3, ""iou"": 0.3972148468055571}, {""pred_label"": 2, ""gt_label"": 1, ""iou"": 0.6123800362408}, {""pred_label"": 3, ""gt_label"": 0, ""iou"": 0.13837735451962538}]",fpn_2,fpn_2,72x72,1,3,3,24x24,pooled_avg_pool_multi_way,False,False,False,,,,"[126490, 104410, 73673, 45123]",jpeg_color_clustering_bic,-1,4,72609,0.20763463122254758,8,4,26390,"{""1"": -676392.683279877, ""2"": -830688.8540628718, ""3"": -966813.7942802006, ""4"": -1154616.27413036, ""5"": -1258250.21649023, ""6"": -1317771.2513065578, ""7"": -1368800.029628112, ""8"": -1727097.3561454187}","[114673, 71625, 47895, 42894, 37811, 14331, 12782, 7685]","[114673, 71625, 47895, 42894]","[4, 5, 6, 7]","[37811, 14331, 12782, 7685]",bic,-1727097.3561454187,ok
detexture_ade20k_multi,feature_cluster_coarse_global_pooled_oracle_k,training,114,training_ADE_train_00007914,detexture_multi_partition_v1,multi_partition_invariant,0.7980201220561215,0.7115505414780842,0.7153814533555507,3,8,3,1.0,0.7226692708333333,55501,76800,21299,3,3,True,hungarian_iou_assignment,"[0.6633293949381257, 0.9460907599781301, 0.7846402112521088]","[{""pred_label"": 0, ""gt_label"": 2, ""iou"": 0.6633293949381257}, {""pred_label"": 1, ""gt_label"": 1, ""iou"": 0.9460907599781301}, {""pred_label"": 2, ""gt_label"": 0, ""iou"": 0.7846402112521088}]",fpn_2,fpn_2,72x72,1,3,3,24x24,pooled_avg_pool_multi_way,False,False,False,,,,"[27330, 27350, 22120]",jpeg_color_clustering_bic,-1,5,21299,0.2773307291666667,8,3,9660,"{""1"": -162006.52941239756, ""2"": -180707.16571480178, ""3"": -233316.91181049176, ""4"": -249225.38851723773, ""5"": -287442.788371599, ""6"": -310302.8616945196, ""7"": -414504.75042853947, ""8"": -498240.45513172087}","[27091, 17319, 11091, 6332, 4912, 4337, 3633, 2085]","[27091, 17319, 11091]","[3, 4, 5, 6, 7]","[6332, 4912, 4337, 3633, 2085]",bic,-498240.45513172087,ok
detexture_ade20k_multi,feature_cluster_coarse_global_pooled_oracle_k,training,115,training_ADE_train_00007918,detexture_multi_partition_v1,multi_partition_invariant,0.8129244335060553,0.6770938904723074,0.7239855376438551,3,8,3,1.0,0.6731901041666667,51701,76800,25099,3,3,True,hungarian_iou_assignment,"[0.7765406814373488, 0.9845046173110032, 0.6777280017698136]","[{""pred_label"": 0, ""gt_label"": 0, ""iou"": 0.7765406814373488}, {""pred_label"": 1, ""gt_label"": 2, ""iou"": 0.9845046173110032}, {""pred_label"": 2, ""gt_label"": 1, ""iou"": 0.6777280017698136}]",fpn_2,fpn_2,72x72,1,3,3,24x24,pooled_avg_pool_multi_way,False,False,False,,,,"[27250, 26310, 23240]",jpeg_color_clustering_bic,-1,5,25099,0.3268098958333333,8,3,12221,"{""1"": -137177.01850740137, ""2"": -154836.6509938145, ""3"": -191577.51338322338, ""4"": -230568.8646829913, ""5"": -304269.9605289328, ""6"": -327099.1996442273, ""7"": -361883.10430715664, ""8"": -417227.26040553366}","[21210, 17722, 12769, 7949, 6631, 5666, 3667, 1186]","[21210, 17722, 12769]","[3, 4, 5, 6, 7]","[7949, 6631, 5666, 3667, 1186]",bic,-417227.26040553366,ok
detexture_ade20k_multi,feature_cluster_coarse_global_pooled_oracle_k,training,116,training_ADE_train_00007942,detexture_multi_partition_v1,multi_partition_invariant,0.5162517388786139,0.6036696053421416,0.6572924923117865,4,8,4,1.0,0.8986723565670934,75812,84360,8548,4,4,True,hungarian_iou_assignment,"[0.48013408609738883, 0.7570750858825454, 0.7875909315629634, 0.04020685197155786]","[{""pred_label"": 0, ""gt_label"": 3, ""iou"": 0.48013408609738883}, {""pred_label"": 1, ""gt_label"": 1, ""iou"": 0.7570750858825454}, {""pred_label"": 2, ""gt_label"": 0, ""iou"": 0.7875909315629634}, {""pred_label"": 3, ""gt_label"": 2, ""iou"": 0.04020685197155786}]",fpn_2,fpn_2,72x72,1,3,3,24x24,pooled_avg_pool_multi_way,False,False,False,,,,"[29259, 23134, 22802, 9165]",jpeg_color_clustering_bic,-1,4,8548,0.1013276434329066,8,4,6386,"{""1"": -182306.45907333476, ""2"": -190504.35944332302, ""3"": -246420.6013571904, ""4"": -355764.88635896944, ""5"": -392217.9983789481, ""6"": -546712.8886278905, ""7"": -574869.419692662, ""8"": -578343.6737354863}","[28001, 20045, 13973, 13793, 6377, 1133, 846, 192]","[28001, 20045, 13973, 13793]","[4, 5, 6, 7]","[6377, 1133, 846, 192]",bic,-578343.6737354863,ok
detexture_ade20k_multi,feature_cluster_coarse_global_pooled_oracle_k,training,117,training_ADE_train_00007944,detexture_multi_partition_v1,multi_partition_invariant,0.8587911743987778,0.8063524907456866,0.7692231720722744,3,8,3,1.0,0.96265625,73932,76800,2868,3,3,True,hungarian_iou_assignment,"[0.9088611122168704, 0.9000265886732252, 0.7674858223062382]","[{""pred_label"": 0, ""gt_label"": 0, ""iou"": 0.9088611122168704}, {""pred_label"": 1, ""gt_label"": 1, ""iou"": 0.9000265886732252}, {""pred_label"": 2, ""gt_label"": 2, ""iou"": 0.7674858223062382}]",fpn_2,fpn_2,72x72,1,3,3,24x24,pooled_avg_pool_multi_way,False,False,False,,,,"[46160, 16400, 14240]",jpeg_color_clustering_bic,-1,5,2868,0.03734375,8,3,3968,"{""1"": -175731.8491851565, ""2"": -265035.0991344182, ""3"": -291355.4173576138, ""4"": -478539.69054182013, ""5"": -489929.85543529864, ""6"": -506920.1687856794, ""7"": -550328.1002049807, ""8"": -554036.8816359758}","[50242, 13540, 10150, 988, 876, 483, 340, 181]","[50242, 13540, 10150]","[3, 4, 5, 6, 7]","[988, 876, 483, 340, 181]",bic,-554036.8816359758,ok
detexture_ade20k_multi,feature_cluster_coarse_global_pooled_oracle_k,training,118,training_ADE_train_00007945,detexture_multi_partition_v1,multi_partition_invariant,0.9262242187603542,0.8550821011687686,0.7661569439198411,2,8,2,1.0,0.7276666498715171,57768,79388,21620,2,2,True,hungarian_iou_assignment,"[0.9166634722275463, 0.935784965293162]","[{""pred_label"": 0, ""gt_label"": 1, ""iou"": 0.9166634722275463}, {""pred_label"": 1, ""gt_label"": 0, ""iou"": 0.935784965293162}]",fpn_2,fpn_2,72x72,1,3,3,24x24,pooled_avg_pool_multi_way,False,False,False,,,,"[45796, 33592]",jpeg_color_clustering_bic,-1,6,21620,0.2723333501284829,8,2,5526,"{""1"": -185143.9354669247, ""2"": -201651.6555316851, ""3"": -248871.74179279694, ""4"": -355411.23927718, ""5"": -356697.45025281055, ""6"": -437586.650980974, ""7"": -569148.8165086969, ""8"": -571410.1475534135}","[32728, 25040, 8612, 7417, 3710, 1547, 282, 52]","[32728, 25040]","[2, 3, 4, 5, 6, 7]","[8612, 7417, 3710, 1547, 282, 52]",bic,-571410.1475534135,ok
detexture_ade20k_multi,feature_cluster_coarse_global_pooled_oracle_k,training,119,training_ADE_train_00007947,detexture_multi_partition_v1,multi_partition_invariant,0.9091088566300684,0.8901208880099862,0.8518384975806211,3,8,3,1.0,0.971671401979034,198357,204140,5783,3,3,True,hungarian_iou_assignment,"[0.9700943853674489, 0.8928901561014986, 0.8643420284212575]","[{""pred_label"": 0, ""gt_label"": 0, ""iou"": 0.9700943853674489}, {""pred_label"": 1, ""gt_label"": 1, ""iou"": 0.8928901561014986}, {""pred_label"": 2, ""gt_label"": 2, ""iou"": 0.8643420284212575}]",fpn_2,fpn_2,72x72,1,3,3,24x24,pooled_avg_pool_multi_way,False,False,False,,,,"[90317, 70307, 43516]",jpeg_color_clustering_bic,-1,5,5783,0.028328598020966003,8,3,6353,"{""1"": -357966.6281198167, ""2"": -732591.2041696735, ""3"": -810788.5112278868, ""4"": -1381698.9575956326, ""5"": -1425794.135167575, ""6"": -1469505.7631461266, ""7"": -1534609.2451317974, ""8"": -1596467.8818079506}","[86345, 76491, 35521, 2107, 1322, 998, 925, 431]","[86345, 76491, 35521]","[3, 4, 5, 6, 7]","[2107, 1322, 998, 925, 431]",bic,-1596467.8818079506,ok
detexture_ade20k_multi,feature_cluster_coarse_global_pooled_oracle_k,training,120,training_ADE_train_00007949,detexture_multi_partition_v1,multi_partition_invariant,0.5794486875863344,0.6238564375487298,0.5826055052954776,3,8,3,1.0,0.7807300464527027,295803,378880,83077,3,3,True,hungarian_iou_assignment,"[0.9114855732502791, 0.6450898012947368, 0.18177068821398717]","[{""pred_label"": 0, ""gt_label"": 0, ""iou"": 0.9114855732502791}, {""pred_label"": 1, ""gt_label"": 1, ""iou"": 0.6450898012947368}, {""pred_label"": 2, ""gt_label"": 2, ""iou"": 0.18177068821398717}]",fpn_2,fpn_2,72x72,1,3,3,24x24,pooled_avg_pool_multi_way,False,False,False,,,,"[171392, 144420, 63068]",jpeg_color_clustering_bic,-1,5,83077,0.2192699535472973,8,3,10053,"{""1"": -604665.7824820861, ""2"": -860414.5581858662, ""3"": -1348010.500520799, ""4"": -1695069.4425052754, ""5"": -2664331.280492011, ""6"": -2746806.908087621, ""7"": -2860649.5621834826, ""8"": -2946162.3425009158}","[125180, 123854, 46769, 43112, 34609, 2514, 1805, 1037]","[125180, 123854, 46769]","[3, 4, 5, 6, 7]","[43112, 34609, 2514, 1805, 1037]",bic,-2946162.3425009158,ok
detexture_ade20k_multi,feature_cluster_coarse_global_pooled_oracle_k,training,121,training_ADE_train_00007950,detexture_multi_partition_v1,multi_partition_invariant,0.9045924886328418,0.8539563047959506,0.8238762134894602,3,8,3,1.0,0.9592444444444445,64749,67500,2751,3,3,True,hungarian_iou_assignment,"[0.8952215521761929, 0.9516733918822692, 0.8668825218400635]","[{""pred_label"": 0, ""gt_label"": 0, ""iou"": 0.8952215521761929}, {""pred_label"": 1, ""gt_label"": 1, ""iou"": 0.9516733918822692}, {""pred_label"": 2, ""gt_label"": 2, ""iou"": 0.8668825218400635}]",fpn_2,fpn_2,72x72,1,3,3,24x24,pooled_avg_pool_multi_way,False,False,False,,,,"[28301, 22061, 17138]",jpeg_color_clustering_bic,-1,5,2751,0.04075555555555556,8,3,3455,"{""1"": -131501.801350221, ""2"": -136469.03858712813, ""3"": -240450.96997918928, ""4"": -443297.48654320446, ""5"": -462338.0000132462, ""6"": -498194.7609326767, ""7"": -520778.2887745844, ""8"": -527867.8234666067}","[30284, 20178, 14287, 804, 719, 705, 311, 212]","[30284, 20178, 14287]","[3, 4, 5, 6, 7]","[804, 719, 705, 311, 212]",bic,-527867.8234666067,ok
detexture_ade20k_multi,feature_cluster_coarse_global_pooled_oracle_k,training,122,training_ADE_train_00008044,detexture_multi_partition_v1,multi_partition_invariant,0.9325420268288873,0.9441404093145213,0.8788898418078346,3,8,3,1.0,0.9604203539823009,86822,90400,3578,3,3,True,hungarian_iou_assignment,"[0.979457427982413, 0.9401705140350003, 0.8779981384692489]","[{""pred_label"": 0, ""gt_label"": 0, ""iou"": 0.979457427982413}, {""pred_label"": 1, ""gt_label"": 1, ""iou"": 0.9401705140350003}, {""pred_label"": 2, ""gt_label"": 2, ""iou"": 0.8779981384692489}]",fpn_2,fpn_2,72x72,1,3,3,24x24,pooled_avg_pool_multi_way,False,False,False,,,,"[54890, 20575, 14935]",jpeg_color_clustering_bic,-1,5,3578,0.039579646017699116,8,3,4999,"{""1"": -170457.23546823463, ""2"": -176563.0479293331, ""3"": -356461.3802316297, ""4"": -572511.4396853527, ""5"": -595500.321130586, ""6"": -627507.4550258152, ""7"": -671327.975196042, ""8"": -680412.483980288}","[54773, 19305, 12744, 1137, 882, 657, 568, 334]","[54773, 19305, 12744]","[3, 4, 5, 6, 7]","[1137, 882, 657, 568, 334]",bic,-680412.483980288,ok
detexture_ade20k_multi,feature_cluster_coarse_global_pooled_oracle_k,training,123,training_ADE_train_00008081,detexture_multi_partition_v1,multi_partition_invariant,0.41080113415944175,0.1456506187088049,0.23652126980667404,3,8,3,1.0,0.857452392578125,56194,65536,9342,3,3,True,hungarian_iou_assignment,"[0.33983539094650206, 0.4049985093908377, 0.4875695021409855]","[{""pred_label"": 0, ""gt_label"": 2, ""iou"": 0.33983539094650206}, {""pred_label"": 1, ""gt_label"": 0, ""iou"": 0.4049985093908377}, {""pred_label"": 2, ""gt_label"": 1, ""iou"": 0.4875695021409855}]",fpn_2,fpn_2,72x72,1,3,3,24x24,pooled_avg_pool_multi_way,False,False,False,,,,"[24235, 23890, 17411]",jpeg_color_clustering_bic,-1,5,9342,0.142547607421875,8,3,9485,"{""1"": -128690.50746637753, ""2"": -139053.57295556553, ""3"": -239405.9980682804, ""4"": -266925.17948772875, ""5"": -281982.05703490996, ""6"": -286995.9217755384, ""7"": -394597.27541071345, ""8"": -400325.0830445399}","[35246, 10762, 10186, 4719, 1686, 1530, 960, 447]","[35246, 10762, 10186]","[3, 4, 5, 6, 7]","[4719, 1686, 1530, 960, 447]",bic,-400325.0830445399,ok
detexture_ade20k_multi,feature_cluster_coarse_global_pooled_oracle_k,training,124,training_ADE_train_00008095,detexture_multi_partition_v1,multi_partition_invariant,0.9649901668838209,0.9310817293594918,0.8780592259440958,2,8,2,1.0,0.8477020263671875,55555,65536,9981,2,2,True,hungarian_iou_assignment,"[0.9606034866318812, 0.9693768471357606]","[{""pred_label"": 0, ""gt_label"": 1, ""iou"": 0.9606034866318812}, {""pred_label"": 1, ""gt_label"": 0, ""iou"": 0.9693768471357606}]",fpn_2,fpn_2,72x72,1,3,3,24x24,pooled_avg_pool_multi_way,False,False,False,,,,"[34006, 31530]",jpeg_color_clustering_bic,-1,6,9981,0.1522979736328125,8,2,5739,"{""1"": -118565.62052144656, ""2"": -126641.11450041468, ""3"": -249075.61759945672, ""4"": -321195.388419538, ""5"": -383419.62936794903, ""6"": -393424.8062447764, ""7"": -426356.2654157409, ""8"": -429155.7516786539}","[31658, 23897, 3868, 2598, 1135, 1084, 967, 329]","[31658, 23897]","[2, 3, 4, 5, 6, 7]","[3868, 2598, 1135, 1084, 967, 329]",bic,-429155.7516786539,ok
detexture_ade20k_multi,feature_cluster_coarse_global_pooled_oracle_k,training,125,training_ADE_train_00008120,detexture_multi_partition_v1,multi_partition_invariant,0.43301076476644185,0.05390312980633042,0.03637220525986524,2,8,2,1.0,0.7257843017578125,47565,65536,17971,2,2,True,hungarian_iou_assignment,"[0.5189291937272296, 0.3470923358056541]","[{""pred_label"": 0, ""gt_label"": 0, ""iou"": 0.5189291937272296}, {""pred_label"": 1, ""gt_label"": 1, ""iou"": 0.3470923358056541}]",fpn_2,fpn_2,72x72,1,3,3,24x24,pooled_avg_pool_multi_way,False,False,False,,,,"[40384, 25152]",jpeg_color_clustering_bic,-1,6,17971,0.2742156982421875,8,2,11956,"{""1"": -148422.0790927562, ""2"": -165487.70668732072, ""3"": -238456.77444290248, ""4"": -259106.84892186534, ""5"": -296488.46375718416, ""6"": -317873.2914860748, ""7"": -328842.00863342837, ""8"": -339759.44951863383}","[31763, 15802, 6336, 4051, 3547, 2144, 1060, 833]","[31763, 15802]","[2, 3, 4, 5, 6, 7]","[6336, 4051, 3547, 2144, 1060, 833]",bic,-339759.44951863383,ok
detexture_ade20k_multi,feature_cluster_coarse_global_pooled_oracle_k,training,126,training_ADE_train_00008137,detexture_multi_partition_v1,multi_partition_invariant,0.36843805524147955,-0.040533826127700984,0.026077314389865724,2,8,2,1.0,0.7557373046875,49528,65536,16008,2,2,True,hungarian_iou_assignment,"[0.7368761104829591, 0.0]","[{""pred_label"": 0, ""gt_label"": 0, ""iou"": 0.7368761104829591}, {""pred_label"": 1, ""gt_label"": 1, ""iou"": 0.0}]",fpn_2,fpn_2,72x72,1,3,3,24x24,pooled_avg_pool_multi_way,False,False,False,,,,"[57344, 8192]",jpeg_color_clustering_bic,-1,6,16008,0.2442626953125,8,2,6954,"{""1"": -131888.19443888759, ""2"": -152188.18640637372, ""3"": -193752.6096541117, ""4"": -249409.41873391668, ""5"": -416212.1723333862, ""6"": -425860.64659892174, ""7"": -437601.44274665305, ""8"": -442103.7649183165}","[38162, 11366, 7143, 6402, 1622, 577, 197, 67]","[38162, 11366]","[2, 3, 4, 5, 6, 7]","[7143, 6402, 1622, 577, 197, 67]",bic,-442103.7649183165,ok
detexture_ade20k_multi,feature_cluster_coarse_global_pooled_oracle_k,training,127,training_ADE_train_00008148,detexture_multi_partition_v1,multi_partition_invariant,0.4460543902482958,0.49816615244518553,0.5044637761628958,3,8,3,1.0,0.868255615234375,56902,65536,8634,3,3,True,hungarian_iou_assignment,"[0.757263210060088, 0.5808999606847993, 0.0]","[{""pred_label"": 0, ""gt_label"": 0, ""iou"": 0.757263210060088}, {""pred_label"": 1, ""gt_label"": 1, ""iou"": 0.5808999606847993}, {""pred_label"": 2, ""gt_label"": 2, ""iou"": 0.0}]",fpn_2,fpn_2,72x72,1,3,3,24x24,pooled_avg_pool_multi_way,False,False,False,,,,"[27726, 27744, 10066]",jpeg_color_clustering_bic,-1,5,8634,0.131744384765625,8,3,8663,"{""1"": -145567.39387237304, ""2"": -169169.90333152443, ""3"": -219676.82767972225, ""4"": -303759.9525130135, ""5"": -362984.9254593082, ""6"": -408158.8565817603, ""7"": -417084.6548606611, ""8"": -421312.5144247305}","[29820, 18964, 8118, 3249, 2440, 1784, 613, 548]","[29820, 18964, 8118]","[3, 4, 5, 6, 7]","[3249, 2440, 1784, 613, 548]",bic,-421312.5144247305,ok
detexture_ade20k_multi,feature_cluster_coarse_global_pooled_oracle_k,training,128,training_ADE_train_00008157,detexture_multi_partition_v1,multi_partition_invariant,0.9076934908839518,0.8456919552527887,0.7482408660234867,2,8,2,1.0,0.733154296875,48048,65536,17488,2,2,True,hungarian_iou_assignment,"[0.9492354909171344, 0.8661514908507691]","[{""pred_label"": 0, ""gt_label"": 0, ""iou"": 0.9492354909171344}, {""pred_label"": 1, ""gt_label"": 1, ""iou"": 0.8661514908507691}]",fpn_2,fpn_2,72x72,1,3,3,24x24,pooled_avg_pool_multi_way,False,False,False,,,,"[46787, 18749]",jpeg_color_clustering_bic,-1,6,17488,0.266845703125,8,2,9177,"{""1"": -127984.32171521752, ""2"": -143051.7070404657, ""3"": -227237.12261115963, ""4"": -244092.73829692794, ""5"": -271532.5902636461, ""6"": -371627.9698726958, ""7"": -396811.3355583506, ""8"": -415618.9013049886}","[35936, 12112, 7115, 4002, 2208, 1777, 1714, 672]","[35936, 12112]","[2, 3, 4, 5, 6, 7]","[7115, 4002, 2208, 1777, 1714, 672]",bic,-415618.9013049886,ok
detexture_ade20k_multi,feature_cluster_coarse_global_pooled_oracle_k,training,129,training_ADE_train_00008204,detexture_multi_partition_v1,multi_partition_invariant,0.5358087873653038,0.7540658251111095,0.6365155396507225,3,8,3,1.0,0.7484272053440703,261722,349696,87974,3,3,True,hungarian_iou_assignment,"[0.9485992487085158, 0.5574308024065303, 0.10139631098086536]","[{""pred_label"": 0, ""gt_label"": 0, ""iou"": 0.9485992487085158}, {""pred_label"": 1, ""gt_label"": 1, ""iou"": 0.5574308024065303}, {""pred_label"": 2, ""gt_label"": 2, ""iou"": 0.10139631098086536}]",fpn_2,fpn_2,72x72,1,3,3,24x24,pooled_avg_pool_multi_way,False,False,False,,,,"[190821, 94436, 64439]",jpeg_color_clustering_bic,-1,5,87974,0.25157279465592974,8,3,26689,"{""1"": -818804.1730546204, ""2"": -900600.1868069947, ""3"": -1102114.4073685564, ""4"": -1408824.3287087388, ""5"": -1472710.1836976544, ""6"": -1600556.3831591634, ""7"": -1669831.8123404256, ""8"": -1693465.3736370471}","[151669, 65938, 44115, 32599, 31773, 12580, 6056, 4966]","[151669, 65938, 44115]","[3, 4, 5, 6, 7]","[32599, 31773, 12580, 6056, 4966]",bic,-1693465.3736370471,ok
detexture_ade20k_multi,feature_cluster_coarse_global_pooled_oracle_k,training,130,training_ADE_train_00008211,detexture_multi_partition_v1,multi_partition_invariant,0.5427230606424166,0.5434968488872556,0.5129804797474699,4,8,4,1.0,0.7699509063001628,131426,170694,39268,4,4,True,hungarian_iou_assignment,"[0.8120269793341438, 0.6334970489908787, 0.3168368050765623, 0.4085314091680815]","[{""pred_label"": 0, ""gt_label"": 0, ""iou"": 0.8120269793341438}, {""pred_label"": 1, ""gt_label"": 1, ""iou"": 0.6334970489908787}, {""pred_label"": 2, ""gt_label"": 3, ""iou"": 0.3168368050765623}, {""pred_label"": 3, ""gt_label"": 2, ""iou"": 0.4085314091680815}]",fpn_2,fpn_2,72x72,1,3,3,24x24,pooled_avg_pool_multi_way,False,False,False,,,,"[66059, 42685, 35551, 26399]",jpeg_color_clustering_bic,-1,4,39268,0.23004909369983714,8,4,19693,"{""1"": -289306.2775792897, ""2"": -382383.7492054489, ""3"": -442113.9763751257, ""4"": -569400.8387007945, ""5"": -629860.2525280768, ""6"": -728236.2618020854, ""7"": -765295.9629956939, ""8"": -766716.0912478433}","[42783, 37976, 28782, 21885, 18546, 16670, 3827, 225]","[42783, 37976, 28782, 21885]","[4, 5, 6, 7]","[18546, 16670, 3827, 225]",bic,-766716.0912478433,ok
detexture_ade20k_multi,feature_cluster_coarse_global_pooled_oracle_k,training,131,training_ADE_train_00008213,detexture_multi_partition_v1,multi_partition_invariant,0.6274686165336134,0.32432593416781713,0.36868593742002836,2,8,2,1.0,0.7827301025390625,51297,65536,14239,2,2,True,hungarian_iou_assignment,"[0.7108092515865108, 0.544127981480716]","[{""pred_label"": 0, ""gt_label"": 0, ""iou"": 0.7108092515865108}, {""pred_label"": 1, ""gt_label"": 1, ""iou"": 0.544127981480716}]",fpn_2,fpn_2,72x72,1,3,3,24x24,pooled_avg_pool_multi_way,False,False,False,,,,"[40562, 24974]",jpeg_color_clustering_bic,-1,6,14239,0.2172698974609375,8,2,8920,"{""1"": -125947.43556739025, ""2"": -132678.28472825256, ""3"": -244277.06029136784, ""4"": -275606.97435905476, ""5"": -303517.03778231755, ""6"": -312007.69095101743, ""7"": -413958.98355104047, ""8"": -415692.66917121684}","[27238, 24059, 7736, 2755, 1422, 1228, 1012, 86]","[27238, 24059]","[2, 3, 4, 5, 6, 7]","[7736, 2755, 1422, 1228, 1012, 86]",bic,-415692.66917121684,ok
detexture_ade20k_multi,feature_cluster_coarse_global_pooled_oracle_k,training,132,training_ADE_train_00008222,detexture_multi_partition_v1,multi_partition_invariant,0.47182200175772665,0.3703321456925939,0.49701534961310745,3,8,3,1.0,0.7982476207906296,279144,349696,70552,3,3,True,hungarian_iou_assignment,"[0.5007852946309115, 0.9026413638276974, 0.01203934681457106]","[{""pred_label"": 0, ""gt_label"": 0, ""iou"": 0.5007852946309115}, {""pred_label"": 1, ""gt_label"": 2, ""iou"": 0.9026413638276974}, {""pred_label"": 2, ""gt_label"": 1, ""iou"": 0.01203934681457106}]",fpn_2,fpn_2,72x72,1,3,3,24x24,pooled_avg_pool_multi_way,False,False,False,,,,"[227352, 81600, 40744]",jpeg_color_clustering_bic,-1,5,70552,0.20175237920937042,8,3,15402,"{""1"": -690330.2707278802, ""2"": -832753.3708509023, ""3"": -1098334.6064727558, ""4"": -1237132.2299517058, ""5"": -1844177.7436934162, ""6"": -1926730.7260360578, ""7"": -1944918.4933308645, ""8"": -2388416.4415273424}","[118394, 107172, 53578, 33138, 17533, 14436, 4389, 1056]","[118394, 107172, 53578]","[3, 4, 5, 6, 7]","[33138, 17533, 14436, 4389, 1056]",bic,-2388416.4415273424,ok
detexture_ade20k_multi,feature_cluster_coarse_global_pooled_oracle_k,training,133,training_ADE_train_00008235,detexture_multi_partition_v1,multi_partition_invariant,0.5641080988800202,0.48057535489675546,0.5761616665337856,4,8,4,1.0,0.9622904459635416,378388,393216,14828,4,4,True,hungarian_iou_assignment,"[0.4734344790321083, 0.6946926590113871, 0.2721559252761659, 0.8161493322004195]","[{""pred_label"": 0, ""gt_label"": 3, ""iou"": 0.4734344790321083}, {""pred_label"": 1, ""gt_label"": 0, ""iou"": 0.6946926590113871}, {""pred_label"": 2, ""gt_label"": 1, ""iou"": 0.2721559252761659}, {""pred_label"": 3, ""gt_label"": 2, ""iou"": 0.8161493322004195}]",fpn_2,fpn_2,72x72,1,3,3,24x24,pooled_avg_pool_multi_way,False,False,False,,,,"[122912, 106400, 82784, 81120]",jpeg_color_clustering_bic,-1,4,14828,0.037709554036458336,8,4,12857,"{""1"": -864133.1126654434, ""2"": -937523.0965222218, ""3"": -1197214.3686695485, ""4"": -1570409.5567135382, ""5"": -2553334.881961904, ""6"": -2594602.6829755236, ""7"": -2963565.17839727, ""8"": -3008305.300846707}","[142856, 116078, 62152, 57302, 7113, 4376, 2207, 1132]","[142856, 116078, 62152, 57302]","[4, 5, 6, 7]","[7113, 4376, 2207, 1132]",bic,-3008305.300846707,ok
detexture_ade20k_multi,feature_cluster_coarse_global_pooled_oracle_k,training,134,training_ADE_train_00008575,detexture_multi_partition_v1,multi_partition_invariant,0.8328584915224754,0.8086978910682018,0.7696377967580811,4,8,4,1.0,0.8406380208333334,64561,76800,12239,4,4,True,hungarian_iou_assignment,"[0.7516145057128664, 0.9216969582823241, 0.8781240514013964, 0.7799984506933147]","[{""pred_label"": 0, ""gt_label"": 2, ""iou"": 0.7516145057128664}, {""pred_label"": 1, ""gt_label"": 0, ""iou"": 0.9216969582823241}, {""pred_label"": 2, ""gt_label"": 1, ""iou"": 0.8781240514013964}, {""pred_label"": 3, ""gt_label"": 3, ""iou"": 0.7799984506933147}]",fpn_2,fpn_2,72x72,1,3,3,24x24,pooled_avg_pool_multi_way,False,False,False,,,,"[22540, 21740, 17740, 14780]",jpeg_color_clustering_bic,-1,4,12239,0.15936197916666667,8,4,9514,"{""1"": -113037.77213389726, ""2"": -163895.64270813385, ""3"": -206477.89417857688, ""4"": -306071.0994349397, ""5"": -332704.0962231289, ""6"": -337465.3062810968, ""7"": -401455.25405153853, ""8"": -405425.3836918001}","[19695, 19512, 13729, 11625, 8744, 1520, 1271, 704]","[19695, 19512, 13729, 11625]","[4, 5, 6, 7]","[8744, 1520, 1271, 704]",bic,-405425.3836918001,ok
detexture_ade20k_multi,feature_cluster_coarse_global_pooled_oracle_k,training,135,training_ADE_train_00008647,detexture_multi_partition_v1,multi_partition_invariant,0.45661740863256906,0.47120994433380736,0.6093622078324022,4,8,4,1.0,0.8737303257686676,305540,349696,44156,4,4,True,hungarian_iou_assignment,"[0.4810052654998517, 0.8260558443834336, 0.5095962616302518, 0.00981226301673911]","[{""pred_label"": 0, ""gt_label"": 2, ""iou"": 0.4810052654998517}, {""pred_label"": 1, ""gt_label"": 1, ""iou"": 0.8260558443834336}, {""pred_label"": 2, ""gt_label"": 0, ""iou"": 0.5095962616302518}, {""pred_label"": 3, ""gt_label"": 3, ""iou"": 0.00981226301673911}]",fpn_2,fpn_2,72x72,1,3,3,24x24,pooled_avg_pool_multi_way,False,False,False,,,,"[110762, 98064, 76332, 64538]",jpeg_color_clustering_bic,-1,4,44156,0.12626967423133237,8,4,9360,"{""1"": -596068.2159776009, ""2"": -865395.7843582231, ""3"": -1222577.3490979213, ""4"": -1766842.5698838308, ""5"": -1773725.4322960137, ""6"": -2730355.361434536, ""7"": -2879604.957904045, ""8"": -2905635.428959034}","[142837, 58805, 53721, 50177, 40286, 2801, 721, 348]","[142837, 58805, 53721, 50177]","[4, 5, 6, 7]","[40286, 2801, 721, 348]",bic,-2905635.428959034,ok
detexture_ade20k_multi,feature_cluster_coarse_global_pooled_oracle_k,training,136,training_ADE_train_00008660,detexture_multi_partition_v1,multi_partition_invariant,0.9332985942679279,0.8667637600495443,0.7868780976363949,2,8,2,1.0,0.837755714941879,71133,84909,13776,2,2,True,hungarian_iou_assignment,"[0.933866925377961, 0.9327302631578948]","[{""pred_label"": 0, ""gt_label"": 0, ""iou"": 0.933866925377961}, {""pred_label"": 1, ""gt_label"": 1, ""iou"": 0.9327302631578948}]",fpn_2,fpn_2,72x72,1,3,3,24x24,pooled_avg_pool_multi_way,False,False,False,,,,"[47773, 37136]",jpeg_color_clustering_bic,-1,6,13776,0.16224428505812105,8,2,9451,"{""1"": -196211.12343649153, ""2"": -285831.95647816564, ""3"": -312992.1076224657, ""4"": -338436.9153923252, ""5"": -387338.2467809447, ""6"": -400048.09278735676, ""7"": -414881.9847645971, ""8"": -416497.20575783815}","[36335, 34798, 6824, 2437, 2385, 945, 888, 297]","[36335, 34798]","[2, 3, 4, 5, 6, 7]","[6824, 2437, 2385, 945, 888, 297]",bic,-416497.20575783815,ok
detexture_ade20k_multi,feature_cluster_coarse_global_pooled_oracle_k,training,137,training_ADE_train_00008661,detexture_multi_partition_v1,multi_partition_invariant,0.4105329904637985,0.4802066851011214,0.6311388275084383,3,8,3,1.0,0.9560835798816568,330912,346112,15200,3,3,True,hungarian_iou_assignment,"[0.5572710463913757, 0.6734792153530204, 0.0008487096469996543]","[{""pred_label"": 0, ""gt_label"": 1, ""iou"": 0.5572710463913757}, {""pred_label"": 1, ""gt_label"": 0, ""iou"": 0.6734792153530204}, {""pred_label"": 2, ""gt_label"": 2, ""iou"": 0.0008487096469996543}]",fpn_2,fpn_2,72x72,1,3,3,24x24,pooled_avg_pool_multi_way,False,False,False,,,,"[195523, 96091, 54498]",jpeg_color_clustering_bic,-1,5,15200,0.043916420118343194,8,3,8036,"{""1"": -803168.5428013873, ""2"": -826881.3541005328, ""3"": -1035137.0980661222, ""4"": -1889500.706552306, ""5"": -1905709.1234366766, ""6"": -2446773.292648853, ""7"": -2483836.54007276, ""8"": -2507264.6208513277}","[140806, 107694, 82412, 9551, 2104, 1614, 1421, 510]","[140806, 107694, 82412]","[3, 4, 5, 6, 7]","[9551, 2104, 1614, 1421, 510]",bic,-2507264.6208513277,ok
detexture_ade20k_multi,feature_cluster_coarse_global_pooled_oracle_k,training,138,training_ADE_train_00008665,detexture_multi_partition_v1,multi_partition_invariant,0.5497142331415906,0.6470377873268086,0.6784793372018787,4,8,4,1.0,0.9810467888327206,273249,278528,5279,4,4,True,hungarian_iou_assignment,"[0.7865429892491419, 0.86752598442797, 0.528961004208529, 0.01582695468072191]","[{""pred_label"": 0, ""gt_label"": 0, ""iou"": 0.7865429892491419}, {""pred_label"": 1, ""gt_label"": 2, ""iou"": 0.86752598442797}, {""pred_label"": 2, ""gt_label"": 1, ""iou"": 0.528961004208529}, {""pred_label"": 3, ""gt_label"": 3, ""iou"": 0.01582695468072191}]",fpn_2,fpn_2,72x72,1,3,3,24x24,pooled_avg_pool_multi_way,False,False,False,,,,"[141941, 53132, 49278, 34177]",jpeg_color_clustering_bic,-1,4,5279,0.01895321116727941,8,4,9513,"{""1"": -552474.7801155165, ""2"": -565206.8894616634, ""3"": -931452.4440631786, ""4"": -1228429.3650834898, ""5"": -1282832.3659298662, ""6"": -1961476.813887379, ""7"": -1975553.1306427643, ""8"": -2040586.8268628651}","[110931, 76717, 50860, 34741, 2285, 1517, 881, 596]","[110931, 76717, 50860, 34741]","[4, 5, 6, 7]","[2285, 1517, 881, 596]",bic,-2040586.8268628651,ok
detexture_ade20k_multi,feature_cluster_coarse_global_pooled_oracle_k,training,139,training_ADE_train_00008666,detexture_multi_partition_v1,multi_partition_invariant,0.9009408300563542,0.8466998916365628,0.8297559497171384,3,8,3,1.0,0.8447422904465594,295403,349696,54293,3,3,True,hungarian_iou_assignment,"[0.9012180465781011, 0.8054607508532423, 0.9961436927377193]","[{""pred_label"": 0, ""gt_label"": 0, ""iou"": 0.9012180465781011}, {""pred_label"": 1, ""gt_label"": 2, ""iou"": 0.8054607508532423}, {""pred_label"": 2, ""gt_label"": 1, ""iou"": 0.9961436927377193}]",fpn_2,fpn_2,72x72,1,3,3,24x24,pooled_avg_pool_multi_way,False,False,False,,,,"[150947, 117182, 81567]",jpeg_color_clustering_bic,-1,5,54293,0.1552577095534407,8,3,12817,"{""1"": -679155.2943571663, ""2"": -687727.5703087344, ""3"": -952292.2634068587, ""4"": -1016457.431947011, ""5"": -1490062.4553831145, ""6"": -2205932.957687747, ""7"": -2432583.080286189, ""8"": -2432701.283175704}","[151613, 77268, 66522, 38847, 11553, 2320, 1572, 1]","[151613, 77268, 66522]","[3, 4, 5, 6, 7]","[38847, 11553, 2320, 1572, 1]",bic,-2432701.283175704,ok
detexture_ade20k_multi,feature_cluster_coarse_global_pooled_oracle_k,training,140,training_ADE_train_00008667,detexture_multi_partition_v1,multi_partition_invariant,0.9333163399777404,0.8762323558129708,0.7981481227791549,2,8,2,1.0,0.8198172575101833,412191,502784,90593,2,2,True,hungarian_iou_assignment,"[0.9518510340766909, 0.9147816458787899]","[{""pred_label"": 0, ""gt_label"": 0, ""iou"": 0.9518510340766909}, {""pred_label"": 1, ""gt_label"": 1, ""iou"": 0.9147816458787899}]",fpn_2,fpn_2,72x72,1,3,3,24x24,pooled_avg_pool_multi_way,False,False,False,,,,"[286897, 215887]",jpeg_color_clustering_bic,-1,6,90593,0.1801827424898167,8,2,12151,"{""1"": -1313551.0790459665, ""2"": -1332804.7223872533, ""3"": -1742999.3389705492, ""4"": -1756135.3020975457, ""5"": -1816467.79991821, ""6"": -3457831.010882928, ""7"": -3588006.439028563, ""8"": -3882157.6709985845}","[269673, 142518, 59739, 24358, 2425, 1899, 1496, 676]","[269673, 142518]","[2, 3, 4, 5, 6, 7]","[59739, 24358, 2425, 1899, 1496, 676]",bic,-3882157.6709985845,ok
detexture_ade20k_multi,feature_cluster_coarse_global_pooled_oracle_k,training,141,training_ADE_train_00008671,detexture_multi_partition_v1,multi_partition_invariant,0.7744328711594595,0.5622978260646263,0.560846877463953,2,8,2,1.0,0.8396006817349927,293605,349696,56091,2,2,True,hungarian_iou_assignment,"[0.8014695148654567, 0.7473962274534623]","[{""pred_label"": 0, ""gt_label"": 0, ""iou"": 0.8014695148654567}, {""pred_label"": 1, ""gt_label"": 1, ""iou"": 0.7473962274534623}]",fpn_2,fpn_2,72x72,1,3,3,24x24,pooled_avg_pool_multi_way,False,False,False,,,,"[177488, 172208]",jpeg_color_clustering_bic,-1,6,56091,0.1603993182650073,8,2,10603,"{""1"": -722977.7573232288, ""2"": -735956.8598283288, ""3"": -1517227.426901099, ""4"": -2015285.9742534715, ""5"": -2287332.905470398, ""6"": -2539269.745467058, ""7"": -2623384.79780276, ""8"": -2691811.735745499}","[184959, 108646, 30582, 10773, 9768, 2306, 1871, 791]","[184959, 108646]","[2, 3, 4, 5, 6, 7]","[30582, 10773, 9768, 2306, 1871, 791]",bic,-2691811.735745499,ok
detexture_ade20k_multi,feature_cluster_coarse_global_pooled_oracle_k,training,142,training_ADE_train_00008674,detexture_multi_partition_v1,multi_partition_invariant,0.5629987214132559,0.2537533755433483,0.29936346525004714,2,8,2,1.0,0.7451257789589443,260186,349184,88998,2,2,True,hungarian_iou_assignment,"[0.42444247499502613, 0.7015549678314857]","[{""pred_label"": 0, ""gt_label"": 1, ""iou"": 0.42444247499502613}, {""pred_label"": 1, ""gt_label"": 0, ""iou"": 0.7015549678314857}]",fpn_2,fpn_2,72x72,1,3,3,24x24,pooled_avg_pool_multi_way,False,False,False,,,,"[189494, 159690]",jpeg_color_clustering_bic,-1,6,88998,0.2548742210410557,8,2,13964,"{""1"": -712813.1363122435, ""2"": -1277634.9685917762, ""3"": -1332239.336830215, ""4"": -1401461.6880570608, ""5"": -1637120.1286607347, ""6"": -1963782.071659224, ""7"": -2193426.390045351, ""8"": -2204055.0780390105}","[212732, 47454, 37763, 20988, 15846, 11872, 1628, 901]","[212732, 47454]","[2, 3, 4, 5, 6, 7]","[37763, 20988, 15846, 11872, 1628, 901]",bic,-2204055.0780390105,ok
detexture_ade20k_multi,feature_cluster_coarse_global_pooled_oracle_k,training,143,training_ADE_train_00008677,detexture_multi_partition_v1,multi_partition_invariant,0.9339746951357869,0.929520940492792,0.8795295349235039,3,8,3,1.0,0.9615466004758418,336249,349696,13447,3,3,True,hungarian_iou_assignment,"[0.9698536548943478, 0.9591224974794758, 0.8729479330335375]","[{""pred_label"": 0, ""gt_label"": 0, ""iou"": 0.9698536548943478}, {""pred_label"": 1, ""gt_label"": 1, ""iou"": 0.9591224974794758}, {""pred_label"": 2, ""gt_label"": 2, ""iou"": 0.8729479330335375}]",fpn_2,fpn_2,72x72,1,3,3,24x24,pooled_avg_pool_multi_way,False,False,False,,,,"[164916, 110220, 74560]",jpeg_color_clustering_bic,-1,5,13447,0.038453399524158126,8,3,10783,"{""1"": -640763.6641575241, ""2"": -811750.292329589, ""3"": -1722498.2260762397, ""4"": -1918407.913238861, ""5"": -2424863.5120344735, ""6"": -2566775.881202788, ""7"": -2603415.2557416423, ""8"": -2780458.0117591033}","[160189, 108887, 67173, 7185, 2077, 1671, 1297, 1217]","[160189, 108887, 67173]","[3, 4, 5, 6, 7]","[7185, 2077, 1671, 1297, 1217]",bic,-2780458.0117591033,ok
detexture_ade20k_multi,feature_cluster_coarse_global_pooled_oracle_k,training,144,training_ADE_train_00008678,detexture_multi_partition_v1,multi_partition_invariant,0.7497887540524572,0.6076579420261019,0.6366199502413662,3,8,3,1.0,0.87310692715959,305322,349696,44374,3,3,True,hungarian_iou_assignment,"[0.787397916897624, 0.5531500684797496, 0.9088182767799979]","[{""pred_label"": 0, ""gt_label"": 0, ""iou"": 0.787397916897624}, {""pred_label"": 1, ""gt_label"": 1, ""iou"": 0.5531500684797496}, {""pred_label"": 2, ""gt_label"": 2, ""iou"": 0.9088182767799979}]",fpn_2,fpn_2,72x72,1,3,3,24x24,pooled_avg_pool_multi_way,False,False,False,,,,"[153441, 111061, 85194]",jpeg_color_clustering_bic,-1,5,44374,0.12689307284040996,8,3,13442,"{""1"": -790247.3190794662, ""2"": -983858.2230391119, ""3"": -1669521.6235319206, ""4"": -1285894.2595016777, ""5"": -1989838.0955681724, ""6"": -2061613.040948984, ""7"": -2171441.184611185, ""8"": -2234178.9130039425}","[188126, 61921, 55275, 28047, 9796, 3966, 2201, 364]","[188126, 61921, 55275]","[3, 4, 5, 6, 7]","[28047, 9796, 3966, 2201, 364]",bic,-2234178.9130039425,ok
detexture_ade20k_multi,feature_cluster_coarse_global_pooled_oracle_k,training,145,training_ADE_train_00008680,detexture_multi_partition_v1,multi_partition_invariant,0.5947638744133045,0.6122688429838651,0.5999442438211158,3,8,3,1.0,0.9834469800804093,344411,350208,5797,3,3,True,hungarian_iou_assignment,"[0.6817850714281414, 0.8574251425180397, 0.2450814092937325]","[{""pred_label"": 0, ""gt_label"": 1, ""iou"": 0.6817850714281414}, {""pred_label"": 1, ""gt_label"": 0, ""iou"": 0.8574251425180397}, {""pred_label"": 2, ""gt_label"": 2, ""iou"": 0.2450814092937325}]",fpn_2,fpn_2,72x72,1,3,3,24x24,pooled_avg_pool_multi_way,False,False,False,,,,"[166903, 138182, 45123]",jpeg_color_clustering_bic,-1,5,5797,0.016553019919590642,8,3,6546,"{""1"": -606497.0635542626, ""2"": -613125.800193469, ""3"": -1335704.135189126, ""4"": -2454446.9709497346, ""5"": -2569692.2903570645, ""6"": -2743441.1968904166, ""7"": -2876715.69501407, ""8"": -2920789.4225086593}","[158130, 115151, 71130, 1516, 1387, 1157, 1030, 707]","[158130, 115151, 71130]","[3, 4, 5, 6, 7]","[1516, 1387, 1157, 1030, 707]",bic,-2920789.4225086593,ok
detexture_ade20k_multi,feature_cluster_coarse_global_pooled_oracle_k,training,146,training_ADE_train_00008684,detexture_multi_partition_v1,multi_partition_invariant,0.64436811145282,0.38954815958304784,0.3917726622633981,2,8,2,1.0,0.8353118896484375,273715,327680,53965,2,2,True,hungarian_iou_assignment,"[0.7741704701876404, 0.5145657527179996]","[{""pred_label"": 0, ""gt_label"": 0, ""iou"": 0.7741704701876404}, {""pred_label"": 1, ""gt_label"": 1, ""iou"": 0.5145657527179996}]",fpn_2,fpn_2,72x72,1,3,3,24x24,pooled_avg_pool_multi_way,False,False,False,,,,"[175600, 152080]",jpeg_color_clustering_bic,-1,6,53965,0.1646881103515625,8,2,14781,"{""1"": -782292.968843196, ""2"": -843145.6093695549, ""3"": -975593.9098365027, ""4"": -1173971.7892769224, ""5"": -1228426.3956188227, ""6"": -1232831.9444428566, ""7"": -1236724.8679840688, ""8"": -1242067.2877416054}","[220604, 53111, 32486, 10035, 7147, 2040, 1477, 780]","[220604, 53111]","[2, 3, 4, 5, 6, 7]","[32486, 10035, 7147, 2040, 1477, 780]",bic,-1242067.2877416054,ok
detexture_ade20k_multi,feature_cluster_coarse_global_pooled_oracle_k,training,147,training_ADE_train_00008685,detexture_multi_partition_v1,multi_partition_invariant,0.7782559992300357,0.6434026763842521,0.6298382883416902,3,8,3,1.0,0.9768966553381963,377129,386048,8919,3,3,True,hungarian_iou_assignment,"[0.7385637086480012, 0.9258157801111121, 0.6703885089309937]","[{""pred_label"": 0, ""gt_label"": 0, ""iou"": 0.7385637086480012}, {""pred_label"": 1, ""gt_label"": 2, ""iou"": 0.9258157801111121}, {""pred_label"": 2, ""gt_label"": 1, ""iou"": 0.6703885089309937}]",fpn_2,fpn_2,72x72,1,3,3,24x24,pooled_avg_pool_multi_way,False,False,False,,,,"[169578, 109774, 106696]",jpeg_color_clustering_bic,-1,5,8919,0.023103344661803714,8,3,9146,"{""1"": -884528.5288894, ""2"": -909175.206317522, ""3"": -1382036.1298599397, ""4"": -1421765.6347014555, ""5"": -1423023.9880759506, ""6"": -2637662.038720753, ""7"": -2681458.48175881, ""8"": -2705576.518398976}","[142581, 129572, 104976, 5172, 1987, 1047, 358, 355]","[142581, 129572, 104976]","[3, 4, 5, 6, 7]","[5172, 1987, 1047, 358, 355]",bic,-2705576.518398976,ok
detexture_ade20k_multi,feature_cluster_coarse_global_pooled_oracle_k,training,148,training_ADE_train_00008687,detexture_multi_partition_v1,multi_partition_invariant,0.45154515384824906,0.4925923843892588,0.4267342376563084,3,8,3,1.0,0.732086181640625,239890,327680,87790,3,3,True,hungarian_iou_assignment,"[0.7736717354045873, 0.4935707427044629, 0.087392983435697]","[{""pred_label"": 0, ""gt_label"": 0, ""iou"": 0.7736717354045873}, {""pred_label"": 1, ""gt_label"": 1, ""iou"": 0.4935707427044629}, {""pred_label"": 2, ""gt_label"": 2, ""iou"": 0.087392983435697}]",fpn_2,fpn_2,72x72,1,3,3,24x24,pooled_avg_pool_multi_way,False,False,False,,,,"[130006, 109369, 88305]",jpeg_color_clustering_bic,-1,5,87790,0.267913818359375,8,3,26309,"{""1"": -726543.2553677849, ""2"": -866570.6772868012, ""3"": -918189.1828416404, ""4"": -935251.4883336999, ""5"": -1174546.2096962815, ""6"": -1222456.4158807003, ""7"": -1264509.721011222, ""8"": -1440640.3654959716}","[117532, 73331, 49027, 37889, 26690, 15497, 4872, 2842]","[117532, 73331, 49027]","[3, 4, 5, 6, 7]","[37889, 26690, 15497, 4872, 2842]",bic,-1440640.3654959716,ok
detexture_ade20k_multi,feature_cluster_coarse_global_pooled_oracle_k,training,149,training_ADE_train_00008691,detexture_multi_partition_v1,multi_partition_invariant,0.4357218825112023,0.027353717366537154,0.18002251797735064,2,8,2,1.0,0.7033709278916545,245966,349696,103730,2,2,True,hungarian_iou_assignment,"[0.4154106186541304, 0.4560331463682742]","[{""pred_label"": 0, ""gt_label"": 1, ""iou"": 0.4154106186541304}, {""pred_label"": 1, ""gt_label"": 0, ""iou"": 0.4560331463682742}]",fpn_2,fpn_2,72x72,1,3,3,24x24,pooled_avg_pool_multi_way,False,False,False,,,,"[213191, 136505]",jpeg_color_clustering_bic,-1,6,103730,0.29662907210834555,8,2,17732,"{""1"": -938333.205962582, ""2"": -1079746.941394994, ""3"": -1131729.974783056, ""4"": -1185267.6197597878, ""5"": -1621022.1233020918, ""6"": -1660679.9025703361, ""7"": -1914909.9611382443, ""8"": -1926343.5063584591}","[175550, 70416, 34445, 29866, 26987, 4469, 4287, 3676]","[175550, 70416]","[2, 3, 4, 5, 6, 7]","[34445, 29866, 26987, 4469, 4287, 3676]",bic,-1926343.5063584591,ok
detexture_ade20k_multi,feature_cluster_coarse_global_pooled_oracle_k,training,150,training_ADE_train_00008693,detexture_multi_partition_v1,multi_partition_invariant,0.9096406442033077,0.8602753160638348,0.8317736325132099,3,8,3,1.0,0.9798403314028314,389804,397824,8020,3,3,True,hungarian_iou_assignment,"[0.9049470424441148, 0.962260388580148, 0.8617145015856604]","[{""pred_label"": 0, ""gt_label"": 0, ""iou"": 0.9049470424441148}, {""pred_label"": 1, ""gt_label"": 1, ""iou"": 0.962260388580148}, {""pred_label"": 2, ""gt_label"": 2, ""iou"": 0.8617145015856604}]",fpn_2,fpn_2,72x72,1,3,3,24x24,pooled_avg_pool_multi_way,False,False,False,,,,"[177536, 117138, 103150]",jpeg_color_clustering_bic,-1,5,8020,0.020159668597168598,8,3,8261,"{""1"": -778363.0836904513, ""2"": -1328135.6851771532, ""3"": -1432781.673670356, ""4"": -2797440.4978610985, ""5"": -2873114.577574185, ""6"": -2956591.7839651913, ""7"": -3178137.4350803727, ""8"": -3224215.082750284}","[190652, 111863, 87289, 3392, 1851, 1307, 1014, 456]","[190652, 111863, 87289]","[3, 4, 5, 6, 7]","[3392, 1851, 1307, 1014, 456]",bic,-3224215.082750284,ok
detexture_ade20k_multi,feature_cluster_coarse_global_pooled_oracle_k,training,151,training_ADE_train_00008696,detexture_multi_partition_v1,multi_partition_invariant,0.5561468697501726,0.4179963793806865,0.5264644100445264,4,8,4,1.0,0.9083832814787701,317658,349696,32038,4,4,True,hungarian_iou_assignment,"[0.3312541088814451, 0.5158490168644972, 0.5399814215058623, 0.8375029317488859]","[{""pred_label"": 0, ""gt_label"": 1, ""iou"": 0.3312541088814451}, {""pred_label"": 1, ""gt_label"": 0, ""iou"": 0.5158490168644972}, {""pred_label"": 2, ""gt_label"": 3, ""iou"": 0.5399814215058623}, {""pred_label"": 3, ""gt_label"": 2, ""iou"": 0.8375029317488859}]",fpn_2,fpn_2,72x72,1,3,3,24x24,pooled_avg_pool_multi_way,False,False,False,,,,"[99267, 90426, 83304, 76699]",jpeg_color_clustering_bic,-1,4,32038,0.09161671852122986,8,4,18462,"{""1"": -730312.9758111907, ""2"": -747718.3516534251, ""3"": -983697.0515802187, ""4"": -1089161.1959066098, ""5"": -1256638.8137551253, ""6"": -1664709.9293671686, ""7"": -1677000.1528850181, ""8"": -1854507.8294932544}","[131487, 77139, 65669, 43363, 23785, 3864, 2921, 1468]","[131487, 77139, 65669, 43363]","[4, 5, 6, 7]","[23785, 3864, 2921, 1468]",bic,-1854507.8294932544,ok
detexture_ade20k_multi,feature_cluster_coarse_global_pooled_oracle_k,training,152,training_ADE_train_00008697,detexture_multi_partition_v1,multi_partition_invariant,0.4253368340657021,0.24097251975083903,0.3890410041553611,4,8,4,1.0,0.9560699462890625,375942,393216,17274,4,4,True,hungarian_iou_assignment,"[0.3741752996995985, 0.3328625269332488, 0.7559635842880523, 0.23834592534190874]","[{""pred_label"": 0, ""gt_label"": 3, ""iou"": 0.3741752996995985}, {""pred_label"": 1, ""gt_label"": 2, ""iou"": 0.3328625269332488}, {""pred_label"": 2, ""gt_label"": 1, ""iou"": 0.7559635842880523}, {""pred_label"": 3, ""gt_label"": 0, ""iou"": 0.23834592534190874}]",fpn_2,fpn_2,72x72,1,3,3,24x24,pooled_avg_pool_multi_way,False,False,False,,,,"[141536, 118208, 91168, 42304]",jpeg_color_clustering_bic,-1,4,17274,0.0439300537109375,8,4,15546,"{""1"": -879453.4071901201, ""2"": -1080568.1351979666, ""3"": -1058425.87578919, ""4"": -1635652.912401664, ""5"": -1644696.9925279256, ""6"": -1780743.5550089986, ""7"": -2302122.62788409, ""8"": -2718714.613884784}","[158174, 82284, 79749, 55735, 9864, 3606, 2983, 821]","[158174, 82284, 79749, 55735]","[4, 5, 6, 7]","[9864, 3606, 2983, 821]",bic,-2718714.613884784,ok
detexture_ade20k_multi,feature_cluster_coarse_global_pooled_oracle_k,training,153,training_ADE_train_00008760,detexture_multi_partition_v1,multi_partition_invariant,0.730938172526471,0.48823811693483343,0.5014506481951748,2,8,2,1.0,0.66792871522694,233572,349696,116124,2,2,True,hungarian_iou_assignment,"[0.7752309992715376, 0.6866453457814045]","[{""pred_label"": 0, ""gt_label"": 0, ""iou"": 0.7752309992715376}, {""pred_label"": 1, ""gt_label"": 1, ""iou"": 0.6866453457814045}]",fpn_2,fpn_2,72x72,1,3,3,24x24,pooled_avg_pool_multi_way,False,False,False,,,,"[196940, 152756]",jpeg_color_clustering_bic,-1,6,116124,0.33207128477306,8,2,14564,"{""1"": -786920.6680798118, ""2"": -893241.3751039623, ""3"": -1044701.9161583071, ""4"": -1110550.7830922236, ""5"": -1223145.3448605079, ""6"": -1668187.7524889195, ""7"": -2198442.2746342807, ""8"": -2279498.3886050344}","[121420, 112152, 40234, 30675, 29830, 8786, 5131, 1468]","[121420, 112152]","[2, 3, 4, 5, 6, 7]","[40234, 30675, 29830, 8786, 5131, 1468]",bic,-2279498.3886050344,ok
detexture_ade20k_multi,feature_cluster_coarse_global_pooled_oracle_k,training,154,training_ADE_train_00008775,detexture_multi_partition_v1,multi_partition_invariant,0.3049454229953139,-0.02166022394201297,0.031150698880315037,2,8,2,1.0,0.7030222039473685,102585,145920,43335,2,2,True,hungarian_iou_assignment,"[0.416791637506804, 0.19309920848382386]","[{""pred_label"": 0, ""gt_label"": 1, ""iou"": 0.416791637506804}, {""pred_label"": 1, ""gt_label"": 0, ""iou"": 0.19309920848382386}]",fpn_2,fpn_2,72x72,1,3,3,24x24,pooled_avg_pool_multi_way,False,False,False,,,,"[99616, 46304]",jpeg_color_clustering_bic,-1,6,43335,0.2969777960526316,8,2,12252,"{""1"": -323925.8153962983, ""2"": -400116.9344955917, ""3"": -408933.6900759766, ""4"": -512950.94423465634, ""5"": -516953.68095283175, ""6"": -744336.4775092191, ""7"": -923260.9470262649, ""8"": -943628.2769473483}","[62130, 40455, 14240, 13877, 10220, 3860, 618, 520]","[62130, 40455]","[2, 3, 4, 5, 6, 7]","[14240, 13877, 10220, 3860, 618, 520]",bic,-943628.2769473483,ok
detexture_ade20k_multi,feature_cluster_coarse_global_pooled_oracle_k,training,155,training_ADE_train_00008926,detexture_multi_partition_v1,multi_partition_invariant,0.9863690788928887,0.9728987692597184,0.9476968659532153,2,8,2,1.0,0.8377918287937743,55120,65792,10672,2,2,True,hungarian_iou_assignment,"[0.9874159108403896, 0.9853222469453878]","[{""pred_label"": 0, ""gt_label"": 0, ""iou"": 0.9874159108403896}, {""pred_label"": 1, ""gt_label"": 1, ""iou"": 0.9853222469453878}]",fpn_2,fpn_2,72x72,1,3,3,24x24,pooled_avg_pool_multi_way,False,False,False,,,,"[33006, 32786]",jpeg_color_clustering_bic,-1,6,10672,0.1622081712062257,8,2,4697,"{""1"": -103453.49215660691, ""2"": -117308.21059507619, ""3"": -286854.02661189844, ""4"": -426501.3541588901, ""5"": -447399.887363217, ""6"": -447081.0420625167, ""7"": -460483.7285206423, ""8"": -466072.9058604594}","[29879, 25241, 6203, 3193, 469, 318, 289, 200]","[29879, 25241]","[2, 3, 4, 5, 6, 7]","[6203, 3193, 469, 318, 289, 200]",bic,-466072.9058604594,ok
detexture_ade20k_multi,feature_cluster_coarse_global_pooled_oracle_k,training,156,training_ADE_train_00008935,detexture_multi_partition_v1,multi_partition_invariant,0.9910453184478231,0.9822638864739502,0.9630117979189429,2,8,2,1.0,0.82232666015625,53892,65536,11644,2,2,True,hungarian_iou_assignment,"[0.991930331865102, 0.9901603050305441]","[{""pred_label"": 0, ""gt_label"": 0, ""iou"": 0.991930331865102}, {""pred_label"": 1, ""gt_label"": 1, ""iou"": 0.9901603050305441}]",fpn_2,fpn_2,72x72,1,3,3,24x24,pooled_avg_pool_multi_way,False,False,False,,,,"[32768, 32768]",jpeg_color_clustering_bic,-1,6,11644,0.17767333984375,8,2,4154,"{""1"": -101763.85937124639, ""2"": -113225.77084231723, ""3"": -276916.4692769319, ""4"": -431885.2187150567, ""5"": -446736.08421850024, ""6"": -463194.4933795914, ""7"": -493105.41153424245, ""8"": -503212.2270093613}","[29741, 24151, 7132, 2739, 903, 424, 326, 120]","[29741, 24151]","[2, 3, 4, 5, 6, 7]","[7132, 2739, 903, 424, 326, 120]",bic,-503212.2270093613,ok
detexture_ade20k_multi,feature_cluster_coarse_global_pooled_oracle_k,training,157,training_ADE_train_00008948,detexture_multi_partition_v1,multi_partition_invariant,0.9408540821904423,0.9423416732052826,0.9038387741502197,4,8,4,1.0,0.9115661940321069,241215,264616,23401,4,4,True,hungarian_iou_assignment,"[0.9659993803531987, 0.9752054386238805, 0.8889463955637708, 0.9332651142209193]","[{""pred_label"": 0, ""gt_label"": 0, ""iou"": 0.9659993803531987}, {""pred_label"": 1, ""gt_label"": 1, ""iou"": 0.9752054386238805}, {""pred_label"": 2, ""gt_label"": 2, ""iou"": 0.8889463955637708}, {""pred_label"": 3, ""gt_label"": 3, ""iou"": 0.9332651142209193}]",fpn_2,fpn_2,72x72,1,3,3,24x24,pooled_avg_pool_multi_way,False,False,False,,,,"[100166, 86763, 40999, 36688]",jpeg_color_clustering_bic,-1,4,23401,0.0884338059678931,8,4,9478,"{""1"": -549335.4219784064, ""2"": -567022.5059410912, ""3"": -757371.65523334, ""4"": -1146114.2602210653, ""5"": -1150504.181998019, ""6"": -1382765.0802101656, ""7"": -1960662.494386381, ""8"": -2038263.2276016194}","[99220, 68712, 37727, 35556, 17977, 2539, 1707, 1178]","[99220, 68712, 37727, 35556]","[4, 5, 6, 7]","[17977, 2539, 1707, 1178]",bic,-2038263.2276016194,ok
detexture_ade20k_multi,feature_cluster_coarse_global_pooled_oracle_k,training,158,training_ADE_train_00008955,detexture_multi_partition_v1,multi_partition_invariant,0.8164450527453199,0.7380630464037885,0.7250276275749096,3,8,3,1.0,0.8287827141288433,289822,349696,59874,3,3,True,hungarian_iou_assignment,"[0.8640981162902961, 0.912307976480005, 0.6729290654656587]","[{""pred_label"": 0, ""gt_label"": 0, ""iou"": 0.8640981162902961}, {""pred_label"": 1, ""gt_label"": 1, ""iou"": 0.912307976480005}, {""pred_label"": 2, ""gt_label"": 2, ""iou"": 0.6729290654656587}]",fpn_2,fpn_2,72x72,1,3,3,24x24,pooled_avg_pool_multi_way,False,False,False,,,,"[167573, 117990, 64133]",jpeg_color_clustering_bic,-1,5,59874,0.17121728587115667,8,3,8179,"{""1"": -655563.0849276418, ""2"": -768909.3982057958, ""3"": -1115758.0549161758, ""4"": -1771498.3761973775, ""5"": -2398333.6558108046, ""6"": -2450755.431279896, ""7"": -2457286.9810446864, ""8"": -2490630.9497956433}","[188476, 59269, 42077, 41399, 16757, 843, 640, 235]","[188476, 59269, 42077]","[3, 4, 5, 6, 7]","[41399, 16757, 843, 640, 235]",bic,-2490630.9497956433,ok
detexture_ade20k_multi,feature_cluster_coarse_global_pooled_oracle_k,training,159,training_ADE_train_00009018,detexture_multi_partition_v1,multi_partition_invariant,0.6260962030171622,0.5928105312256321,0.6834706705091753,3,8,3,1.0,0.9334259033203125,61173,65536,4363,3,3,True,hungarian_iou_assignment,"[0.9773730447825155, 0.3724367102444143, 0.5284788540245566]","[{""pred_label"": 0, ""gt_label"": 1, ""iou"": 0.9773730447825155}, {""pred_label"": 1, ""gt_label"": 2, ""iou"": 0.3724367102444143}, {""pred_label"": 2, ""gt_label"": 0, ""iou"": 0.5284788540245566}]",fpn_2,fpn_2,72x72,1,3,3,24x24,pooled_avg_pool_multi_way,False,False,False,,,,"[24886, 24401, 16249]",jpeg_color_clustering_bic,-1,5,4363,0.0665740966796875,8,3,4280,"{""1"": -102246.189858526, ""2"": -111253.89504667463, ""3"": -269424.99040990253, ""4"": -418335.3911214395, ""5"": -432552.27631968586, ""6"": -444885.4243072203, ""7"": -461364.48383080546, ""8"": -481142.93265274866}","[29320, 23326, 8527, 2364, 773, 688, 317, 221]","[29320, 23326, 8527]","[3, 4, 5, 6, 7]","[2364, 773, 688, 317, 221]",bic,-481142.93265274866,ok
detexture_ade20k_multi,feature_cluster_coarse_global_pooled_oracle_k,training,160,training_ADE_train_00009021,detexture_multi_partition_v1,multi_partition_invariant,0.9886111817232597,0.9772700058963426,0.9548261895497175,2,8,2,1.0,0.819671630859375,53718,65536,11818,2,2,True,hungarian_iou_assignment,"[0.989130819614091, 0.9880915438324283]","[{""pred_label"": 0, ""gt_label"": 0, ""iou"": 0.989130819614091}, {""pred_label"": 1, ""gt_label"": 1, ""iou"": 0.9880915438324283}]",fpn_2,fpn_2,72x72,1,3,3,24x24,pooled_avg_pool_multi_way,False,False,False,,,,"[38610, 26926]",jpeg_color_clustering_bic,-1,6,11818,0.180328369140625,8,2,5430,"{""1"": -114585.7468788426, ""2"": -122724.4703677713, ""3"": -135034.28289218544, ""4"": -349976.97349170345, ""5"": -405435.19443648146, ""6"": -412890.4103716959, ""7"": -418500.99296740146, ""8"": -439379.7818644083}","[27938, 25780, 6323, 2292, 1760, 907, 335, 201]","[27938, 25780]","[2, 3, 4, 5, 6, 7]","[6323, 2292, 1760, 907, 335, 201]",bic,-439379.7818644083,ok
detexture_ade20k_multi,feature_cluster_coarse_global_pooled_oracle_k,training,161,training_ADE_train_00009027,detexture_multi_partition_v1,multi_partition_invariant,0.9185541027019514,0.9307293771751977,0.8795293456474211,3,8,3,1.0,0.8504180908203125,55733,65536,9803,3,3,True,hungarian_iou_assignment,"[0.9481992466883914, 0.9825347250760254, 0.8249283363414375]","[{""pred_label"": 0, ""gt_label"": 1, ""iou"": 0.9481992466883914}, {""pred_label"": 1, ""gt_label"": 0, ""iou"": 0.9825347250760254}, {""pred_label"": 2, ""gt_label"": 2, ""iou"": 0.8249283363414375}]",fpn_2,fpn_2,72x72,1,3,3,24x24,pooled_avg_pool_multi_way,False,False,False,,,,"[28829, 24839, 11868]",jpeg_color_clustering_bic,-1,5,9803,0.1495819091796875,8,3,6437,"{""1"": -109346.22119857893, ""2"": -115927.9468966343, ""3"": -223523.5828573856, ""4"": -257934.45652896806, ""5"": -332611.75280275353, ""6"": -380397.5395424761, ""7"": -404122.60739901615, ""8"": -407383.733299707}","[24324, 23341, 8068, 5527, 1767, 1606, 577, 326]","[24324, 23341, 8068]","[3, 4, 5, 6, 7]","[5527, 1767, 1606, 577, 326]",bic,-407383.733299707,ok
detexture_ade20k_multi,feature_cluster_coarse_global_pooled_oracle_k,training,162,training_ADE_train_00009144,detexture_multi_partition_v1,multi_partition_invariant,0.9937030736055299,0.9874070628528072,0.9723664567306747,2,8,2,1.0,0.768218994140625,50346,65536,15190,2,2,True,hungarian_iou_assignment,"[0.9936458458218439, 0.9937603013892159]","[{""pred_label"": 0, ""gt_label"": 1, ""iou"": 0.9936458458218439}, {""pred_label"": 1, ""gt_label"": 0, ""iou"": 0.9937603013892159}]",fpn_2,fpn_2,72x72,1,3,3,24x24,pooled_avg_pool_multi_way,False,False,False,,,,"[36178, 29358]",jpeg_color_clustering_bic,-1,6,15190,0.231781005859375,8,2,3332,"{""1"": -124201.8613635236, ""2"": -128478.09194801068, ""3"": -260588.97208272727, ""4"": -262347.9814097257, ""5"": -318653.7392534873, ""6"": -473307.6036938055, ""7"": -489672.1805306687, ""8"": -499647.17183925794}","[25482, 24864, 7005, 5994, 835, 604, 602, 150]","[25482, 24864]","[2, 3, 4, 5, 6, 7]","[7005, 5994, 835, 604, 602, 150]",bic,-499647.17183925794,ok
detexture_ade20k_multi,feature_cluster_coarse_global_pooled_oracle_k,training,163,training_ADE_train_00009185,detexture_multi_partition_v1,multi_partition_invariant,0.9382391140614651,0.948085464487487,0.8955411170705277,3,8,3,1.0,0.9553680419921875,62611,65536,2925,3,3,True,hungarian_iou_assignment,"[0.9834418776112067, 0.9562754645731889, 0.875]","[{""pred_label"": 0, ""gt_label"": 0, ""iou"": 0.9834418776112067}, {""pred_label"": 1, ""gt_label"": 1, ""iou"": 0.9562754645731889}, {""pred_label"": 2, ""gt_label"": 2, ""iou"": 0.875}]",fpn_2,fpn_2,72x72,1,3,3,24x24,pooled_avg_pool_multi_way,False,False,False,,,,"[34087, 19624, 11825]",jpeg_color_clustering_bic,-1,5,2925,0.0446319580078125,8,3,3561,"{""1"": -113539.54293835661, ""2"": -120943.0388743455, ""3"": -269354.83000020747, ""4"": -455049.74289218755, ""5"": -467296.92873457295, ""6"": -474796.76135922596, ""7"": -499551.9690099818, ""8"": -510097.70075996814}","[32403, 19903, 10305, 1038, 864, 600, 268, 155]","[32403, 19903, 10305]","[3, 4, 5, 6, 7]","[1038, 864, 600, 268, 155]",bic,-510097.70075996814,ok
detexture_ade20k_multi,feature_cluster_coarse_global_pooled_oracle_k,training,164,training_ADE_train_00009218,detexture_multi_partition_v1,multi_partition_invariant,0.7394668954710516,0.6267518998385807,0.5849916562015336,3,8,3,1.0,0.9273834228515625,60777,65536,4759,3,3,True,hungarian_iou_assignment,"[0.8143071484881621, 0.5402769545772941, 0.8638165833476986]","[{""pred_label"": 0, ""gt_label"": 0, ""iou"": 0.8143071484881621}, {""pred_label"": 1, ""gt_label"": 1, ""iou"": 0.5402769545772941}, {""pred_label"": 2, ""gt_label"": 2, ""iou"": 0.8638165833476986}]",fpn_2,fpn_2,72x72,1,3,3,24x24,pooled_avg_pool_multi_way,False,False,False,,,,"[34400, 17565, 13571]",jpeg_color_clustering_bic,-1,5,4759,0.0726165771484375,8,3,4757,"{""1"": -127100.92091592187, ""2"": -149526.95106545324, ""3"": -245152.99974238832, ""4"": -246087.7404404826, ""5"": -435037.4967422028, ""6"": -468617.80898821366, ""7"": -487238.02983870637, ""8"": -491189.97150666744}","[37415, 13331, 10031, 2706, 980, 476, 399, 198]","[37415, 13331, 10031]","[3, 4, 5, 6, 7]","[2706, 980, 476, 399, 198]",bic,-491189.97150666744,ok
detexture_ade20k_multi,feature_cluster_coarse_global_pooled_oracle_k,training,165,training_ADE_train_00009263,detexture_multi_partition_v1,multi_partition_invariant,0.574165416295254,0.42096940020693024,0.45231714256263017,3,8,3,1.0,0.7420387994143485,259488,349696,90208,3,3,True,hungarian_iou_assignment,"[0.5121495327102804, 0.7663502533987612, 0.4439964627767203]","[{""pred_label"": 0, ""gt_label"": 1, ""iou"": 0.5121495327102804}, {""pred_label"": 1, ""gt_label"": 0, ""iou"": 0.7663502533987612}, {""pred_label"": 2, ""gt_label"": 2, ""iou"": 0.4439964627767203}]",fpn_2,fpn_2,72x72,1,3,3,24x24,pooled_avg_pool_multi_way,False,False,False,,,,"[144275, 106629, 98792]",jpeg_color_clustering_bic,-1,5,90208,0.25796120058565153,8,3,28241,"{""1"": -686035.9776724776, ""2"": -914064.2489895431, ""3"": -983923.9557206278, ""4"": -1127231.3606796197, ""5"": -1245361.2705090581, ""6"": -1347019.558784821, ""7"": -1404545.5835316237, ""8"": -1438286.8796861784}","[123359, 77926, 58203, 38669, 15814, 14727, 13062, 7936]","[123359, 77926, 58203]","[3, 4, 5, 6, 7]","[38669, 15814, 14727, 13062, 7936]",bic,-1438286.8796861784,ok
detexture_ade20k_multi,feature_cluster_coarse_global_pooled_oracle_k,training,166,training_ADE_train_00009284,detexture_multi_partition_v1,multi_partition_invariant,0.9578661473831511,0.9236176328890278,0.8733096395376027,2,8,2,1.0,0.7349700927734375,48167,65536,17369,2,2,True,hungarian_iou_assignment,"[0.971434734376926, 0.9442975603893763]","[{""pred_label"": 0, ""gt_label"": 0, ""iou"": 0.971434734376926}, {""pred_label"": 1, ""gt_label"": 1, ""iou"": 0.9442975603893763}]",fpn_2,fpn_2,72x72,1,3,3,24x24,pooled_avg_pool_multi_way,False,False,False,,,,"[37704, 27832]",jpeg_color_clustering_bic,-1,6,17369,0.2650299072265625,8,2,5878,"{""1"": -150350.22089095437, ""2"": -164532.56774965939, ""3"": -209240.72981361378, ""4"": -319570.7721788203, ""5"": -321902.27080889855, ""6"": -391822.06967564876, ""7"": -408581.9356712279, ""8"": -409199.92679284356}","[32452, 15715, 7277, 4275, 3185, 1445, 824, 363]","[32452, 15715]","[2, 3, 4, 5, 6, 7]","[7277, 4275, 3185, 1445, 824, 363]",bic,-409199.92679284356,ok
detexture_ade20k_multi,feature_cluster_coarse_global_pooled_oracle_k,training,167,training_ADE_train_00009295,detexture_multi_partition_v1,multi_partition_invariant,0.3789501936835147,0.4275411311286837,0.5709284793170513,3,8,3,1.0,0.9555511474609375,62623,65536,2913,3,3,True,hungarian_iou_assignment,"[0.6153424857601869, 0.0263369668593167, 0.49517112843104033]","[{""pred_label"": 0, ""gt_label"": 1, ""iou"": 0.6153424857601869}, {""pred_label"": 1, ""gt_label"": 2, ""iou"": 0.0263369668593167}, {""pred_label"": 2, ""gt_label"": 0, ""iou"": 0.49517112843104033}]",fpn_2,fpn_2,72x72,1,3,3,24x24,pooled_avg_pool_multi_way,False,False,False,,,,"[29760, 18034, 17742]",jpeg_color_clustering_bic,-1,5,2913,0.0444488525390625,8,3,2619,"{""1"": -144418.64360377923, ""2"": -155374.30087625168, ""3"": -191538.31919388977, ""4"": -398075.2802962799, ""5"": -409904.30630380573, ""6"": -434617.6799664543, ""7"": -435731.71234412387, ""8"": -436759.9877818641}","[35412, 16853, 10358, 1342, 815, 571, 134, 51]","[35412, 16853, 10358]","[3, 4, 5, 6, 7]","[1342, 815, 571, 134, 51]",bic,-436759.9877818641,ok
detexture_ade20k_multi,feature_cluster_coarse_global_pooled_oracle_k,training,168,training_ADE_train_00009306,detexture_multi_partition_v1,multi_partition_invariant,0.9542680703200433,0.9179127502293359,0.8652084150052333,2,8,2,1.0,0.7623443603515625,49961,65536,15575,2,2,True,hungarian_iou_assignment,"[0.9697715289982425, 0.9387646116418442]","[{""pred_label"": 0, ""gt_label"": 0, ""iou"": 0.9697715289982425}, {""pred_label"": 1, ""gt_label"": 1, ""iou"": 0.9387646116418442}]",fpn_2,fpn_2,72x72,1,3,3,24x24,pooled_avg_pool_multi_way,False,False,False,,,,"[33948, 31588]",jpeg_color_clustering_bic,-1,6,15575,0.2376556396484375,8,2,5400,"{""1"": -149338.09316764423, ""2"": -158651.5177683055, ""3"": -252441.42087691725, ""4"": -304699.8643305835, ""5"": -293076.78933477215, ""6"": -380175.25860608456, ""7"": -453838.4239174357, ""8"": -460363.8965864844}","[34140, 15821, 5772, 5500, 2481, 1089, 560, 173]","[34140, 15821]","[2, 3, 4, 5, 6, 7]","[5772, 5500, 2481, 1089, 560, 173]",bic,-460363.8965864844,ok
detexture_ade20k_multi,feature_cluster_coarse_global_pooled_oracle_k,training,169,training_ADE_train_00009308,detexture_multi_partition_v1,multi_partition_invariant,0.8852245547038203,0.8467201469672525,0.8397457602615426,4,8,4,1.0,0.941619873046875,61710,65536,3826,4,4,True,hungarian_iou_assignment,"[0.9661705006765899, 0.8480910267471958, 0.926387470207695, 0.8002492211838006]","[{""pred_label"": 0, ""gt_label"": 1, ""iou"": 0.9661705006765899}, {""pred_label"": 1, ""gt_label"": 0, ""iou"": 0.8480910267471958}, {""pred_label"": 2, ""gt_label"": 3, ""iou"": 0.926387470207695}, {""pred_label"": 3, ""gt_label"": 2, ""iou"": 0.8002492211838006}]",fpn_2,fpn_2,72x72,1,3,3,24x24,pooled_avg_pool_multi_way,False,False,False,,,,"[17152, 16515, 16352, 15517]",jpeg_color_clustering_bic,-1,4,3826,0.058380126953125,8,4,5475,"{""1"": -131042.1449399336, ""2"": -139697.57084078778, ""3"": -208484.97218503305, ""4"": -285534.8212758448, ""5"": -384988.57099024236, ""6"": -391231.8768576774, ""7"": -460292.176964798, ""8"": -470471.1265369363}","[18310, 15852, 13944, 13604, 1591, 1347, 583, 305]","[18310, 15852, 13944, 13604]","[4, 5, 6, 7]","[1591, 1347, 583, 305]",bic,-470471.1265369363,ok
detexture_ade20k_multi,feature_cluster_coarse_global_pooled_oracle_k,training,170,training_ADE_train_00009310,detexture_multi_partition_v1,multi_partition_invariant,0.7147297931672469,0.517707756906955,0.48304854645217266,2,8,2,1.0,0.8287506103515625,54313,65536,11223,2,2,True,hungarian_iou_assignment,"[0.8349074942255357, 0.5945520921089582]","[{""pred_label"": 0, ""gt_label"": 0, ""iou"": 0.8349074942255357}, {""pred_label"": 1, ""gt_label"": 1, ""iou"": 0.5945520921089582}]",fpn_2,fpn_2,72x72,1,3,3,24x24,pooled_avg_pool_multi_way,False,False,False,,,,"[36768, 28768]",jpeg_color_clustering_bic,-1,6,11223,0.1712493896484375,8,2,6081,"{""1"": -165646.2136533674, ""2"": -180473.83613556635, ""3"": -206176.2355301541, ""4"": -363946.2040627669, ""5"": -366112.39264000556, ""6"": -370297.85375503224, ""7"": -385592.9692459178, ""8"": -464450.4076659304}","[43727, 10586, 5704, 2578, 1255, 802, 588, 296]","[43727, 10586]","[2, 3, 4, 5, 6, 7]","[5704, 2578, 1255, 802, 588, 296]",bic,-464450.4076659304,ok
detexture_ade20k_multi,feature_cluster_coarse_global_pooled_oracle_k,training,171,training_ADE_train_00009471,detexture_multi_partition_v1,multi_partition_invariant,0.6005586516262068,0.39529658213754576,0.48033663977876073,3,8,3,1.0,0.8334697498431619,340109,408064,67955,3,3,True,hungarian_iou_assignment,"[0.5025125334858557, 0.620275134996143, 0.6788882863966219]","[{""pred_label"": 0, ""gt_label"": 1, ""iou"": 0.5025125334858557}, {""pred_label"": 1, ""gt_label"": 0, ""iou"": 0.620275134996143}, {""pred_label"": 2, ""gt_label"": 2, ""iou"": 0.6788882863966219}]",fpn_2,fpn_2,72x72,1,3,3,24x24,pooled_avg_pool_multi_way,False,False,False,,,,"[203666, 114553, 89845]",jpeg_color_clustering_bic,-1,5,67955,0.16653025015683814,8,3,19409,"{""1"": -796848.0065940474, ""2"": -859696.7679603861, ""3"": -1250749.633510529, ""4"": -1387071.2899809398, ""5"": -1614402.670676237, ""6"": -1763033.4182193987, ""7"": -2086402.5200869588, ""8"": -2107905.8122896547}","[170695, 107696, 61718, 24860, 20248, 10366, 8923, 3558]","[170695, 107696, 61718]","[3, 4, 5, 6, 7]","[24860, 20248, 10366, 8923, 3558]",bic,-2107905.8122896547,ok
detexture_ade20k_multi,feature_cluster_coarse_global_pooled_oracle_k,training,172,training_ADE_train_00009473,detexture_multi_partition_v1,multi_partition_invariant,0.8177349088892858,0.7481594324951507,0.6901035218876547,3,8,3,1.0,0.9235590040927695,346608,375296,28688,3,3,True,hungarian_iou_assignment,"[0.8644507844552408, 0.8458717833295821, 0.7428821588830344]","[{""pred_label"": 0, ""gt_label"": 0, ""iou"": 0.8644507844552408}, {""pred_label"": 1, ""gt_label"": 1, ""iou"": 0.8458717833295821}, {""pred_label"": 2, ""gt_label"": 2, ""iou"": 0.7428821588830344}]",fpn_2,fpn_2,72x72,1,3,3,24x24,pooled_avg_pool_multi_way,False,False,False,,,,"[195395, 93629, 86272]",jpeg_color_clustering_bic,-1,5,28688,0.07644099590723057,8,3,14884,"{""1"": -1080464.1334686764, ""2"": -1282643.3562125654, ""3"": -1353109.8679275005, ""4"": -1567677.7635261745, ""5"": -1591083.728672816, ""6"": -2118645.999924105, ""7"": -2162641.3966499725, ""8"": -2269646.0797975548}","[194246, 104647, 47715, 10189, 9479, 3483, 2895, 2642]","[194246, 104647, 47715]","[3, 4, 5, 6, 7]","[10189, 9479, 3483, 2895, 2642]",bic,-2269646.0797975548,ok
detexture_ade20k_multi,feature_cluster_coarse_global_pooled_oracle_k,training,173,training_ADE_train_00009493,detexture_multi_partition_v1,multi_partition_invariant,0.679422629536547,0.578034377712723,0.6066270617096956,3,8,3,1.0,0.913430522510981,319423,349696,30273,3,3,True,hungarian_iou_assignment,"[0.5823559264689298, 0.9460086149998264, 0.5099033471408846]","[{""pred_label"": 0, ""gt_label"": 2, ""iou"": 0.5823559264689298}, {""pred_label"": 1, ""gt_label"": 1, ""iou"": 0.9460086149998264}, {""pred_label"": 2, ""gt_label"": 0, ""iou"": 0.5099033471408846}]",fpn_2,fpn_2,72x72,1,3,3,24x24,pooled_avg_pool_multi_way,False,False,False,,,,"[156948, 113281, 79467]",jpeg_color_clustering_bic,-1,5,30273,0.08656947748901904,8,3,20812,"{""1"": -748850.9340050943, ""2"": -1023043.3327544373, ""3"": -1062066.4652424946, ""4"": -1167666.725409644, ""5"": -1209756.899528341, ""6"": -1744901.2258832336, ""7"": -1855807.3040006731, ""8"": -1917872.3011322021}","[117440, 113551, 88432, 9566, 9117, 5456, 4386, 1748]","[117440, 113551, 88432]","[3, 4, 5, 6, 7]","[9566, 9117, 5456, 4386, 1748]",bic,-1917872.3011322021,ok
detexture_ade20k_multi,feature_cluster_coarse_global_pooled_oracle_k,training,174,training_ADE_train_00009821,detexture_multi_partition_v1,multi_partition_invariant,0.6334451248711978,0.6326738239447739,0.6309514238579828,3,8,3,1.0,0.7854817708333334,77216,98304,21088,3,3,True,hungarian_iou_assignment,"[0.8546773092227637, 0.41433906480977206, 0.6313190005810575]","[{""pred_label"": 0, ""gt_label"": 0, ""iou"": 0.8546773092227637}, {""pred_label"": 1, ""gt_label"": 1, ""iou"": 0.41433906480977206}, {""pred_label"": 2, ""gt_label"": 2, ""iou"": 0.6313190005810575}]",fpn_2,fpn_2,72x72,1,3,3,24x24,pooled_avg_pool_multi_way,False,False,False,,,,"[40304, 32944, 25056]",jpeg_color_clustering_bic,-1,5,21088,0.21451822916666666,8,3,5049,"{""1"": -175020.32111690653, ""2"": -212521.68277678205, ""3"": -331089.0925229129, ""4"": -451532.3389472507, ""5"": -454292.20066841744, ""6"": -526420.6726996222, ""7"": -693791.0719955004, ""8"": -697890.6357259323}","[42471, 19507, 15238, 9304, 5915, 5230, 531, 108]","[42471, 19507, 15238]","[3, 4, 5, 6, 7]","[9304, 5915, 5230, 531, 108]",bic,-697890.6357259323,ok
detexture_ade20k_multi,feature_cluster_coarse_global_pooled_oracle_k,training,175,training_ADE_train_00009899,detexture_multi_partition_v1,multi_partition_invariant,0.4110997843771052,0.3343871156776066,0.3932487040025469,3,8,3,1.0,0.8150484848484848,134483,165000,30517,3,3,True,hungarian_iou_assignment,"[0.5239594702933478, 0.6915231667826771, 0.01781671605529072]","[{""pred_label"": 0, ""gt_label"": 0, ""iou"": 0.5239594702933478}, {""pred_label"": 1, ""gt_label"": 2, ""iou"": 0.6915231667826771}, {""pred_label"": 2, ""gt_label"": 1, ""iou"": 0.01781671605529072}]",fpn_2,fpn_2,72x72,1,3,3,24x24,pooled_avg_pool_multi_way,False,False,False,,,,"[109204, 31712, 24084]",jpeg_color_clustering_bic,-1,5,30517,0.18495151515151514,8,3,10363,"{""1"": -278482.0973274499, ""2"": -353870.06699382694, ""3"": -408121.8689134362, ""4"": -713435.8340106088, ""5"": -918338.0447846263, ""6"": -960801.9515965619, ""7"": -1137484.0894798164, ""8"": -1137771.3329989386}","[58723, 49850, 25910, 14554, 11202, 3032, 1728, 1]","[58723, 49850, 25910]","[3, 4, 5, 6, 7]","[14554, 11202, 3032, 1728, 1]",bic,-1137771.3329989386,ok
detexture_ade20k_multi,feature_cluster_coarse_global_pooled_oracle_k,training,176,training_ADE_train_00009900,detexture_multi_partition_v1,multi_partition_invariant,0.2856859539636957,-0.07369413913425486,0.08998322773692737,2,8,2,1.0,0.8559443115364168,206084,240768,34684,2,2,True,hungarian_iou_assignment,"[0.567864276307157, 0.00350763162023444]","[{""pred_label"": 0, ""gt_label"": 0, ""iou"": 0.567864276307157}, {""pred_label"": 1, ""gt_label"": 1, ""iou"": 0.00350763162023444}]",fpn_2,fpn_2,72x72,1,3,3,24x24,pooled_avg_pool_multi_way,False,False,False,,,,"[182456, 58312]",jpeg_color_clustering_bic,-1,6,34684,0.1440556884635832,8,2,6884,"{""1"": -553435.7744747229, ""2"": -584755.4521233707, ""3"": -698125.0515122917, ""4"": -1707204.393550392, ""5"": -1761257.3017768979, ""6"": -1871528.7370344736, ""7"": -1949746.609327629, ""8"": -1968093.1644160845}","[144600, 61484, 26845, 3150, 2303, 1388, 676, 322]","[144600, 61484]","[2, 3, 4, 5, 6, 7]","[26845, 3150, 2303, 1388, 676, 322]",bic,-1968093.1644160845,ok
detexture_ade20k_multi,feature_cluster_coarse_global_pooled_oracle_k,training,177,training_ADE_train_00009908,detexture_multi_partition_v1,multi_partition_invariant,0.9151901105520012,0.8636621843027534,0.7812895471698916,2,8,2,1.0,0.6305338541666666,48425,76800,28375,2,2,True,hungarian_iou_assignment,"[0.9579300074460164, 0.8724502136579859]","[{""pred_label"": 0, ""gt_label"": 0, ""iou"": 0.9579300074460164}, {""pred_label"": 1, ""gt_label"": 1, ""iou"": 0.8724502136579859}]",fpn_2,fpn_2,72x72,1,3,3,24x24,pooled_avg_pool_multi_way,False,False,False,,,,"[45450, 31350]",jpeg_color_clustering_bic,-1,6,28375,0.3694661458333333,8,2,10505,"{""1"": -149290.29481987722, ""2"": -157388.8710829929, ""3"": -235991.43888203302, ""4"": -254250.77682974984, ""5"": -296999.0643718439, ""6"": -299355.33980259864, ""7"": -386308.5269267117, ""8"": -426447.2278507244}","[37565, 10860, 8743, 6503, 5987, 4726, 1306, 1110]","[37565, 10860]","[2, 3, 4, 5, 6, 7]","[8743, 6503, 5987, 4726, 1306, 1110]",bic,-426447.2278507244,ok
detexture_ade20k_multi,feature_cluster_coarse_global_pooled_oracle_k,training,178,training_ADE_train_00009913,detexture_multi_partition_v1,multi_partition_invariant,0.9699876244721357,0.94039528746074,0.8877426959341016,2,8,2,1.0,0.746147229114971,225523,302250,76727,2,2,True,hungarian_iou_assignment,"[0.9675084752218794, 0.9724667737223921]","[{""pred_label"": 0, ""gt_label"": 1, ""iou"": 0.9675084752218794}, {""pred_label"": 1, ""gt_label"": 0, ""iou"": 0.9724667737223921}]",fpn_2,fpn_2,72x72,1,3,3,24x24,pooled_avg_pool_multi_way,False,False,False,,,,"[163935, 138315]",jpeg_color_clustering_bic,-1,6,76727,0.25385277088502894,8,2,12871,"{""1"": -665831.8475949301, ""2"": -821093.8726028753, ""3"": -944284.2122001142, ""4"": -905737.1877117757, ""5"": -1260915.011370213, ""6"": -1412522.364534605, ""7"": -2061097.959307186, ""8"": -2129032.224879826}","[122821, 102702, 27347, 22542, 13507, 8303, 3509, 1519]","[122821, 102702]","[2, 3, 4, 5, 6, 7]","[27347, 22542, 13507, 8303, 3509, 1519]",bic,-2129032.224879826,ok
detexture_ade20k_multi,feature_cluster_coarse_global_pooled_oracle_k,training,179,training_ADE_train_00009915,detexture_multi_partition_v1,multi_partition_invariant,0.9706808222304564,0.9487423466403174,0.9010038063568011,2,8,2,1.0,0.8427576335877862,88321,104800,16479,2,2,True,hungarian_iou_assignment,"[0.9818470357715414, 0.9595146086893712]","[{""pred_label"": 0, ""gt_label"": 0, ""iou"": 0.9818470357715414}, {""pred_label"": 1, ""gt_label"": 1, ""iou"": 0.9595146086893712}]",fpn_2,fpn_2,72x72,1,3,3,24x24,pooled_avg_pool_multi_way,False,False,False,,,,"[62730, 42070]",jpeg_color_clustering_bic,-1,6,16479,0.15724236641221373,8,2,5325,"{""1"": -191384.426379605, ""2"": -198154.07411706913, ""3"": -449494.90775688697, ""4"": -452586.9941824784, ""5"": -652565.482538911, ""6"": -770689.7894355211, ""7"": -780477.8885224526, ""8"": -794787.7611380811}","[61689, 26632, 11607, 1788, 1415, 774, 465, 430]","[61689, 26632]","[2, 3, 4, 5, 6, 7]","[11607, 1788, 1415, 774, 465, 430]",bic,-794787.7611380811,ok
detexture_ade20k_multi,feature_cluster_coarse_global_pooled_oracle_k,training,180,training_ADE_train_00010007,detexture_multi_partition_v1,multi_partition_invariant,0.6929550362800556,0.40612576760120106,0.4615666311050068,2,8,2,1.0,0.8375732421875,68614,81920,13306,2,2,True,hungarian_iou_assignment,"[0.6827406632119062, 0.7031694093482052]","[{""pred_label"": 0, ""gt_label"": 1, ""iou"": 0.6827406632119062}, {""pred_label"": 1, ""gt_label"": 0, ""iou"": 0.7031694093482052}]",fpn_2,fpn_2,72x72,1,3,3,24x24,pooled_avg_pool_multi_way,False,False,False,,,,"[41089, 40831]",jpeg_color_clustering_bic,-1,6,13306,0.1624267578125,8,2,7733,"{""1"": -155498.9268468648, ""2"": -162560.42495968324, ""3"": -296365.6741838601, ""4"": -400513.8841467527, ""5"": -502294.2594575747, ""6"": -528713.4404145005, ""7"": -553813.0701116624, ""8"": -573094.502628557}","[41869, 26745, 7257, 2270, 2009, 974, 602, 194]","[41869, 26745]","[2, 3, 4, 5, 6, 7]","[7257, 2270, 2009, 974, 602, 194]",bic,-573094.502628557,ok
detexture_ade20k_multi,feature_cluster_coarse_global_pooled_oracle_k,training,181,training_ADE_train_00010010,detexture_multi_partition_v1,multi_partition_invariant,0.6083085525699682,0.6574116817604115,0.7025813479231177,3,8,3,1.0,0.7473319683382138,261339,349696,88357,3,3,True,hungarian_iou_assignment,"[0.5508406975834832, 0.9855133526369104, 0.28857160748951094]","[{""pred_label"": 0, ""gt_label"": 2, ""iou"": 0.5508406975834832}, {""pred_label"": 1, ""gt_label"": 0, ""iou"": 0.9855133526369104}, {""pred_label"": 2, ""gt_label"": 1, ""iou"": 0.28857160748951094}]",fpn_2,fpn_2,72x72,1,3,3,24x24,pooled_avg_pool_multi_way,False,False,False,,,,"[148718, 137623, 63355]",jpeg_color_clustering_bic,-1,5,88357,0.25266803166178625,8,3,16122,"{""1"": -790999.0575021423, ""2"": -840406.9016982379, ""3"": -1207702.0750698573, ""4"": -1246890.6479676855, ""5"": -1440810.0608059522, ""6"": -1482893.5168658984, ""7"": -1680559.7915681424, ""8"": -2171875.298435269}","[110260, 79716, 71363, 40745, 30958, 7408, 6022, 3224]","[110260, 79716, 71363]","[3, 4, 5, 6, 7]","[40745, 30958, 7408, 6022, 3224]",bic,-2171875.298435269,ok
detexture_ade20k_multi,feature_cluster_coarse_global_pooled_oracle_k,training,182,training_ADE_train_00010788,detexture_multi_partition_v1,multi_partition_invariant,0.6119081440861103,0.6557276893743329,0.617765979510052,3,8,3,1.0,0.8977403210780597,124311,138471,14160,3,3,True,hungarian_iou_assignment,"[0.8974828787696744, 0.5766163207649679, 0.3616252327236885]","[{""pred_label"": 0, ""gt_label"": 0, ""iou"": 0.8974828787696744}, {""pred_label"": 1, ""gt_label"": 2, ""iou"": 0.5766163207649679}, {""pred_label"": 2, ""gt_label"": 1, ""iou"": 0.3616252327236885}]",fpn_2,fpn_2,72x72,1,3,3,24x24,pooled_avg_pool_multi_way,False,False,False,,,,"[60762, 47564, 30145]",jpeg_color_clustering_bic,-1,5,14160,0.10225967892194034,8,3,8729,"{""1"": -308963.7235079634, ""2"": -324522.5938396137, ""3"": -478845.2239275705, ""4"": -493421.4452155823, ""5"": -516472.71948971547, ""6"": -863056.5947048267, ""7"": -912302.1488809367, ""8"": -947531.9475981079}","[66509, 31248, 26554, 8809, 1965, 1782, 856, 748]","[66509, 31248, 26554]","[3, 4, 5, 6, 7]","[8809, 1965, 1782, 856, 748]",bic,-947531.9475981079,ok
detexture_ade20k_multi,feature_cluster_coarse_global_pooled_oracle_k,training,183,training_ADE_train_00010789,detexture_multi_partition_v1,multi_partition_invariant,0.5697427522906535,0.5398593825626067,0.5134907209488663,3,8,3,1.0,0.9519483098998459,316321,332288,15967,3,3,True,hungarian_iou_assignment,"[0.8492089993258696, 0.4069019852684312, 0.4531172722776598]","[{""pred_label"": 0, ""gt_label"": 0, ""iou"": 0.8492089993258696}, {""pred_label"": 1, ""gt_label"": 1, ""iou"": 0.4069019852684312}, {""pred_label"": 2, ""gt_label"": 2, ""iou"": 0.4531172722776598}]",fpn_2,fpn_2,72x72,1,3,3,24x24,pooled_avg_pool_multi_way,False,False,False,,,,"[164132, 96093, 72063]",jpeg_color_clustering_bic,-1,5,15967,0.04805169010015408,8,3,9852,"{""1"": -578282.9188930298, ""2"": -602957.358949524, ""3"": -1020446.4097554146, ""4"": -1865577.8261363772, ""5"": -2372802.4672082015, ""6"": -2413760.633070063, ""7"": -2496894.7225088547, ""8"": -2540719.8440864}","[134903, 96239, 85179, 7417, 4695, 2190, 1119, 546]","[134903, 96239, 85179]","[3, 4, 5, 6, 7]","[7417, 4695, 2190, 1119, 546]",bic,-2540719.8440864,ok
detexture_ade20k_multi,feature_cluster_coarse_global_pooled_oracle_k,training,184,training_ADE_train_00010790,detexture_multi_partition_v1,multi_partition_invariant,0.8360343776199489,0.7791313778150964,0.7287836962292963,3,8,3,1.0,0.9335423519736842,345097,369664,24567,3,3,True,hungarian_iou_assignment,"[0.9140817313055442, 0.8459019985692281, 0.7481194029850746]","[{""pred_label"": 0, ""gt_label"": 1, ""iou"": 0.9140817313055442}, {""pred_label"": 1, ""gt_label"": 0, ""iou"": 0.8459019985692281}, {""pred_label"": 2, ""gt_label"": 2, ""iou"": 0.7481194029850746}]",fpn_2,fpn_2,72x72,1,3,3,24x24,pooled_avg_pool_multi_way,False,False,False,,,,"[147226, 134995, 87443]",jpeg_color_clustering_bic,-1,5,24567,0.06645764802631579,8,3,16450,"{""1"": -966669.216832032, ""2"": -1058533.8163142062, ""3"": -1095125.630191349, ""4"": -1354526.4433737115, ""5"": -1300025.9865388004, ""6"": -2187640.2444744427, ""7"": -2190184.78507018, ""8"": -2233857.0540761417}","[153773, 127761, 63563, 16028, 3799, 3760, 869, 111]","[153773, 127761, 63563]","[3, 4, 5, 6, 7]","[16028, 3799, 3760, 869, 111]",bic,-2233857.0540761417,ok
detexture_ade20k_multi,feature_cluster_coarse_global_pooled_oracle_k,training,185,training_ADE_train_00010792,detexture_multi_partition_v1,multi_partition_invariant,0.6499810053921022,0.7403642256723085,0.7185659478422007,4,8,4,1.0,0.9362311557788945,55893,59700,3807,4,4,True,hungarian_iou_assignment,"[0.9259578131726216, 0.6474771265513181, 0.9115061535456144, 0.11498292829885519]","[{""pred_label"": 0, ""gt_label"": 0, ""iou"": 0.9259578131726216}, {""pred_label"": 1, ""gt_label"": 1, ""iou"": 0.6474771265513181}, {""pred_label"": 2, ""gt_label"": 2, ""iou"": 0.9115061535456144}, {""pred_label"": 3, ""gt_label"": 3, ""iou"": 0.11498292829885519}]",fpn_2,fpn_2,72x72,1,3,3,24x24,pooled_avg_pool_multi_way,False,False,False,,,,"[24400, 21154, 10158, 3988]",jpeg_color_clustering_bic,-1,4,3807,0.06376884422110553,8,4,4063,"{""1"": -139011.38507020441, ""2"": -141461.65045085928, ""3"": -172231.40264871035, ""4"": -235244.55276858085, ""5"": -236550.74522225672, ""6"": -335196.7497727814, ""7"": -336710.56608643796, ""8"": -430964.3387135316}","[23230, 15561, 9775, 7327, 2885, 434, 278, 210]","[23230, 15561, 9775, 7327]","[4, 5, 6, 7]","[2885, 434, 278, 210]",bic,-430964.3387135316,ok
detexture_ade20k_multi,feature_cluster_coarse_global_pooled_oracle_k,training,186,training_ADE_train_00010793,detexture_multi_partition_v1,multi_partition_invariant,0.5809347503963579,0.4518434199419491,0.5307507747519226,3,8,3,1.0,0.8943167780014641,312739,349696,36957,3,3,True,hungarian_iou_assignment,"[0.289009412253075, 0.6289645170062546, 0.8248303219297441]","[{""pred_label"": 0, ""gt_label"": 2, ""iou"": 0.289009412253075}, {""pred_label"": 1, ""gt_label"": 0, ""iou"": 0.6289645170062546}, {""pred_label"": 2, ""gt_label"": 1, ""iou"": 0.8248303219297441}]",fpn_2,fpn_2,72x72,1,3,3,24x24,pooled_avg_pool_multi_way,False,False,False,,,,"[133908, 127395, 88393]",jpeg_color_clustering_bic,-1,5,36957,0.10568322199853587,8,3,13638,"{""1"": -861460.6146430898, ""2"": -1025482.5068727221, ""3"": -1070017.194703366, ""4"": -1123501.7881436402, ""5"": -1278955.8372458431, ""6"": -1281067.5749570683, ""7"": -1786917.0172183067, ""8"": -2020359.9092386593}","[197722, 72837, 42180, 12764, 10523, 9763, 3293, 614]","[197722, 72837, 42180]","[3, 4, 5, 6, 7]","[12764, 10523, 9763, 3293, 614]",bic,-2020359.9092386593,ok
detexture_ade20k_multi,feature_cluster_coarse_global_pooled_oracle_k,training,187,training_ADE_train_00010795,detexture_multi_partition_v1,multi_partition_invariant,0.8896104675406041,0.7841322975706246,0.6868421247162967,2,8,2,1.0,0.7762284956076134,271444,349696,78252,2,2,True,hungarian_iou_assignment,"[0.8742042085823978, 0.9050167264988105]","[{""pred_label"": 0, ""gt_label"": 1, ""iou"": 0.8742042085823978}, {""pred_label"": 1, ""gt_label"": 0, ""iou"": 0.9050167264988105}]",fpn_2,fpn_2,72x72,1,3,3,24x24,pooled_avg_pool_multi_way,False,False,False,,,,"[180587, 169109]",jpeg_color_clustering_bic,-1,6,78252,0.22377150439238652,8,2,19878,"{""1"": -834113.4351703943, ""2"": -1035129.927487571, ""3"": -1078752.627036801, ""4"": -1318295.568913759, ""5"": -1397731.3230029482, ""6"": -1503030.2334671204, ""7"": -1517158.1247649675, ""8"": -1570291.9341447186}","[159044, 112400, 28658, 24420, 12528, 5932, 3560, 3154]","[159044, 112400]","[2, 3, 4, 5, 6, 7]","[28658, 24420, 12528, 5932, 3560, 3154]",bic,-1570291.9341447186,ok
detexture_ade20k_multi,feature_cluster_coarse_global_pooled_oracle_k,training,188,training_ADE_train_00010797,detexture_multi_partition_v1,multi_partition_invariant,0.9084162494923946,0.8472321388203267,0.8073574678293781,3,8,3,1.0,0.9644888888888888,65103,67500,2397,3,3,True,hungarian_iou_assignment,"[0.9172720492776841, 0.8921187488955646, 0.9158579503039351]","[{""pred_label"": 0, ""gt_label"": 0, ""iou"": 0.9172720492776841}, {""pred_label"": 1, ""gt_label"": 1, ""iou"": 0.8921187488955646}, {""pred_label"": 2, ""gt_label"": 2, ""iou"": 0.9158579503039351}]",fpn_2,fpn_2,72x72,1,3,3,24x24,pooled_avg_pool_multi_way,False,False,False,,,,"[33656, 23920, 9924]",jpeg_color_clustering_bic,-1,5,2397,0.03551111111111111,8,3,4115,"{""1"": -150041.87706275395, ""2"": -222136.82206956268, ""3"": -232292.23812546014, ""4"": -392258.90325700014, ""5"": -399411.49203380424, ""6"": -406477.89722144976, ""7"": -491539.8041702692, ""8"": -495245.9183250273}","[36024, 20400, 8679, 1261, 403, 306, 259, 168]","[36024, 20400, 8679]","[3, 4, 5, 6, 7]","[1261, 403, 306, 259, 168]",bic,-495245.9183250273,ok
detexture_ade20k_multi,feature_cluster_coarse_global_pooled_oracle_k,training,189,training_ADE_train_00010800,detexture_multi_partition_v1,multi_partition_invariant,0.6929148957728278,0.6083207526714153,0.5831868540388534,3,8,3,1.0,0.9501710056734992,332271,349696,17425,3,3,True,hungarian_iou_assignment,"[0.6732974319522291, 0.8589349855122779, 0.5465122698539763]","[{""pred_label"": 0, ""gt_label"": 1, ""iou"": 0.6732974319522291}, {""pred_label"": 1, ""gt_label"": 0, ""iou"": 0.8589349855122779}, {""pred_label"": 2, ""gt_label"": 2, ""iou"": 0.5465122698539763}]",fpn_2,fpn_2,72x72,1,3,3,24x24,pooled_avg_pool_multi_way,False,False,False,,,,"[147812, 132829, 69055]",jpeg_color_clustering_bic,-1,5,17425,0.04982899432650073,8,3,17099,"{""1"": -654308.5086158523, ""2"": -682665.4365436893, ""3"": -1415981.1538565157, ""4"": -1892461.6554617926, ""5"": -2105895.3753939914, ""6"": -2250840.555139368, ""7"": -2386870.224570505, ""8"": -2452723.5146079957}","[149752, 132653, 49866, 5508, 4843, 4382, 2161, 531]","[149752, 132653, 49866]","[3, 4, 5, 6, 7]","[5508, 4843, 4382, 2161, 531]",bic,-2452723.5146079957,ok
detexture_ade20k_multi,feature_cluster_coarse_global_pooled_oracle_k,training,190,training_ADE_train_00010802,detexture_multi_partition_v1,multi_partition_invariant,0.4902394370525352,0.6111357597426977,0.6792405663676748,3,8,3,1.0,0.8621316800878477,301484,349696,48212,3,3,True,hungarian_iou_assignment,"[0.5315314800420649, 0.9364880905278151, 0.002698740587725728]","[{""pred_label"": 0, ""gt_label"": 1, ""iou"": 0.5315314800420649}, {""pred_label"": 1, ""gt_label"": 0, ""iou"": 0.9364880905278151}, {""pred_label"": 2, ""gt_label"": 2, ""iou"": 0.002698740587725728}]",fpn_2,fpn_2,72x72,1,3,3,24x24,pooled_avg_pool_multi_way,False,False,False,,,,"[175457, 119187, 55052]",jpeg_color_clustering_bic,-1,5,48212,0.13786831991215226,8,3,13870,"{""1"": -594112.5226127803, ""2"": -836975.3411041329, ""3"": -778326.8887590389, ""4"": -1331036.5860707585, ""5"": -1642486.726141206, ""6"": -1888514.377067278, ""7"": -1901592.5418211422, ""8"": -1902211.791105795}","[126271, 100380, 74833, 30419, 13446, 3332, 962, 53]","[126271, 100380, 74833]","[3, 4, 5, 6, 7]","[30419, 13446, 3332, 962, 53]",bic,-1902211.791105795,ok
detexture_ade20k_multi,feature_cluster_coarse_global_pooled_oracle_k,training,191,training_ADE_train_00010806,detexture_multi_partition_v1,multi_partition_invariant,0.9355789281193392,0.9195043484078986,0.8685116427142185,3,8,3,1.0,0.9832026163736979,386611,393216,6605,3,3,True,hungarian_iou_assignment,"[0.9707077595973373, 0.9368133384861701, 0.8992156862745098]","[{""pred_label"": 0, ""gt_label"": 0, ""iou"": 0.9707077595973373}, {""pred_label"": 1, ""gt_label"": 2, ""iou"": 0.9368133384861701}, {""pred_label"": 2, ""gt_label"": 1, ""iou"": 0.8992156862745098}]",fpn_2,fpn_2,72x72,1,3,3,24x24,pooled_avg_pool_multi_way,False,False,False,,,,"[179712, 107296, 106208]",jpeg_color_clustering_bic,-1,5,6605,0.016797383626302082,8,3,9902,"{""1"": -920017.4497870426, ""2"": -1502414.8217892437, ""3"": -1181156.801396405, ""4"": -2719854.623532758, ""5"": -2794892.671453836, ""6"": -3000256.270971579, ""7"": -3107772.3410365167, ""8"": -3138360.4678219315}","[173244, 108640, 104727, 2903, 1227, 1194, 651, 630]","[173244, 108640, 104727]","[3, 4, 5, 6, 7]","[2903, 1227, 1194, 651, 630]",bic,-3138360.4678219315,ok
detexture_ade20k_multi,feature_cluster_coarse_global_pooled_oracle_k,training,192,training_ADE_train_00010807,detexture_multi_partition_v1,multi_partition_invariant,0.5781171618178281,0.3944831066238592,0.4021501926263106,3,8,3,1.0,0.9649810791015625,63241,65536,2295,3,3,True,hungarian_iou_assignment,"[0.5972862395773991, 0.8147650254859128, 0.32230022039017225]","[{""pred_label"": 0, ""gt_label"": 0, ""iou"": 0.5972862395773991}, {""pred_label"": 1, ""gt_label"": 2, ""iou"": 0.8147650254859128}, {""pred_label"": 2, ""gt_label"": 1, ""iou"": 0.32230022039017225}]",fpn_2,fpn_2,72x72,1,3,3,24x24,pooled_avg_pool_multi_way,False,False,False,,,,"[33806, 17288, 14442]",jpeg_color_clustering_bic,-1,5,2295,0.0350189208984375,8,3,6414,"{""1"": -173948.84563899675, ""2"": -193098.72844188946, ""3"": -224630.9327906525, ""4"": -249942.1520469208, ""5"": -228454.2118987022, ""6"": -231131.24010087372, ""7"": -292276.4591018947, ""8"": -292353.9133088319}","[29390, 18505, 15346, 1184, 642, 325, 115, 29]","[29390, 18505, 15346]","[3, 4, 5, 6, 7]","[1184, 642, 325, 115, 29]",bic,-292353.9133088319,ok
detexture_ade20k_multi,feature_cluster_coarse_global_pooled_oracle_k,training,193,training_ADE_train_00010813,detexture_multi_partition_v1,multi_partition_invariant,0.5934358488156243,0.6919922605951246,0.7451032859277628,4,8,4,1.0,0.9073028564453125,59461,65536,6075,4,4,True,hungarian_iou_assignment,"[0.5337605682739451, 0.9199021380704181, 0.886563542614498, 0.03351714630363605]","[{""pred_label"": 0, ""gt_label"": 2, ""iou"": 0.5337605682739451}, {""pred_label"": 1, ""gt_label"": 0, ""iou"": 0.9199021380704181}, {""pred_label"": 2, ""gt_label"": 1, ""iou"": 0.886563542614498}, {""pred_label"": 3, ""gt_label"": 3, ""iou"": 0.03351714630363605}]",fpn_2,fpn_2,72x72,1,3,3,24x24,pooled_avg_pool_multi_way,False,False,False,,,,"[26087, 18873, 14834, 5742]",jpeg_color_clustering_bic,-1,4,6075,0.0926971435546875,8,4,5501,"{""1"": -153659.06904416933, ""2"": -161320.25390445185, ""3"": -193939.0422307163, ""4"": -256352.77420713144, ""5"": -290144.92821043875, ""6"": -291967.4426185323, ""7"": -453258.98834957223, ""8"": -465001.4811136013}","[17342, 16291, 14312, 11516, 4296, 811, 612, 356]","[17342, 16291, 14312, 11516]","[4, 5, 6, 7]","[4296, 811, 612, 356]",bic,-465001.4811136013,ok
detexture_ade20k_multi,feature_cluster_coarse_global_pooled_oracle_k,training,194,training_ADE_train_00010817,detexture_multi_partition_v1,multi_partition_invariant,0.6390814557385075,0.39114778649398213,0.3229406762960213,2,8,2,1.0,0.5944061279296875,38955,65536,26581,2,2,True,hungarian_iou_assignment,"[0.7868816938030088, 0.49128121767400623]","[{""pred_label"": 0, ""gt_label"": 0, ""iou"": 0.7868816938030088}, {""pred_label"": 1, ""gt_label"": 1, ""iou"": 0.49128121767400623}]",fpn_2,fpn_2,72x72,1,3,3,24x24,pooled_avg_pool_multi_way,False,False,False,,,,"[34631, 30905]",jpeg_color_clustering_bic,-1,6,26581,0.4055938720703125,8,2,9555,"{""1"": -131489.01918782163, ""2"": -146771.00336852283, ""3"": -157481.42707418217, ""4"": -207796.1133443894, ""5"": -195485.02952817775, ""6"": -202836.56067046552, ""7"": -370722.9341503005, ""8"": -375375.51627538697}","[25954, 13001, 6987, 6360, 6327, 4666, 1613, 628]","[25954, 13001]","[2, 3, 4, 5, 6, 7]","[6987, 6360, 6327, 4666, 1613, 628]",bic,-375375.51627538697,ok
detexture_ade20k_multi,feature_cluster_coarse_global_pooled_oracle_k,training,195,training_ADE_train_00010822,detexture_multi_partition_v1,multi_partition_invariant,0.8818957025326987,0.8603902609657639,0.8167093543890308,3,8,3,1.0,0.8965301513671875,58755,65536,6781,3,3,True,hungarian_iou_assignment,"[0.9853860484371766, 0.8554685623709112, 0.8048324967900081]","[{""pred_label"": 0, ""gt_label"": 0, ""iou"": 0.9853860484371766}, {""pred_label"": 1, ""gt_label"": 1, ""iou"": 0.8554685623709112}, {""pred_label"": 2, ""gt_label"": 2, ""iou"": 0.8048324967900081}]",fpn_2,fpn_2,72x72,1,3,3,24x24,pooled_avg_pool_multi_way,False,False,False,,,,"[24455, 23680, 17401]",jpeg_color_clustering_bic,-1,5,6781,0.1034698486328125,8,3,9580,"{""1"": -121244.34307365929, ""2"": -173693.92946579924, ""3"": -189613.71352364167, ""4"": -297346.64547179005, ""5"": -305505.3744985685, ""6"": -370671.027513697, ""7"": -375026.10726684163, ""8"": -386959.68429810624}","[23886, 18418, 16451, 3462, 1333, 1220, 453, 313]","[23886, 18418, 16451]","[3, 4, 5, 6, 7]","[3462, 1333, 1220, 453, 313]",bic,-386959.68429810624,ok
detexture_ade20k_multi,feature_cluster_coarse_global_pooled_oracle_k,training,196,training_ADE_train_00010823,detexture_multi_partition_v1,multi_partition_invariant,0.8550879445582924,0.7933945953869472,0.7691702284259002,4,8,4,1.0,0.8987884521484375,58903,65536,6633,4,4,True,hungarian_iou_assignment,"[0.9105477158574504, 0.804369589541252, 0.7608318890814558, 0.9446025837530108]","[{""pred_label"": 0, ""gt_label"": 0, ""iou"": 0.9105477158574504}, {""pred_label"": 1, ""gt_label"": 2, ""iou"": 0.804369589541252}, {""pred_label"": 2, ""gt_label"": 1, ""iou"": 0.7608318890814558}, {""pred_label"": 3, ""gt_label"": 3, ""iou"": 0.9446025837530108}]",fpn_2,fpn_2,72x72,1,3,3,24x24,pooled_avg_pool_multi_way,False,False,False,,,,"[21714, 16078, 13984, 13760]",jpeg_color_clustering_bic,-1,4,6633,0.1012115478515625,8,4,5676,"{""1"": -120813.38226680594, ""2"": -129949.22513241599, ""3"": -167382.45184070675, ""4"": -239875.7199045805, ""5"": -252511.72769313183, ""6"": -253460.7520064769, ""7"": -426892.7385898987, ""8"": -433930.5254577103}","[19226, 16020, 14992, 8665, 4330, 1333, 664, 306]","[19226, 16020, 14992, 8665]","[4, 5, 6, 7]","[4330, 1333, 664, 306]",bic,-433930.5254577103,ok
detexture_ade20k_multi,feature_cluster_coarse_global_pooled_oracle_k,training,197,training_ADE_train_00010827,detexture_multi_partition_v1,multi_partition_invariant,0.9408107950049902,0.9365954118130779,0.889585166410111,3,8,3,1.0,0.7611541748046875,49883,65536,15653,3,3,True,hungarian_iou_assignment,"[0.9729339454976303, 0.8878895248478241, 0.9616089146695161]","[{""pred_label"": 0, ""gt_label"": 0, ""iou"": 0.9729339454976303}, {""pred_label"": 1, ""gt_label"": 2, ""iou"": 0.8878895248478241}, {""pred_label"": 2, ""gt_label"": 1, ""iou"": 0.9616089146695161}]",fpn_2,fpn_2,72x72,1,3,3,24x24,pooled_avg_pool_multi_way,False,False,False,,,,"[32768, 18688, 14080]",jpeg_color_clustering_bic,-1,5,15653,0.2388458251953125,8,3,6924,"{""1"": -106523.34515529848, ""2"": -144803.29760550673, ""3"": -214615.03783013826, ""4"": -321566.83932066767, ""5"": -401950.1234509404, ""6"": -419502.6326863814, ""7"": -424900.1373611938, ""8"": -437406.28768800444}","[26939, 12710, 10234, 7153, 7006, 639, 549, 306]","[26939, 12710, 10234]","[3, 4, 5, 6, 7]","[7153, 7006, 639, 549, 306]",bic,-437406.28768800444,ok
detexture_ade20k_multi,feature_cluster_coarse_global_pooled_oracle_k,training,198,training_ADE_train_00010836,detexture_multi_partition_v1,multi_partition_invariant,0.9073499263533904,0.9154432223461102,0.8530556630961658,3,8,3,1.0,0.7713470458984375,50551,65536,14985,3,3,True,hungarian_iou_assignment,"[0.9656768473548681, 0.8146197598483252, 0.941753171856978]","[{""pred_label"": 0, ""gt_label"": 0, ""iou"": 0.9656768473548681}, {""pred_label"": 1, ""gt_label"": 2, ""iou"": 0.8146197598483252}, {""pred_label"": 2, ""gt_label"": 1, ""iou"": 0.941753171856978}]",fpn_2,fpn_2,72x72,1,3,3,24x24,pooled_avg_pool_multi_way,False,False,False,,,,"[32956, 19897, 12683]",jpeg_color_clustering_bic,-1,5,14985,0.2286529541015625,8,3,6791,"{""1"": -117764.1413385578, ""2"": -143617.81364173305, ""3"": -216876.37380124917, ""4"": -302001.93659766816, ""5"": -335494.55472512107, ""6"": -338287.7624550978, ""7"": -440080.902575902, ""8"": -446894.1926361397}","[30662, 11762, 8127, 5595, 4264, 4257, 591, 278]","[30662, 11762, 8127]","[3, 4, 5, 6, 7]","[5595, 4264, 4257, 591, 278]",bic,-446894.1926361397,ok
detexture_ade20k_multi,feature_cluster_coarse_global_pooled_oracle_k,training,199,training_ADE_train_00010839,detexture_multi_partition_v1,multi_partition_invariant,0.6294939184847014,0.6247488459779029,0.5941948888590735,3,8,3,1.0,0.8353271484375,54744,65536,10792,3,3,True,hungarian_iou_assignment,"[0.6611758023288838, 0.9301929879550441, 0.29711296517017616]","[{""pred_label"": 0, ""gt_label"": 1, ""iou"": 0.6611758023288838}, {""pred_label"": 1, ""gt_label"": 0, ""iou"": 0.9301929879550441}, {""pred_label"": 2, ""gt_label"": 2, ""iou"": 0.29711296517017616}]",fpn_2,fpn_2,72x72,1,3,3,24x24,pooled_avg_pool_multi_way,False,False,False,,,,"[26112, 21312, 18112]",jpeg_color_clustering_bic,-1,5,10792,0.1646728515625,8,3,6785,"{""1"": -140882.46891820416, ""2"": -170389.87554833968, ""3"": -209553.43173152802, ""4"": -209631.02638501517, ""5"": -297896.44535512384, ""6"": -340855.7730672913, ""7"": -311818.7201693695, ""8"": -391496.8425366295}","[22333, 21132, 11279, 7368, 1423, 1263, 416, 322]","[22333, 21132, 11279]","[3, 4, 5, 6, 7]","[7368, 1423, 1263, 416, 322]",bic,-391496.8425366295,ok
detexture_ade20k_multi,feature_cluster_coarse_global_pooled_oracle_k,training,200,training_ADE_train_00010840,detexture_multi_partition_v1,multi_partition_invariant,0.9794434214617183,0.9719490993845675,0.9528492663604141,3,8,3,1.0,0.9577178955078125,62765,65536,2771,3,3,True,hungarian_iou_assignment,"[0.9928439131166863, 0.9778670061698168, 0.9676193450986517]","[{""pred_label"": 0, ""gt_label"": 0, ""iou"": 0.9928439131166863}, {""pred_label"": 1, ""gt_label"": 1, ""iou"": 0.9778670061698168}, {""pred_label"": 2, ""gt_label"": 2, ""iou"": 0.9676193450986517}]",fpn_2,fpn_2,72x72,1,3,3,24x24,pooled_avg_pool_multi_way,False,False,False,,,,"[24576, 21785, 19175]",jpeg_color_clustering_bic,-1,5,2771,0.0422821044921875,8,3,3114,"{""1"": -113229.09691984767, ""2"": -211033.17768277047, ""3"": -239197.1650548455, ""4"": -427079.7052495359, ""5"": -436884.21395641816, ""6"": -457136.4894294695, ""7"": -477605.60246857157, ""8"": -493192.7660274651}","[23586, 19994, 19185, 1166, 683, 390, 351, 181]","[23586, 19994, 19185]","[3, 4, 5, 6, 7]","[1166, 683, 390, 351, 181]",bic,-493192.7660274651,ok
detexture_ade20k_multi,feature_cluster_coarse_global_pooled_oracle_k,training,201,training_ADE_train_00010841,detexture_multi_partition_v1,multi_partition_invariant,0.5206041156807784,0.5872990819037794,0.6491437676987113,4,8,4,1.0,0.9049072265625,59304,65536,6232,4,4,True,hungarian_iou_assignment,"[0.6275571367802313, 0.9065977742448331, 0.1550896691083607, 0.39317188258968844]","[{""pred_label"": 0, ""gt_label"": 0, ""iou"": 0.6275571367802313}, {""pred_label"": 1, ""gt_label"": 1, ""iou"": 0.9065977742448331}, {""pred_label"": 2, ""gt_label"": 3, ""iou"": 0.1550896691083607}, {""pred_label"": 3, ""gt_label"": 2, ""iou"": 0.39317188258968844}]",fpn_2,fpn_2,72x72,1,3,3,24x24,pooled_avg_pool_multi_way,False,False,False,,,,"[24588, 21770, 11715, 7463]",jpeg_color_clustering_bic,-1,4,6232,0.0950927734375,8,4,5909,"{""1"": -115961.6596099742, ""2"": -122685.6830641162, ""3"": -159652.9089438505, ""4"": -207438.75789320248, ""5"": -318335.2881831636, ""6"": -423876.05277996504, ""7"": -441167.0837961029, ""8"": -456559.9774303607}","[17847, 15998, 13348, 12111, 3868, 1075, 666, 623]","[17847, 15998, 13348, 12111]","[4, 5, 6, 7]","[3868, 1075, 666, 623]",bic,-456559.9774303607,ok
detexture_ade20k_multi,feature_cluster_coarse_global_pooled_oracle_k,training,202,training_ADE_train_00010843,detexture_multi_partition_v1,multi_partition_invariant,0.5941542561583228,0.48659564676130684,0.6096079910863139,3,8,3,1.0,0.7580413818359375,49679,65536,15857,3,3,True,hungarian_iou_assignment,"[0.5282336171923541, 0.9301684925363572, 0.3240606587462571]","[{""pred_label"": 0, ""gt_label"": 2, ""iou"": 0.5282336171923541}, {""pred_label"": 1, ""gt_label"": 1, ""iou"": 0.9301684925363572}, {""pred_label"": 2, ""gt_label"": 0, ""iou"": 0.3240606587462571}]",fpn_2,fpn_2,72x72,1,3,3,24x24,pooled_avg_pool_multi_way,False,False,False,,,,"[28217, 26362, 10957]",jpeg_color_clustering_bic,-1,5,15857,0.2419586181640625,8,3,8887,"{""1"": -128017.14651161975, ""2"": -158977.03806686314, ""3"": -218102.63117191038, ""4"": -217396.71182040474, ""5"": -278266.56321737095, ""6"": -327674.4706886592, ""7"": -323937.1815503699, ""8"": -336210.79284790053}","[19864, 15362, 14453, 6765, 6073, 1231, 1100, 688]","[19864, 15362, 14453]","[3, 4, 5, 6, 7]","[6765, 6073, 1231, 1100, 688]",bic,-336210.79284790053,ok
detexture_ade20k_multi,feature_cluster_coarse_global_pooled_oracle_k,training,203,training_ADE_train_00010914,detexture_multi_partition_v1,multi_partition_invariant,0.9335742740061728,0.8736605499908296,0.8187694679848464,2,8,2,1.0,0.8145629629629629,54983,67500,12517,2,2,True,hungarian_iou_assignment,"[0.9485306803151418, 0.9186178676972039]","[{""pred_label"": 0, ""gt_label"": 0, ""iou"": 0.9485306803151418}, {""pred_label"": 1, ""gt_label"": 1, ""iou"": 0.9186178676972039}]",fpn_2,fpn_2,72x72,1,3,3,24x24,pooled_avg_pool_multi_way,False,False,False,,,,"[38506, 28994]",jpeg_color_clustering_bic,-1,6,12517,0.18543703703703704,8,2,4629,"{""1"": -116763.28396647407, ""2"": -137843.8839476724, ""3"": -292643.99484647525, ""4"": -414600.4451171749, ""5"": -435590.9391679252, ""6"": -481219.5663664788, ""7"": -496540.7069702914, ""8"": -500804.9208238793}","[34778, 20205, 6136, 3754, 1888, 357, 319, 63]","[34778, 20205]","[2, 3, 4, 5, 6, 7]","[6136, 3754, 1888, 357, 319, 63]",bic,-500804.9208238793,ok
detexture_ade20k_multi,feature_cluster_coarse_global_pooled_oracle_k,training,204,training_ADE_train_00011021,detexture_multi_partition_v1,multi_partition_invariant,0.5671817504677613,0.619769500461035,0.6113752484611115,4,8,4,1.0,0.9261229045189504,325284,351232,25948,4,4,True,hungarian_iou_assignment,"[0.5409182865010808, 0.8329615977586301, 0.8319152417573427, 0.0629318758539918]","[{""pred_label"": 0, ""gt_label"": 1, ""iou"": 0.5409182865010808}, {""pred_label"": 1, ""gt_label"": 0, ""iou"": 0.8329615977586301}, {""pred_label"": 2, ""gt_label"": 2, ""iou"": 0.8319152417573427}, {""pred_label"": 3, ""gt_label"": 3, ""iou"": 0.0629318758539918}]",fpn_2,fpn_2,72x72,1,3,3,24x24,pooled_avg_pool_multi_way,False,False,False,,,,"[115321, 114261, 78563, 43087]",jpeg_color_clustering_bic,-1,4,25948,0.07387709548104957,8,4,15510,"{""1"": -661985.9306725878, ""2"": -705363.7144157313, ""3"": -947840.83009747, ""4"": -1324105.5135548557, ""5"": -1373410.6188053954, ""6"": -1437565.1481438903, ""7"": -1438015.9506362614, ""8"": -2319473.4043164547}","[120791, 85947, 61483, 57063, 14917, 5689, 5043, 299]","[120791, 85947, 61483, 57063]","[4, 5, 6, 7]","[14917, 5689, 5043, 299]",bic,-2319473.4043164547,ok
detexture_ade20k_multi,feature_cluster_coarse_global_pooled_oracle_k,training,205,training_ADE_train_00011024,detexture_multi_partition_v1,multi_partition_invariant,0.5374469112218901,0.7354459970124998,0.7304314593919834,3,8,3,1.0,0.8597267340775988,300643,349696,49053,3,3,True,hungarian_iou_assignment,"[0.9341923579420561, 0.6760504863827166, 0.0020978893408978966]","[{""pred_label"": 0, ""gt_label"": 0, ""iou"": 0.9341923579420561}, {""pred_label"": 1, ""gt_label"": 1, ""iou"": 0.6760504863827166}, {""pred_label"": 2, ""gt_label"": 2, ""iou"": 0.0020978893408978966}]",fpn_2,fpn_2,72x72,1,3,3,24x24,pooled_avg_pool_multi_way,False,False,False,,,,"[176910, 147435, 25351]",jpeg_color_clustering_bic,-1,5,49053,0.14027326592240116,8,3,12271,"{""1"": -706476.5242983763, ""2"": -1102848.4630017348, ""3"": -1262194.9403605217, ""4"": -1276899.973010092, ""5"": -1626700.2323822542, ""6"": -2271472.0134168486, ""7"": -2307676.3358526677, ""8"": -2321718.6261036624}","[160880, 96851, 42912, 39479, 6540, 1454, 1193, 387]","[160880, 96851, 42912]","[3, 4, 5, 6, 7]","[39479, 6540, 1454, 1193, 387]",bic,-2321718.6261036624,ok
detexture_ade20k_multi,feature_cluster_coarse_global_pooled_oracle_k,training,206,training_ADE_train_00011040,detexture_multi_partition_v1,multi_partition_invariant,0.9714363322174527,0.9481382914671167,0.8929437857151395,2,8,2,1.0,0.8346277909956076,291866,349696,57830,2,2,True,hungarian_iou_assignment,"[0.9805571364845949, 0.9623155279503106]","[{""pred_label"": 0, ""gt_label"": 0, ""iou"": 0.9805571364845949}, {""pred_label"": 1, ""gt_label"": 1, ""iou"": 0.9623155279503106}]",fpn_2,fpn_2,72x72,1,3,3,24x24,pooled_avg_pool_multi_way,False,False,False,,,,"[205492, 144204]",jpeg_color_clustering_bic,-1,6,57830,0.1653722090043924,8,2,12154,"{""1"": -732939.2722648004, ""2"": -890849.8891530577, ""3"": -1066963.4733544213, ""4"": -1082928.3972823774, ""5"": -1090599.3663642118, ""6"": -2232370.003748785, ""7"": -2240019.8706859257, ""8"": -2385264.586753683}","[193382, 98484, 31114, 17541, 5108, 2447, 1433, 187]","[193382, 98484]","[2, 3, 4, 5, 6, 7]","[31114, 17541, 5108, 2447, 1433, 187]",bic,-2385264.586753683,ok
detexture_ade20k_multi,feature_cluster_coarse_global_pooled_oracle_k,training,207,training_ADE_train_00011706,detexture_multi_partition_v1,multi_partition_invariant,0.8525054619730822,0.7844454388105858,0.7816090035438539,3,8,3,1.0,0.8322789115646259,48938,58800,9862,3,3,True,hungarian_iou_assignment,"[0.8632595158259332, 0.7288617546207242, 0.965395115472589]","[{""pred_label"": 0, ""gt_label"": 0, ""iou"": 0.8632595158259332}, {""pred_label"": 1, ""gt_label"": 2, ""iou"": 0.7288617546207242}, {""pred_label"": 2, ""gt_label"": 1, ""iou"": 0.965395115472589}]",fpn_2,fpn_2,72x72,1,3,3,24x24,pooled_avg_pool_multi_way,False,False,False,,,,"[24617, 18925, 15258]",jpeg_color_clustering_bic,-1,5,9862,0.16772108843537414,8,3,5632,"{""1"": -108750.20028843658, ""2"": -117436.24894794868, ""3"": -138936.26317575958, ""4"": -275789.0273619155, ""5"": -291566.4163489762, ""6"": -298844.52004020003, ""7"": -382432.5159277527, ""8"": -396527.3188435749}","[27083, 13084, 8771, 5431, 1885, 1510, 652, 384]","[27083, 13084, 8771]","[3, 4, 5, 6, 7]","[5431, 1885, 1510, 652, 384]",bic,-396527.3188435749,ok
detexture_ade20k_multi,feature_cluster_coarse_global_pooled_oracle_k,training,208,training_ADE_train_00011707,detexture_multi_partition_v1,multi_partition_invariant,0.6305811034553744,0.6115806421430773,0.6566683081002784,3,8,3,1.0,0.8126401217057101,284177,349696,65519,3,3,True,hungarian_iou_assignment,"[0.5676552363299351, 0.9213759012005058, 0.4027121728356822]","[{""pred_label"": 0, ""gt_label"": 2, ""iou"": 0.5676552363299351}, {""pred_label"": 1, ""gt_label"": 0, ""iou"": 0.9213759012005058}, {""pred_label"": 2, ""gt_label"": 1, ""iou"": 0.4027121728356822}]",fpn_2,fpn_2,72x72,1,3,3,24x24,pooled_avg_pool_multi_way,False,False,False,,,,"[150246, 113776, 85674]",jpeg_color_clustering_bic,-1,5,65519,0.1873598782942899,8,3,19554,"{""1"": -651267.9728053986, ""2"": -672991.7319465856, ""3"": -1147669.4429260213, ""4"": -1368723.5321193703, ""5"": -1709829.4870115803, ""6"": -1975309.9990273195, ""7"": -2014058.9269857241, ""8"": -2341339.0441704625}","[121782, 93795, 68600, 31376, 16275, 10596, 4241, 3031]","[121782, 93795, 68600]","[3, 4, 5, 6, 7]","[31376, 16275, 10596, 4241, 3031]",bic,-2341339.0441704625,ok
detexture_ade20k_multi,feature_cluster_coarse_global_pooled_oracle_k,training,209,training_ADE_train_00011755,detexture_multi_partition_v1,multi_partition_invariant,0.44028816061967374,0.5193321739289148,0.49801832991461675,3,8,3,1.0,0.9270428015564203,67663,72988,5325,3,3,True,hungarian_iou_assignment,"[0.7873773534871387, 0.5292517909259751, 0.004235337445907375]","[{""pred_label"": 0, ""gt_label"": 0, ""iou"": 0.7873773534871387}, {""pred_label"": 1, ""gt_label"": 1, ""iou"": 0.5292517909259751}, {""pred_label"": 2, ""gt_label"": 2, ""iou"": 0.004235337445907375}]",fpn_2,fpn_2,72x72,1,3,3,24x24,pooled_avg_pool_multi_way,False,False,False,,,,"[34783, 29127, 9078]",jpeg_color_clustering_bic,-1,5,5325,0.07295719844357977,8,3,5046,"{""1"": -159709.47832074278, ""2"": -167502.06875554725, ""3"": -196826.25445731595, ""4"": -342701.9479366786, ""5"": -403426.3867109047, ""6"": -408035.72199962474, ""7"": -415160.96641852835, ""8"": -416249.0223043776}","[33091, 17702, 16870, 3486, 781, 532, 355, 171]","[33091, 17702, 16870]","[3, 4, 5, 6, 7]","[3486, 781, 532, 355, 171]",bic,-416249.0223043776,ok
detexture_ade20k_multi,feature_cluster_coarse_global_pooled_oracle_k,training,210,training_ADE_train_00011756,detexture_multi_partition_v1,multi_partition_invariant,0.9430518518414054,0.9433682435746648,0.9053083499769492,3,8,3,1.0,0.9106810785681079,78355,86040,7685,3,3,True,hungarian_iou_assignment,"[0.9897985207855139, 0.9455622146118722, 0.8937948201268299]","[{""pred_label"": 0, ""gt_label"": 0, ""iou"": 0.9897985207855139}, {""pred_label"": 1, ""gt_label"": 1, ""iou"": 0.9455622146118722}, {""pred_label"": 2, ""gt_label"": 2, ""iou"": 0.8937948201268299}]",fpn_2,fpn_2,72x72,1,3,3,24x24,pooled_avg_pool_multi_way,False,False,False,,,,"[37200, 26940, 21900]",jpeg_color_clustering_bic,-1,5,7685,0.08931892143189214,8,3,7167,"{""1"": -151011.55055552922, ""2"": -155765.75639718884, ""3"": -226096.0669138272, ""4"": -375050.02325771266, ""5"": -443147.7630531992, ""6"": -466713.3976413121, ""7"": -534192.1468423661, ""8"": -535463.3313691563}","[35165, 27982, 15208, 3338, 1843, 1488, 876, 140]","[35165, 27982, 15208]","[3, 4, 5, 6, 7]","[3338, 1843, 1488, 876, 140]",bic,-535463.3313691563,ok
detexture_ade20k_multi,feature_cluster_coarse_global_pooled_oracle_k,training,211,training_ADE_train_00011757,detexture_multi_partition_v1,multi_partition_invariant,0.8922483147339069,0.8565820719235742,0.8152143372745484,3,8,3,1.0,0.8717181087310958,62021,71148,9127,3,3,True,hungarian_iou_assignment,"[0.9086864192537163, 0.959884243089512, 0.8081742818584924]","[{""pred_label"": 0, ""gt_label"": 0, ""iou"": 0.9086864192537163}, {""pred_label"": 1, ""gt_label"": 1, ""iou"": 0.959884243089512}, {""pred_label"": 2, ""gt_label"": 2, ""iou"": 0.8081742818584924}]",fpn_2,fpn_2,72x72,1,3,3,24x24,pooled_avg_pool_multi_way,False,False,False,,,,"[28046, 23753, 19349]",jpeg_color_clustering_bic,-1,5,9127,0.12828189126890427,8,3,7215,"{""1"": -106361.5404816151, ""2"": -154343.5205875712, ""3"": -187990.9627298978, ""4"": -360728.28937885567, ""5"": -401798.764057225, ""6"": -424962.78972753097, ""7"": -440441.1573204585, ""8"": -469927.9756432362}","[29581, 19469, 12971, 5703, 1253, 1027, 863, 281]","[29581, 19469, 12971]","[3, 4, 5, 6, 7]","[5703, 1253, 1027, 863, 281]",bic,-469927.9756432362,ok
detexture_ade20k_multi,feature_cluster_coarse_global_pooled_oracle_k,training,212,training_ADE_train_00011758,detexture_multi_partition_v1,multi_partition_invariant,0.4815594033996675,0.5956464688827864,0.5548794008235964,3,8,3,1.0,0.934966966966967,77836,83250,5414,3,3,True,hungarian_iou_assignment,"[0.8523922098390183, 0.5436146216358186, 0.0486713787241657]","[{""pred_label"": 0, ""gt_label"": 0, ""iou"": 0.8523922098390183}, {""pred_label"": 1, ""gt_label"": 1, ""iou"": 0.5436146216358186}, {""pred_label"": 2, ""gt_label"": 2, ""iou"": 0.0486713787241657}]",fpn_2,fpn_2,72x72,1,3,3,24x24,pooled_avg_pool_multi_way,False,False,False,,,,"[44956, 28412, 9882]",jpeg_color_clustering_bic,-1,5,5414,0.06503303303303304,8,3,7348,"{""1"": -185917.72654579574, ""2"": -290413.6942520383, ""3"": -284709.1156996192, ""4"": -299005.44167028455, ""5"": -338931.9827923143, ""6"": -434114.12582845613, ""7"": -452644.5901120804, ""8"": -455509.45421680895}","[37859, 21911, 18066, 2479, 1096, 805, 540, 494]","[37859, 21911, 18066]","[3, 4, 5, 6, 7]","[2479, 1096, 805, 540, 494]",bic,-455509.45421680895,ok
detexture_ade20k_multi,feature_cluster_coarse_global_pooled_oracle_k,training,213,training_ADE_train_00011761,detexture_multi_partition_v1,multi_partition_invariant,0.5644657669279657,0.5080117752193809,0.600935492718686,3,8,3,1.0,0.7064850613103953,247055,349696,102641,3,3,True,hungarian_iou_assignment,"[0.4070384560806017, 0.8948708736632994, 0.391487971039996]","[{""pred_label"": 0, ""gt_label"": 2, ""iou"": 0.4070384560806017}, {""pred_label"": 1, ""gt_label"": 1, ""iou"": 0.8948708736632994}, {""pred_label"": 2, ""gt_label"": 0, ""iou"": 0.391487971039996}]",fpn_2,fpn_2,72x72,1,3,3,24x24,pooled_avg_pool_multi_way,False,False,False,,,,"[148108, 105219, 96369]",jpeg_color_clustering_bic,-1,5,102641,0.2935149386896047,8,3,18754,"{""1"": -665984.325070009, ""2"": -779020.7387882775, ""3"": -1045481.6569842799, ""4"": -1019545.4250912499, ""5"": -1237497.1495056301, ""6"": -1395175.5871680554, ""7"": -1523059.5207279765, ""8"": -1700096.468124842}","[109655, 94368, 43032, 33375, 26304, 22272, 15922, 4768]","[109655, 94368, 43032]","[3, 4, 5, 6, 7]","[33375, 26304, 22272, 15922, 4768]",bic,-1700096.468124842,ok
detexture_ade20k_multi,feature_cluster_coarse_global_pooled_oracle_k,training,214,training_ADE_train_00011765,detexture_multi_partition_v1,multi_partition_invariant,0.39308081657272026,0.4578856856757179,0.5551091952699414,3,8,3,1.0,0.9476096096096096,157777,166500,8723,3,3,True,hungarian_iou_assignment,"[0.6497269815213798, 0.488156662156335, 0.04135880604044626]","[{""pred_label"": 0, ""gt_label"": 1, ""iou"": 0.6497269815213798}, {""pred_label"": 1, ""gt_label"": 0, ""iou"": 0.488156662156335}, {""pred_label"": 2, ""gt_label"": 2, ""iou"": 0.04135880604044626}]",fpn_2,fpn_2,72x72,1,3,3,24x24,pooled_avg_pool_multi_way,False,False,False,,,,"[94028, 38169, 34303]",jpeg_color_clustering_bic,-1,5,8723,0.05239039039039039,8,3,5550,"{""1"": -322658.76334848546, ""2"": -365780.2634130861, ""3"": -731799.8134859218, ""4"": -1217161.275437481, ""5"": -1247732.6615773288, ""6"": -1327158.9464370816, ""7"": -1358626.0134889456, ""8"": -1366559.8080991716}","[63364, 57010, 37403, 5920, 1393, 819, 407, 184]","[63364, 57010, 37403]","[3, 4, 5, 6, 7]","[5920, 1393, 819, 407, 184]",bic,-1366559.8080991716,ok
detexture_ade20k_multi,feature_cluster_coarse_global_pooled_oracle_k,training,215,training_ADE_train_00011835,detexture_multi_partition_v1,multi_partition_invariant,0.569623000716502,0.48739360934713105,0.573853775998694,3,8,3,1.0,0.842575,101109,120000,18891,3,3,True,hungarian_iou_assignment,"[0.3523138409760202, 0.9665323550637479, 0.3900228061097376]","[{""pred_label"": 0, ""gt_label"": 2, ""iou"": 0.3523138409760202}, {""pred_label"": 1, ""gt_label"": 1, ""iou"": 0.9665323550637479}, {""pred_label"": 2, ""gt_label"": 0, ""iou"": 0.3900228061097376}]",fpn_2,fpn_2,72x72,1,3,3,24x24,pooled_avg_pool_multi_way,False,False,False,,,,"[48817, 38387, 32796]",jpeg_color_clustering_bic,-1,5,18891,0.157425,8,3,10298,"{""1"": -195605.7748530296, ""2"": -200886.25810917586, ""3"": -313618.72743312403, ""4"": -488507.7240230822, ""5"": -570743.4507191827, ""6"": -626153.0418586129, ""7"": -638922.1254499006, ""8"": -658684.5807743497}","[48851, 32751, 19507, 10913, 3809, 1695, 1255, 1219]","[48851, 32751, 19507]","[3, 4, 5, 6, 7]","[10913, 3809, 1695, 1255, 1219]",bic,-658684.5807743497,ok
detexture_ade20k_multi,feature_cluster_coarse_global_pooled_oracle_k,training,216,training_ADE_train_00011842,detexture_multi_partition_v1,multi_partition_invariant,0.9646547052913743,0.9309599187639553,0.8754285344823243,2,8,2,1.0,0.8649884471083455,302483,349696,47213,2,2,True,hungarian_iou_assignment,"[0.9700879732363112, 0.9592214373464374]","[{""pred_label"": 0, ""gt_label"": 0, ""iou"": 0.9700879732363112}, {""pred_label"": 1, ""gt_label"": 1, ""iou"": 0.9592214373464374}]",fpn_2,fpn_2,72x72,1,3,3,24x24,pooled_avg_pool_multi_way,False,False,False,,,,"[217640, 132056]",jpeg_color_clustering_bic,-1,6,47213,0.13501155289165448,8,2,8812,"{""1"": -767485.2463926845, ""2"": -793483.1741918222, ""3"": -1530346.580387063, ""4"": -1910481.021652075, ""5"": -1931909.732726112, ""6"": -2708627.074742044, ""7"": -2758637.84387844, ""8"": -2852391.6380419065}","[176496, 125987, 27519, 12810, 2528, 2458, 1013, 885]","[176496, 125987]","[2, 3, 4, 5, 6, 7]","[27519, 12810, 2528, 2458, 1013, 885]",bic,-2852391.6380419065,ok
detexture_ade20k_multi,feature_cluster_coarse_global_pooled_oracle_k,training,217,training_ADE_train_00011846,detexture_multi_partition_v1,multi_partition_invariant,0.6296955830263633,0.6479314205111788,0.6821125957413544,5,8,5,1.0,0.9168363378477306,320614,349696,29082,5,5,True,hungarian_iou_assignment,"[0.5225986078886311, 0.8717211942006867, 0.8749379020444558, 0.3025552325224794, 0.5766649784755634]","[{""pred_label"": 0, ""gt_label"": 4, ""iou"": 0.5225986078886311}, {""pred_label"": 1, ""gt_label"": 0, ""iou"": 0.8717211942006867}, {""pred_label"": 2, ""gt_label"": 1, ""iou"": 0.8749379020444558}, {""pred_label"": 3, ""gt_label"": 2, ""iou"": 0.3025552325224794}, {""pred_label"": 4, ""gt_label"": 3, ""iou"": 0.5766649784755634}]",fpn_2,fpn_2,72x72,1,3,3,24x24,pooled_avg_pool_multi_way,False,False,False,,,,"[94471, 75233, 72081, 63327, 44584]",jpeg_color_clustering_bic,-1,3,29082,0.0831636621522694,8,5,18647,"{""1"": -734018.7832134136, ""2"": -810275.1027831136, ""3"": -994797.4996016046, ""4"": -992657.5723074483, ""5"": -1151771.826381251, ""6"": -1347644.620742254, ""7"": -1557565.1614908797, ""8"": -2003868.5394044386}","[81963, 76204, 60140, 55583, 46724, 20520, 5664, 2898]","[81963, 76204, 60140, 55583, 46724]","[5, 6, 7]","[20520, 5664, 2898]",bic,-2003868.5394044386,ok
detexture_ade20k_multi,feature_cluster_coarse_global_pooled_oracle_k,training,218,training_ADE_train_00011853,detexture_multi_partition_v1,multi_partition_invariant,0.7092980195891934,0.6924506774914587,0.7067806649047975,4,8,4,1.0,0.9667711383601757,338076,349696,11620,4,4,True,hungarian_iou_assignment,"[0.5950758284965362, 0.939422101260301, 0.8616649299525299, 0.44102921864740646]","[{""pred_label"": 0, ""gt_label"": 3, ""iou"": 0.5950758284965362}, {""pred_label"": 1, ""gt_label"": 0, ""iou"": 0.939422101260301}, {""pred_label"": 2, ""gt_label"": 1, ""iou"": 0.8616649299525299}, {""pred_label"": 3, ""gt_label"": 2, ""iou"": 0.44102921864740646}]",fpn_2,fpn_2,72x72,1,3,3,24x24,pooled_avg_pool_multi_way,False,False,False,,,,"[104638, 102391, 77485, 65182]",jpeg_color_clustering_bic,-1,4,11620,0.0332288616398243,8,4,13075,"{""1"": -663938.807767568, ""2"": -1046246.0380916571, ""3"": -1124323.6472300077, ""4"": -1191527.8067719836, ""5"": -1436768.7042460744, ""6"": -1447013.9494385887, ""7"": -2493544.6338733435, ""8"": -2513032.735083838}","[103901, 84163, 83493, 66519, 5451, 3956, 1231, 982]","[103901, 84163, 83493, 66519]","[4, 5, 6, 7]","[5451, 3956, 1231, 982]",bic,-2513032.735083838,ok
detexture_ade20k_multi,feature_cluster_coarse_global_pooled_oracle_k,training,219,training_ADE_train_00011896,detexture_multi_partition_v1,multi_partition_invariant,0.9473687592549971,0.9551080747951751,0.9130537848129041,3,8,3,1.0,0.9488817498425692,385747,406528,20781,3,3,True,hungarian_iou_assignment,"[0.9776559627865101, 0.9818469086524468, 0.8826034063260341]","[{""pred_label"": 0, ""gt_label"": 0, ""iou"": 0.9776559627865101}, {""pred_label"": 1, ""gt_label"": 1, ""iou"": 0.9818469086524468}, {""pred_label"": 2, ""gt_label"": 2, ""iou"": 0.8826034063260341}]",fpn_2,fpn_2,72x72,1,3,3,24x24,pooled_avg_pool_multi_way,False,False,False,,,,"[212064, 134980, 59484]",jpeg_color_clustering_bic,-1,5,20781,0.05111825015743073,8,3,9610,"{""1"": -742726.7792177545, ""2"": -760168.0250297254, ""3"": -1385125.4881505023, ""4"": -2142724.7764168065, ""5"": -2620622.9846882527, ""6"": -2657365.7159826946, ""7"": -2751808.894865842, ""8"": -2804395.171205881}","[212299, 120102, 53346, 13841, 3647, 1962, 1069, 262]","[212299, 120102, 53346]","[3, 4, 5, 6, 7]","[13841, 3647, 1962, 1069, 262]",bic,-2804395.171205881,ok
detexture_ade20k_multi,feature_cluster_coarse_global_pooled_oracle_k,training,220,training_ADE_train_00011944,detexture_multi_partition_v1,multi_partition_invariant,0.8986746689459633,0.7888523190481344,0.7889053046673468,3,8,3,1.0,0.81036376953125,53108,65536,12428,3,3,True,hungarian_iou_assignment,"[0.8622461266757646, 0.8598292820312838, 0.9739485981308411]","[{""pred_label"": 0, ""gt_label"": 0, ""iou"": 0.8622461266757646}, {""pred_label"": 1, ""gt_label"": 1, ""iou"": 0.8598292820312838}, {""pred_label"": 2, ""gt_label"": 2, ""iou"": 0.9739485981308411}]",fpn_2,fpn_2,72x72,1,3,3,24x24,pooled_avg_pool_multi_way,False,False,False,,,,"[26116, 24288, 15132]",jpeg_color_clustering_bic,-1,5,12428,0.18963623046875,8,3,8336,"{""1"": -117859.81424062046, ""2"": -134656.11545540846, ""3"": -193831.56028673903, ""4"": -232413.4678960647, ""5"": -307851.10961591185, ""6"": -373429.86605166557, ""7"": -398576.3434478137, ""8"": -403268.95222731854}","[24699, 20054, 8355, 5456, 4243, 1920, 546, 263]","[24699, 20054, 8355]","[3, 4, 5, 6, 7]","[5456, 4243, 1920, 546, 263]",bic,-403268.95222731854,ok
detexture_ade20k_multi,feature_cluster_coarse_global_pooled_oracle_k,training,221,training_ADE_train_00011952,detexture_multi_partition_v1,multi_partition_invariant,0.6957569436485569,0.6738719095228324,0.7043468622251831,4,8,4,1.0,0.8346099853515625,54697,65536,10839,4,4,True,hungarian_iou_assignment,"[0.5894920850733223, 0.31895979832824733, 0.891976692066338, 0.9825991991263197]","[{""pred_label"": 0, ""gt_label"": 0, ""iou"": 0.5894920850733223}, {""pred_label"": 1, ""gt_label"": 3, ""iou"": 0.31895979832824733}, {""pred_label"": 2, ""gt_label"": 1, ""iou"": 0.891976692066338}, {""pred_label"": 3, ""gt_label"": 2, ""iou"": 0.9825991991263197}]",fpn_2,fpn_2,72x72,1,3,3,24x24,pooled_avg_pool_multi_way,False,False,False,,,,"[17846, 17200, 15669, 14821]",jpeg_color_clustering_bic,-1,4,10839,0.1653900146484375,8,4,7825,"{""1"": -129613.26576511099, ""2"": -137770.6818191403, ""3"": -166150.7715763435, ""4"": -215284.58222514435, ""5"": -221724.28483896062, ""6"": -318526.4401215079, ""7"": -322199.41791023343, ""8"": -422750.21806604735}","[16485, 13998, 13663, 10551, 6940, 2295, 916, 688]","[16485, 13998, 13663, 10551]","[4, 5, 6, 7]","[6940, 2295, 916, 688]",bic,-422750.21806604735,ok
detexture_ade20k_multi,feature_cluster_coarse_global_pooled_oracle_k,training,222,training_ADE_train_00011962,detexture_multi_partition_v1,multi_partition_invariant,0.8497243570522335,0.7014334125523488,0.6493477163662067,2,8,2,1.0,0.845794677734375,55430,65536,10106,2,2,True,hungarian_iou_assignment,"[0.8486386554621849, 0.8508100586422821]","[{""pred_label"": 0, ""gt_label"": 0, ""iou"": 0.8486386554621849}, {""pred_label"": 1, ""gt_label"": 1, ""iou"": 0.8508100586422821}]",fpn_2,fpn_2,72x72,1,3,3,24x24,pooled_avg_pool_multi_way,False,False,False,,,,"[34489, 31047]",jpeg_color_clustering_bic,-1,6,10106,0.154205322265625,8,2,3960,"{""1"": -111832.84563846316, ""2"": -125264.74484792727, ""3"": -285428.5013942425, ""4"": -438529.8678093549, ""5"": -459050.0353803029, ""6"": -486236.144944432, ""7"": -496759.042735036, ""8"": -511417.7696746322}","[29567, 25863, 6179, 2444, 510, 414, 373, 186]","[29567, 25863]","[2, 3, 4, 5, 6, 7]","[6179, 2444, 510, 414, 373, 186]",bic,-511417.7696746322,ok
detexture_ade20k_multi,feature_cluster_coarse_global_pooled_oracle_k,training,223,training_ADE_train_00011964,detexture_multi_partition_v1,multi_partition_invariant,0.7969020822621151,0.6733452985038961,0.5945942160887154,2,8,2,1.0,0.8764190673828125,57437,65536,8099,2,2,True,hungarian_iou_assignment,"[0.9013892730251261, 0.6924148914991041]","[{""pred_label"": 0, ""gt_label"": 0, ""iou"": 0.9013892730251261}, {""pred_label"": 1, ""gt_label"": 1, ""iou"": 0.6924148914991041}]",fpn_2,fpn_2,72x72,1,3,3,24x24,pooled_avg_pool_multi_way,False,False,False,,,,"[49625, 15911]",jpeg_color_clustering_bic,-1,6,8099,0.1235809326171875,8,2,3463,"{""1"": -163370.81569401547, ""2"": -181226.35706630297, ""3"": -254730.60198119024, ""4"": -452177.21993369097, ""5"": -470705.0110920956, ""6"": -490292.75628035795, ""7"": -503928.061039898, ""8"": -514979.40722189914}","[47003, 10434, 5002, 1209, 936, 450, 362, 140]","[47003, 10434]","[2, 3, 4, 5, 6, 7]","[5002, 1209, 936, 450, 362, 140]",bic,-514979.40722189914,ok
detexture_ade20k_multi,feature_cluster_coarse_global_pooled_oracle_k,training,224,training_ADE_train_00011976,detexture_multi_partition_v1,multi_partition_invariant,0.521958060755209,0.2791618080453112,0.4277049341590043,3,8,3,1.0,0.9555511474609375,62623,65536,2913,3,3,True,hungarian_iou_assignment,"[0.5444960957676298, 0.6667768595041322, 0.35460122699386504]","[{""pred_label"": 0, ""gt_label"": 1, ""iou"": 0.5444960957676298}, {""pred_label"": 1, ""gt_label"": 2, ""iou"": 0.6667768595041322}, {""pred_label"": 2, ""gt_label"": 0, ""iou"": 0.35460122699386504}]",fpn_2,fpn_2,72x72,1,3,3,24x24,pooled_avg_pool_multi_way,False,False,False,,,,"[32671, 19200, 13665]",jpeg_color_clustering_bic,-1,5,2913,0.0444488525390625,8,3,4932,"{""1"": -133735.44508686056, ""2"": -140654.68144255184, ""3"": -265179.63929909497, ""4"": -269036.16566991346, ""5"": -418234.88096860884, ""6"": -448323.1252025612, ""7"": -471001.3231945139, ""8"": -479301.88818760985}","[31885, 18473, 12265, 1058, 631, 597, 314, 313]","[31885, 18473, 12265]","[3, 4, 5, 6, 7]","[1058, 631, 597, 314, 313]",bic,-479301.88818760985,ok
detexture_ade20k_multi,feature_cluster_coarse_global_pooled_oracle_k,training,225,training_ADE_train_00011983,detexture_multi_partition_v1,multi_partition_invariant,0.9270219460710263,0.8682101796572691,0.7995342232628373,2,8,2,1.0,0.811248779296875,53166,65536,12370,2,2,True,hungarian_iou_assignment,"[0.9509876441741322, 0.9030562479679203]","[{""pred_label"": 0, ""gt_label"": 0, ""iou"": 0.9509876441741322}, {""pred_label"": 1, ""gt_label"": 1, ""iou"": 0.9030562479679203}]",fpn_2,fpn_2,72x72,1,3,3,24x24,pooled_avg_pool_multi_way,False,False,False,,,,"[45601, 19935]",jpeg_color_clustering_bic,-1,6,12370,0.188751220703125,8,2,5958,"{""1"": -137895.45345035035, ""2"": -204540.04509785213, ""3"": -169176.88347828705, ""4"": -232100.9650081563, ""5"": -402313.1149672598, ""6"": -409768.4171512549, ""7"": -441318.9287681951, ""8"": -463129.9128673521}","[36444, 16722, 7804, 1212, 967, 948, 881, 558]","[36444, 16722]","[2, 3, 4, 5, 6, 7]","[7804, 1212, 967, 948, 881, 558]",bic,-463129.9128673521,ok
detexture_ade20k_multi,feature_cluster_coarse_global_pooled_oracle_k,training,226,training_ADE_train_00011988,detexture_multi_partition_v1,multi_partition_invariant,0.9295727846179376,0.8834325593515859,0.8482067153199533,3,8,3,1.0,0.9296112060546875,60923,65536,4613,3,3,True,hungarian_iou_assignment,"[0.9254550591274165, 0.8941202973642712, 0.9691429973621251]","[{""pred_label"": 0, ""gt_label"": 0, ""iou"": 0.9254550591274165}, {""pred_label"": 1, ""gt_label"": 1, ""iou"": 0.8941202973642712}, {""pred_label"": 2, ""gt_label"": 2, ""iou"": 0.9691429973621251}]",fpn_2,fpn_2,72x72,1,3,3,24x24,pooled_avg_pool_multi_way,False,False,False,,,,"[26848, 21656, 17032]",jpeg_color_clustering_bic,-1,5,4613,0.0703887939453125,8,3,5728,"{""1"": -118402.70434875118, ""2"": -127075.79562065915, ""3"": -233678.68986577837, ""4"": -381220.8681156339, ""5"": -392358.19956970774, ""6"": -450508.02417497773, ""7"": -463464.1360614485, ""8"": -467472.7573753059}","[23339, 21480, 16104, 1647, 1270, 864, 610, 222]","[23339, 21480, 16104]","[3, 4, 5, 6, 7]","[1647, 1270, 864, 610, 222]",bic,-467472.7573753059,ok
detexture_ade20k_multi,feature_cluster_coarse_global_pooled_oracle_k,training,227,training_ADE_train_00011990,detexture_multi_partition_v1,multi_partition_invariant,0.8993482182669781,0.8064650600961751,0.752196006508691,2,8,2,1.0,0.8327789306640625,54577,65536,10959,2,2,True,hungarian_iou_assignment,"[0.918857343147564, 0.8798390933863921]","[{""pred_label"": 0, ""gt_label"": 0, ""iou"": 0.918857343147564}, {""pred_label"": 1, ""gt_label"": 1, ""iou"": 0.8798390933863921}]",fpn_2,fpn_2,72x72,1,3,3,24x24,pooled_avg_pool_multi_way,False,False,False,,,,"[40700, 24836]",jpeg_color_clustering_bic,-1,6,10959,0.1672210693359375,8,2,4607,"{""1"": -151800.5788811178, ""2"": -161712.16497815744, ""3"": -289630.13699932036, ""4"": -349859.09571423585, ""5"": -445679.53256553406, ""6"": -465003.35501313984, ""7"": -476368.03118334676, ""8"": -487767.26191831025}","[34235, 20342, 6269, 2550, 809, 741, 313, 277]","[34235, 20342]","[2, 3, 4, 5, 6, 7]","[6269, 2550, 809, 741, 313, 277]",bic,-487767.26191831025,ok
detexture_ade20k_multi,feature_cluster_coarse_global_pooled_oracle_k,training,228,training_ADE_train_00011994,detexture_multi_partition_v1,multi_partition_invariant,0.5063015223524072,0.570157587429331,0.5848495758554192,3,8,3,1.0,0.8291015625,54336,65536,11200,3,3,True,hungarian_iou_assignment,"[0.6652565458449508, 0.8304443201858145, 0.023203701026456556]","[{""pred_label"": 0, ""gt_label"": 1, ""iou"": 0.6652565458449508}, {""pred_label"": 1, ""gt_label"": 0, ""iou"": 0.8304443201858145}, {""pred_label"": 2, ""gt_label"": 2, ""iou"": 0.023203701026456556}]",fpn_2,fpn_2,72x72,1,3,3,24x24,pooled_avg_pool_multi_way,False,False,False,,,,"[33042, 22062, 10432]",jpeg_color_clustering_bic,-1,5,11200,0.1708984375,8,3,6208,"{""1"": -126638.27403516058, ""2"": -134496.9640582127, ""3"": -246377.9200594618, ""4"": -281273.5735709763, ""5"": -293913.40734312625, ""6"": -439013.2467812144, ""7"": -445980.6076801368, ""8"": -447598.8579631179}","[21458, 21142, 11736, 7552, 1395, 1358, 663, 232]","[21458, 21142, 11736]","[3, 4, 5, 6, 7]","[7552, 1395, 1358, 663, 232]",bic,-447598.8579631179,ok
detexture_ade20k_multi,feature_cluster_coarse_global_pooled_oracle_k,training,229,training_ADE_train_00012000,detexture_multi_partition_v1,multi_partition_invariant,0.9765594120528976,0.9544507267790004,0.9089175571512359,2,8,2,1.0,0.8073883056640625,52913,65536,12623,2,2,True,hungarian_iou_assignment,"[0.9805623823050653, 0.97255644180073]","[{""pred_label"": 0, ""gt_label"": 0, ""iou"": 0.9805623823050653}, {""pred_label"": 1, ""gt_label"": 1, ""iou"": 0.97255644180073}]",fpn_2,fpn_2,72x72,1,3,3,24x24,pooled_avg_pool_multi_way,False,False,False,,,,"[42482, 23054]",jpeg_color_clustering_bic,-1,6,12623,0.1926116943359375,8,2,6031,"{""1"": -118108.45747465137, ""2"": -125988.43666171607, ""3"": -265016.6771639201, ""4"": -305826.4647721527, ""5"": -385810.34253035847, ""6"": -420138.9237356933, ""7"": -432518.44410447084, ""8"": -434231.508741361}","[31145, 21768, 6653, 2089, 1926, 1550, 380, 25]","[31145, 21768]","[2, 3, 4, 5, 6, 7]","[6653, 2089, 1926, 1550, 380, 25]",bic,-434231.508741361,ok
detexture_ade20k_multi,feature_cluster_coarse_global_pooled_oracle_k,training,230,training_ADE_train_00012006,detexture_multi_partition_v1,multi_partition_invariant,0.8128630383700229,0.7707059509970972,0.755234185828788,3,8,3,1.0,0.8631744384765625,56569,65536,8967,3,3,True,hungarian_iou_assignment,"[0.730407005562593, 0.9693121234450176, 0.7388699861024585]","[{""pred_label"": 0, ""gt_label"": 2, ""iou"": 0.730407005562593}, {""pred_label"": 1, ""gt_label"": 0, ""iou"": 0.9693121234450176}, {""pred_label"": 2, ""gt_label"": 1, ""iou"": 0.7388699861024585}]",fpn_2,fpn_2,72x72,1,3,3,24x24,pooled_avg_pool_multi_way,False,False,False,,,,"[24900, 23548, 17088]",jpeg_color_clustering_bic,-1,5,8967,0.1368255615234375,8,3,7198,"{""1"": -106095.66384335734, ""2"": -146781.51697113604, ""3"": -155543.07712465152, ""4"": -278188.33071099716, ""5"": -278550.5085206497, ""6"": -351897.08579973655, ""7"": -382652.7580294585, ""8"": -408114.5266462462}","[22822, 20289, 13458, 5804, 1609, 667, 617, 270]","[22822, 20289, 13458]","[3, 4, 5, 6, 7]","[5804, 1609, 667, 617, 270]",bic,-408114.5266462462,ok
detexture_ade20k_multi,feature_cluster_coarse_global_pooled_oracle_k,training,231,training_ADE_train_00012007,detexture_multi_partition_v1,multi_partition_invariant,0.9032405994194281,0.8672011568106637,0.8269980493451243,3,8,3,1.0,0.9554443359375,62616,65536,2920,3,3,True,hungarian_iou_assignment,"[0.9749806551457313, 0.8821038728974867, 0.8526372702150666]","[{""pred_label"": 0, ""gt_label"": 1, ""iou"": 0.9749806551457313}, {""pred_label"": 1, ""gt_label"": 0, ""iou"": 0.8821038728974867}, {""pred_label"": 2, ""gt_label"": 2, ""iou"": 0.8526372702150666}]",fpn_2,fpn_2,72x72,1,3,3,24x24,pooled_avg_pool_multi_way,False,False,False,,,,"[24340, 23820, 17376]",jpeg_color_clustering_bic,-1,5,2920,0.0445556640625,8,3,4482,"{""1"": -144330.1328949587, ""2"": -151005.52194349357, ""3"": -277070.8905562461, ""4"": -386357.3573103958, ""5"": -445016.64872503496, ""6"": -464233.431074973, ""7"": -476673.53682069137, ""8"": -490487.89411193586}","[25076, 22936, 14604, 902, 737, 671, 313, 297]","[25076, 22936, 14604]","[3, 4, 5, 6, 7]","[902, 737, 671, 313, 297]",bic,-490487.89411193586,ok
detexture_ade20k_multi,feature_cluster_coarse_global_pooled_oracle_k,training,232,training_ADE_train_00012014,detexture_multi_partition_v1,multi_partition_invariant,0.7801523949008914,0.5759443123771926,0.6607764096080395,3,8,3,1.0,0.8701643713396779,304293,349696,45403,3,3,True,hungarian_iou_assignment,"[0.7220950182868378, 0.9445823585090993, 0.6737798079067371]","[{""pred_label"": 0, ""gt_label"": 1, ""iou"": 0.7220950182868378}, {""pred_label"": 1, ""gt_label"": 2, ""iou"": 0.9445823585090993}, {""pred_label"": 2, ""gt_label"": 0, ""iou"": 0.6737798079067371}]",fpn_2,fpn_2,72x72,1,3,3,24x24,pooled_avg_pool_multi_way,False,False,False,,,,"[166354, 93149, 90193]",jpeg_color_clustering_bic,-1,5,45403,0.1298356286603221,8,3,8735,"{""1"": -642758.2974835326, ""2"": -853604.8475791439, ""3"": -1060117.929890942, ""4"": -1705885.8803987156, ""5"": -2260286.4508185307, ""6"": -2541704.8717782316, ""7"": -2557570.1715780706, ""8"": -2880833.6786595443}","[129367, 121499, 53427, 19802, 18686, 4300, 1912, 703]","[129367, 121499, 53427]","[3, 4, 5, 6, 7]","[19802, 18686, 4300, 1912, 703]",bic,-2880833.6786595443,ok
detexture_ade20k_multi,feature_cluster_coarse_global_pooled_oracle_k,training,233,training_ADE_train_00012025,detexture_multi_partition_v1,multi_partition_invariant,0.5799950816060804,0.6010196745116646,0.6623494035440293,4,8,4,1.0,0.9369623901903368,327652,349696,22044,4,4,True,hungarian_iou_assignment,"[0.5384059292890393, 0.8828070175438596, 0.7190720846956251, 0.17969529489579714]","[{""pred_label"": 0, ""gt_label"": 1, ""iou"": 0.5384059292890393}, {""pred_label"": 1, ""gt_label"": 0, ""iou"": 0.8828070175438596}, {""pred_label"": 2, ""gt_label"": 3, ""iou"": 0.7190720846956251}, {""pred_label"": 3, ""gt_label"": 2, ""iou"": 0.17969529489579714}]",fpn_2,fpn_2,72x72,1,3,3,24x24,pooled_avg_pool_multi_way,False,False,False,,,,"[138161, 99871, 60634, 51030]",jpeg_color_clustering_bic,-1,4,22044,0.06303760980966325,8,4,12071,"{""1"": -732025.6223650427, ""2"": -1051269.0805705972, ""3"": -1229397.6811397993, ""4"": -1377912.054089838, ""5"": -1564638.7730046897, ""6"": -1860389.9348394983, ""7"": -1857620.6475162276, ""8"": -1861424.094547407}","[112350, 90407, 73822, 51073, 18736, 2424, 880, 4]","[112350, 90407, 73822, 51073]","[4, 5, 6, 7]","[18736, 2424, 880, 4]",bic,-1861424.094547407,ok
detexture_ade20k_multi,feature_cluster_coarse_global_pooled_oracle_k,training,234,training_ADE_train_00012040,detexture_multi_partition_v1,multi_partition_invariant,0.6758553589842451,0.754739662494587,0.7001114204183673,4,8,4,1.0,0.888336181640625,58218,65536,7318,4,4,True,hungarian_iou_assignment,"[0.9357037929865532, 0.5097741728423878, 0.9194612672873542, 0.33848220282068503]","[{""pred_label"": 0, ""gt_label"": 0, ""iou"": 0.9357037929865532}, {""pred_label"": 1, ""gt_label"": 3, ""iou"": 0.5097741728423878}, {""pred_label"": 2, ""gt_label"": 2, ""iou"": 0.9194612672873542}, {""pred_label"": 3, ""gt_label"": 1, ""iou"": 0.33848220282068503}]",fpn_2,fpn_2,72x72,1,3,3,24x24,pooled_avg_pool_multi_way,False,False,False,,,,"[25294, 22077, 10855, 7310]",jpeg_color_clustering_bic,-1,4,7318,0.111663818359375,8,4,7216,"{""1"": -113489.92305539471, ""2"": -145434.8423451412, ""3"": -222264.2133524954, ""4"": -303389.0278690607, ""5"": -373565.3696408808, ""6"": -428150.8093071044, ""7"": -436486.1621830216, ""8"": -438627.57606075966}","[26455, 11713, 10587, 9463, 5315, 1681, 298, 24]","[26455, 11713, 10587, 9463]","[4, 5, 6, 7]","[5315, 1681, 298, 24]",bic,-438627.57606075966,ok
detexture_ade20k_multi,feature_cluster_coarse_global_pooled_oracle_k,training,235,training_ADE_train_00012042,detexture_multi_partition_v1,multi_partition_invariant,0.9076540941216878,0.9054998432483232,0.8482249807325011,3,8,3,1.0,0.9418487548828125,61725,65536,3811,3,3,True,hungarian_iou_assignment,"[0.9419486889931891, 0.9619580532184695, 0.8190555401534054]","[{""pred_label"": 0, ""gt_label"": 0, ""iou"": 0.9419486889931891}, {""pred_label"": 1, ""gt_label"": 1, ""iou"": 0.9619580532184695}, {""pred_label"": 2, ""gt_label"": 2, ""iou"": 0.8190555401534054}]",fpn_2,fpn_2,72x72,1,3,3,24x24,pooled_avg_pool_multi_way,False,False,False,,,,"[28281, 24640, 12615]",jpeg_color_clustering_bic,-1,5,3811,0.0581512451171875,8,3,5472,"{""1"": -162325.66297229318, ""2"": -173897.71986822522, ""3"": -222924.16664163565, ""4"": -375088.04955523316, ""5"": -263105.02218803926, ""6"": -442108.91703546495, ""7"": -457249.63803834683, ""8"": -459994.71212909534}","[27958, 24786, 8981, 1183, 1066, 894, 591, 77]","[27958, 24786, 8981]","[3, 4, 5, 6, 7]","[1183, 1066, 894, 591, 77]",bic,-459994.71212909534,ok
detexture_ade20k_multi,feature_cluster_coarse_global_pooled_oracle_k,training,236,training_ADE_train_00012044,detexture_multi_partition_v1,multi_partition_invariant,0.7158909596207599,0.45871657511901914,0.4633796178743278,2,8,2,1.0,0.86712646484375,56828,65536,8708,2,2,True,hungarian_iou_assignment,"[0.7580228016467856, 0.6737591175947341]","[{""pred_label"": 0, ""gt_label"": 0, ""iou"": 0.7580228016467856}, {""pred_label"": 1, ""gt_label"": 1, ""iou"": 0.6737591175947341}]",fpn_2,fpn_2,72x72,1,3,3,24x24,pooled_avg_pool_multi_way,False,False,False,,,,"[36871, 28665]",jpeg_color_clustering_bic,-1,6,8708,0.13287353515625,8,2,3660,"{""1"": -149713.12038023325, ""2"": -155571.58010437596, ""3"": -230318.31728845352, ""4"": -426392.5626379524, ""5"": -454433.69736154604, ""6"": -483228.06107985426, ""7"": -484984.4363700559, ""8"": -494846.0927506007}","[37676, 19152, 6721, 870, 634, 308, 154, 21]","[37676, 19152]","[2, 3, 4, 5, 6, 7]","[6721, 870, 634, 308, 154, 21]",bic,-494846.0927506007,ok
detexture_ade20k_multi,feature_cluster_coarse_global_pooled_oracle_k,training,237,training_ADE_train_00012046,detexture_multi_partition_v1,multi_partition_invariant,0.6957915335747934,0.4527968623495126,0.5331528364177397,3,8,3,1.0,0.8537445068359375,55951,65536,9585,3,3,True,hungarian_iou_assignment,"[0.6330377351489741, 0.6104139671281457, 0.8439228984472604]","[{""pred_label"": 0, ""gt_label"": 1, ""iou"": 0.6330377351489741}, {""pred_label"": 1, ""gt_label"": 0, ""iou"": 0.6104139671281457}, {""pred_label"": 2, ""gt_label"": 2, ""iou"": 0.8439228984472604}]",fpn_2,fpn_2,72x72,1,3,3,24x24,pooled_avg_pool_multi_way,False,False,False,,,,"[26336, 19773, 19427]",jpeg_color_clustering_bic,-1,5,9585,0.1462554931640625,8,3,5846,"{""1"": -182046.05409278025, ""2"": -188976.8017100474, ""3"": -209490.06850351134, ""4"": -196512.20462044832, ""5"": -252335.90019356943, ""6"": -308071.02336180094, ""7"": -427714.5626886796, ""8"": -429768.4555213638}","[28353, 17793, 9805, 7633, 823, 565, 429, 135]","[28353, 17793, 9805]","[3, 4, 5, 6, 7]","[7633, 823, 565, 429, 135]",bic,-429768.4555213638,ok
detexture_ade20k_multi,feature_cluster_coarse_global_pooled_oracle_k,training,238,training_ADE_train_00012048,detexture_multi_partition_v1,multi_partition_invariant,0.5077716799735766,0.4828465904882615,0.5687145202844122,3,8,3,1.0,0.8297119140625,54376,65536,11160,3,3,True,hungarian_iou_assignment,"[0.6347996679996982, 0.8885153719210317, 0.0]","[{""pred_label"": 0, ""gt_label"": 0, ""iou"": 0.6347996679996982}, {""pred_label"": 1, ""gt_label"": 1, ""iou"": 0.8885153719210317}, {""pred_label"": 2, ""gt_label"": 2, ""iou"": 0.0}]",fpn_2,fpn_2,72x72,1,3,3,24x24,pooled_avg_pool_multi_way,False,False,False,,,,"[40661, 17089, 7786]",jpeg_color_clustering_bic,-1,5,11160,0.1702880859375,8,3,5582,"{""1"": -124303.20390905185, ""2"": -131102.26750525794, ""3"": -164674.24789960537, ""4"": -262481.34667451156, ""5"": -356758.3824363114, ""6"": -357815.553064573, ""7"": -407279.2615403318, ""8"": -423733.3199750531}","[27247, 14764, 12365, 7333, 2099, 870, 478, 380]","[27247, 14764, 12365]","[3, 4, 5, 6, 7]","[7333, 2099, 870, 478, 380]",bic,-423733.3199750531,ok
detexture_ade20k_multi,feature_cluster_coarse_global_pooled_oracle_k,training,239,training_ADE_train_00012052,detexture_multi_partition_v1,multi_partition_invariant,0.625848739334575,0.2985484026956306,0.388834286051253,2,8,2,1.0,0.8572235107421875,56179,65536,9357,2,2,True,hungarian_iou_assignment,"[0.6684214641265539, 0.583276014542596]","[{""pred_label"": 0, ""gt_label"": 0, ""iou"": 0.6684214641265539}, {""pred_label"": 1, ""gt_label"": 1, ""iou"": 0.583276014542596}]",fpn_2,fpn_2,72x72,1,3,3,24x24,pooled_avg_pool_multi_way,False,False,False,,,,"[33774, 31762]",jpeg_color_clustering_bic,-1,6,9357,0.1427764892578125,8,2,4023,"{""1"": -183481.43909181093, ""2"": -264413.385013279, ""3"": -196488.0413075096, ""4"": -313178.174739114, ""5"": -316003.03308177, ""6"": -465372.07207757677, ""7"": -477186.3687617429, ""8"": -481753.1384534061}","[38371, 17808, 7375, 972, 595, 267, 86, 62]","[38371, 17808]","[2, 3, 4, 5, 6, 7]","[7375, 972, 595, 267, 86, 62]",bic,-481753.1384534061,ok
detexture_ade20k_multi,feature_cluster_coarse_global_pooled_oracle_k,training,240,training_ADE_train_00012058,detexture_multi_partition_v1,multi_partition_invariant,0.8834824902962781,0.8233403881325984,0.8024688075038808,3,8,3,1.0,0.887908935546875,58190,65536,7346,3,3,True,hungarian_iou_assignment,"[0.8940684480797023, 0.8061791669674438, 0.950199855841688]","[{""pred_label"": 0, ""gt_label"": 0, ""iou"": 0.8940684480797023}, {""pred_label"": 1, ""gt_label"": 2, ""iou"": 0.8061791669674438}, {""pred_label"": 2, ""gt_label"": 1, ""iou"": 0.950199855841688}]",fpn_2,fpn_2,72x72,1,3,3,24x24,pooled_avg_pool_multi_way,False,False,False,,,,"[29518, 19822, 16196]",jpeg_color_clustering_bic,-1,5,7346,0.112091064453125,8,3,4661,"{""1"": -148118.39203682923, ""2"": -154173.6642466619, ""3"": -190953.09380136064, ""4"": -325728.9031817954, ""5"": -328322.44632302097, ""6"": -458503.4325838471, ""7"": -468801.12464884843, ""8"": -479703.91594899294}","[32393, 14629, 11168, 5638, 619, 445, 342, 302]","[32393, 14629, 11168]","[3, 4, 5, 6, 7]","[5638, 619, 445, 342, 302]",bic,-479703.91594899294,ok
detexture_ade20k_multi,feature_cluster_coarse_global_pooled_oracle_k,training,241,training_ADE_train_00012063,detexture_multi_partition_v1,multi_partition_invariant,0.9191167478904376,0.8385170624449698,0.7789010743699821,2,8,2,1.0,0.7201080322265625,47193,65536,18343,2,2,True,hungarian_iou_assignment,"[0.919103591328751, 0.9191299044521244]","[{""pred_label"": 0, ""gt_label"": 0, ""iou"": 0.919103591328751}, {""pred_label"": 1, ""gt_label"": 1, ""iou"": 0.9191299044521244}]",fpn_2,fpn_2,72x72,1,3,3,24x24,pooled_avg_pool_multi_way,False,False,False,,,,"[39630, 25906]",jpeg_color_clustering_bic,-1,6,18343,0.2798919677734375,8,2,5516,"{""1"": -110909.63993950939, ""2"": -116806.04749224991, ""3"": -229553.99615579873, ""4"": -278173.15006864286, ""5"": -280031.78785797517, ""6"": -434713.83526224934, ""7"": -454354.44218851544, ""8"": -466514.2250913189}","[24511, 22682, 7559, 7231, 1373, 1124, 604, 452]","[24511, 22682]","[2, 3, 4, 5, 6, 7]","[7559, 7231, 1373, 1124, 604, 452]",bic,-466514.2250913189,ok
detexture_ade20k_multi,feature_cluster_coarse_global_pooled_oracle_k,training,242,training_ADE_train_00012065,detexture_multi_partition_v1,multi_partition_invariant,0.6598241544047575,0.3965646119345649,0.42039713320971994,2,8,2,1.0,0.843048095703125,55250,65536,10286,2,2,True,hungarian_iou_assignment,"[0.7619887994729164, 0.5576595093365986]","[{""pred_label"": 0, ""gt_label"": 0, ""iou"": 0.7619887994729164}, {""pred_label"": 1, ""gt_label"": 1, ""iou"": 0.5576595093365986}]",fpn_2,fpn_2,72x72,1,3,3,24x24,pooled_avg_pool_multi_way,False,False,False,,,,"[38663, 26873]",jpeg_color_clustering_bic,-1,6,10286,0.156951904296875,8,2,6328,"{""1"": -157589.56180622583, ""2"": -217728.6431709207, ""3"": -233954.2921497843, ""4"": -331649.91366510536, ""5"": -387798.81887889595, ""6"": -416731.71065828967, ""7"": -429086.29646328057, ""8"": -429135.7156342298}","[42498, 12752, 6042, 1218, 1191, 1145, 689, 1]","[42498, 12752]","[2, 3, 4, 5, 6, 7]","[6042, 1218, 1191, 1145, 689, 1]",bic,-429135.7156342298,ok
detexture_ade20k_multi,feature_cluster_coarse_global_pooled_oracle_k,training,243,training_ADE_train_00012069,detexture_multi_partition_v1,multi_partition_invariant,0.7245382012364531,0.47498088720695836,0.6115997144388768,3,8,3,1.0,0.970123291015625,63578,65536,1958,3,3,True,hungarian_iou_assignment,"[0.6126872597109904, 0.6347620988876594, 0.9261652451107091]","[{""pred_label"": 0, ""gt_label"": 1, ""iou"": 0.6126872597109904}, {""pred_label"": 1, ""gt_label"": 0, ""iou"": 0.6347620988876594}, {""pred_label"": 2, ""gt_label"": 2, ""iou"": 0.9261652451107091}]",fpn_2,fpn_2,72x72,1,3,3,24x24,pooled_avg_pool_multi_way,False,False,False,,,,"[30382, 22681, 12473]",jpeg_color_clustering_bic,-1,5,1958,0.029876708984375,8,3,3664,"{""1"": -137874.2502050147, ""2"": -141997.99584563606, ""3"": -236152.0676170869, ""4"": -412221.17055073136, ""5"": -426444.8344217835, ""6"": -444669.83982922725, ""7"": -448469.2519335088, ""8"": -449741.8755537016}","[34003, 18499, 11076, 698, 608, 460, 167, 25]","[34003, 18499, 11076]","[3, 4, 5, 6, 7]","[698, 608, 460, 167, 25]",bic,-449741.8755537016,ok
detexture_ade20k_multi,feature_cluster_coarse_global_pooled_oracle_k,training,244,training_ADE_train_00012074,detexture_multi_partition_v1,multi_partition_invariant,0.5697529855533099,0.4488276106570699,0.5543133937978789,3,8,3,1.0,0.9465484619140625,62033,65536,3503,3,3,True,hungarian_iou_assignment,"[0.35916457429810544, 0.9089285714285714, 0.4411658109332528]","[{""pred_label"": 0, ""gt_label"": 2, ""iou"": 0.35916457429810544}, {""pred_label"": 1, ""gt_label"": 1, ""iou"": 0.9089285714285714}, {""pred_label"": 2, ""gt_label"": 0, ""iou"": 0.4411658109332528}]",fpn_2,fpn_2,72x72,1,3,3,24x24,pooled_avg_pool_multi_way,False,False,False,,,,"[27546, 22318, 15672]",jpeg_color_clustering_bic,-1,5,3503,0.0534515380859375,8,3,4257,"{""1"": -113030.49485761776, ""2"": -117540.88856796784, ""3"": -262093.7967873418, ""4"": -410564.2619616689, ""5"": -429300.1845598425, ""6"": -452112.86079763714, ""7"": -470342.21103871585, ""8"": -477654.0123921618}","[32592, 19482, 9959, 1519, 1014, 504, 295, 171]","[32592, 19482, 9959]","[3, 4, 5, 6, 7]","[1519, 1014, 504, 295, 171]",bic,-477654.0123921618,ok
detexture_ade20k_multi,feature_cluster_coarse_global_pooled_oracle_k,training,245,training_ADE_train_00012091,detexture_multi_partition_v1,multi_partition_invariant,0.9083823526403955,0.8736292378856517,0.8574561833802371,3,8,3,1.0,0.758697509765625,49722,65536,15814,3,3,True,hungarian_iou_assignment,"[0.9283779207585506, 0.9900676070444872, 0.8067015301181484]","[{""pred_label"": 0, ""gt_label"": 0, ""iou"": 0.9283779207585506}, {""pred_label"": 1, ""gt_label"": 1, ""iou"": 0.9900676070444872}, {""pred_label"": 2, ""gt_label"": 2, ""iou"": 0.8067015301181484}]",fpn_2,fpn_2,72x72,1,3,3,24x24,pooled_avg_pool_multi_way,False,False,False,,,,"[28189, 25646, 11701]",jpeg_color_clustering_bic,-1,5,15814,0.241302490234375,8,3,6972,"{""1"": -111245.84337615331, ""2"": -148831.9948112863, ""3"": -229152.84307467376, ""4"": -249587.98162261024, ""5"": -379810.13114592916, ""6"": -419682.6667057176, ""7"": -433910.3097334524, ""8"": -445969.17000553024}","[29530, 11862, 8330, 6724, 6081, 1731, 649, 629]","[29530, 11862, 8330]","[3, 4, 5, 6, 7]","[6724, 6081, 1731, 649, 629]",bic,-445969.17000553024,ok
detexture_ade20k_multi,feature_cluster_coarse_global_pooled_oracle_k,training,246,training_ADE_train_00012093,detexture_multi_partition_v1,multi_partition_invariant,0.7729852433837235,0.5678542305099502,0.6502805313270968,3,8,3,1.0,0.9505157470703125,62293,65536,3243,3,3,True,hungarian_iou_assignment,"[0.6974113552316729, 0.7223504349369785, 0.8991939399825192]","[{""pred_label"": 0, ""gt_label"": 1, ""iou"": 0.6974113552316729}, {""pred_label"": 1, ""gt_label"": 0, ""iou"": 0.7223504349369785}, {""pred_label"": 2, ""gt_label"": 2, ""iou"": 0.8991939399825192}]",fpn_2,fpn_2,72x72,1,3,3,24x24,pooled_avg_pool_multi_way,False,False,False,,,,"[29039, 26214, 10283]",jpeg_color_clustering_bic,-1,5,3243,0.0494842529296875,8,3,3970,"{""1"": -148293.82379814037, ""2"": -159006.35100346085, ""3"": -213966.74758654737, ""4"": -398616.0466178283, ""5"": -402922.6166997399, ""6"": -412215.2673470457, ""7"": -476072.0286479676, ""8"": -493848.1674156933}","[32833, 19236, 10224, 992, 896, 696, 354, 305]","[32833, 19236, 10224]","[3, 4, 5, 6, 7]","[992, 896, 696, 354, 305]",bic,-493848.1674156933,ok
detexture_ade20k_multi,feature_cluster_coarse_global_pooled_oracle_k,training,247,training_ADE_train_00012097,detexture_multi_partition_v1,multi_partition_invariant,0.6289842089393657,0.3470458084680508,0.5001578328600002,3,8,3,1.0,0.8045196533203125,52725,65536,12811,3,3,True,hungarian_iou_assignment,"[0.4694017464097568, 0.5409814190879675, 0.8765694613203726]","[{""pred_label"": 0, ""gt_label"": 1, ""iou"": 0.4694017464097568}, {""pred_label"": 1, ""gt_label"": 0, ""iou"": 0.5409814190879675}, {""pred_label"": 2, ""gt_label"": 2, ""iou"": 0.8765694613203726}]",fpn_2,fpn_2,72x72,1,3,3,24x24,pooled_avg_pool_multi_way,False,False,False,,,,"[30170, 19470, 15896]",jpeg_color_clustering_bic,-1,5,12811,0.1954803466796875,8,3,8015,"{""1"": -141502.41123542687, ""2"": -151705.68588328746, ""3"": -187831.22320817737, ""4"": -207405.86515876546, ""5"": -270910.3928431939, ""6"": -409508.6882149837, ""7"": -421164.56556469033, ""8"": -441293.78299343074}","[29618, 13692, 9415, 5721, 4289, 1170, 1037, 594]","[29618, 13692, 9415]","[3, 4, 5, 6, 7]","[5721, 4289, 1170, 1037, 594]",bic,-441293.78299343074,ok
detexture_ade20k_multi,feature_cluster_coarse_global_pooled_oracle_k,training,248,training_ADE_train_00012105,detexture_multi_partition_v1,multi_partition_invariant,0.5296560804359243,0.14482067556251219,0.29859536373311596,2,8,2,1.0,0.85723876953125,56180,65536,9356,2,2,True,hungarian_iou_assignment,"[0.5615056564263643, 0.4978065044454843]","[{""pred_label"": 0, ""gt_label"": 1, ""iou"": 0.5615056564263643}, {""pred_label"": 1, ""gt_label"": 0, ""iou"": 0.4978065044454843}]",fpn_2,fpn_2,72x72,1,3,3,24x24,pooled_avg_pool_multi_way,False,False,False,,,,"[40402, 25134]",jpeg_color_clustering_bic,-1,6,9356,0.14276123046875,8,2,5276,"{""1"": -146212.32820787924, ""2"": -156677.9968595316, ""3"": -225805.90564712932, ""4"": -416109.5273196721, ""5"": -432827.5068696374, ""6"": -459122.66775623406, ""7"": -469188.7601584241, ""8"": -474899.2326502721}","[34192, 21988, 6238, 1218, 806, 535, 434, 125]","[34192, 21988]","[2, 3, 4, 5, 6, 7]","[6238, 1218, 806, 535, 434, 125]",bic,-474899.2326502721,ok
detexture_ade20k_multi,feature_cluster_coarse_global_pooled_oracle_k,training,249,training_ADE_train_00012111,detexture_multi_partition_v1,multi_partition_invariant,0.914874339527025,0.8925155522852316,0.8476521522802438,3,8,3,1.0,0.9334564208984375,61175,65536,4361,3,3,True,hungarian_iou_assignment,"[0.927237129284889, 0.9683874301282352, 0.8489984591679507]","[{""pred_label"": 0, ""gt_label"": 0, ""iou"": 0.927237129284889}, {""pred_label"": 1, ""gt_label"": 1, ""iou"": 0.9683874301282352}, {""pred_label"": 2, ""gt_label"": 2, ""iou"": 0.8489984591679507}]",fpn_2,fpn_2,72x72,1,3,3,24x24,pooled_avg_pool_multi_way,False,False,False,,,,"[30257, 22294, 12985]",jpeg_color_clustering_bic,-1,5,4361,0.0665435791015625,8,3,6573,"{""1"": -117022.91464641737, ""2"": -123322.92988723838, ""3"": -139743.23768135702, ""4"": -392035.68519228447, ""5"": -422672.3006132746, ""6"": -443330.50510790735, ""7"": -458845.4448259526, ""8"": -466534.5125993067}","[30629, 21084, 9462, 1332, 919, 881, 642, 587]","[30629, 21084, 9462]","[3, 4, 5, 6, 7]","[1332, 919, 881, 642, 587]",bic,-466534.5125993067,ok
detexture_ade20k_multi,feature_cluster_coarse_global_pooled_oracle_k,training,250,training_ADE_train_00012113,detexture_multi_partition_v1,multi_partition_invariant,0.8005699238760099,0.6905480357916604,0.7377825432259996,3,8,3,1.0,0.9616546630859375,63023,65536,2513,3,3,True,hungarian_iou_assignment,"[0.7045510556148854, 0.7232200007530404, 0.9739387152601039]","[{""pred_label"": 0, ""gt_label"": 2, ""iou"": 0.7045510556148854}, {""pred_label"": 1, ""gt_label"": 0, ""iou"": 0.7232200007530404}, {""pred_label"": 2, ""gt_label"": 1, ""iou"": 0.9739387152601039}]",fpn_2,fpn_2,72x72,1,3,3,24x24,pooled_avg_pool_multi_way,False,False,False,,,,"[25582, 20093, 19861]",jpeg_color_clustering_bic,-1,5,2513,0.0383453369140625,8,3,3841,"{""1"": -146978.09207168146, ""2"": -155182.979112407, ""3"": -277722.5023069818, ""4"": -465535.7723047357, ""5"": -487458.80111119087, ""6"": -500874.4889898796, ""7"": -517650.023104573, ""8"": -540466.2668736018}","[26278, 19567, 17178, 740, 683, 519, 315, 256]","[26278, 19567, 17178]","[3, 4, 5, 6, 7]","[740, 683, 519, 315, 256]",bic,-540466.2668736018,ok
detexture_ade20k_multi,feature_cluster_coarse_global_pooled_oracle_k,training,251,training_ADE_train_00012116,detexture_multi_partition_v1,multi_partition_invariant,0.8994511264234717,0.8533616216243615,0.8164300812580229,3,8,3,1.0,0.7924041748046875,51931,65536,13605,3,3,True,hungarian_iou_assignment,"[0.9156898260483237, 0.9455416787685158, 0.8371218744535758]","[{""pred_label"": 0, ""gt_label"": 0, ""iou"": 0.9156898260483237}, {""pred_label"": 1, ""gt_label"": 1, ""iou"": 0.9455416787685158}, {""pred_label"": 2, ""gt_label"": 2, ""iou"": 0.8371218744535758}]",fpn_2,fpn_2,72x72,1,3,3,24x24,pooled_avg_pool_multi_way,False,False,False,,,,"[27068, 24576, 13892]",jpeg_color_clustering_bic,-1,5,13605,0.2075958251953125,8,3,5778,"{""1"": -107081.55746024157, ""2"": -145677.67949837766, ""3"": -176072.5189575597, ""4"": -288097.3065264965, ""5"": -385934.7522497817, ""6"": -432438.6408817211, ""7"": -438188.9561223376, ""8"": -450048.8388493467}","[29178, 13130, 9623, 7006, 4495, 1218, 606, 280]","[29178, 13130, 9623]","[3, 4, 5, 6, 7]","[7006, 4495, 1218, 606, 280]",bic,-450048.8388493467,ok
detexture_ade20k_multi,feature_cluster_coarse_global_pooled_oracle_k,training,252,training_ADE_train_00012125,detexture_multi_partition_v1,multi_partition_invariant,0.7724534375886206,0.5866296046344549,0.6550411545428918,3,8,3,1.0,0.94927978515625,62212,65536,3324,3,3,True,hungarian_iou_assignment,"[0.7411724858167038, 0.6531360647445624, 0.9230517622045956]","[{""pred_label"": 0, ""gt_label"": 0, ""iou"": 0.7411724858167038}, {""pred_label"": 1, ""gt_label"": 1, ""iou"": 0.6531360647445624}, {""pred_label"": 2, ""gt_label"": 2, ""iou"": 0.9230517622045956}]",fpn_2,fpn_2,72x72,1,3,3,24x24,pooled_avg_pool_multi_way,False,False,False,,,,"[27317, 26407, 11812]",jpeg_color_clustering_bic,-1,5,3324,0.05072021484375,8,3,6144,"{""1"": -132792.5045391818, ""2"": -140112.18294466566, ""3"": -173488.27388508114, ""4"": -343793.1055302978, ""5"": -397507.5882541072, ""6"": -416361.69117243984, ""7"": -418014.3258691683, ""8"": -425421.0563939575}","[34645, 15574, 11993, 1151, 878, 722, 557, 16]","[34645, 15574, 11993]","[3, 4, 5, 6, 7]","[1151, 878, 722, 557, 16]",bic,-425421.0563939575,ok
detexture_ade20k_multi,feature_cluster_coarse_global_pooled_oracle_k,training,253,training_ADE_train_00012138,detexture_multi_partition_v1,multi_partition_invariant,0.7637161136496539,0.6478811587074712,0.6904796898666161,3,8,3,1.0,0.880157470703125,57682,65536,7854,3,3,True,hungarian_iou_assignment,"[0.6118175454969669, 0.744245440555319, 0.9350853548966757]","[{""pred_label"": 0, ""gt_label"": 2, ""iou"": 0.6118175454969669}, {""pred_label"": 1, ""gt_label"": 0, ""iou"": 0.744245440555319}, {""pred_label"": 2, ""gt_label"": 1, ""iou"": 0.9350853548966757}]",fpn_2,fpn_2,72x72,1,3,3,24x24,pooled_avg_pool_multi_way,False,False,False,,,,"[24239, 23000, 18297]",jpeg_color_clustering_bic,-1,5,7854,0.119842529296875,8,3,8003,"{""1"": -143696.2876596539, ""2"": -152920.0505666584, ""3"": -239145.34977215438, ""4"": -255853.68452981717, ""5"": -305558.39590428706, ""6"": -363907.7171604222, ""7"": -394116.6333212692, ""8"": -427170.249527137}","[30363, 16817, 10502, 2434, 2220, 1119, 1100, 981]","[30363, 16817, 10502]","[3, 4, 5, 6, 7]","[2434, 2220, 1119, 1100, 981]",bic,-427170.249527137,ok
detexture_ade20k_multi,feature_cluster_coarse_global_pooled_oracle_k,training,254,training_ADE_train_00012149,detexture_multi_partition_v1,multi_partition_invariant,0.3770918255080522,-0.020874579013006395,0.17643054081031181,2,8,2,1.0,0.7230987548828125,47389,65536,18147,2,2,True,hungarian_iou_assignment,"[0.31563097049966, 0.4385526805164444]","[{""pred_label"": 0, ""gt_label"": 1, ""iou"": 0.31563097049966}, {""pred_label"": 1, ""gt_label"": 0, ""iou"": 0.4385526805164444}]",fpn_2,fpn_2,72x72,1,3,3,24x24,pooled_avg_pool_multi_way,False,False,False,,,,"[37216, 28320]",jpeg_color_clustering_bic,-1,6,18147,0.2769012451171875,8,2,7085,"{""1"": -131793.23162170636, ""2"": -198231.3053436141, ""3"": -264054.96904995246, ""4"": -288010.0298725398, ""5"": -293199.286275852, ""6"": -364703.0270619901, ""7"": -369494.6796501491, ""8"": -439988.24976986134}","[37642, 9747, 7424, 5180, 2528, 1674, 911, 430]","[37642, 9747]","[2, 3, 4, 5, 6, 7]","[7424, 5180, 2528, 1674, 911, 430]",bic,-439988.24976986134,ok
detexture_ade20k_multi,feature_cluster_coarse_global_pooled_oracle_k,training,255,training_ADE_train_00012151,detexture_multi_partition_v1,multi_partition_invariant,0.9511439985383835,0.9288385637649152,0.891412037633076,3,8,3,1.0,0.9481964111328125,62141,65536,3395,3,3,True,hungarian_iou_assignment,"[0.9677851749251597, 0.9611955951756685, 0.9244512255143222]","[{""pred_label"": 0, ""gt_label"": 0, ""iou"": 0.9677851749251597}, {""pred_label"": 1, ""gt_label"": 1, ""iou"": 0.9611955951756685}, {""pred_label"": 2, ""gt_label"": 2, ""iou"": 0.9244512255143222}]",fpn_2,fpn_2,72x72,1,3,3,24x24,pooled_avg_pool_multi_way,False,False,False,,,,"[23111, 21650, 20775]",jpeg_color_clustering_bic,-1,5,3395,0.0518035888671875,8,3,4917,"{""1"": -111889.12510786552, ""2"": -117913.7009860466, ""3"": -242772.7069376749, ""4"": -411269.4619921454, ""5"": -432619.2346291301, ""6"": -465715.0197750148, ""7"": -477929.0141344122, ""8"": -486539.88808621786}","[22050, 20295, 19796, 1369, 826, 618, 406, 176]","[22050, 20295, 19796]","[3, 4, 5, 6, 7]","[1369, 826, 618, 406, 176]",bic,-486539.88808621786,ok
detexture_ade20k_multi,feature_cluster_coarse_global_pooled_oracle_k,training,256,training_ADE_train_00012153,detexture_multi_partition_v1,multi_partition_invariant,0.7491244219231524,0.5590587959510539,0.6548567547312216,3,8,3,1.0,0.8748779296875,57336,65536,8200,3,3,True,hungarian_iou_assignment,"[0.6845466155810983, 0.6048640167364017, 0.9579626334519573]","[{""pred_label"": 0, ""gt_label"": 0, ""iou"": 0.6845466155810983}, {""pred_label"": 1, ""gt_label"": 1, ""iou"": 0.6048640167364017}, {""pred_label"": 2, ""gt_label"": 2, ""iou"": 0.9579626334519573}]",fpn_2,fpn_2,72x72,1,3,3,24x24,pooled_avg_pool_multi_way,False,False,False,,,,"[27372, 23711, 14453]",jpeg_color_clustering_bic,-1,5,8200,0.1251220703125,8,3,5250,"{""1"": -124426.23702563408, ""2"": -133686.66942065908, ""3"": -242657.44476758118, ""4"": -275882.5052320296, ""5"": -277432.0619112201, ""6"": -285046.83488896774, ""7"": -437140.92178758, ""8"": -440758.8604882274}","[30152, 14097, 13087, 3089, 2765, 1569, 610, 167]","[30152, 14097, 13087]","[3, 4, 5, 6, 7]","[3089, 2765, 1569, 610, 167]",bic,-440758.8604882274,ok
detexture_ade20k_multi,feature_cluster_coarse_global_pooled_oracle_k,training,257,training_ADE_train_00012159,detexture_multi_partition_v1,multi_partition_invariant,0.9400800501382461,0.9085678231727858,0.8665212752631234,3,8,3,1.0,0.8829803466796875,57867,65536,7669,3,3,True,hungarian_iou_assignment,"[0.9255997315886596, 0.9622650442687373, 0.9323753745573413]","[{""pred_label"": 0, ""gt_label"": 0, ""iou"": 0.9255997315886596}, {""pred_label"": 1, ""gt_label"": 1, ""iou"": 0.9622650442687373}, {""pred_label"": 2, ""gt_label"": 2, ""iou"": 0.9323753745573413}]",fpn_2,fpn_2,72x72,1,3,3,24x24,pooled_avg_pool_multi_way,False,False,False,,,,"[27029, 22881, 15626]",jpeg_color_clustering_bic,-1,5,7669,0.1170196533203125,8,3,8516,"{""1"": -125365.07547924049, ""2"": -144532.23693578408, ""3"": -273739.8401858938, ""4"": -355468.3653999938, ""5"": -410570.0486897911, ""6"": -429221.10329691257, ""7"": -448229.29506214603, ""8"": -455889.81138117966}","[22960, 20919, 13988, 3001, 2116, 1380, 806, 366]","[22960, 20919, 13988]","[3, 4, 5, 6, 7]","[3001, 2116, 1380, 806, 366]",bic,-455889.81138117966,ok
detexture_ade20k_multi,feature_cluster_coarse_global_pooled_oracle_k,training,258,training_ADE_train_00012169,detexture_multi_partition_v1,multi_partition_invariant,0.8198938328235136,0.8042876670643094,0.7992245535967397,4,8,4,1.0,0.9579315185546875,62779,65536,2757,4,4,True,hungarian_iou_assignment,"[0.9774942228473827, 0.7999700703347135, 0.6273987953494887, 0.8747122427624695]","[{""pred_label"": 0, ""gt_label"": 1, ""iou"": 0.9774942228473827}, {""pred_label"": 1, ""gt_label"": 0, ""iou"": 0.7999700703347135}, {""pred_label"": 2, ""gt_label"": 3, ""iou"": 0.6273987953494887}, {""pred_label"": 3, ""gt_label"": 2, ""iou"": 0.8747122427624695}]",fpn_2,fpn_2,72x72,1,3,3,24x24,pooled_avg_pool_multi_way,False,False,False,,,,"[21202, 16529, 14489, 13316]",jpeg_color_clustering_bic,-1,4,2757,0.0420684814453125,8,4,6870,"{""1"": -125846.60057432417, ""2"": -132025.27872187595, ""3"": -207948.12849636705, ""4"": -300775.0373038456, ""5"": -392187.42477620795, ""6"": -400056.02533468814, ""7"": -417469.3734523866, ""8"": -433718.6385162325}","[19862, 19592, 14065, 9260, 1094, 797, 532, 334]","[19862, 19592, 14065, 9260]","[4, 5, 6, 7]","[1094, 797, 532, 334]",bic,-433718.6385162325,ok
detexture_ade20k_multi,feature_cluster_coarse_global_pooled_oracle_k,training,259,training_ADE_train_00012174,detexture_multi_partition_v1,multi_partition_invariant,0.35110392474725527,0.3594209476924041,0.4851883128819678,4,8,4,1.0,0.925079345703125,60626,65536,4910,4,4,True,hungarian_iou_assignment,"[0.3996621275724378, 0.4862327188940092, 0.47407501697216564, 0.044445835550408465]","[{""pred_label"": 0, ""gt_label"": 3, ""iou"": 0.3996621275724378}, {""pred_label"": 1, ""gt_label"": 2, ""iou"": 0.4862327188940092}, {""pred_label"": 2, ""gt_label"": 0, ""iou"": 0.47407501697216564}, {""pred_label"": 3, ""gt_label"": 1, ""iou"": 0.044445835550408465}]",fpn_2,fpn_2,72x72,1,3,3,24x24,pooled_avg_pool_multi_way,False,False,False,,,,"[19829, 17045, 15556, 13106]",jpeg_color_clustering_bic,-1,4,4910,0.074920654296875,8,4,8702,"{""1"": -150343.6221467206, ""2"": -170086.11455550388, ""3"": -192751.82820034752, ""4"": -201736.1738865327, ""5"": -242139.94734570367, ""6"": -416583.4926846515, ""7"": -427300.9838292248, ""8"": -436174.43823152396}","[22269, 21439, 8880, 8038, 1654, 1454, 1226, 576]","[22269, 21439, 8880, 8038]","[4, 5, 6, 7]","[1654, 1454, 1226, 576]",bic,-436174.43823152396,ok
detexture_ade20k_multi,feature_cluster_coarse_global_pooled_oracle_k,training,260,training_ADE_train_00012180,detexture_multi_partition_v1,multi_partition_invariant,0.5052498311885515,0.5691151933174123,0.4980357112004598,3,8,3,1.0,0.9620492399741267,380756,395776,15020,3,3,True,hungarian_iou_assignment,"[0.7960874622186088, 0.6080570930754406, 0.11160493827160493]","[{""pred_label"": 0, ""gt_label"": 0, ""iou"": 0.7960874622186088}, {""pred_label"": 1, ""gt_label"": 1, ""iou"": 0.6080570930754406}, {""pred_label"": 2, ""gt_label"": 2, ""iou"": 0.11160493827160493}]",fpn_2,fpn_2,72x72,1,3,3,24x24,pooled_avg_pool_multi_way,False,False,False,,,,"[258637, 85043, 52096]",jpeg_color_clustering_bic,-1,5,15020,0.03795076002587322,8,3,8903,"{""1"": -671798.4719069637, ""2"": -710153.0284511305, ""3"": -1616470.1807841838, ""4"": -1634456.4663170637, ""5"": -2822745.947623072, ""6"": -2864799.869521164, ""7"": -2951683.536166146, ""8"": -3083165.698521092}","[209392, 101484, 69880, 8437, 2503, 2390, 889, 801]","[209392, 101484, 69880]","[3, 4, 5, 6, 7]","[8437, 2503, 2390, 889, 801]",bic,-3083165.698521092,ok
detexture_ade20k_multi,feature_cluster_coarse_global_pooled_oracle_k,training,261,training_ADE_train_00012211,detexture_multi_partition_v1,multi_partition_invariant,0.8810284980762225,0.8894797746917683,0.8201572820836927,3,8,3,1.0,0.90582084139265,149859,165440,15581,3,3,True,hungarian_iou_assignment,"[0.9582449283454308, 0.7563457806993229, 0.9284947851839135]","[{""pred_label"": 0, ""gt_label"": 0, ""iou"": 0.9582449283454308}, {""pred_label"": 1, ""gt_label"": 2, ""iou"": 0.7563457806993229}, {""pred_label"": 2, ""gt_label"": 1, ""iou"": 0.9284947851839135}]",fpn_2,fpn_2,72x72,1,3,3,24x24,pooled_avg_pool_multi_way,False,False,False,,,,"[115997, 25766, 23677]",jpeg_color_clustering_bic,-1,5,15581,0.0941791586073501,8,3,5821,"{""1"": -391183.85527616896, ""2"": -407282.2473422021, ""3"": -637404.6963126248, ""4"": -680531.4818539025, ""5"": -683569.861874291, ""6"": -1237807.5630308366, ""7"": -1269818.9317735564, ""8"": -1271326.1060667979}","[107460, 22091, 20308, 12325, 1466, 1163, 557, 70]","[107460, 22091, 20308]","[3, 4, 5, 6, 7]","[12325, 1466, 1163, 557, 70]",bic,-1271326.1060667979,ok
detexture_ade20k_multi,feature_cluster_coarse_global_pooled_oracle_k,training,262,training_ADE_train_00012321,detexture_multi_partition_v1,multi_partition_invariant,0.4133995018907464,0.4344399199992589,0.512882003039141,3,8,3,1.0,0.8029602855051244,280792,349696,68904,3,3,True,hungarian_iou_assignment,"[0.5723295441514857, 0.6393189776721587, 0.028549983848594827]","[{""pred_label"": 0, ""gt_label"": 1, ""iou"": 0.5723295441514857}, {""pred_label"": 1, ""gt_label"": 0, ""iou"": 0.6393189776721587}, {""pred_label"": 2, ""gt_label"": 2, ""iou"": 0.028549983848594827}]",fpn_2,fpn_2,72x72,1,3,3,24x24,pooled_avg_pool_multi_way,False,False,False,,,,"[148556, 112540, 88600]",jpeg_color_clustering_bic,-1,5,68904,0.19703971449487556,8,3,25888,"{""1"": -788187.429930845, ""2"": -818264.7050851741, ""3"": -955506.6875416589, ""4"": -1138706.6873714693, ""5"": -1142671.4629978202, ""6"": -1163895.1445577291, ""7"": -1196735.310338329, ""8"": -1739113.672411998}","[143823, 74867, 62102, 28011, 12600, 11736, 11082, 5475]","[143823, 74867, 62102]","[3, 4, 5, 6, 7]","[28011, 12600, 11736, 11082, 5475]",bic,-1739113.672411998,ok
detexture_ade20k_multi,feature_cluster_coarse_global_pooled_oracle_k,training,263,training_ADE_train_00012384,detexture_multi_partition_v1,multi_partition_invariant,0.8476083379648727,0.7170668524351119,0.6478846444039943,2,8,2,1.0,0.8309102763543191,290566,349696,59130,2,2,True,hungarian_iou_assignment,"[0.88851235501765, 0.8067043209120954]","[{""pred_label"": 0, ""gt_label"": 0, ""iou"": 0.88851235501765}, {""pred_label"": 1, ""gt_label"": 1, ""iou"": 0.8067043209120954}]",fpn_2,fpn_2,72x72,1,3,3,24x24,pooled_avg_pool_multi_way,False,False,False,,,,"[183655, 166041]",jpeg_color_clustering_bic,-1,6,59130,0.1690897236456808,8,2,12417,"{""1"": -800981.5228528072, ""2"": -862094.8359172206, ""3"": -947675.1115918923, ""4"": -1802370.5581345137, ""5"": -1867553.7814085672, ""6"": -2165039.702463118, ""7"": -2215421.5456794403, ""8"": -2693870.401620728}","[197415, 93151, 36366, 7722, 7348, 5276, 1778, 640]","[197415, 93151]","[2, 3, 4, 5, 6, 7]","[36366, 7722, 7348, 5276, 1778, 640]",bic,-2693870.401620728,ok
detexture_ade20k_multi,feature_cluster_coarse_global_pooled_oracle_k,training,264,training_ADE_train_00012451,detexture_multi_partition_v1,multi_partition_invariant,0.6718764722892645,0.7883451432896029,0.7314988801434846,4,8,4,1.0,0.9628048362005857,336689,349696,13007,4,4,True,hungarian_iou_assignment,"[0.983642277046153, 0.4853214024448426, 0.7790910545118461, 0.439451155154216]","[{""pred_label"": 0, ""gt_label"": 0, ""iou"": 0.983642277046153}, {""pred_label"": 1, ""gt_label"": 2, ""iou"": 0.4853214024448426}, {""pred_label"": 2, ""gt_label"": 3, ""iou"": 0.7790910545118461}, {""pred_label"": 3, ""gt_label"": 1, ""iou"": 0.439451155154216}]",fpn_2,fpn_2,72x72,1,3,3,24x24,pooled_avg_pool_multi_way,False,False,False,,,,"[157523, 93609, 56829, 41735]",jpeg_color_clustering_bic,-1,4,13007,0.03719516379941435,8,4,12445,"{""1"": -802554.0340998326, ""2"": -883921.7156248159, ""3"": -1148928.5382317374, ""4"": -1522992.0894225955, ""5"": -1503782.9052592288, ""6"": -2119373.1023224806, ""7"": -2121161.076941607, ""8"": -2142496.401822684}","[156053, 82606, 52786, 45244, 6913, 3131, 2758, 205]","[156053, 82606, 52786, 45244]","[4, 5, 6, 7]","[6913, 3131, 2758, 205]",bic,-2142496.401822684,ok
detexture_ade20k_multi,feature_cluster_coarse_global_pooled_oracle_k,training,265,training_ADE_train_00012501,detexture_multi_partition_v1,multi_partition_invariant,0.9016582448248247,0.8048597922001566,0.7558101063519383,2,8,2,1.0,0.8006696428571428,315656,394240,78584,2,2,True,hungarian_iou_assignment,"[0.9087690509373736, 0.8945474387122757]","[{""pred_label"": 0, ""gt_label"": 0, ""iou"": 0.9087690509373736}, {""pred_label"": 1, ""gt_label"": 1, ""iou"": 0.8945474387122757}]",fpn_2,fpn_2,72x72,1,3,3,24x24,pooled_avg_pool_multi_way,False,False,False,,,,"[241696, 152544]",jpeg_color_clustering_bic,-1,6,78584,0.19933035714285716,8,2,10298,"{""1"": -797922.5632073977, ""2"": -935517.5197864226, ""3"": -1307365.322986751, ""4"": -2048434.67788863, ""5"": -2714047.6727963323, ""6"": -2785942.3659067745, ""7"": -2850895.1669642013, ""8"": -2934093.8472132822}","[161710, 153946, 39835, 17455, 17038, 2486, 1176, 594]","[161710, 153946]","[2, 3, 4, 5, 6, 7]","[39835, 17455, 17038, 2486, 1176, 594]",bic,-2934093.8472132822,ok
detexture_ade20k_multi,feature_cluster_coarse_global_pooled_oracle_k,training,266,training_ADE_train_00012566,detexture_multi_partition_v1,multi_partition_invariant,0.5879389112999678,0.38196076339641927,0.5201175677103909,4,7,4,1.0,0.9669913296120058,338153,349696,11543,4,4,True,hungarian_iou_assignment,"[0.35616498819306003, 0.4824934071347842, 0.6757441584054962, 0.8373530914665304]","[{""pred_label"": 0, ""gt_label"": 3, ""iou"": 0.35616498819306003}, {""pred_label"": 1, ""gt_label"": 0, ""iou"": 0.4824934071347842}, {""pred_label"": 2, ""gt_label"": 1, ""iou"": 0.6757441584054962}, {""pred_label"": 3, ""gt_label"": 2, ""iou"": 0.8373530914665304}]",fpn_2,fpn_2,72x72,1,3,3,24x24,pooled_avg_pool_multi_way,False,False,False,,,,"[138828, 102831, 55094, 52943]",jpeg_color_clustering_bic,-1,3,11543,0.03300867038799414,7,4,14766,"{""1"": -701591.7008464546, ""2"": -761767.7186919291, ""3"": -1116884.3360332726, ""4"": -1254032.1725310176, ""5"": -1653095.8221059958, ""6"": -1628123.8486646567, ""7"": -1658894.5131789835, ""8"": -1619011.076914299}","[158984, 75179, 55280, 48710, 8491, 2254, 798]","[158984, 75179, 55280, 48710]","[4, 5, 6]","[8491, 2254, 798]",bic,-1658894.5131789835,ok
detexture_ade20k_multi,feature_cluster_coarse_global_pooled_oracle_k,training,267,training_ADE_train_00012595,detexture_multi_partition_v1,multi_partition_invariant,0.9579831474152014,0.9363831754020665,0.8787533554571814,2,8,2,1.0,0.8127516471449487,284216,349696,65480,2,2,True,hungarian_iou_assignment,"[0.9821178336932094, 0.9338484611371936]","[{""pred_label"": 0, ""gt_label"": 0, ""iou"": 0.9821178336932094}, {""pred_label"": 1, ""gt_label"": 1, ""iou"": 0.9338484611371936}]",fpn_2,fpn_2,72x72,1,3,3,24x24,pooled_avg_pool_multi_way,False,False,False,,,,"[225650, 124046]",jpeg_color_clustering_bic,-1,6,65480,0.18724835285505123,8,2,9296,"{""1"": -755040.3453435147, ""2"": -779173.9136059927, ""3"": -1270106.4620342122, ""4"": -1661884.4382544735, ""5"": -1679327.1845177135, ""6"": -1686349.3984555434, ""7"": -2570033.280484217, ""8"": -2689865.8750827564}","[226930, 57286, 36022, 22362, 3144, 2146, 966, 840]","[226930, 57286]","[2, 3, 4, 5, 6, 7]","[36022, 22362, 3144, 2146, 966, 840]",bic,-2689865.8750827564,ok
detexture_ade20k_multi,feature_cluster_coarse_global_pooled_oracle_k,training,268,training_ADE_train_00012667,detexture_multi_partition_v1,multi_partition_invariant,0.41661848700601345,0.03290302686033974,0.02498638319558548,2,8,2,1.0,0.7743154053806734,270775,349696,78921,2,2,True,hungarian_iou_assignment,"[0.37822659822154897, 0.4550103757904779]","[{""pred_label"": 0, ""gt_label"": 1, ""iou"": 0.37822659822154897}, {""pred_label"": 1, ""gt_label"": 0, ""iou"": 0.4550103757904779}]",fpn_2,fpn_2,72x72,1,3,3,24x24,pooled_avg_pool_multi_way,False,False,False,,,,"[182215, 167481]",jpeg_color_clustering_bic,-1,6,78921,0.2256845946193265,8,2,16337,"{""1"": -751454.8376874363, ""2"": -831681.3171721796, ""3"": -1128629.8859265659, ""4"": -1181675.953415573, ""5"": -1357359.6099748474, ""6"": -1609558.1588194524, ""7"": -1621795.00811955, ""8"": -1624066.8965783631}","[135535, 135240, 35865, 25120, 7976, 7946, 1029, 985]","[135535, 135240]","[2, 3, 4, 5, 6, 7]","[35865, 25120, 7976, 7946, 1029, 985]",bic,-1624066.8965783631,ok
detexture_ade20k_multi,feature_cluster_coarse_global_pooled_oracle_k,training,269,training_ADE_train_00012684,detexture_multi_partition_v1,multi_partition_invariant,0.8118755654948568,0.8107070653684848,0.7556546602967839,3,8,3,1.0,0.7651388634699854,267566,349696,82130,3,3,True,hungarian_iou_assignment,"[0.9861251943486784, 0.6710942617809804, 0.7784072403549116]","[{""pred_label"": 0, ""gt_label"": 0, ""iou"": 0.9861251943486784}, {""pred_label"": 1, ""gt_label"": 2, ""iou"": 0.6710942617809804}, {""pred_label"": 2, ""gt_label"": 1, ""iou"": 0.7784072403549116}]",fpn_2,fpn_2,72x72,1,3,3,24x24,pooled_avg_pool_multi_way,False,False,False,,,,"[132155, 109879, 107662]",jpeg_color_clustering_bic,-1,5,82130,0.23486113653001464,8,3,15890,"{""1"": -644450.4719842601, ""2"": -952662.5839201575, ""3"": -1003007.3616041231, ""4"": -1275218.9328488288, ""5"": -1397085.601774108, ""6"": -1621043.1249151537, ""7"": -1852420.6650316124, ""8"": -2403791.8361039963}","[118116, 84785, 64665, 30809, 21568, 13983, 9166, 6604]","[118116, 84785, 64665]","[3, 4, 5, 6, 7]","[30809, 21568, 13983, 9166, 6604]",bic,-2403791.8361039963,ok
detexture_ade20k_multi,feature_cluster_coarse_global_pooled_oracle_k,training,270,training_ADE_train_00012707,detexture_multi_partition_v1,multi_partition_invariant,0.9430223439681957,0.9359678585096189,0.8893852426394347,3,8,3,1.0,0.9794593017935578,342513,349696,7183,3,3,True,hungarian_iou_assignment,"[0.973318396020371, 0.8967199243442338, 0.9590287115399826]","[{""pred_label"": 0, ""gt_label"": 0, ""iou"": 0.973318396020371}, {""pred_label"": 1, ""gt_label"": 2, ""iou"": 0.8967199243442338}, {""pred_label"": 2, ""gt_label"": 1, ""iou"": 0.9590287115399826}]",fpn_2,fpn_2,72x72,1,3,3,24x24,pooled_avg_pool_multi_way,False,False,False,,,,"[192126, 83295, 74275]",jpeg_color_clustering_bic,-1,5,7183,0.02054069820644217,8,3,7352,"{""1"": -604839.1514226415, ""2"": -614469.4263848234, ""3"": -1432669.2674448816, ""4"": -2525888.975231422, ""5"": -2636341.754541543, ""6"": -2788977.1427211356, ""7"": -2858501.56364668, ""8"": -2882988.465056853}","[194294, 74922, 73297, 2498, 1859, 1430, 1029, 367]","[194294, 74922, 73297]","[3, 4, 5, 6, 7]","[2498, 1859, 1430, 1029, 367]",bic,-2882988.465056853,ok
detexture_ade20k_multi,feature_cluster_coarse_global_pooled_oracle_k,training,271,training_ADE_train_00012780,detexture_multi_partition_v1,multi_partition_invariant,0.5088006180541081,0.2631631571343769,0.34518468648498724,3,8,3,1.0,0.7342834919472914,256776,349696,92920,3,3,True,hungarian_iou_assignment,"[0.49558381762542464, 0.2293585252579689, 0.801459511278931]","[{""pred_label"": 0, ""gt_label"": 0, ""iou"": 0.49558381762542464}, {""pred_label"": 1, ""gt_label"": 1, ""iou"": 0.2293585252579689}, {""pred_label"": 2, ""gt_label"": 2, ""iou"": 0.801459511278931}]",fpn_2,fpn_2,72x72,1,3,3,24x24,pooled_avg_pool_multi_way,False,False,False,,,,"[154143, 110976, 84577]",jpeg_color_clustering_bic,-1,5,92920,0.26571650805270863,8,3,30993,"{""1"": -754709.4759548006, ""2"": -835429.0996504109, ""3"": -895787.3633124209, ""4"": -1182080.0430328571, ""5"": -1238507.0435154485, ""6"": -1266808.925420332, ""7"": -1402363.488692862, ""8"": -1556662.3499184884}","[136121, 77460, 43195, 28933, 25261, 20356, 9564, 8806]","[136121, 77460, 43195]","[3, 4, 5, 6, 7]","[28933, 25261, 20356, 9564, 8806]",bic,-1556662.3499184884,ok
detexture_ade20k_multi,feature_cluster_coarse_global_pooled_oracle_k,training,272,training_ADE_train_00012785,detexture_multi_partition_v1,multi_partition_invariant,0.7857925712258158,0.7559701136342505,0.7155113714495941,3,8,3,1.0,0.8036179996339677,281022,349696,68674,3,3,True,hungarian_iou_assignment,"[0.8248548966015566, 0.9290001714971703, 0.6035226455787204]","[{""pred_label"": 0, ""gt_label"": 0, ""iou"": 0.8248548966015566}, {""pred_label"": 1, ""gt_label"": 1, ""iou"": 0.9290001714971703}, {""pred_label"": 2, ""gt_label"": 2, ""iou"": 0.6035226455787204}]",fpn_2,fpn_2,72x72,1,3,3,24x24,pooled_avg_pool_multi_way,False,False,False,,,,"[148980, 124995, 75721]",jpeg_color_clustering_bic,-1,5,68674,0.1963820003660322,8,3,16267,"{""1"": -743894.5524973792, ""2"": -1060762.5983761635, ""3"": -1136762.427770667, ""4"": -1506628.1414621864, ""5"": -1623692.4535209662, ""6"": -1541216.241530639, ""7"": -1553291.957466366, ""8"": -2001489.543903329}","[125654, 103234, 52134, 38747, 17396, 9349, 1824, 1358]","[125654, 103234, 52134]","[3, 4, 5, 6, 7]","[38747, 17396, 9349, 1824, 1358]",bic,-2001489.543903329,ok
detexture_ade20k_multi,feature_cluster_coarse_global_pooled_oracle_k,training,273,training_ADE_train_00012828,detexture_multi_partition_v1,multi_partition_invariant,0.3146851663039545,-0.06863675215995418,0.04020497618854362,2,8,2,1.0,0.8117507778184481,283866,349696,65830,2,2,True,hungarian_iou_assignment,"[0.6016638164457746, 0.027706516162134428]","[{""pred_label"": 0, ""gt_label"": 0, ""iou"": 0.6016638164457746}, {""pred_label"": 1, ""gt_label"": 1, ""iou"": 0.027706516162134428}]",fpn_2,fpn_2,72x72,1,3,3,24x24,pooled_avg_pool_multi_way,False,False,False,,,,"[227267, 122429]",jpeg_color_clustering_bic,-1,6,65830,0.188249222181552,8,2,11464,"{""1"": -893454.9371222433, ""2"": -1042947.7034182929, ""3"": -1135509.7003138796, ""4"": -1207949.2223596964, ""5"": -1451460.5142559751, ""6"": -1554272.968750482, ""7"": -1559637.5107686198, ""8"": -1560685.616351073}","[241877, 41989, 38659, 11477, 10177, 4196, 713, 608]","[241877, 41989]","[2, 3, 4, 5, 6, 7]","[38659, 11477, 10177, 4196, 713, 608]",bic,-1560685.616351073,ok
detexture_ade20k_multi,feature_cluster_coarse_global_pooled_oracle_k,training,274,training_ADE_train_00012854,detexture_multi_partition_v1,multi_partition_invariant,0.5367865878027174,0.39134871528564985,0.5285947850719305,3,8,3,1.0,0.7315897236456809,255834,349696,93862,3,3,True,hungarian_iou_assignment,"[0.46608890689495225, 0.21357147782911523, 0.9306993786840847]","[{""pred_label"": 0, ""gt_label"": 1, ""iou"": 0.46608890689495225}, {""pred_label"": 1, ""gt_label"": 0, ""iou"": 0.21357147782911523}, {""pred_label"": 2, ""gt_label"": 2, ""iou"": 0.9306993786840847}]",fpn_2,fpn_2,72x72,1,3,3,24x24,pooled_avg_pool_multi_way,False,False,False,,,,"[173893, 96327, 79476]",jpeg_color_clustering_bic,-1,5,93862,0.2684102763543192,8,3,22012,"{""1"": -607827.4739842789, ""2"": -753148.4836553753, ""3"": -896892.611201004, ""4"": -1144319.520821239, ""5"": -1221990.2452469913, ""6"": -1258540.0759835215, ""7"": -1584374.2310971536, ""8"": -1604999.5858477931}","[111320, 81959, 62555, 33112, 30495, 18249, 9578, 2428]","[111320, 81959, 62555]","[3, 4, 5, 6, 7]","[33112, 30495, 18249, 9578, 2428]",bic,-1604999.5858477931,ok
detexture_ade20k_multi,feature_cluster_coarse_global_pooled_oracle_k,training,275,training_ADE_train_00012868,detexture_multi_partition_v1,multi_partition_invariant,0.48152773558327394,0.5978087406362305,0.6470814300830351,3,8,3,1.0,0.851067784590044,297615,349696,52081,3,3,True,hungarian_iou_assignment,"[0.5521142115191455, 0.8894130799329234, 0.0030559152977529366]","[{""pred_label"": 0, ""gt_label"": 1, ""iou"": 0.5521142115191455}, {""pred_label"": 1, ""gt_label"": 0, ""iou"": 0.8894130799329234}, {""pred_label"": 2, ""gt_label"": 2, ""iou"": 0.0030559152977529366}]",fpn_2,fpn_2,72x72,1,3,3,24x24,pooled_avg_pool_multi_way,False,False,False,,,,"[177498, 122487, 49711]",jpeg_color_clustering_bic,-1,5,52081,0.14893221540995608,8,3,19237,"{""1"": -700514.3046609217, ""2"": -1130187.9282060768, ""3"": -1203129.6423610407, ""4"": -1321367.7689141177, ""5"": -1289041.9913554175, ""6"": -1448362.916971748, ""7"": -1449766.378656476, ""8"": -1849570.2771975272}","[134074, 101739, 61802, 39372, 5290, 4886, 2357, 176]","[134074, 101739, 61802]","[3, 4, 5, 6, 7]","[39372, 5290, 4886, 2357, 176]",bic,-1849570.2771975272,ok
detexture_ade20k_multi,feature_cluster_coarse_global_pooled_oracle_k,training,276,training_ADE_train_00012872,detexture_multi_partition_v1,multi_partition_invariant,0.6956051534151526,0.5477695878844142,0.6499530017450205,4,8,4,1.0,0.9022408034407028,315510,349696,34186,4,4,True,hungarian_iou_assignment,"[0.6441322742295272, 0.5010768379800167, 0.715237997568015, 0.9219735038830517]","[{""pred_label"": 0, ""gt_label"": 0, ""iou"": 0.6441322742295272}, {""pred_label"": 1, ""gt_label"": 3, ""iou"": 0.5010768379800167}, {""pred_label"": 2, ""gt_label"": 2, ""iou"": 0.715237997568015}, {""pred_label"": 3, ""gt_label"": 1, ""iou"": 0.9219735038830517}]",fpn_2,fpn_2,72x72,1,3,3,24x24,pooled_avg_pool_multi_way,False,False,False,,,,"[124848, 93189, 68645, 63014]",jpeg_color_clustering_bic,-1,4,34186,0.09775919655929721,8,4,12666,"{""1"": -807124.8525376171, ""2"": -892110.223694794, ""3"": -1116583.407874736, ""4"": -1151174.6217164663, ""5"": -1523695.4677137674, ""6"": -1632344.4518395609, ""7"": -1662855.675936901, ""8"": -2532754.3707513534}","[156910, 64363, 50654, 43583, 17493, 8159, 6078, 2456]","[156910, 64363, 50654, 43583]","[4, 5, 6, 7]","[17493, 8159, 6078, 2456]",bic,-2532754.3707513534,ok
detexture_ade20k_multi,feature_cluster_coarse_global_pooled_oracle_k,training,277,training_ADE_train_00012901,detexture_multi_partition_v1,multi_partition_invariant,0.6068476345158247,0.5725272156142703,0.5330106711430437,3,8,3,1.0,0.9670027681185944,338157,349696,11539,3,3,True,hungarian_iou_assignment,"[0.6999211244587946, 0.8233586721430434, 0.2972631069456361]","[{""pred_label"": 0, ""gt_label"": 1, ""iou"": 0.6999211244587946}, {""pred_label"": 1, ""gt_label"": 0, ""iou"": 0.8233586721430434}, {""pred_label"": 2, ""gt_label"": 2, ""iou"": 0.2972631069456361}]",fpn_2,fpn_2,72x72,1,3,3,24x24,pooled_avg_pool_multi_way,False,False,False,,,,"[172707, 132845, 44144]",jpeg_color_clustering_bic,-1,5,11539,0.03299723188140556,8,3,12640,"{""1"": -981002.5409860866, ""2"": -1229249.5831343941, ""3"": -1353045.4743139537, ""4"": -1368450.150726564, ""5"": -1369892.9730363889, ""6"": -1376896.0724697001, ""7"": -2506692.4712827443, ""8"": -2568035.768182998}","[132028, 128668, 77461, 6694, 3006, 1100, 610, 129]","[132028, 128668, 77461]","[3, 4, 5, 6, 7]","[6694, 3006, 1100, 610, 129]",bic,-2568035.768182998,ok
detexture_ade20k_multi,feature_cluster_coarse_global_pooled_oracle_k,training,278,training_ADE_train_00012950,detexture_multi_partition_v1,multi_partition_invariant,0.5759148647672323,0.6270019557838274,0.6100657768175343,5,8,5,1.0,0.9111256634333821,318617,349696,31079,5,5,True,hungarian_iou_assignment,"[0.8643985352288476, 0.47025397595370916, 0.7853846878237122, 0.3173316537503081, 0.4422054710795844]","[{""pred_label"": 0, ""gt_label"": 0, ""iou"": 0.8643985352288476}, {""pred_label"": 1, ""gt_label"": 3, ""iou"": 0.47025397595370916}, {""pred_label"": 2, ""gt_label"": 1, ""iou"": 0.7853846878237122}, {""pred_label"": 3, ""gt_label"": 2, ""iou"": 0.3173316537503081}, {""pred_label"": 4, ""gt_label"": 4, ""iou"": 0.4422054710795844}]",fpn_2,fpn_2,72x72,1,3,3,24x24,pooled_avg_pool_multi_way,False,False,False,,,,"[97391, 82600, 68361, 57561, 43783]",jpeg_color_clustering_bic,-1,3,31079,0.08887433656661786,8,5,18950,"{""1"": -720178.1234075405, ""2"": -843779.8949485915, ""3"": -974240.086992397, ""4"": -1057617.5007959777, ""5"": -1184682.3405551745, ""6"": -1438068.0896095482, ""7"": -1659102.375837142, ""8"": -1886313.346571418}","[106677, 64573, 57078, 46094, 44195, 17784, 6814, 6481]","[106677, 64573, 57078, 46094, 44195]","[5, 6, 7]","[17784, 6814, 6481]",bic,-1886313.346571418,ok
detexture_ade20k_multi,feature_cluster_coarse_global_pooled_oracle_k,training,279,training_ADE_train_00012988,detexture_multi_partition_v1,multi_partition_invariant,0.4184395009093951,0.08514531702300726,0.17349227900637146,2,8,2,1.0,0.7763824462890625,50881,65536,14655,2,2,True,hungarian_iou_assignment,"[0.6106781664550589, 0.22620083536373128]","[{""pred_label"": 0, ""gt_label"": 0, ""iou"": 0.6106781664550589}, {""pred_label"": 1, ""gt_label"": 1, ""iou"": 0.22620083536373128}]",fpn_2,fpn_2,72x72,1,3,3,24x24,pooled_avg_pool_multi_way,False,False,False,,,,"[48025, 17511]",jpeg_color_clustering_bic,-1,6,14655,0.2236175537109375,8,2,6559,"{""1"": -117019.16767008655, ""2"": -127671.2561598358, ""3"": -270043.95374947536, ""4"": -291671.6728953705, ""5"": -407813.7420962133, ""6"": -415581.90123488085, ""7"": -432960.7973808405, ""8"": -450679.86634770554}","[27897, 22984, 5399, 4150, 2145, 1410, 847, 704]","[27897, 22984]","[2, 3, 4, 5, 6, 7]","[5399, 4150, 2145, 1410, 847, 704]",bic,-450679.86634770554,ok
detexture_ade20k_multi,feature_cluster_coarse_global_pooled_oracle_k,training,280,training_ADE_train_00012994,detexture_multi_partition_v1,multi_partition_invariant,0.7846133775347838,0.7282175712176886,0.7172966264051507,4,8,4,1.0,0.8262545787545788,270681,327600,56919,4,4,True,hungarian_iou_assignment,"[0.8352697003493585, 0.9586606730244087, 0.7592619195837125, 0.5852612171816554]","[{""pred_label"": 0, ""gt_label"": 0, ""iou"": 0.8352697003493585}, {""pred_label"": 1, ""gt_label"": 2, ""iou"": 0.9586606730244087}, {""pred_label"": 2, ""gt_label"": 1, ""iou"": 0.7592619195837125}, {""pred_label"": 3, ""gt_label"": 3, ""iou"": 0.5852612171816554}]",fpn_2,fpn_2,72x72,1,3,3,24x24,pooled_avg_pool_multi_way,False,False,False,,,,"[114567, 80083, 69302, 63648]",jpeg_color_clustering_bic,-1,4,56919,0.17374542124542125,8,4,22780,"{""1"": -587628.6225998105, ""2"": -723847.2868693799, ""3"": -1095649.4545534905, ""4"": -1161869.300337178, ""5"": -1333999.616852616, ""6"": -1493869.7035909756, ""7"": -1738350.956724286, ""8"": -1745865.8790595382}","[134656, 48468, 46823, 40734, 31087, 23046, 2498, 288]","[134656, 48468, 46823, 40734]","[4, 5, 6, 7]","[31087, 23046, 2498, 288]",bic,-1745865.8790595382,ok
detexture_ade20k_multi,feature_cluster_coarse_global_pooled_oracle_k,training,281,training_ADE_train_00013000,detexture_multi_partition_v1,multi_partition_invariant,0.6239762671636166,0.6455932924823434,0.6123756495457777,4,8,4,1.0,0.915557861328125,60002,65536,5534,4,4,True,hungarian_iou_assignment,"[0.9388435711388526, 0.37187108032938865, 0.7381042534393538, 0.44708616374687166]","[{""pred_label"": 0, ""gt_label"": 0, ""iou"": 0.9388435711388526}, {""pred_label"": 1, ""gt_label"": 3, ""iou"": 0.37187108032938865}, {""pred_label"": 2, ""gt_label"": 1, ""iou"": 0.7381042534393538}, {""pred_label"": 3, ""gt_label"": 2, ""iou"": 0.44708616374687166}]",fpn_2,fpn_2,72x72,1,3,3,24x24,pooled_avg_pool_multi_way,False,False,False,,,,"[27392, 14383, 11882, 11879]",jpeg_color_clustering_bic,-1,4,5534,0.084442138671875,8,4,4763,"{""1"": -124016.7342499261, ""2"": -126927.23957681557, ""3"": -220764.1116398477, ""4"": -283114.60042863194, ""5"": -284401.6227415504, ""6"": -308466.1411738579, ""7"": -460505.3394722465, ""8"": -466329.2943321326}","[20832, 15701, 12485, 10984, 4532, 458, 414, 130]","[20832, 15701, 12485, 10984]","[4, 5, 6, 7]","[4532, 458, 414, 130]",bic,-466329.2943321326,ok
detexture_ade20k_multi,feature_cluster_coarse_global_pooled_oracle_k,training,282,training_ADE_train_00013042,detexture_multi_partition_v1,multi_partition_invariant,0.552630953851082,0.37082226570436505,0.48235038375632266,3,8,3,1.0,0.857330322265625,56186,65536,9350,3,3,True,hungarian_iou_assignment,"[0.5246402093327519, 0.6900555018076276, 0.44319715041286634]","[{""pred_label"": 0, ""gt_label"": 0, ""iou"": 0.5246402093327519}, {""pred_label"": 1, ""gt_label"": 2, ""iou"": 0.6900555018076276}, {""pred_label"": 2, ""gt_label"": 1, ""iou"": 0.44319715041286634}]",fpn_2,fpn_2,72x72,1,3,3,24x24,pooled_avg_pool_multi_way,False,False,False,,,,"[31676, 21117, 12743]",jpeg_color_clustering_bic,-1,5,9350,0.142669677734375,8,3,8419,"{""1"": -157578.35652541544, ""2"": -197055.97354419317, ""3"": -226188.68311712996, ""4"": -235048.44914981475, ""5"": -245300.578097592, ""6"": -339492.19415151177, ""7"": -341613.12800731626, ""8"": -434828.4741009475}","[23737, 18529, 13920, 4093, 2925, 1187, 775, 370]","[23737, 18529, 13920]","[3, 4, 5, 6, 7]","[4093, 2925, 1187, 775, 370]",bic,-434828.4741009475,ok
detexture_ade20k_multi,feature_cluster_coarse_global_pooled_oracle_k,training,283,training_ADE_train_00013067,detexture_multi_partition_v1,multi_partition_invariant,0.8687868482464252,0.7768329405716301,0.7695633758229148,3,8,3,1.0,0.72267626738653,252717,349696,96979,3,3,True,hungarian_iou_assignment,"[0.7985884679302439, 0.8222424196994116, 0.9855296571096199]","[{""pred_label"": 0, ""gt_label"": 1, ""iou"": 0.7985884679302439}, {""pred_label"": 1, ""gt_label"": 0, ""iou"": 0.8222424196994116}, {""pred_label"": 2, ""gt_label"": 2, ""iou"": 0.9855296571096199}]",fpn_2,fpn_2,72x72,1,3,3,24x24,pooled_avg_pool_multi_way,False,False,False,,,,"[135033, 118279, 96384]",jpeg_color_clustering_bic,-1,5,96979,0.27732373261347,8,3,19253,"{""1"": -641446.1037854614, ""2"": -819748.4789406742, ""3"": -978786.1524234313, ""4"": -1108888.1397427116, ""5"": -1318242.4753527115, ""6"": -1418091.500334666, ""7"": -1469577.8538701183, ""8"": -1906171.0363769035}","[102533, 80715, 69469, 41846, 29333, 14369, 11002, 429]","[102533, 80715, 69469]","[3, 4, 5, 6, 7]","[41846, 29333, 14369, 11002, 429]",bic,-1906171.0363769035,ok
detexture_ade20k_multi,feature_cluster_coarse_global_pooled_oracle_k,training,284,training_ADE_train_00013076,detexture_multi_partition_v1,multi_partition_invariant,0.9087212044855957,0.9037949411167576,0.8785293455245367,4,8,4,1.0,0.85546875,53217,62208,8991,4,4,True,hungarian_iou_assignment,"[0.9741584020114541, 0.8417026701607763, 0.8295345719210879, 0.9894891738490645]","[{""pred_label"": 0, ""gt_label"": 0, ""iou"": 0.9741584020114541}, {""pred_label"": 1, ""gt_label"": 1, ""iou"": 0.8417026701607763}, {""pred_label"": 2, ""gt_label"": 2, ""iou"": 0.8295345719210879}, {""pred_label"": 3, ""gt_label"": 3, ""iou"": 0.9894891738490645}]",fpn_2,fpn_2,72x72,1,3,3,24x24,pooled_avg_pool_multi_way,False,False,False,,,,"[21276, 21168, 9936, 9828]",jpeg_color_clustering_bic,-1,4,8991,0.14453125,8,4,8257,"{""1"": -120715.57366579259, ""2"": -128421.71830173237, ""3"": -180255.78033303627, ""4"": -205643.42396366308, ""5"": -243197.53794143937, ""6"": -357991.8438894491, ""7"": -382769.5756104093, ""8"": -396669.68949876743}","[21468, 12218, 10108, 9423, 4922, 2018, 1161, 890]","[21468, 12218, 10108, 9423]","[4, 5, 6, 7]","[4922, 2018, 1161, 890]",bic,-396669.68949876743,ok
detexture_ade20k_multi,feature_cluster_coarse_global_pooled_oracle_k,training,285,training_ADE_train_00013137,detexture_multi_partition_v1,multi_partition_invariant,0.4067240618360515,0.2250767171547706,0.33443558135767476,3,8,3,1.0,0.8888702392578125,58253,65536,7283,3,3,True,hungarian_iou_assignment,"[0.5017575733638769, 0.22254429656242344, 0.49587031558185407]","[{""pred_label"": 0, ""gt_label"": 2, ""iou"": 0.5017575733638769}, {""pred_label"": 1, ""gt_label"": 1, ""iou"": 0.22254429656242344}, {""pred_label"": 2, ""gt_label"": 0, ""iou"": 0.49587031558185407}]",fpn_2,fpn_2,72x72,1,3,3,24x24,pooled_avg_pool_multi_way,False,False,False,,,,"[26859, 21426, 17251]",jpeg_color_clustering_bic,-1,5,7283,0.1111297607421875,8,3,6817,"{""1"": -175275.47223134746, ""2"": -202739.4901832803, ""3"": -250634.0885633993, ""4"": -207560.3757897142, ""5"": -269487.76448566135, ""6"": -346485.32267595065, ""7"": -350719.3655557443, ""8"": -461188.40982499137}","[32172, 13236, 12845, 3977, 1644, 1106, 330, 226]","[32172, 13236, 12845]","[3, 4, 5, 6, 7]","[3977, 1644, 1106, 330, 226]",bic,-461188.40982499137,ok
detexture_ade20k_multi,feature_cluster_coarse_global_pooled_oracle_k,training,286,training_ADE_train_00013149,detexture_multi_partition_v1,multi_partition_invariant,0.9628908666084308,0.9330953518174171,0.8792704725727057,2,8,2,1.0,0.8866137763001548,147740,166634,18894,2,2,True,hungarian_iou_assignment,"[0.9751922326990571, 0.9505895005178046]","[{""pred_label"": 0, ""gt_label"": 0, ""iou"": 0.9751922326990571}, {""pred_label"": 1, ""gt_label"": 1, ""iou"": 0.9505895005178046}]",fpn_2,fpn_2,72x72,1,3,3,24x24,pooled_avg_pool_multi_way,False,False,False,,,,"[99417, 67217]",jpeg_color_clustering_bic,-1,6,18894,0.11338622369984518,8,2,5356,"{""1"": -393657.44260842097, ""2"": -408589.68003670976, ""3"": -584524.149331046, ""4"": -1165375.3013468364, ""5"": -1203547.49348764, ""6"": -1257471.5973093703, ""7"": -1339621.4473065257, ""8"": -1352026.400034039}","[99853, 47887, 14747, 1303, 1263, 728, 632, 221]","[99853, 47887]","[2, 3, 4, 5, 6, 7]","[14747, 1303, 1263, 728, 632, 221]",bic,-1352026.400034039,ok
detexture_ade20k_multi,feature_cluster_coarse_global_pooled_oracle_k,training,287,training_ADE_train_00013165,detexture_multi_partition_v1,multi_partition_invariant,0.4597596280562369,0.3972081635362526,0.39191445640343014,3,8,3,1.0,0.8338490745135263,87846,105350,17504,3,3,True,hungarian_iou_assignment,"[0.5251952855990398, 0.7280081379577601, 0.12607546061191086]","[{""pred_label"": 0, ""gt_label"": 0, ""iou"": 0.5251952855990398}, {""pred_label"": 1, ""gt_label"": 1, ""iou"": 0.7280081379577601}, {""pred_label"": 2, ""gt_label"": 2, ""iou"": 0.12607546061191086}]",fpn_2,fpn_2,72x72,1,3,3,24x24,pooled_avg_pool_multi_way,False,False,False,,,,"[43700, 41611, 20039]",jpeg_color_clustering_bic,-1,5,17504,0.16615092548647367,8,3,7425,"{""1"": -248461.11977661977, ""2"": -263616.53203376004, ""3"": -334495.6928235887, ""4"": -404083.67961405026, ""5"": -404949.48684788606, ""6"": -435813.2669651816, ""7"": -585193.4953317334, ""8"": -586910.4780991296}","[34080, 30574, 23192, 11400, 4068, 1448, 360, 228]","[34080, 30574, 23192]","[3, 4, 5, 6, 7]","[11400, 4068, 1448, 360, 228]",bic,-586910.4780991296,ok
detexture_ade20k_multi,feature_cluster_coarse_global_pooled_oracle_k,training,288,training_ADE_train_00013206,detexture_multi_partition_v1,multi_partition_invariant,0.4696347684887391,0.4573508068473816,0.6093159912719674,4,8,4,1.0,0.9250112460638776,82252,88920,6668,4,4,True,hungarian_iou_assignment,"[0.5994596420128335, 0.4820836865223087, 0.0, 0.7969957454198142]","[{""pred_label"": 0, ""gt_label"": 1, ""iou"": 0.5994596420128335}, {""pred_label"": 1, ""gt_label"": 0, ""iou"": 0.4820836865223087}, {""pred_label"": 2, ""gt_label"": 2, ""iou"": 0.0}, {""pred_label"": 3, ""gt_label"": 3, ""iou"": 0.7969957454198142}]",fpn_2,fpn_2,72x72,1,3,3,24x24,pooled_avg_pool_multi_way,False,False,False,,,,"[40605, 20760, 18135, 9420]",jpeg_color_clustering_bic,-1,4,6668,0.07498875393612235,8,4,7823,"{""1"": -175526.07592766028, ""2"": -212079.3490605955, ""3"": -229796.68984441826, ""4"": -284414.23810959526, ""5"": -297581.9464148676, ""6"": -549678.4648589042, ""7"": -576084.6871669751, ""8"": -583381.2254868182}","[37464, 21513, 11824, 11451, 3672, 1458, 1090, 448]","[37464, 21513, 11824, 11451]","[4, 5, 6, 7]","[3672, 1458, 1090, 448]",bic,-583381.2254868182,ok
detexture_ade20k_multi,feature_cluster_coarse_global_pooled_oracle_k,training,289,training_ADE_train_00013235,detexture_multi_partition_v1,multi_partition_invariant,0.33979180780103524,-0.02866611187367329,0.07191778829998796,2,8,2,1.0,0.6417,77004,120000,42996,2,2,True,hungarian_iou_assignment,"[0.26648156899810965, 0.4131020466039609]","[{""pred_label"": 0, ""gt_label"": 1, ""iou"": 0.26648156899810965}, {""pred_label"": 1, ""gt_label"": 0, ""iou"": 0.4131020466039609}]",fpn_2,fpn_2,72x72,1,3,3,24x24,pooled_avg_pool_multi_way,False,False,False,,,,"[67700, 52300]",jpeg_color_clustering_bic,-1,6,42996,0.3583,8,2,20113,"{""1"": -250848.01140497948, ""2"": -269897.30007147614, ""3"": -351769.51157372963, ""4"": -403638.5782041822, ""5"": -440785.5301293178, ""6"": -451057.82368641323, ""7"": -464122.12132503727, ""8"": -484243.170535104}","[61939, 15065, 11543, 10414, 9711, 6029, 3931, 1368]","[61939, 15065]","[2, 3, 4, 5, 6, 7]","[11543, 10414, 9711, 6029, 3931, 1368]",bic,-484243.170535104,ok
detexture_ade20k_multi,feature_cluster_coarse_global_pooled_oracle_k,training,290,training_ADE_train_00013246,detexture_multi_partition_v1,multi_partition_invariant,0.4804205013598768,0.37919370259956653,0.5316253290298989,4,8,4,1.0,0.976226806640625,63978,65536,1558,4,4,True,hungarian_iou_assignment,"[0.057408975444538525, 0.49441476444876153, 0.937708903068976, 0.43214936247723135]","[{""pred_label"": 0, ""gt_label"": 3, ""iou"": 0.057408975444538525}, {""pred_label"": 1, ""gt_label"": 0, ""iou"": 0.49441476444876153}, {""pred_label"": 2, ""gt_label"": 2, ""iou"": 0.937708903068976}, {""pred_label"": 3, ""gt_label"": 1, ""iou"": 0.43214936247723135}]",fpn_2,fpn_2,72x72,1,3,3,24x24,pooled_avg_pool_multi_way,False,False,False,,,,"[23522, 22139, 10002, 9873]",jpeg_color_clustering_bic,-1,4,1558,0.023773193359375,8,4,5402,"{""1"": -157266.89700102533, ""2"": -164861.03039539309, ""3"": -205552.84928933898, ""4"": -272146.4747921926, ""5"": -272866.84242748586, ""6"": -481944.57070517907, ""7"": -490298.24061823904, ""8"": -494013.3009603475}","[24726, 21647, 9376, 8229, 551, 534, 284, 189]","[24726, 21647, 9376, 8229]","[4, 5, 6, 7]","[551, 534, 284, 189]",bic,-494013.3009603475,ok
detexture_ade20k_multi,feature_cluster_coarse_global_pooled_oracle_k,training,291,training_ADE_train_00013286,detexture_multi_partition_v1,multi_partition_invariant,0.47107666331285214,0.4184971133493274,0.4427892910756358,4,8,4,1.0,0.874,104880,120000,15120,4,4,True,hungarian_iou_assignment,"[0.5095524382097528, 0.7392350961656555, 0.16307376113267869, 0.4724453577433215]","[{""pred_label"": 0, ""gt_label"": 2, ""iou"": 0.5095524382097528}, {""pred_label"": 1, ""gt_label"": 0, ""iou"": 0.7392350961656555}, {""pred_label"": 2, ""gt_label"": 1, ""iou"": 0.16307376113267869}, {""pred_label"": 3, ""gt_label"": 3, ""iou"": 0.4724453577433215}]",fpn_2,fpn_2,72x72,1,3,3,24x24,pooled_avg_pool_multi_way,False,False,False,,,,"[34458, 32151, 30762, 22629]",jpeg_color_clustering_bic,-1,4,15120,0.126,8,4,15623,"{""1"": -227601.3022602151, ""2"": -261754.82590220706, ""3"": -315658.13795804715, ""4"": -417281.8381643503, ""5"": -368216.94196253875, ""6"": -477765.91180435626, ""7"": -552149.3402032359, ""8"": -600316.8653375147}","[38908, 26075, 22811, 17086, 5560, 3796, 3237, 2527]","[38908, 26075, 22811, 17086]","[4, 5, 6, 7]","[5560, 3796, 3237, 2527]",bic,-600316.8653375147,ok
detexture_ade20k_multi,feature_cluster_coarse_global_pooled_oracle_k,training,292,training_ADE_train_00013297,detexture_multi_partition_v1,multi_partition_invariant,0.8327562725733932,0.7023730438685836,0.5745809077908942,2,8,2,1.0,0.7975921630859375,52271,65536,13265,2,2,True,hungarian_iou_assignment,"[0.8913049187216051, 0.7742076264251814]","[{""pred_label"": 0, ""gt_label"": 0, ""iou"": 0.8913049187216051}, {""pred_label"": 1, ""gt_label"": 1, ""iou"": 0.7742076264251814}]",fpn_2,fpn_2,72x72,1,3,3,24x24,pooled_avg_pool_multi_way,False,False,False,,,,"[36878, 28658]",jpeg_color_clustering_bic,-1,6,13265,0.2024078369140625,8,2,6069,"{""1"": -143470.93538323246, ""2"": -180971.7162236083, ""3"": -242132.75241901836, ""4"": -384727.1112147809, ""5"": -274926.1519963941, ""6"": -456166.6105735648, ""7"": -474416.23456973245, ""8"": -482016.7404992647}","[36883, 15388, 7248, 3050, 1217, 932, 424, 394]","[36883, 15388]","[2, 3, 4, 5, 6, 7]","[7248, 3050, 1217, 932, 424, 394]",bic,-482016.7404992647,ok
detexture_ade20k_multi,feature_cluster_coarse_global_pooled_oracle_k,training,293,training_ADE_train_00013310,detexture_multi_partition_v1,multi_partition_invariant,0.33336508964807654,-0.10669132270028638,0.07403425509515851,2,8,2,1.0,0.8008270263671875,52483,65536,13053,2,2,True,hungarian_iou_assignment,"[0.6667301792961531, 0.0]","[{""pred_label"": 0, ""gt_label"": 0, ""iou"": 0.6667301792961531}, {""pred_label"": 1, ""gt_label"": 1, ""iou"": 0.0}]",fpn_2,fpn_2,72x72,1,3,3,24x24,pooled_avg_pool_multi_way,False,False,False,,,,"[47840, 17696]",jpeg_color_clustering_bic,-1,6,13053,0.1991729736328125,8,2,10090,"{""1"": -136804.53705155823, ""2"": -152930.08553762917, ""3"": -240719.41360123013, ""4"": -314723.94190131046, ""5"": -323783.5143689386, ""6"": -371728.5761197956, ""7"": -390187.0428747804, ""8"": -402712.49206133984}","[42985, 9498, 4476, 3218, 2236, 2018, 780, 325]","[42985, 9498]","[2, 3, 4, 5, 6, 7]","[4476, 3218, 2236, 2018, 780, 325]",bic,-402712.49206133984,ok
detexture_ade20k_multi,feature_cluster_coarse_global_pooled_oracle_k,training,294,training_ADE_train_00013339,detexture_multi_partition_v1,multi_partition_invariant,0.8143972619536218,0.7418937392192292,0.7036079925248068,3,8,3,1.0,0.90615,54369,60000,5631,3,3,True,hungarian_iou_assignment,"[0.8597721636701798, 0.6905322386174427, 0.892887383573243]","[{""pred_label"": 0, ""gt_label"": 0, ""iou"": 0.8597721636701798}, {""pred_label"": 1, ""gt_label"": 2, ""iou"": 0.6905322386174427}, {""pred_label"": 2, ""gt_label"": 1, ""iou"": 0.892887383573243}]",fpn_2,fpn_2,72x72,1,3,3,24x24,pooled_avg_pool_multi_way,False,False,False,,,,"[24679, 20121, 15200]",jpeg_color_clustering_bic,-1,5,5631,0.09385,8,3,6846,"{""1"": -89407.49508429877, ""2"": -130482.06304329316, ""3"": -162485.33883641183, ""4"": -291651.1070454407, ""5"": -303822.9594617497, ""6"": -306414.21937939257, ""7"": -308089.38110393053, ""8"": -308262.94490983133}","[23666, 16534, 14169, 4710, 412, 329, 141, 39]","[23666, 16534, 14169]","[3, 4, 5, 6, 7]","[4710, 412, 329, 141, 39]",bic,-308262.94490983133,ok
detexture_ade20k_multi,feature_cluster_coarse_global_pooled_oracle_k,training,295,training_ADE_train_00013360,detexture_multi_partition_v1,multi_partition_invariant,0.61494709777704,0.3946553521638476,0.5283196889129779,3,8,3,1.0,0.946727109053498,29447,31104,1657,3,3,True,hungarian_iou_assignment,"[0.49461024498886413, 0.5559770046820364, 0.7942540436602195]","[{""pred_label"": 0, ""gt_label"": 2, ""iou"": 0.49461024498886413}, {""pred_label"": 1, ""gt_label"": 0, ""iou"": 0.5559770046820364}, {""pred_label"": 2, ""gt_label"": 1, ""iou"": 0.7942540436602195}]",fpn_2,fpn_2,72x72,1,3,3,24x24,pooled_avg_pool_multi_way,False,False,False,,,,"[12150, 9612, 9342]",jpeg_color_clustering_bic,-1,5,1657,0.05327289094650206,8,3,3557,"{""1"": -60999.67094063731, ""2"": -64109.260575307686, ""3"": -113789.76964314193, ""4"": -185062.76630801568, ""5"": -194724.13524861078, ""6"": -209317.26550268708, ""7"": -214162.02841964856, ""8"": -216048.65624503294}","[16759, 7136, 5552, 648, 443, 301, 192, 73]","[16759, 7136, 5552]","[3, 4, 5, 6, 7]","[648, 443, 301, 192, 73]",bic,-216048.65624503294,ok
detexture_ade20k_multi,feature_cluster_coarse_global_pooled_oracle_k,training,296,training_ADE_train_00013375,detexture_multi_partition_v1,multi_partition_invariant,0.8045226109772783,0.7877445970321459,0.7680833931123614,5,8,5,1.0,0.8864177780869081,254885,287545,32660,5,5,True,hungarian_iou_assignment,"[0.9327259044240176, 0.8448055783116463, 0.7486600757587665, 0.5993426590244098, 0.8970788373675512]","[{""pred_label"": 0, ""gt_label"": 0, ""iou"": 0.9327259044240176}, {""pred_label"": 1, ""gt_label"": 2, ""iou"": 0.8448055783116463}, {""pred_label"": 2, ""gt_label"": 1, ""iou"": 0.7486600757587665}, {""pred_label"": 3, ""gt_label"": 3, ""iou"": 0.5993426590244098}, {""pred_label"": 4, ""gt_label"": 4, ""iou"": 0.8970788373675512}]",fpn_2,fpn_2,72x72,1,3,3,24x24,pooled_avg_pool_multi_way,False,False,False,,,,"[76014, 71346, 58421, 42505, 39259]",jpeg_color_clustering_bic,-1,3,32660,0.11358222191309186,8,5,12234,"{""1"": -440634.81827910285, ""2"": -647581.8848842179, ""3"": -833397.3582329229, ""4"": -1141869.2138275886, ""5"": -1166592.838752729, ""6"": -1284808.5711580382, ""7"": -1946971.3113108412, ""8"": -2039997.3579262423}","[71268, 54938, 48530, 41303, 38846, 29627, 1982, 1051]","[71268, 54938, 48530, 41303, 38846]","[5, 6, 7]","[29627, 1982, 1051]",bic,-2039997.3579262423,ok
detexture_ade20k_multi,feature_cluster_coarse_global_pooled_oracle_k,training,297,training_ADE_train_00013380,detexture_multi_partition_v1,multi_partition_invariant,0.6244031759553051,0.49802169582914757,0.6004356108348272,3,8,3,1.0,0.9460199004975124,38030,40200,2170,3,3,True,hungarian_iou_assignment,"[0.45926365795724466, 0.9308377618005627, 0.4831081081081081]","[{""pred_label"": 0, ""gt_label"": 2, ""iou"": 0.45926365795724466}, {""pred_label"": 1, ""gt_label"": 1, ""iou"": 0.9308377618005627}, {""pred_label"": 2, ""gt_label"": 0, ""iou"": 0.4831081081081081}]",fpn_2,fpn_2,72x72,1,3,3,24x24,pooled_avg_pool_multi_way,False,False,False,,,,"[17922, 12930, 9348]",jpeg_color_clustering_bic,-1,5,2170,0.05398009950248756,8,3,3667,"{""1"": -79720.21048346434, ""2"": -82935.08391916647, ""3"": -102119.32926022983, ""4"": -253864.60511931602, ""5"": -263917.99857286597, ""6"": -280718.4919097113, ""7"": -294713.69126195065, ""8"": -297935.5924095241}","[17741, 12547, 7742, 872, 500, 442, 203, 153]","[17741, 12547, 7742]","[3, 4, 5, 6, 7]","[872, 500, 442, 203, 153]",bic,-297935.5924095241,ok
detexture_ade20k_multi,feature_cluster_coarse_global_pooled_oracle_k,training,298,training_ADE_train_00013386,detexture_multi_partition_v1,multi_partition_invariant,0.5144502216345581,0.5271988124756533,0.5776569886599512,4,8,4,1.0,0.9294612103581817,104161,112066,7905,4,4,True,hungarian_iou_assignment,"[0.9106664705016919, 0.4972939217318901, 0.4335347432024169, 0.21630575110223368]","[{""pred_label"": 0, ""gt_label"": 0, ""iou"": 0.9106664705016919}, {""pred_label"": 1, ""gt_label"": 3, ""iou"": 0.4972939217318901}, {""pred_label"": 2, ""gt_label"": 1, ""iou"": 0.4335347432024169}, {""pred_label"": 3, ""gt_label"": 2, ""iou"": 0.21630575110223368}]",fpn_2,fpn_2,72x72,1,3,3,24x24,pooled_avg_pool_multi_way,False,False,False,,,,"[31984, 30476, 25381, 24225]",jpeg_color_clustering_bic,-1,4,7905,0.07053878964181821,8,4,7363,"{""1"": -237226.69225508702, ""2"": -254698.34510597007, ""3"": -316010.28504946316, ""4"": -469882.5016498698, ""5"": -471914.830299528, ""6"": -492654.19667684514, ""7"": -767917.2898562927, ""8"": -786494.3570784248}","[33477, 29047, 27303, 14334, 4660, 1874, 909, 462]","[33477, 29047, 27303, 14334]","[4, 5, 6, 7]","[4660, 1874, 909, 462]",bic,-786494.3570784248,ok
detexture_ade20k_multi,feature_cluster_coarse_global_pooled_oracle_k,training,299,training_ADE_train_00013392,detexture_multi_partition_v1,multi_partition_invariant,0.37347040436170387,0.04752529142138238,0.1309978222045714,2,8,2,1.0,0.7898712158203125,51765,65536,13771,2,2,True,hungarian_iou_assignment,"[0.580440517566266, 0.16650029115714166]","[{""pred_label"": 0, ""gt_label"": 0, ""iou"": 0.580440517566266}, {""pred_label"": 1, ""gt_label"": 1, ""iou"": 0.16650029115714166}]",fpn_2,fpn_2,72x72,1,3,3,24x24,pooled_avg_pool_multi_way,False,False,False,,,,"[49977, 15559]",jpeg_color_clustering_bic,-1,6,13771,0.2101287841796875,8,2,3253,"{""1"": -121112.73115187944, ""2"": -130823.60496438439, ""3"": -275541.9836219729, ""4"": -314526.6568525629, ""5"": -317937.64121406, ""6"": -463248.8463711315, ""7"": -476008.7559087057, ""8"": -497508.1488006083}","[27723, 24042, 6711, 3835, 1419, 887, 519, 400]","[27723, 24042]","[2, 3, 4, 5, 6, 7]","[6711, 3835, 1419, 887, 519, 400]",bic,-497508.1488006083,ok
detexture_ade20k_multi,feature_cluster_coarse_global_pooled_oracle_k,training,300,training_ADE_train_00013415,detexture_multi_partition_v1,multi_partition_invariant,0.8851017227123338,0.8334678400242903,0.7915031082044519,3,8,3,1.0,0.9552005259697567,145286,152100,6814,3,3,True,hungarian_iou_assignment,"[0.9001109725856612, 0.9222004192124158, 0.8329937763389244]","[{""pred_label"": 0, ""gt_label"": 0, ""iou"": 0.9001109725856612}, {""pred_label"": 1, ""gt_label"": 1, ""iou"": 0.9222004192124158}, {""pred_label"": 2, ""gt_label"": 2, ""iou"": 0.8329937763389244}]",fpn_2,fpn_2,72x72,1,3,3,24x24,pooled_avg_pool_multi_way,False,False,False,,,,"[66650, 47438, 38012]",jpeg_color_clustering_bic,-1,5,6814,0.04479947403024326,8,3,5447,"{""1"": -277251.51467733475, ""2"": -317638.94002061157, ""3"": -406504.293338308, ""4"": -1107568.5017470396, ""5"": -1166962.227990064, ""6"": -1183426.9961621342, ""7"": -1225526.0542158796, ""8"": -1251169.2276408167}","[72700, 42734, 29852, 4299, 1453, 589, 362, 111]","[72700, 42734, 29852]","[3, 4, 5, 6, 7]","[4299, 1453, 589, 362, 111]",bic,-1251169.2276408167,ok
detexture_ade20k_multi,feature_cluster_coarse_global_pooled_oracle_k,training,301,training_ADE_train_00013428,detexture_multi_partition_v1,multi_partition_invariant,0.9168366178768633,0.9157111240832602,0.858958785054697,3,8,3,1.0,0.8474046028550513,296334,349696,53362,3,3,True,hungarian_iou_assignment,"[0.9818957802712192, 0.8876705241967228, 0.8809435491626482]","[{""pred_label"": 0, ""gt_label"": 0, ""iou"": 0.9818957802712192}, {""pred_label"": 1, ""gt_label"": 1, ""iou"": 0.8876705241967228}, {""pred_label"": 2, ""gt_label"": 2, ""iou"": 0.8809435491626482}]",fpn_2,fpn_2,72x72,1,3,3,24x24,pooled_avg_pool_multi_way,False,False,False,,,,"[160659, 121411, 67626]",jpeg_color_clustering_bic,-1,5,53362,0.15259539714494877,8,3,15725,"{""1"": -776097.7544117637, ""2"": -803816.8652676699, ""3"": -1038734.7269110181, ""4"": -1114254.3047624025, ""5"": -1400204.053222316, ""6"": -1595336.7555681516, ""7"": -1630647.9046898305, ""8"": -1765720.0287996395}","[143717, 81420, 71197, 32222, 14151, 3175, 3121, 693]","[143717, 81420, 71197]","[3, 4, 5, 6, 7]","[32222, 14151, 3175, 3121, 693]",bic,-1765720.0287996395,ok
detexture_ade20k_multi,feature_cluster_coarse_global_pooled_oracle_k,training,302,training_ADE_train_00013476,detexture_multi_partition_v1,multi_partition_invariant,0.9210054852083451,0.9037984189512885,0.860077391473639,3,8,3,1.0,0.8392936197916666,257831,307200,49369,3,3,True,hungarian_iou_assignment,"[0.9763254993910973, 0.9072472730762259, 0.8794436831577124]","[{""pred_label"": 0, ""gt_label"": 0, ""iou"": 0.9763254993910973}, {""pred_label"": 1, ""gt_label"": 1, ""iou"": 0.9072472730762259}, {""pred_label"": 2, ""gt_label"": 2, ""iou"": 0.8794436831577124}]",fpn_2,fpn_2,72x72,1,3,3,24x24,pooled_avg_pool_multi_way,False,False,False,,,,"[132260, 100400, 74540]",jpeg_color_clustering_bic,-1,5,49369,0.16070638020833333,8,3,11887,"{""1"": -695414.7360107122, ""2"": -733751.3079488762, ""3"": -918036.6396231232, ""4"": -1369723.8464605515, ""5"": -1598839.7315418234, ""6"": -1303720.8637852771, ""7"": -2097926.417931058, ""8"": -2191705.106267689}","[109720, 85697, 62414, 31583, 10708, 4263, 2115, 700]","[109720, 85697, 62414]","[3, 4, 5, 6, 7]","[31583, 10708, 4263, 2115, 700]",bic,-2191705.106267689,ok
detexture_ade20k_multi,feature_cluster_coarse_global_pooled_oracle_k,training,303,training_ADE_train_00013503,detexture_multi_partition_v1,multi_partition_invariant,0.9615721063492894,0.945007988929237,0.9150663114661746,3,8,3,1.0,0.9618080210387903,146291,152100,5809,3,3,True,hungarian_iou_assignment,"[0.9804295850686411, 0.9652153567180767, 0.9390713772611506]","[{""pred_label"": 0, ""gt_label"": 0, ""iou"": 0.9804295850686411}, {""pred_label"": 1, ""gt_label"": 1, ""iou"": 0.9652153567180767}, {""pred_label"": 2, ""gt_label"": 2, ""iou"": 0.9390713772611506}]",fpn_2,fpn_2,72x72,1,3,3,24x24,pooled_avg_pool_multi_way,False,False,False,,,,"[51886, 50400, 49814]",jpeg_color_clustering_bic,-1,5,5809,0.03819197896120973,8,3,5336,"{""1"": -265270.1260066432, ""2"": -272889.58144162607, ""3"": -555148.1739655172, ""4"": -940849.2582462362, ""5"": -1049213.12747005, ""6"": -1084323.3080529, ""7"": -1153957.085739922, ""8"": -1167837.0286881262}","[51702, 51083, 43506, 2551, 1588, 853, 564, 253]","[51702, 51083, 43506]","[3, 4, 5, 6, 7]","[2551, 1588, 853, 564, 253]",bic,-1167837.0286881262,ok
detexture_ade20k_multi,feature_cluster_coarse_global_pooled_oracle_k,training,304,training_ADE_train_00013529,detexture_multi_partition_v1,multi_partition_invariant,0.9611935496741002,0.9224671730416435,0.8792389402389392,2,8,2,1.0,0.8511934156378601,41368,48600,7232,2,2,True,hungarian_iou_assignment,"[0.9601927101075478, 0.9621943892406526]","[{""pred_label"": 0, ""gt_label"": 1, ""iou"": 0.9601927101075478}, {""pred_label"": 1, ""gt_label"": 0, ""iou"": 0.9621943892406526}]",fpn_2,fpn_2,72x72,1,3,3,24x24,pooled_avg_pool_multi_way,False,False,False,,,,"[26200, 22400]",jpeg_color_clustering_bic,-1,6,7232,0.14880658436213992,8,2,2001,"{""1"": -87475.54986703997, ""2"": -90443.58742730146, ""3"": -208047.9901956959, ""4"": -327717.6719244735, ""5"": -344721.2580303191, ""6"": -363115.1061285054, ""7"": -377351.4451339486, ""8"": -387419.836364284}","[20819, 20549, 5165, 619, 512, 475, 353, 108]","[20819, 20549]","[2, 3, 4, 5, 6, 7]","[5165, 619, 512, 475, 353, 108]",bic,-387419.836364284,ok
detexture_ade20k_multi,feature_cluster_coarse_global_pooled_oracle_k,training,305,training_ADE_train_00013543,detexture_multi_partition_v1,multi_partition_invariant,0.2637804633441206,0.2051742777691811,0.2664858355688733,4,8,4,1.0,0.9579817708333334,294292,307200,12908,4,4,True,hungarian_iou_assignment,"[0.27175439164051635, 0.4446062253284152, 0.11668603959399226, 0.22207519681355842]","[{""pred_label"": 0, ""gt_label"": 1, ""iou"": 0.27175439164051635}, {""pred_label"": 1, ""gt_label"": 0, ""iou"": 0.4446062253284152}, {""pred_label"": 2, ""gt_label"": 2, ""iou"": 0.11668603959399226}, {""pred_label"": 3, ""gt_label"": 3, ""iou"": 0.22207519681355842}]",fpn_2,fpn_2,72x72,1,3,3,24x24,pooled_avg_pool_multi_way,False,False,False,,,,"[116700, 83240, 56580, 50680]",jpeg_color_clustering_bic,-1,4,12908,0.042018229166666664,8,4,13178,"{""1"": -411763.05441810266, ""2"": -699170.7860544663, ""3"": -1201165.3476217634, ""4"": -1533915.4565686819, ""5"": -1585815.3283174867, ""6"": -1617635.383112755, ""7"": -1435559.703510188, ""8"": -1815737.4737975742}","[96306, 80198, 67009, 50779, 7283, 2648, 1793, 1184]","[96306, 80198, 67009, 50779]","[4, 5, 6, 7]","[7283, 2648, 1793, 1184]",bic,-1815737.4737975742,ok
detexture_ade20k_multi,feature_cluster_coarse_global_pooled_oracle_k,training,306,training_ADE_train_00013554,detexture_multi_partition_v1,multi_partition_invariant,0.5549487311251992,0.48471850202076056,0.5414901563562556,4,8,4,1.0,0.8797,52782,60000,7218,4,4,True,hungarian_iou_assignment,"[0.7422872805738613, 0.3390402926966556, 0.8415629379276235, 0.2969044133026563]","[{""pred_label"": 0, ""gt_label"": 1, ""iou"": 0.7422872805738613}, {""pred_label"": 1, ""gt_label"": 2, ""iou"": 0.3390402926966556}, {""pred_label"": 2, ""gt_label"": 3, ""iou"": 0.8415629379276235}, {""pred_label"": 3, ""gt_label"": 0, ""iou"": 0.2969044133026563}]",fpn_2,fpn_2,72x72,1,3,3,24x24,pooled_avg_pool_multi_way,False,False,False,,,,"[19133, 18026, 12600, 10241]",jpeg_color_clustering_bic,-1,4,7218,0.1203,8,4,10376,"{""1"": -116797.00648064786, ""2"": -144062.8322583217, ""3"": -159947.11565549747, ""4"": -162524.43994321115, ""5"": -253806.10535630424, ""6"": -306693.2466603639, ""7"": -323806.98072421405, ""8"": -354932.08632978937}","[16735, 14367, 11139, 10541, 3350, 1706, 1234, 928]","[16735, 14367, 11139, 10541]","[4, 5, 6, 7]","[3350, 1706, 1234, 928]",bic,-354932.08632978937,ok
detexture_ade20k_multi,feature_cluster_coarse_global_pooled_oracle_k,training,307,training_ADE_train_00013618,detexture_multi_partition_v1,multi_partition_invariant,0.9580024357949238,0.9163447523653232,0.8546158017694236,2,8,2,1.0,0.7699562327174172,84090,109214,25124,2,2,True,hungarian_iou_assignment,"[0.9554768216842991, 0.9605280499055485]","[{""pred_label"": 0, ""gt_label"": 1, ""iou"": 0.9554768216842991}, {""pred_label"": 1, ""gt_label"": 0, ""iou"": 0.9605280499055485}]",fpn_2,fpn_2,72x72,1,3,3,24x24,pooled_avg_pool_multi_way,False,False,False,,,,"[54602, 54612]",jpeg_color_clustering_bic,-1,6,25124,0.23004376728258283,8,2,11382,"{""1"": -214679.74568787895, ""2"": -266223.31672274886, ""3"": -384742.6923495069, ""4"": -435773.6563748934, ""5"": -513760.7074528281, ""6"": -526069.1671735107, ""7"": -577490.4969123047, ""8"": -586505.287203639}","[44174, 39916, 9846, 5675, 5447, 3149, 562, 445]","[44174, 39916]","[2, 3, 4, 5, 6, 7]","[9846, 5675, 5447, 3149, 562, 445]",bic,-586505.287203639,ok
detexture_ade20k_multi,feature_cluster_coarse_global_pooled_oracle_k,training,308,training_ADE_train_00013662,detexture_multi_partition_v1,multi_partition_invariant,0.9177227854435509,0.9256799790658498,0.863291761959466,3,8,3,1.0,0.901763916015625,59098,65536,6438,3,3,True,hungarian_iou_assignment,"[0.9831460674157303, 0.8947655695649801, 0.875256719349942]","[{""pred_label"": 0, ""gt_label"": 0, ""iou"": 0.9831460674157303}, {""pred_label"": 1, ""gt_label"": 1, ""iou"": 0.8947655695649801}, {""pred_label"": 2, ""gt_label"": 2, ""iou"": 0.875256719349942}]",fpn_2,fpn_2,72x72,1,3,3,24x24,pooled_avg_pool_multi_way,False,False,False,,,,"[32365, 22305, 10866]",jpeg_color_clustering_bic,-1,5,6438,0.098236083984375,8,3,8426,"{""1"": -134259.85004624227, ""2"": -155421.88606840698, ""3"": -217428.16380277328, ""4"": -223338.35412436092, ""5"": -338155.69748376874, ""6"": -376562.4920998899, ""7"": -392230.6298909696, ""8"": -400888.2124495612}","[31287, 16878, 10933, 2343, 2121, 1416, 329, 229]","[31287, 16878, 10933]","[3, 4, 5, 6, 7]","[2343, 2121, 1416, 329, 229]",bic,-400888.2124495612,ok
detexture_ade20k_multi,feature_cluster_coarse_global_pooled_oracle_k,training,309,training_ADE_train_00013663,detexture_multi_partition_v1,multi_partition_invariant,0.9685305905695096,0.9713157654720452,0.9437398295120288,3,8,3,1.0,0.9361419677734375,61351,65536,4185,3,3,True,hungarian_iou_assignment,"[1.0, 0.9608853850818678, 0.944706386626661]","[{""pred_label"": 0, ""gt_label"": 0, ""iou"": 1.0}, {""pred_label"": 1, ""gt_label"": 1, ""iou"": 0.9608853850818678}, {""pred_label"": 2, ""gt_label"": 2, ""iou"": 0.944706386626661}]",fpn_2,fpn_2,72x72,1,3,3,24x24,pooled_avg_pool_multi_way,False,False,False,,,,"[30528, 20725, 14283]",jpeg_color_clustering_bic,-1,5,4185,0.0638580322265625,8,3,4500,"{""1"": -114882.90734919882, ""2"": -118076.98383286998, ""3"": -210082.55912385555, ""4"": -365741.82806183066, ""5"": -371020.1826956334, ""6"": -430479.2442672384, ""7"": -467720.12290983484, ""8"": -473918.3712330789}","[28339, 19481, 13531, 1949, 1090, 611, 421, 114]","[28339, 19481, 13531]","[3, 4, 5, 6, 7]","[1949, 1090, 611, 421, 114]",bic,-473918.3712330789,ok
detexture_ade20k_multi,feature_cluster_coarse_global_pooled_oracle_k,training,310,training_ADE_train_00013679,detexture_multi_partition_v1,multi_partition_invariant,0.6910669408141888,0.4529476994751819,0.5707365418816228,3,8,3,1.0,0.9435374149659864,55480,58800,3320,3,3,True,hungarian_iou_assignment,"[0.6546050688249542, 0.5138427947598253, 0.904752958857787]","[{""pred_label"": 0, ""gt_label"": 0, ""iou"": 0.6546050688249542}, {""pred_label"": 1, ""gt_label"": 1, ""iou"": 0.5138427947598253}, {""pred_label"": 2, ""gt_label"": 2, ""iou"": 0.904752958857787}]",fpn_2,fpn_2,72x72,1,3,3,24x24,pooled_avg_pool_multi_way,False,False,False,,,,"[23506, 22787, 12507]",jpeg_color_clustering_bic,-1,5,3320,0.05646258503401361,8,3,5029,"{""1"": -139396.67509352244, ""2"": -210825.1788305741, ""3"": -226768.5303769357, ""4"": -308602.7490707679, ""5"": -371058.4986542233, ""6"": -383107.2642175043, ""7"": -383738.6209370966, ""8"": -388737.0777355666}","[33627, 12221, 9632, 2342, 458, 307, 191, 22]","[33627, 12221, 9632]","[3, 4, 5, 6, 7]","[2342, 458, 307, 191, 22]",bic,-388737.0777355666,ok
detexture_ade20k_multi,feature_cluster_coarse_global_pooled_oracle_k,training,311,training_ADE_train_00013699,detexture_multi_partition_v1,multi_partition_invariant,0.8279175468973852,0.7846740774662564,0.761450029569747,4,8,4,1.0,0.8625222222222222,232881,270000,37119,4,4,True,hungarian_iou_assignment,"[0.9039121482498285, 0.8050540540540541, 0.8796796455653063, 0.7230243397203522]","[{""pred_label"": 0, ""gt_label"": 1, ""iou"": 0.9039121482498285}, {""pred_label"": 1, ""gt_label"": 0, ""iou"": 0.8050540540540541}, {""pred_label"": 2, ""gt_label"": 2, ""iou"": 0.8796796455653063}, {""pred_label"": 3, ""gt_label"": 3, ""iou"": 0.7230243397203522}]",fpn_2,fpn_2,72x72,1,3,3,24x24,pooled_avg_pool_multi_way,False,False,False,,,,"[92525, 59775, 58725, 58975]",jpeg_color_clustering_bic,-1,4,37119,0.13747777777777778,8,4,14728,"{""1"": -534471.4392494014, ""2"": -556171.4135041606, ""3"": -725531.2447686627, ""4"": -1030080.729628937, ""5"": -1097773.196986637, ""6"": -1512706.3795230754, ""7"": -1797711.7069394446, ""8"": -1833206.4555560262}","[73951, 68114, 53135, 37681, 19323, 12843, 3359, 1594]","[73951, 68114, 53135, 37681]","[4, 5, 6, 7]","[19323, 12843, 3359, 1594]",bic,-1833206.4555560262,ok
detexture_ade20k_multi,feature_cluster_coarse_global_pooled_oracle_k,training,312,training_ADE_train_00013700,detexture_multi_partition_v1,multi_partition_invariant,0.6294948300932786,0.3071573994397511,0.28657427402058905,2,8,2,1.0,0.605194091796875,39662,65536,25874,2,2,True,hungarian_iou_assignment,"[0.5824082384619018, 0.6765814217246552]","[{""pred_label"": 0, ""gt_label"": 1, ""iou"": 0.5824082384619018}, {""pred_label"": 1, ""gt_label"": 0, ""iou"": 0.6765814217246552}]",fpn_2,fpn_2,72x72,1,3,3,24x24,pooled_avg_pool_multi_way,False,False,False,,,,"[40615, 24921]",jpeg_color_clustering_bic,-1,6,25874,0.394805908203125,8,2,15870,"{""1"": -131536.96889969482, ""2"": -178835.3156291033, ""3"": -204360.1308017938, ""4"": -219441.57181745084, ""5"": -242502.10981869645, ""6"": -252611.62155031518, ""7"": -278938.9484684569, ""8"": -288137.24222901143}","[26084, 13578, 7210, 7084, 4181, 3428, 2077, 1894]","[26084, 13578]","[2, 3, 4, 5, 6, 7]","[7210, 7084, 4181, 3428, 2077, 1894]",bic,-288137.24222901143,ok
detexture_ade20k_multi,feature_cluster_coarse_global_pooled_oracle_k,training,313,training_ADE_train_00013731,detexture_multi_partition_v1,multi_partition_invariant,0.92832941390808,0.889053704974006,0.8563717911663454,3,8,3,1.0,0.7906036376953125,51813,65536,13723,3,3,True,hungarian_iou_assignment,"[0.9428967749393133, 0.9291854593115146, 0.9129060074734119]","[{""pred_label"": 0, ""gt_label"": 1, ""iou"": 0.9428967749393133}, {""pred_label"": 1, ""gt_label"": 0, ""iou"": 0.9291854593115146}, {""pred_label"": 2, ""gt_label"": 2, ""iou"": 0.9129060074734119}]",fpn_2,fpn_2,72x72,1,3,3,24x24,pooled_avg_pool_multi_way,False,False,False,,,,"[26485, 26503, 12548]",jpeg_color_clustering_bic,-1,5,13723,0.2093963623046875,8,3,8577,"{""1"": -128182.93396324273, ""2"": -143104.38047121468, ""3"": -221407.67923789556, ""4"": -254073.32537081485, ""5"": -272115.9484511946, ""6"": -381972.2733707228, ""7"": -389880.5277884454, ""8"": -436751.8212226699}","[25906, 16326, 9581, 6237, 3147, 2246, 1553, 540]","[25906, 16326, 9581]","[3, 4, 5, 6, 7]","[6237, 3147, 2246, 1553, 540]",bic,-436751.8212226699,ok
detexture_ade20k_multi,feature_cluster_coarse_global_pooled_oracle_k,training,314,training_ADE_train_00013750,detexture_multi_partition_v1,multi_partition_invariant,0.9223312981805171,0.936048806642251,0.8913453036811876,3,8,3,1.0,0.9140777587890625,59905,65536,5631,3,3,True,hungarian_iou_assignment,"[0.9986215707369553, 0.8897795591182365, 0.8785927646863592]","[{""pred_label"": 0, ""gt_label"": 0, ""iou"": 0.9986215707369553}, {""pred_label"": 1, ""gt_label"": 1, ""iou"": 0.8897795591182365}, {""pred_label"": 2, ""gt_label"": 2, ""iou"": 0.8785927646863592}]",fpn_2,fpn_2,72x72,1,3,3,24x24,pooled_avg_pool_multi_way,False,False,False,,,,"[30087, 18400, 17049]",jpeg_color_clustering_bic,-1,5,5631,0.0859222412109375,8,3,3355,"{""1"": -126937.0923018615, ""2"": -139002.2165209243, ""3"": -271529.81708749704, ""4"": -328294.6205670135, ""5"": -447688.2403626271, ""6"": -475017.51023487386, ""7"": -489604.2236518956, ""8"": -498589.6726937869}","[29744, 15401, 14760, 3083, 1706, 377, 265, 200]","[29744, 15401, 14760]","[3, 4, 5, 6, 7]","[3083, 1706, 377, 265, 200]",bic,-498589.6726937869,ok
detexture_ade20k_multi,feature_cluster_coarse_global_pooled_oracle_k,training,315,training_ADE_train_00013758,detexture_multi_partition_v1,multi_partition_invariant,0.49230714663244984,0.22355629131580348,0.37351616468720494,3,8,3,1.0,0.899935944363104,314704,349696,34992,3,3,True,hungarian_iou_assignment,"[0.419872782584647, 0.6071248130132847, 0.449923844299418]","[{""pred_label"": 0, ""gt_label"": 2, ""iou"": 0.419872782584647}, {""pred_label"": 1, ""gt_label"": 1, ""iou"": 0.6071248130132847}, {""pred_label"": 2, ""gt_label"": 0, ""iou"": 0.449923844299418}]",fpn_2,fpn_2,72x72,1,3,3,24x24,pooled_avg_pool_multi_way,False,False,False,,,,"[146882, 107826, 94988]",jpeg_color_clustering_bic,-1,5,34992,0.10006405563689605,8,3,10681,"{""1"": -736559.4315039851, ""2"": -785730.2069518535, ""3"": -1297629.3801658936, ""4"": -1378631.3656184487, ""5"": -1381519.8470072492, ""6"": -2490243.1915796143, ""7"": -2550697.2959988797, ""8"": -2558131.8166149794}","[195499, 62094, 57111, 24326, 5858, 3674, 943, 191]","[195499, 62094, 57111]","[3, 4, 5, 6, 7]","[24326, 5858, 3674, 943, 191]",bic,-2558131.8166149794,ok
detexture_ade20k_multi,feature_cluster_coarse_global_pooled_oracle_k,training,316,training_ADE_train_00013768,detexture_multi_partition_v1,multi_partition_invariant,0.4793933410720016,0.2676257057758142,0.3648898681466166,4,8,4,1.0,0.8439788818359375,55311,65536,10225,4,4,True,hungarian_iou_assignment,"[0.41743679163034003, 0.2275342547007533, 0.677924144637963, 0.59467817331895]","[{""pred_label"": 0, ""gt_label"": 0, ""iou"": 0.41743679163034003}, {""pred_label"": 1, ""gt_label"": 2, ""iou"": 0.2275342547007533}, {""pred_label"": 2, ""gt_label"": 3, ""iou"": 0.677924144637963}, {""pred_label"": 3, ""gt_label"": 1, ""iou"": 0.59467817331895}]",fpn_2,fpn_2,72x72,1,3,3,24x24,pooled_avg_pool_multi_way,False,False,False,,,,"[24380, 17646, 13049, 10461]",jpeg_color_clustering_bic,-1,4,10225,0.1560211181640625,8,4,13077,"{""1"": -117729.00611299879, ""2"": -165300.3248185402, ""3"": -185889.21709633566, ""4"": -226998.85878555127, ""5"": -251852.06080864283, ""6"": -254081.58632946218, ""7"": -282419.86075217807, ""8"": -335857.17348273}","[25388, 12190, 9182, 8551, 4282, 3108, 2572, 263]","[25388, 12190, 9182, 8551]","[4, 5, 6, 7]","[4282, 3108, 2572, 263]",bic,-335857.17348273,ok
detexture_ade20k_multi,feature_cluster_coarse_global_pooled_oracle_k,training,317,training_ADE_train_00013771,detexture_multi_partition_v1,multi_partition_invariant,0.9063054438816803,0.8789968313128936,0.854715336170292,4,8,4,1.0,0.9783755032942899,342134,349696,7562,4,4,True,hungarian_iou_assignment,"[0.8990095280491042, 0.9743185351721978, 0.8973524358074587, 0.8545412764979606]","[{""pred_label"": 0, ""gt_label"": 0, ""iou"": 0.8990095280491042}, {""pred_label"": 1, ""gt_label"": 1, ""iou"": 0.9743185351721978}, {""pred_label"": 2, ""gt_label"": 2, ""iou"": 0.8973524358074587}, {""pred_label"": 3, ""gt_label"": 3, ""iou"": 0.8545412764979606}]",fpn_2,fpn_2,72x72,1,3,3,24x24,pooled_avg_pool_multi_way,False,False,False,,,,"[106216, 89650, 84781, 69049]",jpeg_color_clustering_bic,-1,4,7562,0.0216244967057101,8,4,8438,"{""1"": -724450.3069125047, ""2"": -755243.4018779793, ""3"": -1001873.0648670665, ""4"": -1466586.5769754979, ""5"": -1469877.9393621264, ""6"": -2740259.8252353095, ""7"": -2871640.1966018043, ""8"": -2902132.9783818955}","[116383, 88102, 74464, 63185, 4228, 2287, 716, 331]","[116383, 88102, 74464, 63185]","[4, 5, 6, 7]","[4228, 2287, 716, 331]",bic,-2902132.9783818955,ok
detexture_ade20k_multi,feature_cluster_coarse_global_pooled_oracle_k,training,318,training_ADE_train_00013938,detexture_multi_partition_v1,multi_partition_invariant,0.6895806331578416,0.4074449091278102,0.4573222180341559,2,8,2,1.0,0.8818774020863837,308389,349696,41307,2,2,True,hungarian_iou_assignment,"[0.6535172756649267, 0.7256439906507566]","[{""pred_label"": 0, ""gt_label"": 1, ""iou"": 0.6535172756649267}, {""pred_label"": 1, ""gt_label"": 0, ""iou"": 0.7256439906507566}]",fpn_2,fpn_2,72x72,1,3,3,24x24,pooled_avg_pool_multi_way,False,False,False,,,,"[194421, 155275]",jpeg_color_clustering_bic,-1,6,41307,0.1181225979136164,8,2,18675,"{""1"": -686358.4711718301, ""2"": -741573.1434564849, ""3"": -1429918.3962945603, ""4"": -1999587.6476950878, ""5"": -2036834.5273985378, ""6"": -2051904.3577934443, ""7"": -2067161.9431036438, ""8"": -2078313.810617042}","[203225, 105164, 29555, 5207, 4689, 927, 733, 196]","[203225, 105164]","[2, 3, 4, 5, 6, 7]","[29555, 5207, 4689, 927, 733, 196]",bic,-2078313.810617042,ok
detexture_ade20k_multi,feature_cluster_coarse_global_pooled_oracle_k,training,319,training_ADE_train_00013943,detexture_multi_partition_v1,multi_partition_invariant,0.8877915517921892,0.8494333733146764,0.8109059096969474,3,8,3,1.0,0.8599755215959004,300730,349696,48966,3,3,True,hungarian_iou_assignment,"[0.9682730957537352, 0.8401163063358814, 0.8549852532869505]","[{""pred_label"": 0, ""gt_label"": 0, ""iou"": 0.9682730957537352}, {""pred_label"": 1, ""gt_label"": 1, ""iou"": 0.8401163063358814}, {""pred_label"": 2, ""gt_label"": 2, ""iou"": 0.8549852532869505}]",fpn_2,fpn_2,72x72,1,3,3,24x24,pooled_avg_pool_multi_way,False,False,False,,,,"[130214, 123231, 96251]",jpeg_color_clustering_bic,-1,5,48966,0.14002447840409957,8,3,29235,"{""1"": -743994.3656216812, ""2"": -952493.0033584601, ""3"": -1043271.7447220482, ""4"": -1455323.2267972461, ""5"": -1619375.2500591385, ""6"": -1810953.539368405, ""7"": -1995110.7555916063, ""8"": -2041385.4894242664}","[117415, 92033, 91282, 20621, 9507, 7975, 7852, 3011]","[117415, 92033, 91282]","[3, 4, 5, 6, 7]","[20621, 9507, 7975, 7852, 3011]",bic,-2041385.4894242664,ok
detexture_ade20k_multi,feature_cluster_coarse_global_pooled_oracle_k,training,320,training_ADE_train_00013980,detexture_multi_partition_v1,multi_partition_invariant,0.6083005751622609,0.6569710641090242,0.6366073698162049,4,8,4,1.0,0.9825323345115681,391378,398336,6958,4,4,True,hungarian_iou_assignment,"[0.8604176070928389, 0.4889936528716527, 0.9119079297498669, 0.17188311093468503]","[{""pred_label"": 0, ""gt_label"": 0, ""iou"": 0.8604176070928389}, {""pred_label"": 1, ""gt_label"": 1, ""iou"": 0.4889936528716527}, {""pred_label"": 2, ""gt_label"": 2, ""iou"": 0.9119079297498669}, {""pred_label"": 3, ""gt_label"": 3, ""iou"": 0.17188311093468503}]",fpn_2,fpn_2,72x72,1,3,3,24x24,pooled_avg_pool_multi_way,False,False,False,,,,"[149690, 117310, 72284, 59052]",jpeg_color_clustering_bic,-1,4,6958,0.017467665488431875,8,4,5715,"{""1"": -754348.4820636916, ""2"": -776448.217314161, ""3"": -1498254.7110955934, ""4"": -1746153.8251651018, ""5"": -1749709.542262218, ""6"": -3113496.7614876446, ""7"": -3134385.6035657898, ""8"": -3216950.4137836425}","[172794, 88442, 72417, 57725, 3534, 1801, 1139, 484]","[172794, 88442, 72417, 57725]","[4, 5, 6, 7]","[3534, 1801, 1139, 484]",bic,-3216950.4137836425,ok
detexture_ade20k_multi,feature_cluster_coarse_global_pooled_oracle_k,training,321,training_ADE_train_00013994,detexture_multi_partition_v1,multi_partition_invariant,0.4607606853204034,0.5364694849641227,0.6590705398108521,3,8,3,1.0,0.956634521484375,62694,65536,2842,3,3,True,hungarian_iou_assignment,"[0.6869659080687236, 0.669362396306966, 0.02595375158552054]","[{""pred_label"": 0, ""gt_label"": 1, ""iou"": 0.6869659080687236}, {""pred_label"": 1, ""gt_label"": 0, ""iou"": 0.669362396306966}, {""pred_label"": 2, ""gt_label"": 2, ""iou"": 0.02595375158552054}]",fpn_2,fpn_2,72x72,1,3,3,24x24,pooled_avg_pool_multi_way,False,False,False,,,,"[35584, 19745, 10207]",jpeg_color_clustering_bic,-1,5,2842,0.043365478515625,8,3,3613,"{""1"": -107956.26936387115, ""2"": -214695.54945549945, ""3"": -257844.75105347947, ""4"": -429010.7048799839, ""5"": -443475.40232211666, ""6"": -457946.71987634926, ""7"": -459619.8376545744, ""8"": -461321.7364851548}","[28811, 22911, 10972, 1533, 617, 584, 66, 42]","[28811, 22911, 10972]","[3, 4, 5, 6, 7]","[1533, 617, 584, 66, 42]",bic,-461321.7364851548,ok
detexture_ade20k_multi,feature_cluster_coarse_global_pooled_oracle_k,training,322,training_ADE_train_00013995,detexture_multi_partition_v1,multi_partition_invariant,0.40437938523022743,0.2905811112461466,0.436648802337415,4,8,4,1.0,0.9290008544921875,60883,65536,4653,4,4,True,hungarian_iou_assignment,"[0.4863621317444555, 0.41409949714397304, 0.11595760450637414, 0.6010983075261073]","[{""pred_label"": 0, ""gt_label"": 1, ""iou"": 0.4863621317444555}, {""pred_label"": 1, ""gt_label"": 3, ""iou"": 0.41409949714397304}, {""pred_label"": 2, ""gt_label"": 0, ""iou"": 0.11595760450637414}, {""pred_label"": 3, ""gt_label"": 2, ""iou"": 0.6010983075261073}]",fpn_2,fpn_2,72x72,1,3,3,24x24,pooled_avg_pool_multi_way,False,False,False,,,,"[26137, 22753, 9799, 6847]",jpeg_color_clustering_bic,-1,4,4653,0.0709991455078125,8,4,3746,"{""1"": -120678.73157160656, ""2"": -132540.46831560854, ""3"": -236142.10542531058, ""4"": -283547.57258652186, ""5"": -284909.97393874207, ""6"": -292573.264340522, ""7"": -461023.5818572644, ""8"": -474157.97436942905}","[21384, 19909, 10992, 8598, 2154, 1303, 691, 505]","[21384, 19909, 10992, 8598]","[4, 5, 6, 7]","[2154, 1303, 691, 505]",bic,-474157.97436942905,ok
detexture_ade20k_multi,feature_cluster_coarse_global_pooled_oracle_k,training,323,training_ADE_train_00013996,detexture_multi_partition_v1,multi_partition_invariant,0.7337130575054913,0.716714013203814,0.7121026389754422,3,8,3,1.0,0.9753706666666667,182882,187500,4618,3,3,True,hungarian_iou_assignment,"[0.9640121387141773, 0.5802560036248301, 0.6568710301774664]","[{""pred_label"": 0, ""gt_label"": 0, ""iou"": 0.9640121387141773}, {""pred_label"": 1, ""gt_label"": 2, ""iou"": 0.5802560036248301}, {""pred_label"": 2, ""gt_label"": 1, ""iou"": 0.6568710301774664}]",fpn_2,fpn_2,72x72,1,3,3,24x24,pooled_avg_pool_multi_way,False,False,False,,,,"[84140, 54078, 49282]",jpeg_color_clustering_bic,-1,5,4618,0.024629333333333333,8,3,3831,"{""1"": -328847.3639266334, ""2"": -339199.6551944154, ""3"": -749757.6689294275, ""4"": -1345425.811994435, ""5"": -1409042.571516618, ""6"": -1495174.4556134928, ""7"": -1553582.0701987445, ""8"": -1585097.643766962}","[78781, 72631, 31470, 1745, 1185, 715, 571, 402]","[78781, 72631, 31470]","[3, 4, 5, 6, 7]","[1745, 1185, 715, 571, 402]",bic,-1585097.643766962,ok
detexture_ade20k_multi,feature_cluster_coarse_global_pooled_oracle_k,training,324,training_ADE_train_00014162,detexture_multi_partition_v1,multi_partition_invariant,0.8899310087518271,0.823049174385638,0.7908347580431035,3,8,3,1.0,0.9662743506493506,380944,394240,13296,3,3,True,hungarian_iou_assignment,"[0.8527958203897205, 0.8943344338589162, 0.9226627720068444]","[{""pred_label"": 0, ""gt_label"": 0, ""iou"": 0.8527958203897205}, {""pred_label"": 1, ""gt_label"": 1, ""iou"": 0.8943344338589162}, {""pred_label"": 2, ""gt_label"": 2, ""iou"": 0.9226627720068444}]",fpn_2,fpn_2,72x72,1,3,3,24x24,pooled_avg_pool_multi_way,False,False,False,,,,"[160812, 120704, 112724]",jpeg_color_clustering_bic,-1,5,13296,0.03372564935064935,8,3,12144,"{""1"": -688467.4531537088, ""2"": -718028.4990830229, ""3"": -1173485.0638860266, ""4"": -2660106.7776314346, ""5"": -2801720.678557929, ""6"": -2997354.325935844, ""7"": -3069524.5410118396, ""8"": -3114066.5872729416}","[136428, 131285, 113231, 5909, 3184, 1758, 1381, 1064]","[136428, 131285, 113231]","[3, 4, 5, 6, 7]","[5909, 3184, 1758, 1381, 1064]",bic,-3114066.5872729416,ok
detexture_ade20k_multi,feature_cluster_coarse_global_pooled_oracle_k,training,325,training_ADE_train_00014163,detexture_multi_partition_v1,multi_partition_invariant,0.7514186386217764,0.651688152449004,0.6541936173365742,3,8,3,1.0,0.9608781175771971,258899,269440,10541,3,3,True,hungarian_iou_assignment,"[0.723237863887474, 0.8998375354748488, 0.6311805165030064]","[{""pred_label"": 0, ""gt_label"": 0, ""iou"": 0.723237863887474}, {""pred_label"": 1, ""gt_label"": 1, ""iou"": 0.8998375354748488}, {""pred_label"": 2, ""gt_label"": 2, ""iou"": 0.6311805165030064}]",fpn_2,fpn_2,72x72,1,3,3,24x24,pooled_avg_pool_multi_way,False,False,False,,,,"[132079, 92179, 45182]",jpeg_color_clustering_bic,-1,5,10541,0.03912188242280285,8,3,17026,"{""1"": -450716.45392268087, ""2"": -469500.77414220525, ""3"": -892911.7591930261, ""4"": -908677.8602166167, ""5"": -1637825.249264334, ""6"": -1673513.3849482026, ""7"": -1742100.6776595062, ""8"": -1755150.1404021443}","[96145, 93846, 68908, 4346, 3445, 1688, 857, 205]","[96145, 93846, 68908]","[3, 4, 5, 6, 7]","[4346, 3445, 1688, 857, 205]",bic,-1755150.1404021443,ok
detexture_ade20k_multi,feature_cluster_coarse_global_pooled_oracle_k,training,326,training_ADE_train_00014165,detexture_multi_partition_v1,multi_partition_invariant,0.8753981396026772,0.8055847022002419,0.7551515211381238,3,8,3,1.0,0.951021645021645,219686,231000,11314,3,3,True,hungarian_iou_assignment,"[0.878709381529106, 0.9121025364787148, 0.8353825008002109]","[{""pred_label"": 0, ""gt_label"": 0, ""iou"": 0.878709381529106}, {""pred_label"": 1, ""gt_label"": 1, ""iou"": 0.9121025364787148}, {""pred_label"": 2, ""gt_label"": 2, ""iou"": 0.8353825008002109}]",fpn_2,fpn_2,72x72,1,3,3,24x24,pooled_avg_pool_multi_way,False,False,False,,,,"[117200, 62400, 51400]",jpeg_color_clustering_bic,-1,5,11314,0.048978354978354975,8,3,11566,"{""1"": -471126.82551917253, ""2"": -553535.3205487907, ""3"": -737793.2394900057, ""4"": -1285692.8913555106, ""5"": -1316832.3252921267, ""6"": -1594875.8890271846, ""7"": -1618608.6947189996, ""8"": -1751307.9908168623}","[109225, 62327, 48134, 3582, 2636, 2513, 1526, 1057]","[109225, 62327, 48134]","[3, 4, 5, 6, 7]","[3582, 2636, 2513, 1526, 1057]",bic,-1751307.9908168623,ok
detexture_ade20k_multi,feature_cluster_coarse_global_pooled_oracle_k,training,327,training_ADE_train_00014166,detexture_multi_partition_v1,multi_partition_invariant,0.9125277298041723,0.8260305118235081,0.7337396707888844,2,8,2,1.0,0.8672527903976667,185547,213948,28401,2,2,True,hungarian_iou_assignment,"[0.917720102375461, 0.9073353572328836]","[{""pred_label"": 0, ""gt_label"": 0, ""iou"": 0.917720102375461}, {""pred_label"": 1, ""gt_label"": 1, ""iou"": 0.9073353572328836}]",fpn_2,fpn_2,72x72,1,3,3,24x24,pooled_avg_pool_multi_way,False,False,False,,,,"[124335, 89613]",jpeg_color_clustering_bic,-1,6,28401,0.13274720960233327,8,2,11354,"{""1"": -442080.8166908189, ""2"": -470206.9977295101, ""3"": -566817.0494042304, ""4"": -1275590.58830898, ""5"": -1374614.6390223096, ""6"": -1438806.80414441, ""7"": -1468903.43143554, ""8"": -1520710.9777547752}","[99491, 86056, 18585, 3666, 3277, 1463, 1102, 308]","[99491, 86056]","[2, 3, 4, 5, 6, 7]","[18585, 3666, 3277, 1463, 1102, 308]",bic,-1520710.9777547752,ok
detexture_ade20k_multi,feature_cluster_coarse_global_pooled_oracle_k,training,328,training_ADE_train_00014167,detexture_multi_partition_v1,multi_partition_invariant,0.6861079343296063,0.7457579221242908,0.6939660302045411,3,8,3,1.0,0.8329728520286396,357392,429056,71664,3,3,True,hungarian_iou_assignment,"[0.932844573118566, 0.7509702928399992, 0.3745089370302533]","[{""pred_label"": 0, ""gt_label"": 0, ""iou"": 0.932844573118566}, {""pred_label"": 1, ""gt_label"": 1, ""iou"": 0.7509702928399992}, {""pred_label"": 2, ""gt_label"": 2, ""iou"": 0.3745089370302533}]",fpn_2,fpn_2,72x72,1,3,3,24x24,pooled_avg_pool_multi_way,False,False,False,,,,"[168799, 156800, 103457]",jpeg_color_clustering_bic,-1,5,71664,0.1670271479713604,8,3,20654,"{""1"": -849142.5246983153, ""2"": -959732.5036217156, ""3"": -1383652.1561051814, ""4"": -1440507.4024738313, ""5"": -2048381.5230067666, ""6"": -2208202.142601689, ""7"": -2228499.7321694815, ""8"": -2948209.1469157506}","[176501, 116818, 64073, 39380, 15774, 10967, 3744, 1799]","[176501, 116818, 64073]","[3, 4, 5, 6, 7]","[39380, 15774, 10967, 3744, 1799]",bic,-2948209.1469157506,ok
detexture_ade20k_multi,feature_cluster_coarse_global_pooled_oracle_k,training,329,training_ADE_train_00014168,detexture_multi_partition_v1,multi_partition_invariant,1.0,1.0,1.0,1,8,1,1.0,0.8904048087481699,311371,349696,38325,1,1,True,hungarian_iou_assignment,[1.0],"[{""pred_label"": 0, ""gt_label"": 0, ""iou"": 1.0}]",fpn_2,fpn_2,72x72,1,3,3,24x24,pooled_avg_pool_multi_way,False,False,False,,,,[349696],jpeg_color_clustering_bic,-1,7,38325,0.10959519125183016,8,1,8485,"{""1"": -1004223.5511402539, ""2"": -1062609.3268829475, ""3"": -2145512.218006627, ""4"": -2223155.2283399194, ""5"": -2243956.4566778163, ""6"": -2304985.266980212, ""7"": -2312590.511827852, ""8"": -2322001.91681105}","[311371, 29089, 3452, 2976, 1232, 794, 670, 112]",[311371],"[1, 2, 3, 4, 5, 6, 7]","[29089, 3452, 2976, 1232, 794, 670, 112]",bic,-2322001.91681105,ok
detexture_ade20k_multi,feature_cluster_coarse_global_pooled_oracle_k,training,330,training_ADE_train_00014171,detexture_multi_partition_v1,multi_partition_invariant,0.764814781517714,0.7193507497871746,0.6637365101162649,3,8,3,1.0,0.9477922077922077,76629,80850,4221,3,3,True,hungarian_iou_assignment,"[0.9215138868902, 0.7276296318666384, 0.6453008257963035]","[{""pred_label"": 0, ""gt_label"": 0, ""iou"": 0.9215138868902}, {""pred_label"": 1, ""gt_label"": 1, ""iou"": 0.7276296318666384}, {""pred_label"": 2, ""gt_label"": 2, ""iou"": 0.6453008257963035}]",fpn_2,fpn_2,72x72,1,3,3,24x24,pooled_avg_pool_multi_way,False,False,False,,,,"[32669, 30027, 18154]",jpeg_color_clustering_bic,-1,5,4221,0.05220779220779221,8,3,7904,"{""1"": -208701.1299736696, ""2"": -220066.4131917053, ""3"": -329130.750776881, ""4"": -333035.69797809864, ""5"": -522316.85639806796, ""6"": -550067.5288869373, ""7"": -590685.7042400639, ""8"": -595680.4426945092}","[34539, 28835, 13255, 1766, 1383, 610, 373, 89]","[34539, 28835, 13255]","[3, 4, 5, 6, 7]","[1766, 1383, 610, 373, 89]",bic,-595680.4426945092,ok
detexture_ade20k_multi,feature_cluster_coarse_global_pooled_oracle_k,training,331,training_ADE_train_00014183,detexture_multi_partition_v1,multi_partition_invariant,0.33974296424043415,-0.03800294678851004,0.08129123717430399,2,8,2,1.0,0.80235,48141,60000,11859,2,2,True,hungarian_iou_assignment,"[0.2878608864249144, 0.39162504205595383]","[{""pred_label"": 0, ""gt_label"": 1, ""iou"": 0.2878608864249144}, {""pred_label"": 1, ""gt_label"": 0, ""iou"": 0.39162504205595383}]",fpn_2,fpn_2,72x72,1,3,3,24x24,pooled_avg_pool_multi_way,False,False,False,,,,"[35609, 24391]",jpeg_color_clustering_bic,-1,6,11859,0.19765,8,2,3961,"{""1"": -120534.17900412231, ""2"": -151165.00097351545, ""3"": -232617.10480026386, ""4"": -234496.18474566305, ""5"": -235345.89587380784, ""6"": -432933.1806471215, ""7"": -434739.8756787133, ""8"": -441682.94185633626}","[37820, 10321, 6925, 2715, 1059, 707, 254, 199]","[37820, 10321]","[2, 3, 4, 5, 6, 7]","[6925, 2715, 1059, 707, 254, 199]",bic,-441682.94185633626,ok
detexture_ade20k_multi,feature_cluster_coarse_global_pooled_oracle_k,training,332,training_ADE_train_00014186,detexture_multi_partition_v1,multi_partition_invariant,0.7992696765015999,0.8060242132877738,0.7675816972515025,3,8,3,1.0,0.9032165995947141,63292,70074,6782,3,3,True,hungarian_iou_assignment,"[0.9788930093924375, 0.778059866508333, 0.6408561536040289]","[{""pred_label"": 0, ""gt_label"": 0, ""iou"": 0.9788930093924375}, {""pred_label"": 1, ""gt_label"": 1, ""iou"": 0.778059866508333}, {""pred_label"": 2, ""gt_label"": 2, ""iou"": 0.6408561536040289}]",fpn_2,fpn_2,72x72,1,3,3,24x24,pooled_avg_pool_multi_way,False,False,False,,,,"[29136, 21632, 19306]",jpeg_color_clustering_bic,-1,5,6782,0.09678340040528584,8,3,7846,"{""1"": -121286.02449724138, ""2"": -125603.87917753619, ""3"": -187665.8613742946, ""4"": -286048.6376241847, ""5"": -353147.3122156354, ""6"": -368738.03164576093, ""7"": -397167.5375983426, ""8"": -412009.1324131294}","[28519, 24260, 10513, 2913, 1318, 1022, 837, 692]","[28519, 24260, 10513]","[3, 4, 5, 6, 7]","[2913, 1318, 1022, 837, 692]",bic,-412009.1324131294,ok
detexture_ade20k_multi,feature_cluster_coarse_global_pooled_oracle_k,training,333,training_ADE_train_00014240,detexture_multi_partition_v1,multi_partition_invariant,0.9162903943725226,0.8945034161967428,0.843021138486165,3,8,3,1.0,0.8703304925014508,181470,208507,27037,3,3,True,hungarian_iou_assignment,"[0.9371420337884082, 0.9673609262709608, 0.8443682230581987]","[{""pred_label"": 0, ""gt_label"": 0, ""iou"": 0.9371420337884082}, {""pred_label"": 1, ""gt_label"": 1, ""iou"": 0.9673609262709608}, {""pred_label"": 2, ""gt_label"": 2, ""iou"": 0.8443682230581987}]",fpn_2,fpn_2,72x72,1,3,3,24x24,pooled_avg_pool_multi_way,False,False,False,,,,"[101955, 60372, 46180]",jpeg_color_clustering_bic,-1,5,27037,0.12966950749854922,8,3,8533,"{""1"": -452777.9525398075, ""2"": -477174.74237582413, ""3"": -611911.4669765169, ""4"": -933293.2997797984, ""5"": -935241.9115172009, ""6"": -957320.2883843818, ""7"": -1528174.2707999386, ""8"": -1535285.139425393}","[81690, 59650, 40130, 18782, 4799, 2668, 541, 247]","[81690, 59650, 40130]","[3, 4, 5, 6, 7]","[18782, 4799, 2668, 541, 247]",bic,-1535285.139425393,ok
detexture_ade20k_multi,feature_cluster_coarse_global_pooled_oracle_k,training,334,training_ADE_train_00014243,detexture_multi_partition_v1,multi_partition_invariant,0.5903141738061634,0.3107526436302138,0.49675263055278174,3,8,3,1.0,0.8879877665820158,130076,146484,16408,3,3,True,hungarian_iou_assignment,"[0.5240058349717764, 0.2684486716956379, 0.9784880147510756]","[{""pred_label"": 0, ""gt_label"": 0, ""iou"": 0.5240058349717764}, {""pred_label"": 1, ""gt_label"": 2, ""iou"": 0.2684486716956379}, {""pred_label"": 2, ""gt_label"": 1, ""iou"": 0.9784880147510756}]",fpn_2,fpn_2,72x72,1,3,3,24x24,pooled_avg_pool_multi_way,False,False,False,,,,"[64675, 60307, 21502]",jpeg_color_clustering_bic,-1,5,16408,0.11201223341798422,8,3,7963,"{""1"": -316983.63542298815, ""2"": -337661.7673180481, ""3"": -475010.7054633926, ""4"": -679255.6074621665, ""5"": -682560.0707618974, ""6"": -685878.8852332241, ""7"": -1048126.6925245154, ""8"": -1054589.3633790086}","[91918, 19524, 18634, 12531, 2384, 699, 624, 170]","[91918, 19524, 18634]","[3, 4, 5, 6, 7]","[12531, 2384, 699, 624, 170]",bic,-1054589.3633790086,ok
detexture_ade20k_multi,feature_cluster_coarse_global_pooled_oracle_k,training,335,training_ADE_train_00014245,detexture_multi_partition_v1,multi_partition_invariant,0.66804395556803,0.4163144466980223,0.560393105438861,3,8,3,1.0,0.8111650707838916,177053,218270,41217,3,3,True,hungarian_iou_assignment,"[0.5564448527300913, 0.8853350222996331, 0.5623519916743658]","[{""pred_label"": 0, ""gt_label"": 1, ""iou"": 0.5564448527300913}, {""pred_label"": 1, ""gt_label"": 2, ""iou"": 0.8853350222996331}, {""pred_label"": 2, ""gt_label"": 0, ""iou"": 0.5623519916743658}]",fpn_2,fpn_2,72x72,1,3,3,24x24,pooled_avg_pool_multi_way,False,False,False,,,,"[103434, 60062, 54774]",jpeg_color_clustering_bic,-1,5,41217,0.18883492921610848,8,3,11267,"{""1"": -509481.3874221481, ""2"": -540881.6826367701, ""3"": -622526.134049873, ""4"": -895092.9215047703, ""5"": -1115417.3472525745, ""6"": -1223160.9818355518, ""7"": -1225335.8267709862, ""8"": -1531323.5085068368}","[93236, 48458, 35359, 18274, 13135, 6622, 2872, 314]","[93236, 48458, 35359]","[3, 4, 5, 6, 7]","[18274, 13135, 6622, 2872, 314]",bic,-1531323.5085068368,ok
detexture_ade20k_multi,feature_cluster_coarse_global_pooled_oracle_k,training,336,training_ADE_train_00014246,detexture_multi_partition_v1,multi_partition_invariant,0.7531679277458181,0.5877449014023958,0.5211433397390225,2,8,2,1.0,0.835890540968048,52845,63220,10375,2,2,True,hungarian_iou_assignment,"[0.8643122676579925, 0.6420235878336437]","[{""pred_label"": 0, ""gt_label"": 0, ""iou"": 0.8643122676579925}, {""pred_label"": 1, ""gt_label"": 1, ""iou"": 0.6420235878336437}]",fpn_2,fpn_2,72x72,1,3,3,24x24,pooled_avg_pool_multi_way,False,False,False,,,,"[37688, 25532]",jpeg_color_clustering_bic,-1,6,10375,0.16410945903195193,8,2,4587,"{""1"": -142430.02543413846, ""2"": -205721.0308027706, ""3"": -246290.87804293176, ""4"": -419542.7607860322, ""5"": -429957.5111401157, ""6"": -456059.94362166006, ""7"": -461058.3189344677, ""8"": -465757.6493118598}","[42433, 10412, 7434, 1435, 910, 380, 158, 58]","[42433, 10412]","[2, 3, 4, 5, 6, 7]","[7434, 1435, 910, 380, 158, 58]",bic,-465757.6493118598,ok
detexture_ade20k_multi,feature_cluster_coarse_global_pooled_oracle_k,training,337,training_ADE_train_00014346,detexture_multi_partition_v1,multi_partition_invariant,0.7666838040003422,0.544542529798163,0.4647346604634653,2,8,2,1.0,0.7130147925902707,143301,200979,57678,2,2,True,hungarian_iou_assignment,"[0.7472846933419469, 0.7860829146587375]","[{""pred_label"": 0, ""gt_label"": 1, ""iou"": 0.7472846933419469}, {""pred_label"": 1, ""gt_label"": 0, ""iou"": 0.7860829146587375}]",fpn_2,fpn_2,72x72,1,3,3,24x24,pooled_avg_pool_multi_way,False,False,False,,,,"[100737, 100242]",jpeg_color_clustering_bic,-1,6,57678,0.2869852074097294,8,2,9827,"{""1"": -453996.9056799214, ""2"": -535616.2393855031, ""3"": -648059.6584178525, ""4"": -770745.8137148181, ""5"": -1070985.2691695455, ""6"": -1270038.7525835002, ""7"": -1414159.989504944, ""8"": -1459674.687865574}","[83837, 59464, 22350, 21291, 4682, 3881, 3492, 1982]","[83837, 59464]","[2, 3, 4, 5, 6, 7]","[22350, 21291, 4682, 3881, 3492, 1982]",bic,-1459674.687865574,ok
detexture_ade20k_multi,feature_cluster_coarse_global_pooled_oracle_k,training,338,training_ADE_train_00014349,detexture_multi_partition_v1,multi_partition_invariant,0.31761642632867026,0.001559214159844594,0.0011534918069589638,2,8,2,1.0,0.7061913493075802,248037,351232,103195,2,2,True,hungarian_iou_assignment,"[0.47127270461968374, 0.16396014803765674]","[{""pred_label"": 0, ""gt_label"": 0, ""iou"": 0.47127270461968374}, {""pred_label"": 1, ""gt_label"": 1, ""iou"": 0.16396014803765674}]",fpn_2,fpn_2,72x72,1,3,3,24x24,pooled_avg_pool_multi_way,False,False,False,,,,"[197166, 154066]",jpeg_color_clustering_bic,-1,6,103195,0.29380865069241985,8,2,26521,"{""1"": -773410.8745140869, ""2"": -896676.3945076371, ""3"": -1096413.3039440312, ""4"": -1100152.4610379168, ""5"": -1190747.2132246986, ""6"": -1222284.8573726148, ""7"": -1398872.235011926, ""8"": -1426800.4825160217}","[203948, 44089, 34000, 30778, 16959, 10082, 5766, 5610]","[203948, 44089]","[2, 3, 4, 5, 6, 7]","[34000, 30778, 16959, 10082, 5766, 5610]",bic,-1426800.4825160217,ok
detexture_ade20k_multi,feature_cluster_coarse_global_pooled_oracle_k,training,339,training_ADE_train_00014484,detexture_multi_partition_v1,multi_partition_invariant,0.9584543311109189,0.9688778094104273,0.9391037890504872,3,8,3,1.0,0.9676627604166667,297266,307200,9934,3,3,True,hungarian_iou_assignment,"[0.975799362108674, 0.9955136176334333, 0.9040500135906496]","[{""pred_label"": 0, ""gt_label"": 0, ""iou"": 0.975799362108674}, {""pred_label"": 1, ""gt_label"": 1, ""iou"": 0.9955136176334333}, {""pred_label"": 2, ""gt_label"": 2, ""iou"": 0.9040500135906496}]",fpn_2,fpn_2,72x72,1,3,3,24x24,pooled_avg_pool_multi_way,False,False,False,,,,"[135960, 128000, 43240]",jpeg_color_clustering_bic,-1,5,9934,0.03233723958333334,8,3,6710,"{""1"": -491531.6537726376, ""2"": -1084009.135438054, ""3"": -1249942.3481808202, ""4"": -1956148.7381716906, ""5"": -1990252.154786897, ""6"": -2026874.5008873867, ""7"": -2345249.861056906, ""8"": -2359557.3153727083}","[137449, 122832, 36985, 4348, 2996, 1195, 1135, 260]","[137449, 122832, 36985]","[3, 4, 5, 6, 7]","[4348, 2996, 1195, 1135, 260]",bic,-2359557.3153727083,ok
detexture_ade20k_multi,feature_cluster_coarse_global_pooled_oracle_k,training,340,training_ADE_train_00014485,detexture_multi_partition_v1,multi_partition_invariant,0.4905204523228426,0.3366699171795105,0.4182112195957174,3,8,3,1.0,0.8145098039215686,49848,61200,11352,3,3,True,hungarian_iou_assignment,"[0.7700310093027909, 0.4442275239072168, 0.25730282375852]","[{""pred_label"": 0, ""gt_label"": 1, ""iou"": 0.7700310093027909}, {""pred_label"": 1, ""gt_label"": 0, ""iou"": 0.4442275239072168}, {""pred_label"": 2, ""gt_label"": 2, ""iou"": 0.25730282375852}]",fpn_2,fpn_2,72x72,1,3,3,24x24,pooled_avg_pool_multi_way,False,False,False,,,,"[24646, 19112, 17442]",jpeg_color_clustering_bic,-1,5,11352,0.18549019607843137,8,3,6013,"{""1"": -118980.64312823184, ""2"": -123491.08093763192, ""3"": -199568.31640977194, ""4"": -270273.0574795362, ""5"": -272289.16103738645, ""6"": -327769.0364919856, ""7"": -401756.0201578279, ""8"": -403161.26521293883}","[26829, 15396, 7623, 6184, 4024, 695, 389, 60]","[26829, 15396, 7623]","[3, 4, 5, 6, 7]","[6184, 4024, 695, 389, 60]",bic,-403161.26521293883,ok
detexture_ade20k_multi,feature_cluster_coarse_global_pooled_oracle_k,training,341,training_ADE_train_00014530,detexture_multi_partition_v1,multi_partition_invariant,0.4122513770592844,0.03605417163796456,0.087768013627361,2,8,2,1.0,0.8155407407407408,110098,135000,24902,2,2,True,hungarian_iou_assignment,"[0.50774757086601, 0.31675518325255875]","[{""pred_label"": 0, ""gt_label"": 1, ""iou"": 0.50774757086601}, {""pred_label"": 1, ""gt_label"": 0, ""iou"": 0.31675518325255875}]",fpn_2,fpn_2,72x72,1,3,3,24x24,pooled_avg_pool_multi_way,False,False,False,,,,"[86690, 48310]",jpeg_color_clustering_bic,-1,6,24902,0.18445925925925927,8,2,14794,"{""1"": -325319.22499129095, ""2"": -350396.36610704305, ""3"": -362994.4486296193, ""4"": -595834.8338370317, ""5"": -605044.8918224213, ""6"": -674641.7460251121, ""7"": -714763.2430703512, ""8"": -736883.7199617948}","[60812, 49286, 12620, 4407, 3284, 2779, 1336, 476]","[60812, 49286]","[2, 3, 4, 5, 6, 7]","[12620, 4407, 3284, 2779, 1336, 476]",bic,-736883.7199617948,ok
detexture_ade20k_multi,feature_cluster_coarse_global_pooled_oracle_k,training,342,training_ADE_train_00014593,detexture_multi_partition_v1,multi_partition_invariant,0.9894874005981975,0.9823208611607857,0.9592916144018159,2,8,2,1.0,0.8085853658536586,132608,164000,31392,2,2,True,hungarian_iou_assignment,"[0.9940698440588623, 0.9849049571375326]","[{""pred_label"": 0, ""gt_label"": 0, ""iou"": 0.9940698440588623}, {""pred_label"": 1, ""gt_label"": 1, ""iou"": 0.9849049571375326}]",fpn_2,fpn_2,72x72,1,3,3,24x24,pooled_avg_pool_multi_way,False,False,False,,,,"[105132, 58868]",jpeg_color_clustering_bic,-1,6,31392,0.19141463414634147,8,2,8845,"{""1"": -300010.8164911745, ""2"": -309672.17539346346, ""3"": -613461.0766584636, ""4"": -830379.5771041221, ""5"": -841584.0729306358, ""6"": -999408.3001734238, ""7"": -1154636.0262560977, ""8"": -1183531.629483719}","[95613, 36995, 13283, 9701, 3360, 2153, 1855, 1040]","[95613, 36995]","[2, 3, 4, 5, 6, 7]","[13283, 9701, 3360, 2153, 1855, 1040]",bic,-1183531.629483719,ok
detexture_ade20k_multi,feature_cluster_coarse_global_pooled_oracle_k,training,343,training_ADE_train_00014633,detexture_multi_partition_v1,multi_partition_invariant,0.3645291226219355,0.22614724081629456,0.28146232978810426,4,8,4,1.0,0.8669010416666667,66578,76800,10222,4,4,True,hungarian_iou_assignment,"[0.4231139646869984, 0.3096248514683415, 0.2088631264023934, 0.5165145479300086]","[{""pred_label"": 0, ""gt_label"": 0, ""iou"": 0.4231139646869984}, {""pred_label"": 1, ""gt_label"": 3, ""iou"": 0.3096248514683415}, {""pred_label"": 2, ""gt_label"": 2, ""iou"": 0.2088631264023934}, {""pred_label"": 3, ""gt_label"": 1, ""iou"": 0.5165145479300086}]",fpn_2,fpn_2,72x72,1,3,3,24x24,pooled_avg_pool_multi_way,False,False,False,,,,"[22590, 19850, 18300, 16060]",jpeg_color_clustering_bic,-1,4,10222,0.13309895833333332,8,4,20284,"{""1"": -174611.4743528203, ""2"": -204570.3475914001, ""3"": -215478.60733006068, ""4"": -278462.46055709705, ""5"": -297348.3599890671, ""6"": -321851.78592094686, ""7"": -329664.55499819183, ""8"": -335259.59223800804}","[19740, 18224, 16646, 11968, 7043, 1747, 880, 552]","[19740, 18224, 16646, 11968]","[4, 5, 6, 7]","[7043, 1747, 880, 552]",bic,-335259.59223800804,ok
detexture_ade20k_multi,feature_cluster_coarse_global_pooled_oracle_k,training,344,training_ADE_train_00014668,detexture_multi_partition_v1,multi_partition_invariant,0.33388768556868625,0.377840969325812,0.5194248623586968,3,7,3,1.0,0.7245611846879536,255602,352768,97166,3,3,True,hungarian_iou_assignment,"[0.47566123998523974, 0.5260018167208189, 0.0]","[{""pred_label"": 0, ""gt_label"": 1, ""iou"": 0.47566123998523974}, {""pred_label"": 1, ""gt_label"": 0, ""iou"": 0.5260018167208189}, {""pred_label"": 2, ""gt_label"": 2, ""iou"": 0.0}]",fpn_2,fpn_2,72x72,1,3,3,24x24,pooled_avg_pool_multi_way,False,False,False,,,,"[141734, 119941, 91093]",jpeg_color_clustering_bic,-1,4,97166,0.27543881531204645,7,3,15919,"{""1"": -676461.7869560302, ""2"": -778441.3527237055, ""3"": -837860.1305369586, ""4"": -1148290.6615605196, ""5"": -1256385.6338253387, ""6"": -1534071.0764420312, ""7"": -2095540.0816539659, ""8"": -1786832.7584759842}","[95713, 94877, 65012, 37258, 31786, 18804, 9318]","[95713, 94877, 65012]","[3, 4, 5, 6]","[37258, 31786, 18804, 9318]",bic,-2095540.0816539659,ok
detexture_ade20k_multi,feature_cluster_coarse_global_pooled_oracle_k,training,345,training_ADE_train_00014678,detexture_multi_partition_v1,multi_partition_invariant,0.5895614927472859,0.23071987515114956,0.3540794342353337,2,8,2,1.0,0.8952333333333333,322284,360000,37716,2,2,True,hungarian_iou_assignment,"[0.5817923114824982, 0.5973306740120734]","[{""pred_label"": 0, ""gt_label"": 1, ""iou"": 0.5817923114824982}, {""pred_label"": 1, ""gt_label"": 0, ""iou"": 0.5973306740120734}]",fpn_2,fpn_2,72x72,1,3,3,24x24,pooled_avg_pool_multi_way,False,False,False,,,,"[235625, 124375]",jpeg_color_clustering_bic,-1,6,37716,0.10476666666666666,8,2,3771,"{""1"": -661378.5476756613, ""2"": -675796.7014842295, ""3"": -1634942.5159512025, ""4"": -1635952.8614449913, ""5"": -2839645.7849755073, ""6"": -2913521.0663096895, ""7"": -3059958.690454507, ""8"": -3276453.695172897}","[206569, 115715, 31152, 2520, 1482, 1244, 1003, 315]","[206569, 115715]","[2, 3, 4, 5, 6, 7]","[31152, 2520, 1482, 1244, 1003, 315]",bic,-3276453.695172897,ok
detexture_ade20k_multi,feature_cluster_coarse_global_pooled_oracle_k,training,346,training_ADE_train_00014680,detexture_multi_partition_v1,multi_partition_invariant,0.3532557741610935,0.003200322915307931,0.14157980341267168,2,8,2,1.0,0.8073508522727273,318290,394240,75950,2,2,True,hungarian_iou_assignment,"[0.4958759579397612, 0.21063559038242582]","[{""pred_label"": 0, ""gt_label"": 1, ""iou"": 0.4958759579397612}, {""pred_label"": 1, ""gt_label"": 0, ""iou"": 0.21063559038242582}]",fpn_2,fpn_2,72x72,1,3,3,24x24,pooled_avg_pool_multi_way,False,False,False,,,,"[319852, 74388]",jpeg_color_clustering_bic,-1,6,75950,0.19264914772727273,8,2,11421,"{""1"": -704673.3166408316, ""2"": -761554.9788549199, ""3"": -1612258.0508081927, ""4"": -1912182.4180830554, ""5"": -1926697.7537180663, ""6"": -1935701.4184505462, ""7"": -1971189.8813049952, ""8"": -2935923.5244974806}","[179172, 139118, 34865, 24923, 10698, 3425, 1307, 732]","[179172, 139118]","[2, 3, 4, 5, 6, 7]","[34865, 24923, 10698, 3425, 1307, 732]",bic,-2935923.5244974806,ok
detexture_ade20k_multi,feature_cluster_coarse_global_pooled_oracle_k,training,347,training_ADE_train_00014693,detexture_multi_partition_v1,multi_partition_invariant,0.8705727321872181,0.8683560266492033,0.8177467679121025,3,8,3,1.0,0.8271516927083333,254101,307200,53099,3,3,True,hungarian_iou_assignment,"[0.9344074444358994, 0.9393781120512553, 0.7379326400744994]","[{""pred_label"": 0, ""gt_label"": 0, ""iou"": 0.9344074444358994}, {""pred_label"": 1, ""gt_label"": 1, ""iou"": 0.9393781120512553}, {""pred_label"": 2, ""gt_label"": 2, ""iou"": 0.7379326400744994}]",fpn_2,fpn_2,72x72,1,3,3,24x24,pooled_avg_pool_multi_way,False,False,False,,,,"[127940, 102300, 76960]",jpeg_color_clustering_bic,-1,5,53099,0.17284830729166667,8,3,14592,"{""1"": -587766.504607193, ""2"": -695811.4738038434, ""3"": -820557.7177859546, ""4"": -1053476.8494945525, ""5"": -1518978.2687797977, ""6"": -1620844.835998071, ""7"": -1648217.69863894, ""8"": -1922505.0733849928}","[129853, 85837, 38411, 32031, 9756, 6165, 3017, 2130]","[129853, 85837, 38411]","[3, 4, 5, 6, 7]","[32031, 9756, 6165, 3017, 2130]",bic,-1922505.0733849928,ok
detexture_ade20k_multi,feature_cluster_coarse_global_pooled_oracle_k,training,348,training_ADE_train_00014718,detexture_multi_partition_v1,multi_partition_invariant,0.9134768786780331,0.901470634925814,0.8573412518159215,3,8,3,1.0,0.9613841017166369,28506,29651,1145,3,3,True,hungarian_iou_assignment,"[0.9873873873873874, 0.9069767441860465, 0.846066504460665]","[{""pred_label"": 0, ""gt_label"": 1, ""iou"": 0.9873873873873874}, {""pred_label"": 1, ""gt_label"": 0, ""iou"": 0.9069767441860465}, {""pred_label"": 2, ""gt_label"": 2, ""iou"": 0.846066504460665}]",fpn_2,fpn_2,72x72,1,3,3,24x24,pooled_avg_pool_multi_way,False,False,False,,,,"[12537, 11150, 5964]",jpeg_color_clustering_bic,-1,5,1145,0.03861589828336313,8,3,2239,"{""1"": -50940.23487731669, ""2"": -95805.97015848386, ""3"": -116733.93329779433, ""4"": -182891.31846450444, ""5"": -189719.224796305, ""6"": -198622.42967722486, ""7"": -205853.76762259143, ""8"": -207395.1458754213}","[11524, 11508, 5474, 557, 178, 147, 146, 117]","[11524, 11508, 5474]","[3, 4, 5, 6, 7]","[557, 178, 147, 146, 117]",bic,-207395.1458754213,ok
detexture_ade20k_multi,feature_cluster_coarse_global_pooled_oracle_k,training,349,training_ADE_train_00014722,detexture_multi_partition_v1,multi_partition_invariant,0.7130304807169464,0.6814151502582863,0.6555092766009762,4,8,4,1.0,0.8790455840455841,61709,70200,8491,4,4,True,hungarian_iou_assignment,"[0.8077071156067341, 0.460390266656301, 0.8822309617447265, 0.7017935788600242]","[{""pred_label"": 0, ""gt_label"": 0, ""iou"": 0.8077071156067341}, {""pred_label"": 1, ""gt_label"": 3, ""iou"": 0.460390266656301}, {""pred_label"": 2, ""gt_label"": 2, ""iou"": 0.8822309617447265}, {""pred_label"": 3, ""gt_label"": 1, ""iou"": 0.7017935788600242}]",fpn_2,fpn_2,72x72,1,3,3,24x24,pooled_avg_pool_multi_way,False,False,False,,,,"[28920, 15993, 13590, 11697]",jpeg_color_clustering_bic,-1,4,8491,0.12095441595441596,8,4,8433,"{""1"": -184241.76874117562, ""2"": -220379.39680578024, ""3"": -225916.0821690962, ""4"": -245958.767506425, ""5"": -259806.16850085885, ""6"": -432051.1229997816, ""7"": -452398.83722535666, ""8"": -471203.9972465339}","[24271, 15562, 12776, 9100, 6273, 1225, 609, 384]","[24271, 15562, 12776, 9100]","[4, 5, 6, 7]","[6273, 1225, 609, 384]",bic,-471203.9972465339,ok
detexture_ade20k_multi,feature_cluster_coarse_global_pooled_oracle_k,training,350,training_ADE_train_00014733,detexture_multi_partition_v1,multi_partition_invariant,0.5428373933077657,0.7028925347642178,0.5561906786630302,3,8,3,1.0,0.9308586666666666,174536,187500,12964,3,3,True,hungarian_iou_assignment,"[0.9126607989167231, 0.5272817133443163, 0.18856966766225763]","[{""pred_label"": 0, ""gt_label"": 0, ""iou"": 0.9126607989167231}, {""pred_label"": 1, ""gt_label"": 1, ""iou"": 0.5272817133443163}, {""pred_label"": 2, ""gt_label"": 2, ""iou"": 0.18856966766225763}]",fpn_2,fpn_2,72x72,1,3,3,24x24,pooled_avg_pool_multi_way,False,False,False,,,,"[99479, 52005, 36016]",jpeg_color_clustering_bic,-1,5,12964,0.06914133333333333,8,3,5196,"{""1"": -477124.8842379689, ""2"": -560267.0661330756, ""3"": -641567.3699274609, ""4"": -817219.0481741024, ""5"": -1446120.9588072724, ""6"": -1471946.490386075, ""7"": -1505134.0741850194, ""8"": -1562691.0625922065}","[107340, 41627, 25569, 6015, 4906, 1122, 483, 438]","[107340, 41627, 25569]","[3, 4, 5, 6, 7]","[6015, 4906, 1122, 483, 438]",bic,-1562691.0625922065,ok
detexture_ade20k_multi,feature_cluster_coarse_global_pooled_oracle_k,training,351,training_ADE_train_00014805,detexture_multi_partition_v1,multi_partition_invariant,0.8439947729605615,0.6902351175842308,0.6594845227477337,2,8,2,1.0,0.7663163481953291,144374,188400,44026,2,2,True,hungarian_iou_assignment,"[0.8424515280124872, 0.8455380179086356]","[{""pred_label"": 0, ""gt_label"": 1, ""iou"": 0.8424515280124872}, {""pred_label"": 1, ""gt_label"": 0, ""iou"": 0.8455380179086356}]",fpn_2,fpn_2,72x72,1,3,3,24x24,pooled_avg_pool_multi_way,False,False,False,,,,"[110725, 77675]",jpeg_color_clustering_bic,-1,6,44026,0.2336836518046709,8,2,15594,"{""1"": -361801.6967870054, ""2"": -615915.8437028045, ""3"": -700624.9638372639, ""4"": -772594.7982003756, ""5"": -809469.9419860084, ""6"": -947587.3057167344, ""7"": -951229.0691034968, ""8"": -1021267.1089712278}","[79068, 65306, 18555, 14476, 4234, 3600, 2925, 236]","[79068, 65306]","[2, 3, 4, 5, 6, 7]","[18555, 14476, 4234, 3600, 2925, 236]",bic,-1021267.1089712278,ok
detexture_ade20k_multi,feature_cluster_coarse_global_pooled_oracle_k,training,352,training_ADE_train_00014819,detexture_multi_partition_v1,multi_partition_invariant,0.7300360125819582,0.6843119217560438,0.6064064594135719,3,8,3,1.0,0.9358013817715959,327246,349696,22450,3,3,True,hungarian_iou_assignment,"[0.8888647631455144, 0.6755366431816685, 0.6257066314186917]","[{""pred_label"": 0, ""gt_label"": 0, ""iou"": 0.8888647631455144}, {""pred_label"": 1, ""gt_label"": 1, ""iou"": 0.6755366431816685}, {""pred_label"": 2, ""gt_label"": 2, ""iou"": 0.6257066314186917}]",fpn_2,fpn_2,72x72,1,3,3,24x24,pooled_avg_pool_multi_way,False,False,False,,,,"[152251, 99269, 98176]",jpeg_color_clustering_bic,-1,5,22450,0.0641986182284041,8,3,14390,"{""1"": -866799.8194237957, ""2"": -943565.7171073552, ""3"": -1547959.9393126706, ""4"": -1558495.3005830655, ""5"": -1672905.2614353343, ""6"": -2505400.3034790736, ""7"": -2513939.1187977483, ""8"": -2541978.847092392}","[162797, 108802, 55647, 11155, 6287, 3323, 1608, 77]","[162797, 108802, 55647]","[3, 4, 5, 6, 7]","[11155, 6287, 3323, 1608, 77]",bic,-2541978.847092392,ok
detexture_ade20k_multi,feature_cluster_coarse_global_pooled_oracle_k,training,353,training_ADE_train_00014825,detexture_multi_partition_v1,multi_partition_invariant,0.8393603699766886,0.7507885997795661,0.7023755631242862,3,8,3,1.0,0.9372916666666666,224950,240000,15050,3,3,True,hungarian_iou_assignment,"[0.8321002523514568, 0.8679359584595413, 0.818044899119068]","[{""pred_label"": 0, ""gt_label"": 1, ""iou"": 0.8321002523514568}, {""pred_label"": 1, ""gt_label"": 0, ""iou"": 0.8679359584595413}, {""pred_label"": 2, ""gt_label"": 2, ""iou"": 0.818044899119068}]",fpn_2,fpn_2,72x72,1,3,3,24x24,pooled_avg_pool_multi_way,False,False,False,,,,"[107175, 93100, 39725]",jpeg_color_clustering_bic,-1,5,15050,0.06270833333333334,8,3,15088,"{""1"": -503567.2918035986, ""2"": -524179.0404850246, ""3"": -869762.6251392335, ""4"": -881025.7183903333, ""5"": -924897.2267432426, ""6"": -1359430.2813413753, ""7"": -1404141.119538676, ""8"": -1482539.5978619666}","[103281, 90803, 30866, 5782, 3624, 2474, 1934, 1236]","[103281, 90803, 30866]","[3, 4, 5, 6, 7]","[5782, 3624, 2474, 1934, 1236]",bic,-1482539.5978619666,ok
detexture_ade20k_multi,feature_cluster_coarse_global_pooled_oracle_k,training,354,training_ADE_train_00014827,detexture_multi_partition_v1,multi_partition_invariant,0.3024276263713876,0.15759834709161763,0.18447798027807555,3,8,3,1.0,0.73054183991684,112445,153920,41475,3,3,True,hungarian_iou_assignment,"[0.45479175331234034, 0.37501087997214727, 0.07748024582967515]","[{""pred_label"": 0, ""gt_label"": 0, ""iou"": 0.45479175331234034}, {""pred_label"": 1, ""gt_label"": 2, ""iou"": 0.37501087997214727}, {""pred_label"": 2, ""gt_label"": 1, ""iou"": 0.07748024582967515}]",fpn_2,fpn_2,72x72,1,3,3,24x24,pooled_avg_pool_multi_way,False,False,False,,,,"[72840, 45540, 35540]",jpeg_color_clustering_bic,-1,5,41475,0.2694581600831601,8,3,15233,"{""1"": -318816.2089384789, ""2"": -456204.2859986667, ""3"": -476180.9385641451, ""4"": -544254.9668168798, ""5"": -594875.4821559022, ""6"": -628284.2353121826, ""7"": -678081.7623510492, ""8"": -834647.8529933938}","[60132, 30941, 21372, 13120, 12745, 10893, 2617, 2100]","[60132, 30941, 21372]","[3, 4, 5, 6, 7]","[13120, 12745, 10893, 2617, 2100]",bic,-834647.8529933938,ok
detexture_ade20k_multi,feature_cluster_coarse_global_pooled_oracle_k,training,355,training_ADE_train_00014831,detexture_multi_partition_v1,multi_partition_invariant,0.8074797982177808,0.6584439162048218,0.7291626775048429,4,8,4,1.0,0.9687162948080786,183223,189140,5917,4,4,True,hungarian_iou_assignment,"[0.7084292952556426, 0.6809214624894439, 0.8829173016247773, 0.9576511335012594]","[{""pred_label"": 0, ""gt_label"": 1, ""iou"": 0.7084292952556426}, {""pred_label"": 1, ""gt_label"": 0, ""iou"": 0.6809214624894439}, {""pred_label"": 2, ""gt_label"": 2, ""iou"": 0.8829173016247773}, {""pred_label"": 3, ""gt_label"": 3, ""iou"": 0.9576511335012594}]",fpn_2,fpn_2,72x72,1,3,3,24x24,pooled_avg_pool_multi_way,False,False,False,,,,"[62613, 50917, 46874, 28736]",jpeg_color_clustering_bic,-1,4,5917,0.03128370519192133,8,4,9974,"{""1"": -381528.1132402936, ""2"": -407401.54783298116, ""3"": -550483.1078155607, ""4"": -663119.0740334437, ""5"": -1108781.9235712881, ""6"": -1244969.0245340762, ""7"": -1268398.4014310243, ""8"": -1274304.485043889}","[70729, 46798, 41326, 24370, 2760, 2510, 446, 201]","[70729, 46798, 41326, 24370]","[4, 5, 6, 7]","[2760, 2510, 446, 201]",bic,-1274304.485043889,ok
detexture_ade20k_multi,feature_cluster_coarse_global_pooled_oracle_k,training,356,training_ADE_train_00014836,detexture_multi_partition_v1,multi_partition_invariant,0.9871007566956731,0.9749508100455881,0.9502250305720797,2,8,2,1.0,0.8216450524071771,115626,140725,25099,2,2,True,hungarian_iou_assignment,"[0.9848702121911175, 0.9893313012002286]","[{""pred_label"": 0, ""gt_label"": 1, ""iou"": 0.9848702121911175}, {""pred_label"": 1, ""gt_label"": 0, ""iou"": 0.9893313012002286}]",fpn_2,fpn_2,72x72,1,3,3,24x24,pooled_avg_pool_multi_way,False,False,False,,,,"[71263, 69462]",jpeg_color_clustering_bic,-1,6,25099,0.1783549475928229,8,2,7625,"{""1"": -305985.4149236329, ""2"": -344458.6265193244, ""3"": -390194.2793162751, ""4"": -762419.126550295, ""5"": -687580.1375779106, ""6"": -1019352.148196992, ""7"": -1042961.2783874029, ""8"": -1086260.2999640773}","[68237, 47389, 13689, 4218, 3661, 1733, 983, 815]","[68237, 47389]","[2, 3, 4, 5, 6, 7]","[13689, 4218, 3661, 1733, 983, 815]",bic,-1086260.2999640773,ok
detexture_ade20k_multi,feature_cluster_coarse_global_pooled_oracle_k,training,357,training_ADE_train_00014890,detexture_multi_partition_v1,multi_partition_invariant,0.4468410810574323,0.2736839209960356,0.29131633880116875,3,8,3,1.0,0.787483986090776,275380,349696,74316,3,3,True,hungarian_iou_assignment,"[0.325590750738187, 0.35427098772850485, 0.660661504705605]","[{""pred_label"": 0, ""gt_label"": 2, ""iou"": 0.325590750738187}, {""pred_label"": 1, ""gt_label"": 0, ""iou"": 0.35427098772850485}, {""pred_label"": 2, ""gt_label"": 1, ""iou"": 0.660661504705605}]",fpn_2,fpn_2,72x72,1,3,3,24x24,pooled_avg_pool_multi_way,False,False,False,,,,"[140018, 113244, 96434]",jpeg_color_clustering_bic,-1,5,74316,0.212516013909224,8,3,34149,"{""1"": -703613.3623142565, ""2"": -869012.166376115, ""3"": -930110.1466977926, ""4"": -1067144.9151216634, ""5"": -1169911.165425304, ""6"": -1130935.6864596144, ""7"": -1232267.6555435173, ""8"": -1349939.5106236637}","[128286, 99792, 47302, 29369, 19949, 12120, 6960, 5918]","[128286, 99792, 47302]","[3, 4, 5, 6, 7]","[29369, 19949, 12120, 6960, 5918]",bic,-1349939.5106236637,ok
detexture_ade20k_multi,feature_cluster_coarse_global_pooled_oracle_k,training,358,training_ADE_train_00014924,detexture_multi_partition_v1,multi_partition_invariant,0.47882135780982504,0.46239765856535886,0.5505056085397836,4,8,4,1.0,0.9680998115989515,378194,390656,12462,4,4,True,hungarian_iou_assignment,"[0.4682577960957406, 0.5985082393755421, 0.8485193957680174, 0.0]","[{""pred_label"": 0, ""gt_label"": 0, ""iou"": 0.4682577960957406}, {""pred_label"": 1, ""gt_label"": 3, ""iou"": 0.5985082393755421}, {""pred_label"": 2, ""gt_label"": 1, ""iou"": 0.8485193957680174}, {""pred_label"": 3, ""gt_label"": 2, ""iou"": 0.0}]",fpn_2,fpn_2,72x72,1,3,3,24x24,pooled_avg_pool_multi_way,False,False,False,,,,"[170541, 117747, 90229, 12139]",jpeg_color_clustering_bic,-1,4,12462,0.031900188401048496,8,4,8595,"{""1"": -840349.0851220853, ""2"": -1229334.7560373568, ""3"": -1316951.1741067849, ""4"": -1568528.7544750457, ""5"": -2462056.731982875, ""6"": -2485768.208262624, ""7"": -3109452.144844587, ""8"": -3208493.787191782}","[133533, 99689, 75964, 69008, 5358, 3823, 2523, 758]","[133533, 99689, 75964, 69008]","[4, 5, 6, 7]","[5358, 3823, 2523, 758]",bic,-3208493.787191782,ok
detexture_ade20k_multi,feature_cluster_coarse_global_pooled_oracle_k,training,359,training_ADE_train_00014929,detexture_multi_partition_v1,multi_partition_invariant,0.6225468616107578,0.6474014438592137,0.6206542150640425,4,8,4,1.0,0.9118415637860082,88631,97200,8569,4,4,True,hungarian_iou_assignment,"[0.824480906054886, 0.967305625223934, 0.40984558225937534, 0.2885553329048357]","[{""pred_label"": 0, ""gt_label"": 0, ""iou"": 0.824480906054886}, {""pred_label"": 1, ""gt_label"": 1, ""iou"": 0.967305625223934}, {""pred_label"": 2, ""gt_label"": 3, ""iou"": 0.40984558225937534}, {""pred_label"": 3, ""gt_label"": 2, ""iou"": 0.2885553329048357}]",fpn_2,fpn_2,72x72,1,3,3,24x24,pooled_avg_pool_multi_way,False,False,False,,,,"[32670, 23595, 21225, 19710]",jpeg_color_clustering_bic,-1,4,8569,0.08815843621399178,8,4,8642,"{""1"": -167929.27596874072, ""2"": -242333.07218933417, ""3"": -253408.25207784044, ""4"": -359959.6073876625, ""5"": -430060.08350205823, ""6"": -439601.90233355714, ""7"": -622657.6763776504, ""8"": -625802.66946924}","[32680, 22113, 17990, 15848, 5596, 1723, 1092, 158]","[32680, 22113, 17990, 15848]","[4, 5, 6, 7]","[5596, 1723, 1092, 158]",bic,-625802.66946924,ok
detexture_ade20k_multi,feature_cluster_coarse_global_pooled_oracle_k,training,360,training_ADE_train_00014931,detexture_multi_partition_v1,multi_partition_invariant,0.3948020351884763,0.3799874288931396,0.4317424478135645,3,7,3,1.0,0.8343339195110702,231531,277504,45973,3,3,True,hungarian_iou_assignment,"[0.5964759223275303, 0.5853684266047787, 0.0025617566331198535]","[{""pred_label"": 0, ""gt_label"": 0, ""iou"": 0.5964759223275303}, {""pred_label"": 1, ""gt_label"": 1, ""iou"": 0.5853684266047787}, {""pred_label"": 2, ""gt_label"": 2, ""iou"": 0.0025617566331198535}]",fpn_2,fpn_2,72x72,1,3,3,24x24,pooled_avg_pool_multi_way,False,False,False,,,,"[162566, 91636, 23302]",jpeg_color_clustering_bic,-1,4,45973,0.1656660804889299,7,3,17912,"{""1"": -570543.1773722563, ""2"": -668413.8738408803, ""3"": -869660.2455476525, ""4"": -903602.8377219809, ""5"": -960874.1527830646, ""6"": -1388617.616561772, ""7"": -1568505.5698980144, ""8"": -1393459.5666045265}","[104905, 72963, 53663, 15434, 12314, 11583, 6642]","[104905, 72963, 53663]","[3, 4, 5, 6]","[15434, 12314, 11583, 6642]",bic,-1568505.5698980144,ok
detexture_ade20k_multi,feature_cluster_coarse_global_pooled_oracle_k,training,361,training_ADE_train_00014933,detexture_multi_partition_v1,multi_partition_invariant,0.5554563360962091,0.361675034681693,0.5124407094631253,3,8,3,1.0,0.8999574468085106,42298,47000,4702,3,3,True,hungarian_iou_assignment,"[0.3399244728836673, 0.4599813866914844, 0.8664631487134759]","[{""pred_label"": 0, ""gt_label"": 2, ""iou"": 0.3399244728836673}, {""pred_label"": 1, ""gt_label"": 0, ""iou"": 0.4599813866914844}, {""pred_label"": 2, ""gt_label"": 1, ""iou"": 0.8664631487134759}]",fpn_2,fpn_2,72x72,1,3,3,24x24,pooled_avg_pool_multi_way,False,False,False,,,,"[22227, 12783, 11990]",jpeg_color_clustering_bic,-1,5,4702,0.10004255319148936,8,3,6403,"{""1"": -109408.9771291481, ""2"": -116125.99788963106, ""3"": -121955.9437011213, ""4"": -191159.43243106263, ""5"": -262615.9968468825, ""6"": -270988.0522132087, ""7"": -277138.23624051415, ""8"": -289826.8264198094}","[25404, 10413, 6481, 2230, 981, 643, 438, 410]","[25404, 10413, 6481]","[3, 4, 5, 6, 7]","[2230, 981, 643, 438, 410]",bic,-289826.8264198094,ok
detexture_ade20k_multi,feature_cluster_coarse_global_pooled_oracle_k,training,362,training_ADE_train_00014935,detexture_multi_partition_v1,multi_partition_invariant,0.538002417896334,0.6999605726287109,0.7441119934135009,3,8,3,1.0,0.75314208984375,308487,409600,101113,3,3,True,hungarian_iou_assignment,"[0.9959951942330797, 0.6180120594559222, 0.0]","[{""pred_label"": 0, ""gt_label"": 0, ""iou"": 0.9959951942330797}, {""pred_label"": 1, ""gt_label"": 1, ""iou"": 0.6180120594559222}, {""pred_label"": 2, ""gt_label"": 2, ""iou"": 0.0}]",fpn_2,fpn_2,72x72,1,3,3,24x24,pooled_avg_pool_multi_way,False,False,False,,,,"[163874, 162426, 83300]",jpeg_color_clustering_bic,-1,5,101113,0.24685791015625,8,3,12997,"{""1"": -731414.9446881055, ""2"": -910071.1463886264, ""3"": -1027795.0951526782, ""4"": -1558112.5404488554, ""5"": -1919230.492680015, ""6"": -2151112.5326784477, ""7"": -2873911.0129670226, ""8"": -2879986.848051925}","[137335, 119077, 52075, 34637, 31215, 22478, 8986, 3797]","[137335, 119077, 52075]","[3, 4, 5, 6, 7]","[34637, 31215, 22478, 8986, 3797]",bic,-2879986.848051925,ok
detexture_ade20k_multi,feature_cluster_coarse_global_pooled_oracle_k,training,363,training_ADE_train_00015008,detexture_multi_partition_v1,multi_partition_invariant,0.5431029099138797,0.6968537092699859,0.7416066979633816,4,8,4,1.0,0.9375142981332357,327845,349696,21851,4,4,True,hungarian_iou_assignment,"[0.557743296310807, 0.9533499471108163, 0.6611627169332548, 0.0001556793006406802]","[{""pred_label"": 0, ""gt_label"": 2, ""iou"": 0.557743296310807}, {""pred_label"": 1, ""gt_label"": 0, ""iou"": 0.9533499471108163}, {""pred_label"": 2, ""gt_label"": 1, ""iou"": 0.6611627169332548}, {""pred_label"": 3, ""gt_label"": 3, ""iou"": 0.0001556793006406802}]",fpn_2,fpn_2,72x72,1,3,3,24x24,pooled_avg_pool_multi_way,False,False,False,,,,"[116167, 108917, 75807, 48805]",jpeg_color_clustering_bic,-1,4,21851,0.062485701866764276,8,4,12889,"{""1"": -835551.310365882, ""2"": -952526.4067559429, ""3"": -977447.3243867306, ""4"": -985349.9336336543, ""5"": -1315096.6720885714, ""6"": -1529630.831483398, ""7"": -2440398.793135929, ""8"": -2541673.615176668}","[110168, 108270, 65855, 43552, 9283, 8334, 3123, 1111]","[110168, 108270, 65855, 43552]","[4, 5, 6, 7]","[9283, 8334, 3123, 1111]",bic,-2541673.615176668,ok
detexture_ade20k_multi,feature_cluster_coarse_global_pooled_oracle_k,training,364,training_ADE_train_00015017,detexture_multi_partition_v1,multi_partition_invariant,0.540946679047062,0.607817562344273,0.5659545715886865,3,8,3,1.0,0.9054893393118595,316646,349696,33050,3,3,True,hungarian_iou_assignment,"[0.9480705536918702, 0.48075565198413206, 0.19401383146518333]","[{""pred_label"": 0, ""gt_label"": 0, ""iou"": 0.9480705536918702}, {""pred_label"": 1, ""gt_label"": 1, ""iou"": 0.48075565198413206}, {""pred_label"": 2, ""gt_label"": 2, ""iou"": 0.19401383146518333}]",fpn_2,fpn_2,72x72,1,3,3,24x24,pooled_avg_pool_multi_way,False,False,False,,,,"[140103, 119174, 90419]",jpeg_color_clustering_bic,-1,5,33050,0.09451066068814055,8,3,20721,"{""1"": -873046.7810904335, ""2"": -932872.569175485, ""3"": -1155963.5395676135, ""4"": -1595556.4083806581, ""5"": -1675033.0018756634, ""6"": -1701225.8411527115, ""7"": -2063348.2358477474, ""8"": -2085432.6172008582}","[138709, 131420, 46517, 10928, 9819, 6179, 4009, 2115]","[138709, 131420, 46517]","[3, 4, 5, 6, 7]","[10928, 9819, 6179, 4009, 2115]",bic,-2085432.6172008582,ok
detexture_ade20k_multi,feature_cluster_coarse_global_pooled_oracle_k,training,365,training_ADE_train_00015038,detexture_multi_partition_v1,multi_partition_invariant,0.7641574166832321,0.558579586225347,0.4890095958405955,2,8,2,1.0,0.8941737966691069,312689,349696,37007,2,2,True,hungarian_iou_assignment,"[0.8180014338243796, 0.7103133995420847]","[{""pred_label"": 0, ""gt_label"": 0, ""iou"": 0.8180014338243796}, {""pred_label"": 1, ""gt_label"": 1, ""iou"": 0.7103133995420847}]",fpn_2,fpn_2,72x72,1,3,3,24x24,pooled_avg_pool_multi_way,False,False,False,,,,"[241923, 107773]",jpeg_color_clustering_bic,-1,6,37007,0.10582620333089311,8,2,15906,"{""1"": -775428.7911387741, ""2"": -836211.5167589678, ""3"": -1503679.5438670055, ""4"": -1544688.5077986675, ""5"": -2095687.9959410762, ""6"": -2176170.653134413, ""7"": -2214338.005770245, ""8"": -2304033.6458547427}","[181092, 131597, 20584, 6385, 4771, 2447, 1906, 914]","[181092, 131597]","[2, 3, 4, 5, 6, 7]","[20584, 6385, 4771, 2447, 1906, 914]",bic,-2304033.6458547427,ok
detexture_ade20k_multi,feature_cluster_coarse_global_pooled_oracle_k,training,366,training_ADE_train_00015048,detexture_multi_partition_v1,multi_partition_invariant,0.8494405584773247,0.845347273368316,0.7857310627381974,3,8,3,1.0,0.9377831030380673,327939,349696,21757,3,3,True,hungarian_iou_assignment,"[0.9189460220005117, 0.9524007756099164, 0.6769748778215459]","[{""pred_label"": 0, ""gt_label"": 0, ""iou"": 0.9189460220005117}, {""pred_label"": 1, ""gt_label"": 1, ""iou"": 0.9524007756099164}, {""pred_label"": 2, ""gt_label"": 2, ""iou"": 0.6769748778215459}]",fpn_2,fpn_2,72x72,1,3,3,24x24,pooled_avg_pool_multi_way,False,False,False,,,,"[196377, 92722, 60597]",jpeg_color_clustering_bic,-1,5,21757,0.06221689696193265,8,3,11674,"{""1"": -908492.6066238998, ""2"": -998538.1178828668, ""3"": -1509686.6816072892, ""4"": -1597627.2737343148, ""5"": -1714402.7139619063, ""6"": -1718172.524109459, ""7"": -2582187.59814722, ""8"": -2747759.2726012957}","[194188, 89020, 44731, 7601, 6206, 4401, 3040, 509]","[194188, 89020, 44731]","[3, 4, 5, 6, 7]","[7601, 6206, 4401, 3040, 509]",bic,-2747759.2726012957,ok
detexture_ade20k_multi,feature_cluster_coarse_global_pooled_oracle_k,training,367,training_ADE_train_00015066,detexture_multi_partition_v1,multi_partition_invariant,0.6014156336648541,0.5990403952479597,0.592425236979911,3,8,3,1.0,0.9658932329795022,337769,349696,11927,3,3,True,hungarian_iou_assignment,"[0.9268056907425433, 0.47653874057409185, 0.40090246967792736]","[{""pred_label"": 0, ""gt_label"": 0, ""iou"": 0.9268056907425433}, {""pred_label"": 1, ""gt_label"": 2, ""iou"": 0.47653874057409185}, {""pred_label"": 2, ""gt_label"": 1, ""iou"": 0.40090246967792736}]",fpn_2,fpn_2,72x72,1,3,3,24x24,pooled_avg_pool_multi_way,False,False,False,,,,"[141300, 133134, 75262]",jpeg_color_clustering_bic,-1,5,11927,0.0341067670204978,8,3,14217,"{""1"": -668674.5202004372, ""2"": -678991.2973100235, ""3"": -857249.7646993562, ""4"": -1995403.5448104076, ""5"": -2175516.823010597, ""6"": -2216794.9028788353, ""7"": -2257491.9099132707, ""8"": -2275163.9901209637}","[149765, 117373, 70631, 6028, 1866, 1618, 1476, 939]","[149765, 117373, 70631]","[3, 4, 5, 6, 7]","[6028, 1866, 1618, 1476, 939]",bic,-2275163.9901209637,ok
detexture_ade20k_multi,feature_cluster_coarse_global_pooled_oracle_k,training,368,training_ADE_train_00015075,detexture_multi_partition_v1,multi_partition_invariant,0.7709143563043734,0.6888057347103561,0.6658826007229139,3,8,3,1.0,0.964752197265625,63226,65536,2310,3,3,True,hungarian_iou_assignment,"[0.8111843162461835, 0.9096362751986165, 0.5919224774683202]","[{""pred_label"": 0, ""gt_label"": 0, ""iou"": 0.8111843162461835}, {""pred_label"": 1, ""gt_label"": 1, ""iou"": 0.9096362751986165}, {""pred_label"": 2, ""gt_label"": 2, ""iou"": 0.5919224774683202}]",fpn_2,fpn_2,72x72,1,3,3,24x24,pooled_avg_pool_multi_way,False,False,False,,,,"[31812, 18446, 15278]",jpeg_color_clustering_bic,-1,5,2310,0.035247802734375,8,3,5947,"{""1"": -159527.86476964172, ""2"": -228799.67564561145, ""3"": -264835.89965543454, ""4"": -404296.2762433546, ""5"": -421988.67582456116, ""6"": -435191.0512376488, ""7"": -450580.549499437, ""8"": -454964.97598555166}","[36575, 17781, 8870, 1051, 526, 436, 271, 26]","[36575, 17781, 8870]","[3, 4, 5, 6, 7]","[1051, 526, 436, 271, 26]",bic,-454964.97598555166,ok
detexture_ade20k_multi,feature_cluster_coarse_global_pooled_oracle_k,training,369,training_ADE_train_00015077,detexture_multi_partition_v1,multi_partition_invariant,0.6660062789052422,0.6902429098772438,0.7114655662435414,3,8,3,1.0,0.8733367919921875,57235,65536,8301,3,3,True,hungarian_iou_assignment,"[0.9806391415908561, 0.47920415402807054, 0.5381755410967999]","[{""pred_label"": 0, ""gt_label"": 0, ""iou"": 0.9806391415908561}, {""pred_label"": 1, ""gt_label"": 2, ""iou"": 0.47920415402807054}, {""pred_label"": 2, ""gt_label"": 1, ""iou"": 0.5381755410967999}]",fpn_2,fpn_2,72x72,1,3,3,24x24,pooled_avg_pool_multi_way,False,False,False,,,,"[28718, 21370, 15448]",jpeg_color_clustering_bic,-1,5,8301,0.1266632080078125,8,3,10457,"{""1"": -155369.10298523997, ""2"": -177791.05544462884, ""3"": -218114.72586974181, ""4"": -301737.25025757926, ""5"": -311058.3780782261, ""6"": -342843.9500320124, ""7"": -348377.99156073324, ""8"": -385768.2535153418}","[25578, 22336, 9321, 3835, 1617, 1417, 904, 528]","[25578, 22336, 9321]","[3, 4, 5, 6, 7]","[3835, 1617, 1417, 904, 528]",bic,-385768.2535153418,ok
detexture_ade20k_multi,feature_cluster_coarse_global_pooled_oracle_k,training,370,training_ADE_train_00015238,detexture_multi_partition_v1,multi_partition_invariant,0.907043296180078,0.8844656203942752,0.8569669900572381,3,8,3,1.0,0.939117431640625,61546,65536,3990,3,3,True,hungarian_iou_assignment,"[0.9238452750122409, 0.9847801578354002, 0.8125044556925929]","[{""pred_label"": 0, ""gt_label"": 0, ""iou"": 0.9238452750122409}, {""pred_label"": 1, ""gt_label"": 1, ""iou"": 0.9847801578354002}, {""pred_label"": 2, ""gt_label"": 2, ""iou"": 0.8125044556925929}]",fpn_2,fpn_2,72x72,1,3,3,24x24,pooled_avg_pool_multi_way,False,False,False,,,,"[28729, 20345, 16462]",jpeg_color_clustering_bic,-1,5,3990,0.060882568359375,8,3,3862,"{""1"": -148466.5155933885, ""2"": -157984.50824391923, ""3"": -187402.51174469304, ""4"": -360607.9011418737, ""5"": -366598.5314957515, ""6"": -469970.40324501134, ""7"": -483417.9831378337, ""8"": -489237.16865138104}","[30575, 19447, 11524, 1618, 1125, 563, 529, 155]","[30575, 19447, 11524]","[3, 4, 5, 6, 7]","[1618, 1125, 563, 529, 155]",bic,-489237.16865138104,ok
detexture_ade20k_multi,feature_cluster_coarse_global_pooled_oracle_k,training,371,training_ADE_train_00015251,detexture_multi_partition_v1,multi_partition_invariant,0.6222042907393746,0.49027764819577824,0.5942480728219895,3,8,3,1.0,0.9012378246753247,355304,394240,38936,3,3,True,hungarian_iou_assignment,"[0.5511078286558345, 0.8678316005562545, 0.4476734430060347]","[{""pred_label"": 0, ""gt_label"": 2, ""iou"": 0.5511078286558345}, {""pred_label"": 1, ""gt_label"": 1, ""iou"": 0.8678316005562545}, {""pred_label"": 2, ""gt_label"": 0, ""iou"": 0.4476734430060347}]",fpn_2,fpn_2,72x72,1,3,3,24x24,pooled_avg_pool_multi_way,False,False,False,,,,"[164641, 117268, 112331]",jpeg_color_clustering_bic,-1,5,38936,0.09876217532467532,8,3,11866,"{""1"": -785809.7049622821, ""2"": -962604.7047662219, ""3"": -1352326.3507065834, ""4"": -2106689.8974401737, ""5"": -2514684.546155623, ""6"": -2732635.8120240495, ""7"": -2740680.2443551007, ""8"": -2764121.905801568}","[145898, 119862, 89544, 21021, 12624, 3652, 1047, 592]","[145898, 119862, 89544]","[3, 4, 5, 6, 7]","[21021, 12624, 3652, 1047, 592]",bic,-2764121.905801568,ok
detexture_ade20k_multi,feature_cluster_coarse_global_pooled_oracle_k,training,372,training_ADE_train_00015265,detexture_multi_partition_v1,multi_partition_invariant,0.5073283095151292,0.6315222113570701,0.681910017510461,3,8,3,1.0,0.9319609031844802,325903,349696,23793,3,3,True,hungarian_iou_assignment,"[0.6084253691257582, 0.8568914677066489, 0.05666809171298067]","[{""pred_label"": 0, ""gt_label"": 1, ""iou"": 0.6084253691257582}, {""pred_label"": 1, ""gt_label"": 0, ""iou"": 0.8568914677066489}, {""pred_label"": 2, ""gt_label"": 2, ""iou"": 0.05666809171298067}]",fpn_2,fpn_2,72x72,1,3,3,24x24,pooled_avg_pool_multi_way,False,False,False,,,,"[158111, 146647, 44938]",jpeg_color_clustering_bic,-1,5,23793,0.06803909681551977,8,3,9047,"{""1"": -651543.416610286, ""2"": -759940.3458565234, ""3"": -1194283.2632857638, ""4"": -2618149.6305774683, ""5"": -2719894.7199931405, ""6"": -2867360.289971409, ""7"": -3012915.920694368, ""8"": -3054963.905216209}","[168208, 92881, 64814, 16742, 2445, 2042, 1570, 994]","[168208, 92881, 64814]","[3, 4, 5, 6, 7]","[16742, 2445, 2042, 1570, 994]",bic,-3054963.905216209,ok
detexture_ade20k_multi,feature_cluster_coarse_global_pooled_oracle_k,training,373,training_ADE_train_00015286,detexture_multi_partition_v1,multi_partition_invariant,0.9331083385590073,0.9129031719673164,0.8768360135709352,3,8,3,1.0,0.9800483848828697,342719,349696,6977,3,3,True,hungarian_iou_assignment,"[0.9533932569251846, 0.9647997859627219, 0.8811319727891156]","[{""pred_label"": 0, ""gt_label"": 0, ""iou"": 0.9533932569251846}, {""pred_label"": 1, ""gt_label"": 1, ""iou"": 0.9647997859627219}, {""pred_label"": 2, ""gt_label"": 2, ""iou"": 0.8811319727891156}]",fpn_2,fpn_2,72x72,1,3,3,24x24,pooled_avg_pool_multi_way,False,False,False,,,,"[145479, 110729, 93488]",jpeg_color_clustering_bic,-1,5,6977,0.019951615117130308,8,3,8053,"{""1"": -607261.6948948307, ""2"": -620681.1942825546, ""3"": -1308937.3782483481, ""4"": -2434596.7313129087, ""5"": -2540872.8626141953, ""6"": -2692446.4710458163, ""7"": -2848713.0138943386, ""8"": -2861493.3968309434}","[149635, 110814, 82270, 2678, 1548, 1299, 1257, 195]","[149635, 110814, 82270]","[3, 4, 5, 6, 7]","[2678, 1548, 1299, 1257, 195]",bic,-2861493.3968309434,ok
detexture_ade20k_multi,feature_cluster_coarse_global_pooled_oracle_k,training,374,training_ADE_train_00015635,detexture_multi_partition_v1,multi_partition_invariant,0.8900290439768247,0.8414065727343896,0.7894528243046998,3,8,3,1.0,0.9235898905016552,116062,125664,9602,3,3,True,hungarian_iou_assignment,"[0.9177341581023818, 0.8717273221075502, 0.8806256517205422]","[{""pred_label"": 0, ""gt_label"": 0, ""iou"": 0.9177341581023818}, {""pred_label"": 1, ""gt_label"": 1, ""iou"": 0.8717273221075502}, {""pred_label"": 2, ""gt_label"": 2, ""iou"": 0.8806256517205422}]",fpn_2,fpn_2,72x72,1,3,3,24x24,pooled_avg_pool_multi_way,False,False,False,,,,"[63121, 37672, 24871]",jpeg_color_clustering_bic,-1,5,9602,0.07641010949834479,8,3,6720,"{""1"": -301259.97617385286, ""2"": -326689.943587308, ""3"": -390939.9535976881, ""4"": -645299.3454138899, ""5"": -650561.9040316095, ""6"": -830557.0364558371, ""7"": -846657.3557723397, ""8"": -962478.7797251422}","[61517, 33231, 21314, 3086, 2237, 1898, 1860, 521]","[61517, 33231, 21314]","[3, 4, 5, 6, 7]","[3086, 2237, 1898, 1860, 521]",bic,-962478.7797251422,ok
detexture_ade20k_multi,feature_cluster_coarse_global_pooled_oracle_k,training,375,training_ADE_train_00015648,detexture_multi_partition_v1,multi_partition_invariant,0.5453248868132188,0.7452949185111406,0.7529284160971164,4,8,4,1.0,0.9563248005319149,345195,360960,15765,4,4,True,hungarian_iou_assignment,"[0.9204350559383793, 0.5856176694337856, 0.6752468218807104, 0.0]","[{""pred_label"": 0, ""gt_label"": 0, ""iou"": 0.9204350559383793}, {""pred_label"": 1, ""gt_label"": 1, ""iou"": 0.5856176694337856}, {""pred_label"": 2, ""gt_label"": 2, ""iou"": 0.6752468218807104}, {""pred_label"": 3, ""gt_label"": 3, ""iou"": 0.0}]",fpn_2,fpn_2,72x72,1,3,3,24x24,pooled_avg_pool_multi_way,False,False,False,,,,"[152711, 120555, 73348, 14346]",jpeg_color_clustering_bic,-1,4,15765,0.0436751994680851,8,4,11197,"{""1"": -676772.2809889949, ""2"": -713577.4808063532, ""3"": -971890.6678597971, ""4"": -1456793.1332981456, ""5"": -2006919.0344292796, ""6"": -2275063.9475013753, ""7"": -2382938.1293151723, ""8"": -2423676.591463949}","[163829, 72067, 61766, 47533, 8267, 4184, 1992, 1322]","[163829, 72067, 61766, 47533]","[4, 5, 6, 7]","[8267, 4184, 1992, 1322]",bic,-2423676.591463949,ok
detexture_ade20k_multi,feature_cluster_coarse_global_pooled_oracle_k,training,376,training_ADE_train_00015665,detexture_multi_partition_v1,multi_partition_invariant,0.459043237495558,0.4052258472595254,0.34917611500964596,3,8,3,1.0,0.7378132530120481,122477,166000,43523,3,3,True,hungarian_iou_assignment,"[0.436507538947052, 0.7632600061106019, 0.17736216742901995]","[{""pred_label"": 0, ""gt_label"": 1, ""iou"": 0.436507538947052}, {""pred_label"": 1, ""gt_label"": 0, ""iou"": 0.7632600061106019}, {""pred_label"": 2, ""gt_label"": 2, ""iou"": 0.17736216742901995}]",fpn_2,fpn_2,72x72,1,3,3,24x24,pooled_avg_pool_multi_way,False,False,False,,,,"[58506, 57558, 49936]",jpeg_color_clustering_bic,-1,5,43523,0.2621867469879518,8,3,24325,"{""1"": -341609.526222389, ""2"": -412689.10040471127, ""3"": -491076.1153916347, ""4"": -543965.3146400948, ""5"": -566745.5804345346, ""6"": -647379.962457991, ""7"": -658254.5583790737, ""8"": -661970.4348554104}","[63791, 33930, 24756, 17835, 10841, 6889, 4702, 3256]","[63791, 33930, 24756]","[3, 4, 5, 6, 7]","[17835, 10841, 6889, 4702, 3256]",bic,-661970.4348554104,ok
detexture_ade20k_multi,feature_cluster_coarse_global_pooled_oracle_k,training,377,training_ADE_train_00015678,detexture_multi_partition_v1,multi_partition_invariant,0.4485974916636393,0.4975303130592604,0.6007524562808452,3,8,3,1.0,0.8826027397260274,115974,131400,15426,3,3,True,hungarian_iou_assignment,"[0.5252715523167881, 0.8205209226741299, 0.0]","[{""pred_label"": 0, ""gt_label"": 1, ""iou"": 0.5252715523167881}, {""pred_label"": 1, ""gt_label"": 0, ""iou"": 0.8205209226741299}, {""pred_label"": 2, ""gt_label"": 2, ""iou"": 0.0}]",fpn_2,fpn_2,72x72,1,3,3,24x24,pooled_avg_pool_multi_way,False,False,False,,,,"[73974, 38000, 19426]",jpeg_color_clustering_bic,-1,5,15426,0.1173972602739726,8,3,8492,"{""1"": -205840.73596827374, ""2"": -258793.42077377037, ""3"": -480963.791853332, ""4"": -832453.4004050231, ""5"": -855082.839932343, ""6"": -899882.7846026403, ""7"": -966773.1226499986, ""8"": -973738.2746866868}","[44306, 40267, 31401, 11159, 2078, 1397, 526, 266]","[44306, 40267, 31401]","[3, 4, 5, 6, 7]","[11159, 2078, 1397, 526, 266]",bic,-973738.2746866868,ok
detexture_ade20k_multi,feature_cluster_coarse_global_pooled_oracle_k,training,378,training_ADE_train_00015864,detexture_multi_partition_v1,multi_partition_invariant,0.4346651382035243,0.4632839288787836,0.5209888863662382,4,8,4,1.0,0.859466552734375,56326,65536,9210,4,4,True,hungarian_iou_assignment,"[0.5727228446176328, 0.6941312518068806, 0.4461629541922593, 0.025643502197324575]","[{""pred_label"": 0, ""gt_label"": 0, ""iou"": 0.5727228446176328}, {""pred_label"": 1, ""gt_label"": 2, ""iou"": 0.6941312518068806}, {""pred_label"": 2, ""gt_label"": 3, ""iou"": 0.4461629541922593}, {""pred_label"": 3, ""gt_label"": 1, ""iou"": 0.025643502197324575}]",fpn_2,fpn_2,72x72,1,3,3,24x24,pooled_avg_pool_multi_way,False,False,False,,,,"[30933, 16501, 12420, 5682]",jpeg_color_clustering_bic,-1,4,9210,0.140533447265625,8,4,13794,"{""1"": -144228.36428058147, ""2"": -178674.3419829967, ""3"": -196905.3228629548, ""4"": -225024.5667073792, ""5"": -224851.92338308494, ""6"": -248437.58277027932, ""7"": -275568.74869330425, ""8"": -287792.40358154924}","[17690, 15912, 11576, 11148, 3815, 2653, 1738, 1004]","[17690, 15912, 11576, 11148]","[4, 5, 6, 7]","[3815, 2653, 1738, 1004]",bic,-287792.40358154924,ok
detexture_ade20k_multi,feature_cluster_coarse_global_pooled_oracle_k,training,379,training_ADE_train_00015868,detexture_multi_partition_v1,multi_partition_invariant,0.941145774901925,0.9289177828279598,0.887876934260084,3,8,3,1.0,0.9357452392578125,61325,65536,4211,3,3,True,hungarian_iou_assignment,"[0.964824120603015, 0.8836524300441826, 0.9749607740585774]","[{""pred_label"": 0, ""gt_label"": 0, ""iou"": 0.964824120603015}, {""pred_label"": 1, ""gt_label"": 2, ""iou"": 0.8836524300441826}, {""pred_label"": 2, ""gt_label"": 1, ""iou"": 0.9749607740585774}]",fpn_2,fpn_2,72x72,1,3,3,24x24,pooled_avg_pool_multi_way,False,False,False,,,,"[33465, 16096, 15975]",jpeg_color_clustering_bic,-1,5,4211,0.0642547607421875,8,3,3747,"{""1"": -113013.57622517813, ""2"": -125718.16409547253, ""3"": -248643.16834704144, ""4"": -428065.2881026973, ""5"": -447811.49749053153, ""6"": -476008.09262183827, ""7"": -487628.3212477093, ""8"": -494621.1977954621}","[33952, 15146, 12227, 2483, 580, 521, 439, 188]","[33952, 15146, 12227]","[3, 4, 5, 6, 7]","[2483, 580, 521, 439, 188]",bic,-494621.1977954621,ok
detexture_ade20k_multi,feature_cluster_coarse_global_pooled_oracle_k,training,380,training_ADE_train_00015869,detexture_multi_partition_v1,multi_partition_invariant,0.9858566704896954,0.9799127184170705,0.9456683854091357,2,8,2,1.0,0.6955718994140625,45585,65536,19951,2,2,True,hungarian_iou_assignment,"[0.994946405298295, 0.9767669356810956]","[{""pred_label"": 0, ""gt_label"": 0, ""iou"": 0.994946405298295}, {""pred_label"": 1, ""gt_label"": 1, ""iou"": 0.9767669356810956}]",fpn_2,fpn_2,72x72,1,3,3,24x24,pooled_avg_pool_multi_way,False,False,False,,,,"[45984, 19552]",jpeg_color_clustering_bic,-1,6,19951,0.3044281005859375,8,2,4857,"{""1"": -167948.3283922826, ""2"": -185787.49447145496, ""3"": -235679.37742684956, ""4"": -290237.92333002755, ""5"": -253797.9866517424, ""6"": -323742.6559159809, ""7"": -397238.6752217151, ""8"": -460167.90329175617}","[37547, 8038, 7839, 7437, 1605, 1582, 1265, 223]","[37547, 8038]","[2, 3, 4, 5, 6, 7]","[7839, 7437, 1605, 1582, 1265, 223]",bic,-460167.90329175617,ok
detexture_ade20k_multi,feature_cluster_coarse_global_pooled_oracle_k,training,381,training_ADE_train_00015872,detexture_multi_partition_v1,multi_partition_invariant,0.8999795686386401,0.8838687950496226,0.8342537983856514,3,8,3,1.0,0.8516204352292892,91183,107070,15887,3,3,True,hungarian_iou_assignment,"[0.9604478439197428, 0.8780601466384989, 0.8614307153576788]","[{""pred_label"": 0, ""gt_label"": 0, ""iou"": 0.9604478439197428}, {""pred_label"": 1, ""gt_label"": 1, ""iou"": 0.8780601466384989}, {""pred_label"": 2, ""gt_label"": 2, ""iou"": 0.8614307153576788}]",fpn_2,fpn_2,72x72,1,3,3,24x24,pooled_avg_pool_multi_way,False,False,False,,,,"[44622, 31902, 30546]",jpeg_color_clustering_bic,-1,5,15887,0.14837956477071074,8,3,8326,"{""1"": -206215.72767028643, ""2"": -210315.8681518615, ""3"": -322526.76551815757, ""4"": -480254.54036492965, ""5"": -491865.32027202146, ""6"": -498208.2588433883, ""7"": -742329.2137568602, ""8"": -761357.8508588139}","[44965, 30625, 15593, 11559, 1822, 1091, 744, 671]","[44965, 30625, 15593]","[3, 4, 5, 6, 7]","[11559, 1822, 1091, 744, 671]",bic,-761357.8508588139,ok
detexture_ade20k_multi,feature_cluster_coarse_global_pooled_oracle_k,training,382,training_ADE_train_00015874,detexture_multi_partition_v1,multi_partition_invariant,0.47937750306098736,0.584394375202505,0.6857296206986193,4,8,4,1.0,0.8364722501830161,292511,349696,57185,4,4,True,hungarian_iou_assignment,"[0.5005135796501616, 0.8758665794637017, 0.00988115602773026, 0.5312486971023557]","[{""pred_label"": 0, ""gt_label"": 2, ""iou"": 0.5005135796501616}, {""pred_label"": 1, ""gt_label"": 0, ""iou"": 0.8758665794637017}, {""pred_label"": 2, ""gt_label"": 3, ""iou"": 0.00988115602773026}, {""pred_label"": 3, ""gt_label"": 1, ""iou"": 0.5312486971023557}]",fpn_2,fpn_2,72x72,1,3,3,24x24,pooled_avg_pool_multi_way,False,False,False,,,,"[152265, 115101, 42145, 40185]",jpeg_color_clustering_bic,-1,4,57185,0.1635277498169839,8,4,15528,"{""1"": -519215.7076292564, ""2"": -697052.8869952474, ""3"": -1167638.2328485204, ""4"": -1337056.7042495962, ""5"": -1438723.21771031, ""6"": -2335242.393178951, ""7"": -2424198.9315563575, ""8"": -2532261.4960413435}","[97603, 71137, 67891, 55880, 36386, 16265, 2827, 1707]","[97603, 71137, 67891, 55880]","[4, 5, 6, 7]","[36386, 16265, 2827, 1707]",bic,-2532261.4960413435,ok
detexture_ade20k_multi,feature_cluster_coarse_global_pooled_oracle_k,training,383,training_ADE_train_00015875,detexture_multi_partition_v1,multi_partition_invariant,0.625573200183425,0.661985534445526,0.6801113159224852,4,8,4,1.0,0.8485870361328125,55613,65536,9923,4,4,True,hungarian_iou_assignment,"[0.6184175707859222, 0.9003937492309585, 0.921008785216601, 0.06247269550021844]","[{""pred_label"": 0, ""gt_label"": 0, ""iou"": 0.6184175707859222}, {""pred_label"": 1, ""gt_label"": 1, ""iou"": 0.9003937492309585}, {""pred_label"": 2, ""gt_label"": 2, ""iou"": 0.921008785216601}, {""pred_label"": 3, ""gt_label"": 3, ""iou"": 0.06247269550021844}]",fpn_2,fpn_2,72x72,1,3,3,24x24,pooled_avg_pool_multi_way,False,False,False,,,,"[25447, 16249, 13443, 10397]",jpeg_color_clustering_bic,-1,4,9923,0.1514129638671875,8,4,7222,"{""1"": -125624.74604163441, ""2"": -145160.01123855606, ""3"": -198180.86878923973, ""4"": -233232.0703948312, ""5"": -270816.02024253894, ""6"": -362520.681199722, ""7"": -406832.16028498235, ""8"": -409028.19903624227}","[18397, 15102, 12837, 9277, 4698, 2869, 2324, 32]","[18397, 15102, 12837, 9277]","[4, 5, 6, 7]","[4698, 2869, 2324, 32]",bic,-409028.19903624227,ok
detexture_ade20k_multi,feature_cluster_coarse_global_pooled_oracle_k,training,384,training_ADE_train_00015876,detexture_multi_partition_v1,multi_partition_invariant,0.6583485048727606,0.7340592955694907,0.7469813124649115,4,8,4,1.0,0.8990844444444445,101147,112500,11353,4,4,True,hungarian_iou_assignment,"[0.5925074279808811, 0.9483353208495826, 0.9094389935386824, 0.1831122771218967]","[{""pred_label"": 0, ""gt_label"": 2, ""iou"": 0.5925074279808811}, {""pred_label"": 1, ""gt_label"": 0, ""iou"": 0.9483353208495826}, {""pred_label"": 2, ""gt_label"": 1, ""iou"": 0.9094389935386824}, {""pred_label"": 3, ""gt_label"": 3, ""iou"": 0.1831122771218967}]",fpn_2,fpn_2,72x72,1,3,3,24x24,pooled_avg_pool_multi_way,False,False,False,,,,"[41738, 30132, 29982, 10648]",jpeg_color_clustering_bic,-1,4,11353,0.10091555555555555,8,4,8798,"{""1"": -228570.64127677694, ""2"": -247623.15275260527, ""3"": -348714.9147669597, ""4"": -465356.1425422661, ""5"": -529208.0386512813, ""6"": -533571.5928031213, ""7"": -796062.8071345545, ""8"": -820022.0807277822}","[30809, 27776, 25554, 17008, 7317, 2612, 769, 655]","[30809, 27776, 25554, 17008]","[4, 5, 6, 7]","[7317, 2612, 769, 655]",bic,-820022.0807277822,ok
detexture_ade20k_multi,feature_cluster_coarse_global_pooled_oracle_k,training,385,training_ADE_train_00015877,detexture_multi_partition_v1,multi_partition_invariant,0.6025374131870346,0.6297033602494556,0.6551016600509234,4,8,4,1.0,0.934967041015625,61274,65536,4262,4,4,True,hungarian_iou_assignment,"[0.7300207039337474, 0.6878414013938595, 0.9673866276568281, 0.024900919763702983]","[{""pred_label"": 0, ""gt_label"": 0, ""iou"": 0.7300207039337474}, {""pred_label"": 1, ""gt_label"": 1, ""iou"": 0.6878414013938595}, {""pred_label"": 2, ""gt_label"": 2, ""iou"": 0.9673866276568281}, {""pred_label"": 3, ""gt_label"": 3, ""iou"": 0.024900919763702983}]",fpn_2,fpn_2,72x72,1,3,3,24x24,pooled_avg_pool_multi_way,False,False,False,,,,"[28124, 18123, 12064, 7225]",jpeg_color_clustering_bic,-1,4,4262,0.065032958984375,8,4,5423,"{""1"": -142419.32416724486, ""2"": -151152.25260474105, ""3"": -189585.67179227236, ""4"": -258550.46753700858, ""5"": -366112.55602304364, ""6"": -372701.3827121661, ""7"": -375804.8646902942, ""8"": -459791.28390864073}","[22357, 17861, 11612, 9444, 2451, 794, 670, 347]","[22357, 17861, 11612, 9444]","[4, 5, 6, 7]","[2451, 794, 670, 347]",bic,-459791.28390864073,ok
detexture_ade20k_multi,feature_cluster_coarse_global_pooled_oracle_k,training,386,training_ADE_train_00015883,detexture_multi_partition_v1,multi_partition_invariant,0.944571319028145,0.9020356062717276,0.8900747935761013,3,8,3,1.0,0.8006591796875,52472,65536,13064,3,3,True,hungarian_iou_assignment,"[0.931740614334471, 0.9100354054210923, 0.9919379373288714]","[{""pred_label"": 0, ""gt_label"": 0, ""iou"": 0.931740614334471}, {""pred_label"": 1, ""gt_label"": 1, ""iou"": 0.9100354054210923}, {""pred_label"": 2, ""gt_label"": 2, ""iou"": 0.9919379373288714}]",fpn_2,fpn_2,72x72,1,3,3,24x24,pooled_avg_pool_multi_way,False,False,False,,,,"[25916, 20203, 19417]",jpeg_color_clustering_bic,-1,5,13064,0.1993408203125,8,3,7828,"{""1"": -144064.334098808, ""2"": -156304.58099598865, ""3"": -188831.0858440122, ""4"": -197069.04796045317, ""5"": -306421.17333689565, ""6"": -307492.2414768184, ""7"": -396637.3932678995, ""8"": -427390.7742293955}","[23637, 15707, 13128, 7001, 2721, 1618, 1427, 297]","[23637, 15707, 13128]","[3, 4, 5, 6, 7]","[7001, 2721, 1618, 1427, 297]",bic,-427390.7742293955,ok
detexture_ade20k_multi,feature_cluster_coarse_global_pooled_oracle_k,training,387,training_ADE_train_00015887,detexture_multi_partition_v1,multi_partition_invariant,0.9661276509255232,0.9392877781363146,0.8903351419425121,2,8,2,1.0,0.8207785467128028,284646,346800,62154,2,2,True,hungarian_iou_assignment,"[0.9776878779747776, 0.9545674238762687]","[{""pred_label"": 0, ""gt_label"": 0, ""iou"": 0.9776878779747776}, {""pred_label"": 1, ""gt_label"": 1, ""iou"": 0.9545674238762687}]",fpn_2,fpn_2,72x72,1,3,3,24x24,pooled_avg_pool_multi_way,False,False,False,,,,"[193637, 153163]",jpeg_color_clustering_bic,-1,6,62154,0.17922145328719724,8,2,8233,"{""1"": -671542.516499261, ""2"": -815776.7549725658, ""3"": -1241134.5827914563, ""4"": -2457693.157862591, ""5"": -2536435.196462579, ""6"": -2667212.7174854255, ""7"": -2836654.330168736, ""8"": -2882203.0690978398}","[193670, 90976, 38144, 18429, 2460, 1649, 930, 542]","[193670, 90976]","[2, 3, 4, 5, 6, 7]","[38144, 18429, 2460, 1649, 930, 542]",bic,-2882203.0690978398,ok
detexture_ade20k_multi,feature_cluster_coarse_global_pooled_oracle_k,training,388,training_ADE_train_00015891,detexture_multi_partition_v1,multi_partition_invariant,0.9330356527364702,0.9106856935853679,0.871675712209214,3,8,3,1.0,0.92730712890625,60772,65536,4764,3,3,True,hungarian_iou_assignment,"[0.9736320052901306, 0.9000160059755642, 0.925458946943716]","[{""pred_label"": 0, ""gt_label"": 0, ""iou"": 0.9736320052901306}, {""pred_label"": 1, ""gt_label"": 2, ""iou"": 0.9000160059755642}, {""pred_label"": 2, ""gt_label"": 1, ""iou"": 0.925458946943716}]",fpn_2,fpn_2,72x72,1,3,3,24x24,pooled_avg_pool_multi_way,False,False,False,,,,"[26724, 19811, 19001]",jpeg_color_clustering_bic,-1,5,4764,0.07269287109375,8,3,6806,"{""1"": -114219.7614515474, ""2"": -119805.05840494788, ""3"": -193453.09829918438, ""4"": -200942.61526419595, ""5"": -366194.11047622154, ""6"": -398442.9512641776, ""7"": -418992.41011253523, ""8"": -424792.64119485667}","[23763, 19651, 17358, 1536, 1147, 910, 773, 398]","[23763, 19651, 17358]","[3, 4, 5, 6, 7]","[1536, 1147, 910, 773, 398]",bic,-424792.64119485667,ok
detexture_ade20k_multi,feature_cluster_coarse_global_pooled_oracle_k,training,389,training_ADE_train_00015893,detexture_multi_partition_v1,multi_partition_invariant,0.8822161127999119,0.8639519281578272,0.8333076239504169,4,8,4,1.0,0.92254638671875,60460,65536,5076,4,4,True,hungarian_iou_assignment,"[0.9459968860116365, 0.8317611045167739, 0.8397127468581688, 0.9113937138130687]","[{""pred_label"": 0, ""gt_label"": 0, ""iou"": 0.9459968860116365}, {""pred_label"": 1, ""gt_label"": 1, ""iou"": 0.8317611045167739}, {""pred_label"": 2, ""gt_label"": 2, ""iou"": 0.8397127468581688}, {""pred_label"": 3, ""gt_label"": 3, ""iou"": 0.9113937138130687}]",fpn_2,fpn_2,72x72,1,3,3,24x24,pooled_avg_pool_multi_way,False,False,False,,,,"[25753, 17361, 12811, 9611]",jpeg_color_clustering_bic,-1,4,5076,0.07745361328125,8,4,7289,"{""1"": -131516.34825963504, ""2"": -139269.0841230634, ""3"": -187593.87496999564, ""4"": -260659.86019476462, ""5"": -270543.78682837874, ""6"": -271563.5172832853, ""7"": -411197.1870954496, ""8"": -436082.23981691484}","[23610, 14243, 12996, 9611, 2538, 1168, 870, 500]","[23610, 14243, 12996, 9611]","[4, 5, 6, 7]","[2538, 1168, 870, 500]",bic,-436082.23981691484,ok
detexture_ade20k_multi,feature_cluster_coarse_global_pooled_oracle_k,training,390,training_ADE_train_00015895,detexture_multi_partition_v1,multi_partition_invariant,0.9861418214062845,0.9722924270990022,0.9403724270363301,2,8,2,1.0,0.86187744140625,56484,65536,9052,2,2,True,hungarian_iou_assignment,"[0.9859074325774376, 0.9863762102351314]","[{""pred_label"": 0, ""gt_label"": 1, ""iou"": 0.9859074325774376}, {""pred_label"": 1, ""gt_label"": 0, ""iou"": 0.9863762102351314}]",fpn_2,fpn_2,72x72,1,3,3,24x24,pooled_avg_pool_multi_way,False,False,False,,,,"[36519, 29017]",jpeg_color_clustering_bic,-1,6,9052,0.13812255859375,8,2,4091,"{""1"": -147406.23919553668, ""2"": -153641.56927975285, ""3"": -221679.734894128, ""4"": -419115.49548281153, ""5"": -441946.62260285544, ""6"": -474591.4020604571, ""7"": -484737.9282955267, ""8"": -494634.06805904163}","[28669, 27815, 6734, 718, 596, 554, 240, 210]","[28669, 27815]","[2, 3, 4, 5, 6, 7]","[6734, 718, 596, 554, 240, 210]",bic,-494634.06805904163,ok
detexture_ade20k_multi,feature_cluster_coarse_global_pooled_oracle_k,training,391,training_ADE_train_00015898,detexture_multi_partition_v1,multi_partition_invariant,0.487913841396733,0.5714002013590137,0.6781501684459935,4,8,4,1.0,0.845733642578125,55426,65536,10110,4,4,True,hungarian_iou_assignment,"[0.4624130879345603, 0.06286011145744781, 0.9383841770030171, 0.4879979891919065]","[{""pred_label"": 0, ""gt_label"": 3, ""iou"": 0.4624130879345603}, {""pred_label"": 1, ""gt_label"": 2, ""iou"": 0.06286011145744781}, {""pred_label"": 2, ""gt_label"": 1, ""iou"": 0.9383841770030171}, {""pred_label"": 3, ""gt_label"": 0, ""iou"": 0.4879979891919065}]",fpn_2,fpn_2,72x72,1,3,3,24x24,pooled_avg_pool_multi_way,False,False,False,,,,"[26461, 16000, 15136, 7939]",jpeg_color_clustering_bic,-1,4,10110,0.154266357421875,8,4,6339,"{""1"": -126087.87663223848, ""2"": -137786.08193284523, ""3"": -199525.2385290118, ""4"": -222657.22304779664, ""5"": -271327.54211543564, ""6"": -294858.0710981497, ""7"": -295877.6326662348, ""8"": -424811.6428916756}","[15868, 14249, 14003, 11306, 4158, 4097, 1764, 91]","[15868, 14249, 14003, 11306]","[4, 5, 6, 7]","[4158, 4097, 1764, 91]",bic,-424811.6428916756,ok
detexture_ade20k_multi,feature_cluster_coarse_global_pooled_oracle_k,training,392,training_ADE_train_00015901,detexture_multi_partition_v1,multi_partition_invariant,0.6528890052972404,0.592795595999924,0.6457815538254787,4,8,4,1.0,0.9329376220703125,61141,65536,4395,4,4,True,hungarian_iou_assignment,"[0.5353943506270727, 0.9231283795083338, 0.8247462617184473, 0.32828702933510784]","[{""pred_label"": 0, ""gt_label"": 0, ""iou"": 0.5353943506270727}, {""pred_label"": 1, ""gt_label"": 1, ""iou"": 0.9231283795083338}, {""pred_label"": 2, ""gt_label"": 3, ""iou"": 0.8247462617184473}, {""pred_label"": 3, ""gt_label"": 2, ""iou"": 0.32828702933510784}]",fpn_2,fpn_2,72x72,1,3,3,24x24,pooled_avg_pool_multi_way,False,False,False,,,,"[21891, 17405, 13763, 12477]",jpeg_color_clustering_bic,-1,4,4395,0.0670623779296875,8,4,9980,"{""1"": -123811.34515324357, ""2"": -135242.00379123265, ""3"": -228652.4676315312, ""4"": -257890.21932452687, ""5"": -265441.55988309503, ""6"": -281968.541354663, ""7"": -364358.9836457606, ""8"": -377213.7604323374}","[19114, 17868, 12975, 11184, 1920, 1008, 754, 713]","[19114, 17868, 12975, 11184]","[4, 5, 6, 7]","[1920, 1008, 754, 713]",bic,-377213.7604323374,ok
detexture_ade20k_multi,feature_cluster_coarse_global_pooled_oracle_k,training,393,training_ADE_train_00015906,detexture_multi_partition_v1,multi_partition_invariant,0.9595062766254494,0.9487822349698428,0.906127597985144,3,8,3,1.0,0.9249245283018868,98042,106000,7958,3,3,True,hungarian_iou_assignment,"[0.9681600510801319, 0.9745088988049444, 0.9358498799912721]","[{""pred_label"": 0, ""gt_label"": 0, ""iou"": 0.9681600510801319}, {""pred_label"": 1, ""gt_label"": 1, ""iou"": 0.9745088988049444}, {""pred_label"": 2, ""gt_label"": 2, ""iou"": 0.9358498799912721}]",fpn_2,fpn_2,72x72,1,3,3,24x24,pooled_avg_pool_multi_way,False,False,False,,,,"[47502, 40216, 18282]",jpeg_color_clustering_bic,-1,5,7958,0.07507547169811321,8,3,5752,"{""1"": -182920.5887531121, ""2"": -188025.83374716374, ""3"": -417055.2112162606, ""4"": -574361.7797115657, ""5"": -585759.5385785658, ""6"": -711683.0749218566, ""7"": -762754.3928359166, ""8"": -784099.2784545211}","[46555, 38210, 13277, 4723, 1153, 806, 757, 519]","[46555, 38210, 13277]","[3, 4, 5, 6, 7]","[4723, 1153, 806, 757, 519]",bic,-784099.2784545211,ok
detexture_ade20k_multi,feature_cluster_coarse_global_pooled_oracle_k,training,394,training_ADE_train_00015908,detexture_multi_partition_v1,multi_partition_invariant,0.5426542358751559,0.16883220664993925,0.282966202796822,2,8,2,1.0,0.9035073839662447,274088,303360,29272,2,2,True,hungarian_iou_assignment,"[0.49616972606785775, 0.5891387456824541]","[{""pred_label"": 0, ""gt_label"": 1, ""iou"": 0.49616972606785775}, {""pred_label"": 1, ""gt_label"": 0, ""iou"": 0.5891387456824541}]",fpn_2,fpn_2,72x72,1,3,3,24x24,pooled_avg_pool_multi_way,False,False,False,,,,"[161940, 141420]",jpeg_color_clustering_bic,-1,6,29272,0.09649261603375528,8,2,11244,"{""1"": -845407.4715429804, ""2"": -1280614.2786508799, ""3"": -888512.4353167788, ""4"": -1463884.3719332118, ""5"": -1473504.484256509, ""6"": -1474795.793509953, ""7"": -1695947.4125590161, ""8"": -1699494.8522019638}","[194050, 80038, 22442, 2958, 2539, 537, 445, 351]","[194050, 80038]","[2, 3, 4, 5, 6, 7]","[22442, 2958, 2539, 537, 445, 351]",bic,-1699494.8522019638,ok
detexture_ade20k_multi,feature_cluster_coarse_global_pooled_oracle_k,training,395,training_ADE_train_00015911,detexture_multi_partition_v1,multi_partition_invariant,0.9165257832588913,0.8503605754090734,0.7832932439042801,2,8,2,1.0,0.7430779804503403,136227,183328,47101,2,2,True,hungarian_iou_assignment,"[0.9449705764485035, 0.8880809900692791]","[{""pred_label"": 0, ""gt_label"": 0, ""iou"": 0.9449705764485035}, {""pred_label"": 1, ""gt_label"": 1, ""iou"": 0.8880809900692791}]",fpn_2,fpn_2,72x72,1,3,3,24x24,pooled_avg_pool_multi_way,False,False,False,,,,"[120890, 62438]",jpeg_color_clustering_bic,-1,6,47101,0.25692201954965965,8,2,8939,"{""1"": -364804.1037611063, ""2"": -596467.2335771209, ""3"": -411435.6833478955, ""4"": -828535.275520148, ""5"": -879083.8482842731, ""6"": -883768.4822615299, ""7"": -1317950.1858189213, ""8"": -1356330.8669174458}","[94772, 41455, 19659, 13644, 9941, 1576, 1495, 786]","[94772, 41455]","[2, 3, 4, 5, 6, 7]","[19659, 13644, 9941, 1576, 1495, 786]",bic,-1356330.8669174458,ok
detexture_ade20k_multi,feature_cluster_coarse_global_pooled_oracle_k,training,396,training_ADE_train_00015916,detexture_multi_partition_v1,multi_partition_invariant,0.42992512271311606,0.38668107776697885,0.4624840899139439,3,8,3,1.0,0.9064178466796875,59403,65536,6133,3,3,True,hungarian_iou_assignment,"[0.6990328523180841, 0.27806796349663787, 0.31267455232462626]","[{""pred_label"": 0, ""gt_label"": 1, ""iou"": 0.6990328523180841}, {""pred_label"": 1, ""gt_label"": 2, ""iou"": 0.27806796349663787}, {""pred_label"": 2, ""gt_label"": 0, ""iou"": 0.31267455232462626}]",fpn_2,fpn_2,72x72,1,3,3,24x24,pooled_avg_pool_multi_way,False,False,False,,,,"[28591, 25503, 11442]",jpeg_color_clustering_bic,-1,5,6133,0.0935821533203125,8,3,6477,"{""1"": -140157.53555145918, ""2"": -144073.29386064483, ""3"": -188207.03866877416, ""4"": -326116.12616212695, ""5"": -335646.14131000853, ""6"": -339256.4822506406, ""7"": -377720.4009606688, ""8"": -464217.24135854543}","[23609, 18287, 17507, 2378, 2016, 832, 540, 367]","[23609, 18287, 17507]","[3, 4, 5, 6, 7]","[2378, 2016, 832, 540, 367]",bic,-464217.24135854543,ok
detexture_ade20k_multi,feature_cluster_coarse_global_pooled_oracle_k,training,397,training_ADE_train_00015917,detexture_multi_partition_v1,multi_partition_invariant,0.8484092604418283,0.8025115221409694,0.7619554466296039,3,8,3,1.0,0.8378333333333333,60324,72000,11676,3,3,True,hungarian_iou_assignment,"[0.9539784580016177, 0.7586508684529419, 0.8325984548709252]","[{""pred_label"": 0, ""gt_label"": 1, ""iou"": 0.9539784580016177}, {""pred_label"": 1, ""gt_label"": 2, ""iou"": 0.7586508684529419}, {""pred_label"": 2, ""gt_label"": 0, ""iou"": 0.8325984548709252}]",fpn_2,fpn_2,72x72,1,3,3,24x24,pooled_avg_pool_multi_way,False,False,False,,,,"[24000, 23990, 24010]",jpeg_color_clustering_bic,-1,5,11676,0.16216666666666665,8,3,7179,"{""1"": -171032.5689452344, ""2"": -184622.7911295861, ""3"": -260568.89639425042, ""4"": -284454.6947081202, ""5"": -303589.43619065266, ""6"": -441708.97648383817, ""7"": -441719.8368469426, ""8"": -459477.4093425095}","[25890, 22860, 11574, 6639, 3232, 1265, 539, 1]","[25890, 22860, 11574]","[3, 4, 5, 6, 7]","[6639, 3232, 1265, 539, 1]",bic,-459477.4093425095,ok
detexture_ade20k_multi,feature_cluster_coarse_global_pooled_oracle_k,training,398,training_ADE_train_00015922,detexture_multi_partition_v1,multi_partition_invariant,0.9182689606072197,0.8969696393036751,0.8568540428001227,4,8,4,1.0,0.9839832311493412,344095,349696,5601,4,4,True,hungarian_iou_assignment,"[0.9418453541260559, 0.8856897769704309, 0.9503520812906676, 0.8951886300417247]","[{""pred_label"": 0, ""gt_label"": 0, ""iou"": 0.9418453541260559}, {""pred_label"": 1, ""gt_label"": 1, ""iou"": 0.8856897769704309}, {""pred_label"": 2, ""gt_label"": 2, ""iou"": 0.9503520812906676}, {""pred_label"": 3, ""gt_label"": 3, ""iou"": 0.8951886300417247}]",fpn_2,fpn_2,72x72,1,3,3,24x24,pooled_avg_pool_multi_way,False,False,False,,,,"[117918, 97278, 89598, 44902]",jpeg_color_clustering_bic,-1,4,5601,0.016016768850658857,8,4,10664,"{""1"": -697241.7781936849, ""2"": -1112195.1024607592, ""3"": -1161879.3450153046, ""4"": -1380661.5512192494, ""5"": -2484389.4433391467, ""6"": -2577103.7699373662, ""7"": -2665094.68430789, ""8"": -2679280.437002106}","[122347, 91886, 87129, 42733, 2283, 1643, 1117, 558]","[122347, 91886, 87129, 42733]","[4, 5, 6, 7]","[2283, 1643, 1117, 558]",bic,-2679280.437002106,ok
detexture_ade20k_multi,feature_cluster_coarse_global_pooled_oracle_k,training,399,training_ADE_train_00016002,detexture_multi_partition_v1,multi_partition_invariant,0.7331365238659385,0.6893584781367147,0.6920106068027527,3,8,3,1.0,0.8276851851851852,71512,86400,14888,3,3,True,hungarian_iou_assignment,"[0.9059078926965421, 0.5791537667698659, 0.7143479121314071]","[{""pred_label"": 0, ""gt_label"": 0, ""iou"": 0.9059078926965421}, {""pred_label"": 1, ""gt_label"": 1, ""iou"": 0.5791537667698659}, {""pred_label"": 2, ""gt_label"": 2, ""iou"": 0.7143479121314071}]",fpn_2,fpn_2,72x72,1,3,3,24x24,pooled_avg_pool_multi_way,False,False,False,,,,"[33750, 26550, 26100]",jpeg_color_clustering_bic,-1,5,14888,0.1723148148148148,8,3,12499,"{""1"": -169409.05638674984, ""2"": -226370.9044185121, ""3"": -242792.10636214752, ""4"": -246883.46430693218, ""5"": -363218.55859496293, ""6"": -421705.0252477474, ""7"": -454036.0260979129, ""8"": -487838.09132881457}","[32245, 21209, 18058, 4912, 3436, 3057, 2497, 986]","[32245, 21209, 18058]","[3, 4, 5, 6, 7]","[4912, 3436, 3057, 2497, 986]",bic,-487838.09132881457,ok
detexture_ade20k_multi,feature_cluster_coarse_global_pooled_oracle_k,training,400,training_ADE_train_00016071,detexture_multi_partition_v1,multi_partition_invariant,0.9481068208382046,0.8963563075347838,0.823501305158394,2,8,2,1.0,0.7022013860578883,186030,264924,78894,2,2,True,hungarian_iou_assignment,"[0.9494523666132473, 0.9467612750631619]","[{""pred_label"": 0, ""gt_label"": 0, ""iou"": 0.9494523666132473}, {""pred_label"": 1, ""gt_label"": 1, ""iou"": 0.9467612750631619}]",fpn_2,fpn_2,72x72,1,3,3,24x24,pooled_avg_pool_multi_way,False,False,False,,,,"[144118, 120806]",jpeg_color_clustering_bic,-1,6,78894,0.2977986139421117,8,2,19597,"{""1"": -439198.50333427085, ""2"": -621712.8553790859, ""3"": -749299.1468173356, ""4"": -1232556.7280764282, ""5"": -1257218.1265241457, ""6"": -1414324.1986359837, ""7"": -1426428.2842397655, ""8"": -1454720.388552653}","[95977, 90053, 31288, 30214, 11326, 3434, 1531, 1101]","[95977, 90053]","[2, 3, 4, 5, 6, 7]","[31288, 30214, 11326, 3434, 1531, 1101]",bic,-1454720.388552653,ok
detexture_ade20k_multi,feature_cluster_coarse_global_pooled_oracle_k,training,401,training_ADE_train_00016081,detexture_multi_partition_v1,multi_partition_invariant,0.8679125024771688,0.7533999869369633,0.7748627448888608,3,8,3,1.0,0.9802800146412884,342800,349696,6896,3,3,True,hungarian_iou_assignment,"[0.821116748654287, 0.8222891782345134, 0.9603315805427062]","[{""pred_label"": 0, ""gt_label"": 1, ""iou"": 0.821116748654287}, {""pred_label"": 1, ""gt_label"": 0, ""iou"": 0.8222891782345134}, {""pred_label"": 2, ""gt_label"": 2, ""iou"": 0.9603315805427062}]",fpn_2,fpn_2,72x72,1,3,3,24x24,pooled_avg_pool_multi_way,False,False,False,,,,"[158033, 117364, 74299]",jpeg_color_clustering_bic,-1,5,6896,0.019719985358711566,8,3,3851,"{""1"": -670918.3544288593, ""2"": -691721.5566527044, ""3"": -1235763.5079291954, ""4"": -2601625.5360574936, ""5"": -2699143.419269232, ""6"": -2822556.359214503, ""7"": -2834838.8169448515, ""8"": -2971081.599438674}","[139395, 128395, 75010, 3392, 1412, 1149, 859, 84]","[139395, 128395, 75010]","[3, 4, 5, 6, 7]","[3392, 1412, 1149, 859, 84]",bic,-2971081.599438674,ok
detexture_ade20k_multi,feature_cluster_coarse_global_pooled_oracle_k,training,402,training_ADE_train_00016085,detexture_multi_partition_v1,multi_partition_invariant,0.7909372887220304,0.8863370534229772,0.7706453120072874,3,8,3,1.0,0.9671448663853727,68764,71100,2336,3,3,True,hungarian_iou_assignment,"[0.9857452226267819, 0.7337294535761884, 0.653337189963121]","[{""pred_label"": 0, ""gt_label"": 0, ""iou"": 0.9857452226267819}, {""pred_label"": 1, ""gt_label"": 1, ""iou"": 0.7337294535761884}, {""pred_label"": 2, ""gt_label"": 2, ""iou"": 0.653337189963121}]",fpn_2,fpn_2,72x72,1,3,3,24x24,pooled_avg_pool_multi_way,False,False,False,,,,"[41700, 15667, 13733]",jpeg_color_clustering_bic,-1,5,2336,0.03285513361462729,8,3,1672,"{""1"": -127921.05824986866, ""2"": -130488.84026219333, ""3"": -302787.3083330524, ""4"": -495126.3105508294, ""5"": -516324.8038926334, ""6"": -548244.546329636, ""7"": -573318.2295226983, ""8"": -591582.0034743709}","[42021, 16583, 10160, 649, 649, 467, 428, 143]","[42021, 16583, 10160]","[3, 4, 5, 6, 7]","[649, 649, 467, 428, 143]",bic,-591582.0034743709,ok
detexture_ade20k_multi,feature_cluster_coarse_global_pooled_oracle_k,training,403,training_ADE_train_00016156,detexture_multi_partition_v1,multi_partition_invariant,0.9355464539929406,0.9249685180587702,0.869214391268337,3,8,3,1.0,0.9789188323572474,342324,349696,7372,3,3,True,hungarian_iou_assignment,"[0.9710699426363534, 0.9264844250897192, 0.9090849942527489]","[{""pred_label"": 0, ""gt_label"": 0, ""iou"": 0.9710699426363534}, {""pred_label"": 1, ""gt_label"": 1, ""iou"": 0.9264844250897192}, {""pred_label"": 2, ""gt_label"": 2, ""iou"": 0.9090849942527489}]",fpn_2,fpn_2,72x72,1,3,3,24x24,pooled_avg_pool_multi_way,False,False,False,,,,"[183965, 119583, 46148]",jpeg_color_clustering_bic,-1,5,7372,0.02108116764275256,8,3,7096,"{""1"": -703509.8863920873, ""2"": -1403878.597338201, ""3"": -1665581.3166251641, ""4"": -2433838.588964686, ""5"": -2608776.524720269, ""6"": -2767858.208907191, ""7"": -2782393.27205994, ""8"": -2812640.4017835613}","[184815, 113239, 44270, 4026, 1835, 1004, 407, 100]","[184815, 113239, 44270]","[3, 4, 5, 6, 7]","[4026, 1835, 1004, 407, 100]",bic,-2812640.4017835613,ok
detexture_ade20k_multi,feature_cluster_coarse_global_pooled_oracle_k,training,404,training_ADE_train_00016162,detexture_multi_partition_v1,multi_partition_invariant,0.9042907755130745,0.8608561636649779,0.8409080114590692,4,8,4,1.0,0.9735541727672035,340448,349696,9248,4,4,True,hungarian_iou_assignment,"[0.906228487389699, 0.8884858843520516, 0.8476030512982015, 0.9748456790123456]","[{""pred_label"": 0, ""gt_label"": 0, ""iou"": 0.906228487389699}, {""pred_label"": 1, ""gt_label"": 1, ""iou"": 0.8884858843520516}, {""pred_label"": 2, ""gt_label"": 2, ""iou"": 0.8476030512982015}, {""pred_label"": 3, ""gt_label"": 3, ""iou"": 0.9748456790123456}]",fpn_2,fpn_2,72x72,1,3,3,24x24,pooled_avg_pool_multi_way,False,False,False,,,,"[124392, 93303, 73633, 58368]",jpeg_color_clustering_bic,-1,4,9248,0.026445827232796485,8,4,7184,"{""1"": -670629.3791306922, ""2"": -696504.3354169604, ""3"": -1093359.2746646306, ""4"": -1680657.1208652663, ""5"": -2440900.158347756, ""6"": -2512655.4828702165, ""7"": -2724541.8228453314, ""8"": -2808955.5122683276}","[121730, 99767, 60876, 58075, 4368, 1877, 1590, 1413]","[121730, 99767, 60876, 58075]","[4, 5, 6, 7]","[4368, 1877, 1590, 1413]",bic,-2808955.5122683276,ok
detexture_ade20k_multi,feature_cluster_coarse_global_pooled_oracle_k,training,405,training_ADE_train_00016317,detexture_multi_partition_v1,multi_partition_invariant,0.5539656021258944,0.4653479237885641,0.46961039379106473,3,8,3,1.0,0.9572766012396694,148263,154880,6617,3,3,True,hungarian_iou_assignment,"[0.8439195949428493, 0.39379127162725497, 0.42418593980757924]","[{""pred_label"": 0, ""gt_label"": 1, ""iou"": 0.8439195949428493}, {""pred_label"": 1, ""gt_label"": 2, ""iou"": 0.39379127162725497}, {""pred_label"": 2, ""gt_label"": 0, ""iou"": 0.42418593980757924}]",fpn_2,fpn_2,72x72,1,3,3,24x24,pooled_avg_pool_multi_way,False,False,False,,,,"[65513, 52243, 37124]",jpeg_color_clustering_bic,-1,5,6617,0.04272339876033058,8,3,6923,"{""1"": -271101.4448816292, ""2"": -288490.7062761812, ""3"": -621965.5367194264, ""4"": -624526.0642025153, ""5"": -1088523.3328031944, ""6"": -1171078.9706359426, ""7"": -1194520.7145935127, ""8"": -1206559.4644658384}","[65616, 58342, 24305, 3050, 1876, 849, 437, 405]","[65616, 58342, 24305]","[3, 4, 5, 6, 7]","[3050, 1876, 849, 437, 405]",bic,-1206559.4644658384,ok
detexture_ade20k_multi,feature_cluster_coarse_global_pooled_oracle_k,training,406,training_ADE_train_00016341,detexture_multi_partition_v1,multi_partition_invariant,0.9150292899565603,0.8637343849265964,0.8279206538507875,3,8,3,1.0,0.8603787289531479,300871,349696,48825,3,3,True,hungarian_iou_assignment,"[0.8755063140338337, 0.9206336513318353, 0.9489479045040121]","[{""pred_label"": 0, ""gt_label"": 1, ""iou"": 0.8755063140338337}, {""pred_label"": 1, ""gt_label"": 0, ""iou"": 0.9206336513318353}, {""pred_label"": 2, ""gt_label"": 2, ""iou"": 0.9489479045040121}]",fpn_2,fpn_2,72x72,1,3,3,24x24,pooled_avg_pool_multi_way,False,False,False,,,,"[136767, 122252, 90677]",jpeg_color_clustering_bic,-1,5,48825,0.13962127104685212,8,3,13993,"{""1"": -682568.6436207423, ""2"": -819962.6791686498, ""3"": -1260709.473331943, ""4"": -1599051.9304225012, ""5"": -1611287.556067486, ""6"": -1620220.9365252163, ""7"": -2192270.1460295715, ""8"": -2455894.214050895}","[124218, 97597, 79056, 21757, 18473, 4124, 2589, 1882]","[124218, 97597, 79056]","[3, 4, 5, 6, 7]","[21757, 18473, 4124, 2589, 1882]",bic,-2455894.214050895,ok
detexture_ade20k_multi,feature_cluster_coarse_global_pooled_oracle_k,training,407,training_ADE_train_00016352,detexture_multi_partition_v1,multi_partition_invariant,0.8252202434118833,0.6903443171148482,0.633569491494247,2,8,2,1.0,0.8757225285947713,343003,391680,48677,2,2,True,hungarian_iou_assignment,"[0.8871739208225485, 0.763266566001218]","[{""pred_label"": 0, ""gt_label"": 0, ""iou"": 0.8871739208225485}, {""pred_label"": 1, ""gt_label"": 1, ""iou"": 0.763266566001218}]",fpn_2,fpn_2,72x72,1,3,3,24x24,pooled_avg_pool_multi_way,False,False,False,,,,"[224745, 166935]",jpeg_color_clustering_bic,-1,6,48677,0.12427747140522875,8,2,5898,"{""1"": -799776.4861028037, ""2"": -827171.9753999565, ""3"": -1484109.8098188955, ""4"": -2471966.956682805, ""5"": -3045503.646501192, ""6"": -3189399.212547804, ""7"": -3383476.661295525, ""8"": -3417917.6337597906}","[251511, 91492, 39473, 3006, 2884, 1630, 1259, 425]","[251511, 91492]","[2, 3, 4, 5, 6, 7]","[39473, 3006, 2884, 1630, 1259, 425]",bic,-3417917.6337597906,ok
detexture_ade20k_multi,feature_cluster_coarse_global_pooled_oracle_k,training,408,training_ADE_train_00016363,detexture_multi_partition_v1,multi_partition_invariant,0.3109025682534259,0.00013413539751664708,0.02434855011155136,2,8,2,1.0,0.8255598958333333,253612,307200,53588,2,2,True,hungarian_iou_assignment,"[0.48413240352689124, 0.13767273297996047]","[{""pred_label"": 0, ""gt_label"": 1, ""iou"": 0.48413240352689124}, {""pred_label"": 1, ""gt_label"": 0, ""iou"": 0.13767273297996047}]",fpn_2,fpn_2,72x72,1,3,3,24x24,pooled_avg_pool_multi_way,False,False,False,,,,"[233280, 73920]",jpeg_color_clustering_bic,-1,6,53588,0.17444010416666667,8,2,8669,"{""1"": -684913.1584874353, ""2"": -705452.7192796557, ""3"": -1295672.8568242379, ""4"": -1559992.08880641, ""5"": -1567439.5103135256, ""6"": -2272464.625936356, ""7"": -2410423.5763987927, ""8"": -2448126.5752708972}","[133995, 119617, 26104, 20896, 2573, 2088, 1370, 557]","[133995, 119617]","[2, 3, 4, 5, 6, 7]","[26104, 20896, 2573, 2088, 1370, 557]",bic,-2448126.5752708972,ok
detexture_ade20k_multi,feature_cluster_coarse_global_pooled_oracle_k,training,409,training_ADE_train_00016365,detexture_multi_partition_v1,multi_partition_invariant,0.4288679202994449,0.47430044765943385,0.5327383462510437,3,8,3,1.0,0.9176788330078125,60141,65536,5395,3,3,True,hungarian_iou_assignment,"[0.6117959358027705, 0.6657433720637433, 0.009064453031821]","[{""pred_label"": 0, ""gt_label"": 1, ""iou"": 0.6117959358027705}, {""pred_label"": 1, ""gt_label"": 0, ""iou"": 0.6657433720637433}, {""pred_label"": 2, ""gt_label"": 2, ""iou"": 0.009064453031821}]",fpn_2,fpn_2,72x72,1,3,3,24x24,pooled_avg_pool_multi_way,False,False,False,,,,"[32469, 20754, 12313]",jpeg_color_clustering_bic,-1,5,5395,0.0823211669921875,8,3,3329,"{""1"": -113840.67394545264, ""2"": -117404.16270702993, ""3"": -242359.7750442084, ""4"": -257027.10213779783, ""5"": -258612.69612224138, ""6"": -457920.9095588892, ""7"": -463612.2470278032, ""8"": -476175.8031651543}","[26602, 21533, 12006, 3552, 666, 636, 396, 145]","[26602, 21533, 12006]","[3, 4, 5, 6, 7]","[3552, 666, 636, 396, 145]",bic,-476175.8031651543,ok
detexture_ade20k_multi,feature_cluster_coarse_global_pooled_oracle_k,training,410,training_ADE_train_00016437,detexture_multi_partition_v1,multi_partition_invariant,0.6032298121978346,0.6497049567002554,0.5866800273223444,3,8,3,1.0,0.9193878173828125,60253,65536,5283,3,3,True,hungarian_iou_assignment,"[0.9413745370197164, 0.6467673046199993, 0.22154759495378804]","[{""pred_label"": 0, ""gt_label"": 0, ""iou"": 0.9413745370197164}, {""pred_label"": 1, ""gt_label"": 1, ""iou"": 0.6467673046199993}, {""pred_label"": 2, ""gt_label"": 2, ""iou"": 0.22154759495378804}]",fpn_2,fpn_2,72x72,1,3,3,24x24,pooled_avg_pool_multi_way,False,False,False,,,,"[28540, 26891, 10105]",jpeg_color_clustering_bic,-1,5,5283,0.0806121826171875,8,3,2584,"{""1"": -183429.1070232579, ""2"": -202398.33230341444, ""3"": -215295.77665306613, ""4"": -312080.2396360908, ""5"": -312077.8863122266, ""6"": -479999.54766230495, ""7"": -503491.63813667366, ""8"": -515695.1358251197}","[26566, 24953, 8734, 3391, 1030, 538, 322, 2]","[26566, 24953, 8734]","[3, 4, 5, 6, 7]","[3391, 1030, 538, 322, 2]",bic,-515695.1358251197,ok
detexture_ade20k_multi,feature_cluster_coarse_global_pooled_oracle_k,training,411,training_ADE_train_00016454,detexture_multi_partition_v1,multi_partition_invariant,0.8001291219848049,0.7648009099639508,0.7120104536473109,3,8,3,1.0,0.9004669189453125,59013,65536,6523,3,3,True,hungarian_iou_assignment,"[0.9140995914762062, 0.8212969462969463, 0.6649908281812623]","[{""pred_label"": 0, ""gt_label"": 0, ""iou"": 0.9140995914762062}, {""pred_label"": 1, ""gt_label"": 1, ""iou"": 0.8212969462969463}, {""pred_label"": 2, ""gt_label"": 2, ""iou"": 0.6649908281812623}]",fpn_2,fpn_2,72x72,1,3,3,24x24,pooled_avg_pool_multi_way,False,False,False,,,,"[26837, 19601, 19098]",jpeg_color_clustering_bic,-1,5,6523,0.0995330810546875,8,3,7548,"{""1"": -147280.99496237957, ""2"": -155753.25759900318, ""3"": -264213.9690147047, ""4"": -282572.6158661266, ""5"": -378389.89677067363, ""6"": -403769.5709908836, ""7"": -424254.39049189206, ""8"": -436133.7462951911}","[26727, 22478, 9808, 2421, 1508, 1053, 961, 580]","[26727, 22478, 9808]","[3, 4, 5, 6, 7]","[2421, 1508, 1053, 961, 580]",bic,-436133.7462951911,ok
detexture_ade20k_multi,feature_cluster_coarse_global_pooled_oracle_k,training,412,training_ADE_train_00016568,detexture_multi_partition_v1,multi_partition_invariant,0.5963904312648387,0.5790557428022666,0.5897557492513562,4,8,4,1.0,0.9511260986328125,62333,65536,3203,4,4,True,hungarian_iou_assignment,"[0.8866540227590337, 0.28644652091082284, 0.851698425849213, 0.3607627555402852]","[{""pred_label"": 0, ""gt_label"": 1, ""iou"": 0.8866540227590337}, {""pred_label"": 1, ""gt_label"": 3, ""iou"": 0.28644652091082284}, {""pred_label"": 2, ""gt_label"": 2, ""iou"": 0.851698425849213}, {""pred_label"": 3, ""gt_label"": 0, ""iou"": 0.3607627555402852}]",fpn_2,fpn_2,72x72,1,3,3,24x24,pooled_avg_pool_multi_way,False,False,False,,,,"[21690, 17594, 14745, 11507]",jpeg_color_clustering_bic,-1,4,3203,0.0488739013671875,8,4,6927,"{""1"": -122084.01894793974, ""2"": -127213.14782119937, ""3"": -227661.1519362104, ""4"": -259096.90287674274, ""5"": -262125.8174005652, ""6"": -431251.32350252656, ""7"": -439284.18418127496, ""8"": -452983.9914875866}","[20527, 18360, 12460, 10986, 1300, 996, 594, 313]","[20527, 18360, 12460, 10986]","[4, 5, 6, 7]","[1300, 996, 594, 313]",bic,-452983.9914875866,ok
detexture_ade20k_multi,feature_cluster_coarse_global_pooled_oracle_k,training,413,training_ADE_train_00016627,detexture_multi_partition_v1,multi_partition_invariant,0.8710588539376295,0.7997224547704501,0.7448655296846808,3,8,3,1.0,0.8184356689453125,53637,65536,11899,3,3,True,hungarian_iou_assignment,"[0.892795099204535, 0.8426252319109462, 0.8777562306974072]","[{""pred_label"": 0, ""gt_label"": 0, ""iou"": 0.892795099204535}, {""pred_label"": 1, ""gt_label"": 1, ""iou"": 0.8426252319109462}, {""pred_label"": 2, ""gt_label"": 2, ""iou"": 0.8777562306974072}]",fpn_2,fpn_2,72x72,1,3,3,24x24,pooled_avg_pool_multi_way,False,False,False,,,,"[26951, 19926, 18659]",jpeg_color_clustering_bic,-1,5,11899,0.1815643310546875,8,3,7711,"{""1"": -135114.32656711113, ""2"": -204597.09274817514, ""3"": -168418.0141297033, ""4"": -239799.2323328205, ""5"": -308874.9225142428, ""6"": -375043.8106723194, ""7"": -382329.8660918664, ""8"": -383835.49769318994}","[20660, 20592, 12385, 5135, 4667, 721, 709, 667]","[20660, 20592, 12385]","[3, 4, 5, 6, 7]","[5135, 4667, 721, 709, 667]",bic,-383835.49769318994,ok
detexture_ade20k_multi,feature_cluster_coarse_global_pooled_oracle_k,training,414,training_ADE_train_00016705,detexture_multi_partition_v1,multi_partition_invariant,0.667029491922957,0.5692776417956005,0.6042661882781992,3,8,3,1.0,0.9738340122199592,382522,392800,10278,3,3,True,hungarian_iou_assignment,"[0.6679276484670965, 0.8994708994708994, 0.4336899278308752]","[{""pred_label"": 0, ""gt_label"": 0, ""iou"": 0.6679276484670965}, {""pred_label"": 1, ""gt_label"": 2, ""iou"": 0.8994708994708994}, {""pred_label"": 2, ""gt_label"": 1, ""iou"": 0.4336899278308752}]",fpn_2,fpn_2,72x72,1,3,3,24x24,pooled_avg_pool_multi_way,False,False,False,,,,"[182939, 143733, 66128]",jpeg_color_clustering_bic,-1,5,10278,0.02616598778004073,8,3,8620,"{""1"": -687912.2394965336, ""2"": -709619.1639732786, ""3"": -1447174.0064785306, ""4"": -2744748.0892956164, ""5"": -2865589.449831843, ""6"": -3049414.6392307663, ""7"": -3115959.5735123144, ""8"": -3191966.527988955}","[128811, 128064, 125647, 3888, 3168, 1689, 885, 648]","[128811, 128064, 125647]","[3, 4, 5, 6, 7]","[3888, 3168, 1689, 885, 648]",bic,-3191966.527988955,ok
detexture_ade20k_multi,feature_cluster_coarse_global_pooled_oracle_k,training,415,training_ADE_train_00016721,detexture_multi_partition_v1,multi_partition_invariant,0.5774263819731057,0.46996014590705915,0.569394069727433,4,8,4,1.0,0.9310240464344942,224563,241200,16637,4,4,True,hungarian_iou_assignment,"[0.6300150667240637, 0.6498212292081796, 0.6442102424664614, 0.3856589894937181]","[{""pred_label"": 0, ""gt_label"": 2, ""iou"": 0.6300150667240637}, {""pred_label"": 1, ""gt_label"": 1, ""iou"": 0.6498212292081796}, {""pred_label"": 2, ""gt_label"": 3, ""iou"": 0.6442102424664614}, {""pred_label"": 3, ""gt_label"": 0, ""iou"": 0.3856589894937181}]",fpn_2,fpn_2,72x72,1,3,3,24x24,pooled_avg_pool_multi_way,False,False,False,,,,"[94500, 50700, 50625, 45375]",jpeg_color_clustering_bic,-1,4,16637,0.0689759535655058,8,4,13940,"{""1"": -487196.2630852255, ""2"": -521715.82237712253, ""3"": -786358.1027984374, ""4"": -963543.3221095229, ""5"": -1002258.2237672205, ""6"": -1464565.9332312339, ""7"": -1609496.18266719, ""8"": -1611963.3055291495}","[70018, 66913, 58541, 29091, 7175, 5472, 3963, 27]","[70018, 66913, 58541, 29091]","[4, 5, 6, 7]","[7175, 5472, 3963, 27]",bic,-1611963.3055291495,ok
detexture_ade20k_multi,feature_cluster_coarse_global_pooled_oracle_k,training,416,training_ADE_train_00016847,detexture_multi_partition_v1,multi_partition_invariant,0.8905764330816112,0.8797471009193815,0.8131498971892833,3,8,3,1.0,0.7460199004975124,44985,60300,15315,3,3,True,hungarian_iou_assignment,"[0.9686633663366336, 0.8899548217970885, 0.8131111111111111]","[{""pred_label"": 0, ""gt_label"": 0, ""iou"": 0.9686633663366336}, {""pred_label"": 1, ""gt_label"": 1, ""iou"": 0.8899548217970885}, {""pred_label"": 2, ""gt_label"": 2, ""iou"": 0.8131111111111111}]",fpn_2,fpn_2,72x72,1,3,3,24x24,pooled_avg_pool_multi_way,False,False,False,,,,"[26417, 18208, 15675]",jpeg_color_clustering_bic,-1,5,15315,0.25398009950248757,8,3,8291,"{""1"": -129207.70203594542, ""2"": -179143.45753885878, ""3"": -193223.81562547068, ""4"": -206777.63882530865, ""5"": -234052.97563739016, ""6"": -264012.84079240693, ""7"": -281168.32621536416, ""8"": -366467.8605104231}","[19592, 17212, 8181, 6085, 4038, 2654, 1830, 708]","[19592, 17212, 8181]","[3, 4, 5, 6, 7]","[6085, 4038, 2654, 1830, 708]",bic,-366467.8605104231,ok
detexture_ade20k_multi,feature_cluster_coarse_global_pooled_oracle_k,training,417,training_ADE_train_00016848,detexture_multi_partition_v1,multi_partition_invariant,0.90182329466344,0.8056106466695636,0.7115573351752638,2,8,2,1.0,0.8177333333333333,55197,67500,12303,2,2,True,hungarian_iou_assignment,"[0.9103137590812475, 0.8933328302456326]","[{""pred_label"": 0, ""gt_label"": 0, ""iou"": 0.9103137590812475}, {""pred_label"": 1, ""gt_label"": 1, ""iou"": 0.8933328302456326}]",fpn_2,fpn_2,72x72,1,3,3,24x24,pooled_avg_pool_multi_way,False,False,False,,,,"[38972, 28528]",jpeg_color_clustering_bic,-1,6,12303,0.18226666666666666,8,2,6983,"{""1"": -185521.9206675728, ""2"": -198138.25503469357, ""3"": -255605.7071787566, ""4"": -218937.81316810727, ""5"": -227555.00344985622, ""6"": -284701.8993864803, ""7"": -295044.6750082329, ""8"": -348370.8166526491}","[29603, 25594, 5655, 3120, 2200, 701, 616, 11]","[29603, 25594]","[2, 3, 4, 5, 6, 7]","[5655, 3120, 2200, 701, 616, 11]",bic,-348370.8166526491,ok
detexture_ade20k_multi,feature_cluster_coarse_global_pooled_oracle_k,training,418,training_ADE_train_00016849,detexture_multi_partition_v1,multi_partition_invariant,0.8981303885501197,0.8687898502324588,0.8040694588279705,3,8,3,1.0,0.8135807291666667,62483,76800,14317,3,3,True,hungarian_iou_assignment,"[0.9352215623572407, 0.9252843935800942, 0.8338852097130243]","[{""pred_label"": 0, ""gt_label"": 1, ""iou"": 0.9352215623572407}, {""pred_label"": 1, ""gt_label"": 0, ""iou"": 0.9252843935800942}, {""pred_label"": 2, ""gt_label"": 2, ""iou"": 0.8338852097130243}]",fpn_2,fpn_2,72x72,1,3,3,24x24,pooled_avg_pool_multi_way,False,False,False,,,,"[30520, 28250, 18030]",jpeg_color_clustering_bic,-1,5,14317,0.18641927083333334,8,3,8811,"{""1"": -156711.17317878164, ""2"": -162547.15721964402, ""3"": -243644.78879655575, ""4"": -307683.7367347099, ""5"": -319705.7984561402, ""6"": -348695.6181584466, ""7"": -394270.7386782922, ""8"": -455479.02788064384}","[28599, 20606, 13278, 4740, 4439, 3305, 1061, 772]","[28599, 20606, 13278]","[3, 4, 5, 6, 7]","[4740, 4439, 3305, 1061, 772]",bic,-455479.02788064384,ok
detexture_ade20k_multi,feature_cluster_coarse_global_pooled_oracle_k,training,419,training_ADE_train_00016857,detexture_multi_partition_v1,multi_partition_invariant,0.8015477241728828,0.6977227123520353,0.6506894211015608,3,8,3,1.0,0.9427003450920245,314696,333824,19128,3,3,True,hungarian_iou_assignment,"[0.8008868857225938, 0.8119273711118333, 0.7918289156842209]","[{""pred_label"": 0, ""gt_label"": 0, ""iou"": 0.8008868857225938}, {""pred_label"": 1, ""gt_label"": 2, ""iou"": 0.8119273711118333}, {""pred_label"": 2, ""gt_label"": 1, ""iou"": 0.7918289156842209}]",fpn_2,fpn_2,72x72,1,3,3,24x24,pooled_avg_pool_multi_way,False,False,False,,,,"[116980, 114348, 102496]",jpeg_color_clustering_bic,-1,5,19128,0.05729965490797546,8,3,15168,"{""1"": -580500.1096367008, ""2"": -600713.2935180025, ""3"": -1187882.470466084, ""4"": -1748770.8322906075, ""5"": -2103929.814380626, ""6"": -2210388.616833959, ""7"": -2234224.206737791, ""8"": -2286261.704332821}","[111398, 107976, 95322, 9738, 4018, 2879, 1655, 838]","[111398, 107976, 95322]","[3, 4, 5, 6, 7]","[9738, 4018, 2879, 1655, 838]",bic,-2286261.704332821,ok
detexture_ade20k_multi,feature_cluster_coarse_global_pooled_oracle_k,training,420,training_ADE_train_00017338,detexture_multi_partition_v1,multi_partition_invariant,0.6547206543543589,0.68823706587945,0.683511047532688,5,8,5,1.0,0.9542945872986823,333713,349696,15983,5,5,True,hungarian_iou_assignment,"[0.8097878981105481, 0.8662957748091166, 0.5051395740960469, 0.9002640372952679, 0.19211598746081504]","[{""pred_label"": 0, ""gt_label"": 0, ""iou"": 0.8097878981105481}, {""pred_label"": 1, ""gt_label"": 1, ""iou"": 0.8662957748091166}, {""pred_label"": 2, ""gt_label"": 2, ""iou"": 0.5051395740960469}, {""pred_label"": 3, ""gt_label"": 4, ""iou"": 0.9002640372952679}, {""pred_label"": 4, ""gt_label"": 3, ""iou"": 0.19211598746081504}]",fpn_2,fpn_2,72x72,1,3,3,24x24,pooled_avg_pool_multi_way,False,False,False,,,,"[115778, 77104, 75489, 44725, 36600]",jpeg_color_clustering_bic,-1,3,15983,0.04570541270131771,8,5,22001,"{""1"": -695061.7208629127, ""2"": -727580.2988079285, ""3"": -944346.9112460468, ""4"": -1238288.5573797075, ""5"": -1391173.3319320434, ""6"": -1679377.8396457324, ""7"": -1748235.6464041844, ""8"": -1820536.4652058715}","[101259, 86969, 49714, 48081, 47690, 6509, 4829, 4645]","[101259, 86969, 49714, 48081, 47690]","[5, 6, 7]","[6509, 4829, 4645]",bic,-1820536.4652058715,ok
detexture_ade20k_multi,feature_cluster_coarse_global_pooled_oracle_k,training,421,training_ADE_train_00018905,detexture_multi_partition_v1,multi_partition_invariant,1.0,1.0,1.0,1,8,1,1.0,0.8006617267566173,86875,108504,21629,1,1,True,hungarian_iou_assignment,[1.0],"[{""pred_label"": 0, ""gt_label"": 0, ""iou"": 1.0}]",fpn_2,fpn_2,72x72,1,3,3,24x24,pooled_avg_pool_multi_way,False,False,False,,,,[108504],jpeg_color_clustering_bic,-1,7,21629,0.19933827324338274,8,1,4917,"{""1"": -300773.5742576925, ""2"": -315412.6386772922, ""3"": -460511.86211975064, ""4"": -699211.5190772472, ""5"": -734315.2864043589, ""6"": -760510.6375019988, ""7"": -762134.6942670078, ""8"": -842743.531763727}","[86875, 8681, 8620, 2145, 831, 754, 445, 153]",[86875],"[1, 2, 3, 4, 5, 6, 7]","[8681, 8620, 2145, 831, 754, 445, 153]",bic,-842743.531763727,ok
detexture_ade20k_multi,feature_cluster_coarse_global_pooled_oracle_k,training,422,training_ADE_train_00019008,detexture_multi_partition_v1,multi_partition_invariant,0.5289839866295597,0.15380107405933688,0.16303405164300142,2,8,2,1.0,0.6707520457779886,180985,269824,88839,2,2,True,hungarian_iou_assignment,"[0.47929302501895377, 0.5786749482401656]","[{""pred_label"": 0, ""gt_label"": 1, ""iou"": 0.47929302501895377}, {""pred_label"": 1, ""gt_label"": 0, ""iou"": 0.5786749482401656}]",fpn_2,fpn_2,72x72,1,3,3,24x24,pooled_avg_pool_multi_way,False,False,False,,,,"[169950, 99874]",jpeg_color_clustering_bic,-1,6,88839,0.32924795422201136,8,2,26430,"{""1"": -583498.9330410062, ""2"": -639722.0615424332, ""3"": -721249.8577995768, ""4"": -746092.7490671332, ""5"": -937083.8004238455, ""6"": -955192.5079573278, ""7"": -1005348.7758188742, ""8"": -1085812.0198201318}","[121774, 59211, 24453, 16702, 15985, 14632, 10100, 6967]","[121774, 59211]","[2, 3, 4, 5, 6, 7]","[24453, 16702, 15985, 14632, 10100, 6967]",bic,-1085812.0198201318,ok
detexture_ade20k_multi,feature_cluster_coarse_global_pooled_oracle_k,training,423,training_ADE_train_00019011,detexture_multi_partition_v1,multi_partition_invariant,0.4858474897002252,0.33764480334202446,0.4519335807024986,3,8,3,1.0,0.8779479258605473,198943,226600,27657,3,3,True,hungarian_iou_assignment,"[0.5681370888752597, 0.6814582252932849, 0.2079471549321308]","[{""pred_label"": 0, ""gt_label"": 1, ""iou"": 0.5681370888752597}, {""pred_label"": 1, ""gt_label"": 2, ""iou"": 0.6814582252932849}, {""pred_label"": 2, ""gt_label"": 0, ""iou"": 0.2079471549321308}]",fpn_2,fpn_2,72x72,1,3,3,24x24,pooled_avg_pool_multi_way,False,False,False,,,,"[123735, 81963, 20902]",jpeg_color_clustering_bic,-1,5,27657,0.12205207413945278,8,3,10237,"{""1"": -463834.45844797994, ""2"": -493961.9651769569, ""3"": -654459.4216498758, ""4"": -1069650.2447024365, ""5"": -1226184.3278440952, ""6"": -1485923.3982441486, ""7"": -1521215.4429315003, ""8"": -1545007.378468358}","[86211, 62065, 50667, 12081, 9437, 3437, 1656, 1046]","[86211, 62065, 50667]","[3, 4, 5, 6, 7]","[12081, 9437, 3437, 1656, 1046]",bic,-1545007.378468358,ok
detexture_ade20k_multi,feature_cluster_coarse_global_pooled_oracle_k,training,424,training_ADE_train_00019013,detexture_multi_partition_v1,multi_partition_invariant,0.7615775113134395,0.6091403207782377,0.6443734942715612,3,8,3,1.0,0.9064244372254758,316973,349696,32723,3,3,True,hungarian_iou_assignment,"[0.7238902509640618, 0.6848813483522934, 0.8759609346239633]","[{""pred_label"": 0, ""gt_label"": 0, ""iou"": 0.7238902509640618}, {""pred_label"": 1, ""gt_label"": 2, ""iou"": 0.6848813483522934}, {""pred_label"": 2, ""gt_label"": 1, ""iou"": 0.8759609346239633}]",fpn_2,fpn_2,72x72,1,3,3,24x24,pooled_avg_pool_multi_way,False,False,False,,,,"[125924, 112088, 111684]",jpeg_color_clustering_bic,-1,5,32723,0.09357556277452415,8,3,10921,"{""1"": -798058.9936826364, ""2"": -834372.8206306401, ""3"": -1043436.0236901721, ""4"": -1240251.0111656466, ""5"": -1347871.6376626731, ""6"": -2526326.564352652, ""7"": -2598422.562928607, ""8"": -2713604.3056232375}","[160280, 81341, 75352, 15817, 10396, 3680, 2062, 768]","[160280, 81341, 75352]","[3, 4, 5, 6, 7]","[15817, 10396, 3680, 2062, 768]",bic,-2713604.3056232375,ok
detexture_ade20k_multi,feature_cluster_coarse_global_pooled_oracle_k,training,425,training_ADE_train_00019015,detexture_multi_partition_v1,multi_partition_invariant,0.4507249376388533,0.5715285285701732,0.5873547238453264,3,8,3,1.0,0.7452,50301,67500,17199,3,3,True,hungarian_iou_assignment,"[0.7966706687867087, 0.544909250736853, 0.010594893392998158]","[{""pred_label"": 0, ""gt_label"": 0, ""iou"": 0.7966706687867087}, {""pred_label"": 1, ""gt_label"": 2, ""iou"": 0.544909250736853}, {""pred_label"": 2, ""gt_label"": 1, ""iou"": 0.010594893392998158}]",fpn_2,fpn_2,72x72,1,3,3,24x24,pooled_avg_pool_multi_way,False,False,False,,,,"[35466, 22739, 9295]",jpeg_color_clustering_bic,-1,5,17199,0.2548,8,3,7983,"{""1"": -129684.51728421103, ""2"": -142769.262613399, ""3"": -211790.22477368265, ""4"": -245471.55712070334, ""5"": -286396.1875584292, ""6"": -294291.80559480214, ""7"": -297911.3809794593, ""8"": -436296.5926525594}","[29014, 10701, 10586, 8050, 5091, 1879, 1281, 898]","[29014, 10701, 10586]","[3, 4, 5, 6, 7]","[8050, 5091, 1879, 1281, 898]",bic,-436296.5926525594,ok
detexture_ade20k_multi,feature_cluster_coarse_global_pooled_oracle_k,training,426,training_ADE_train_00019016,detexture_multi_partition_v1,multi_partition_invariant,0.7723704714088249,0.7552510965056858,0.7134337472271453,3,8,3,1.0,0.9802213541666667,301124,307200,6076,3,3,True,hungarian_iou_assignment,"[0.9422458126238975, 0.7516844606470933, 0.623181140955484]","[{""pred_label"": 0, ""gt_label"": 0, ""iou"": 0.9422458126238975}, {""pred_label"": 1, ""gt_label"": 1, ""iou"": 0.7516844606470933}, {""pred_label"": 2, ""gt_label"": 2, ""iou"": 0.623181140955484}]",fpn_2,fpn_2,72x72,1,3,3,24x24,pooled_avg_pool_multi_way,False,False,False,,,,"[133840, 98740, 74620]",jpeg_color_clustering_bic,-1,5,6076,0.019778645833333334,8,3,9823,"{""1"": -654491.6617704742, ""2"": -993306.2393963806, ""3"": -1060737.7312398397, ""4"": -2105222.2190811927, ""5"": -2208311.988391505, ""6"": -2315301.80020812, ""7"": -2332959.583038769, ""8"": -2346268.4656238337}","[138096, 118273, 44755, 2600, 2116, 942, 239, 179]","[138096, 118273, 44755]","[3, 4, 5, 6, 7]","[2600, 2116, 942, 239, 179]",bic,-2346268.4656238337,ok
detexture_ade20k_multi,feature_cluster_coarse_global_pooled_oracle_k,training,427,training_ADE_train_00019224,detexture_multi_partition_v1,multi_partition_invariant,0.38485072645577223,0.21440661392592555,0.2367216024839566,4,8,4,1.0,0.9098625,218367,240000,21633,4,4,True,hungarian_iou_assignment,"[0.31422927452777816, 0.49031334662372844, 0.34739838474778234, 0.38746189992379987]","[{""pred_label"": 0, ""gt_label"": 2, ""iou"": 0.31422927452777816}, {""pred_label"": 1, ""gt_label"": 0, ""iou"": 0.49031334662372844}, {""pred_label"": 2, ""gt_label"": 1, ""iou"": 0.34739838474778234}, {""pred_label"": 3, ""gt_label"": 3, ""iou"": 0.38746189992379987}]",fpn_2,fpn_2,72x72,1,3,3,24x24,pooled_avg_pool_multi_way,False,False,False,,,,"[68150, 61350, 59350, 51150]",jpeg_color_clustering_bic,-1,4,21633,0.0901375,8,4,18983,"{""1"": -592778.1447381396, ""2"": -645872.4020706273, ""3"": -808088.979103194, ""4"": -825706.4192774334, ""5"": -876660.0104301122, ""6"": -893709.7887291505, ""7"": -924843.7047674306, ""8"": -1103886.4184584576}","[85778, 48700, 46526, 37363, 7599, 5192, 4446, 4396]","[85778, 48700, 46526, 37363]","[4, 5, 6, 7]","[7599, 5192, 4446, 4396]",bic,-1103886.4184584576,ok
detexture_ade20k_multi,feature_cluster_coarse_global_pooled_oracle_k,training,428,training_ADE_train_00019227,detexture_multi_partition_v1,multi_partition_invariant,0.6532941079871165,0.7102454339784784,0.6700205859060603,3,8,3,1.0,0.9518922298950574,70025,73564,3539,3,3,True,hungarian_iou_assignment,"[0.9217547048759623, 0.6402583083950228, 0.3978693106903644]","[{""pred_label"": 0, ""gt_label"": 0, ""iou"": 0.9217547048759623}, {""pred_label"": 1, ""gt_label"": 2, ""iou"": 0.6402583083950228}, {""pred_label"": 2, ""gt_label"": 1, ""iou"": 0.3978693106903644}]",fpn_2,fpn_2,72x72,1,3,3,24x24,pooled_avg_pool_multi_way,False,False,False,,,,"[34619, 26473, 12472]",jpeg_color_clustering_bic,-1,5,3539,0.04810777010494263,8,3,5730,"{""1"": -141471.09724390344, ""2"": -143758.38933207683, ""3"": -218642.49186274118, ""4"": -418634.16321482335, ""5"": -431270.9655730801, ""6"": -441666.9133411167, ""7"": -498323.0587870173, ""8"": -515061.4590643844}","[37400, 16365, 16260, 1910, 625, 402, 402, 200]","[37400, 16365, 16260]","[3, 4, 5, 6, 7]","[1910, 625, 402, 402, 200]",bic,-515061.4590643844,ok
detexture_ade20k_multi,feature_cluster_coarse_global_pooled_oracle_k,training,429,training_ADE_train_00019229,detexture_multi_partition_v1,multi_partition_invariant,0.6371730154248443,0.31532490368085264,0.5148838196950563,3,8,3,1.0,0.9252186992835372,116869,126315,9446,3,3,True,hungarian_iou_assignment,"[0.4699740575857541, 0.5154013076316086, 0.92614368105717]","[{""pred_label"": 0, ""gt_label"": 1, ""iou"": 0.4699740575857541}, {""pred_label"": 1, ""gt_label"": 0, ""iou"": 0.5154013076316086}, {""pred_label"": 2, ""gt_label"": 2, ""iou"": 0.92614368105717}]",fpn_2,fpn_2,72x72,1,3,3,24x24,pooled_avg_pool_multi_way,False,False,False,,,,"[63040, 40921, 22354]",jpeg_color_clustering_bic,-1,5,9446,0.07478130071646281,8,3,9159,"{""1"": -349538.86147696903, ""2"": -403148.9016054398, ""3"": -459756.10166365735, ""4"": -592176.7706145692, ""5"": -412637.69640165806, ""6"": -547614.350005477, ""7"": -506409.6620202227, ""8"": -833701.0454202294}","[70224, 30020, 16625, 3376, 2428, 2058, 860, 724]","[70224, 30020, 16625]","[3, 4, 5, 6, 7]","[3376, 2428, 2058, 860, 724]",bic,-833701.0454202294,ok
detexture_ade20k_multi,feature_cluster_coarse_global_pooled_oracle_k,training,430,training_ADE_train_00019348,detexture_multi_partition_v1,multi_partition_invariant,0.7511518693952247,0.6873100695534996,0.7025084824588707,3,8,3,1.0,0.9494689028651293,135869,143100,7231,3,3,True,hungarian_iou_assignment,"[0.7399975720157472, 0.9296783709748482, 0.5837796651950787]","[{""pred_label"": 0, ""gt_label"": 1, ""iou"": 0.7399975720157472}, {""pred_label"": 1, ""gt_label"": 0, ""iou"": 0.9296783709748482}, {""pred_label"": 2, ""gt_label"": 2, ""iou"": 0.5837796651950787}]",fpn_2,fpn_2,72x72,1,3,3,24x24,pooled_avg_pool_multi_way,False,False,False,,,,"[61028, 50131, 31941]",jpeg_color_clustering_bic,-1,5,7231,0.05053109713487072,8,3,7389,"{""1"": -301232.4835583886, ""2"": -312212.18341299234, ""3"": -485598.4038560419, ""4"": -867905.7791173714, ""5"": -915287.2054811637, ""6"": -960155.3987526087, ""7"": -1000716.4372212649, ""8"": -1035847.9387114039}","[51862, 42669, 41338, 2356, 1632, 1491, 1145, 607]","[51862, 42669, 41338]","[3, 4, 5, 6, 7]","[2356, 1632, 1491, 1145, 607]",bic,-1035847.9387114039,ok
detexture_ade20k_multi,feature_cluster_coarse_global_pooled_oracle_k,training,431,training_ADE_train_00019349,detexture_multi_partition_v1,multi_partition_invariant,0.412054586076464,0.35056144368284337,0.270054990093062,3,7,3,1.0,0.8876432432432433,164214,185000,20786,3,3,True,hungarian_iou_assignment,"[0.7071915365283524, 0.39940900001273705, 0.12956322168830237]","[{""pred_label"": 0, ""gt_label"": 0, ""iou"": 0.7071915365283524}, {""pred_label"": 1, ""gt_label"": 1, ""iou"": 0.39940900001273705}, {""pred_label"": 2, ""gt_label"": 2, ""iou"": 0.12956322168830237}]",fpn_2,fpn_2,72x72,1,3,3,24x24,pooled_avg_pool_multi_way,False,False,False,,,,"[71857, 65116, 48027]",jpeg_color_clustering_bic,-1,4,20786,0.11235675675675676,7,3,13339,"{""1"": -438019.54211511026, ""2"": -552197.135531204, ""3"": -616346.9252898133, ""4"": -621237.7464264575, ""5"": -729502.8803444038, ""6"": -753591.9800019986, ""7"": -858747.6679952568, ""8"": -787625.7051259076}","[84664, 48197, 31353, 9319, 5246, 4240, 1981]","[84664, 48197, 31353]","[3, 4, 5, 6]","[9319, 5246, 4240, 1981]",bic,-858747.6679952568,ok
detexture_ade20k_multi,feature_cluster_coarse_global_pooled_oracle_k,training,432,training_ADE_train_00019350,detexture_multi_partition_v1,multi_partition_invariant,0.9474683362560126,0.8966013462739267,0.8232634795819281,2,8,2,1.0,0.9516557863501484,160354,168500,8146,2,2,True,hungarian_iou_assignment,"[0.9539903160261122, 0.9409463564859128]","[{""pred_label"": 0, ""gt_label"": 0, ""iou"": 0.9539903160261122}, {""pred_label"": 1, ""gt_label"": 1, ""iou"": 0.9409463564859128}]",fpn_2,fpn_2,72x72,1,3,3,24x24,pooled_avg_pool_multi_way,False,False,False,,,,"[92676, 75824]",jpeg_color_clustering_bic,-1,6,8146,0.048344213649851635,8,2,7302,"{""1"": -317281.3511901738, ""2"": -325171.21572151413, ""3"": -870532.8524729939, ""4"": -994048.1219937655, ""5"": -1031700.601520018, ""6"": -1063453.8408118817, ""7"": -1105913.415116438, ""8"": -1120532.1153610756}","[89740, 70614, 2072, 1941, 1441, 1083, 1026, 583]","[89740, 70614]","[2, 3, 4, 5, 6, 7]","[2072, 1941, 1441, 1083, 1026, 583]",bic,-1120532.1153610756,ok
detexture_ade20k_multi,feature_cluster_coarse_global_pooled_oracle_k,training,433,training_ADE_train_00019396,detexture_multi_partition_v1,multi_partition_invariant,0.8963273480052546,0.8359058747137159,0.7975750783580912,3,8,3,1.0,0.9134185185185185,246623,270000,23377,3,3,True,hungarian_iou_assignment,"[0.9002780208460252, 0.8795270802388524, 0.9091769429308861]","[{""pred_label"": 0, ""gt_label"": 1, ""iou"": 0.9002780208460252}, {""pred_label"": 1, ""gt_label"": 0, ""iou"": 0.8795270802388524}, {""pred_label"": 2, ""gt_label"": 2, ""iou"": 0.9091769429308861}]",fpn_2,fpn_2,72x72,1,3,3,24x24,pooled_avg_pool_multi_way,False,False,False,,,,"[106700, 92125, 71175]",jpeg_color_clustering_bic,-1,5,23377,0.08658148148148148,8,3,11326,"{""1"": -485474.8146418994, ""2"": -513318.6124802674, ""3"": -756187.6395106743, ""4"": -1266592.2075377614, ""5"": -1322526.867544865, ""6"": -1414260.920395855, ""7"": -1430348.049317516, ""8"": -1444852.1521534037}","[99860, 81824, 64939, 7418, 6819, 4672, 3224, 1244]","[99860, 81824, 64939]","[3, 4, 5, 6, 7]","[7418, 6819, 4672, 3224, 1244]",bic,-1444852.1521534037,ok
detexture_ade20k_multi,feature_cluster_coarse_global_pooled_oracle_k,training,434,training_ADE_train_00019437,detexture_multi_partition_v1,multi_partition_invariant,0.33297340526294505,0.39080781645623536,0.5344770728539959,3,8,3,1.0,0.82025146484375,53756,65536,11780,3,3,True,hungarian_iou_assignment,"[0.48524510202422566, 0.5134744314447219, 0.0002006823198876179]","[{""pred_label"": 0, ""gt_label"": 1, ""iou"": 0.48524510202422566}, {""pred_label"": 1, ""gt_label"": 0, ""iou"": 0.5134744314447219}, {""pred_label"": 2, ""gt_label"": 2, ""iou"": 0.0002006823198876179}]",fpn_2,fpn_2,72x72,1,3,3,24x24,pooled_avg_pool_multi_way,False,False,False,,,,"[25427, 24762, 15347]",jpeg_color_clustering_bic,-1,5,11780,0.17974853515625,8,3,8878,"{""1"": -127074.17645335609, ""2"": -155280.69240708117, ""3"": -201742.9003536732, ""4"": -255463.054105015, ""5"": -295530.70274964866, ""6"": -305304.22912040196, ""7"": -315161.98065876774, ""8"": -321877.0885100684}","[30283, 12618, 10855, 7137, 1781, 1549, 717, 596]","[30283, 12618, 10855]","[3, 4, 5, 6, 7]","[7137, 1781, 1549, 717, 596]",bic,-321877.0885100684,ok
detexture_ade20k_multi,feature_cluster_coarse_global_pooled_oracle_k,training,435,training_ADE_train_00019438,detexture_multi_partition_v1,multi_partition_invariant,0.5081710910699984,0.6153176036823361,0.6293429946674908,4,8,4,1.0,0.9500579833984375,62263,65536,3273,4,4,True,hungarian_iou_assignment,"[0.8692058218636292, 0.4999780845934692, 0.6617332273255458, 0.0017672304973491543]","[{""pred_label"": 0, ""gt_label"": 0, ""iou"": 0.8692058218636292}, {""pred_label"": 1, ""gt_label"": 1, ""iou"": 0.4999780845934692}, {""pred_label"": 2, ""gt_label"": 3, ""iou"": 0.6617332273255458}, {""pred_label"": 3, ""gt_label"": 2, ""iou"": 0.0017672304973491543}]",fpn_2,fpn_2,72x72,1,3,3,24x24,pooled_avg_pool_multi_way,False,False,False,,,,"[24906, 20722, 17202, 2706]",jpeg_color_clustering_bic,-1,4,3273,0.0499420166015625,8,4,6190,"{""1"": -118998.33235194786, ""2"": -126825.5287335119, ""3"": -239219.81182619615, ""4"": -306530.8652472889, ""5"": -422710.81177881424, ""6"": -438978.4216227891, ""7"": -447084.503352487, ""8"": -450262.3939865334}","[23221, 14166, 13687, 11189, 1562, 1063, 595, 53]","[23221, 14166, 13687, 11189]","[4, 5, 6, 7]","[1562, 1063, 595, 53]",bic,-450262.3939865334,ok
detexture_ade20k_multi,feature_cluster_coarse_global_pooled_oracle_k,training,436,training_ADE_train_00019441,detexture_multi_partition_v1,multi_partition_invariant,0.7460806180904996,0.7700498538859525,0.7488001248547442,3,8,3,1.0,0.82366943359375,53980,65536,11556,3,3,True,hungarian_iou_assignment,"[0.9762893399045365, 0.6821216422225727, 0.5798308721443898]","[{""pred_label"": 0, ""gt_label"": 0, ""iou"": 0.9762893399045365}, {""pred_label"": 1, ""gt_label"": 2, ""iou"": 0.6821216422225727}, {""pred_label"": 2, ""gt_label"": 1, ""iou"": 0.5798308721443898}]",fpn_2,fpn_2,72x72,1,3,3,24x24,pooled_avg_pool_multi_way,False,False,False,,,,"[26489, 24149, 14898]",jpeg_color_clustering_bic,-1,5,11556,0.17633056640625,8,3,6886,"{""1"": -125312.38635881737, ""2"": -131580.63077960012, ""3"": -203800.96703283678, ""4"": -256608.42213864595, ""5"": -305457.3881918105, ""6"": -307595.01487204706, ""7"": -342113.76570288494, ""8"": -344047.52509811945}","[25566, 15432, 12982, 4965, 4692, 778, 728, 393]","[25566, 15432, 12982]","[3, 4, 5, 6, 7]","[4965, 4692, 778, 728, 393]",bic,-344047.52509811945,ok
detexture_ade20k_multi,feature_cluster_coarse_global_pooled_oracle_k,training,437,training_ADE_train_00019453,detexture_multi_partition_v1,multi_partition_invariant,0.748719917279309,0.6535978407681421,0.6974939162817809,3,8,3,1.0,0.8578033447265625,56217,65536,9319,3,3,True,hungarian_iou_assignment,"[0.7304506830160267, 0.9592813038883017, 0.5564277649335986]","[{""pred_label"": 0, ""gt_label"": 0, ""iou"": 0.7304506830160267}, {""pred_label"": 1, ""gt_label"": 1, ""iou"": 0.9592813038883017}, {""pred_label"": 2, ""gt_label"": 2, ""iou"": 0.5564277649335986}]",fpn_2,fpn_2,72x72,1,3,3,24x24,pooled_avg_pool_multi_way,False,False,False,,,,"[29941, 18023, 17572]",jpeg_color_clustering_bic,-1,5,9319,0.1421966552734375,8,3,5181,"{""1"": -121230.8512049621, ""2"": -126184.5194321841, ""3"": -196876.66080575922, ""4"": -200739.7095965536, ""5"": -381257.1842877138, ""6"": -428660.97078889026, ""7"": -440585.76732237876, ""8"": -446029.59397990524}","[20633, 17977, 17607, 5382, 2081, 966, 601, 289]","[20633, 17977, 17607]","[3, 4, 5, 6, 7]","[5382, 2081, 966, 601, 289]",bic,-446029.59397990524,ok
detexture_ade20k_multi,feature_cluster_coarse_global_pooled_oracle_k,training,438,training_ADE_train_00019461,detexture_multi_partition_v1,multi_partition_invariant,0.8431789931704585,0.689184240989711,0.6582668272593912,2,8,2,1.0,0.7845916748046875,51419,65536,14117,2,2,True,hungarian_iou_assignment,"[0.836418134132634, 0.8499398522082832]","[{""pred_label"": 0, ""gt_label"": 0, ""iou"": 0.836418134132634}, {""pred_label"": 1, ""gt_label"": 1, ""iou"": 0.8499398522082832}]",fpn_2,fpn_2,72x72,1,3,3,24x24,pooled_avg_pool_multi_way,False,False,False,,,,"[34841, 30695]",jpeg_color_clustering_bic,-1,6,14117,0.2154083251953125,8,2,5661,"{""1"": -111915.69542325828, ""2"": -117296.5961936817, ""3"": -264417.06560414203, ""4"": -342222.1250553717, ""5"": -347454.9452541871, ""6"": -360140.5783727465, ""7"": -435611.3589039267, ""8"": -458921.7793503221}","[26690, 24729, 7283, 2583, 1558, 1299, 804, 590]","[26690, 24729]","[2, 3, 4, 5, 6, 7]","[7283, 2583, 1558, 1299, 804, 590]",bic,-458921.7793503221,ok
detexture_ade20k_multi,feature_cluster_coarse_global_pooled_oracle_k,training,439,training_ADE_train_00019462,detexture_multi_partition_v1,multi_partition_invariant,0.862191299083886,0.8643914133779675,0.8361388682294886,4,8,4,1.0,0.934417724609375,61238,65536,4298,4,4,True,hungarian_iou_assignment,"[0.9202922210431802, 0.9523809523809523, 0.7325840692177326, 0.8435079536936787]","[{""pred_label"": 0, ""gt_label"": 0, ""iou"": 0.9202922210431802}, {""pred_label"": 1, ""gt_label"": 1, ""iou"": 0.9523809523809523}, {""pred_label"": 2, ""gt_label"": 3, ""iou"": 0.7325840692177326}, {""pred_label"": 3, ""gt_label"": 2, ""iou"": 0.8435079536936787}]",fpn_2,fpn_2,72x72,1,3,3,24x24,pooled_avg_pool_multi_way,False,False,False,,,,"[23961, 16989, 13312, 11274]",jpeg_color_clustering_bic,-1,4,4298,0.065582275390625,8,4,7105,"{""1"": -119306.90454396248, ""2"": -129015.66499012614, ""3"": -224580.66815014454, ""4"": -296198.7456509477, ""5"": -371114.5676880455, ""6"": -402949.2839234875, ""7"": -406659.7998430376, ""8"": -430580.3190128512}","[24495, 17300, 10974, 8469, 1856, 1399, 1040, 3]","[24495, 17300, 10974, 8469]","[4, 5, 6, 7]","[1856, 1399, 1040, 3]",bic,-430580.3190128512,ok
detexture_ade20k_multi,feature_cluster_coarse_global_pooled_oracle_k,training,440,training_ADE_train_00019479,detexture_multi_partition_v1,multi_partition_invariant,0.5256071216917443,0.37257336799180046,0.45785506249857366,3,8,3,1.0,0.839627993489886,180562,215050,34488,3,3,True,hungarian_iou_assignment,"[0.4103519365404942, 0.49670817107032467, 0.6697612574644142]","[{""pred_label"": 0, ""gt_label"": 1, ""iou"": 0.4103519365404942}, {""pred_label"": 1, ""gt_label"": 2, ""iou"": 0.49670817107032467}, {""pred_label"": 2, ""gt_label"": 0, ""iou"": 0.6697612574644142}]",fpn_2,fpn_2,72x72,1,3,3,24x24,pooled_avg_pool_multi_way,False,False,False,,,,"[84984, 65424, 64642]",jpeg_color_clustering_bic,-1,5,34488,0.16037200651011393,8,3,18389,"{""1"": -432174.6448339743, ""2"": -494576.6272109872, ""3"": -660224.3546235253, ""4"": -827280.8734122362, ""5"": -863857.9158415645, ""6"": -898086.717122058, ""7"": -903172.8528377983, ""8"": -1008278.9215677028}","[80626, 71480, 28456, 12423, 7672, 7430, 5148, 1815]","[80626, 71480, 28456]","[3, 4, 5, 6, 7]","[12423, 7672, 7430, 5148, 1815]",bic,-1008278.9215677028,ok
detexture_ade20k_multi,feature_cluster_coarse_global_pooled_oracle_k,training,441,training_ADE_train_00019558,detexture_multi_partition_v1,multi_partition_invariant,0.5044337928114213,0.4436261061659178,0.5565200796933163,4,8,4,1.0,0.9018707275390625,59105,65536,6431,4,4,True,hungarian_iou_assignment,"[0.43343274044094154, 0.4450073458635189, 0.2313853669049244, 0.9079097180363003]","[{""pred_label"": 0, ""gt_label"": 3, ""iou"": 0.43343274044094154}, {""pred_label"": 1, ""gt_label"": 1, ""iou"": 0.4450073458635189}, {""pred_label"": 2, ""gt_label"": 0, ""iou"": 0.2313853669049244}, {""pred_label"": 3, ""gt_label"": 2, ""iou"": 0.9079097180363003}]",fpn_2,fpn_2,72x72,1,3,3,24x24,pooled_avg_pool_multi_way,False,False,False,,,,"[19257, 16451, 15435, 14393]",jpeg_color_clustering_bic,-1,4,6431,0.0981292724609375,8,4,5321,"{""1"": -116523.44785662979, ""2"": -152237.94380096902, ""3"": -195755.39081980166, ""4"": -291690.64604925754, ""5"": -293349.02927995333, ""6"": -428554.658554019, ""7"": -459194.1806102477, ""8"": -461364.46484421304}","[19772, 16263, 14931, 8139, 5297, 743, 342, 49]","[19772, 16263, 14931, 8139]","[4, 5, 6, 7]","[5297, 743, 342, 49]",bic,-461364.46484421304,ok
detexture_ade20k_multi,feature_cluster_coarse_global_pooled_oracle_k,training,442,training_ADE_train_00019579,detexture_multi_partition_v1,multi_partition_invariant,0.4972632660632694,0.5268541861463708,0.5671319176301767,3,8,3,1.0,0.9744270833333334,74836,76800,1964,3,3,True,hungarian_iou_assignment,"[0.8795145441530553, 0.22004119714043377, 0.3922340568963193]","[{""pred_label"": 0, ""gt_label"": 1, ""iou"": 0.8795145441530553}, {""pred_label"": 1, ""gt_label"": 2, ""iou"": 0.22004119714043377}, {""pred_label"": 2, ""gt_label"": 0, ""iou"": 0.3922340568963193}]",fpn_2,fpn_2,72x72,1,3,3,24x24,pooled_avg_pool_multi_way,False,False,False,,,,"[31450, 29700, 15650]",jpeg_color_clustering_bic,-1,5,1964,0.025572916666666667,8,3,4141,"{""1"": -136740.5571624885, ""2"": -139111.21364785673, ""3"": -315957.9267646005, ""4"": -318296.5959385694, ""5"": -513673.3119537264, ""6"": -549540.2857949561, ""7"": -559365.379389094, ""8"": -565995.9540724434}","[36385, 27182, 11269, 608, 525, 396, 289, 146]","[36385, 27182, 11269]","[3, 4, 5, 6, 7]","[608, 525, 396, 289, 146]",bic,-565995.9540724434,ok
detexture_ade20k_multi,feature_cluster_coarse_global_pooled_oracle_k,training,443,training_ADE_train_00019808,detexture_multi_partition_v1,multi_partition_invariant,0.7453510129944987,0.7246859716459004,0.6812288347664266,3,8,3,1.0,0.9055808473645681,316678,349696,33018,3,3,True,hungarian_iou_assignment,"[0.8655793747846473, 0.8441192481347466, 0.5263544160641024]","[{""pred_label"": 0, ""gt_label"": 0, ""iou"": 0.8655793747846473}, {""pred_label"": 1, ""gt_label"": 1, ""iou"": 0.8441192481347466}, {""pred_label"": 2, ""gt_label"": 2, ""iou"": 0.5263544160641024}]",fpn_2,fpn_2,72x72,1,3,3,24x24,pooled_avg_pool_multi_way,False,False,False,,,,"[140613, 129989, 79094]",jpeg_color_clustering_bic,-1,5,33018,0.09441915263543192,8,3,15557,"{""1"": -886428.3294086669, ""2"": -929200.4010889372, ""3"": -1278067.9602723382, ""4"": -1314826.1498186013, ""5"": -1747399.4716754486, ""6"": -1862917.9092316881, ""7"": -1896887.3879820646, ""8"": -2130738.7052936084}","[147588, 108583, 60507, 14876, 6746, 5949, 3616, 1831]","[147588, 108583, 60507]","[3, 4, 5, 6, 7]","[14876, 6746, 5949, 3616, 1831]",bic,-2130738.7052936084,ok
detexture_ade20k_multi,feature_cluster_coarse_global_pooled_oracle_k,training,444,training_ADE_train_00019814,detexture_multi_partition_v1,multi_partition_invariant,0.8530462380698972,0.8184978188763311,0.7549671198843941,3,8,3,1.0,0.9350178440702782,326972,349696,22724,3,3,True,hungarian_iou_assignment,"[0.9243150534324288, 0.8921029238642096, 0.7427207369130533]","[{""pred_label"": 0, ""gt_label"": 0, ""iou"": 0.9243150534324288}, {""pred_label"": 1, ""gt_label"": 1, ""iou"": 0.8921029238642096}, {""pred_label"": 2, ""gt_label"": 2, ""iou"": 0.7427207369130533}]",fpn_2,fpn_2,72x72,1,3,3,24x24,pooled_avg_pool_multi_way,False,False,False,,,,"[134934, 117613, 97149]",jpeg_color_clustering_bic,-1,5,22724,0.06498215592972181,8,3,6566,"{""1"": -667764.8152146216, ""2"": -762221.7471523635, ""3"": -1238341.2686430702, ""4"": -2163250.424845234, ""5"": -2494922.9340586746, ""6"": -2518458.281059168, ""7"": -2736554.6394716906, ""8"": -2806526.7319961977}","[134162, 121537, 71273, 13126, 5490, 2223, 957, 928]","[134162, 121537, 71273]","[3, 4, 5, 6, 7]","[13126, 5490, 2223, 957, 928]",bic,-2806526.7319961977,ok
detexture_ade20k_multi,feature_cluster_coarse_global_pooled_oracle_k,training,445,training_ADE_train_00019815,detexture_multi_partition_v1,multi_partition_invariant,0.3710198373177417,0.38784509726484256,0.47883528844019957,5,8,5,1.0,0.88592529296875,58060,65536,7476,5,5,True,hungarian_iou_assignment,"[0.21573969363627019, 0.26886517943743937, 0.6844474454197614, 0.6587094151129698, 0.0273374529822676]","[{""pred_label"": 0, ""gt_label"": 2, ""iou"": 0.21573969363627019}, {""pred_label"": 1, ""gt_label"": 1, ""iou"": 0.26886517943743937}, {""pred_label"": 2, ""gt_label"": 3, ""iou"": 0.6844474454197614}, {""pred_label"": 3, ""gt_label"": 0, ""iou"": 0.6587094151129698}, {""pred_label"": 4, ""gt_label"": 4, ""iou"": 0.0273374529822676}]",fpn_2,fpn_2,72x72,1,3,3,24x24,pooled_avg_pool_multi_way,False,False,False,,,,"[17575, 16580, 13475, 11399, 6507]",jpeg_color_clustering_bic,-1,3,7476,0.11407470703125,8,5,10102,"{""1"": -135090.6528864376, ""2"": -191285.68178987675, ""3"": -194458.98044185687, ""4"": -198465.2012231934, ""5"": -219903.34451497043, ""6"": -252985.1032033775, ""7"": -321988.29578463046, ""8"": -385705.39406716684}","[17217, 11235, 10410, 10212, 8986, 5699, 1498, 279]","[17217, 11235, 10410, 10212, 8986]","[5, 6, 7]","[5699, 1498, 279]",bic,-385705.39406716684,ok
detexture_ade20k_multi,feature_cluster_coarse_global_pooled_oracle_k,training,446,training_ADE_train_00019816,detexture_multi_partition_v1,multi_partition_invariant,0.3642300471797291,0.01074300241691766,0.011499028432033136,2,8,2,1.0,0.8547515869140625,56017,65536,9519,2,2,True,hungarian_iou_assignment,"[0.467762111735397, 0.26069798262406124]","[{""pred_label"": 0, ""gt_label"": 1, ""iou"": 0.467762111735397}, {""pred_label"": 1, ""gt_label"": 0, ""iou"": 0.26069798262406124}]",fpn_2,fpn_2,72x72,1,3,3,24x24,pooled_avg_pool_multi_way,False,False,False,,,,"[42812, 22724]",jpeg_color_clustering_bic,-1,6,9519,0.1452484130859375,8,2,5592,"{""1"": -156005.03299078028, ""2"": -166558.86100389634, ""3"": -253299.00991376967, ""4"": -258599.96426736418, ""5"": -415180.53714905586, ""6"": -436940.8684014093, ""7"": -447635.6061691516, ""8"": -452823.55003437493}","[28135, 27882, 6011, 1192, 1088, 618, 378, 232]","[28135, 27882]","[2, 3, 4, 5, 6, 7]","[6011, 1192, 1088, 618, 378, 232]",bic,-452823.55003437493,ok
detexture_ade20k_multi,feature_cluster_coarse_global_pooled_oracle_k,training,447,training_ADE_train_00019819,detexture_multi_partition_v1,multi_partition_invariant,0.737817761302735,0.5627681243737703,0.6711420273952865,4,8,4,1.0,0.9283294677734375,60839,65536,4697,4,4,True,hungarian_iou_assignment,"[0.6165756630265211, 0.5197210814510609, 0.9571530104579145, 0.8578212902754438]","[{""pred_label"": 0, ""gt_label"": 1, ""iou"": 0.6165756630265211}, {""pred_label"": 1, ""gt_label"": 0, ""iou"": 0.5197210814510609}, {""pred_label"": 2, ""gt_label"": 3, ""iou"": 0.9571530104579145}, {""pred_label"": 3, ""gt_label"": 2, ""iou"": 0.8578212902754438}]",fpn_2,fpn_2,72x72,1,3,3,24x24,pooled_avg_pool_multi_way,False,False,False,,,,"[25429, 14083, 13824, 12200]",jpeg_color_clustering_bic,-1,4,4697,0.0716705322265625,8,4,4010,"{""1"": -134179.7484726409, ""2"": -137364.19013177181, ""3"": -191499.01904866297, ""4"": -274399.0446767676, ""5"": -274794.8723499029, ""6"": -294621.22317463614, ""7"": -464974.0127296644, ""8"": -466466.09816935525}","[21763, 16363, 13286, 9427, 3915, 470, 290, 22]","[21763, 16363, 13286, 9427]","[4, 5, 6, 7]","[3915, 470, 290, 22]",bic,-466466.09816935525,ok
detexture_ade20k_multi,feature_cluster_coarse_global_pooled_oracle_k,training,448,training_ADE_train_00019820,detexture_multi_partition_v1,multi_partition_invariant,0.9567989395462285,0.9410384708125342,0.9075074005104005,3,8,3,1.0,0.8480072021484375,55575,65536,9961,3,3,True,hungarian_iou_assignment,"[0.9743404781533388, 0.9332903830385382, 0.9627659574468085]","[{""pred_label"": 0, ""gt_label"": 0, ""iou"": 0.9743404781533388}, {""pred_label"": 1, ""gt_label"": 1, ""iou"": 0.9332903830385382}, {""pred_label"": 2, ""gt_label"": 2, ""iou"": 0.9627659574468085}]",fpn_2,fpn_2,72x72,1,3,3,24x24,pooled_avg_pool_multi_way,False,False,False,,,,"[29621, 24907, 11008]",jpeg_color_clustering_bic,-1,5,9961,0.1519927978515625,8,3,6349,"{""1"": -124743.69413032666, ""2"": -128659.85778260665, ""3"": -165222.113606946, ""4"": -192328.81463803575, ""5"": -344564.96271739854, ""6"": -360050.46847230673, ""7"": -421398.1953866141, ""8"": -435475.590125346}","[29059, 16380, 10136, 5769, 2269, 941, 648, 334]","[29059, 16380, 10136]","[3, 4, 5, 6, 7]","[5769, 2269, 941, 648, 334]",bic,-435475.590125346,ok
detexture_ade20k_multi,feature_cluster_coarse_global_pooled_oracle_k,training,449,training_ADE_train_00019826,detexture_multi_partition_v1,multi_partition_invariant,0.6540707500102244,0.5178244273163262,0.5971242506594431,3,8,3,1.0,0.9671173095703125,63381,65536,2155,3,3,True,hungarian_iou_assignment,"[0.6308955661609833, 0.39031819672899387, 0.9409984871406959]","[{""pred_label"": 0, ""gt_label"": 0, ""iou"": 0.6308955661609833}, {""pred_label"": 1, ""gt_label"": 2, ""iou"": 0.39031819672899387}, {""pred_label"": 2, ""gt_label"": 1, ""iou"": 0.9409984871406959}]",fpn_2,fpn_2,72x72,1,3,3,24x24,pooled_avg_pool_multi_way,False,False,False,,,,"[25327, 21447, 18762]",jpeg_color_clustering_bic,-1,5,2155,0.0328826904296875,8,3,4750,"{""1"": -159636.7043609196, ""2"": -166923.33282198146, ""3"": -215690.21810501386, ""4"": -217369.57929003818, ""5"": -429165.67000053084, ""6"": -433059.18483584054, ""7"": -439796.16214451176, ""8"": -452325.7062907426}","[36662, 17962, 8757, 766, 599, 316, 308, 166]","[36662, 17962, 8757]","[3, 4, 5, 6, 7]","[766, 599, 316, 308, 166]",bic,-452325.7062907426,ok
detexture_ade20k_multi,feature_cluster_coarse_global_pooled_oracle_k,training,450,training_ADE_train_00019832,detexture_multi_partition_v1,multi_partition_invariant,0.5516635571711148,0.5487606840891804,0.599135417097567,4,8,4,1.0,0.9671844601167315,63633,65792,2159,4,4,True,hungarian_iou_assignment,"[0.3710160383936995, 0.8457182987315104, 0.6544558412148661, 0.3354640503443833]","[{""pred_label"": 0, ""gt_label"": 2, ""iou"": 0.3710160383936995}, {""pred_label"": 1, ""gt_label"": 0, ""iou"": 0.8457182987315104}, {""pred_label"": 2, ""gt_label"": 3, ""iou"": 0.6544558412148661}, {""pred_label"": 3, ""gt_label"": 1, ""iou"": 0.3354640503443833}]",fpn_2,fpn_2,72x72,1,3,3,24x24,pooled_avg_pool_multi_way,False,False,False,,,,"[19970, 19631, 16043, 10148]",jpeg_color_clustering_bic,-1,4,2159,0.032815539883268484,8,4,6281,"{""1"": -126516.88024245105, ""2"": -129522.20707490371, ""3"": -160674.2606367054, ""4"": -247579.85318646353, ""5"": -370394.7021103206, ""6"": -374163.3444738951, ""7"": -428979.398482204, ""8"": -433654.67608518974}","[22678, 17197, 13822, 9936, 1072, 413, 385, 289]","[22678, 17197, 13822, 9936]","[4, 5, 6, 7]","[1072, 413, 385, 289]",bic,-433654.67608518974,ok
detexture_ade20k_multi,feature_cluster_coarse_global_pooled_oracle_k,training,451,training_ADE_train_00019837,detexture_multi_partition_v1,multi_partition_invariant,0.6981027328562229,0.5905901761252533,0.5846936082514902,3,8,3,1.0,0.8836491902669271,347465,393216,45751,3,3,True,hungarian_iou_assignment,"[0.8390171321088425, 0.578331122274062, 0.6769599441857643]","[{""pred_label"": 0, ""gt_label"": 1, ""iou"": 0.8390171321088425}, {""pred_label"": 1, ""gt_label"": 2, ""iou"": 0.578331122274062}, {""pred_label"": 2, ""gt_label"": 0, ""iou"": 0.6769599441857643}]",fpn_2,fpn_2,72x72,1,3,3,24x24,pooled_avg_pool_multi_way,False,False,False,,,,"[147776, 128256, 117184]",jpeg_color_clustering_bic,-1,5,45751,0.11635080973307292,8,3,22745,"{""1"": -805868.2524706323, ""2"": -876297.7430880377, ""3"": -1381135.8008741175, ""4"": -1402028.8167373138, ""5"": -1650903.9210245672, ""6"": -2233139.7010030183, ""7"": -2248052.2452411894, ""8"": -2266266.4455256807}","[128092, 123949, 95424, 29932, 7575, 5321, 1799, 1124]","[128092, 123949, 95424]","[3, 4, 5, 6, 7]","[29932, 7575, 5321, 1799, 1124]",bic,-2266266.4455256807,ok
detexture_ade20k_multi,feature_cluster_coarse_global_pooled_oracle_k,training,452,training_ADE_train_00019839,detexture_multi_partition_v1,multi_partition_invariant,0.6676217424457862,0.5924272819705763,0.4987676177836363,3,8,3,1.0,0.880157470703125,57682,65536,7854,3,3,True,hungarian_iou_assignment,"[0.8213756666008295, 0.6053935447338619, 0.5760960160026671]","[{""pred_label"": 0, ""gt_label"": 0, ""iou"": 0.8213756666008295}, {""pred_label"": 1, ""gt_label"": 1, ""iou"": 0.6053935447338619}, {""pred_label"": 2, ""gt_label"": 2, ""iou"": 0.5760960160026671}]",fpn_2,fpn_2,72x72,1,3,3,24x24,pooled_avg_pool_multi_way,False,False,False,,,,"[34837, 16217, 14482]",jpeg_color_clustering_bic,-1,5,7854,0.119842529296875,8,3,5656,"{""1"": -176427.37154545198, ""2"": -184906.58999201, ""3"": -221682.90456501566, ""4"": -240109.13827074284, ""5"": -355590.7014467907, ""6"": -356698.0305862786, ""7"": -358044.30604238185, ""8"": -360695.5754831285}","[40100, 8870, 8712, 6460, 489, 411, 248, 246]","[40100, 8870, 8712]","[3, 4, 5, 6, 7]","[6460, 489, 411, 248, 246]",bic,-360695.5754831285,ok
detexture_ade20k_multi,feature_cluster_coarse_global_pooled_oracle_k,training,453,training_ADE_train_00019845,detexture_multi_partition_v1,multi_partition_invariant,0.8258796911424172,0.7458695888099699,0.7349319460733753,3,8,3,1.0,0.952258064516129,81180,85250,4070,3,3,True,hungarian_iou_assignment,"[0.749917930536406, 0.9709828616408458, 0.75673828125]","[{""pred_label"": 0, ""gt_label"": 2, ""iou"": 0.749917930536406}, {""pred_label"": 1, ""gt_label"": 1, ""iou"": 0.9709828616408458}, {""pred_label"": 2, ""gt_label"": 0, ""iou"": 0.75673828125}]",fpn_2,fpn_2,72x72,1,3,3,24x24,pooled_avg_pool_multi_way,False,False,False,,,,"[31077, 28201, 25972]",jpeg_color_clustering_bic,-1,5,4070,0.04774193548387097,8,3,5736,"{""1"": -146850.31150452912, ""2"": -152611.24846537737, ""3"": -316412.05159570643, ""4"": -539601.4569972092, ""5"": -564450.8778717191, ""6"": -603312.3750222892, ""7"": -619627.4749893746, ""8"": -636942.6937997176}","[29373, 27916, 23891, 1389, 951, 814, 536, 380]","[29373, 27916, 23891]","[3, 4, 5, 6, 7]","[1389, 951, 814, 536, 380]",bic,-636942.6937997176,ok
detexture_ade20k_multi,feature_cluster_coarse_global_pooled_oracle_k,training,454,training_ADE_train_00019846,detexture_multi_partition_v1,multi_partition_invariant,0.6904749845825597,0.4272484671810268,0.4232261136475265,2,8,2,1.0,0.7354530792459737,257185,349696,92511,2,2,True,hungarian_iou_assignment,"[0.7581531497219713, 0.622796819443148]","[{""pred_label"": 0, ""gt_label"": 0, ""iou"": 0.7581531497219713}, {""pred_label"": 1, ""gt_label"": 1, ""iou"": 0.622796819443148}]",fpn_2,fpn_2,72x72,1,3,3,24x24,pooled_avg_pool_multi_way,False,False,False,,,,"[203123, 146573]",jpeg_color_clustering_bic,-1,6,92511,0.26454692075402636,8,2,10268,"{""1"": -880212.7417077717, ""2"": -931851.0836955783, ""3"": -1197653.859784982, ""4"": -1293838.5019418912, ""5"": -1410015.7741977747, ""6"": -1521702.4608140187, ""7"": -2593752.542735208, ""8"": -2615425.635326787}","[182324, 74861, 30082, 27861, 21053, 8903, 3654, 958]","[182324, 74861]","[2, 3, 4, 5, 6, 7]","[30082, 27861, 21053, 8903, 3654, 958]",bic,-2615425.635326787,ok
detexture_ade20k_multi,feature_cluster_coarse_global_pooled_oracle_k,training,455,training_ADE_train_00019849,detexture_multi_partition_v1,multi_partition_invariant,0.3800468614338632,0.37107878900600827,0.47519900599142817,4,8,4,1.0,0.9628260869565217,115154,119600,4446,4,4,True,hungarian_iou_assignment,"[0.5744615912862675, 0.5250338693526536, 0.4206041116343172, 8.787346221441125e-05]","[{""pred_label"": 0, ""gt_label"": 1, ""iou"": 0.5744615912862675}, {""pred_label"": 1, ""gt_label"": 2, ""iou"": 0.5250338693526536}, {""pred_label"": 2, ""gt_label"": 0, ""iou"": 0.4206041116343172}, {""pred_label"": 3, ""gt_label"": 3, ""iou"": 8.787346221441125e-05}]",fpn_2,fpn_2,72x72,1,3,3,24x24,pooled_avg_pool_multi_way,False,False,False,,,,"[44167, 34071, 21632, 19730]",jpeg_color_clustering_bic,-1,4,4446,0.03717391304347826,8,4,11210,"{""1"": -249326.40302814887, ""2"": -270251.5657602264, ""3"": -365979.4276267231, ""4"": -386615.32784766547, ""5"": -464789.94127461227, ""6"": -469323.31405565905, ""7"": -565472.8878155109, ""8"": -566902.0405768886}","[41037, 39064, 18006, 17047, 2564, 1124, 456, 302]","[41037, 39064, 18006, 17047]","[4, 5, 6, 7]","[2564, 1124, 456, 302]",bic,-566902.0405768886,ok
detexture_ade20k_multi,feature_cluster_coarse_global_pooled_oracle_k,training,456,training_ADE_train_00019851,detexture_multi_partition_v1,multi_partition_invariant,0.7733949197127913,0.7072611168955426,0.6304176126866305,3,8,3,1.0,0.9481353759765625,62137,65536,3399,3,3,True,hungarian_iou_assignment,"[0.8570978613499638, 0.8424319592551329, 0.6206549385332768]","[{""pred_label"": 0, ""gt_label"": 0, ""iou"": 0.8570978613499638}, {""pred_label"": 1, ""gt_label"": 1, ""iou"": 0.8424319592551329}, {""pred_label"": 2, ""gt_label"": 2, ""iou"": 0.6206549385332768}]",fpn_2,fpn_2,72x72,1,3,3,24x24,pooled_avg_pool_multi_way,False,False,False,,,,"[30855, 18595, 16086]",jpeg_color_clustering_bic,-1,5,3399,0.0518646240234375,8,3,5550,"{""1"": -143499.3359312033, ""2"": -160774.17877254778, ""3"": -200020.36484272633, ""4"": -371778.4442402924, ""5"": -425138.2747150927, ""6"": -431198.3751333844, ""7"": -449459.50914103084, ""8"": -472933.15059903805}","[28918, 16894, 16325, 1233, 1063, 884, 154, 65]","[28918, 16894, 16325]","[3, 4, 5, 6, 7]","[1233, 1063, 884, 154, 65]",bic,-472933.15059903805,ok
detexture_ade20k_multi,feature_cluster_coarse_global_pooled_oracle_k,training,457,training_ADE_train_00019852,detexture_multi_partition_v1,multi_partition_invariant,0.9727519256616713,0.9551015426084798,0.9279776433028674,3,8,3,1.0,0.9694671630859375,63535,65536,2001,3,3,True,hungarian_iou_assignment,"[0.9678457729041386, 0.9709111430330392, 0.979498861047836]","[{""pred_label"": 0, ""gt_label"": 0, ""iou"": 0.9678457729041386}, {""pred_label"": 1, ""gt_label"": 1, ""iou"": 0.9709111430330392}, {""pred_label"": 2, ""gt_label"": 2, ""iou"": 0.979498861047836}]",fpn_2,fpn_2,72x72,1,3,3,24x24,pooled_avg_pool_multi_way,False,False,False,,,,"[28708, 20234, 16594]",jpeg_color_clustering_bic,-1,5,2001,0.0305328369140625,8,3,3694,"{""1"": -115832.59069065744, ""2"": -118708.50443996076, ""3"": -242451.75321160123, ""4"": -432760.93423630163, ""5"": -456115.51360058965, ""6"": -488923.4432087557, ""7"": -497296.4549457222, ""8"": -510124.19085345196}","[27772, 19122, 16641, 657, 526, 445, 203, 170]","[27772, 19122, 16641]","[3, 4, 5, 6, 7]","[657, 526, 445, 203, 170]",bic,-510124.19085345196,ok
detexture_ade20k_multi,feature_cluster_coarse_global_pooled_oracle_k,training,458,training_ADE_train_00019855,detexture_multi_partition_v1,multi_partition_invariant,0.8072887968974077,0.7530140265223536,0.6864630249190786,3,8,3,1.0,0.8450814814814814,57043,67500,10457,3,3,True,hungarian_iou_assignment,"[0.8005987552194123, 0.9394584314435791, 0.6818092040292317]","[{""pred_label"": 0, ""gt_label"": 0, ""iou"": 0.8005987552194123}, {""pred_label"": 1, ""gt_label"": 1, ""iou"": 0.9394584314435791}, {""pred_label"": 2, ""gt_label"": 2, ""iou"": 0.6818092040292317}]",fpn_2,fpn_2,72x72,1,3,3,24x24,pooled_avg_pool_multi_way,False,False,False,,,,"[25144, 21533, 20823]",jpeg_color_clustering_bic,-1,5,10457,0.1549185185185185,8,3,5954,"{""1"": -150430.326134507, ""2"": -157053.23130980716, ""3"": -217783.03298117398, ""4"": -316428.3482203217, ""5"": -318892.8186915488, ""6"": -383285.61744323774, ""7"": -383534.51740766247, ""8"": -483076.4421161618}","[22157, 21493, 13393, 7368, 2415, 557, 87, 30]","[22157, 21493, 13393]","[3, 4, 5, 6, 7]","[7368, 2415, 557, 87, 30]",bic,-483076.4421161618,ok
detexture_ade20k_multi,feature_cluster_coarse_global_pooled_oracle_k,training,459,training_ADE_train_00019856,detexture_multi_partition_v1,multi_partition_invariant,0.41621177552810773,0.35007889346151616,0.4083000763834622,4,8,4,1.0,0.8289234203296704,386212,465920,79708,4,4,True,hungarian_iou_assignment,"[0.3595816286954672, 0.41039771831802213, 0.8574716893921885, 0.0373960657067532]","[{""pred_label"": 0, ""gt_label"": 2, ""iou"": 0.3595816286954672}, {""pred_label"": 1, ""gt_label"": 0, ""iou"": 0.41039771831802213}, {""pred_label"": 2, ""gt_label"": 1, ""iou"": 0.8574716893921885}, {""pred_label"": 3, ""gt_label"": 3, ""iou"": 0.0373960657067532}]",fpn_2,fpn_2,72x72,1,3,3,24x24,pooled_avg_pool_multi_way,False,False,False,,,,"[146099, 143777, 95066, 80978]",jpeg_color_clustering_bic,-1,4,79708,0.17107657967032966,8,4,26723,"{""1"": -894755.2707512266, ""2"": -991229.1626598542, ""3"": -1175549.1468935492, ""4"": -1593101.3651931796, ""5"": -1656737.0939147372, ""6"": -1778017.1298624487, ""7"": -1836500.6285734335, ""8"": -2108269.558490044}","[139091, 107179, 75513, 64429, 45777, 21297, 6807, 5827]","[139091, 107179, 75513, 64429]","[4, 5, 6, 7]","[45777, 21297, 6807, 5827]",bic,-2108269.558490044,ok
detexture_ade20k_multi,feature_cluster_coarse_global_pooled_oracle_k,training,460,training_ADE_train_00019857,detexture_multi_partition_v1,multi_partition_invariant,0.523917253110606,0.5593022839465771,0.6066285441682078,5,8,5,1.0,0.984375,64512,65536,1024,5,5,True,hungarian_iou_assignment,"[0.9375, 0.5860024414346335, 0.35677290836653386, 0.5820491211172646, 0.1572617946345976]","[{""pred_label"": 0, ""gt_label"": 0, ""iou"": 0.9375}, {""pred_label"": 1, ""gt_label"": 3, ""iou"": 0.5860024414346335}, {""pred_label"": 2, ""gt_label"": 4, ""iou"": 0.35677290836653386}, {""pred_label"": 3, ""gt_label"": 1, ""iou"": 0.5820491211172646}, {""pred_label"": 4, ""gt_label"": 2, ""iou"": 0.1572617946345976}]",fpn_2,fpn_2,72x72,1,3,3,24x24,pooled_avg_pool_multi_way,False,False,False,,,,"[17212, 16953, 12629, 10514, 8228]",jpeg_color_clustering_bic,-1,3,1024,0.015625,8,5,6283,"{""1"": -129986.58345316812, ""2"": -132028.99590902586, ""3"": -213013.16014289352, ""4"": -270718.16303617216, ""5"": -318889.36462381715, ""6"": -321810.23677264736, ""7"": -439693.3706583058, ""8"": -444122.4627666929}","[17078, 15997, 13222, 10331, 7884, 643, 224, 157]","[17078, 15997, 13222, 10331, 7884]","[5, 6, 7]","[643, 224, 157]",bic,-444122.4627666929,ok
detexture_ade20k_multi,feature_cluster_coarse_global_pooled_oracle_k,training,461,training_ADE_train_00019858,detexture_multi_partition_v1,multi_partition_invariant,0.6764388546726512,0.40421111108539926,0.4288805657042545,2,8,2,1.0,0.8367462158203125,54837,65536,10699,2,2,True,hungarian_iou_assignment,"[0.6047028034418493, 0.7481749059034531]","[{""pred_label"": 0, ""gt_label"": 1, ""iou"": 0.6047028034418493}, {""pred_label"": 1, ""gt_label"": 0, ""iou"": 0.7481749059034531}]",fpn_2,fpn_2,72x72,1,3,3,24x24,pooled_avg_pool_multi_way,False,False,False,,,,"[33976, 31560]",jpeg_color_clustering_bic,-1,6,10699,0.1632537841796875,8,2,6462,"{""1"": -131686.29845477824, ""2"": -135957.243718869, ""3"": -264998.9634105273, ""4"": -282665.46476325294, ""5"": -286751.20574716496, ""6"": -390556.7472585398, ""7"": -402100.86701771873, ""8"": -418718.2584031415}","[39504, 15333, 6531, 1807, 1005, 625, 480, 251]","[39504, 15333]","[2, 3, 4, 5, 6, 7]","[6531, 1807, 1005, 625, 480, 251]",bic,-418718.2584031415,ok
detexture_ade20k_multi,feature_cluster_coarse_global_pooled_oracle_k,training,462,training_ADE_train_00019861,detexture_multi_partition_v1,multi_partition_invariant,0.7082411249297083,0.4478441707475477,0.46128977087874395,2,8,2,1.0,0.83599853515625,54788,65536,10748,2,2,True,hungarian_iou_assignment,"[0.6600502795392293, 0.7564319703201872]","[{""pred_label"": 0, ""gt_label"": 1, ""iou"": 0.6600502795392293}, {""pred_label"": 1, ""gt_label"": 0, ""iou"": 0.7564319703201872}]",fpn_2,fpn_2,72x72,1,3,3,24x24,pooled_avg_pool_multi_way,False,False,False,,,,"[36185, 29351]",jpeg_color_clustering_bic,-1,6,10748,0.16400146484375,8,2,6644,"{""1"": -159858.22098904577, ""2"": -165724.0677303167, ""3"": -224088.64982864345, ""4"": -321982.9975363754, ""5"": -325310.6993691008, ""6"": -329755.95971804485, ""7"": -332470.5844064769, ""8"": -333361.9189740022}","[37065, 17723, 7645, 926, 816, 763, 426, 172]","[37065, 17723]","[2, 3, 4, 5, 6, 7]","[7645, 926, 816, 763, 426, 172]",bic,-333361.9189740022,ok
detexture_ade20k_multi,feature_cluster_coarse_global_pooled_oracle_k,training,463,training_ADE_train_00019863,detexture_multi_partition_v1,multi_partition_invariant,0.9467550903112344,0.9240541717375282,0.8815911348254222,3,8,3,1.0,0.8531646728515625,55913,65536,9623,3,3,True,hungarian_iou_assignment,"[0.9480918499353169, 0.9225763514013163, 0.9695970695970696]","[{""pred_label"": 0, ""gt_label"": 0, ""iou"": 0.9480918499353169}, {""pred_label"": 1, ""gt_label"": 2, ""iou"": 0.9225763514013163}, {""pred_label"": 2, ""gt_label"": 1, ""iou"": 0.9695970695970696}]",fpn_2,fpn_2,72x72,1,3,3,24x24,pooled_avg_pool_multi_way,False,False,False,,,,"[24644, 20857, 20035]",jpeg_color_clustering_bic,-1,5,9623,0.1468353271484375,8,3,5443,"{""1"": -161076.8775328891, ""2"": -178773.957815962, ""3"": -257366.37639264055, ""4"": -263687.4241876119, ""5"": -316364.127289586, ""6"": -316723.37005194416, ""7"": -455230.86546278547, ""8"": -461851.7702398025}","[24431, 18896, 12586, 7279, 1456, 510, 268, 110]","[24431, 18896, 12586]","[3, 4, 5, 6, 7]","[7279, 1456, 510, 268, 110]",bic,-461851.7702398025,ok
detexture_ade20k_multi,feature_cluster_coarse_global_pooled_oracle_k,training,464,training_ADE_train_00019864,detexture_multi_partition_v1,multi_partition_invariant,0.34386146381060056,0.29266096767055905,0.3898580355630994,3,8,3,1.0,0.9328460693359375,61135,65536,4401,3,3,True,hungarian_iou_assignment,"[0.5240246830704087, 0.466166314024512, 0.04139339433688097]","[{""pred_label"": 0, ""gt_label"": 1, ""iou"": 0.5240246830704087}, {""pred_label"": 1, ""gt_label"": 0, ""iou"": 0.466166314024512}, {""pred_label"": 2, ""gt_label"": 2, ""iou"": 0.04139339433688097}]",fpn_2,fpn_2,72x72,1,3,3,24x24,pooled_avg_pool_multi_way,False,False,False,,,,"[41489, 12314, 11733]",jpeg_color_clustering_bic,-1,5,4401,0.0671539306640625,8,3,4863,"{""1"": -120043.13291932343, ""2"": -125510.83668556357, ""3"": -187658.68866763546, ""4"": -359264.1348463994, ""5"": -366680.5450110321, ""6"": -408795.6996917742, ""7"": -439430.25892664655, ""8"": -448557.38445886987}","[24674, 21016, 15445, 1740, 881, 810, 679, 291]","[24674, 21016, 15445]","[3, 4, 5, 6, 7]","[1740, 881, 810, 679, 291]",bic,-448557.38445886987,ok
detexture_ade20k_multi,feature_cluster_coarse_global_pooled_oracle_k,training,465,training_ADE_train_00019874,detexture_multi_partition_v1,multi_partition_invariant,0.7089779174486116,0.5630499952736944,0.6134110831156077,3,8,3,1.0,0.7931115222953217,277754,350208,72454,3,3,True,hungarian_iou_assignment,"[0.7214334974197998, 0.505317365269461, 0.9001828896565739]","[{""pred_label"": 0, ""gt_label"": 0, ""iou"": 0.7214334974197998}, {""pred_label"": 1, ""gt_label"": 2, ""iou"": 0.505317365269461}, {""pred_label"": 2, ""gt_label"": 1, ""iou"": 0.9001828896565739}]",fpn_2,fpn_2,72x72,1,3,3,24x24,pooled_avg_pool_multi_way,False,False,False,,,,"[140629, 114638, 94941]",jpeg_color_clustering_bic,-1,5,72454,0.20688847770467836,8,3,22490,"{""1"": -608000.0290933838, ""2"": -885965.7398917472, ""3"": -1003575.5708295354, ""4"": -1334199.4255187754, ""5"": -1469803.9859422185, ""6"": -1623281.5747811159, ""7"": -1727726.8616649127, ""8"": -1869824.3029408199}","[166649, 68548, 42557, 24011, 15559, 11667, 10816, 10401]","[166649, 68548, 42557]","[3, 4, 5, 6, 7]","[24011, 15559, 11667, 10816, 10401]",bic,-1869824.3029408199,ok
detexture_ade20k_multi,feature_cluster_coarse_global_pooled_oracle_k,training,466,training_ADE_train_00019875,detexture_multi_partition_v1,multi_partition_invariant,0.7151959434414384,0.6726058885145871,0.6621642767831907,4,8,4,1.0,0.96990966796875,63564,65536,1972,4,4,True,hungarian_iou_assignment,"[0.7991889400921659, 0.8543358815097946, 0.5066353838257937, 0.7006235683379994]","[{""pred_label"": 0, ""gt_label"": 0, ""iou"": 0.7991889400921659}, {""pred_label"": 1, ""gt_label"": 2, ""iou"": 0.8543358815097946}, {""pred_label"": 2, ""gt_label"": 3, ""iou"": 0.5066353838257937}, {""pred_label"": 3, ""gt_label"": 1, ""iou"": 0.7006235683379994}]",fpn_2,fpn_2,72x72,1,3,3,24x24,pooled_avg_pool_multi_way,False,False,False,,,,"[22816, 17252, 12945, 12523]",jpeg_color_clustering_bic,-1,4,1972,0.03009033203125,8,4,5913,"{""1"": -129828.80739899757, ""2"": -132882.92839478733, ""3"": -214883.7487819911, ""4"": -270790.8160296806, ""5"": -398138.7850108223, ""6"": -408822.0578422586, ""7"": -432908.52724343963, ""8"": -433437.5785046848}","[26532, 14528, 14497, 8007, 1072, 452, 405, 43]","[26532, 14528, 14497, 8007]","[4, 5, 6, 7]","[1072, 452, 405, 43]",bic,-433437.5785046848,ok
detexture_ade20k_multi,feature_cluster_coarse_global_pooled_oracle_k,training,467,training_ADE_train_00019878,detexture_multi_partition_v1,multi_partition_invariant,0.3117178818090452,0.12433844628500375,0.1579387792323732,3,8,3,1.0,0.8617542093704246,301352,349696,48344,3,3,True,hungarian_iou_assignment,"[0.22650186543488743, 0.44052563491523117, 0.26812614507701704]","[{""pred_label"": 0, ""gt_label"": 0, ""iou"": 0.22650186543488743}, {""pred_label"": 1, ""gt_label"": 2, ""iou"": 0.44052563491523117}, {""pred_label"": 2, ""gt_label"": 1, ""iou"": 0.26812614507701704}]",fpn_2,fpn_2,72x72,1,3,3,24x24,pooled_avg_pool_multi_way,False,False,False,,,,"[165343, 131752, 52601]",jpeg_color_clustering_bic,-1,5,48344,0.1382457906295754,8,3,18951,"{""1"": -857258.2688429948, ""2"": -914542.3201116213, ""3"": -1044940.0074372805, ""4"": -1087004.1350365845, ""5"": -1371905.516281795, ""6"": -1235727.1140748004, ""7"": -1244823.133633693, ""8"": -1688607.56082061}","[106517, 99129, 95706, 25604, 11044, 6457, 3693, 1546]","[106517, 99129, 95706]","[3, 4, 5, 6, 7]","[25604, 11044, 6457, 3693, 1546]",bic,-1688607.56082061,ok
detexture_ade20k_multi,feature_cluster_coarse_global_pooled_oracle_k,training,468,training_ADE_train_00019880,detexture_multi_partition_v1,multi_partition_invariant,0.5182808329022648,0.6323702801581398,0.6398532670378282,3,8,3,1.0,0.8446908171669106,295385,349696,54311,3,3,True,hungarian_iou_assignment,"[0.948272928364812, 0.3636284447260057, 0.24294112561597647]","[{""pred_label"": 0, ""gt_label"": 0, ""iou"": 0.948272928364812}, {""pred_label"": 1, ""gt_label"": 2, ""iou"": 0.3636284447260057}, {""pred_label"": 2, ""gt_label"": 1, ""iou"": 0.24294112561597647}]",fpn_2,fpn_2,72x72,1,3,3,24x24,pooled_avg_pool_multi_way,False,False,False,,,,"[143016, 136462, 70218]",jpeg_color_clustering_bic,-1,5,54311,0.1553091828330893,8,3,14187,"{""1"": -584061.0320513508, ""2"": -702295.4741969663, ""3"": -1026632.4157400344, ""4"": -1450236.169203849, ""5"": -1645348.4659216297, ""6"": -1709635.0548438989, ""7"": -1788870.1855651182, ""8"": -1796515.5314111824}","[133790, 114810, 46785, 21939, 20368, 5843, 5401, 760]","[133790, 114810, 46785]","[3, 4, 5, 6, 7]","[21939, 20368, 5843, 5401, 760]",bic,-1796515.5314111824,ok
detexture_ade20k_multi,feature_cluster_coarse_global_pooled_oracle_k,training,469,training_ADE_train_00019882,detexture_multi_partition_v1,multi_partition_invariant,0.6493658717977362,0.48709637832221536,0.5295447169107956,4,8,4,1.0,0.9140592592592592,61699,67500,5801,4,4,True,hungarian_iou_assignment,"[0.6292772047348989, 0.608173566165995, 0.4924079504724666, 0.8676047658175843]","[{""pred_label"": 0, ""gt_label"": 1, ""iou"": 0.6292772047348989}, {""pred_label"": 1, ""gt_label"": 0, ""iou"": 0.608173566165995}, {""pred_label"": 2, ""gt_label"": 2, ""iou"": 0.4924079504724666}, {""pred_label"": 3, ""gt_label"": 3, ""iou"": 0.8676047658175843}]",fpn_2,fpn_2,72x72,1,3,3,24x24,pooled_avg_pool_multi_way,False,False,False,,,,"[23605, 18958, 15806, 9131]",jpeg_color_clustering_bic,-1,4,5801,0.08594074074074073,8,4,10758,"{""1"": -140989.20709936458, ""2"": -178864.02090223512, ""3"": -193323.62548815322, ""4"": -216535.95822574076, ""5"": -287566.60101631255, ""6"": -303210.47709279315, ""7"": -322280.4332948538, ""8"": -328773.330066961}","[21349, 19810, 11332, 9208, 2227, 1814, 1176, 584]","[21349, 19810, 11332, 9208]","[4, 5, 6, 7]","[2227, 1814, 1176, 584]",bic,-328773.330066961,ok
detexture_ade20k_multi,feature_cluster_coarse_global_pooled_oracle_k,training,470,training_ADE_train_00019885,detexture_multi_partition_v1,multi_partition_invariant,0.4736168062201989,0.5472650800279305,0.5759721015704176,3,8,3,1.0,0.7653994197733918,268049,350208,82159,3,3,True,hungarian_iou_assignment,"[0.5388507025838664, 0.8654806801640863, 0.016519035912644215]","[{""pred_label"": 0, ""gt_label"": 1, ""iou"": 0.5388507025838664}, {""pred_label"": 1, ""gt_label"": 0, ""iou"": 0.8654806801640863}, {""pred_label"": 2, ""gt_label"": 2, ""iou"": 0.016519035912644215}]",fpn_2,fpn_2,72x72,1,3,3,24x24,pooled_avg_pool_multi_way,False,False,False,,,,"[173042, 112778, 64388]",jpeg_color_clustering_bic,-1,5,82159,0.23460058022660818,8,3,18710,"{""1"": -726067.636829001, ""2"": -867446.1572488016, ""3"": -942361.7598903901, ""4"": -1083605.9204977877, ""5"": -1330790.2097264538, ""6"": -1216967.4971302089, ""7"": -1662859.7822812737, ""8"": -1668751.2942017904}","[120877, 88102, 59070, 38223, 34188, 6262, 1810, 1676]","[120877, 88102, 59070]","[3, 4, 5, 6, 7]","[38223, 34188, 6262, 1810, 1676]",bic,-1668751.2942017904,ok
detexture_ade20k_multi,feature_cluster_coarse_global_pooled_oracle_k,training,471,training_ADE_train_00019962,detexture_multi_partition_v1,multi_partition_invariant,0.928346839101722,0.8840856464367373,0.8133115286592182,2,8,2,1.0,0.8502842468887262,297341,349696,52355,2,2,True,hungarian_iou_assignment,"[0.9637386272542896, 0.8929550509491543]","[{""pred_label"": 0, ""gt_label"": 0, ""iou"": 0.9637386272542896}, {""pred_label"": 1, ""gt_label"": 1, ""iou"": 0.8929550509491543}]",fpn_2,fpn_2,72x72,1,3,3,24x24,pooled_avg_pool_multi_way,False,False,False,,,,"[228703, 120993]",jpeg_color_clustering_bic,-1,6,52355,0.1497157531112738,8,2,9159,"{""1"": -677412.477156424, ""2"": -744583.1932574887, ""3"": -1215900.5555340552, ""4"": -2422491.487247362, ""5"": -2481564.09540494, ""6"": -2596627.3786060577, ""7"": -2670645.1529311533, ""8"": -2712728.1739489078}","[228287, 69054, 38497, 9674, 1289, 1273, 1089, 533]","[228287, 69054]","[2, 3, 4, 5, 6, 7]","[38497, 9674, 1289, 1273, 1089, 533]",bic,-2712728.1739489078,ok
detexture_ade20k_multi,feature_cluster_coarse_global_pooled_oracle_k,training,472,training_ADE_train_00020092,detexture_multi_partition_v1,multi_partition_invariant,0.9490417585085377,0.9276706251290676,0.8841414653926226,3,8,3,1.0,0.9523520923520924,32999,34650,1651,3,3,True,hungarian_iou_assignment,"[0.9513764305598515, 0.9693834637059466, 0.926365381259815]","[{""pred_label"": 0, ""gt_label"": 0, ""iou"": 0.9513764305598515}, {""pred_label"": 1, ""gt_label"": 1, ""iou"": 0.9693834637059466}, {""pred_label"": 2, ""gt_label"": 2, ""iou"": 0.926365381259815}]",fpn_2,fpn_2,72x72,1,3,3,24x24,pooled_avg_pool_multi_way,False,False,False,,,,"[16574, 12054, 6022]",jpeg_color_clustering_bic,-1,5,1651,0.04764790764790765,8,3,3780,"{""1"": -71591.84939895367, ""2"": -74544.95461416597, ""3"": -119674.0925625185, ""4"": -120441.75285767799, ""5"": -221427.204304241, ""6"": -240815.97223312015, ""7"": -247290.13874583656, ""8"": -251324.6977693529}","[15852, 11617, 5530, 515, 469, 349, 227, 91]","[15852, 11617, 5530]","[3, 4, 5, 6, 7]","[515, 469, 349, 227, 91]",bic,-251324.6977693529,ok
detexture_ade20k_multi,feature_cluster_coarse_global_pooled_oracle_k,training,473,training_ADE_train_00020125,detexture_multi_partition_v1,multi_partition_invariant,0.457056516811001,0.308058727565875,0.3867354565529236,3,8,3,1.0,0.7324036288826684,86866,118604,31738,3,3,True,hungarian_iou_assignment,"[0.4243344083981534, 0.7095089044792229, 0.23732623755562693]","[{""pred_label"": 0, ""gt_label"": 1, ""iou"": 0.4243344083981534}, {""pred_label"": 1, ""gt_label"": 0, ""iou"": 0.7095089044792229}, {""pred_label"": 2, ""gt_label"": 2, ""iou"": 0.23732623755562693}]",fpn_2,fpn_2,72x72,1,3,3,24x24,pooled_avg_pool_multi_way,False,False,False,,,,"[64768, 34228, 19608]",jpeg_color_clustering_bic,-1,5,31738,0.26759637111733164,8,3,8508,"{""1"": -242774.83023634178, ""2"": -266712.0278823368, ""3"": -323204.2921870655, ""4"": -363111.88224934327, ""5"": -386261.53698753094, ""6"": -410214.10197080416, ""7"": -533934.5164683943, ""8"": -534433.0530286971}","[46325, 20735, 19806, 14089, 8470, 6479, 2448, 252]","[46325, 20735, 19806]","[3, 4, 5, 6, 7]","[14089, 8470, 6479, 2448, 252]",bic,-534433.0530286971,ok
detexture_ade20k_multi,feature_cluster_coarse_global_pooled_oracle_k,validation,474,validation_ADE_val_00000233,detexture_multi_partition_v1,multi_partition_invariant,0.615068727940329,0.5312271919680434,0.49207873834077115,3,8,3,1.0,0.8501451646959459,322103,378880,56777,3,3,True,hungarian_iou_assignment,"[0.8080078746655035, 0.45819377687832025, 0.5790045322771631]","[{""pred_label"": 0, ""gt_label"": 0, ""iou"": 0.8080078746655035}, {""pred_label"": 1, ""gt_label"": 2, ""iou"": 0.45819377687832025}, {""pred_label"": 2, ""gt_label"": 1, ""iou"": 0.5790045322771631}]",fpn_2,fpn_2,72x72,1,3,3,24x24,pooled_avg_pool_multi_way,False,False,False,,,,"[149865, 140528, 88487]",jpeg_color_clustering_bic,-1,5,56777,0.14985483530405405,8,3,31296,"{""1"": -689241.2136132795, ""2"": -1087877.2370324528, ""3"": -1180891.3162666706, ""4"": -1263503.7067688815, ""5"": -1315492.6572057386, ""6"": -1369187.941845939, ""7"": -1395082.8651866168, ""8"": -1669618.615568852}","[166487, 109493, 46123, 17805, 12827, 10714, 8308, 7123]","[166487, 109493, 46123]","[3, 4, 5, 6, 7]","[17805, 12827, 10714, 8308, 7123]",bic,-1669618.615568852,ok
detexture_ade20k_multi,feature_cluster_coarse_global_pooled_oracle_k,validation,475,validation_ADE_val_00000289,detexture_multi_partition_v1,multi_partition_invariant,0.4803605547735921,0.38064317470087167,0.4541617066836172,5,8,5,1.0,0.9597683937306579,38456,40068,1612,5,5,True,hungarian_iou_assignment,"[0.6099325768788029, 0.46665931885815054, 0.18527633244269442, 0.6573062261753494, 0.48262831951296314]","[{""pred_label"": 0, ""gt_label"": 0, ""iou"": 0.6099325768788029}, {""pred_label"": 1, ""gt_label"": 4, ""iou"": 0.46665931885815054}, {""pred_label"": 2, ""gt_label"": 1, ""iou"": 0.18527633244269442}, {""pred_label"": 3, ""gt_label"": 3, ""iou"": 0.6573062261753494}, {""pred_label"": 4, ""gt_label"": 2, ""iou"": 0.48262831951296314}]",fpn_2,fpn_2,72x72,1,3,3,24x24,pooled_avg_pool_multi_way,False,False,False,,,,"[9927, 8606, 7477, 7280, 6778]",jpeg_color_clustering_bic,-1,3,1612,0.04023160626934212,8,5,9856,"{""1"": -79158.54288791299, ""2"": -85445.32403553833, ""3"": -115951.09691191379, ""4"": -117133.5847610268, ""5"": -142859.50703299505, ""6"": -160204.37858495803, ""7"": -162836.15279198624, ""8"": -218269.51032402628}","[10212, 10012, 7446, 5925, 4861, 955, 395, 262]","[10212, 10012, 7446, 5925, 4861]","[5, 6, 7]","[955, 395, 262]",bic,-218269.51032402628,ok
detexture_ade20k_multi,feature_cluster_coarse_global_pooled_oracle_k,validation,476,validation_ADE_val_00000345,detexture_multi_partition_v1,multi_partition_invariant,0.7061944356000102,0.5992660577139459,0.5530673987923432,3,8,3,1.0,0.9080544244143485,317543,349696,32153,3,3,True,hungarian_iou_assignment,"[0.8146766255252282, 0.7426494820568089, 0.5612571992179932]","[{""pred_label"": 0, ""gt_label"": 0, ""iou"": 0.8146766255252282}, {""pred_label"": 1, ""gt_label"": 2, ""iou"": 0.7426494820568089}, {""pred_label"": 2, ""gt_label"": 1, ""iou"": 0.5612571992179932}]",fpn_2,fpn_2,72x72,1,3,3,24x24,pooled_avg_pool_multi_way,False,False,False,,,,"[139636, 112061, 97999]",jpeg_color_clustering_bic,-1,5,32153,0.09194557558565154,8,3,21798,"{""1"": -960390.3260899053, ""2"": -1094493.3491837778, ""3"": -1156113.1716131393, ""4"": -1181090.1588657643, ""5"": -1629013.6954847658, ""6"": -1716644.8842972494, ""7"": -1763737.3677014522, ""8"": -1814181.61739212}","[129945, 101056, 86542, 15287, 6859, 4518, 3988, 1501]","[129945, 101056, 86542]","[3, 4, 5, 6, 7]","[15287, 6859, 4518, 3988, 1501]",bic,-1814181.61739212,ok
detexture_ade20k_multi,feature_cluster_coarse_global_pooled_oracle_k,validation,477,validation_ADE_val_00000365,detexture_multi_partition_v1,multi_partition_invariant,0.9016499029828738,0.8714697922163014,0.8180829141482916,3,8,3,1.0,0.9249114990234375,60615,65536,4921,3,3,True,hungarian_iou_assignment,"[0.9413758292471878, 0.9435175530066041, 0.82005632669483]","[{""pred_label"": 0, ""gt_label"": 0, ""iou"": 0.9413758292471878}, {""pred_label"": 1, ""gt_label"": 1, ""iou"": 0.9435175530066041}, {""pred_label"": 2, ""gt_label"": 2, ""iou"": 0.82005632669483}]",fpn_2,fpn_2,72x72,1,3,3,24x24,pooled_avg_pool_multi_way,False,False,False,,,,"[41997, 12388, 11151]",jpeg_color_clustering_bic,-1,5,4921,0.0750885009765625,8,3,6386,"{""1"": -142086.87758908066, ""2"": -159439.82201980043, ""3"": -250394.99937794424, ""4"": -405068.343902981, ""5"": -431522.21208217874, ""6"": -454877.1026404758, ""7"": -463175.052204363, ""8"": -471720.68853900034}","[41423, 10872, 8320, 1839, 1742, 673, 419, 248]","[41423, 10872, 8320]","[3, 4, 5, 6, 7]","[1839, 1742, 673, 419, 248]",bic,-471720.68853900034,ok
detexture_ade20k_multi,feature_cluster_coarse_global_pooled_oracle_k,validation,478,validation_ADE_val_00000389,detexture_multi_partition_v1,multi_partition_invariant,0.30992004470837575,-0.007956241511795506,0.017456899338245905,2,8,2,1.0,0.7951563643850659,278063,349696,71633,2,2,True,hungarian_iou_assignment,"[0.4441727168513565, 0.17566737256539505]","[{""pred_label"": 0, ""gt_label"": 1, ""iou"": 0.4441727168513565}, {""pred_label"": 1, ""gt_label"": 0, ""iou"": 0.17566737256539505}]",fpn_2,fpn_2,72x72,1,3,3,24x24,pooled_avg_pool_multi_way,False,False,False,,,,"[247235, 102461]",jpeg_color_clustering_bic,-1,6,71633,0.20484363561493413,8,2,16831,"{""1"": -632947.1446012039, ""2"": -643052.3569038041, ""3"": -1279278.0916891983, ""4"": -1302545.086448473, ""5"": -1429747.8298226518, ""6"": -1768513.2331079505, ""7"": -2093922.585444589, ""8"": -2246015.7892580545}","[156512, 121551, 32083, 13976, 12865, 7327, 3204, 2178]","[156512, 121551]","[2, 3, 4, 5, 6, 7]","[32083, 13976, 12865, 7327, 3204, 2178]",bic,-2246015.7892580545,ok
detexture_ade20k_multi,feature_cluster_coarse_global_pooled_oracle_k,validation,479,validation_ADE_val_00000394,detexture_multi_partition_v1,multi_partition_invariant,0.5357876836568639,0.23376742785213117,0.2813832413581532,2,8,2,1.0,0.8643407407407407,58343,67500,9157,2,2,True,hungarian_iou_assignment,"[0.7118532680129047, 0.3597220993008231]","[{""pred_label"": 0, ""gt_label"": 0, ""iou"": 0.7118532680129047}, {""pred_label"": 1, ""gt_label"": 1, ""iou"": 0.3597220993008231}]",fpn_2,fpn_2,72x72,1,3,3,24x24,pooled_avg_pool_multi_way,False,False,False,,,,"[43928, 23572]",jpeg_color_clustering_bic,-1,6,9157,0.13565925925925926,8,2,4359,"{""1"": -160212.20436706507, ""2"": -175807.13573004986, ""3"": -294252.6421322297, ""4"": -295399.84337277414, ""5"": -465741.76540577837, ""6"": -498337.389182693, ""7"": -516136.52030861366, ""8"": -517482.6634420427}","[50214, 8129, 5785, 1335, 1198, 575, 248, 16]","[50214, 8129]","[2, 3, 4, 5, 6, 7]","[5785, 1335, 1198, 575, 248, 16]",bic,-517482.6634420427,ok
detexture_ade20k_multi,feature_cluster_coarse_global_pooled_oracle_k,validation,480,validation_ADE_val_00000402,detexture_multi_partition_v1,multi_partition_invariant,0.955998447253195,0.9421648598752456,0.9071445100950267,3,8,3,1.0,0.9575489457831325,325536,339968,14432,3,3,True,hungarian_iou_assignment,"[0.9698946639761247, 0.9771875198576603, 0.9209131579258]","[{""pred_label"": 0, ""gt_label"": 0, ""iou"": 0.9698946639761247}, {""pred_label"": 1, ""gt_label"": 1, ""iou"": 0.9771875198576603}, {""pred_label"": 2, ""gt_label"": 2, ""iou"": 0.9209131579258}]",fpn_2,fpn_2,72x72,1,3,3,24x24,pooled_avg_pool_multi_way,False,False,False,,,,"[151178, 98936, 89854]",jpeg_color_clustering_bic,-1,5,14432,0.04245105421686747,8,3,8947,"{""1"": -724668.4214698852, ""2"": -747816.0807434984, ""3"": -1439534.4436549668, ""4"": -2001299.9419730308, ""5"": -2025585.941322125, ""6"": -1529310.5038081997, ""7"": -2287347.7820602413, ""8"": -2741016.9965417357}","[152763, 93394, 79379, 4187, 3247, 3247, 1940, 1811]","[152763, 93394, 79379]","[3, 4, 5, 6, 7]","[4187, 3247, 3247, 1940, 1811]",bic,-2741016.9965417357,ok
detexture_ade20k_multi,feature_cluster_coarse_global_pooled_oracle_k,validation,481,validation_ADE_val_00000554,detexture_multi_partition_v1,multi_partition_invariant,0.6189432658706717,0.4509862040470135,0.46705549490277337,3,8,3,1.0,0.9088592529296875,59563,65536,5973,3,3,True,hungarian_iou_assignment,"[0.6807310016900118, 0.7041336353340883, 0.4719651605879151]","[{""pred_label"": 0, ""gt_label"": 0, ""iou"": 0.6807310016900118}, {""pred_label"": 1, ""gt_label"": 1, ""iou"": 0.7041336353340883}, {""pred_label"": 2, ""gt_label"": 2, ""iou"": 0.4719651605879151}]",fpn_2,fpn_2,72x72,1,3,3,24x24,pooled_avg_pool_multi_way,False,False,False,,,,"[25656, 20336, 19544]",jpeg_color_clustering_bic,-1,5,5973,0.0911407470703125,8,3,9251,"{""1"": -154116.52853251668, ""2"": -165311.90437641676, ""3"": -252919.89851003487, ""4"": -258077.6284943643, ""5"": -261130.08582733484, ""6"": -383929.93327293854, ""7"": -407156.08579890366, ""8"": -420041.99890447076}","[34566, 16984, 8013, 2663, 1218, 958, 593, 541]","[34566, 16984, 8013]","[3, 4, 5, 6, 7]","[2663, 1218, 958, 593, 541]",bic,-420041.99890447076,ok
detexture_ade20k_multi,feature_cluster_coarse_global_pooled_oracle_k,validation,482,validation_ADE_val_00000559,detexture_multi_partition_v1,multi_partition_invariant,0.9404802886307775,0.9224133295724999,0.87614883816496,3,8,3,1.0,0.95318603515625,62468,65536,3068,3,3,True,hungarian_iou_assignment,"[0.9633354755784062, 0.9623302402753027, 0.8957751500386238]","[{""pred_label"": 0, ""gt_label"": 0, ""iou"": 0.9633354755784062}, {""pred_label"": 1, ""gt_label"": 2, ""iou"": 0.9623302402753027}, {""pred_label"": 2, ""gt_label"": 1, ""iou"": 0.8957751500386238}]",fpn_2,fpn_2,72x72,1,3,3,24x24,pooled_avg_pool_multi_way,False,False,False,,,,"[32078, 16942, 16516]",jpeg_color_clustering_bic,-1,5,3068,0.04681396484375,8,3,5030,"{""1"": -121200.46583285445, ""2"": -130004.62285556746, ""3"": -240563.0153042042, ""4"": -411439.228273454, ""5"": -431034.499108747, ""6"": -458085.67361140606, ""7"": -459438.1145794596, ""8"": -463520.4985434871}","[30218, 16219, 16031, 1577, 651, 615, 190, 35]","[30218, 16219, 16031]","[3, 4, 5, 6, 7]","[1577, 651, 615, 190, 35]",bic,-463520.4985434871,ok
detexture_ade20k_multi,feature_cluster_coarse_global_pooled_oracle_k,validation,483,validation_ADE_val_00000625,detexture_multi_partition_v1,multi_partition_invariant,0.802099647996883,0.7739045828223777,0.7710413028152177,4,8,4,1.0,0.9644504504504504,160581,166500,5919,4,4,True,hungarian_iou_assignment,"[0.8900073240812034, 0.9429017455887223, 0.6455038352947056, 0.7299856870229008]","[{""pred_label"": 0, ""gt_label"": 0, ""iou"": 0.8900073240812034}, {""pred_label"": 1, ""gt_label"": 2, ""iou"": 0.9429017455887223}, {""pred_label"": 2, ""gt_label"": 3, ""iou"": 0.6455038352947056}, {""pred_label"": 3, ""gt_label"": 1, ""iou"": 0.7299856870229008}]",fpn_2,fpn_2,72x72,1,3,3,24x24,pooled_avg_pool_multi_way,False,False,False,,,,"[50711, 43597, 39981, 32211]",jpeg_color_clustering_bic,-1,4,5919,0.03554954954954955,8,4,9010,"{""1"": -335685.06844290637, ""2"": -355682.9367419166, ""3"": -593032.3658851479, ""4"": -682180.3614977113, ""5"": -685987.7092396993, ""6"": -1160217.9472648657, ""7"": -1191678.8413627087, ""8"": -1205046.2548769584}","[51434, 41354, 41066, 26727, 3022, 1304, 1152, 441]","[51434, 41354, 41066, 26727]","[4, 5, 6, 7]","[3022, 1304, 1152, 441]",bic,-1205046.2548769584,ok
detexture_ade20k_multi,feature_cluster_coarse_global_pooled_oracle_k,validation,484,validation_ADE_val_00000626,detexture_multi_partition_v1,multi_partition_invariant,0.8238237574717153,0.6762508057385552,0.6131595450990727,2,8,2,1.0,0.7955474853515625,52137,65536,13399,2,2,True,hungarian_iou_assignment,"[0.8741017060727413, 0.7735458088706892]","[{""pred_label"": 0, ""gt_label"": 0, ""iou"": 0.8741017060727413}, {""pred_label"": 1, ""gt_label"": 1, ""iou"": 0.7735458088706892}]",fpn_2,fpn_2,72x72,1,3,3,24x24,pooled_avg_pool_multi_way,False,False,False,,,,"[36849, 28687]",jpeg_color_clustering_bic,-1,6,13399,0.2044525146484375,8,2,7665,"{""1"": -144965.38396312777, ""2"": -165165.0547388259, ""3"": -248047.00148229988, ""4"": -260633.07937349813, ""5"": -302610.2716956326, ""6"": -339527.846754296, ""7"": -345165.0984280288, ""8"": -347711.04778977274}","[36320, 15817, 6789, 3213, 1833, 918, 413, 233]","[36320, 15817]","[2, 3, 4, 5, 6, 7]","[6789, 3213, 1833, 918, 413, 233]",bic,-347711.04778977274,ok
detexture_ade20k_multi,feature_cluster_coarse_global_pooled_oracle_k,validation,485,validation_ADE_val_00000692,detexture_multi_partition_v1,multi_partition_invariant,0.6191970768917686,0.4959324876582701,0.5464093515359192,3,8,3,1.0,0.9635254621156661,336941,349696,12755,3,3,True,hungarian_iou_assignment,"[0.4014467232401743, 0.9273741066831878, 0.5287704007519439]","[{""pred_label"": 0, ""gt_label"": 2, ""iou"": 0.4014467232401743}, {""pred_label"": 1, ""gt_label"": 1, ""iou"": 0.9273741066831878}, {""pred_label"": 2, ""gt_label"": 0, ""iou"": 0.5287704007519439}]",fpn_2,fpn_2,72x72,1,3,3,24x24,pooled_avg_pool_multi_way,False,False,False,,,,"[130548, 113128, 106020]",jpeg_color_clustering_bic,-1,5,12755,0.03647453788433382,8,3,15709,"{""1"": -733107.9707200556, ""2"": -772873.8741910579, ""3"": -1310770.7188892632, ""4"": -2036373.2195459777, ""5"": -2184569.2756097247, ""6"": -2272000.3601781824, ""7"": -2461219.624079558, ""8"": -2482022.784827474}","[165376, 110506, 61059, 5362, 3127, 1737, 1359, 1170]","[165376, 110506, 61059]","[3, 4, 5, 6, 7]","[5362, 3127, 1737, 1359, 1170]",bic,-2482022.784827474,ok
detexture_ade20k_multi,feature_cluster_coarse_global_pooled_oracle_k,validation,486,validation_ADE_val_00000733,detexture_multi_partition_v1,multi_partition_invariant,0.8868997277451176,0.8256402883698081,0.7069558646337211,2,8,2,1.0,0.7121046749665776,272719,382976,110257,2,2,True,hungarian_iou_assignment,"[0.9508822814112899, 0.8229171740789453]","[{""pred_label"": 0, ""gt_label"": 0, ""iou"": 0.9508822814112899}, {""pred_label"": 1, ""gt_label"": 1, ""iou"": 0.8229171740789453}]",fpn_2,fpn_2,72x72,1,3,3,24x24,pooled_avg_pool_multi_way,False,False,False,,,,"[291395, 91581]",jpeg_color_clustering_bic,-1,6,110257,0.28789532503342247,8,2,14494,"{""1"": -891927.6956959185, ""2"": -1053259.5072130742, ""3"": -1158287.4739079988, ""4"": -1203901.492747871, ""5"": -1416291.02615266, ""6"": -2076483.1385210478, ""7"": -2153153.2486008178, ""8"": -2733438.9431678806}","[220394, 52325, 38973, 38887, 19111, 4941, 4293, 4052]","[220394, 52325]","[2, 3, 4, 5, 6, 7]","[38973, 38887, 19111, 4941, 4293, 4052]",bic,-2733438.9431678806,ok
detexture_ade20k_multi,feature_cluster_coarse_global_pooled_oracle_k,validation,487,validation_ADE_val_00000918,detexture_multi_partition_v1,multi_partition_invariant,0.7356195821078626,0.6990102789205037,0.704266972584425,4,8,4,1.0,0.9616066526354319,336270,349696,13426,4,4,True,hungarian_iou_assignment,"[0.9293153292273437, 0.5567813692318767, 0.8021127729615869, 0.6542688570106432]","[{""pred_label"": 0, ""gt_label"": 0, ""iou"": 0.9293153292273437}, {""pred_label"": 1, ""gt_label"": 1, ""iou"": 0.5567813692318767}, {""pred_label"": 2, ""gt_label"": 2, ""iou"": 0.8021127729615869}, {""pred_label"": 3, ""gt_label"": 3, ""iou"": 0.6542688570106432}]",fpn_2,fpn_2,72x72,1,3,3,24x24,pooled_avg_pool_multi_way,False,False,False,,,,"[112521, 85131, 79525, 72519]",jpeg_color_clustering_bic,-1,4,13426,0.038393347364568085,8,4,11406,"{""1"": -664920.2301858272, ""2"": -700793.8410351607, ""3"": -1246143.155069509, ""4"": -1502855.6137648176, ""5"": -2391382.8142998386, ""6"": -2484125.9791398174, ""7"": -2525153.586427876, ""8"": -2682897.8724510134}","[106133, 92366, 92327, 45444, 5202, 5167, 1974, 1083]","[106133, 92366, 92327, 45444]","[4, 5, 6, 7]","[5202, 5167, 1974, 1083]",bic,-2682897.8724510134,ok
detexture_ade20k_multi,feature_cluster_coarse_global_pooled_oracle_k,validation,488,validation_ADE_val_00000953,detexture_multi_partition_v1,multi_partition_invariant,0.8911986680738015,0.8069701174646936,0.740310711739107,2,8,2,1.0,0.8803253173828125,57693,65536,7843,2,2,True,hungarian_iou_assignment,"[0.93008490038193, 0.8523124357656732]","[{""pred_label"": 0, ""gt_label"": 0, ""iou"": 0.93008490038193}, {""pred_label"": 1, ""gt_label"": 1, ""iou"": 0.8523124357656732}]",fpn_2,fpn_2,72x72,1,3,3,24x24,pooled_avg_pool_multi_way,False,False,False,,,,"[39036, 26500]",jpeg_color_clustering_bic,-1,6,7843,0.1196746826171875,8,2,4383,"{""1"": -166652.6138518458, ""2"": -175207.65604166006, ""3"": -190210.60614345866, ""4"": -404565.9087379003, ""5"": -457399.2070708782, ""6"": -481404.9581087696, ""7"": -487310.9059219676, ""8"": -495599.91187360627}","[41107, 16586, 5864, 576, 545, 474, 206, 178]","[41107, 16586]","[2, 3, 4, 5, 6, 7]","[5864, 576, 545, 474, 206, 178]",bic,-495599.91187360627,ok
detexture_ade20k_multi,feature_cluster_coarse_global_pooled_oracle_k,validation,489,validation_ADE_val_00000964,detexture_multi_partition_v1,multi_partition_invariant,0.8622617369220809,0.7705816305933981,0.7360293492115837,3,8,3,1.0,0.9305185185185185,62810,67500,4690,3,3,True,hungarian_iou_assignment,"[0.8343772964271967, 0.8033614988978692, 0.9490464154411765]","[{""pred_label"": 0, ""gt_label"": 0, ""iou"": 0.8343772964271967}, {""pred_label"": 1, ""gt_label"": 1, ""iou"": 0.8033614988978692}, {""pred_label"": 2, ""gt_label"": 2, ""iou"": 0.9490464154411765}]",fpn_2,fpn_2,72x72,1,3,3,24x24,pooled_avg_pool_multi_way,False,False,False,,,,"[25958, 20922, 20620]",jpeg_color_clustering_bic,-1,5,4690,0.06948148148148148,8,3,7486,"{""1"": -176218.44916140352, ""2"": -209707.98118486308, ""3"": -221021.71502028618, ""4"": -263188.4416135814, ""5"": -274798.57084762317, ""6"": -277950.36677727144, ""7"": -279236.1221565841, ""8"": -419418.89752627956}","[26889, 19296, 16625, 1427, 1372, 919, 795, 177]","[26889, 19296, 16625]","[3, 4, 5, 6, 7]","[1427, 1372, 919, 795, 177]",bic,-419418.89752627956,ok
detexture_ade20k_multi,feature_cluster_coarse_global_pooled_oracle_k,validation,490,validation_ADE_val_00000975,detexture_multi_partition_v1,multi_partition_invariant,0.3815134639246735,0.11120585259975904,0.3179081611602224,3,8,3,1.0,0.9021453857421875,59123,65536,6413,3,3,True,hungarian_iou_assignment,"[0.48795398639849513, 0.36465878764773163, 0.29192761772779363]","[{""pred_label"": 0, ""gt_label"": 1, ""iou"": 0.48795398639849513}, {""pred_label"": 1, ""gt_label"": 2, ""iou"": 0.36465878764773163}, {""pred_label"": 2, ""gt_label"": 0, ""iou"": 0.29192761772779363}]",fpn_2,fpn_2,72x72,1,3,3,24x24,pooled_avg_pool_multi_way,False,False,False,,,,"[29020, 24303, 12213]",jpeg_color_clustering_bic,-1,5,6413,0.0978546142578125,8,3,5252,"{""1"": -156080.34673982926, ""2"": -169999.27706447715, ""3"": -194442.5582092065, ""4"": -325254.54343641683, ""5"": -428763.2065715164, ""6"": -442564.22365904885, ""7"": -452680.14058978914, ""8"": -463526.6598199177}","[37482, 13489, 8152, 4184, 1040, 598, 301, 290]","[37482, 13489, 8152]","[3, 4, 5, 6, 7]","[4184, 1040, 598, 301, 290]",bic,-463526.6598199177,ok
detexture_ade20k_multi,feature_cluster_coarse_global_pooled_oracle_k,validation,491,validation_ADE_val_00000980,detexture_multi_partition_v1,multi_partition_invariant,0.49944281510288113,0.5594621422726607,0.6314968242453324,3,8,3,1.0,0.978240966796875,64110,65536,1426,3,3,True,hungarian_iou_assignment,"[0.6027568077648962, 0.7852117061021171, 0.11035993144163017]","[{""pred_label"": 0, ""gt_label"": 1, ""iou"": 0.6027568077648962}, {""pred_label"": 1, ""gt_label"": 0, ""iou"": 0.7852117061021171}, {""pred_label"": 2, ""gt_label"": 2, ""iou"": 0.11035993144163017}]",fpn_2,fpn_2,72x72,1,3,3,24x24,pooled_avg_pool_multi_way,False,False,False,,,,"[29952, 25401, 10183]",jpeg_color_clustering_bic,-1,5,1426,0.021759033203125,8,3,1531,"{""1"": -109946.10081516864, ""2"": -112095.9895169208, ""3"": -260055.35497108742, ""4"": -460675.6525543213, ""5"": -474990.0774658054, ""6"": -487792.4020199968, ""7"": -491913.3866028862, ""8"": -526078.4005389236}","[32120, 17885, 14105, 454, 405, 361, 113, 93]","[32120, 17885, 14105]","[3, 4, 5, 6, 7]","[454, 405, 361, 113, 93]",bic,-526078.4005389236,ok
detexture_ade20k_multi,feature_cluster_coarse_global_pooled_oracle_k,validation,492,validation_ADE_val_00000986,detexture_multi_partition_v1,multi_partition_invariant,0.8876581857363929,0.8668977823725459,0.8325978482127072,4,8,4,1.0,0.9566436781609196,41614,43500,1886,4,4,True,hungarian_iou_assignment,"[0.9450457370295371, 0.8996466962339322, 0.822588806800931, 0.8833515028811711]","[{""pred_label"": 0, ""gt_label"": 0, ""iou"": 0.9450457370295371}, {""pred_label"": 1, ""gt_label"": 1, ""iou"": 0.8996466962339322}, {""pred_label"": 2, ""gt_label"": 2, ""iou"": 0.822588806800931}, {""pred_label"": 3, ""gt_label"": 3, ""iou"": 0.8833515028811711}]",fpn_2,fpn_2,72x72,1,3,3,24x24,pooled_avg_pool_multi_way,False,False,False,,,,"[14155, 12419, 9986, 6940]",jpeg_color_clustering_bic,-1,4,1886,0.04335632183908046,8,4,4372,"{""1"": -94699.1111065389, ""2"": -102220.74075788553, ""3"": -133831.7560753771, ""4"": -172247.83530675352, ""5"": -173352.10974939814, ""6"": -297987.07391256007, ""7"": -306872.7925525597, ""8"": -311226.0309553503}","[14103, 13231, 8532, 5748, 885, 373, 336, 292]","[14103, 13231, 8532, 5748]","[4, 5, 6, 7]","[885, 373, 336, 292]",bic,-311226.0309553503,ok
detexture_ade20k_multi,feature_cluster_coarse_global_pooled_oracle_k,validation,493,validation_ADE_val_00000989,detexture_multi_partition_v1,multi_partition_invariant,0.5060424974887968,0.4276379891460875,0.3754307802315387,3,8,3,1.0,0.8817596435546875,57787,65536,7749,3,3,True,hungarian_iou_assignment,"[0.7668743509865005, 0.3588124054462935, 0.39244073603359675]","[{""pred_label"": 0, ""gt_label"": 0, ""iou"": 0.7668743509865005}, {""pred_label"": 1, ""gt_label"": 1, ""iou"": 0.3588124054462935}, {""pred_label"": 2, ""gt_label"": 2, ""iou"": 0.39244073603359675}]",fpn_2,fpn_2,72x72,1,3,3,24x24,pooled_avg_pool_multi_way,False,False,False,,,,"[28015, 20960, 16561]",jpeg_color_clustering_bic,-1,5,7749,0.1182403564453125,8,3,8084,"{""1"": -124318.66568640276, ""2"": -133734.24163270363, ""3"": -228387.84309399602, ""4"": -299100.27346801007, ""5"": -300408.13808058866, ""6"": -358292.8017282171, ""7"": -403019.3133968024, ""8"": -404614.8346658423}","[29711, 16447, 11629, 3428, 2400, 1474, 344, 103]","[29711, 16447, 11629]","[3, 4, 5, 6, 7]","[3428, 2400, 1474, 344, 103]",bic,-404614.8346658423,ok
detexture_ade20k_multi,feature_cluster_coarse_global_pooled_oracle_k,validation,494,validation_ADE_val_00001112,detexture_multi_partition_v1,multi_partition_invariant,0.7971506888216809,0.6925989374954358,0.5343222224252065,2,8,2,1.0,0.659332275390625,43210,65536,22326,2,2,True,hungarian_iou_assignment,"[0.9223113447970599, 0.671990032846302]","[{""pred_label"": 0, ""gt_label"": 0, ""iou"": 0.9223113447970599}, {""pred_label"": 1, ""gt_label"": 1, ""iou"": 0.671990032846302}]",fpn_2,fpn_2,72x72,1,3,3,24x24,pooled_avg_pool_multi_way,False,False,False,,,,"[43236, 22300]",jpeg_color_clustering_bic,-1,6,22326,0.340667724609375,8,2,8026,"{""1"": -146417.22033048002, ""2"": -198859.2058484874, ""3"": -215531.09272858384, ""4"": -266549.40781960514, ""5"": -310382.5925835331, ""6"": -332102.1152290692, ""7"": -332388.5669042861, ""8"": -395570.6642180381}","[34918, 8292, 7462, 6520, 6074, 1352, 899, 19]","[34918, 8292]","[2, 3, 4, 5, 6, 7]","[7462, 6520, 6074, 1352, 899, 19]",bic,-395570.6642180381,ok
detexture_ade20k_multi,feature_cluster_coarse_global_pooled_oracle_k,validation,495,validation_ADE_val_00001193,detexture_multi_partition_v1,multi_partition_invariant,0.7704098119435417,0.6309458388120802,0.6429677196952643,3,8,3,1.0,0.9332362459546926,144185,154500,10315,3,3,True,hungarian_iou_assignment,"[0.7518677042801556, 0.761332571708352, 0.798029159842118]","[{""pred_label"": 0, ""gt_label"": 0, ""iou"": 0.7518677042801556}, {""pred_label"": 1, ""gt_label"": 1, ""iou"": 0.761332571708352}, {""pred_label"": 2, ""gt_label"": 2, ""iou"": 0.798029159842118}]",fpn_2,fpn_2,72x72,1,3,3,24x24,pooled_avg_pool_multi_way,False,False,False,,,,"[75238, 39917, 39345]",jpeg_color_clustering_bic,-1,5,10315,0.06676375404530745,8,3,13864,"{""1"": -258133.19758548884, ""2"": -373792.5082999223, ""3"": -675138.5335860698, ""4"": -812705.1301766861, ""5"": -863209.2761182191, ""6"": -864558.3258411605, ""7"": -952418.919977012, ""8"": -955985.3165412041}","[66171, 48146, 29868, 6173, 2875, 1019, 211, 37]","[66171, 48146, 29868]","[3, 4, 5, 6, 7]","[6173, 2875, 1019, 211, 37]",bic,-955985.3165412041,ok
detexture_ade20k_multi,feature_cluster_coarse_global_pooled_oracle_k,validation,496,validation_ADE_val_00001261,detexture_multi_partition_v1,multi_partition_invariant,0.35361386020130636,0.22934456900754135,0.31118711643786723,3,8,3,1.0,0.8759918212890625,57409,65536,8127,3,3,True,hungarian_iou_assignment,"[0.6034977596993661, 0.457343820904553, 0.0]","[{""pred_label"": 0, ""gt_label"": 0, ""iou"": 0.6034977596993661}, {""pred_label"": 1, ""gt_label"": 2, ""iou"": 0.457343820904553}, {""pred_label"": 2, ""gt_label"": 1, ""iou"": 0.0}]",fpn_2,fpn_2,72x72,1,3,3,24x24,pooled_avg_pool_multi_way,False,False,False,,,,"[41896, 12156, 11484]",jpeg_color_clustering_bic,-1,5,8127,0.1240081787109375,8,3,6615,"{""1"": -128896.27579141808, ""2"": -150451.32159456678, ""3"": -257343.01674271416, ""4"": -318155.4171802405, ""5"": -322001.48739666346, ""6"": -380596.2996242189, ""7"": -422649.6654654269, ""8"": -436597.59952920314}","[37706, 10683, 9020, 2786, 2131, 1452, 1431, 327]","[37706, 10683, 9020]","[3, 4, 5, 6, 7]","[2786, 2131, 1452, 1431, 327]",bic,-436597.59952920314,ok
detexture_ade20k_multi,feature_cluster_coarse_global_pooled_oracle_k,validation,497,validation_ADE_val_00001288,detexture_multi_partition_v1,multi_partition_invariant,0.627125942871764,0.4103791719093619,0.44789476388306254,3,8,3,1.0,0.8413848876953125,55141,65536,10395,3,3,True,hungarian_iou_assignment,"[0.6367257923815063, 0.4306315739374613, 0.8140204622963244]","[{""pred_label"": 0, ""gt_label"": 0, ""iou"": 0.6367257923815063}, {""pred_label"": 1, ""gt_label"": 2, ""iou"": 0.4306315739374613}, {""pred_label"": 2, ""gt_label"": 1, ""iou"": 0.8140204622963244}]",fpn_2,fpn_2,72x72,1,3,3,24x24,pooled_avg_pool_multi_way,False,False,False,,,,"[28817, 22682, 14037]",jpeg_color_clustering_bic,-1,5,10395,0.1586151123046875,8,3,13342,"{""1"": -127264.6627325867, ""2"": -134142.94376756603, ""3"": -187232.60400755345, ""4"": -240330.80900650972, ""5"": -250739.49453708582, ""6"": -276929.55856483453, ""7"": -277486.8313286173, ""8"": -281125.77525148826}","[32200, 11711, 11230, 4225, 4181, 858, 832, 299]","[32200, 11711, 11230]","[3, 4, 5, 6, 7]","[4225, 4181, 858, 832, 299]",bic,-281125.77525148826,ok
detexture_ade20k_multi,feature_cluster_coarse_global_pooled_oracle_k,validation,498,validation_ADE_val_00001289,detexture_multi_partition_v1,multi_partition_invariant,0.7334890218992132,0.6235281651815429,0.5948829855620105,4,8,4,1.0,0.8592071533203125,56309,65536,9227,4,4,True,hungarian_iou_assignment,"[0.6905277956768789, 0.7498335183129856, 0.6437525508716693, 0.8498422227353191]","[{""pred_label"": 0, ""gt_label"": 2, ""iou"": 0.6905277956768789}, {""pred_label"": 1, ""gt_label"": 0, ""iou"": 0.7498335183129856}, {""pred_label"": 2, ""gt_label"": 1, ""iou"": 0.6437525508716693}, {""pred_label"": 3, ""gt_label"": 3, ""iou"": 0.8498422227353191}]",fpn_2,fpn_2,72x72,1,3,3,24x24,pooled_avg_pool_multi_way,False,False,False,,,,"[19794, 16856, 14759, 14127]",jpeg_color_clustering_bic,-1,4,9227,0.1407928466796875,8,4,10660,"{""1"": -123358.83690041665, ""2"": -160971.8927250441, ""3"": -166130.7877936277, ""4"": -214956.16985910697, ""5"": -281841.25382098026, ""6"": -290124.25351982436, ""7"": -327191.66822846694, ""8"": -356876.35881676775}","[16250, 15008, 13122, 11929, 4417, 2298, 1321, 1191]","[16250, 15008, 13122, 11929]","[4, 5, 6, 7]","[4417, 2298, 1321, 1191]",bic,-356876.35881676775,ok
detexture_ade20k_multi,feature_cluster_coarse_global_pooled_oracle_k,validation,499,validation_ADE_val_00001326,detexture_multi_partition_v1,multi_partition_invariant,0.5558868002613881,0.7053261890317725,0.6005711108455936,3,8,3,1.0,0.8023916083916084,57371,71500,14129,3,3,True,hungarian_iou_assignment,"[0.9051194913396186, 0.5429698050018905, 0.21957110444265535]","[{""pred_label"": 0, ""gt_label"": 0, ""iou"": 0.9051194913396186}, {""pred_label"": 1, ""gt_label"": 2, ""iou"": 0.5429698050018905}, {""pred_label"": 2, ""gt_label"": 1, ""iou"": 0.21957110444265535}]",fpn_2,fpn_2,72x72,1,3,3,24x24,pooled_avg_pool_multi_way,False,False,False,,,,"[34671, 23686, 13143]",jpeg_color_clustering_bic,-1,5,14129,0.1976083916083916,8,3,6292,"{""1"": -165277.25833008756, ""2"": -171626.99617925056, ""3"": -236645.1872306965, ""4"": -296962.59698167106, ""5"": -375376.1401969519, ""6"": -378701.4869141974, ""7"": -465738.2215438815, ""8"": -467939.56981313287}","[35964, 11293, 10114, 6757, 6097, 690, 399, 186]","[35964, 11293, 10114]","[3, 4, 5, 6, 7]","[6757, 6097, 690, 399, 186]",bic,-467939.56981313287,ok
detexture_ade20k_multi,feature_cluster_coarse_global_pooled_oracle_k,validation,500,validation_ADE_val_00001354,detexture_multi_partition_v1,multi_partition_invariant,0.8843948632141044,0.8418663434066342,0.7937254617125183,3,8,3,1.0,0.9079759414225942,69442,76480,7038,3,3,True,hungarian_iou_assignment,"[0.9309441275213582, 0.8209729047382895, 0.9012675573826653]","[{""pred_label"": 0, ""gt_label"": 0, ""iou"": 0.9309441275213582}, {""pred_label"": 1, ""gt_label"": 1, ""iou"": 0.8209729047382895}, {""pred_label"": 2, ""gt_label"": 2, ""iou"": 0.9012675573826653}]",fpn_2,fpn_2,72x72,1,3,3,24x24,pooled_avg_pool_multi_way,False,False,False,,,,"[38420, 24374, 13686]",jpeg_color_clustering_bic,-1,5,7038,0.09202405857740585,8,3,5921,"{""1"": -145253.63842664854, ""2"": -164424.71051626376, ""3"": -277447.5143907821, ""4"": -429639.44233287673, ""5"": -435539.08787908946, ""6"": -533206.2196510099, ""7"": -535608.0060911423, ""8"": -552563.7584189856}","[36437, 18589, 14416, 2752, 2412, 1425, 327, 122]","[36437, 18589, 14416]","[3, 4, 5, 6, 7]","[2752, 2412, 1425, 327, 122]",bic,-552563.7584189856,ok
detexture_ade20k_multi,feature_cluster_coarse_global_pooled_oracle_k,validation,501,validation_ADE_val_00001365,detexture_multi_partition_v1,multi_partition_invariant,0.9389286627853882,0.8806808978749471,0.8039327661247009,2,8,2,1.0,0.8269805908203125,54197,65536,11339,2,2,True,hungarian_iou_assignment,"[0.9481444613805332, 0.9297128641902432]","[{""pred_label"": 0, ""gt_label"": 0, ""iou"": 0.9481444613805332}, {""pred_label"": 1, ""gt_label"": 1, ""iou"": 0.9297128641902432}]",fpn_2,fpn_2,72x72,1,3,3,24x24,pooled_avg_pool_multi_way,False,False,False,,,,"[40246, 25290]",jpeg_color_clustering_bic,-1,6,11339,0.1730194091796875,8,2,7402,"{""1"": -165121.4810583062, ""2"": -195360.80745407665, ""3"": -206566.2585103571, ""4"": -373299.7968140246, ""5"": -383923.8413302027, ""6"": -389186.09933312173, ""7"": -403389.3065222168, ""8"": -459250.4191580976}","[30919, 23278, 6046, 1598, 1435, 957, 828, 475]","[30919, 23278]","[2, 3, 4, 5, 6, 7]","[6046, 1598, 1435, 957, 828, 475]",bic,-459250.4191580976,ok
detexture_ade20k_multi,feature_cluster_coarse_global_pooled_oracle_k,validation,502,validation_ADE_val_00001388,detexture_multi_partition_v1,multi_partition_invariant,0.8793784271734508,0.8814180969916797,0.8319813474781945,3,8,3,1.0,0.9791590409956076,342408,349696,7288,3,3,True,hungarian_iou_assignment,"[0.9402375058507892, 0.9636593527571586, 0.7342384229124047]","[{""pred_label"": 0, ""gt_label"": 0, ""iou"": 0.9402375058507892}, {""pred_label"": 1, ""gt_label"": 1, ""iou"": 0.9636593527571586}, {""pred_label"": 2, ""gt_label"": 2, ""iou"": 0.7342384229124047}]",fpn_2,fpn_2,72x72,1,3,3,24x24,pooled_avg_pool_multi_way,False,False,False,,,,"[197140, 90039, 62517]",jpeg_color_clustering_bic,-1,5,7288,0.020840959004392385,8,3,9023,"{""1"": -670474.9082987643, ""2"": -687137.6269728858, ""3"": -769608.4855714339, ""4"": -2410098.96165727, ""5"": -2470207.7330335523, ""6"": -2605259.74423164, ""7"": -2635495.438429379, ""8"": -2765270.731930056}","[206975, 91168, 44265, 2814, 1653, 1619, 980, 222]","[206975, 91168, 44265]","[3, 4, 5, 6, 7]","[2814, 1653, 1619, 980, 222]",bic,-2765270.731930056,ok
detexture_ade20k_multi,feature_cluster_coarse_global_pooled_oracle_k,validation,503,validation_ADE_val_00001419,detexture_multi_partition_v1,multi_partition_invariant,0.9778293986269573,0.9564724441398395,0.9134196053826208,2,8,2,1.0,0.82684326171875,54188,65536,11348,2,2,True,hungarian_iou_assignment,"[0.9808532510922642, 0.9748055461616503]","[{""pred_label"": 0, ""gt_label"": 0, ""iou"": 0.9808532510922642}, {""pred_label"": 1, ""gt_label"": 1, ""iou"": 0.9748055461616503}]",fpn_2,fpn_2,72x72,1,3,3,24x24,pooled_avg_pool_multi_way,False,False,False,,,,"[40619, 24917]",jpeg_color_clustering_bic,-1,6,11348,0.17315673828125,8,2,8255,"{""1"": -154502.34748858088, ""2"": -204299.38331896547, ""3"": -222875.3844131714, ""4"": -312084.2273148176, ""5"": -338264.35802721855, ""6"": -360051.1317439073, ""7"": -366232.4663018567, ""8"": -381699.33513037727}","[30970, 23218, 5255, 3195, 953, 897, 854, 194]","[30970, 23218]","[2, 3, 4, 5, 6, 7]","[5255, 3195, 953, 897, 854, 194]",bic,-381699.33513037727,ok
detexture_ade20k_multi,feature_cluster_coarse_global_pooled_oracle_k,validation,504,validation_ADE_val_00001445,detexture_multi_partition_v1,multi_partition_invariant,0.8671408943884789,0.8244187836708549,0.7912015234380363,4,8,4,1.0,0.9750869533518319,227362,233171,5809,4,4,True,hungarian_iou_assignment,"[0.905140401385238, 0.8471755828971518, 0.8075353516181076, 0.9087122416534181]","[{""pred_label"": 0, ""gt_label"": 0, ""iou"": 0.905140401385238}, {""pred_label"": 1, ""gt_label"": 1, ""iou"": 0.8471755828971518}, {""pred_label"": 2, ""gt_label"": 2, ""iou"": 0.8075353516181076}, {""pred_label"": 3, ""gt_label"": 3, ""iou"": 0.9087122416534181}]",fpn_2,fpn_2,72x72,1,3,3,24x24,pooled_avg_pool_multi_way,False,False,False,,,,"[93452, 64119, 41922, 33678]",jpeg_color_clustering_bic,-1,4,5809,0.024913046648168083,8,4,7432,"{""1"": -538942.43140682, ""2"": -572568.5698897155, ""3"": -766976.1949873351, ""4"": -1085158.1396050095, ""5"": -1086166.8685531463, ""6"": -1101157.100589198, ""7"": -1785561.0295955844, ""8"": -1793200.4623044683}","[90721, 73002, 34887, 28752, 3343, 1703, 670, 93]","[90721, 73002, 34887, 28752]","[4, 5, 6, 7]","[3343, 1703, 670, 93]",bic,-1793200.4623044683,ok
detexture_ade20k_multi,feature_cluster_coarse_global_pooled_oracle_k,validation,505,validation_ADE_val_00001490,detexture_multi_partition_v1,multi_partition_invariant,0.33052457241155603,0.2213918416183563,0.3466189577020183,4,8,4,1.0,0.9672744326500732,338252,349696,11444,4,4,True,hungarian_iou_assignment,"[0.2469778021144855, 0.29885936404766456, 0.5650200366101024, 0.21124108687397156]","[{""pred_label"": 0, ""gt_label"": 1, ""iou"": 0.2469778021144855}, {""pred_label"": 1, ""gt_label"": 3, ""iou"": 0.29885936404766456}, {""pred_label"": 2, ""gt_label"": 2, ""iou"": 0.5650200366101024}, {""pred_label"": 3, ""gt_label"": 0, ""iou"": 0.21124108687397156}]",fpn_2,fpn_2,72x72,1,3,3,24x24,pooled_avg_pool_multi_way,False,False,False,,,,"[119194, 99690, 78614, 52198]",jpeg_color_clustering_bic,-1,4,11444,0.03272556734992679,8,4,19929,"{""1"": -803762.0805233706, ""2"": -1035071.639536146, ""3"": -1147158.566834757, ""4"": -1103679.5348523853, ""5"": -1333783.3051216856, ""6"": -1432189.7193657986, ""7"": -1456851.5614716501, ""8"": -1468368.2397499098}","[180998, 58832, 49709, 48713, 5789, 3650, 1294, 711]","[180998, 58832, 49709, 48713]","[4, 5, 6, 7]","[5789, 3650, 1294, 711]",bic,-1468368.2397499098,ok
detexture_ade20k_multi,feature_cluster_coarse_global_pooled_oracle_k,validation,506,validation_ADE_val_00001543,detexture_multi_partition_v1,multi_partition_invariant,0.9440722309203095,0.9144004877427757,0.8778900529996155,3,8,3,1.0,0.801808,50113,62500,12387,3,3,True,hungarian_iou_assignment,"[0.963466934928787, 0.9411072772898369, 0.9276424805423048]","[{""pred_label"": 0, ""gt_label"": 1, ""iou"": 0.963466934928787}, {""pred_label"": 1, ""gt_label"": 2, ""iou"": 0.9411072772898369}, {""pred_label"": 2, ""gt_label"": 0, ""iou"": 0.9276424805423048}]",fpn_2,fpn_2,72x72,1,3,3,24x24,pooled_avg_pool_multi_way,False,False,False,,,,"[23963, 19385, 19152]",jpeg_color_clustering_bic,-1,5,12387,0.198192,8,3,5708,"{""1"": -130426.44797222779, ""2"": -164468.56835807854, ""3"": -258724.42988220032, ""4"": -274639.5935667468, ""5"": -310497.2568644041, ""6"": -414971.8496820508, ""7"": -436086.0859957211, ""8"": -442203.5042475862}","[19675, 18353, 12085, 5849, 5187, 553, 507, 291]","[19675, 18353, 12085]","[3, 4, 5, 6, 7]","[5849, 5187, 553, 507, 291]",bic,-442203.5042475862,ok
detexture_ade20k_multi,feature_cluster_coarse_global_pooled_oracle_k,validation,507,validation_ADE_val_00001552,detexture_multi_partition_v1,multi_partition_invariant,0.850785715192084,0.7927739583725596,0.7834547058140353,4,8,4,1.0,0.91094970703125,59700,65536,5836,4,4,True,hungarian_iou_assignment,"[0.8449390393584812, 0.8768195639516077, 0.8776688701466454, 0.8037153873116019]","[{""pred_label"": 0, ""gt_label"": 0, ""iou"": 0.8449390393584812}, {""pred_label"": 1, ""gt_label"": 1, ""iou"": 0.8768195639516077}, {""pred_label"": 2, ""gt_label"": 2, ""iou"": 0.8776688701466454}, {""pred_label"": 3, ""gt_label"": 3, ""iou"": 0.8037153873116019}]",fpn_2,fpn_2,72x72,1,3,3,24x24,pooled_avg_pool_multi_way,False,False,False,,,,"[22360, 17005, 13640, 12531]",jpeg_color_clustering_bic,-1,4,5836,0.08905029296875,8,4,7947,"{""1"": -127736.75746445202, ""2"": -137388.38604847676, ""3"": -209786.73171056822, ""4"": -241680.75522465847, ""5"": -242532.22686491822, ""6"": -362099.6036344525, ""7"": -411046.0244139524, ""8"": -440105.54814298137}","[24311, 14297, 11908, 9184, 2237, 1577, 1540, 482]","[24311, 14297, 11908, 9184]","[4, 5, 6, 7]","[2237, 1577, 1540, 482]",bic,-440105.54814298137,ok
detexture_ade20k_multi,feature_cluster_coarse_global_pooled_oracle_k,validation,508,validation_ADE_val_00001553,detexture_multi_partition_v1,multi_partition_invariant,0.5806662534612463,0.23110706594852282,0.34353999061843843,2,8,2,1.0,0.8069305419921875,52883,65536,12653,2,2,True,hungarian_iou_assignment,"[0.6379205539551233, 0.5234119529673694]","[{""pred_label"": 0, ""gt_label"": 0, ""iou"": 0.6379205539551233}, {""pred_label"": 1, ""gt_label"": 1, ""iou"": 0.5234119529673694}]",fpn_2,fpn_2,72x72,1,3,3,24x24,pooled_avg_pool_multi_way,False,False,False,,,,"[35082, 30454]",jpeg_color_clustering_bic,-1,6,12653,0.1930694580078125,8,2,4875,"{""1"": -129810.55878119399, ""2"": -135363.41989209258, ""3"": -249840.58574409227, ""4"": -312941.32102930645, ""5"": -315824.154703834, ""6"": -321821.1774856942, ""7"": -442430.5671567838, ""8"": -457848.8946496264}","[37837, 15046, 5996, 3402, 938, 935, 757, 625]","[37837, 15046]","[2, 3, 4, 5, 6, 7]","[5996, 3402, 938, 935, 757, 625]",bic,-457848.8946496264,ok
detexture_ade20k_multi,feature_cluster_coarse_global_pooled_oracle_k,validation,509,validation_ADE_val_00001604,detexture_multi_partition_v1,multi_partition_invariant,0.9852998488749714,0.9719177513130246,0.9438250495069475,2,8,2,1.0,0.819793701171875,53726,65536,11810,2,2,True,hungarian_iou_assignment,"[0.9884854929363512, 0.9821142048135914]","[{""pred_label"": 0, ""gt_label"": 0, ""iou"": 0.9884854929363512}, {""pred_label"": 1, ""gt_label"": 1, ""iou"": 0.9821142048135914}]",fpn_2,fpn_2,72x72,1,3,3,24x24,pooled_avg_pool_multi_way,False,False,False,,,,"[32878, 32658]",jpeg_color_clustering_bic,-1,6,11810,0.180206298828125,8,2,4221,"{""1"": -104460.12219150978, ""2"": -112640.25328266104, ""3"": -272436.58036465925, ""4"": -380711.93663627503, ""5"": -418942.97918825765, ""6"": -437791.3444584794, ""7"": -450919.68654063, ""8"": -464269.6600937967}","[32908, 20818, 7626, 2062, 1143, 396, 296, 287]","[32908, 20818]","[2, 3, 4, 5, 6, 7]","[7626, 2062, 1143, 396, 296, 287]",bic,-464269.6600937967,ok
detexture_ade20k_multi,feature_cluster_coarse_global_pooled_oracle_k,validation,510,validation_ADE_val_00001613,detexture_multi_partition_v1,multi_partition_invariant,0.7860524755988768,0.7826152991146877,0.7668509789264586,3,8,3,1.0,0.9472783406575521,372485,393216,20731,3,3,True,hungarian_iou_assignment,"[0.968870234347674, 0.7664498906653793, 0.6228373017835769]","[{""pred_label"": 0, ""gt_label"": 0, ""iou"": 0.968870234347674}, {""pred_label"": 1, ""gt_label"": 1, ""iou"": 0.7664498906653793}, {""pred_label"": 2, ""gt_label"": 2, ""iou"": 0.6228373017835769}]",fpn_2,fpn_2,72x72,1,3,3,24x24,pooled_avg_pool_multi_way,False,False,False,,,,"[164352, 114432, 114432]",jpeg_color_clustering_bic,-1,5,20731,0.052721659342447914,8,3,14646,"{""1"": -801185.3899482103, ""2"": -1350100.741358829, ""3"": -1710231.08168642, ""4"": -1578777.6435145186, ""5"": -2250326.479076895, ""6"": -2401157.593611763, ""7"": -2527907.5689223837, ""8"": -2644805.3386808196}","[168670, 140846, 62969, 9635, 3445, 3373, 2172, 2106]","[168670, 140846, 62969]","[3, 4, 5, 6, 7]","[9635, 3445, 3373, 2172, 2106]",bic,-2644805.3386808196,ok
detexture_ade20k_multi,feature_cluster_coarse_global_pooled_oracle_k,validation,511,validation_ADE_val_00001616,detexture_multi_partition_v1,multi_partition_invariant,0.6558310056238593,0.6368794594703665,0.72800643978267,4,8,4,1.0,0.952911376953125,62450,65536,3086,4,4,True,hungarian_iou_assignment,"[0.33787780756077274, 0.9372621507013157, 0.9327779373743177, 0.4154061268590314]","[{""pred_label"": 0, ""gt_label"": 3, ""iou"": 0.33787780756077274}, {""pred_label"": 1, ""gt_label"": 1, ""iou"": 0.9372621507013157}, {""pred_label"": 2, ""gt_label"": 2, ""iou"": 0.9327779373743177}, {""pred_label"": 3, ""gt_label"": 0, ""iou"": 0.4154061268590314}]",fpn_2,fpn_2,72x72,1,3,3,24x24,pooled_avg_pool_multi_way,False,False,False,,,,"[21365, 19784, 14251, 10136]",jpeg_color_clustering_bic,-1,4,3086,0.047088623046875,8,4,5331,"{""1"": -119410.40596917241, ""2"": -129836.44981791028, ""3"": -231987.93954053335, ""4"": -322653.73633347475, ""5"": -450646.6423939022, ""6"": -461107.87986890954, ""7"": -467516.42692528875, ""8"": -486398.9381783194}","[23533, 17245, 13321, 8351, 1539, 575, 544, 428]","[23533, 17245, 13321, 8351]","[4, 5, 6, 7]","[1539, 575, 544, 428]",bic,-486398.9381783194,ok
detexture_ade20k_multi,feature_cluster_coarse_global_pooled_oracle_k,validation,512,validation_ADE_val_00001623,detexture_multi_partition_v1,multi_partition_invariant,0.6378968425380026,0.5497482251478921,0.6882629574825607,3,8,3,1.0,0.81781005859375,53596,65536,11940,3,3,True,hungarian_iou_assignment,"[0.390806736763748, 0.9970923603192703, 0.5257914305309894]","[{""pred_label"": 0, ""gt_label"": 2, ""iou"": 0.390806736763748}, {""pred_label"": 1, ""gt_label"": 1, ""iou"": 0.9970923603192703}, {""pred_label"": 2, ""gt_label"": 0, ""iou"": 0.5257914305309894}]",fpn_2,fpn_2,72x72,1,3,3,24x24,pooled_avg_pool_multi_way,False,False,False,,,,"[26176, 20366, 18994]",jpeg_color_clustering_bic,-1,5,11940,0.18218994140625,8,3,8131,"{""1"": -120139.05873332133, ""2"": -130130.87084528117, ""3"": -222955.31025951152, ""4"": -296183.30826645764, ""5"": -379751.7921839519, ""6"": -403678.4526448709, ""7"": -423715.8398992319, ""8"": -437332.5708342755}","[27602, 17536, 8458, 6966, 2018, 1720, 659, 577]","[27602, 17536, 8458]","[3, 4, 5, 6, 7]","[6966, 2018, 1720, 659, 577]",bic,-437332.5708342755,ok
detexture_ade20k_multi,feature_cluster_coarse_global_pooled_oracle_k,validation,513,validation_ADE_val_00001627,detexture_multi_partition_v1,multi_partition_invariant,0.8304717503003213,0.7127512842102115,0.5765094649192396,2,8,2,1.0,0.8536834716796875,55947,65536,9589,2,2,True,hungarian_iou_assignment,"[0.9038836755551426, 0.7570598250455]","[{""pred_label"": 0, ""gt_label"": 0, ""iou"": 0.9038836755551426}, {""pred_label"": 1, ""gt_label"": 1, ""iou"": 0.7570598250455}]",fpn_2,fpn_2,72x72,1,3,3,24x24,pooled_avg_pool_multi_way,False,False,False,,,,"[40793, 24743]",jpeg_color_clustering_bic,-1,6,9589,0.1463165283203125,8,2,5328,"{""1"": -118144.24730883366, ""2"": -132815.80534582448, ""3"": -305212.2243212093, ""4"": -307212.3780031311, ""5"": -446489.57601693826, ""6"": -467784.2861602233, ""7"": -479542.7181422703, ""8"": -495827.9224993534}","[41992, 13955, 4896, 2484, 748, 589, 563, 309]","[41992, 13955]","[2, 3, 4, 5, 6, 7]","[4896, 2484, 748, 589, 563, 309]",bic,-495827.9224993534,ok
detexture_ade20k_multi,feature_cluster_coarse_global_pooled_oracle_k,validation,514,validation_ADE_val_00001682,detexture_multi_partition_v1,multi_partition_invariant,0.36744426296839733,0.2664857316612774,0.4301514194319002,4,8,4,1.0,0.8339661016949153,49204,59000,9796,4,4,True,hungarian_iou_assignment,"[0.2945011217880879, 0.6779117691955426, 0.4973641608899589, 0.0]","[{""pred_label"": 0, ""gt_label"": 2, ""iou"": 0.2945011217880879}, {""pred_label"": 1, ""gt_label"": 1, ""iou"": 0.6779117691955426}, {""pred_label"": 2, ""gt_label"": 0, ""iou"": 0.4973641608899589}, {""pred_label"": 3, ""gt_label"": 3, ""iou"": 0.0}]",fpn_2,fpn_2,72x72,1,3,3,24x24,pooled_avg_pool_multi_way,False,False,False,,,,"[23815, 13944, 12227, 9014]",jpeg_color_clustering_bic,-1,4,9796,0.16603389830508475,8,4,8125,"{""1"": -112840.13088282837, ""2"": -125323.29582866246, ""3"": -172620.44997592442, ""4"": -168585.54035311702, ""5"": -224071.63019591206, ""6"": -247333.13708359006, ""7"": -260289.1881256196, ""8"": -260607.90356121358}","[24091, 8911, 8549, 7653, 4959, 2875, 1925, 37]","[24091, 8911, 8549, 7653]","[4, 5, 6, 7]","[4959, 2875, 1925, 37]",bic,-260607.90356121358,ok
detexture_ade20k_multi,feature_cluster_coarse_global_pooled_oracle_k,validation,515,validation_ADE_val_00001686,detexture_multi_partition_v1,multi_partition_invariant,0.47104957025872657,0.28213352815861126,0.3886602313514766,3,8,3,1.0,0.8665553745928338,212826,245600,32774,3,3,True,hungarian_iou_assignment,"[0.33055410187952916, 0.5152435724997294, 0.5673510363969213]","[{""pred_label"": 0, ""gt_label"": 1, ""iou"": 0.33055410187952916}, {""pred_label"": 1, ""gt_label"": 0, ""iou"": 0.5152435724997294}, {""pred_label"": 2, ""gt_label"": 2, ""iou"": 0.5673510363969213}]",fpn_2,fpn_2,72x72,1,3,3,24x24,pooled_avg_pool_multi_way,False,False,False,,,,"[103192, 82276, 60132]",jpeg_color_clustering_bic,-1,5,32774,0.13344462540716612,8,3,13279,"{""1"": -608303.7632031078, ""2"": -763304.2034303689, ""3"": -710065.5436818901, ""4"": -837563.9149526331, ""5"": -950788.35577629, ""6"": -1001911.7555899554, ""7"": -1052078.3962068849, ""8"": -1054392.3346363297}","[127430, 55068, 30328, 14576, 13014, 2217, 1616, 1351]","[127430, 55068, 30328]","[3, 4, 5, 6, 7]","[14576, 13014, 2217, 1616, 1351]",bic,-1054392.3346363297,ok
detexture_ade20k_multi,feature_cluster_coarse_global_pooled_oracle_k,validation,516,validation_ADE_val_00001899,detexture_multi_partition_v1,multi_partition_invariant,0.7406323989066244,0.6673163585181334,0.6446881165366637,3,8,3,1.0,0.78350830078125,51348,65536,14188,3,3,True,hungarian_iou_assignment,"[0.9381318628162337, 0.6136594663278272, 0.6701058675758119]","[{""pred_label"": 0, ""gt_label"": 1, ""iou"": 0.9381318628162337}, {""pred_label"": 1, ""gt_label"": 2, ""iou"": 0.6136594663278272}, {""pred_label"": 2, ""gt_label"": 0, ""iou"": 0.6701058675758119}]",fpn_2,fpn_2,72x72,1,3,3,24x24,pooled_avg_pool_multi_way,False,False,False,,,,"[22016, 21760, 21760]",jpeg_color_clustering_bic,-1,5,14188,0.21649169921875,8,3,9499,"{""1"": -127640.33512749316, ""2"": -138759.3963832771, ""3"": -213254.5192308731, ""4"": -264659.77454880445, ""5"": -313929.18497580837, ""6"": -311902.8840320931, ""7"": -324460.31934171176, ""8"": -370911.7773940235}","[20298, 19394, 11656, 7555, 2874, 2128, 957, 674]","[20298, 19394, 11656]","[3, 4, 5, 6, 7]","[7555, 2874, 2128, 957, 674]",bic,-370911.7773940235,ok
detexture_ade20k_multi,feature_cluster_coarse_global_pooled_oracle_k,validation,517,validation_ADE_val_00001900,detexture_multi_partition_v1,multi_partition_invariant,0.9990413625586061,0.99813693825044,0.994065412346031,2,8,2,1.0,0.7537994384765625,49401,65536,16135,2,2,True,hungarian_iou_assignment,"[0.9992049500501227, 0.9988777750670895]","[{""pred_label"": 0, ""gt_label"": 0, ""iou"": 0.9992049500501227}, {""pred_label"": 1, ""gt_label"": 1, ""iou"": 0.9988777750670895}]",fpn_2,fpn_2,72x72,1,3,3,24x24,pooled_avg_pool_multi_way,False,False,False,,,,"[34528, 31008]",jpeg_color_clustering_bic,-1,6,16135,0.2462005615234375,8,2,7126,"{""1"": -113168.05633639332, ""2"": -118508.10471488304, ""3"": -240872.74403213907, ""4"": -292786.17733247095, ""5"": -327376.06640007935, ""6"": -328783.0346379228, ""7"": -332048.681045719, ""8"": -356079.2910505214}","[28919, 20482, 7579, 5110, 1258, 1048, 682, 458]","[28919, 20482]","[2, 3, 4, 5, 6, 7]","[7579, 5110, 1258, 1048, 682, 458]",bic,-356079.2910505214,ok
detexture_ade20k_multi,feature_cluster_coarse_global_pooled_oracle_k,validation,518,validation_ADE_val_00001917,detexture_multi_partition_v1,multi_partition_invariant,0.3049504442144666,-0.08215686641835186,0.13295591160630893,2,8,2,1.0,0.7483978271484375,49047,65536,16489,2,2,True,hungarian_iou_assignment,"[0.29119834935114297, 0.3187025390777902]","[{""pred_label"": 0, ""gt_label"": 1, ""iou"": 0.29119834935114297}, {""pred_label"": 1, ""gt_label"": 0, ""iou"": 0.3187025390777902}]",fpn_2,fpn_2,72x72,1,3,3,24x24,pooled_avg_pool_multi_way,False,False,False,,,,"[38073, 27463]",jpeg_color_clustering_bic,-1,6,16489,0.2516021728515625,8,2,6605,"{""1"": -142070.72175913356, ""2"": -145616.51029554568, ""3"": -226751.85998208966, ""4"": -292486.18048715004, ""5"": -295566.2234532924, ""6"": -299651.1717448068, ""7"": -299854.08231176005, ""8"": -441356.4824354382}","[38321, 10726, 6577, 4576, 4218, 624, 379, 115]","[38321, 10726]","[2, 3, 4, 5, 6, 7]","[6577, 4576, 4218, 624, 379, 115]",bic,-441356.4824354382,ok
detexture_ade20k_multi,feature_cluster_coarse_global_pooled_oracle_k,validation,519,validation_ADE_val_00001952,detexture_multi_partition_v1,multi_partition_invariant,0.9953120876364581,0.9906633248579236,0.978458900589037,2,8,2,1.0,0.7883676107247438,275689,349696,74007,2,2,True,hungarian_iou_assignment,"[0.9956155854043178, 0.9950085898685982]","[{""pred_label"": 0, ""gt_label"": 0, ""iou"": 0.9956155854043178}, {""pred_label"": 1, ""gt_label"": 1, ""iou"": 0.9950085898685982}]",fpn_2,fpn_2,72x72,1,3,3,24x24,pooled_avg_pool_multi_way,False,False,False,,,,"[191524, 158172]",jpeg_color_clustering_bic,-1,6,74007,0.2116323892752562,8,2,9044,"{""1"": -739203.1577329967, ""2"": -764152.5166123346, ""3"": -1413363.4186533184, ""4"": -1721497.3985086917, ""5"": -1732299.6064241217, ""6"": -2732790.5211249143, ""7"": -2775925.094794339, ""8"": -2828951.7089914544}","[146467, 129222, 34747, 32801, 2803, 1782, 1132, 742]","[146467, 129222]","[2, 3, 4, 5, 6, 7]","[34747, 32801, 2803, 1782, 1132, 742]",bic,-2828951.7089914544,ok
detexture_ade20k_multi,feature_cluster_coarse_global_pooled_oracle_k,validation,520,validation_ADE_val_00001953,detexture_multi_partition_v1,multi_partition_invariant,0.9559185397141624,0.9353092236921169,0.8971291965891922,3,8,3,1.0,0.9435272216796875,61835,65536,3701,3,3,True,hungarian_iou_assignment,"[0.9677363995194783, 0.9670815341630683, 0.9329376854599406]","[{""pred_label"": 0, ""gt_label"": 0, ""iou"": 0.9677363995194783}, {""pred_label"": 1, ""gt_label"": 2, ""iou"": 0.9670815341630683}, {""pred_label"": 2, ""gt_label"": 1, ""iou"": 0.9329376854599406}]",fpn_2,fpn_2,72x72,1,3,3,24x24,pooled_avg_pool_multi_way,False,False,False,,,,"[23872, 21248, 20416]",jpeg_color_clustering_bic,-1,5,3701,0.0564727783203125,8,3,4458,"{""1"": -113338.64408317729, ""2"": -119877.00254780284, ""3"": -239149.6332333875, ""4"": -419420.5147006302, ""5"": -441625.70134754485, ""6"": -469856.14694783837, ""7"": -479493.0136622708, ""8"": -487630.5509113555}","[22746, 19763, 19326, 1443, 892, 625, 495, 246]","[22746, 19763, 19326]","[3, 4, 5, 6, 7]","[1443, 892, 625, 495, 246]",bic,-487630.5509113555,ok
detexture_ade20k_multi,feature_cluster_coarse_global_pooled_oracle_k,validation,521,validation_ADE_val_00001975,detexture_multi_partition_v1,multi_partition_invariant,0.6839784197813398,0.40324705765092594,0.45063487055242885,2,8,2,1.0,0.8476104736328125,55549,65536,9987,2,2,True,hungarian_iou_assignment,"[0.7322433239124119, 0.6357135156502677]","[{""pred_label"": 0, ""gt_label"": 0, ""iou"": 0.7322433239124119}, {""pred_label"": 1, ""gt_label"": 1, ""iou"": 0.6357135156502677}]",fpn_2,fpn_2,72x72,1,3,3,24x24,pooled_avg_pool_multi_way,False,False,False,,,,"[36462, 29074]",jpeg_color_clustering_bic,-1,6,9987,0.1523895263671875,8,2,5079,"{""1"": -145589.62553759804, ""2"": -155690.38060460216, ""3"": -232521.46445410134, ""4"": -410964.1222450031, ""5"": -429709.26244008815, ""6"": -461844.2898710521, ""7"": -472222.57693362195, ""8"": -487111.4391932654}","[37859, 17690, 6615, 1277, 841, 646, 340, 268]","[37859, 17690]","[2, 3, 4, 5, 6, 7]","[6615, 1277, 841, 646, 340, 268]",bic,-487111.4391932654,ok
detexture_ade20k_multi,feature_cluster_coarse_global_pooled_oracle_k,validation,522,validation_ADE_val_00001986,detexture_multi_partition_v1,multi_partition_invariant,0.5596098796098009,0.6313885377377352,0.6537996020246933,5,7,5,1.0,0.9694992221815519,339030,349696,10666,5,5,True,hungarian_iou_assignment,"[0.5323914541695383, 0.8973053195204284, 0.6642198991236721, 0.5804009689551858, 0.12373175628018013]","[{""pred_label"": 0, ""gt_label"": 1, ""iou"": 0.5323914541695383}, {""pred_label"": 1, ""gt_label"": 0, ""iou"": 0.8973053195204284}, {""pred_label"": 2, ""gt_label"": 4, ""iou"": 0.6642198991236721}, {""pred_label"": 3, ""gt_label"": 3, ""iou"": 0.5804009689551858}, {""pred_label"": 4, ""gt_label"": 2, ""iou"": 0.12373175628018013}]",fpn_2,fpn_2,72x72,1,3,3,24x24,pooled_avg_pool_multi_way,False,False,False,,,,"[115169, 98574, 66918, 40495, 28540]",jpeg_color_clustering_bic,-1,2,10666,0.030500777818448024,7,5,20866,"{""1"": -814207.0966887574, ""2"": -879331.7264662364, ""3"": -1039781.5013201081, ""4"": -1263776.429531099, ""5"": -1613138.9253316533, ""6"": -1865759.511447019, ""7"": -2001756.6977921322, ""8"": -1944342.705428699}","[97896, 68276, 62072, 59190, 51596, 7483, 3183]","[97896, 68276, 62072, 59190, 51596]","[5, 6]","[7483, 3183]",bic,-2001756.6977921322,ok
detexture_ade20k_multi,feature_cluster_coarse_global_pooled_oracle_k,validation,523,validation_ADE_val_00001996,detexture_multi_partition_v1,multi_partition_invariant,0.9254396420995791,0.9167853375653231,0.8624942074979175,3,8,3,1.0,0.9651953125,74127,76800,2673,3,3,True,hungarian_iou_assignment,"[0.9710290827740492, 0.9353353991979585, 0.8699544443267295]","[{""pred_label"": 0, ""gt_label"": 0, ""iou"": 0.9710290827740492}, {""pred_label"": 1, ""gt_label"": 1, ""iou"": 0.9353353991979585}, {""pred_label"": 2, ""gt_label"": 2, ""iou"": 0.8699544443267295}]",fpn_2,fpn_2,72x72,1,3,3,24x24,pooled_avg_pool_multi_way,False,False,False,,,,"[35050, 23720, 18030]",jpeg_color_clustering_bic,-1,5,2673,0.0348046875,8,3,4355,"{""1"": -219619.43693047581, ""2"": -226103.25371732705, ""3"": -265490.1984770652, ""4"": -279295.1864631675, ""5"": -346309.9715974989, ""6"": -569660.1426465145, ""7"": -583080.5293069542, ""8"": -586040.021335629}","[35588, 20951, 17588, 1428, 635, 361, 216, 33]","[35588, 20951, 17588]","[3, 4, 5, 6, 7]","[1428, 635, 361, 216, 33]",bic,-586040.021335629,ok
detexture_ade20k_multi,feature_cluster_coarse_global_pooled_oracle_k,validation,524,validation_ADE_val_00001998,detexture_multi_partition_v1,multi_partition_invariant,0.9637440111649916,0.9457523962588958,0.9093579263848032,3,8,3,1.0,0.8970999513618677,59022,65792,6770,3,3,True,hungarian_iou_assignment,"[0.9672867535764855, 0.9684080217875711, 0.955537258130918]","[{""pred_label"": 0, ""gt_label"": 0, ""iou"": 0.9672867535764855}, {""pred_label"": 1, ""gt_label"": 1, ""iou"": 0.9684080217875711}, {""pred_label"": 2, ""gt_label"": 2, ""iou"": 0.955537258130918}]",fpn_2,fpn_2,72x72,1,3,3,24x24,pooled_avg_pool_multi_way,False,False,False,,,,"[24903, 21344, 19545]",jpeg_color_clustering_bic,-1,5,6770,0.10290004863813229,8,3,5337,"{""1"": -130907.12366978682, ""2"": -136086.8213816168, ""3"": -204733.25598584846, ""4"": -298246.111996187, ""5"": -300209.5013806445, ""6"": -389836.39339077356, ""7"": -398241.35583029693, ""8"": -470345.20214777015}","[20322, 19646, 19054, 2677, 2403, 806, 578, 306]","[20322, 19646, 19054]","[3, 4, 5, 6, 7]","[2677, 2403, 806, 578, 306]",bic,-470345.20214777015,ok
