{
  "edge_metrics": {
    "AP": 0.4772408160307737,
    "ODS_threshold": 0.01,
    "ODS_recall": 0.5342962836033022,
    "ODS_precision": 0.7991812531041644,
    "ODS_f1": 0.640430096052917,
    "OIS_recall": 0.5326653831809613,
    "OIS_precision": 0.8097991525553363,
    "OIS_f1": 0.6426269959659286
  },
  "generic_metrics": null,
  "meta": {
    "generic": {
      "metrics_namespace": "pixel",
      "enabled": false
    },
    "edge": {
      "protocol": "legacy",
      "ap_mode": "bsds_interp",
      "edge_keys_mode": "legacy_minimal",
      "thresholds": 99,
      "max_dist": 0.0075,
      "apply_thinning": true,
      "apply_nms": true
    }
  }
}