{
  "edge/AP": 0.4772408160307737,
  "edge/ODS_threshold": 0.01,
  "edge/ODS_recall": 0.5342962836033022,
  "edge/ODS_precision": 0.7991812531041644,
  "edge/ODS_f1": 0.640430096052917,
  "edge/OIS_recall": 0.5326653831809613,
  "edge/OIS_precision": 0.8097991525553363,
  "edge/OIS_f1": 0.6426269959659286
}