dataset_id,variant,split,sample_index,crop_name,num_predicted_masks,evaluation_view,miou,ari,miou_agg,texture_a_best_iou,texture_b_best_iou,texture_a_agg_iou,texture_b_agg_iou,texture_a_overlap_mask_count,texture_b_overlap_mask_count,mask_score_mean,mask_score_median,feature_cluster_coarse_to_fine_global_pooled_init_flip_avg_coarse_only_status,label_permutation_invariant,assignment_used,assignment_source_for_texture_a,assignment_source_for_texture_b,assignment_direct_miou,assignment_direct_ari,assignment_swapped_miou,assignment_swapped_ari,evaluation_selector,num_feature_levels,coarsest_level_name,finest_level_name,feature_level_names,feature_level_resolutions,cluster_pixel_count_a,cluster_pixel_count_b,rough_mask_positive_pixels_a,rough_mask_positive_pixels_b,refined_mask_positive_pixels_a,refined_mask_positive_pixels_b,refined_score_a,refined_score_b,refined_pair_selection_score,refined_pair_overlap_iou,output_stage,coarsest_init_mode,multiscale_refinement_applied,sam_refinement_applied,evaluation_contract,eval_miou,eval_ari,coarsest_pool_kernel_size,coarsest_pool_stride,pooled_grid_resolution,active_coarsest_component_stats_json
cstd,feature_cluster_coarse_to_fine_global_pooled_init_flip_avg_coarse_only,benchmark,0,000000,2,partition_invariant,0.9678746021206663,0.9405608534632989,0.5,0.9587231179970148,0.977026086244318,0.3540382385253906,0.6459617614746094,2,2,0.0,0.0,ok,True,"cluster_a->texture_a,cluster_b->texture_b",cluster_a,cluster_b,0.9678746021206663,0.9405608534632989,0.0075447253797125855,0.9405608534632989,best_partition_assignment,1,fpn_2,fpn_2,fpn_2,72x72,93540,168604,93540,168604,93540,168604,0.0,0.0,0.0,0.0,coarsest_pooled_direct,pooled_avg_pool_flip_avg_coarse_only,False,False,architexture_binary_v1,0.9678746021206663,0.9405608534632989,3,3,24x24,"{""cluster_0"": {""cluster_value"": 0, ""component_size_histogram"": {""1845"": 1}, ""largest_component_size"": 1845, ""num_1_cell_components"": 0, ""num_2_cell_components"": 0, ""num_components"": 1, ""smallest_component_size"": 1845, ""tiny_component_pixel_fraction"": 0.0, ""tiny_component_pixels"": 0}, ""cluster_1"": {""cluster_value"": 1, ""component_size_histogram"": {""3339"": 1}, ""largest_component_size"": 3339, ""num_1_cell_components"": 0, ""num_2_cell_components"": 0, ""num_components"": 1, ""smallest_component_size"": 3339, ""tiny_component_pixel_fraction"": 0.0, ""tiny_component_pixels"": 0}}"
cstd,feature_cluster_coarse_to_fine_global_pooled_init_flip_avg_coarse_only,benchmark,1,000001,2,partition_invariant,0.8279219512263554,0.6783943132841656,0.5,0.7848872011672715,0.8709567012854393,0.3230781555175781,0.6769218444824219,2,2,0.0,0.0,ok,True,"cluster_b->texture_a,cluster_a->texture_b",cluster_b,cluster_a,0.04413005443221307,0.6783943132841656,0.8279219512263554,0.6783943132841656,best_partition_assignment,1,fpn_2,fpn_2,fpn_2,72x72,156004,106140,156004,106140,156004,106140,0.0,0.0,0.0,0.0,coarsest_pooled_direct,pooled_avg_pool_flip_avg_coarse_only,False,False,architexture_binary_v1,0.8279219512263554,0.6783943132841656,3,3,24x24,"{""cluster_0"": {""cluster_value"": 0, ""component_size_histogram"": {""3087"": 1}, ""largest_component_size"": 3087, ""num_1_cell_components"": 0, ""num_2_cell_components"": 0, ""num_components"": 1, ""smallest_component_size"": 3087, ""tiny_component_pixel_fraction"": 0.0, ""tiny_component_pixels"": 0}, ""cluster_1"": {""cluster_value"": 1, ""component_size_histogram"": {""1764"": 1, ""324"": 1, ""9"": 1}, ""largest_component_size"": 1764, ""num_1_cell_components"": 0, ""num_2_cell_components"": 0, ""num_components"": 3, ""smallest_component_size"": 9, ""tiny_component_pixel_fraction"": 0.0, ""tiny_component_pixels"": 0}}"
cstd,feature_cluster_coarse_to_fine_global_pooled_init_flip_avg_coarse_only,benchmark,2,000002,2,partition_invariant,0.34380584366000233,-0.028277253306751383,0.5,0.08009320474530508,0.6075184825746995,0.2891044616699219,0.7108955383300781,2,2,0.0,0.0,ok,True,"cluster_a->texture_a,cluster_b->texture_b",cluster_a,cluster_b,0.34380584366000233,-0.028277253306751383,0.22903375754003122,-0.028277253306751383,best_partition_assignment,1,fpn_2,fpn_2,fpn_2,72x72,41024,221120,41024,221120,41024,221120,0.0,0.0,0.0,0.0,coarsest_pooled_direct,pooled_avg_pool_flip_avg_coarse_only,False,False,architexture_binary_v1,0.34380584366000233,-0.028277253306751383,3,3,24x24,"{""cluster_0"": {""cluster_value"": 0, ""component_size_histogram"": {""27"": 1, ""783"": 1}, ""largest_component_size"": 783, ""num_1_cell_components"": 0, ""num_2_cell_components"": 0, ""num_components"": 2, ""smallest_component_size"": 27, ""tiny_component_pixel_fraction"": 0.0, ""tiny_component_pixels"": 0}, ""cluster_1"": {""cluster_value"": 1, ""component_size_histogram"": {""4374"": 1}, ""largest_component_size"": 4374, ""num_1_cell_components"": 0, ""num_2_cell_components"": 0, ""num_components"": 1, ""smallest_component_size"": 4374, ""tiny_component_pixel_fraction"": 0.0, ""tiny_component_pixels"": 0}}"
cstd,feature_cluster_coarse_to_fine_global_pooled_init_flip_avg_coarse_only,benchmark,3,000003,2,partition_invariant,0.935006164633585,0.8928162314778209,0.5,0.9046256090920515,0.9653867201751186,0.2552490234375,0.7447509765625,2,2,0.0,0.0,ok,True,"cluster_a->texture_a,cluster_b->texture_b",cluster_a,cluster_b,0.935006164633585,0.8928162314778209,0.013176355413329729,0.8928162314778209,best_partition_assignment,1,fpn_2,fpn_2,fpn_2,72x72,69503,192641,69503,192641,69503,192641,0.0,0.0,0.0,0.0,coarsest_pooled_direct,pooled_avg_pool_flip_avg_coarse_only,False,False,architexture_binary_v1,0.935006164633585,0.8928162314778209,3,3,24x24,"{""cluster_0"": {""cluster_value"": 0, ""component_size_histogram"": {""1377"": 1}, ""largest_component_size"": 1377, ""num_1_cell_components"": 0, ""num_2_cell_components"": 0, ""num_components"": 1, ""smallest_component_size"": 1377, ""tiny_component_pixel_fraction"": 0.0, ""tiny_component_pixels"": 0}, ""cluster_1"": {""cluster_value"": 1, ""component_size_histogram"": {""3807"": 1}, ""largest_component_size"": 3807, ""num_1_cell_components"": 0, ""num_2_cell_components"": 0, ""num_components"": 1, ""smallest_component_size"": 3807, ""tiny_component_pixel_fraction"": 0.0, ""tiny_component_pixels"": 0}}"
cstd,feature_cluster_coarse_to_fine_global_pooled_init_flip_avg_coarse_only,benchmark,4,000004,2,partition_invariant,0.314284417458796,-0.004278282496701733,0.5,0.4518831484434288,0.17668568647416316,0.4511451721191406,0.5488548278808594,2,2,0.0,0.0,ok,True,"cluster_b->texture_a,cluster_a->texture_b",cluster_b,cluster_a,0.2747750378995542,-0.004278282496701733,0.314284417458796,-0.004278282496701733,best_partition_assignment,1,fpn_2,fpn_2,fpn_2,72x72,39864,222280,39864,222280,39864,222280,0.0,0.0,0.0,0.0,coarsest_pooled_direct,pooled_avg_pool_flip_avg_coarse_only,False,False,architexture_binary_v1,0.314284417458796,-0.004278282496701733,3,3,24x24,"{""cluster_0"": {""cluster_value"": 0, ""component_size_histogram"": {""27"": 1, ""765"": 1}, ""largest_component_size"": 765, ""num_1_cell_components"": 0, ""num_2_cell_components"": 0, ""num_components"": 2, ""smallest_component_size"": 27, ""tiny_component_pixel_fraction"": 0.0, ""tiny_component_pixels"": 0}, ""cluster_1"": {""cluster_value"": 1, ""component_size_histogram"": {""2097"": 1, ""2295"": 1}, ""largest_component_size"": 2295, ""num_1_cell_components"": 0, ""num_2_cell_components"": 0, ""num_components"": 2, ""smallest_component_size"": 2097, ""tiny_component_pixel_fraction"": 0.0, ""tiny_component_pixels"": 0}}"
cstd,feature_cluster_coarse_to_fine_global_pooled_init_flip_avg_coarse_only,benchmark,5,000005,2,partition_invariant,0.9717269265033873,0.9472934437946712,0.5,0.9640893382163306,0.9793645147904441,0.3624267578125,0.6375732421875,2,2,0.0,0.0,ok,True,"cluster_a->texture_a,cluster_b->texture_b",cluster_a,cluster_b,0.9717269265033873,0.9472934437946712,0.006683348426981532,0.9472934437946712,best_partition_assignment,1,fpn_2,fpn_2,fpn_2,72x72,95381,166763,95381,166763,95381,166763,0.0,0.0,0.0,0.0,coarsest_pooled_direct,pooled_avg_pool_flip_avg_coarse_only,False,False,architexture_binary_v1,0.9717269265033873,0.9472934437946712,3,3,24x24,"{""cluster_0"": {""cluster_value"": 0, ""component_size_histogram"": {""1890"": 1}, ""largest_component_size"": 1890, ""num_1_cell_components"": 0, ""num_2_cell_components"": 0, ""num_components"": 1, ""smallest_component_size"": 1890, ""tiny_component_pixel_fraction"": 0.0, ""tiny_component_pixels"": 0}, ""cluster_1"": {""cluster_value"": 1, ""component_size_histogram"": {""3294"": 1}, ""largest_component_size"": 3294, ""num_1_cell_components"": 0, ""num_2_cell_components"": 0, ""num_components"": 1, ""smallest_component_size"": 3294, ""tiny_component_pixel_fraction"": 0.0, ""tiny_component_pixels"": 0}}"
cstd,feature_cluster_coarse_to_fine_global_pooled_init_flip_avg_coarse_only,benchmark,6,000006,2,partition_invariant,0.9017317261946651,0.8462011255448344,0.5,0.8484082381926217,0.9550552141967086,0.20822525024414062,0.7917747497558594,2,2,0.0,0.0,ok,True,"cluster_b->texture_a,cluster_a->texture_b",cluster_b,cluster_a,0.01816718918968891,0.8462011255448344,0.9017317261946651,0.8462011255448344,best_partition_assignment,1,fpn_2,fpn_2,fpn_2,72x72,201941,60203,201941,60203,201941,60203,0.0,0.0,0.0,0.0,coarsest_pooled_direct,pooled_avg_pool_flip_avg_coarse_only,False,False,architexture_binary_v1,0.9017317261946651,0.8462011255448344,3,3,24x24,"{""cluster_0"": {""cluster_value"": 0, ""component_size_histogram"": {""3996"": 1}, ""largest_component_size"": 3996, ""num_1_cell_components"": 0, ""num_2_cell_components"": 0, ""num_components"": 1, ""smallest_component_size"": 3996, ""tiny_component_pixel_fraction"": 0.0, ""tiny_component_pixels"": 0}, ""cluster_1"": {""cluster_value"": 1, ""component_size_histogram"": {""1188"": 1}, ""largest_component_size"": 1188, ""num_1_cell_components"": 0, ""num_2_cell_components"": 0, ""num_components"": 1, ""smallest_component_size"": 1188, ""tiny_component_pixel_fraction"": 0.0, ""tiny_component_pixels"": 0}}"
cstd,feature_cluster_coarse_to_fine_global_pooled_init_flip_avg_coarse_only,benchmark,7,000007,2,partition_invariant,0.8871815505601692,0.8409664169927722,0.5,0.8097909350177953,0.9645721661025431,0.13600921630859375,0.8639907836914062,2,2,0.0,0.0,ok,True,"cluster_a->texture_a,cluster_b->texture_b",cluster_a,cluster_b,0.8871815505601692,0.8409664169927722,0.01552214895229382,0.8409664169927722,best_partition_assignment,1,fpn_2,fpn_2,fpn_2,72x72,41130,221014,41130,221014,41130,221014,0.0,0.0,0.0,0.0,coarsest_pooled_direct,pooled_avg_pool_flip_avg_coarse_only,False,False,architexture_binary_v1,0.8871815505601692,0.8409664169927722,3,3,24x24,"{""cluster_0"": {""cluster_value"": 0, ""component_size_histogram"": {""801"": 1, ""9"": 1}, ""largest_component_size"": 801, ""num_1_cell_components"": 0, ""num_2_cell_components"": 0, ""num_components"": 2, ""smallest_component_size"": 9, ""tiny_component_pixel_fraction"": 0.0, ""tiny_component_pixels"": 0}, ""cluster_1"": {""cluster_value"": 1, ""component_size_histogram"": {""4374"": 1}, ""largest_component_size"": 4374, ""num_1_cell_components"": 0, ""num_2_cell_components"": 0, ""num_components"": 1, ""smallest_component_size"": 4374, ""tiny_component_pixel_fraction"": 0.0, ""tiny_component_pixels"": 0}}"
cstd,feature_cluster_coarse_to_fine_global_pooled_init_flip_avg_coarse_only,benchmark,8,000008,2,partition_invariant,0.9355582062144072,0.8767910324315795,0.5,0.9218456451491696,0.9492707672796449,0.39593505859375,0.60406494140625,2,2,0.0,0.0,ok,True,"cluster_a->texture_a,cluster_b->texture_b",cluster_a,cluster_b,0.9355582062144072,0.8767910324315795,0.016091945932013456,0.8767910324315795,best_partition_assignment,1,fpn_2,fpn_2,fpn_2,72x72,100800,161344,100800,161344,100800,161344,0.0,0.0,0.0,0.0,coarsest_pooled_direct,pooled_avg_pool_flip_avg_coarse_only,False,False,architexture_binary_v1,0.9355582062144072,0.8767910324315795,3,3,24x24,"{""cluster_0"": {""cluster_value"": 0, ""component_size_histogram"": {""1998"": 1}, ""largest_component_size"": 1998, ""num_1_cell_components"": 0, ""num_2_cell_components"": 0, ""num_components"": 1, ""smallest_component_size"": 1998, ""tiny_component_pixel_fraction"": 0.0, ""tiny_component_pixels"": 0}, ""cluster_1"": {""cluster_value"": 1, ""component_size_histogram"": {""3186"": 1}, ""largest_component_size"": 3186, ""num_1_cell_components"": 0, ""num_2_cell_components"": 0, ""num_components"": 1, ""smallest_component_size"": 3186, ""tiny_component_pixel_fraction"": 0.0, ""tiny_component_pixels"": 0}}"
cstd,feature_cluster_coarse_to_fine_global_pooled_init_flip_avg_coarse_only,benchmark,9,000009,2,partition_invariant,0.9081388859933786,0.8453530126397327,0.5,0.8677051482264012,0.9485726237603559,0.2645301818847656,0.7354698181152344,2,2,0.0,0.0,ok,True,"cluster_a->texture_a,cluster_b->texture_b",cluster_a,cluster_b,0.9081388859933786,0.8453530126397327,0.019556057425003787,0.8453530126397327,best_partition_assignment,1,fpn_2,fpn_2,fpn_2,72x72,72976,189168,72976,189168,72976,189168,0.0,0.0,0.0,0.0,coarsest_pooled_direct,pooled_avg_pool_flip_avg_coarse_only,False,False,architexture_binary_v1,0.9081388859933786,0.8453530126397327,3,3,24x24,"{""cluster_0"": {""cluster_value"": 0, ""component_size_histogram"": {""1404"": 1, ""27"": 1, ""9"": 1}, ""largest_component_size"": 1404, ""num_1_cell_components"": 0, ""num_2_cell_components"": 0, ""num_components"": 3, ""smallest_component_size"": 9, ""tiny_component_pixel_fraction"": 0.0, ""tiny_component_pixels"": 0}, ""cluster_1"": {""cluster_value"": 1, ""component_size_histogram"": {""27"": 1, ""3708"": 1, ""9"": 1}, ""largest_component_size"": 3708, ""num_1_cell_components"": 0, ""num_2_cell_components"": 0, ""num_components"": 3, ""smallest_component_size"": 9, ""tiny_component_pixel_fraction"": 0.0, ""tiny_component_pixels"": 0}}"
cstd,feature_cluster_coarse_to_fine_global_pooled_init_flip_avg_coarse_only,benchmark,10,000010,2,partition_invariant,0.9447644613946385,0.8896386179978112,0.5,0.9455270571878087,0.9440018656014684,0.5065193176269531,0.4934806823730469,2,2,0.0,0.0,ok,True,"cluster_a->texture_a,cluster_b->texture_b",cluster_a,cluster_b,0.9447644613946385,0.8896386179978112,0.01440245754419755,0.8896386179978112,best_partition_assignment,1,fpn_2,fpn_2,fpn_2,72x72,133085,129059,133085,129059,133085,129059,0.0,0.0,0.0,0.0,coarsest_pooled_direct,pooled_avg_pool_flip_avg_coarse_only,False,False,architexture_binary_v1,0.9447644613946385,0.8896386179978112,3,3,24x24,"{""cluster_0"": {""cluster_value"": 0, ""component_size_histogram"": {""2610"": 1, ""27"": 1}, ""largest_component_size"": 2610, ""num_1_cell_components"": 0, ""num_2_cell_components"": 0, ""num_components"": 2, ""smallest_component_size"": 27, ""tiny_component_pixel_fraction"": 0.0, ""tiny_component_pixels"": 0}, ""cluster_1"": {""cluster_value"": 1, ""component_size_histogram"": {""2457"": 1, ""90"": 1}, ""largest_component_size"": 2457, ""num_1_cell_components"": 0, ""num_2_cell_components"": 0, ""num_components"": 2, ""smallest_component_size"": 90, ""tiny_component_pixel_fraction"": 0.0, ""tiny_component_pixels"": 0}}"
cstd,feature_cluster_coarse_to_fine_global_pooled_init_flip_avg_coarse_only,benchmark,11,000011,2,partition_invariant,0.4528163149733977,0.09777865116161834,0.5,0.2292915612738752,0.6763410686729202,0.21593475341796875,0.7840652465820312,2,2,0.0,0.0,ok,True,"cluster_a->texture_a,cluster_b->texture_b",cluster_a,cluster_b,0.4528163149733977,0.09777865116161834,0.17274580725917937,0.09777865116161834,best_partition_assignment,1,fpn_2,fpn_2,fpn_2,72x72,66837,195307,66837,195307,66837,195307,0.0,0.0,0.0,0.0,coarsest_pooled_direct,pooled_avg_pool_flip_avg_coarse_only,False,False,architexture_binary_v1,0.4528163149733977,0.09777865116161834,3,3,24x24,"{""cluster_0"": {""cluster_value"": 0, ""component_size_histogram"": {""27"": 3, ""585"": 1, ""648"": 1, ""9"": 1}, ""largest_component_size"": 648, ""num_1_cell_components"": 0, ""num_2_cell_components"": 0, ""num_components"": 6, ""smallest_component_size"": 9, ""tiny_component_pixel_fraction"": 0.0, ""tiny_component_pixels"": 0}, ""cluster_1"": {""cluster_value"": 1, ""component_size_histogram"": {""3861"": 1}, ""largest_component_size"": 3861, ""num_1_cell_components"": 0, ""num_2_cell_components"": 0, ""num_components"": 1, ""smallest_component_size"": 3861, ""tiny_component_pixel_fraction"": 0.0, ""tiny_component_pixels"": 0}}"
cstd,feature_cluster_coarse_to_fine_global_pooled_init_flip_avg_coarse_only,benchmark,12,000012,2,partition_invariant,0.9508561482843934,0.9127748338445445,0.5,0.9684370858742213,0.9332752106945655,0.6855392456054688,0.31446075439453125,2,2,0.0,0.0,ok,True,"cluster_b->texture_a,cluster_a->texture_b",cluster_b,cluster_a,0.011061723086807173,0.9127748338445445,0.9508561482843934,0.9127748338445445,best_partition_assignment,1,fpn_2,fpn_2,fpn_2,72x72,83876,178268,83876,178268,83876,178268,0.0,0.0,0.0,0.0,coarsest_pooled_direct,pooled_avg_pool_flip_avg_coarse_only,False,False,architexture_binary_v1,0.9508561482843934,0.9127748338445445,3,3,24x24,"{""cluster_0"": {""cluster_value"": 0, ""component_size_histogram"": {""1647"": 1, ""9"": 1}, ""largest_component_size"": 1647, ""num_1_cell_components"": 0, ""num_2_cell_components"": 0, ""num_components"": 2, ""smallest_component_size"": 9, ""tiny_component_pixel_fraction"": 0.0, ""tiny_component_pixels"": 0}, ""cluster_1"": {""cluster_value"": 1, ""component_size_histogram"": {""3528"": 1}, ""largest_component_size"": 3528, ""num_1_cell_components"": 0, ""num_2_cell_components"": 0, ""num_components"": 1, ""smallest_component_size"": 3528, ""tiny_component_pixel_fraction"": 0.0, ""tiny_component_pixels"": 0}}"
cstd,feature_cluster_coarse_to_fine_global_pooled_init_flip_avg_coarse_only,benchmark,13,000013,2,partition_invariant,0.6356613288336683,0.30741017391188713,0.5,0.6511385613948949,0.6201840962724416,0.42163848876953125,0.5783615112304688,2,2,0.0,0.0,ok,True,"cluster_b->texture_a,cluster_a->texture_b",cluster_b,cluster_a,0.11280043183009635,0.30741017391188713,0.6356613288336683,0.30741017391188713,best_partition_assignment,1,fpn_2,fpn_2,fpn_2,72x72,96919,165225,96919,165225,96919,165225,0.0,0.0,0.0,0.0,coarsest_pooled_direct,pooled_avg_pool_flip_avg_coarse_only,False,False,architexture_binary_v1,0.6356613288336683,0.30741017391188713,3,3,24x24,"{""cluster_0"": {""cluster_value"": 0, ""component_size_histogram"": {""1197"": 1, ""63"": 1, ""657"": 1}, ""largest_component_size"": 1197, ""num_1_cell_components"": 0, ""num_2_cell_components"": 0, ""num_components"": 3, ""smallest_component_size"": 63, ""tiny_component_pixel_fraction"": 0.0, ""tiny_component_pixels"": 0}, ""cluster_1"": {""cluster_value"": 1, ""component_size_histogram"": {""18"": 2, ""3222"": 1, ""9"": 1}, ""largest_component_size"": 3222, ""num_1_cell_components"": 0, ""num_2_cell_components"": 0, ""num_components"": 4, ""smallest_component_size"": 9, ""tiny_component_pixel_fraction"": 0.0, ""tiny_component_pixels"": 0}}"
cstd,feature_cluster_coarse_to_fine_global_pooled_init_flip_avg_coarse_only,benchmark,14,000014,2,partition_invariant,0.922524739955747,0.8469668557204624,0.5,0.9144250071694867,0.9306244727420072,0.4323883056640625,0.5676116943359375,2,2,0.0,0.0,ok,True,"cluster_a->texture_a,cluster_b->texture_b",cluster_a,cluster_b,0.922524739955747,0.8469668557204624,0.020145981080987467,0.8469668557204624,best_partition_assignment,1,fpn_2,fpn_2,fpn_2,72x72,120298,141846,120298,141846,120298,141846,0.0,0.0,0.0,0.0,coarsest_pooled_direct,pooled_avg_pool_flip_avg_coarse_only,False,False,architexture_binary_v1,0.922524739955747,0.8469668557204624,3,3,24x24,"{""cluster_0"": {""cluster_value"": 0, ""component_size_histogram"": {""135"": 1, ""2241"": 1}, ""largest_component_size"": 2241, ""num_1_cell_components"": 0, ""num_2_cell_components"": 0, ""num_components"": 2, ""smallest_component_size"": 135, ""tiny_component_pixel_fraction"": 0.0, ""tiny_component_pixels"": 0}, ""cluster_1"": {""cluster_value"": 1, ""component_size_histogram"": {""2808"": 1}, ""largest_component_size"": 2808, ""num_1_cell_components"": 0, ""num_2_cell_components"": 0, ""num_components"": 1, ""smallest_component_size"": 2808, ""tiny_component_pixel_fraction"": 0.0, ""tiny_component_pixels"": 0}}"
cstd,feature_cluster_coarse_to_fine_global_pooled_init_flip_avg_coarse_only,benchmark,15,000015,2,partition_invariant,0.650105163456042,0.39284648926900073,0.5,0.5257045431752081,0.7745057837368757,0.3518829345703125,0.6481170654296875,2,2,0.0,0.0,ok,True,"cluster_a->texture_a,cluster_b->texture_b",cluster_a,cluster_b,0.650105163456042,0.39284648926900073,0.09498019173061205,0.39284648926900073,best_partition_assignment,1,fpn_2,fpn_2,fpn_2,72x72,59884,202260,59884,202260,59884,202260,0.0,0.0,0.0,0.0,coarsest_pooled_direct,pooled_avg_pool_flip_avg_coarse_only,False,False,architexture_binary_v1,0.650105163456042,0.39284648926900073,3,3,24x24,"{""cluster_0"": {""cluster_value"": 0, ""component_size_histogram"": {""18"": 1, ""522"": 1, ""54"": 1, ""576"": 1, ""9"": 2}, ""largest_component_size"": 576, ""num_1_cell_components"": 0, ""num_2_cell_components"": 0, ""num_components"": 6, ""smallest_component_size"": 9, ""tiny_component_pixel_fraction"": 0.0, ""tiny_component_pixels"": 0}, ""cluster_1"": {""cluster_value"": 1, ""component_size_histogram"": {""3996"": 1}, ""largest_component_size"": 3996, ""num_1_cell_components"": 0, ""num_2_cell_components"": 0, ""num_components"": 1, ""smallest_component_size"": 3996, ""tiny_component_pixel_fraction"": 0.0, ""tiny_component_pixels"": 0}}"
cstd,feature_cluster_coarse_to_fine_global_pooled_init_flip_avg_coarse_only,benchmark,16,000016,2,partition_invariant,0.35156929291434114,-0.00457067858929382,0.5,0.45613065055561547,0.24700793527306675,0.4192657470703125,0.5807342529296875,2,2,0.0,0.0,ok,True,"cluster_b->texture_a,cluster_a->texture_b",cluster_b,cluster_a,0.2500147617517092,-0.00457067858929382,0.35156929291434114,-0.00457067858929382,best_partition_assignment,1,fpn_2,fpn_2,fpn_2,72x72,48127,214017,48127,214017,48127,214017,0.0,0.0,0.0,0.0,coarsest_pooled_direct,pooled_avg_pool_flip_avg_coarse_only,False,False,architexture_binary_v1,0.35156929291434114,-0.00457067858929382,3,3,24x24,"{""cluster_0"": {""cluster_value"": 0, ""component_size_histogram"": {""36"": 1, ""909"": 1}, ""largest_component_size"": 909, ""num_1_cell_components"": 0, ""num_2_cell_components"": 0, ""num_components"": 2, ""smallest_component_size"": 36, ""tiny_component_pixel_fraction"": 0.0, ""tiny_component_pixels"": 0}, ""cluster_1"": {""cluster_value"": 1, ""component_size_histogram"": {""4239"": 1}, ""largest_component_size"": 4239, ""num_1_cell_components"": 0, ""num_2_cell_components"": 0, ""num_components"": 1, ""smallest_component_size"": 4239, ""tiny_component_pixel_fraction"": 0.0, ""tiny_component_pixels"": 0}}"
cstd,feature_cluster_coarse_to_fine_global_pooled_init_flip_avg_coarse_only,benchmark,17,000017,2,partition_invariant,0.8351729928361793,0.7166972823039469,0.5,0.7678897320142157,0.9024562536581427,0.25103759765625,0.74896240234375,2,2,0.0,0.0,ok,True,"cluster_a->texture_a,cluster_b->texture_b",cluster_a,cluster_b,0.8351729928361793,0.7166972823039469,0.037362456699691377,0.7166972823039469,best_partition_assignment,1,fpn_2,fpn_2,fpn_2,72x72,81436,180708,81436,180708,81436,180708,0.0,0.0,0.0,0.0,coarsest_pooled_direct,pooled_avg_pool_flip_avg_coarse_only,False,False,architexture_binary_v1,0.8351729928361793,0.7166972823039469,3,3,24x24,"{""cluster_0"": {""cluster_value"": 0, ""component_size_histogram"": {""1602"": 1, ""9"": 1}, ""largest_component_size"": 1602, ""num_1_cell_components"": 0, ""num_2_cell_components"": 0, ""num_components"": 2, ""smallest_component_size"": 9, ""tiny_component_pixel_fraction"": 0.0, ""tiny_component_pixels"": 0}, ""cluster_1"": {""cluster_value"": 1, ""component_size_histogram"": {""3573"": 1}, ""largest_component_size"": 3573, ""num_1_cell_components"": 0, ""num_2_cell_components"": 0, ""num_components"": 1, ""smallest_component_size"": 3573, ""tiny_component_pixel_fraction"": 0.0, ""tiny_component_pixels"": 0}}"
cstd,feature_cluster_coarse_to_fine_global_pooled_init_flip_avg_coarse_only,benchmark,18,000018,2,partition_invariant,0.8970158950241747,0.8427222654018613,0.5,0.8376209705493282,0.9564108194990211,0.19472885131835938,0.8052711486816406,2,2,0.0,0.0,ok,True,"cluster_b->texture_a,cluster_a->texture_b",cluster_b,cluster_a,0.018071136726227767,0.8427222654018613,0.8970158950241747,0.8427222654018613,best_partition_assignment,1,fpn_2,fpn_2,fpn_2,72x72,207616,54528,207616,54528,207616,54528,0.0,0.0,0.0,0.0,coarsest_pooled_direct,pooled_avg_pool_flip_avg_coarse_only,False,False,architexture_binary_v1,0.8970158950241747,0.8427222654018613,3,3,24x24,"{""cluster_0"": {""cluster_value"": 0, ""component_size_histogram"": {""4104"": 1}, ""largest_component_size"": 4104, ""num_1_cell_components"": 0, ""num_2_cell_components"": 0, ""num_components"": 1, ""smallest_component_size"": 4104, ""tiny_component_pixel_fraction"": 0.0, ""tiny_component_pixels"": 0}, ""cluster_1"": {""cluster_value"": 1, ""component_size_histogram"": {""1080"": 1}, ""largest_component_size"": 1080, ""num_1_cell_components"": 0, ""num_2_cell_components"": 0, ""num_components"": 1, ""smallest_component_size"": 1080, ""tiny_component_pixel_fraction"": 0.0, ""tiny_component_pixels"": 0}}"
cstd,feature_cluster_coarse_to_fine_global_pooled_init_flip_avg_coarse_only,benchmark,19,000019,2,partition_invariant,0.8367441633047883,0.7383353688298135,0.5,0.7523138862890166,0.9211744403205598,0.19665908813476562,0.8033409118652344,2,2,0.0,0.0,ok,True,"cluster_a->texture_a,cluster_b->texture_b",cluster_a,cluster_b,0.8367441633047883,0.7383353688298135,0.03201597384233752,0.7383353688298135,best_partition_assignment,1,fpn_2,fpn_2,fpn_2,72x72,66397,195747,66397,195747,66397,195747,0.0,0.0,0.0,0.0,coarsest_pooled_direct,pooled_avg_pool_flip_avg_coarse_only,False,False,architexture_binary_v1,0.8367441633047883,0.7383353688298135,3,3,24x24,"{""cluster_0"": {""cluster_value"": 0, ""component_size_histogram"": {""1314"": 1}, ""largest_component_size"": 1314, ""num_1_cell_components"": 0, ""num_2_cell_components"": 0, ""num_components"": 1, ""smallest_component_size"": 1314, ""tiny_component_pixel_fraction"": 0.0, ""tiny_component_pixels"": 0}, ""cluster_1"": {""cluster_value"": 1, ""component_size_histogram"": {""3870"": 1}, ""largest_component_size"": 3870, ""num_1_cell_components"": 0, ""num_2_cell_components"": 0, ""num_components"": 1, ""smallest_component_size"": 3870, ""tiny_component_pixel_fraction"": 0.0, ""tiny_component_pixels"": 0}}"
cstd,feature_cluster_coarse_to_fine_global_pooled_init_flip_avg_coarse_only,benchmark,20,000020,2,partition_invariant,0.3752126733422847,-0.012760297265408957,0.5,0.44073409555076254,0.30969125113380686,0.36562347412109375,0.6343765258789062,2,2,0.0,0.0,ok,True,"cluster_b->texture_a,cluster_a->texture_b",cluster_b,cluster_a,0.23155787536550357,-0.012760297265408957,0.3752126733422847,-0.012760297265408957,best_partition_assignment,1,fpn_2,fpn_2,fpn_2,72x72,56064,206080,56064,206080,56064,206080,0.0,0.0,0.0,0.0,coarsest_pooled_direct,pooled_avg_pool_flip_avg_coarse_only,False,False,architexture_binary_v1,0.3752126733422847,-0.012760297265408957,3,3,24x24,"{""cluster_0"": {""cluster_value"": 0, ""component_size_histogram"": {""1062"": 1, ""18"": 1, ""27"": 1}, ""largest_component_size"": 1062, ""num_1_cell_components"": 0, ""num_2_cell_components"": 0, ""num_components"": 3, ""smallest_component_size"": 18, ""tiny_component_pixel_fraction"": 0.0, ""tiny_component_pixels"": 0}, ""cluster_1"": {""cluster_value"": 1, ""component_size_histogram"": {""4077"": 1}, ""largest_component_size"": 4077, ""num_1_cell_components"": 0, ""num_2_cell_components"": 0, ""num_components"": 1, ""smallest_component_size"": 4077, ""tiny_component_pixel_fraction"": 0.0, ""tiny_component_pixels"": 0}}"
cstd,feature_cluster_coarse_to_fine_global_pooled_init_flip_avg_coarse_only,benchmark,21,000021,2,partition_invariant,0.9525150136300815,0.9173588517017455,0.5,0.9340644561815337,0.9709655710786294,0.2999305725097656,0.7000694274902344,2,2,0.0,0.0,ok,True,"cluster_a->texture_a,cluster_b->texture_b",cluster_a,cluster_b,0.9525150136300815,0.9173588517017455,0.010389984979442513,0.9173588517017455,best_partition_assignment,1,fpn_2,fpn_2,fpn_2,72x72,79566,182578,79566,182578,79566,182578,0.0,0.0,0.0,0.0,coarsest_pooled_direct,pooled_avg_pool_flip_avg_coarse_only,False,False,architexture_binary_v1,0.9525150136300815,0.9173588517017455,3,3,24x24,"{""cluster_0"": {""cluster_value"": 0, ""component_size_histogram"": {""1575"": 1}, ""largest_component_size"": 1575, ""num_1_cell_components"": 0, ""num_2_cell_components"": 0, ""num_components"": 1, ""smallest_component_size"": 1575, ""tiny_component_pixel_fraction"": 0.0, ""tiny_component_pixels"": 0}, ""cluster_1"": {""cluster_value"": 1, ""component_size_histogram"": {""18"": 1, ""3591"": 1}, ""largest_component_size"": 3591, ""num_1_cell_components"": 0, ""num_2_cell_components"": 0, ""num_components"": 2, ""smallest_component_size"": 18, ""tiny_component_pixel_fraction"": 0.0, ""tiny_component_pixels"": 0}}"
cstd,feature_cluster_coarse_to_fine_global_pooled_init_flip_avg_coarse_only,benchmark,22,000022,2,partition_invariant,0.8457156459570756,0.7043812994366002,0.5,0.8158196742853638,0.8756116176287873,0.41007232666015625,0.5899276733398438,2,2,0.0,0.0,ok,True,"cluster_a->texture_a,cluster_b->texture_b",cluster_a,cluster_b,0.8457156459570756,0.7043812994366002,0.04154963978314947,0.7043812994366002,best_partition_assignment,1,fpn_2,fpn_2,fpn_2,72x72,99776,162368,99776,162368,99776,162368,0.0,0.0,0.0,0.0,coarsest_pooled_direct,pooled_avg_pool_flip_avg_coarse_only,False,False,architexture_binary_v1,0.8457156459570756,0.7043812994366002,3,3,24x24,"{""cluster_0"": {""cluster_value"": 0, ""component_size_histogram"": {""1962"": 1, ""9"": 1}, ""largest_component_size"": 1962, ""num_1_cell_components"": 0, ""num_2_cell_components"": 0, ""num_components"": 2, ""smallest_component_size"": 9, ""tiny_component_pixel_fraction"": 0.0, ""tiny_component_pixels"": 0}, ""cluster_1"": {""cluster_value"": 1, ""component_size_histogram"": {""27"": 1, ""3177"": 1, ""9"": 1}, ""largest_component_size"": 3177, ""num_1_cell_components"": 0, ""num_2_cell_components"": 0, ""num_components"": 3, ""smallest_component_size"": 9, ""tiny_component_pixel_fraction"": 0.0, ""tiny_component_pixels"": 0}}"
cstd,feature_cluster_coarse_to_fine_global_pooled_init_flip_avg_coarse_only,benchmark,23,000023,2,partition_invariant,0.507398850630548,0.18373069922883772,0.5,0.3050658978583196,0.7097318034027765,0.3038444519042969,0.6961555480957031,2,2,0.0,0.0,ok,True,"cluster_a->texture_a,cluster_b->texture_b",cluster_a,cluster_b,0.507398850630548,0.18373069922883772,0.14340032726346935,0.18373069922883772,best_partition_assignment,1,fpn_2,fpn_2,fpn_2,72x72,47097,215047,47097,215047,47097,215047,0.0,0.0,0.0,0.0,coarsest_pooled_direct,pooled_avg_pool_flip_avg_coarse_only,False,False,architexture_binary_v1,0.507398850630548,0.18373069922883772,3,3,24x24,"{""cluster_0"": {""cluster_value"": 0, ""component_size_histogram"": {""378"": 1, ""549"": 1}, ""largest_component_size"": 549, ""num_1_cell_components"": 0, ""num_2_cell_components"": 0, ""num_components"": 2, ""smallest_component_size"": 378, ""tiny_component_pixel_fraction"": 0.0, ""tiny_component_pixels"": 0}, ""cluster_1"": {""cluster_value"": 1, ""component_size_histogram"": {""4257"": 1}, ""largest_component_size"": 4257, ""num_1_cell_components"": 0, ""num_2_cell_components"": 0, ""num_components"": 1, ""smallest_component_size"": 4257, ""tiny_component_pixel_fraction"": 0.0, ""tiny_component_pixels"": 0}}"
cstd,feature_cluster_coarse_to_fine_global_pooled_init_flip_avg_coarse_only,benchmark,24,000024,2,partition_invariant,0.9489367849669443,0.9118214316204992,0.5,0.9284904932076552,0.9693830767262336,0.2888946533203125,0.7111053466796875,2,2,0.0,0.0,ok,True,"cluster_a->texture_a,cluster_b->texture_b",cluster_a,cluster_b,0.9489367849669443,0.9118214316204992,0.011032326673397739,0.9118214316204992,best_partition_assignment,1,fpn_2,fpn_2,fpn_2,72x72,79147,182997,79147,182997,79147,182997,0.0,0.0,0.0,0.0,coarsest_pooled_direct,pooled_avg_pool_flip_avg_coarse_only,False,False,architexture_binary_v1,0.9489367849669443,0.9118214316204992,3,3,24x24,"{""cluster_0"": {""cluster_value"": 0, ""component_size_histogram"": {""1557"": 1, ""9"": 1}, ""largest_component_size"": 1557, ""num_1_cell_components"": 0, ""num_2_cell_components"": 0, ""num_components"": 2, ""smallest_component_size"": 9, ""tiny_component_pixel_fraction"": 0.0, ""tiny_component_pixels"": 0}, ""cluster_1"": {""cluster_value"": 1, ""component_size_histogram"": {""3618"": 1}, ""largest_component_size"": 3618, ""num_1_cell_components"": 0, ""num_2_cell_components"": 0, ""num_components"": 1, ""smallest_component_size"": 3618, ""tiny_component_pixel_fraction"": 0.0, ""tiny_component_pixels"": 0}}"
cstd,feature_cluster_coarse_to_fine_global_pooled_init_flip_avg_coarse_only,benchmark,25,000025,2,partition_invariant,0.3198232892717028,-0.05319413292614032,0.5,0.06354793404192603,0.5760986445014795,0.24417495727539062,0.7558250427246094,2,2,0.0,0.0,ok,True,"cluster_a->texture_a,cluster_b->texture_b",cluster_a,cluster_b,0.3198232892717028,-0.05319413292614032,0.2593622116742148,-0.05319413292614032,best_partition_assignment,1,fpn_2,fpn_2,fpn_2,72x72,58667,203477,58667,203477,58667,203477,0.0,0.0,0.0,0.0,coarsest_pooled_direct,pooled_avg_pool_flip_avg_coarse_only,False,False,architexture_binary_v1,0.3198232892717028,-0.05319413292614032,3,3,24x24,"{""cluster_0"": {""cluster_value"": 0, ""component_size_histogram"": {""18"": 1, ""27"": 1, ""36"": 1, ""378"": 1, ""495"": 1, ""54"": 1, ""63"": 1, ""90"": 1}, ""largest_component_size"": 495, ""num_1_cell_components"": 0, ""num_2_cell_components"": 0, ""num_components"": 8, ""smallest_component_size"": 18, ""tiny_component_pixel_fraction"": 0.0, ""tiny_component_pixels"": 0}, ""cluster_1"": {""cluster_value"": 1, ""component_size_histogram"": {""4023"": 1}, ""largest_component_size"": 4023, ""num_1_cell_components"": 0, ""num_2_cell_components"": 0, ""num_components"": 1, ""smallest_component_size"": 4023, ""tiny_component_pixel_fraction"": 0.0, ""tiny_component_pixels"": 0}}"
cstd,feature_cluster_coarse_to_fine_global_pooled_init_flip_avg_coarse_only,benchmark,26,000026,2,partition_invariant,0.9639124805564736,0.9295681117677124,0.5,0.9695575244181449,0.9582674366948023,0.5803718566894531,0.4196281433105469,2,2,0.0,0.0,ok,True,"cluster_b->texture_a,cluster_a->texture_b",cluster_b,cluster_a,0.009039223945525497,0.9295681117677124,0.9639124805564736,0.9295681117677124,best_partition_assignment,1,fpn_2,fpn_2,fpn_2,72x72,110400,151744,110400,151744,110400,151744,0.0,0.0,0.0,0.0,coarsest_pooled_direct,pooled_avg_pool_flip_avg_coarse_only,False,False,architexture_binary_v1,0.9639124805564736,0.9295681117677124,3,3,24x24,"{""cluster_0"": {""cluster_value"": 0, ""component_size_histogram"": {""2187"": 1}, ""largest_component_size"": 2187, ""num_1_cell_components"": 0, ""num_2_cell_components"": 0, ""num_components"": 1, ""smallest_component_size"": 2187, ""tiny_component_pixel_fraction"": 0.0, ""tiny_component_pixels"": 0}, ""cluster_1"": {""cluster_value"": 1, ""component_size_histogram"": {""2997"": 1}, ""largest_component_size"": 2997, ""num_1_cell_components"": 0, ""num_2_cell_components"": 0, ""num_components"": 1, ""smallest_component_size"": 2997, ""tiny_component_pixel_fraction"": 0.0, ""tiny_component_pixels"": 0}}"
cstd,feature_cluster_coarse_to_fine_global_pooled_init_flip_avg_coarse_only,benchmark,27,000027,2,partition_invariant,0.8821706635586586,0.8032036526899666,0.5,0.8288027223544112,0.9355386047629058,0.24557876586914062,0.7544212341308594,2,2,0.0,0.0,ok,True,"cluster_a->texture_a,cluster_b->texture_b",cluster_a,cluster_b,0.8821706635586586,0.8032036526899666,0.024893000485954137,0.8032036526899666,best_partition_assignment,1,fpn_2,fpn_2,fpn_2,72x72,73202,188942,73202,188942,73202,188942,0.0,0.0,0.0,0.0,coarsest_pooled_direct,pooled_avg_pool_flip_avg_coarse_only,False,False,architexture_binary_v1,0.8821706635586586,0.8032036526899666,3,3,24x24,"{""cluster_0"": {""cluster_value"": 0, ""component_size_histogram"": {""1269"": 1, ""18"": 4, ""27"": 1, ""36"": 1, ""9"": 5}, ""largest_component_size"": 1269, ""num_1_cell_components"": 0, ""num_2_cell_components"": 0, ""num_components"": 12, ""smallest_component_size"": 9, ""tiny_component_pixel_fraction"": 0.0, ""tiny_component_pixels"": 0}, ""cluster_1"": {""cluster_value"": 1, ""component_size_histogram"": {""18"": 1, ""3717"": 1}, ""largest_component_size"": 3717, ""num_1_cell_components"": 0, ""num_2_cell_components"": 0, ""num_components"": 2, ""smallest_component_size"": 18, ""tiny_component_pixel_fraction"": 0.0, ""tiny_component_pixels"": 0}}"
cstd,feature_cluster_coarse_to_fine_global_pooled_init_flip_avg_coarse_only,benchmark,28,000028,2,partition_invariant,0.9468198928588685,0.9255702400249153,0.5,0.9111034798534798,0.9825363058642572,0.15578842163085938,0.8442115783691406,2,2,0.0,0.0,ok,True,"cluster_a->texture_a,cluster_b->texture_b",cluster_a,cluster_b,0.9468198928588685,0.9255702400249153,0.007449635043637341,0.9255702400249153,best_partition_assignment,1,fpn_2,fpn_2,fpn_2,72x72,42638,219506,42638,219506,42638,219506,0.0,0.0,0.0,0.0,coarsest_pooled_direct,pooled_avg_pool_flip_avg_coarse_only,False,False,architexture_binary_v1,0.9468198928588685,0.9255702400249153,3,3,24x24,"{""cluster_0"": {""cluster_value"": 0, ""component_size_histogram"": {""846"": 1}, ""largest_component_size"": 846, ""num_1_cell_components"": 0, ""num_2_cell_components"": 0, ""num_components"": 1, ""smallest_component_size"": 846, ""tiny_component_pixel_fraction"": 0.0, ""tiny_component_pixels"": 0}, ""cluster_1"": {""cluster_value"": 1, ""component_size_histogram"": {""4338"": 1}, ""largest_component_size"": 4338, ""num_1_cell_components"": 0, ""num_2_cell_components"": 0, ""num_components"": 1, ""smallest_component_size"": 4338, ""tiny_component_pixel_fraction"": 0.0, ""tiny_component_pixels"": 0}}"
cstd,feature_cluster_coarse_to_fine_global_pooled_init_flip_avg_coarse_only,benchmark,29,000029,2,partition_invariant,0.7087730819964313,0.46706570310102596,0.5,0.7833069180145477,0.6342392459783148,0.7263641357421875,0.2736358642578125,2,2,0.0,0.0,ok,True,"cluster_b->texture_a,cluster_a->texture_b",cluster_b,cluster_a,0.07884217094485031,0.46706570310102596,0.7087730819964313,0.46706570310102596,best_partition_assignment,1,fpn_2,fpn_2,fpn_2,72x72,112754,149390,112754,149390,112754,149390,0.0,0.0,0.0,0.0,coarsest_pooled_direct,pooled_avg_pool_flip_avg_coarse_only,False,False,architexture_binary_v1,0.7087730819964313,0.46706570310102596,3,3,24x24,"{""cluster_0"": {""cluster_value"": 0, ""component_size_histogram"": {""2196"": 1, ""27"": 1, ""9"": 1}, ""largest_component_size"": 2196, ""num_1_cell_components"": 0, ""num_2_cell_components"": 0, ""num_components"": 3, ""smallest_component_size"": 9, ""tiny_component_pixel_fraction"": 0.0, ""tiny_component_pixels"": 0}, ""cluster_1"": {""cluster_value"": 1, ""component_size_histogram"": {""2952"": 1}, ""largest_component_size"": 2952, ""num_1_cell_components"": 0, ""num_2_cell_components"": 0, ""num_components"": 1, ""smallest_component_size"": 2952, ""tiny_component_pixel_fraction"": 0.0, ""tiny_component_pixels"": 0}}"
cstd,feature_cluster_coarse_to_fine_global_pooled_init_flip_avg_coarse_only,benchmark,30,000030,2,partition_invariant,0.8322332233507586,0.7154877686810495,0.5,0.7602931478555164,0.9041732988460008,0.23374557495117188,0.7662544250488281,2,2,0.0,0.0,ok,True,"cluster_a->texture_a,cluster_b->texture_b",cluster_a,cluster_b,0.8322332233507586,0.7154877686810495,0.036794466311018785,0.7154877686810495,best_partition_assignment,1,fpn_2,fpn_2,fpn_2,72x72,80198,181946,80198,181946,80198,181946,0.0,0.0,0.0,0.0,coarsest_pooled_direct,pooled_avg_pool_flip_avg_coarse_only,False,False,architexture_binary_v1,0.8322332233507586,0.7154877686810495,3,3,24x24,"{""cluster_0"": {""cluster_value"": 0, ""component_size_histogram"": {""1584"": 1}, ""largest_component_size"": 1584, ""num_1_cell_components"": 0, ""num_2_cell_components"": 0, ""num_components"": 1, ""smallest_component_size"": 1584, ""tiny_component_pixel_fraction"": 0.0, ""tiny_component_pixels"": 0}, ""cluster_1"": {""cluster_value"": 1, ""component_size_histogram"": {""3033"": 1, ""567"": 1}, ""largest_component_size"": 3033, ""num_1_cell_components"": 0, ""num_2_cell_components"": 0, ""num_components"": 2, ""smallest_component_size"": 567, ""tiny_component_pixel_fraction"": 0.0, ""tiny_component_pixels"": 0}}"
cstd,feature_cluster_coarse_to_fine_global_pooled_init_flip_avg_coarse_only,benchmark,31,000031,2,partition_invariant,0.7821270855754076,0.638730916814075,0.5,0.6810103508886141,0.883243820262201,0.19957351684570312,0.8004264831542969,2,2,0.0,0.0,ok,True,"cluster_a->texture_a,cluster_b->texture_b",cluster_a,cluster_b,0.7821270855754076,0.638730916814075,0.04673453807687271,0.638730916814075,best_partition_assignment,1,fpn_2,fpn_2,fpn_2,72x72,76793,185351,76793,185351,76793,185351,0.0,0.0,0.0,0.0,coarsest_pooled_direct,pooled_avg_pool_flip_avg_coarse_only,False,False,architexture_binary_v1,0.7821270855754076,0.638730916814075,3,3,24x24,"{""cluster_0"": {""cluster_value"": 0, ""component_size_histogram"": {""1521"": 1}, ""largest_component_size"": 1521, ""num_1_cell_components"": 0, ""num_2_cell_components"": 0, ""num_components"": 1, ""smallest_component_size"": 1521, ""tiny_component_pixel_fraction"": 0.0, ""tiny_component_pixels"": 0}, ""cluster_1"": {""cluster_value"": 1, ""component_size_histogram"": {""3654"": 1, ""9"": 1}, ""largest_component_size"": 3654, ""num_1_cell_components"": 0, ""num_2_cell_components"": 0, ""num_components"": 2, ""smallest_component_size"": 9, ""tiny_component_pixel_fraction"": 0.0, ""tiny_component_pixels"": 0}}"
cstd,feature_cluster_coarse_to_fine_global_pooled_init_flip_avg_coarse_only,benchmark,32,000032,2,partition_invariant,0.9287907147629166,0.8870352130904574,0.5,0.8917314903771655,0.9658499391486679,0.22571563720703125,0.7742843627929688,2,2,0.0,0.0,ok,True,"cluster_b->texture_a,cluster_a->texture_b",cluster_b,cluster_a,0.013455048366852011,0.8870352130904574,0.9287907147629166,0.8870352130904574,best_partition_assignment,1,fpn_2,fpn_2,fpn_2,72x72,199233,62911,199233,62911,199233,62911,0.0,0.0,0.0,0.0,coarsest_pooled_direct,pooled_avg_pool_flip_avg_coarse_only,False,False,architexture_binary_v1,0.9287907147629166,0.8870352130904574,3,3,24x24,"{""cluster_0"": {""cluster_value"": 0, ""component_size_histogram"": {""3942"": 1}, ""largest_component_size"": 3942, ""num_1_cell_components"": 0, ""num_2_cell_components"": 0, ""num_components"": 1, ""smallest_component_size"": 3942, ""tiny_component_pixel_fraction"": 0.0, ""tiny_component_pixels"": 0}, ""cluster_1"": {""cluster_value"": 1, ""component_size_histogram"": {""1242"": 1}, ""largest_component_size"": 1242, ""num_1_cell_components"": 0, ""num_2_cell_components"": 0, ""num_components"": 1, ""smallest_component_size"": 1242, ""tiny_component_pixel_fraction"": 0.0, ""tiny_component_pixels"": 0}}"
cstd,feature_cluster_coarse_to_fine_global_pooled_init_flip_avg_coarse_only,benchmark,33,000033,2,partition_invariant,0.41576565095425333,0.0700542721958061,0.5,0.6281878858250286,0.203343416083478,0.8544387817382812,0.14556121826171875,2,2,0.0,0.0,ok,True,"cluster_b->texture_a,cluster_a->texture_b",cluster_b,cluster_a,0.19006303567102623,0.0700542721958061,0.41576565095425333,0.0700542721958061,best_partition_assignment,1,fpn_2,fpn_2,fpn_2,72x72,96306,165838,96306,165838,96306,165838,0.0,0.0,0.0,0.0,coarsest_pooled_direct,pooled_avg_pool_flip_avg_coarse_only,False,False,architexture_binary_v1,0.41576565095425333,0.0700542721958061,3,3,24x24,"{""cluster_0"": {""cluster_value"": 0, ""component_size_histogram"": {""18"": 3, ""882"": 1, ""9"": 4, ""936"": 1}, ""largest_component_size"": 936, ""num_1_cell_components"": 0, ""num_2_cell_components"": 0, ""num_components"": 9, ""smallest_component_size"": 9, ""tiny_component_pixel_fraction"": 0.0, ""tiny_component_pixels"": 0}, ""cluster_1"": {""cluster_value"": 1, ""component_size_histogram"": {""18"": 1, ""3222"": 1, ""36"": 1}, ""largest_component_size"": 3222, ""num_1_cell_components"": 0, ""num_2_cell_components"": 0, ""num_components"": 3, ""smallest_component_size"": 18, ""tiny_component_pixel_fraction"": 0.0, ""tiny_component_pixels"": 0}}"
cstd,feature_cluster_coarse_to_fine_global_pooled_init_flip_avg_coarse_only,benchmark,34,000034,2,partition_invariant,0.7093539094277254,0.4975793614331587,0.5,0.5997984951445905,0.8189093237108602,0.21487808227539062,0.7851219177246094,2,2,0.0,0.0,ok,True,"cluster_a->texture_a,cluster_b->texture_b",cluster_a,cluster_b,0.7093539094277254,0.4975793614331587,0.07143152965514137,0.4975793614331587,best_partition_assignment,1,fpn_2,fpn_2,fpn_2,72x72,92929,169215,92929,169215,92929,169215,0.0,0.0,0.0,0.0,coarsest_pooled_direct,pooled_avg_pool_flip_avg_coarse_only,False,False,architexture_binary_v1,0.7093539094277254,0.4975793614331587,3,3,24x24,"{""cluster_0"": {""cluster_value"": 0, ""component_size_histogram"": {""1818"": 1, ""9"": 2}, ""largest_component_size"": 1818, ""num_1_cell_components"": 0, ""num_2_cell_components"": 0, ""num_components"": 3, ""smallest_component_size"": 9, ""tiny_component_pixel_fraction"": 0.0, ""tiny_component_pixels"": 0}, ""cluster_1"": {""cluster_value"": 1, ""component_size_histogram"": {""3348"": 1}, ""largest_component_size"": 3348, ""num_1_cell_components"": 0, ""num_2_cell_components"": 0, ""num_components"": 1, ""smallest_component_size"": 3348, ""tiny_component_pixel_fraction"": 0.0, ""tiny_component_pixels"": 0}}"
cstd,feature_cluster_coarse_to_fine_global_pooled_init_flip_avg_coarse_only,benchmark,35,000035,2,partition_invariant,0.7216942357582641,0.4865825645936658,0.5,0.7895413059239988,0.6538471655925293,0.7112655639648438,0.28873443603515625,2,2,0.0,0.0,ok,True,"cluster_b->texture_a,cluster_a->texture_b",cluster_b,cluster_a,0.07597764417761738,0.4865825645936658,0.7216942357582641,0.4865825645936658,best_partition_assignment,1,fpn_2,fpn_2,fpn_2,72x72,112923,149221,112923,149221,112923,149221,0.0,0.0,0.0,0.0,coarsest_pooled_direct,pooled_avg_pool_flip_avg_coarse_only,False,False,architexture_binary_v1,0.7216942357582641,0.4865825645936658,3,3,24x24,"{""cluster_0"": {""cluster_value"": 0, ""component_size_histogram"": {""1548"": 1, ""684"": 1}, ""largest_component_size"": 1548, ""num_1_cell_components"": 0, ""num_2_cell_components"": 0, ""num_components"": 2, ""smallest_component_size"": 684, ""tiny_component_pixel_fraction"": 0.0, ""tiny_component_pixels"": 0}, ""cluster_1"": {""cluster_value"": 1, ""component_size_histogram"": {""2952"": 1}, ""largest_component_size"": 2952, ""num_1_cell_components"": 0, ""num_2_cell_components"": 0, ""num_components"": 1, ""smallest_component_size"": 2952, ""tiny_component_pixel_fraction"": 0.0, ""tiny_component_pixels"": 0}}"
cstd,feature_cluster_coarse_to_fine_global_pooled_init_flip_avg_coarse_only,benchmark,36,000036,2,partition_invariant,0.9279501495491331,0.867704612511332,0.5,0.9064298565882093,0.9494704425100571,0.3419761657714844,0.6580238342285156,2,2,0.0,0.0,ok,True,"cluster_b->texture_a,cluster_a->texture_b",cluster_b,cluster_a,0.01724144124415304,0.867704612511332,0.9279501495491331,0.867704612511332,best_partition_assignment,1,fpn_2,fpn_2,fpn_2,72x72,170602,91542,170602,91542,170602,91542,0.0,0.0,0.0,0.0,coarsest_pooled_direct,pooled_avg_pool_flip_avg_coarse_only,False,False,architexture_binary_v1,0.9279501495491331,0.867704612511332,3,3,24x24,"{""cluster_0"": {""cluster_value"": 0, ""component_size_histogram"": {""3375"": 1}, ""largest_component_size"": 3375, ""num_1_cell_components"": 0, ""num_2_cell_components"": 0, ""num_components"": 1, ""smallest_component_size"": 3375, ""tiny_component_pixel_fraction"": 0.0, ""tiny_component_pixels"": 0}, ""cluster_1"": {""cluster_value"": 1, ""component_size_histogram"": {""1809"": 1}, ""largest_component_size"": 1809, ""num_1_cell_components"": 0, ""num_2_cell_components"": 0, ""num_components"": 1, ""smallest_component_size"": 1809, ""tiny_component_pixel_fraction"": 0.0, ""tiny_component_pixels"": 0}}"
cstd,feature_cluster_coarse_to_fine_global_pooled_init_flip_avg_coarse_only,benchmark,37,000037,2,partition_invariant,0.8887351300612385,0.7787227464558845,0.5,0.8939437744369183,0.8835264856855586,0.52569580078125,0.47430419921875,2,2,0.0,0.0,ok,True,"cluster_b->texture_a,cluster_a->texture_b",cluster_b,cluster_a,0.030275374354285407,0.7787227464558845,0.8887351300612385,0.7787227464558845,best_partition_assignment,1,fpn_2,fpn_2,fpn_2,72x72,124815,137329,124815,137329,124815,137329,0.0,0.0,0.0,0.0,coarsest_pooled_direct,pooled_avg_pool_flip_avg_coarse_only,False,False,architexture_binary_v1,0.8887351300612385,0.7787227464558845,3,3,24x24,"{""cluster_0"": {""cluster_value"": 0, ""component_size_histogram"": {""18"": 1, ""2376"": 1, ""72"": 1}, ""largest_component_size"": 2376, ""num_1_cell_components"": 0, ""num_2_cell_components"": 0, ""num_components"": 3, ""smallest_component_size"": 18, ""tiny_component_pixel_fraction"": 0.0, ""tiny_component_pixels"": 0}, ""cluster_1"": {""cluster_value"": 1, ""component_size_histogram"": {""2718"": 1}, ""largest_component_size"": 2718, ""num_1_cell_components"": 0, ""num_2_cell_components"": 0, ""num_components"": 1, ""smallest_component_size"": 2718, ""tiny_component_pixel_fraction"": 0.0, ""tiny_component_pixels"": 0}}"
cstd,feature_cluster_coarse_to_fine_global_pooled_init_flip_avg_coarse_only,benchmark,38,000038,2,partition_invariant,0.9554327685824178,0.9242657737756234,0.5,0.9365487841332969,0.9743167530315385,0.28570556640625,0.71429443359375,2,2,0.0,0.0,ok,True,"cluster_a->texture_a,cluster_b->texture_b",cluster_a,cluster_b,0.9554327685824178,0.9242657737756234,0.009396895091282238,0.9242657737756234,best_partition_assignment,1,fpn_2,fpn_2,fpn_2,72x72,74104,188040,74104,188040,74104,188040,0.0,0.0,0.0,0.0,coarsest_pooled_direct,pooled_avg_pool_flip_avg_coarse_only,False,False,architexture_binary_v1,0.9554327685824178,0.9242657737756234,3,3,24x24,"{""cluster_0"": {""cluster_value"": 0, ""component_size_histogram"": {""1467"": 1}, ""largest_component_size"": 1467, ""num_1_cell_components"": 0, ""num_2_cell_components"": 0, ""num_components"": 1, ""smallest_component_size"": 1467, ""tiny_component_pixel_fraction"": 0.0, ""tiny_component_pixels"": 0}, ""cluster_1"": {""cluster_value"": 1, ""component_size_histogram"": {""3717"": 1}, ""largest_component_size"": 3717, ""num_1_cell_components"": 0, ""num_2_cell_components"": 0, ""num_components"": 1, ""smallest_component_size"": 3717, ""tiny_component_pixel_fraction"": 0.0, ""tiny_component_pixels"": 0}}"
cstd,feature_cluster_coarse_to_fine_global_pooled_init_flip_avg_coarse_only,benchmark,39,000039,2,partition_invariant,0.9111838958817067,0.8481307909942194,0.5,0.8741539043297409,0.9482138874336724,0.28643035888671875,0.7135696411132812,2,2,0.0,0.0,ok,True,"cluster_a->texture_a,cluster_b->texture_b",cluster_a,cluster_b,0.9111838958817067,0.8481307909942194,0.0194044568046325,0.8481307909942194,best_partition_assignment,1,fpn_2,fpn_2,fpn_2,72x72,73600,188544,73600,188544,73600,188544,0.0,0.0,0.0,0.0,coarsest_pooled_direct,pooled_avg_pool_flip_avg_coarse_only,False,False,architexture_binary_v1,0.9111838958817067,0.8481307909942194,3,3,24x24,"{""cluster_0"": {""cluster_value"": 0, ""component_size_histogram"": {""1458"": 1}, ""largest_component_size"": 1458, ""num_1_cell_components"": 0, ""num_2_cell_components"": 0, ""num_components"": 1, ""smallest_component_size"": 1458, ""tiny_component_pixel_fraction"": 0.0, ""tiny_component_pixels"": 0}, ""cluster_1"": {""cluster_value"": 1, ""component_size_histogram"": {""3627"": 1, ""99"": 1}, ""largest_component_size"": 3627, ""num_1_cell_components"": 0, ""num_2_cell_components"": 0, ""num_components"": 2, ""smallest_component_size"": 99, ""tiny_component_pixel_fraction"": 0.0, ""tiny_component_pixels"": 0}}"
cstd,feature_cluster_coarse_to_fine_global_pooled_init_flip_avg_coarse_only,benchmark,40,000040,2,partition_invariant,0.5660977943743541,0.20349047151287578,0.5,0.5241054139367092,0.6080901748119992,0.3212089538574219,0.6787910461425781,2,2,0.0,0.0,ok,True,"cluster_b->texture_a,cluster_a->texture_b",cluster_b,cluster_a,0.14279053210088208,0.20349047151287578,0.5660977943743541,0.20349047151287578,best_partition_assignment,1,fpn_2,fpn_2,fpn_2,72x72,116518,145626,116518,145626,116518,145626,0.0,0.0,0.0,0.0,coarsest_pooled_direct,pooled_avg_pool_flip_avg_coarse_only,False,False,architexture_binary_v1,0.5660977943743541,0.20349047151287578,3,3,24x24,"{""cluster_0"": {""cluster_value"": 0, ""component_size_histogram"": {""1638"": 1, ""18"": 3, ""54"": 1, ""558"": 1}, ""largest_component_size"": 1638, ""num_1_cell_components"": 0, ""num_2_cell_components"": 0, ""num_components"": 6, ""smallest_component_size"": 18, ""tiny_component_pixel_fraction"": 0.0, ""tiny_component_pixels"": 0}, ""cluster_1"": {""cluster_value"": 1, ""component_size_histogram"": {""2007"": 1, ""315"": 1, ""549"": 1, ""9"": 1}, ""largest_component_size"": 2007, ""num_1_cell_components"": 0, ""num_2_cell_components"": 0, ""num_components"": 4, ""smallest_component_size"": 9, ""tiny_component_pixel_fraction"": 0.0, ""tiny_component_pixels"": 0}}"
cstd,feature_cluster_coarse_to_fine_global_pooled_init_flip_avg_coarse_only,benchmark,41,000041,2,partition_invariant,0.5153917516839837,0.1653168477497724,0.5,0.6388453887501587,0.3919381146178087,0.7399749755859375,0.2600250244140625,2,2,0.0,0.0,ok,True,"cluster_b->texture_a,cluster_a->texture_b",cluster_b,cluster_a,0.16512138327467812,0.1653168477497724,0.5153917516839837,0.1653168477497724,best_partition_assignment,1,fpn_2,fpn_2,fpn_2,72x72,107635,154509,107635,154509,107635,154509,0.0,0.0,0.0,0.0,coarsest_pooled_direct,pooled_avg_pool_flip_avg_coarse_only,False,False,architexture_binary_v1,0.5153917516839837,0.1653168477497724,3,3,24x24,"{""cluster_0"": {""cluster_value"": 0, ""component_size_histogram"": {""18"": 1, ""2043"": 1, ""45"": 1, ""9"": 2}, ""largest_component_size"": 2043, ""num_1_cell_components"": 0, ""num_2_cell_components"": 0, ""num_components"": 5, ""smallest_component_size"": 9, ""tiny_component_pixel_fraction"": 0.0, ""tiny_component_pixels"": 0}, ""cluster_1"": {""cluster_value"": 1, ""component_size_histogram"": {""18"": 2, ""2835"": 1, ""36"": 1, ""45"": 1, ""81"": 1, ""9"": 3}, ""largest_component_size"": 2835, ""num_1_cell_components"": 0, ""num_2_cell_components"": 0, ""num_components"": 9, ""smallest_component_size"": 9, ""tiny_component_pixel_fraction"": 0.0, ""tiny_component_pixels"": 0}}"
cstd,feature_cluster_coarse_to_fine_global_pooled_init_flip_avg_coarse_only,benchmark,42,000042,2,partition_invariant,0.38651296296633425,0.022499768090853182,0.5,0.20440620213198288,0.5686197238006856,0.31897735595703125,0.6810226440429688,2,2,0.0,0.0,ok,True,"cluster_a->texture_a,cluster_b->texture_b",cluster_a,cluster_b,0.38651296296633425,0.022499768090853182,0.24022326660914076,0.022499768090853182,best_partition_assignment,1,fpn_2,fpn_2,fpn_2,72x72,70493,191651,70493,191651,70493,191651,0.0,0.0,0.0,0.0,coarsest_pooled_direct,pooled_avg_pool_flip_avg_coarse_only,False,False,architexture_binary_v1,0.38651296296633425,0.022499768090853182,3,3,24x24,"{""cluster_0"": {""cluster_value"": 0, ""component_size_histogram"": {""522"": 1, ""873"": 1}, ""largest_component_size"": 873, ""num_1_cell_components"": 0, ""num_2_cell_components"": 0, ""num_components"": 2, ""smallest_component_size"": 522, ""tiny_component_pixel_fraction"": 0.0, ""tiny_component_pixels"": 0}, ""cluster_1"": {""cluster_value"": 1, ""component_size_histogram"": {""3789"": 1}, ""largest_component_size"": 3789, ""num_1_cell_components"": 0, ""num_2_cell_components"": 0, ""num_components"": 1, ""smallest_component_size"": 3789, ""tiny_component_pixel_fraction"": 0.0, ""tiny_component_pixels"": 0}}"
cstd,feature_cluster_coarse_to_fine_global_pooled_init_flip_avg_coarse_only,benchmark,43,000043,2,partition_invariant,0.9279080904420902,0.8753730703425712,0.5,0.8991055147602385,0.9567106661239421,0.2844734191894531,0.7155265808105469,2,2,0.0,0.0,ok,True,"cluster_b->texture_a,cluster_a->texture_b",cluster_b,cluster_a,0.015774991284273295,0.8753730703425712,0.9279080904420902,0.8753730703425712,best_partition_assignment,1,fpn_2,fpn_2,fpn_2,72x72,182578,79566,182578,79566,182578,79566,0.0,0.0,0.0,0.0,coarsest_pooled_direct,pooled_avg_pool_flip_avg_coarse_only,False,False,architexture_binary_v1,0.9279080904420902,0.8753730703425712,3,3,24x24,"{""cluster_0"": {""cluster_value"": 0, ""component_size_histogram"": {""3609"": 1}, ""largest_component_size"": 3609, ""num_1_cell_components"": 0, ""num_2_cell_components"": 0, ""num_components"": 1, ""smallest_component_size"": 3609, ""tiny_component_pixel_fraction"": 0.0, ""tiny_component_pixels"": 0}, ""cluster_1"": {""cluster_value"": 1, ""component_size_histogram"": {""1575"": 1}, ""largest_component_size"": 1575, ""num_1_cell_components"": 0, ""num_2_cell_components"": 0, ""num_components"": 1, ""smallest_component_size"": 1575, ""tiny_component_pixel_fraction"": 0.0, ""tiny_component_pixels"": 0}}"
cstd,feature_cluster_coarse_to_fine_global_pooled_init_flip_avg_coarse_only,benchmark,44,000044,2,partition_invariant,0.87372692666364,0.8214304210942454,0.5,0.7869733245357715,0.9604805287915086,0.12900924682617188,0.8709907531738281,2,2,0.0,0.0,ok,True,"cluster_a->texture_a,cluster_b->texture_b",cluster_a,cluster_b,0.87372692666364,0.8214304210942454,0.017296417506199112,0.8214304210942454,best_partition_assignment,1,fpn_2,fpn_2,fpn_2,72x72,42013,220131,42013,220131,42013,220131,0.0,0.0,0.0,0.0,coarsest_pooled_direct,pooled_avg_pool_flip_avg_coarse_only,False,False,architexture_binary_v1,0.87372692666364,0.8214304210942454,3,3,24x24,"{""cluster_0"": {""cluster_value"": 0, ""component_size_histogram"": {""828"": 1}, ""largest_component_size"": 828, ""num_1_cell_components"": 0, ""num_2_cell_components"": 0, ""num_components"": 1, ""smallest_component_size"": 828, ""tiny_component_pixel_fraction"": 0.0, ""tiny_component_pixels"": 0}, ""cluster_1"": {""cluster_value"": 1, ""component_size_histogram"": {""4356"": 1}, ""largest_component_size"": 4356, ""num_1_cell_components"": 0, ""num_2_cell_components"": 0, ""num_components"": 1, ""smallest_component_size"": 4356, ""tiny_component_pixel_fraction"": 0.0, ""tiny_component_pixels"": 0}}"
cstd,feature_cluster_coarse_to_fine_global_pooled_init_flip_avg_coarse_only,benchmark,45,000045,2,partition_invariant,0.311204494540961,-0.01843575471458013,0.5,0.13367969594476795,0.488729293137154,0.303863525390625,0.696136474609375,2,2,0.0,0.0,ok,True,"cluster_a->texture_a,cluster_b->texture_b",cluster_a,cluster_b,0.311204494540961,-0.01843575471458013,0.31047130830137104,-0.01843575471458013,best_partition_assignment,1,fpn_2,fpn_2,fpn_2,72x72,82908,179236,82908,179236,82908,179236,0.0,0.0,0.0,0.0,coarsest_pooled_direct,pooled_avg_pool_flip_avg_coarse_only,False,False,architexture_binary_v1,0.311204494540961,-0.01843575471458013,3,3,24x24,"{""cluster_0"": {""cluster_value"": 0, ""component_size_histogram"": {""810"": 1, ""828"": 1}, ""largest_component_size"": 828, ""num_1_cell_components"": 0, ""num_2_cell_components"": 0, ""num_components"": 2, ""smallest_component_size"": 810, ""tiny_component_pixel_fraction"": 0.0, ""tiny_component_pixels"": 0}, ""cluster_1"": {""cluster_value"": 1, ""component_size_histogram"": {""3546"": 1}, ""largest_component_size"": 3546, ""num_1_cell_components"": 0, ""num_2_cell_components"": 0, ""num_components"": 1, ""smallest_component_size"": 3546, ""tiny_component_pixel_fraction"": 0.0, ""tiny_component_pixels"": 0}}"
cstd,feature_cluster_coarse_to_fine_global_pooled_init_flip_avg_coarse_only,benchmark,46,000046,2,partition_invariant,0.9269074737460086,0.8764118972392172,0.5,0.8952801012618584,0.9585348462301587,0.2729644775390625,0.7270355224609375,2,2,0.0,0.0,ok,True,"cluster_a->texture_a,cluster_b->texture_b",cluster_a,cluster_b,0.9269074737460086,0.8764118972392172,0.015527660543852129,0.8764118972392172,best_partition_assignment,1,fpn_2,fpn_2,fpn_2,72x72,73685,188459,73685,188459,73685,188459,0.0,0.0,0.0,0.0,coarsest_pooled_direct,pooled_avg_pool_flip_avg_coarse_only,False,False,architexture_binary_v1,0.9269074737460086,0.8764118972392172,3,3,24x24,"{""cluster_0"": {""cluster_value"": 0, ""component_size_histogram"": {""1431"": 1, ""27"": 1}, ""largest_component_size"": 1431, ""num_1_cell_components"": 0, ""num_2_cell_components"": 0, ""num_components"": 2, ""smallest_component_size"": 27, ""tiny_component_pixel_fraction"": 0.0, ""tiny_component_pixels"": 0}, ""cluster_1"": {""cluster_value"": 1, ""component_size_histogram"": {""3726"": 1}, ""largest_component_size"": 3726, ""num_1_cell_components"": 0, ""num_2_cell_components"": 0, ""num_components"": 1, ""smallest_component_size"": 3726, ""tiny_component_pixel_fraction"": 0.0, ""tiny_component_pixels"": 0}}"
cstd,feature_cluster_coarse_to_fine_global_pooled_init_flip_avg_coarse_only,benchmark,47,000047,2,partition_invariant,0.9328912497213013,0.8806506940920693,0.5,0.9090898658496,0.9566926335930026,0.3107490539550781,0.6892509460449219,2,2,0.0,0.0,ok,True,"cluster_a->texture_a,cluster_b->texture_b",cluster_a,cluster_b,0.9328912497213013,0.8806506940920693,0.015298179477064675,0.8806506940920693,best_partition_assignment,1,fpn_2,fpn_2,fpn_2,72x72,84899,177245,84899,177245,84899,177245,0.0,0.0,0.0,0.0,coarsest_pooled_direct,pooled_avg_pool_flip_avg_coarse_only,False,False,architexture_binary_v1,0.9328912497213013,0.8806506940920693,3,3,24x24,"{""cluster_0"": {""cluster_value"": 0, ""component_size_histogram"": {""1620"": 1, ""63"": 1}, ""largest_component_size"": 1620, ""num_1_cell_components"": 0, ""num_2_cell_components"": 0, ""num_components"": 2, ""smallest_component_size"": 63, ""tiny_component_pixel_fraction"": 0.0, ""tiny_component_pixels"": 0}, ""cluster_1"": {""cluster_value"": 1, ""component_size_histogram"": {""3501"": 1}, ""largest_component_size"": 3501, ""num_1_cell_components"": 0, ""num_2_cell_components"": 0, ""num_components"": 1, ""smallest_component_size"": 3501, ""tiny_component_pixel_fraction"": 0.0, ""tiny_component_pixels"": 0}}"
cstd,feature_cluster_coarse_to_fine_global_pooled_init_flip_avg_coarse_only,benchmark,48,000048,2,partition_invariant,0.9383885871449874,0.8908966392053541,0.5,0.9161122999627838,0.960664874327191,0.305816650390625,0.694183349609375,2,2,0.0,0.0,ok,True,"cluster_b->texture_a,cluster_a->texture_b",cluster_b,cluster_a,0.013877597371727033,0.8908966392053541,0.9383885871449874,0.8908966392053541,best_partition_assignment,1,fpn_2,fpn_2,fpn_2,72x72,177557,84587,177557,84587,177557,84587,0.0,0.0,0.0,0.0,coarsest_pooled_direct,pooled_avg_pool_flip_avg_coarse_only,False,False,architexture_binary_v1,0.9383885871449874,0.8908966392053541,3,3,24x24,"{""cluster_0"": {""cluster_value"": 0, ""component_size_histogram"": {""3510"": 1}, ""largest_component_size"": 3510, ""num_1_cell_components"": 0, ""num_2_cell_components"": 0, ""num_components"": 1, ""smallest_component_size"": 3510, ""tiny_component_pixel_fraction"": 0.0, ""tiny_component_pixels"": 0}, ""cluster_1"": {""cluster_value"": 1, ""component_size_histogram"": {""1674"": 1}, ""largest_component_size"": 1674, ""num_1_cell_components"": 0, ""num_2_cell_components"": 0, ""num_components"": 1, ""smallest_component_size"": 1674, ""tiny_component_pixel_fraction"": 0.0, ""tiny_component_pixels"": 0}}"
cstd,feature_cluster_coarse_to_fine_global_pooled_init_flip_avg_coarse_only,benchmark,49,000049,2,partition_invariant,0.9218782664108517,0.8723449516385631,0.5,0.884300584628547,0.9594559481931564,0.23896026611328125,0.7610397338867188,2,2,0.0,0.0,ok,True,"cluster_a->texture_a,cluster_b->texture_b",cluster_a,cluster_b,0.9218782664108517,0.8723449516385631,0.015545523239151402,0.8723449516385631,best_partition_assignment,1,fpn_2,fpn_2,fpn_2,72x72,69504,192640,69504,192640,69504,192640,0.0,0.0,0.0,0.0,coarsest_pooled_direct,pooled_avg_pool_flip_avg_coarse_only,False,False,architexture_binary_v1,0.9218782664108517,0.8723449516385631,3,3,24x24,"{""cluster_0"": {""cluster_value"": 0, ""component_size_histogram"": {""1377"": 1}, ""largest_component_size"": 1377, ""num_1_cell_components"": 0, ""num_2_cell_components"": 0, ""num_components"": 1, ""smallest_component_size"": 1377, ""tiny_component_pixel_fraction"": 0.0, ""tiny_component_pixels"": 0}, ""cluster_1"": {""cluster_value"": 1, ""component_size_histogram"": {""3807"": 1}, ""largest_component_size"": 3807, ""num_1_cell_components"": 0, ""num_2_cell_components"": 0, ""num_components"": 1, ""smallest_component_size"": 3807, ""tiny_component_pixel_fraction"": 0.0, ""tiny_component_pixels"": 0}}"
cstd,feature_cluster_coarse_to_fine_global_pooled_init_flip_avg_coarse_only,benchmark,50,000050,2,partition_invariant,0.690898605817577,0.45961300934804167,0.5,0.5827831360736706,0.7990140755614835,0.2270660400390625,0.7729339599609375,2,2,0.0,0.0,ok,True,"cluster_a->texture_a,cluster_b->texture_b",cluster_a,cluster_b,0.690898605817577,0.45961300934804167,0.0797437832555404,0.45961300934804167,best_partition_assignment,1,fpn_2,fpn_2,fpn_2,72x72,96540,165604,96540,165604,96540,165604,0.0,0.0,0.0,0.0,coarsest_pooled_direct,pooled_avg_pool_flip_avg_coarse_only,False,False,architexture_binary_v1,0.690898605817577,0.45961300934804167,3,3,24x24,"{""cluster_0"": {""cluster_value"": 0, ""component_size_histogram"": {""117"": 1, ""1395"": 1, ""171"": 1, ""189"": 1, ""36"": 1}, ""largest_component_size"": 1395, ""num_1_cell_components"": 0, ""num_2_cell_components"": 0, ""num_components"": 5, ""smallest_component_size"": 36, ""tiny_component_pixel_fraction"": 0.0, ""tiny_component_pixels"": 0}, ""cluster_1"": {""cluster_value"": 1, ""component_size_histogram"": {""3276"": 1}, ""largest_component_size"": 3276, ""num_1_cell_components"": 0, ""num_2_cell_components"": 0, ""num_components"": 1, ""smallest_component_size"": 3276, ""tiny_component_pixel_fraction"": 0.0, ""tiny_component_pixels"": 0}}"
cstd,feature_cluster_coarse_to_fine_global_pooled_init_flip_avg_coarse_only,benchmark,51,000051,2,partition_invariant,0.852058095088517,0.7596251093683353,0.5,0.7787534804026558,0.9253627097743782,0.2131195068359375,0.7868804931640625,2,2,0.0,0.0,ok,True,"cluster_a->texture_a,cluster_b->texture_b",cluster_a,cluster_b,0.852058095088517,0.7596251093683353,0.02983666100021624,0.7596251093683353,best_partition_assignment,1,fpn_2,fpn_2,fpn_2,72x72,68707,193437,68707,193437,68707,193437,0.0,0.0,0.0,0.0,coarsest_pooled_direct,pooled_avg_pool_flip_avg_coarse_only,False,False,architexture_binary_v1,0.852058095088517,0.7596251093683353,3,3,24x24,"{""cluster_0"": {""cluster_value"": 0, ""component_size_histogram"": {""1116"": 1, ""153"": 1, ""90"": 1}, ""largest_component_size"": 1116, ""num_1_cell_components"": 0, ""num_2_cell_components"": 0, ""num_components"": 3, ""smallest_component_size"": 90, ""tiny_component_pixel_fraction"": 0.0, ""tiny_component_pixels"": 0}, ""cluster_1"": {""cluster_value"": 1, ""component_size_histogram"": {""3825"": 1}, ""largest_component_size"": 3825, ""num_1_cell_components"": 0, ""num_2_cell_components"": 0, ""num_components"": 1, ""smallest_component_size"": 3825, ""tiny_component_pixel_fraction"": 0.0, ""tiny_component_pixels"": 0}}"
cstd,feature_cluster_coarse_to_fine_global_pooled_init_flip_avg_coarse_only,benchmark,52,000052,2,partition_invariant,0.8774994091955601,0.7614751913884039,0.5,0.8960684655056431,0.858930352885477,0.6096343994140625,0.3903656005859375,2,2,0.0,0.0,ok,True,"cluster_b->texture_a,cluster_a->texture_b",cluster_b,cluster_a,0.03200262126766752,0.7614751913884039,0.8774994091955601,0.7614751913884039,best_partition_assignment,1,fpn_2,fpn_2,fpn_2,72x72,117546,144598,117546,144598,117546,144598,0.0,0.0,0.0,0.0,coarsest_pooled_direct,pooled_avg_pool_flip_avg_coarse_only,False,False,architexture_binary_v1,0.8774994091955601,0.7614751913884039,3,3,24x24,"{""cluster_0"": {""cluster_value"": 0, ""component_size_histogram"": {""2322"": 1}, ""largest_component_size"": 2322, ""num_1_cell_components"": 0, ""num_2_cell_components"": 0, ""num_components"": 1, ""smallest_component_size"": 2322, ""tiny_component_pixel_fraction"": 0.0, ""tiny_component_pixels"": 0}, ""cluster_1"": {""cluster_value"": 1, ""component_size_histogram"": {""2853"": 1, ""9"": 1}, ""largest_component_size"": 2853, ""num_1_cell_components"": 0, ""num_2_cell_components"": 0, ""num_components"": 2, ""smallest_component_size"": 9, ""tiny_component_pixel_fraction"": 0.0, ""tiny_component_pixels"": 0}}"
cstd,feature_cluster_coarse_to_fine_global_pooled_init_flip_avg_coarse_only,benchmark,53,000053,2,partition_invariant,0.9122377362140459,0.8281197056450025,0.5,0.9000838990160933,0.9243915734119986,0.41339111328125,0.58660888671875,2,2,0.0,0.0,ok,True,"cluster_a->texture_a,cluster_b->texture_b",cluster_a,cluster_b,0.9122377362140459,0.8281197056450025,0.02279724986024039,0.8281197056450025,best_partition_assignment,1,fpn_2,fpn_2,fpn_2,72x72,115840,146304,115840,146304,115840,146304,0.0,0.0,0.0,0.0,coarsest_pooled_direct,pooled_avg_pool_flip_avg_coarse_only,False,False,architexture_binary_v1,0.9122377362140459,0.8281197056450025,3,3,24x24,"{""cluster_0"": {""cluster_value"": 0, ""component_size_histogram"": {""2295"": 1}, ""largest_component_size"": 2295, ""num_1_cell_components"": 0, ""num_2_cell_components"": 0, ""num_components"": 1, ""smallest_component_size"": 2295, ""tiny_component_pixel_fraction"": 0.0, ""tiny_component_pixels"": 0}, ""cluster_1"": {""cluster_value"": 1, ""component_size_histogram"": {""2889"": 1}, ""largest_component_size"": 2889, ""num_1_cell_components"": 0, ""num_2_cell_components"": 0, ""num_components"": 1, ""smallest_component_size"": 2889, ""tiny_component_pixel_fraction"": 0.0, ""tiny_component_pixels"": 0}}"
cstd,feature_cluster_coarse_to_fine_global_pooled_init_flip_avg_coarse_only,benchmark,54,000054,2,partition_invariant,0.9339411551300636,0.8681101319173775,0.5,0.9323731003786018,0.9355092098815254,0.5003814697265625,0.4996185302734375,2,2,0.0,0.0,ok,True,"cluster_a->texture_a,cluster_b->texture_b",cluster_a,cluster_b,0.9339411551300636,0.8681101319173775,0.01720235372354476,0.8681101319173775,best_partition_assignment,1,fpn_2,fpn_2,fpn_2,72x72,124537,137607,124537,137607,124537,137607,0.0,0.0,0.0,0.0,coarsest_pooled_direct,pooled_avg_pool_flip_avg_coarse_only,False,False,architexture_binary_v1,0.9339411551300636,0.8681101319173775,3,3,24x24,"{""cluster_0"": {""cluster_value"": 0, ""component_size_histogram"": {""2457"": 1, ""9"": 1}, ""largest_component_size"": 2457, ""num_1_cell_components"": 0, ""num_2_cell_components"": 0, ""num_components"": 2, ""smallest_component_size"": 9, ""tiny_component_pixel_fraction"": 0.0, ""tiny_component_pixels"": 0}, ""cluster_1"": {""cluster_value"": 1, ""component_size_histogram"": {""2709"": 1, ""9"": 1}, ""largest_component_size"": 2709, ""num_1_cell_components"": 0, ""num_2_cell_components"": 0, ""num_components"": 2, ""smallest_component_size"": 9, ""tiny_component_pixel_fraction"": 0.0, ""tiny_component_pixels"": 0}}"
cstd,feature_cluster_coarse_to_fine_global_pooled_init_flip_avg_coarse_only,benchmark,55,000055,2,partition_invariant,0.926146735890143,0.8562367539987815,0.5,0.9142125255502628,0.938080946230023,0.4182090759277344,0.5817909240722656,2,2,0.0,0.0,ok,True,"cluster_b->texture_a,cluster_a->texture_b",cluster_b,cluster_a,0.0190023142615854,0.8562367539987815,0.926146735890143,0.8562367539987815,best_partition_assignment,1,fpn_2,fpn_2,fpn_2,72x72,153572,108572,153572,108572,153572,108572,0.0,0.0,0.0,0.0,coarsest_pooled_direct,pooled_avg_pool_flip_avg_coarse_only,False,False,architexture_binary_v1,0.926146735890143,0.8562367539987815,3,3,24x24,"{""cluster_0"": {""cluster_value"": 0, ""component_size_histogram"": {""2988"": 1, ""45"": 1}, ""largest_component_size"": 2988, ""num_1_cell_components"": 0, ""num_2_cell_components"": 0, ""num_components"": 2, ""smallest_component_size"": 45, ""tiny_component_pixel_fraction"": 0.0, ""tiny_component_pixels"": 0}, ""cluster_1"": {""cluster_value"": 1, ""component_size_histogram"": {""2151"": 1}, ""largest_component_size"": 2151, ""num_1_cell_components"": 0, ""num_2_cell_components"": 0, ""num_components"": 1, ""smallest_component_size"": 2151, ""tiny_component_pixel_fraction"": 0.0, ""tiny_component_pixels"": 0}}"
cstd,feature_cluster_coarse_to_fine_global_pooled_init_flip_avg_coarse_only,benchmark,56,000056,2,partition_invariant,0.6431475234712201,0.35548816479112866,0.5,0.732545142311327,0.5537499046311132,0.5677223205566406,0.4322776794433594,2,2,0.0,0.0,ok,True,"cluster_b->texture_a,cluster_a->texture_b",cluster_b,cluster_a,0.10404107730009071,0.35548816479112866,0.6431475234712201,0.35548816479112866,best_partition_assignment,1,fpn_2,fpn_2,fpn_2,72x72,69966,192178,69966,192178,69966,192178,0.0,0.0,0.0,0.0,coarsest_pooled_direct,pooled_avg_pool_flip_avg_coarse_only,False,False,architexture_binary_v1,0.6431475234712201,0.35548816479112866,3,3,24x24,"{""cluster_0"": {""cluster_value"": 0, ""component_size_histogram"": {""1368"": 1, ""18"": 1}, ""largest_component_size"": 1368, ""num_1_cell_components"": 0, ""num_2_cell_components"": 0, ""num_components"": 2, ""smallest_component_size"": 18, ""tiny_component_pixel_fraction"": 0.0, ""tiny_component_pixels"": 0}, ""cluster_1"": {""cluster_value"": 1, ""component_size_histogram"": {""3798"": 1}, ""largest_component_size"": 3798, ""num_1_cell_components"": 0, ""num_2_cell_components"": 0, ""num_components"": 1, ""smallest_component_size"": 3798, ""tiny_component_pixel_fraction"": 0.0, ""tiny_component_pixels"": 0}}"
cstd,feature_cluster_coarse_to_fine_global_pooled_init_flip_avg_coarse_only,benchmark,57,000057,2,partition_invariant,0.8746058516741467,0.7588372063775127,0.5,0.8983833161602102,0.8508283871880833,0.5905227661132812,0.40947723388671875,2,2,0.0,0.0,ok,True,"cluster_b->texture_a,cluster_a->texture_b",cluster_b,cluster_a,0.0331231594892711,0.7588372063775127,0.8746058516741467,0.7588372063775127,best_partition_assignment,1,fpn_2,fpn_2,fpn_2,72x72,101896,160248,101896,160248,101896,160248,0.0,0.0,0.0,0.0,coarsest_pooled_direct,pooled_avg_pool_flip_avg_coarse_only,False,False,architexture_binary_v1,0.8746058516741467,0.7588372063775127,3,3,24x24,"{""cluster_0"": {""cluster_value"": 0, ""component_size_histogram"": {""1953"": 1, ""54"": 1, ""9"": 1}, ""largest_component_size"": 1953, ""num_1_cell_components"": 0, ""num_2_cell_components"": 0, ""num_components"": 3, ""smallest_component_size"": 9, ""tiny_component_pixel_fraction"": 0.0, ""tiny_component_pixels"": 0}, ""cluster_1"": {""cluster_value"": 1, ""component_size_histogram"": {""3168"": 1}, ""largest_component_size"": 3168, ""num_1_cell_components"": 0, ""num_2_cell_components"": 0, ""num_components"": 1, ""smallest_component_size"": 3168, ""tiny_component_pixel_fraction"": 0.0, ""tiny_component_pixels"": 0}}"
cstd,feature_cluster_coarse_to_fine_global_pooled_init_flip_avg_coarse_only,benchmark,58,000058,2,partition_invariant,0.9351600111333608,0.8722263534800169,0.5,0.9427846394797883,0.9275353827869333,0.5721855163574219,0.4278144836425781,2,2,0.0,0.0,ok,True,"cluster_a->texture_a,cluster_b->texture_b",cluster_a,cluster_b,0.9351600111333608,0.8722263534800169,0.01665787430740802,0.8722263534800169,best_partition_assignment,1,fpn_2,fpn_2,fpn_2,72x72,143993,118151,143993,118151,143993,118151,0.0,0.0,0.0,0.0,coarsest_pooled_direct,pooled_avg_pool_flip_avg_coarse_only,False,False,architexture_binary_v1,0.9351600111333608,0.8722263534800169,3,3,24x24,"{""cluster_0"": {""cluster_value"": 0, ""component_size_histogram"": {""2844"": 1}, ""largest_component_size"": 2844, ""num_1_cell_components"": 0, ""num_2_cell_components"": 0, ""num_components"": 1, ""smallest_component_size"": 2844, ""tiny_component_pixel_fraction"": 0.0, ""tiny_component_pixels"": 0}, ""cluster_1"": {""cluster_value"": 1, ""component_size_histogram"": {""2340"": 1}, ""largest_component_size"": 2340, ""num_1_cell_components"": 0, ""num_2_cell_components"": 0, ""num_components"": 1, ""smallest_component_size"": 2340, ""tiny_component_pixel_fraction"": 0.0, ""tiny_component_pixels"": 0}}"
cstd,feature_cluster_coarse_to_fine_global_pooled_init_flip_avg_coarse_only,benchmark,59,000059,2,partition_invariant,0.9420612808576376,0.9077944126926643,0.5,0.9122558819006612,0.9718666798146139,0.23253631591796875,0.7674636840820312,2,2,0.0,0.0,ok,True,"cluster_a->texture_a,cluster_b->texture_b",cluster_a,cluster_b,0.9420612808576376,0.9077944126926643,0.010981222138968934,0.9077944126926643,best_partition_assignment,1,fpn_2,fpn_2,fpn_2,72x72,63396,198748,63396,198748,63396,198748,0.0,0.0,0.0,0.0,coarsest_pooled_direct,pooled_avg_pool_flip_avg_coarse_only,False,False,architexture_binary_v1,0.9420612808576376,0.9077944126926643,3,3,24x24,"{""cluster_0"": {""cluster_value"": 0, ""component_size_histogram"": {""1251"": 1}, ""largest_component_size"": 1251, ""num_1_cell_components"": 0, ""num_2_cell_components"": 0, ""num_components"": 1, ""smallest_component_size"": 1251, ""tiny_component_pixel_fraction"": 0.0, ""tiny_component_pixels"": 0}, ""cluster_1"": {""cluster_value"": 1, ""component_size_histogram"": {""3933"": 1}, ""largest_component_size"": 3933, ""num_1_cell_components"": 0, ""num_2_cell_components"": 0, ""num_components"": 1, ""smallest_component_size"": 3933, ""tiny_component_pixel_fraction"": 0.0, ""tiny_component_pixels"": 0}}"
cstd,feature_cluster_coarse_to_fine_global_pooled_init_flip_avg_coarse_only,benchmark,60,000060,2,partition_invariant,0.9655290686724329,0.9410856960148164,0.5,0.9512311092834379,0.9798270280614279,0.2851295471191406,0.7148704528808594,2,2,0.0,0.0,ok,True,"cluster_a->texture_a,cluster_b->texture_b",cluster_a,cluster_b,0.9655290686724329,0.9410856960148164,0.007270979414787801,0.9410856960148164,best_partition_assignment,1,fpn_2,fpn_2,fpn_2,72x72,77092,185052,77092,185052,77092,185052,0.0,0.0,0.0,0.0,coarsest_pooled_direct,pooled_avg_pool_flip_avg_coarse_only,False,False,architexture_binary_v1,0.9655290686724329,0.9410856960148164,3,3,24x24,"{""cluster_0"": {""cluster_value"": 0, ""component_size_histogram"": {""1521"": 1}, ""largest_component_size"": 1521, ""num_1_cell_components"": 0, ""num_2_cell_components"": 0, ""num_components"": 1, ""smallest_component_size"": 1521, ""tiny_component_pixel_fraction"": 0.0, ""tiny_component_pixels"": 0}, ""cluster_1"": {""cluster_value"": 1, ""component_size_histogram"": {""3663"": 1}, ""largest_component_size"": 3663, ""num_1_cell_components"": 0, ""num_2_cell_components"": 0, ""num_components"": 1, ""smallest_component_size"": 3663, ""tiny_component_pixel_fraction"": 0.0, ""tiny_component_pixels"": 0}}"
cstd,feature_cluster_coarse_to_fine_global_pooled_init_flip_avg_coarse_only,benchmark,61,000061,2,partition_invariant,0.3819381918687497,0.0026820875734343014,0.5,0.4104601075366442,0.35341627620085525,0.3755302429199219,0.6244697570800781,2,2,0.0,0.0,ok,True,"cluster_b->texture_a,cluster_a->texture_b",cluster_b,cluster_a,0.2562053344713345,0.0026820875734343014,0.3819381918687497,0.0026820875734343014,best_partition_assignment,1,fpn_2,fpn_2,fpn_2,72x72,80952,181192,80952,181192,80952,181192,0.0,0.0,0.0,0.0,coarsest_pooled_direct,pooled_avg_pool_flip_avg_coarse_only,False,False,architexture_binary_v1,0.3819381918687497,0.0026820875734343014,3,3,24x24,"{""cluster_0"": {""cluster_value"": 0, ""component_size_histogram"": {""702"": 1, ""900"": 1}, ""largest_component_size"": 900, ""num_1_cell_components"": 0, ""num_2_cell_components"": 0, ""num_components"": 2, ""smallest_component_size"": 702, ""tiny_component_pixel_fraction"": 0.0, ""tiny_component_pixels"": 0}, ""cluster_1"": {""cluster_value"": 1, ""component_size_histogram"": {""3582"": 1}, ""largest_component_size"": 3582, ""num_1_cell_components"": 0, ""num_2_cell_components"": 0, ""num_components"": 1, ""smallest_component_size"": 3582, ""tiny_component_pixel_fraction"": 0.0, ""tiny_component_pixels"": 0}}"
cstd,feature_cluster_coarse_to_fine_global_pooled_init_flip_avg_coarse_only,benchmark,62,000062,2,partition_invariant,0.4760780872284942,0.12878833607266366,0.5,0.29138669959684743,0.6607694748601409,0.3189811706542969,0.6810188293457031,2,2,0.0,0.0,ok,True,"cluster_a->texture_a,cluster_b->texture_b",cluster_a,cluster_b,0.4760780872284942,0.12878833607266366,0.1722820137027566,0.12878833607266366,best_partition_assignment,1,fpn_2,fpn_2,fpn_2,72x72,58604,203540,58604,203540,58604,203540,0.0,0.0,0.0,0.0,coarsest_pooled_direct,pooled_avg_pool_flip_avg_coarse_only,False,False,architexture_binary_v1,0.4760780872284942,0.12878833607266366,3,3,24x24,"{""cluster_0"": {""cluster_value"": 0, ""component_size_histogram"": {""108"": 1, ""126"": 1, ""135"": 1, ""18"": 1, ""261"": 1, ""351"": 1, ""36"": 1, ""45"": 1, ""72"": 1, ""9"": 1}, ""largest_component_size"": 351, ""num_1_cell_components"": 0, ""num_2_cell_components"": 0, ""num_components"": 10, ""smallest_component_size"": 9, ""tiny_component_pixel_fraction"": 0.0, ""tiny_component_pixels"": 0}, ""cluster_1"": {""cluster_value"": 1, ""component_size_histogram"": {""3006"": 1, ""387"": 1, ""630"": 1}, ""largest_component_size"": 3006, ""num_1_cell_components"": 0, ""num_2_cell_components"": 0, ""num_components"": 3, ""smallest_component_size"": 387, ""tiny_component_pixel_fraction"": 0.0, ""tiny_component_pixels"": 0}}"
cstd,feature_cluster_coarse_to_fine_global_pooled_init_flip_avg_coarse_only,benchmark,63,000063,2,partition_invariant,0.5024515596489503,0.14906603459761464,0.5,0.640239692927954,0.36466342636994653,0.6591796875,0.3408203125,2,2,0.0,0.0,ok,True,"cluster_b->texture_a,cluster_a->texture_b",cluster_b,cluster_a,0.174734847313649,0.14906603459761464,0.5024515596489503,0.14906603459761464,best_partition_assignment,1,fpn_2,fpn_2,fpn_2,72x72,78556,183588,78556,183588,78556,183588,0.0,0.0,0.0,0.0,coarsest_pooled_direct,pooled_avg_pool_flip_avg_coarse_only,False,False,architexture_binary_v1,0.5024515596489503,0.14906603459761464,3,3,24x24,"{""cluster_0"": {""cluster_value"": 0, ""component_size_histogram"": {""1557"": 1}, ""largest_component_size"": 1557, ""num_1_cell_components"": 0, ""num_2_cell_components"": 0, ""num_components"": 1, ""smallest_component_size"": 1557, ""tiny_component_pixel_fraction"": 0.0, ""tiny_component_pixels"": 0}, ""cluster_1"": {""cluster_value"": 1, ""component_size_histogram"": {""3627"": 1}, ""largest_component_size"": 3627, ""num_1_cell_components"": 0, ""num_2_cell_components"": 0, ""num_components"": 1, ""smallest_component_size"": 3627, ""tiny_component_pixel_fraction"": 0.0, ""tiny_component_pixels"": 0}}"
cstd,feature_cluster_coarse_to_fine_global_pooled_init_flip_avg_coarse_only,benchmark,64,000064,2,partition_invariant,0.9332418420637596,0.8666889921632033,0.5,0.9319920636113574,0.9344916205161617,0.4924888610839844,0.5075111389160156,2,2,0.0,0.0,ok,True,"cluster_b->texture_a,cluster_a->texture_b",cluster_b,cluster_a,0.017557922260768234,0.8666889921632033,0.9332418420637596,0.8666889921632033,best_partition_assignment,1,fpn_2,fpn_2,fpn_2,72x72,134180,127964,134180,127964,134180,127964,0.0,0.0,0.0,0.0,coarsest_pooled_direct,pooled_avg_pool_flip_avg_coarse_only,False,False,architexture_binary_v1,0.9332418420637596,0.8666889921632033,3,3,24x24,"{""cluster_0"": {""cluster_value"": 0, ""component_size_histogram"": {""2565"": 1, ""27"": 1, ""63"": 1}, ""largest_component_size"": 2565, ""num_1_cell_components"": 0, ""num_2_cell_components"": 0, ""num_components"": 3, ""smallest_component_size"": 27, ""tiny_component_pixel_fraction"": 0.0, ""tiny_component_pixels"": 0}, ""cluster_1"": {""cluster_value"": 1, ""component_size_histogram"": {""2529"": 1}, ""largest_component_size"": 2529, ""num_1_cell_components"": 0, ""num_2_cell_components"": 0, ""num_components"": 1, ""smallest_component_size"": 2529, ""tiny_component_pixel_fraction"": 0.0, ""tiny_component_pixels"": 0}}"
cstd,feature_cluster_coarse_to_fine_global_pooled_init_flip_avg_coarse_only,benchmark,65,000065,2,partition_invariant,0.3240550273161731,-0.04115617428417186,0.5,0.5659660302288164,0.0821440244035298,0.7735176086425781,0.22648239135742188,2,2,0.0,0.0,ok,True,"cluster_b->texture_a,cluster_a->texture_b",cluster_b,cluster_a,0.2636046271338307,-0.04115617428417186,0.3240550273161731,-0.04115617428417186,best_partition_assignment,1,fpn_2,fpn_2,fpn_2,72x72,69758,192386,69758,192386,69758,192386,0.0,0.0,0.0,0.0,coarsest_pooled_direct,pooled_avg_pool_flip_avg_coarse_only,False,False,architexture_binary_v1,0.3240550273161731,-0.04115617428417186,3,3,24x24,"{""cluster_0"": {""cluster_value"": 0, ""component_size_histogram"": {""1350"": 1, ""27"": 1}, ""largest_component_size"": 1350, ""num_1_cell_components"": 0, ""num_2_cell_components"": 0, ""num_components"": 2, ""smallest_component_size"": 27, ""tiny_component_pixel_fraction"": 0.0, ""tiny_component_pixels"": 0}, ""cluster_1"": {""cluster_value"": 1, ""component_size_histogram"": {""3807"": 1}, ""largest_component_size"": 3807, ""num_1_cell_components"": 0, ""num_2_cell_components"": 0, ""num_components"": 1, ""smallest_component_size"": 3807, ""tiny_component_pixel_fraction"": 0.0, ""tiny_component_pixels"": 0}}"
cstd,feature_cluster_coarse_to_fine_global_pooled_init_flip_avg_coarse_only,benchmark,66,000066,2,partition_invariant,0.3842967471462615,0.01803850344453587,0.5,0.49156103719707017,0.2770324570954529,0.4462623596191406,0.5537376403808594,2,2,0.0,0.0,ok,True,"cluster_b->texture_a,cluster_a->texture_b",cluster_b,cluster_a,0.23099499950833782,0.01803850344453587,0.3842967471462615,0.01803850344453587,best_partition_assignment,1,fpn_2,fpn_2,fpn_2,72x72,51882,210262,51882,210262,51882,210262,0.0,0.0,0.0,0.0,coarsest_pooled_direct,pooled_avg_pool_flip_avg_coarse_only,False,False,architexture_binary_v1,0.3842967471462615,0.01803850344453587,3,3,24x24,"{""cluster_0"": {""cluster_value"": 0, ""component_size_histogram"": {""153"": 1, ""18"": 1, ""270"": 1, ""576"": 1, ""9"": 1}, ""largest_component_size"": 576, ""num_1_cell_components"": 0, ""num_2_cell_components"": 0, ""num_components"": 5, ""smallest_component_size"": 9, ""tiny_component_pixel_fraction"": 0.0, ""tiny_component_pixels"": 0}, ""cluster_1"": {""cluster_value"": 1, ""component_size_histogram"": {""4158"": 1}, ""largest_component_size"": 4158, ""num_1_cell_components"": 0, ""num_2_cell_components"": 0, ""num_components"": 1, ""smallest_component_size"": 4158, ""tiny_component_pixel_fraction"": 0.0, ""tiny_component_pixels"": 0}}"
cstd,feature_cluster_coarse_to_fine_global_pooled_init_flip_avg_coarse_only,benchmark,67,000067,2,partition_invariant,0.9265816261190288,0.8642145622035446,0.5,0.9056815722486165,0.9474816799894412,0.3419189453125,0.6580810546875,2,2,0.0,0.0,ok,True,"cluster_b->texture_a,cluster_a->texture_b",cluster_b,cluster_a,0.01764800860059276,0.8642145622035446,0.9265816261190288,0.8642145622035446,best_partition_assignment,1,fpn_2,fpn_2,fpn_2,72x72,166862,95282,166862,95282,166862,95282,0.0,0.0,0.0,0.0,coarsest_pooled_direct,pooled_avg_pool_flip_avg_coarse_only,False,False,architexture_binary_v1,0.9265816261190288,0.8642145622035446,3,3,24x24,"{""cluster_0"": {""cluster_value"": 0, ""component_size_histogram"": {""3303"": 1}, ""largest_component_size"": 3303, ""num_1_cell_components"": 0, ""num_2_cell_components"": 0, ""num_components"": 1, ""smallest_component_size"": 3303, ""tiny_component_pixel_fraction"": 0.0, ""tiny_component_pixels"": 0}, ""cluster_1"": {""cluster_value"": 1, ""component_size_histogram"": {""1881"": 1}, ""largest_component_size"": 1881, ""num_1_cell_components"": 0, ""num_2_cell_components"": 0, ""num_components"": 1, ""smallest_component_size"": 1881, ""tiny_component_pixel_fraction"": 0.0, ""tiny_component_pixels"": 0}}"
cstd,feature_cluster_coarse_to_fine_global_pooled_init_flip_avg_coarse_only,benchmark,68,000068,2,partition_invariant,0.9582034462316255,0.9184000456954695,0.5,0.9517234669237641,0.9646834255394868,0.41994476318359375,0.5800552368164062,2,2,0.0,0.0,ok,True,"cluster_b->texture_a,cluster_a->texture_b",cluster_b,cluster_a,0.010518962359918718,0.9184000456954695,0.9582034462316255,0.9184000456954695,best_partition_assignment,1,fpn_2,fpn_2,fpn_2,72x72,151574,110570,151574,110570,151574,110570,0.0,0.0,0.0,0.0,coarsest_pooled_direct,pooled_avg_pool_flip_avg_coarse_only,False,False,architexture_binary_v1,0.9582034462316255,0.9184000456954695,3,3,24x24,"{""cluster_0"": {""cluster_value"": 0, ""component_size_histogram"": {""2997"": 1}, ""largest_component_size"": 2997, ""num_1_cell_components"": 0, ""num_2_cell_components"": 0, ""num_components"": 1, ""smallest_component_size"": 2997, ""tiny_component_pixel_fraction"": 0.0, ""tiny_component_pixels"": 0}, ""cluster_1"": {""cluster_value"": 1, ""component_size_histogram"": {""2187"": 1}, ""largest_component_size"": 2187, ""num_1_cell_components"": 0, ""num_2_cell_components"": 0, ""num_components"": 1, ""smallest_component_size"": 2187, ""tiny_component_pixel_fraction"": 0.0, ""tiny_component_pixels"": 0}}"
cstd,feature_cluster_coarse_to_fine_global_pooled_init_flip_avg_coarse_only,benchmark,69,000069,2,partition_invariant,0.7366998951206407,0.4982285246640847,0.5,0.7797305950692952,0.6936691951719861,0.6449623107910156,0.3550376892089844,2,2,0.0,0.0,ok,True,"cluster_b->texture_a,cluster_a->texture_b",cluster_b,cluster_a,0.07648596891863098,0.4982285246640847,0.7366998951206407,0.4982285246640847,best_partition_assignment,1,fpn_2,fpn_2,fpn_2,72x72,119935,142209,119935,142209,119935,142209,0.0,0.0,0.0,0.0,coarsest_pooled_direct,pooled_avg_pool_flip_avg_coarse_only,False,False,architexture_binary_v1,0.7366998951206407,0.4982285246640847,3,3,24x24,"{""cluster_0"": {""cluster_value"": 0, ""component_size_histogram"": {""153"": 1, ""1755"": 1, ""18"": 1, ""216"": 1, ""27"": 2, ""36"": 1, ""45"": 1, ""54"": 1, ""9"": 5}, ""largest_component_size"": 1755, ""num_1_cell_components"": 0, ""num_2_cell_components"": 0, ""num_components"": 14, ""smallest_component_size"": 9, ""tiny_component_pixel_fraction"": 0.0, ""tiny_component_pixels"": 0}, ""cluster_1"": {""cluster_value"": 1, ""component_size_histogram"": {""27"": 1, ""2763"": 1, ""9"": 2}, ""largest_component_size"": 2763, ""num_1_cell_components"": 0, ""num_2_cell_components"": 0, ""num_components"": 4, ""smallest_component_size"": 9, ""tiny_component_pixel_fraction"": 0.0, ""tiny_component_pixels"": 0}}"
cstd,feature_cluster_coarse_to_fine_global_pooled_init_flip_avg_coarse_only,benchmark,70,000070,2,partition_invariant,0.9546355915533766,0.9093197410431181,0.5,0.9546633282661182,0.954607854840635,0.4966888427734375,0.5033111572265625,2,2,0.0,0.0,ok,True,"cluster_a->texture_a,cluster_b->texture_b",cluster_a,cluster_b,0.9546355915533766,0.9093197410431181,0.011727264413218901,0.9093197410431181,best_partition_assignment,1,fpn_2,fpn_2,fpn_2,72x72,132104,130040,132104,130040,132104,130040,0.0,0.0,0.0,0.0,coarsest_pooled_direct,pooled_avg_pool_flip_avg_coarse_only,False,False,architexture_binary_v1,0.9546355915533766,0.9093197410431181,3,3,24x24,"{""cluster_0"": {""cluster_value"": 0, ""component_size_histogram"": {""2610"": 1}, ""largest_component_size"": 2610, ""num_1_cell_components"": 0, ""num_2_cell_components"": 0, ""num_components"": 1, ""smallest_component_size"": 2610, ""tiny_component_pixel_fraction"": 0.0, ""tiny_component_pixels"": 0}, ""cluster_1"": {""cluster_value"": 1, ""component_size_histogram"": {""2565"": 1, ""9"": 1}, ""largest_component_size"": 2565, ""num_1_cell_components"": 0, ""num_2_cell_components"": 0, ""num_components"": 2, ""smallest_component_size"": 9, ""tiny_component_pixel_fraction"": 0.0, ""tiny_component_pixels"": 0}}"
cstd,feature_cluster_coarse_to_fine_global_pooled_init_flip_avg_coarse_only,benchmark,71,000071,2,partition_invariant,0.39272866013440483,-0.012831486219316558,0.5,0.35870239074810917,0.4267549295207005,0.24817276000976562,0.7518272399902344,2,2,0.0,0.0,ok,True,"cluster_b->texture_a,cluster_a->texture_b",cluster_b,cluster_a,0.22021271587504568,-0.012831486219316558,0.39272866013440483,-0.012831486219316558,best_partition_assignment,1,fpn_2,fpn_2,fpn_2,72x72,86121,176023,86121,176023,86121,176023,0.0,0.0,0.0,0.0,coarsest_pooled_direct,pooled_avg_pool_flip_avg_coarse_only,False,False,architexture_binary_v1,0.39272866013440483,-0.012831486219316558,3,3,24x24,"{""cluster_0"": {""cluster_value"": 0, ""component_size_histogram"": {""1692"": 1, ""9"": 1}, ""largest_component_size"": 1692, ""num_1_cell_components"": 0, ""num_2_cell_components"": 0, ""num_components"": 2, ""smallest_component_size"": 9, ""tiny_component_pixel_fraction"": 0.0, ""tiny_component_pixels"": 0}, ""cluster_1"": {""cluster_value"": 1, ""component_size_histogram"": {""3483"": 1}, ""largest_component_size"": 3483, ""num_1_cell_components"": 0, ""num_2_cell_components"": 0, ""num_components"": 1, ""smallest_component_size"": 3483, ""tiny_component_pixel_fraction"": 0.0, ""tiny_component_pixels"": 0}}"
cstd,feature_cluster_coarse_to_fine_global_pooled_init_flip_avg_coarse_only,benchmark,72,000072,2,partition_invariant,0.30647070768266943,-0.038392145044095896,0.5,0.19275163402644674,0.4201897813388921,0.12407302856445312,0.8759269714355469,2,2,0.0,0.0,ok,True,"cluster_b->texture_a,cluster_a->texture_b",cluster_b,cluster_a,0.2565424609550617,-0.038392145044095896,0.30647070768266943,-0.038392145044095896,best_partition_assignment,1,fpn_2,fpn_2,fpn_2,72x72,97401,164743,97401,164743,97401,164743,0.0,0.0,0.0,0.0,coarsest_pooled_direct,pooled_avg_pool_flip_avg_coarse_only,False,False,architexture_binary_v1,0.30647070768266943,-0.038392145044095896,3,3,24x24,"{""cluster_0"": {""cluster_value"": 0, ""component_size_histogram"": {""9"": 2, ""918"": 1, ""990"": 1}, ""largest_component_size"": 990, ""num_1_cell_components"": 0, ""num_2_cell_components"": 0, ""num_components"": 4, ""smallest_component_size"": 9, ""tiny_component_pixel_fraction"": 0.0, ""tiny_component_pixels"": 0}, ""cluster_1"": {""cluster_value"": 1, ""component_size_histogram"": {""3258"": 1}, ""largest_component_size"": 3258, ""num_1_cell_components"": 0, ""num_2_cell_components"": 0, ""num_components"": 1, ""smallest_component_size"": 3258, ""tiny_component_pixel_fraction"": 0.0, ""tiny_component_pixels"": 0}}"
cstd,feature_cluster_coarse_to_fine_global_pooled_init_flip_avg_coarse_only,benchmark,73,000073,2,partition_invariant,0.9530084094412983,0.9132261358776803,0.5,0.9394521209069067,0.9665646979756898,0.3468208312988281,0.6531791687011719,2,2,0.0,0.0,ok,True,"cluster_b->texture_a,cluster_a->texture_b",cluster_b,cluster_a,0.011096249998922749,0.9132261358776803,0.9530084094412983,0.9132261358776803,best_partition_assignment,1,fpn_2,fpn_2,fpn_2,72x72,168206,93938,168206,93938,168206,93938,0.0,0.0,0.0,0.0,coarsest_pooled_direct,pooled_avg_pool_flip_avg_coarse_only,False,False,architexture_binary_v1,0.9530084094412983,0.9132261358776803,3,3,24x24,"{""cluster_0"": {""cluster_value"": 0, ""component_size_histogram"": {""3330"": 1}, ""largest_component_size"": 3330, ""num_1_cell_components"": 0, ""num_2_cell_components"": 0, ""num_components"": 1, ""smallest_component_size"": 3330, ""tiny_component_pixel_fraction"": 0.0, ""tiny_component_pixels"": 0}, ""cluster_1"": {""cluster_value"": 1, ""component_size_histogram"": {""1854"": 1}, ""largest_component_size"": 1854, ""num_1_cell_components"": 0, ""num_2_cell_components"": 0, ""num_components"": 1, ""smallest_component_size"": 1854, ""tiny_component_pixel_fraction"": 0.0, ""tiny_component_pixels"": 0}}"
cstd,feature_cluster_coarse_to_fine_global_pooled_init_flip_avg_coarse_only,benchmark,74,000074,2,partition_invariant,0.3287138732072995,-0.0286257626064366,0.5,0.2631926493661884,0.39423509704841053,0.2099609375,0.7900390625,2,2,0.0,0.0,ok,True,"cluster_b->texture_a,cluster_a->texture_b",cluster_b,cluster_a,0.2707107934258931,-0.0286257626064366,0.3287138732072995,-0.0286257626064366,best_partition_assignment,1,fpn_2,fpn_2,fpn_2,72x72,93369,168775,93369,168775,93369,168775,0.0,0.0,0.0,0.0,coarsest_pooled_direct,pooled_avg_pool_flip_avg_coarse_only,False,False,architexture_binary_v1,0.3287138732072995,-0.0286257626064366,3,3,24x24,"{""cluster_0"": {""cluster_value"": 0, ""component_size_histogram"": {""1071"": 1, ""774"": 1}, ""largest_component_size"": 1071, ""num_1_cell_components"": 0, ""num_2_cell_components"": 0, ""num_components"": 2, ""smallest_component_size"": 774, ""tiny_component_pixel_fraction"": 0.0, ""tiny_component_pixels"": 0}, ""cluster_1"": {""cluster_value"": 1, ""component_size_histogram"": {""3339"": 1}, ""largest_component_size"": 3339, ""num_1_cell_components"": 0, ""num_2_cell_components"": 0, ""num_components"": 1, ""smallest_component_size"": 3339, ""tiny_component_pixel_fraction"": 0.0, ""tiny_component_pixels"": 0}}"
cstd,feature_cluster_coarse_to_fine_global_pooled_init_flip_avg_coarse_only,benchmark,75,000075,2,partition_invariant,0.3475936833721106,-0.08798027289214189,0.5,0.016648676553407172,0.678538690190814,0.15346145629882812,0.8465385437011719,2,2,0.0,0.0,ok,True,"cluster_a->texture_a,cluster_b->texture_b",cluster_a,cluster_b,0.3475936833721106,-0.08798027289214189,0.19011858021287598,-0.08798027289214189,best_partition_assignment,1,fpn_2,fpn_2,fpn_2,72x72,46422,215722,46422,215722,46422,215722,0.0,0.0,0.0,0.0,coarsest_pooled_direct,pooled_avg_pool_flip_avg_coarse_only,False,False,architexture_binary_v1,0.3475936833721106,-0.08798027289214189,3,3,24x24,"{""cluster_0"": {""cluster_value"": 0, ""component_size_histogram"": {""918"": 1}, ""largest_component_size"": 918, ""num_1_cell_components"": 0, ""num_2_cell_components"": 0, ""num_components"": 1, ""smallest_component_size"": 918, ""tiny_component_pixel_fraction"": 0.0, ""tiny_component_pixels"": 0}, ""cluster_1"": {""cluster_value"": 1, ""component_size_histogram"": {""4266"": 1}, ""largest_component_size"": 4266, ""num_1_cell_components"": 0, ""num_2_cell_components"": 0, ""num_components"": 1, ""smallest_component_size"": 4266, ""tiny_component_pixel_fraction"": 0.0, ""tiny_component_pixels"": 0}}"
cstd,feature_cluster_coarse_to_fine_global_pooled_init_flip_avg_coarse_only,benchmark,76,000076,2,partition_invariant,0.47257206901999266,0.09828844457484849,0.5,0.37604547921566445,0.5690986588243209,0.21841812133789062,0.7815818786621094,2,2,0.0,0.0,ok,True,"cluster_b->texture_a,cluster_a->texture_b",cluster_b,cluster_a,0.1760974760046496,0.09828844457484849,0.47257206901999266,0.09828844457484849,best_partition_assignment,1,fpn_2,fpn_2,fpn_2,72x72,121644,140500,121644,140500,121644,140500,0.0,0.0,0.0,0.0,coarsest_pooled_direct,pooled_avg_pool_flip_avg_coarse_only,False,False,architexture_binary_v1,0.47257206901999266,0.09828844457484849,3,3,24x24,"{""cluster_0"": {""cluster_value"": 0, ""component_size_histogram"": {""171"": 1, ""1980"": 1, ""27"": 1, ""36"": 1, ""45"": 2, ""63"": 1, ""9"": 4}, ""largest_component_size"": 1980, ""num_1_cell_components"": 0, ""num_2_cell_components"": 0, ""num_components"": 11, ""smallest_component_size"": 9, ""tiny_component_pixel_fraction"": 0.0, ""tiny_component_pixels"": 0}, ""cluster_1"": {""cluster_value"": 1, ""component_size_histogram"": {""2691"": 1, ""36"": 2, ""9"": 2}, ""largest_component_size"": 2691, ""num_1_cell_components"": 0, ""num_2_cell_components"": 0, ""num_components"": 5, ""smallest_component_size"": 9, ""tiny_component_pixel_fraction"": 0.0, ""tiny_component_pixels"": 0}}"
cstd,feature_cluster_coarse_to_fine_global_pooled_init_flip_avg_coarse_only,benchmark,77,000077,2,partition_invariant,0.9633455692400839,0.939701541135418,0.5,0.9461866923055171,0.9805044461746507,0.25945281982421875,0.7405471801757812,2,2,0.0,0.0,ok,True,"cluster_a->texture_a,cluster_b->texture_b",cluster_a,cluster_b,0.9633455692400839,0.939701541135418,0.007302859512888437,0.939701541135418,best_partition_assignment,1,fpn_2,fpn_2,fpn_2,72x72,69632,192512,69632,192512,69632,192512,0.0,0.0,0.0,0.0,coarsest_pooled_direct,pooled_avg_pool_flip_avg_coarse_only,False,False,architexture_binary_v1,0.9633455692400839,0.939701541135418,3,3,24x24,"{""cluster_0"": {""cluster_value"": 0, ""component_size_histogram"": {""1377"": 1}, ""largest_component_size"": 1377, ""num_1_cell_components"": 0, ""num_2_cell_components"": 0, ""num_components"": 1, ""smallest_component_size"": 1377, ""tiny_component_pixel_fraction"": 0.0, ""tiny_component_pixels"": 0}, ""cluster_1"": {""cluster_value"": 1, ""component_size_histogram"": {""3807"": 1}, ""largest_component_size"": 3807, ""num_1_cell_components"": 0, ""num_2_cell_components"": 0, ""num_components"": 1, ""smallest_component_size"": 3807, ""tiny_component_pixel_fraction"": 0.0, ""tiny_component_pixels"": 0}}"
cstd,feature_cluster_coarse_to_fine_global_pooled_init_flip_avg_coarse_only,benchmark,78,000078,2,partition_invariant,0.9476224856662816,0.9155912580341995,0.5,0.9215875801150981,0.9736573912174652,0.23797607421875,0.76202392578125,2,2,0.0,0.0,ok,True,"cluster_a->texture_a,cluster_b->texture_b",cluster_a,cluster_b,0.9476224856662816,0.9155912580341995,0.010086760315527472,0.9155912580341995,best_partition_assignment,1,fpn_2,fpn_2,fpn_2,72x72,66837,195307,66837,195307,66837,195307,0.0,0.0,0.0,0.0,coarsest_pooled_direct,pooled_avg_pool_flip_avg_coarse_only,False,False,architexture_binary_v1,0.9476224856662816,0.9155912580341995,3,3,24x24,"{""cluster_0"": {""cluster_value"": 0, ""component_size_histogram"": {""1305"": 1, ""9"": 2}, ""largest_component_size"": 1305, ""num_1_cell_components"": 0, ""num_2_cell_components"": 0, ""num_components"": 3, ""smallest_component_size"": 9, ""tiny_component_pixel_fraction"": 0.0, ""tiny_component_pixels"": 0}, ""cluster_1"": {""cluster_value"": 1, ""component_size_histogram"": {""18"": 1, ""3834"": 1, ""9"": 1}, ""largest_component_size"": 3834, ""num_1_cell_components"": 0, ""num_2_cell_components"": 0, ""num_components"": 3, ""smallest_component_size"": 9, ""tiny_component_pixel_fraction"": 0.0, ""tiny_component_pixels"": 0}}"
cstd,feature_cluster_coarse_to_fine_global_pooled_init_flip_avg_coarse_only,benchmark,79,000079,2,partition_invariant,0.8997280696393228,0.8006476291083227,0.5,0.9053969691356755,0.8940591701429702,0.540191650390625,0.459808349609375,2,2,0.0,0.0,ok,True,"cluster_b->texture_a,cluster_a->texture_b",cluster_b,cluster_a,0.026901033476762815,0.8006476291083227,0.8997280696393228,0.8006476291083227,best_partition_assignment,1,fpn_2,fpn_2,fpn_2,72x72,126008,136136,126008,136136,126008,136136,0.0,0.0,0.0,0.0,coarsest_pooled_direct,pooled_avg_pool_flip_avg_coarse_only,False,False,architexture_binary_v1,0.8997280696393228,0.8006476291083227,3,3,24x24,"{""cluster_0"": {""cluster_value"": 0, ""component_size_histogram"": {""2439"": 1, ""45"": 1, ""9"": 1}, ""largest_component_size"": 2439, ""num_1_cell_components"": 0, ""num_2_cell_components"": 0, ""num_components"": 3, ""smallest_component_size"": 9, ""tiny_component_pixel_fraction"": 0.0, ""tiny_component_pixels"": 0}, ""cluster_1"": {""cluster_value"": 1, ""component_size_histogram"": {""2646"": 1, ""9"": 5}, ""largest_component_size"": 2646, ""num_1_cell_components"": 0, ""num_2_cell_components"": 0, ""num_components"": 6, ""smallest_component_size"": 9, ""tiny_component_pixel_fraction"": 0.0, ""tiny_component_pixels"": 0}}"
cstd,feature_cluster_coarse_to_fine_global_pooled_init_flip_avg_coarse_only,benchmark,80,000080,2,partition_invariant,0.9184359255650203,0.8621345864259264,0.5,0.8831099544567339,0.9537618966733067,0.2597389221191406,0.7402610778808594,2,2,0.0,0.0,ok,True,"cluster_b->texture_a,cluster_a->texture_b",cluster_b,cluster_a,0.017162516691571112,0.8621345864259264,0.9184359255650203,0.8621345864259264,best_partition_assignment,1,fpn_2,fpn_2,fpn_2,72x72,185516,76628,185516,76628,185516,76628,0.0,0.0,0.0,0.0,coarsest_pooled_direct,pooled_avg_pool_flip_avg_coarse_only,False,False,architexture_binary_v1,0.9184359255650203,0.8621345864259264,3,3,24x24,"{""cluster_0"": {""cluster_value"": 0, ""component_size_histogram"": {""3672"": 1}, ""largest_component_size"": 3672, ""num_1_cell_components"": 0, ""num_2_cell_components"": 0, ""num_components"": 1, ""smallest_component_size"": 3672, ""tiny_component_pixel_fraction"": 0.0, ""tiny_component_pixels"": 0}, ""cluster_1"": {""cluster_value"": 1, ""component_size_histogram"": {""1512"": 1}, ""largest_component_size"": 1512, ""num_1_cell_components"": 0, ""num_2_cell_components"": 0, ""num_components"": 1, ""smallest_component_size"": 1512, ""tiny_component_pixel_fraction"": 0.0, ""tiny_component_pixels"": 0}}"
cstd,feature_cluster_coarse_to_fine_global_pooled_init_flip_avg_coarse_only,benchmark,81,000081,2,partition_invariant,0.35539090416142427,-0.000508130529374677,0.5,0.29564739742173957,0.4151344109011089,0.2875175476074219,0.7124824523925781,2,2,0.0,0.0,ok,True,"cluster_a->texture_a,cluster_b->texture_b",cluster_a,cluster_b,0.35539090416142427,-0.000508130529374677,0.2812472868911491,-0.000508130529374677,best_partition_assignment,1,fpn_2,fpn_2,fpn_2,72x72,151068,111076,151068,111076,151068,111076,0.0,0.0,0.0,0.0,coarsest_pooled_direct,pooled_avg_pool_flip_avg_coarse_only,False,False,architexture_binary_v1,0.35539090416142427,-0.000508130529374677,3,3,24x24,"{""cluster_0"": {""cluster_value"": 0, ""component_size_histogram"": {""1008"": 1, ""153"": 1, ""1818"": 1, ""9"": 1}, ""largest_component_size"": 1818, ""num_1_cell_components"": 0, ""num_2_cell_components"": 0, ""num_components"": 4, ""smallest_component_size"": 9, ""tiny_component_pixel_fraction"": 0.0, ""tiny_component_pixels"": 0}, ""cluster_1"": {""cluster_value"": 1, ""component_size_histogram"": {""2196"": 1}, ""largest_component_size"": 2196, ""num_1_cell_components"": 0, ""num_2_cell_components"": 0, ""num_components"": 1, ""smallest_component_size"": 2196, ""tiny_component_pixel_fraction"": 0.0, ""tiny_component_pixels"": 0}}"
cstd,feature_cluster_coarse_to_fine_global_pooled_init_flip_avg_coarse_only,benchmark,82,000082,2,partition_invariant,0.7219495621392537,0.5721369407112543,0.5,0.892440190560928,0.5514589337175793,0.8798294067382812,0.12017059326171875,2,2,0.0,0.0,ok,True,"cluster_b->texture_a,cluster_a->texture_b",cluster_b,cluster_a,0.04782414051406171,0.5721369407112543,0.7219495621392537,0.5721369407112543,best_partition_assignment,1,fpn_2,fpn_2,fpn_2,72x72,54635,207509,54635,207509,54635,207509,0.0,0.0,0.0,0.0,coarsest_pooled_direct,pooled_avg_pool_flip_avg_coarse_only,False,False,architexture_binary_v1,0.7219495621392537,0.5721369407112543,3,3,24x24,"{""cluster_0"": {""cluster_value"": 0, ""component_size_histogram"": {""27"": 1, ""315"": 1, ""729"": 1, ""9"": 1}, ""largest_component_size"": 729, ""num_1_cell_components"": 0, ""num_2_cell_components"": 0, ""num_components"": 4, ""smallest_component_size"": 9, ""tiny_component_pixel_fraction"": 0.0, ""tiny_component_pixels"": 0}, ""cluster_1"": {""cluster_value"": 1, ""component_size_histogram"": {""4104"": 1}, ""largest_component_size"": 4104, ""num_1_cell_components"": 0, ""num_2_cell_components"": 0, ""num_components"": 1, ""smallest_component_size"": 4104, ""tiny_component_pixel_fraction"": 0.0, ""tiny_component_pixels"": 0}}"
cstd,feature_cluster_coarse_to_fine_global_pooled_init_flip_avg_coarse_only,benchmark,83,000083,2,partition_invariant,0.6384332458765564,0.4173249945651933,0.5,0.433863983109618,0.8430025086434948,0.18793487548828125,0.8120651245117188,2,2,0.0,0.0,ok,True,"cluster_a->texture_a,cluster_b->texture_b",cluster_a,cluster_b,0.6384332458765564,0.4173249945651933,0.07523060401264856,0.4173249945651933,best_partition_assignment,1,fpn_2,fpn_2,fpn_2,72x72,43776,218368,43776,218368,43776,218368,0.0,0.0,0.0,0.0,coarsest_pooled_direct,pooled_avg_pool_flip_avg_coarse_only,False,False,architexture_binary_v1,0.6384332458765564,0.4173249945651933,3,3,24x24,"{""cluster_0"": {""cluster_value"": 0, ""component_size_histogram"": {""864"": 1}, ""largest_component_size"": 864, ""num_1_cell_components"": 0, ""num_2_cell_components"": 0, ""num_components"": 1, ""smallest_component_size"": 864, ""tiny_component_pixel_fraction"": 0.0, ""tiny_component_pixels"": 0}, ""cluster_1"": {""cluster_value"": 1, ""component_size_histogram"": {""3906"": 1, ""414"": 1}, ""largest_component_size"": 3906, ""num_1_cell_components"": 0, ""num_2_cell_components"": 0, ""num_components"": 2, ""smallest_component_size"": 414, ""tiny_component_pixel_fraction"": 0.0, ""tiny_component_pixels"": 0}}"
cstd,feature_cluster_coarse_to_fine_global_pooled_init_flip_avg_coarse_only,benchmark,84,000084,2,partition_invariant,0.9485221722133941,0.9092660457241143,0.5,0.9675088285303222,0.9295355158964661,0.6801681518554688,0.31983184814453125,2,2,0.0,0.0,ok,True,"cluster_b->texture_a,cluster_a->texture_b",cluster_b,cluster_a,0.011430331989830603,0.9092660457241143,0.9485221722133941,0.9092660457241143,best_partition_assignment,1,fpn_2,fpn_2,fpn_2,72x72,79416,182728,79416,182728,79416,182728,0.0,0.0,0.0,0.0,coarsest_pooled_direct,pooled_avg_pool_flip_avg_coarse_only,False,False,architexture_binary_v1,0.9485221722133941,0.9092660457241143,3,3,24x24,"{""cluster_0"": {""cluster_value"": 0, ""component_size_histogram"": {""1575"": 1}, ""largest_component_size"": 1575, ""num_1_cell_components"": 0, ""num_2_cell_components"": 0, ""num_components"": 1, ""smallest_component_size"": 1575, ""tiny_component_pixel_fraction"": 0.0, ""tiny_component_pixels"": 0}, ""cluster_1"": {""cluster_value"": 1, ""component_size_histogram"": {""3609"": 1}, ""largest_component_size"": 3609, ""num_1_cell_components"": 0, ""num_2_cell_components"": 0, ""num_components"": 1, ""smallest_component_size"": 3609, ""tiny_component_pixel_fraction"": 0.0, ""tiny_component_pixels"": 0}}"
cstd,feature_cluster_coarse_to_fine_global_pooled_init_flip_avg_coarse_only,benchmark,85,000085,2,partition_invariant,0.6563252967539108,0.35418263282433865,0.5,0.7053129633640438,0.6073376301437778,0.4916496276855469,0.5083503723144531,2,2,0.0,0.0,ok,True,"cluster_b->texture_a,cluster_a->texture_b",cluster_b,cluster_a,0.10278513509840086,0.35418263282433865,0.6563252967539108,0.35418263282433865,best_partition_assignment,1,fpn_2,fpn_2,fpn_2,72x72,83953,178191,83953,178191,83953,178191,0.0,0.0,0.0,0.0,coarsest_pooled_direct,pooled_avg_pool_flip_avg_coarse_only,False,False,architexture_binary_v1,0.6563252967539108,0.35418263282433865,3,3,24x24,"{""cluster_0"": {""cluster_value"": 0, ""component_size_histogram"": {""108"": 1, ""1548"": 1, ""9"": 1}, ""largest_component_size"": 1548, ""num_1_cell_components"": 0, ""num_2_cell_components"": 0, ""num_components"": 3, ""smallest_component_size"": 9, ""tiny_component_pixel_fraction"": 0.0, ""tiny_component_pixels"": 0}, ""cluster_1"": {""cluster_value"": 1, ""component_size_histogram"": {""3519"": 1}, ""largest_component_size"": 3519, ""num_1_cell_components"": 0, ""num_2_cell_components"": 0, ""num_components"": 1, ""smallest_component_size"": 3519, ""tiny_component_pixel_fraction"": 0.0, ""tiny_component_pixels"": 0}}"
cstd,feature_cluster_coarse_to_fine_global_pooled_init_flip_avg_coarse_only,benchmark,86,000086,2,partition_invariant,0.3940422148876491,0.021424428510925894,0.5,0.3197264385767973,0.46835799119850097,0.42800140380859375,0.5719985961914062,2,2,0.0,0.0,ok,True,"cluster_a->texture_a,cluster_b->texture_b",cluster_a,cluster_b,0.3940422148876491,0.021424428510925894,0.26985027029497133,0.021424428510925894,best_partition_assignment,1,fpn_2,fpn_2,fpn_2,72x72,104121,158023,104121,158023,104121,158023,0.0,0.0,0.0,0.0,coarsest_pooled_direct,pooled_avg_pool_flip_avg_coarse_only,False,False,architexture_binary_v1,0.3940422148876491,0.021424428510925894,3,3,24x24,"{""cluster_0"": {""cluster_value"": 0, ""component_size_histogram"": {""1395"": 1, ""666"": 1}, ""largest_component_size"": 1395, ""num_1_cell_components"": 0, ""num_2_cell_components"": 0, ""num_components"": 2, ""smallest_component_size"": 666, ""tiny_component_pixel_fraction"": 0.0, ""tiny_component_pixels"": 0}, ""cluster_1"": {""cluster_value"": 1, ""component_size_histogram"": {""3123"": 1}, ""largest_component_size"": 3123, ""num_1_cell_components"": 0, ""num_2_cell_components"": 0, ""num_components"": 1, ""smallest_component_size"": 3123, ""tiny_component_pixel_fraction"": 0.0, ""tiny_component_pixels"": 0}}"
cstd,feature_cluster_coarse_to_fine_global_pooled_init_flip_avg_coarse_only,benchmark,87,000087,2,partition_invariant,0.31126560467509656,-0.043005461007644116,0.5,0.22513559781199025,0.3973956115382029,0.16025924682617188,0.8397407531738281,2,2,0.0,0.0,ok,True,"cluster_b->texture_a,cluster_a->texture_b",cluster_b,cluster_a,0.26493052033221504,-0.043005461007644116,0.31126560467509656,-0.043005461007644116,best_partition_assignment,1,fpn_2,fpn_2,fpn_2,72x72,91605,170539,91605,170539,91605,170539,0.0,0.0,0.0,0.0,coarsest_pooled_direct,pooled_avg_pool_flip_avg_coarse_only,False,False,architexture_binary_v1,0.31126560467509656,-0.043005461007644116,3,3,24x24,"{""cluster_0"": {""cluster_value"": 0, ""component_size_histogram"": {""864"": 1, ""945"": 1}, ""largest_component_size"": 945, ""num_1_cell_components"": 0, ""num_2_cell_components"": 0, ""num_components"": 2, ""smallest_component_size"": 864, ""tiny_component_pixel_fraction"": 0.0, ""tiny_component_pixels"": 0}, ""cluster_1"": {""cluster_value"": 1, ""component_size_histogram"": {""3375"": 1}, ""largest_component_size"": 3375, ""num_1_cell_components"": 0, ""num_2_cell_components"": 0, ""num_components"": 1, ""smallest_component_size"": 3375, ""tiny_component_pixel_fraction"": 0.0, ""tiny_component_pixels"": 0}}"
cstd,feature_cluster_coarse_to_fine_global_pooled_init_flip_avg_coarse_only,benchmark,88,000088,2,partition_invariant,0.879197015333648,0.7885321339260565,0.5,0.8333663631806577,0.9250276674866383,0.27508544921875,0.72491455078125,2,2,0.0,0.0,ok,True,"cluster_a->texture_a,cluster_b->texture_b",cluster_a,cluster_b,0.879197015333648,0.7885321339260565,0.027391528229049094,0.7885321339260565,best_partition_assignment,1,fpn_2,fpn_2,fpn_2,72x72,85156,176988,85156,176988,85156,176988,0.0,0.0,0.0,0.0,coarsest_pooled_direct,pooled_avg_pool_flip_avg_coarse_only,False,False,architexture_binary_v1,0.879197015333648,0.7885321339260565,3,3,24x24,"{""cluster_0"": {""cluster_value"": 0, ""component_size_histogram"": {""1683"": 1}, ""largest_component_size"": 1683, ""num_1_cell_components"": 0, ""num_2_cell_components"": 0, ""num_components"": 1, ""smallest_component_size"": 1683, ""tiny_component_pixel_fraction"": 0.0, ""tiny_component_pixels"": 0}, ""cluster_1"": {""cluster_value"": 1, ""component_size_histogram"": {""3501"": 1}, ""largest_component_size"": 3501, ""num_1_cell_components"": 0, ""num_2_cell_components"": 0, ""num_components"": 1, ""smallest_component_size"": 3501, ""tiny_component_pixel_fraction"": 0.0, ""tiny_component_pixels"": 0}}"
cstd,feature_cluster_coarse_to_fine_global_pooled_init_flip_avg_coarse_only,benchmark,89,000089,2,partition_invariant,0.8148750410956088,0.7007243944108239,0.5,0.7213907503336251,0.9083593318575925,0.19199371337890625,0.8080062866210938,2,2,0.0,0.0,ok,True,"cluster_a->texture_a,cluster_b->texture_b",cluster_a,cluster_b,0.8148750410956088,0.7007243944108239,0.037049780491028854,0.7007243944108239,best_partition_assignment,1,fpn_2,fpn_2,fpn_2,72x72,69632,192512,69632,192512,69632,192512,0.0,0.0,0.0,0.0,coarsest_pooled_direct,pooled_avg_pool_flip_avg_coarse_only,False,False,architexture_binary_v1,0.8148750410956088,0.7007243944108239,3,3,24x24,"{""cluster_0"": {""cluster_value"": 0, ""component_size_histogram"": {""1377"": 1}, ""largest_component_size"": 1377, ""num_1_cell_components"": 0, ""num_2_cell_components"": 0, ""num_components"": 1, ""smallest_component_size"": 1377, ""tiny_component_pixel_fraction"": 0.0, ""tiny_component_pixels"": 0}, ""cluster_1"": {""cluster_value"": 1, ""component_size_histogram"": {""3807"": 1}, ""largest_component_size"": 3807, ""num_1_cell_components"": 0, ""num_2_cell_components"": 0, ""num_components"": 1, ""smallest_component_size"": 3807, ""tiny_component_pixel_fraction"": 0.0, ""tiny_component_pixels"": 0}}"
cstd,feature_cluster_coarse_to_fine_global_pooled_init_flip_avg_coarse_only,benchmark,90,000090,2,partition_invariant,0.8173732345714824,0.6648343387979216,0.5,0.7645432905116957,0.8702031786312691,0.3268585205078125,0.6731414794921875,2,2,0.0,0.0,ok,True,"cluster_a->texture_a,cluster_b->texture_b",cluster_a,cluster_b,0.8173732345714824,0.6648343387979216,0.047595784633050635,0.6648343387979216,best_partition_assignment,1,fpn_2,fpn_2,fpn_2,72x72,93703,168441,93703,168441,93703,168441,0.0,0.0,0.0,0.0,coarsest_pooled_direct,pooled_avg_pool_flip_avg_coarse_only,False,False,architexture_binary_v1,0.8173732345714824,0.6648343387979216,3,3,24x24,"{""cluster_0"": {""cluster_value"": 0, ""component_size_histogram"": {""1854"": 1}, ""largest_component_size"": 1854, ""num_1_cell_components"": 0, ""num_2_cell_components"": 0, ""num_components"": 1, ""smallest_component_size"": 1854, ""tiny_component_pixel_fraction"": 0.0, ""tiny_component_pixels"": 0}, ""cluster_1"": {""cluster_value"": 1, ""component_size_histogram"": {""135"": 1, ""18"": 1, ""27"": 1, ""3141"": 1, ""9"": 1}, ""largest_component_size"": 3141, ""num_1_cell_components"": 0, ""num_2_cell_components"": 0, ""num_components"": 5, ""smallest_component_size"": 9, ""tiny_component_pixel_fraction"": 0.0, ""tiny_component_pixels"": 0}}"
cstd,feature_cluster_coarse_to_fine_global_pooled_init_flip_avg_coarse_only,benchmark,91,000091,2,partition_invariant,0.33881292937262775,-0.05127100040579708,0.5,0.32054266213397364,0.3570831966112818,0.24329376220703125,0.7567062377929688,2,2,0.0,0.0,ok,True,"cluster_b->texture_a,cluster_a->texture_b",cluster_b,cluster_a,0.2541622983015763,-0.05127100040579708,0.33881292937262775,-0.05127100040579708,best_partition_assignment,1,fpn_2,fpn_2,fpn_2,72x72,74595,187549,74595,187549,74595,187549,0.0,0.0,0.0,0.0,coarsest_pooled_direct,pooled_avg_pool_flip_avg_coarse_only,False,False,architexture_binary_v1,0.33881292937262775,-0.05127100040579708,3,3,24x24,"{""cluster_0"": {""cluster_value"": 0, ""component_size_histogram"": {""1386"": 1, ""81"": 1}, ""largest_component_size"": 1386, ""num_1_cell_components"": 0, ""num_2_cell_components"": 0, ""num_components"": 2, ""smallest_component_size"": 81, ""tiny_component_pixel_fraction"": 0.0, ""tiny_component_pixels"": 0}, ""cluster_1"": {""cluster_value"": 1, ""component_size_histogram"": {""3717"": 1}, ""largest_component_size"": 3717, ""num_1_cell_components"": 0, ""num_2_cell_components"": 0, ""num_components"": 1, ""smallest_component_size"": 3717, ""tiny_component_pixel_fraction"": 0.0, ""tiny_component_pixels"": 0}}"
cstd,feature_cluster_coarse_to_fine_global_pooled_init_flip_avg_coarse_only,benchmark,92,000092,2,partition_invariant,0.9530885304039648,0.9253579051675501,0.5,0.9290136766880237,0.9771633841199059,0.23684310913085938,0.7631568908691406,2,2,0.0,0.0,ok,True,"cluster_a->texture_a,cluster_b->texture_b",cluster_a,cluster_b,0.9530885304039648,0.9253579051675501,0.008864711057358038,0.9253579051675501,best_partition_assignment,1,fpn_2,fpn_2,fpn_2,72x72,63160,198984,63160,198984,63160,198984,0.0,0.0,0.0,0.0,coarsest_pooled_direct,pooled_avg_pool_flip_avg_coarse_only,False,False,architexture_binary_v1,0.9530885304039648,0.9253579051675501,3,3,24x24,"{""cluster_0"": {""cluster_value"": 0, ""component_size_histogram"": {""1251"": 1}, ""largest_component_size"": 1251, ""num_1_cell_components"": 0, ""num_2_cell_components"": 0, ""num_components"": 1, ""smallest_component_size"": 1251, ""tiny_component_pixel_fraction"": 0.0, ""tiny_component_pixels"": 0}, ""cluster_1"": {""cluster_value"": 1, ""component_size_histogram"": {""3933"": 1}, ""largest_component_size"": 3933, ""num_1_cell_components"": 0, ""num_2_cell_components"": 0, ""num_components"": 1, ""smallest_component_size"": 3933, ""tiny_component_pixel_fraction"": 0.0, ""tiny_component_pixels"": 0}}"
cstd,feature_cluster_coarse_to_fine_global_pooled_init_flip_avg_coarse_only,benchmark,93,000093,2,partition_invariant,0.9372810777763985,0.8882371295603276,0.5,0.9152493909622225,0.9593127645905744,0.30947113037109375,0.6905288696289062,2,2,0.0,0.0,ok,True,"cluster_a->texture_a,cluster_b->texture_b",cluster_a,cluster_b,0.9372810777763985,0.8882371295603276,0.014236147209497643,0.8882371295603276,best_partition_assignment,1,fpn_2,fpn_2,fpn_2,72x72,86330,175814,86330,175814,86330,175814,0.0,0.0,0.0,0.0,coarsest_pooled_direct,pooled_avg_pool_flip_avg_coarse_only,False,False,architexture_binary_v1,0.9372810777763985,0.8882371295603276,3,3,24x24,"{""cluster_0"": {""cluster_value"": 0, ""component_size_histogram"": {""1710"": 1}, ""largest_component_size"": 1710, ""num_1_cell_components"": 0, ""num_2_cell_components"": 0, ""num_components"": 1, ""smallest_component_size"": 1710, ""tiny_component_pixel_fraction"": 0.0, ""tiny_component_pixels"": 0}, ""cluster_1"": {""cluster_value"": 1, ""component_size_histogram"": {""3474"": 1}, ""largest_component_size"": 3474, ""num_1_cell_components"": 0, ""num_2_cell_components"": 0, ""num_components"": 1, ""smallest_component_size"": 3474, ""tiny_component_pixel_fraction"": 0.0, ""tiny_component_pixels"": 0}}"
cstd,feature_cluster_coarse_to_fine_global_pooled_init_flip_avg_coarse_only,benchmark,94,000094,2,partition_invariant,0.37945303289668686,0.017421715704818846,0.5,0.47690673484590695,0.28199933094746676,0.5063629150390625,0.4936370849609375,2,2,0.0,0.0,ok,True,"cluster_b->texture_a,cluster_a->texture_b",cluster_b,cluster_a,0.26353538240129476,0.017421715704818846,0.37945303289668686,0.017421715704818846,best_partition_assignment,1,fpn_2,fpn_2,fpn_2,72x72,73707,188437,73707,188437,73707,188437,0.0,0.0,0.0,0.0,coarsest_pooled_direct,pooled_avg_pool_flip_avg_coarse_only,False,False,architexture_binary_v1,0.37945303289668686,0.017421715704818846,3,3,24x24,"{""cluster_0"": {""cluster_value"": 0, ""component_size_histogram"": {""1458"": 1}, ""largest_component_size"": 1458, ""num_1_cell_components"": 0, ""num_2_cell_components"": 0, ""num_components"": 1, ""smallest_component_size"": 1458, ""tiny_component_pixel_fraction"": 0.0, ""tiny_component_pixels"": 0}, ""cluster_1"": {""cluster_value"": 1, ""component_size_histogram"": {""3726"": 1}, ""largest_component_size"": 3726, ""num_1_cell_components"": 0, ""num_2_cell_components"": 0, ""num_components"": 1, ""smallest_component_size"": 3726, ""tiny_component_pixel_fraction"": 0.0, ""tiny_component_pixels"": 0}}"
cstd,feature_cluster_coarse_to_fine_global_pooled_init_flip_avg_coarse_only,benchmark,95,000095,2,partition_invariant,0.48038847097381776,0.10278343463189749,0.5,0.561490976987994,0.39928596495964147,0.4834403991699219,0.5165596008300781,2,2,0.0,0.0,ok,True,"cluster_b->texture_a,cluster_a->texture_b",cluster_b,cluster_a,0.187194019779971,0.10278343463189749,0.48038847097381776,0.10278343463189749,best_partition_assignment,1,fpn_2,fpn_2,fpn_2,72x72,71922,190222,71922,190222,71922,190222,0.0,0.0,0.0,0.0,coarsest_pooled_direct,pooled_avg_pool_flip_avg_coarse_only,False,False,architexture_binary_v1,0.48038847097381776,0.10278343463189749,3,3,24x24,"{""cluster_0"": {""cluster_value"": 0, ""component_size_histogram"": {""1098"": 1, ""18"": 2, ""225"": 1, ""63"": 1}, ""largest_component_size"": 1098, ""num_1_cell_components"": 0, ""num_2_cell_components"": 0, ""num_components"": 5, ""smallest_component_size"": 18, ""tiny_component_pixel_fraction"": 0.0, ""tiny_component_pixels"": 0}, ""cluster_1"": {""cluster_value"": 1, ""component_size_histogram"": {""3762"": 1}, ""largest_component_size"": 3762, ""num_1_cell_components"": 0, ""num_2_cell_components"": 0, ""num_components"": 1, ""smallest_component_size"": 3762, ""tiny_component_pixel_fraction"": 0.0, ""tiny_component_pixels"": 0}}"
cstd,feature_cluster_coarse_to_fine_global_pooled_init_flip_avg_coarse_only,benchmark,96,000096,2,partition_invariant,0.7279477703654069,0.4725396852489631,0.5,0.70617809909057,0.7497174416402437,0.38777923583984375,0.6122207641601562,2,2,0.0,0.0,ok,True,"cluster_b->texture_a,cluster_a->texture_b",cluster_b,cluster_a,0.08005205763143869,0.4725396852489631,0.7279477703654069,0.4725396852489631,best_partition_assignment,1,fpn_2,fpn_2,fpn_2,72x72,125909,136235,125909,136235,125909,136235,0.0,0.0,0.0,0.0,coarsest_pooled_direct,pooled_avg_pool_flip_avg_coarse_only,False,False,architexture_binary_v1,0.7279477703654069,0.4725396852489631,3,3,24x24,"{""cluster_0"": {""cluster_value"": 0, ""component_size_histogram"": {""2484"": 1}, ""largest_component_size"": 2484, ""num_1_cell_components"": 0, ""num_2_cell_components"": 0, ""num_components"": 1, ""smallest_component_size"": 2484, ""tiny_component_pixel_fraction"": 0.0, ""tiny_component_pixels"": 0}, ""cluster_1"": {""cluster_value"": 1, ""component_size_histogram"": {""18"": 1, ""2349"": 1, ""45"": 2, ""72"": 1, ""81"": 1, ""90"": 1}, ""largest_component_size"": 2349, ""num_1_cell_components"": 0, ""num_2_cell_components"": 0, ""num_components"": 7, ""smallest_component_size"": 18, ""tiny_component_pixel_fraction"": 0.0, ""tiny_component_pixels"": 0}}"
cstd,feature_cluster_coarse_to_fine_global_pooled_init_flip_avg_coarse_only,benchmark,97,000097,2,partition_invariant,0.46998978954286585,0.12553047684003923,0.5,0.22563011089951832,0.7143494681862134,0.24406051635742188,0.7559394836425781,2,2,0.0,0.0,ok,True,"cluster_a->texture_a,cluster_b->texture_b",cluster_a,cluster_b,0.46998978954286585,0.12553047684003923,0.15046582793557867,0.12553047684003923,best_partition_assignment,1,fpn_2,fpn_2,fpn_2,72x72,45433,216711,45433,216711,45433,216711,0.0,0.0,0.0,0.0,coarsest_pooled_direct,pooled_avg_pool_flip_avg_coarse_only,False,False,architexture_binary_v1,0.46998978954286585,0.12553047684003923,3,3,24x24,"{""cluster_0"": {""cluster_value"": 0, ""component_size_histogram"": {""144"": 1, ""18"": 4, ""27"": 1, ""279"": 1, ""324"": 1, ""45"": 1, ""9"": 1}, ""largest_component_size"": 324, ""num_1_cell_components"": 0, ""num_2_cell_components"": 0, ""num_components"": 10, ""smallest_component_size"": 9, ""tiny_component_pixel_fraction"": 0.0, ""tiny_component_pixels"": 0}, ""cluster_1"": {""cluster_value"": 1, ""component_size_histogram"": {""4284"": 1}, ""largest_component_size"": 4284, ""num_1_cell_components"": 0, ""num_2_cell_components"": 0, ""num_components"": 1, ""smallest_component_size"": 4284, ""tiny_component_pixel_fraction"": 0.0, ""tiny_component_pixels"": 0}}"
cstd,feature_cluster_coarse_to_fine_global_pooled_init_flip_avg_coarse_only,benchmark,98,000098,2,partition_invariant,0.8449446911880152,0.6944539868838785,0.5,0.831203152770265,0.8586862296057653,0.4177742004394531,0.5822257995605469,2,2,0.0,0.0,ok,True,"cluster_a->texture_a,cluster_b->texture_b",cluster_a,cluster_b,0.8449446911880152,0.6944539868838785,0.04225420790586488,0.6944539868838785,best_partition_assignment,1,fpn_2,fpn_2,fpn_2,72x72,127459,134685,127459,134685,127459,134685,0.0,0.0,0.0,0.0,coarsest_pooled_direct,pooled_avg_pool_flip_avg_coarse_only,False,False,architexture_binary_v1,0.8449446911880152,0.6944539868838785,3,3,24x24,"{""cluster_0"": {""cluster_value"": 0, ""component_size_histogram"": {""2223"": 1, ""288"": 1, ""9"": 1}, ""largest_component_size"": 2223, ""num_1_cell_components"": 0, ""num_2_cell_components"": 0, ""num_components"": 3, ""smallest_component_size"": 9, ""tiny_component_pixel_fraction"": 0.0, ""tiny_component_pixels"": 0}, ""cluster_1"": {""cluster_value"": 1, ""component_size_histogram"": {""2187"": 1, ""477"": 1}, ""largest_component_size"": 2187, ""num_1_cell_components"": 0, ""num_2_cell_components"": 0, ""num_components"": 2, ""smallest_component_size"": 477, ""tiny_component_pixel_fraction"": 0.0, ""tiny_component_pixels"": 0}}"
cstd,feature_cluster_coarse_to_fine_global_pooled_init_flip_avg_coarse_only,benchmark,99,000099,2,partition_invariant,0.9371689032236266,0.8820735820955783,0.5,0.9211342666242444,0.9532035398230089,0.3574371337890625,0.6425628662109375,2,2,0.0,0.0,ok,True,"cluster_a->texture_a,cluster_b->texture_b",cluster_a,cluster_b,0.9371689032236266,0.8820735820955783,0.01523638838876951,0.8820735820955783,best_partition_assignment,1,fpn_2,fpn_2,fpn_2,72x72,99520,162624,99520,162624,99520,162624,0.0,0.0,0.0,0.0,coarsest_pooled_direct,pooled_avg_pool_flip_avg_coarse_only,False,False,architexture_binary_v1,0.9371689032236266,0.8820735820955783,3,3,24x24,"{""cluster_0"": {""cluster_value"": 0, ""component_size_histogram"": {""1971"": 1}, ""largest_component_size"": 1971, ""num_1_cell_components"": 0, ""num_2_cell_components"": 0, ""num_components"": 1, ""smallest_component_size"": 1971, ""tiny_component_pixel_fraction"": 0.0, ""tiny_component_pixels"": 0}, ""cluster_1"": {""cluster_value"": 1, ""component_size_histogram"": {""3213"": 1}, ""largest_component_size"": 3213, ""num_1_cell_components"": 0, ""num_2_cell_components"": 0, ""num_components"": 1, ""smallest_component_size"": 3213, ""tiny_component_pixel_fraction"": 0.0, ""tiny_component_pixels"": 0}}"
cstd,feature_cluster_coarse_to_fine_global_pooled_init_flip_avg_coarse_only,benchmark,100,000100,2,partition_invariant,0.916851451534534,0.8340179022113636,0.5,0.9165137075813865,0.9171891954876814,0.5044937133789062,0.49550628662109375,2,2,0.0,0.0,ok,True,"cluster_b->texture_a,cluster_a->texture_b",cluster_b,cluster_a,0.022124600511387024,0.8340179022113636,0.916851451534534,0.8340179022113636,best_partition_assignment,1,fpn_2,fpn_2,fpn_2,72x72,133361,128783,133361,128783,133361,128783,0.0,0.0,0.0,0.0,coarsest_pooled_direct,pooled_avg_pool_flip_avg_coarse_only,False,False,architexture_binary_v1,0.916851451534534,0.8340179022113636,3,3,24x24,"{""cluster_0"": {""cluster_value"": 0, ""component_size_histogram"": {""2538"": 1, ""9"": 1, ""90"": 1}, ""largest_component_size"": 2538, ""num_1_cell_components"": 0, ""num_2_cell_components"": 0, ""num_components"": 3, ""smallest_component_size"": 9, ""tiny_component_pixel_fraction"": 0.0, ""tiny_component_pixels"": 0}, ""cluster_1"": {""cluster_value"": 1, ""component_size_histogram"": {""2547"": 1}, ""largest_component_size"": 2547, ""num_1_cell_components"": 0, ""num_2_cell_components"": 0, ""num_components"": 1, ""smallest_component_size"": 2547, ""tiny_component_pixel_fraction"": 0.0, ""tiny_component_pixels"": 0}}"
cstd,feature_cluster_coarse_to_fine_global_pooled_init_flip_avg_coarse_only,benchmark,101,000101,2,partition_invariant,0.40613521746846204,0.028355671468655422,0.5,0.5127316308656772,0.29953880407124683,0.4258384704589844,0.5741615295410156,2,2,0.0,0.0,ok,True,"cluster_b->texture_a,cluster_a->texture_b",cluster_b,cluster_a,0.20243920400866125,0.028355671468655422,0.40613521746846204,0.028355671468655422,best_partition_assignment,1,fpn_2,fpn_2,fpn_2,72x72,45603,216541,45603,216541,45603,216541,0.0,0.0,0.0,0.0,coarsest_pooled_direct,pooled_avg_pool_flip_avg_coarse_only,False,False,architexture_binary_v1,0.40613521746846204,0.028355671468655422,3,3,24x24,"{""cluster_0"": {""cluster_value"": 0, ""component_size_histogram"": {""171"": 1, ""729"": 1}, ""largest_component_size"": 729, ""num_1_cell_components"": 0, ""num_2_cell_components"": 0, ""num_components"": 2, ""smallest_component_size"": 171, ""tiny_component_pixel_fraction"": 0.0, ""tiny_component_pixels"": 0}, ""cluster_1"": {""cluster_value"": 1, ""component_size_histogram"": {""4284"": 1}, ""largest_component_size"": 4284, ""num_1_cell_components"": 0, ""num_2_cell_components"": 0, ""num_components"": 1, ""smallest_component_size"": 4284, ""tiny_component_pixel_fraction"": 0.0, ""tiny_component_pixels"": 0}}"
cstd,feature_cluster_coarse_to_fine_global_pooled_init_flip_avg_coarse_only,benchmark,102,000102,2,partition_invariant,0.9571113545972103,0.9255345629645769,0.5,0.9403025524785651,0.9739201567158556,0.2954750061035156,0.7045249938964844,2,2,0.0,0.0,ok,True,"cluster_a->texture_a,cluster_b->texture_b",cluster_a,cluster_b,0.9571113545972103,0.9255345629645769,0.009304573644642225,0.9255345629645769,best_partition_assignment,1,fpn_2,fpn_2,fpn_2,72x72,80049,182095,80049,182095,80049,182095,0.0,0.0,0.0,0.0,coarsest_pooled_direct,pooled_avg_pool_flip_avg_coarse_only,False,False,architexture_binary_v1,0.9571113545972103,0.9255345629645769,3,3,24x24,"{""cluster_0"": {""cluster_value"": 0, ""component_size_histogram"": {""1575"": 1, ""9"": 1}, ""largest_component_size"": 1575, ""num_1_cell_components"": 0, ""num_2_cell_components"": 0, ""num_components"": 2, ""smallest_component_size"": 9, ""tiny_component_pixel_fraction"": 0.0, ""tiny_component_pixels"": 0}, ""cluster_1"": {""cluster_value"": 1, ""component_size_histogram"": {""3600"": 1}, ""largest_component_size"": 3600, ""num_1_cell_components"": 0, ""num_2_cell_components"": 0, ""num_components"": 1, ""smallest_component_size"": 3600, ""tiny_component_pixel_fraction"": 0.0, ""tiny_component_pixels"": 0}}"
cstd,feature_cluster_coarse_to_fine_global_pooled_init_flip_avg_coarse_only,benchmark,103,000103,2,partition_invariant,0.9091321690647867,0.8351040402105808,0.5,0.8801298450029021,0.9381344931266712,0.3145256042480469,0.6854743957519531,2,2,0.0,0.0,ok,True,"cluster_b->texture_a,cluster_a->texture_b",cluster_b,cluster_a,0.021360318139512228,0.8351040402105808,0.9091321690647867,0.8351040402105808,best_partition_assignment,1,fpn_2,fpn_2,fpn_2,72x72,169679,92465,169679,92465,169679,92465,0.0,0.0,0.0,0.0,coarsest_pooled_direct,pooled_avg_pool_flip_avg_coarse_only,False,False,architexture_binary_v1,0.9091321690647867,0.8351040402105808,3,3,24x24,"{""cluster_0"": {""cluster_value"": 0, ""component_size_histogram"": {""3357"": 1}, ""largest_component_size"": 3357, ""num_1_cell_components"": 0, ""num_2_cell_components"": 0, ""num_components"": 1, ""smallest_component_size"": 3357, ""tiny_component_pixel_fraction"": 0.0, ""tiny_component_pixels"": 0}, ""cluster_1"": {""cluster_value"": 1, ""component_size_histogram"": {""1827"": 1}, ""largest_component_size"": 1827, ""num_1_cell_components"": 0, ""num_2_cell_components"": 0, ""num_components"": 1, ""smallest_component_size"": 1827, ""tiny_component_pixel_fraction"": 0.0, ""tiny_component_pixels"": 0}}"
cstd,feature_cluster_coarse_to_fine_global_pooled_init_flip_avg_coarse_only,benchmark,104,000104,2,partition_invariant,0.9665987150894322,0.936199444070128,0.5,0.9738345901780976,0.9593628400007668,0.6137199401855469,0.3862800598144531,2,2,0.0,0.0,ok,True,"cluster_b->texture_a,cluster_a->texture_b",cluster_b,cluster_a,0.008139658255538482,0.936199444070128,0.9665987150894322,0.936199444070128,best_partition_assignment,1,fpn_2,fpn_2,fpn_2,72x72,103175,158969,103175,158969,103175,158969,0.0,0.0,0.0,0.0,coarsest_pooled_direct,pooled_avg_pool_flip_avg_coarse_only,False,False,architexture_binary_v1,0.9665987150894322,0.936199444070128,3,3,24x24,"{""cluster_0"": {""cluster_value"": 0, ""component_size_histogram"": {""2043"": 1}, ""largest_component_size"": 2043, ""num_1_cell_components"": 0, ""num_2_cell_components"": 0, ""num_components"": 1, ""smallest_component_size"": 2043, ""tiny_component_pixel_fraction"": 0.0, ""tiny_component_pixels"": 0}, ""cluster_1"": {""cluster_value"": 1, ""component_size_histogram"": {""3132"": 1, ""9"": 1}, ""largest_component_size"": 3132, ""num_1_cell_components"": 0, ""num_2_cell_components"": 0, ""num_components"": 2, ""smallest_component_size"": 9, ""tiny_component_pixel_fraction"": 0.0, ""tiny_component_pixels"": 0}}"
cstd,feature_cluster_coarse_to_fine_global_pooled_init_flip_avg_coarse_only,benchmark,105,000105,2,partition_invariant,0.5163180702570704,0.15695927251604452,0.5,0.41764658238287033,0.6149895581312707,0.517303466796875,0.482696533203125,2,2,0.0,0.0,ok,True,"cluster_a->texture_a,cluster_b->texture_b",cluster_a,cluster_b,0.5163180702570704,0.15695927251604452,0.15113548649871114,0.15695927251604452,best_partition_assignment,1,fpn_2,fpn_2,fpn_2,72x72,56924,205220,56924,205220,56924,205220,0.0,0.0,0.0,0.0,coarsest_pooled_direct,pooled_avg_pool_flip_avg_coarse_only,False,False,architexture_binary_v1,0.5163180702570704,0.15695927251604452,3,3,24x24,"{""cluster_0"": {""cluster_value"": 0, ""component_size_histogram"": {""18"": 2, ""342"": 1, ""441"": 1, ""45"": 2, ""54"": 1, ""72"": 1, ""90"": 1}, ""largest_component_size"": 441, ""num_1_cell_components"": 0, ""num_2_cell_components"": 0, ""num_components"": 9, ""smallest_component_size"": 18, ""tiny_component_pixel_fraction"": 0.0, ""tiny_component_pixels"": 0}, ""cluster_1"": {""cluster_value"": 1, ""component_size_histogram"": {""117"": 1, ""3384"": 1, ""549"": 1, ""9"": 1}, ""largest_component_size"": 3384, ""num_1_cell_components"": 0, ""num_2_cell_components"": 0, ""num_components"": 4, ""smallest_component_size"": 9, ""tiny_component_pixel_fraction"": 0.0, ""tiny_component_pixels"": 0}}"
cstd,feature_cluster_coarse_to_fine_global_pooled_init_flip_avg_coarse_only,benchmark,106,000106,2,partition_invariant,0.9453067850762933,0.9001000265543324,0.5,0.9284215058392982,0.9621920643132885,0.33953094482421875,0.6604690551757812,2,2,0.0,0.0,ok,True,"cluster_b->texture_a,cluster_a->texture_b",cluster_b,cluster_a,0.012841960404972062,0.9001000265543324,0.9453067850762933,0.9001000265543324,best_partition_assignment,1,fpn_2,fpn_2,fpn_2,72x72,171990,90154,171990,90154,171990,90154,0.0,0.0,0.0,0.0,coarsest_pooled_direct,pooled_avg_pool_flip_avg_coarse_only,False,False,architexture_binary_v1,0.9453067850762933,0.9001000265543324,3,3,24x24,"{""cluster_0"": {""cluster_value"": 0, ""component_size_histogram"": {""3402"": 1}, ""largest_component_size"": 3402, ""num_1_cell_components"": 0, ""num_2_cell_components"": 0, ""num_components"": 1, ""smallest_component_size"": 3402, ""tiny_component_pixel_fraction"": 0.0, ""tiny_component_pixels"": 0}, ""cluster_1"": {""cluster_value"": 1, ""component_size_histogram"": {""1755"": 1, ""18"": 1, ""9"": 1}, ""largest_component_size"": 1755, ""num_1_cell_components"": 0, ""num_2_cell_components"": 0, ""num_components"": 3, ""smallest_component_size"": 9, ""tiny_component_pixel_fraction"": 0.0, ""tiny_component_pixels"": 0}}"
cstd,feature_cluster_coarse_to_fine_global_pooled_init_flip_avg_coarse_only,benchmark,107,000107,2,partition_invariant,0.9033951242839938,0.8575533974017703,0.5,0.843461133429541,0.9633291151384467,0.166046142578125,0.833953857421875,2,2,0.0,0.0,ok,True,"cluster_a->texture_a,cluster_b->texture_b",cluster_a,cluster_b,0.9033951242839938,0.8575533974017703,0.015342019167959221,0.8575533974017703,best_partition_assignment,1,fpn_2,fpn_2,fpn_2,72x72,51001,211143,51001,211143,51001,211143,0.0,0.0,0.0,0.0,coarsest_pooled_direct,pooled_avg_pool_flip_avg_coarse_only,False,False,architexture_binary_v1,0.9033951242839938,0.8575533974017703,3,3,24x24,"{""cluster_0"": {""cluster_value"": 0, ""component_size_histogram"": {""1008"": 1}, ""largest_component_size"": 1008, ""num_1_cell_components"": 0, ""num_2_cell_components"": 0, ""num_components"": 1, ""smallest_component_size"": 1008, ""tiny_component_pixel_fraction"": 0.0, ""tiny_component_pixels"": 0}, ""cluster_1"": {""cluster_value"": 1, ""component_size_histogram"": {""4176"": 1}, ""largest_component_size"": 4176, ""num_1_cell_components"": 0, ""num_2_cell_components"": 0, ""num_components"": 1, ""smallest_component_size"": 4176, ""tiny_component_pixel_fraction"": 0.0, ""tiny_component_pixels"": 0}}"
cstd,feature_cluster_coarse_to_fine_global_pooled_init_flip_avg_coarse_only,benchmark,108,000108,2,partition_invariant,0.36792419286698397,-0.05555142276953091,0.5,0.04410317936412717,0.6917452063698407,0.18131637573242188,0.8186836242675781,2,2,0.0,0.0,ok,True,"cluster_a->texture_a,cluster_b->texture_b",cluster_a,cluster_b,0.36792419286698397,-0.05555142276953091,0.17892991426811317,-0.05555142276953091,best_partition_assignment,1,fpn_2,fpn_2,fpn_2,72x72,39495,222649,39495,222649,39495,222649,0.0,0.0,0.0,0.0,coarsest_pooled_direct,pooled_avg_pool_flip_avg_coarse_only,False,False,architexture_binary_v1,0.36792419286698397,-0.05555142276953091,3,3,24x24,"{""cluster_0"": {""cluster_value"": 0, ""component_size_histogram"": {""774"": 1}, ""largest_component_size"": 774, ""num_1_cell_components"": 0, ""num_2_cell_components"": 0, ""num_components"": 1, ""smallest_component_size"": 774, ""tiny_component_pixel_fraction"": 0.0, ""tiny_component_pixels"": 0}, ""cluster_1"": {""cluster_value"": 1, ""component_size_histogram"": {""4410"": 1}, ""largest_component_size"": 4410, ""num_1_cell_components"": 0, ""num_2_cell_components"": 0, ""num_components"": 1, ""smallest_component_size"": 4410, ""tiny_component_pixel_fraction"": 0.0, ""tiny_component_pixels"": 0}}"
cstd,feature_cluster_coarse_to_fine_global_pooled_init_flip_avg_coarse_only,benchmark,109,000109,2,partition_invariant,0.9739599447513629,0.9535489304089743,0.5,0.9648712215129011,0.9830486679898247,0.3204917907714844,0.6795082092285156,2,2,0.0,0.0,ok,True,"cluster_a->texture_a,cluster_b->texture_b",cluster_a,cluster_b,0.9739599447513629,0.9535489304089743,0.0058078149543466535,0.9535489304089743,best_partition_assignment,1,fpn_2,fpn_2,fpn_2,72x72,85575,176569,85575,176569,85575,176569,0.0,0.0,0.0,0.0,coarsest_pooled_direct,pooled_avg_pool_flip_avg_coarse_only,False,False,architexture_binary_v1,0.9739599447513629,0.9535489304089743,3,3,24x24,"{""cluster_0"": {""cluster_value"": 0, ""component_size_histogram"": {""1692"": 1}, ""largest_component_size"": 1692, ""num_1_cell_components"": 0, ""num_2_cell_components"": 0, ""num_components"": 1, ""smallest_component_size"": 1692, ""tiny_component_pixel_fraction"": 0.0, ""tiny_component_pixels"": 0}, ""cluster_1"": {""cluster_value"": 1, ""component_size_histogram"": {""3492"": 1}, ""largest_component_size"": 3492, ""num_1_cell_components"": 0, ""num_2_cell_components"": 0, ""num_components"": 1, ""smallest_component_size"": 3492, ""tiny_component_pixel_fraction"": 0.0, ""tiny_component_pixels"": 0}}"
cstd,feature_cluster_coarse_to_fine_global_pooled_init_flip_avg_coarse_only,benchmark,110,000110,2,partition_invariant,0.30433630036426146,-0.0643703975709559,0.5,0.020205350845858637,0.5884672498826643,0.2946624755859375,0.7053375244140625,2,2,0.0,0.0,ok,True,"cluster_a->texture_a,cluster_b->texture_b",cluster_a,cluster_b,0.30433630036426146,-0.0643703975709559,0.24831731593715098,-0.0643703975709559,best_partition_assignment,1,fpn_2,fpn_2,fpn_2,72x72,34141,228003,34141,228003,34141,228003,0.0,0.0,0.0,0.0,coarsest_pooled_direct,pooled_avg_pool_flip_avg_coarse_only,False,False,architexture_binary_v1,0.30433630036426146,-0.0643703975709559,3,3,24x24,"{""cluster_0"": {""cluster_value"": 0, ""component_size_histogram"": {""18"": 1, ""648"": 1}, ""largest_component_size"": 648, ""num_1_cell_components"": 0, ""num_2_cell_components"": 0, ""num_components"": 2, ""smallest_component_size"": 18, ""tiny_component_pixel_fraction"": 0.0, ""tiny_component_pixels"": 0}, ""cluster_1"": {""cluster_value"": 1, ""component_size_histogram"": {""4518"": 1}, ""largest_component_size"": 4518, ""num_1_cell_components"": 0, ""num_2_cell_components"": 0, ""num_components"": 1, ""smallest_component_size"": 4518, ""tiny_component_pixel_fraction"": 0.0, ""tiny_component_pixels"": 0}}"
cstd,feature_cluster_coarse_to_fine_global_pooled_init_flip_avg_coarse_only,benchmark,111,000111,2,partition_invariant,0.7601266329739218,0.5294004140139233,0.5,0.7537730382959938,0.7664802276518496,0.5435523986816406,0.4564476013183594,2,2,0.0,0.0,ok,True,"cluster_b->texture_a,cluster_a->texture_b",cluster_b,cluster_a,0.06938144556354359,0.5294004140139233,0.7601266329739218,0.5294004140139233,best_partition_assignment,1,fpn_2,fpn_2,fpn_2,72x72,150378,111766,150378,111766,150378,111766,0.0,0.0,0.0,0.0,coarsest_pooled_direct,pooled_avg_pool_flip_avg_coarse_only,False,False,architexture_binary_v1,0.7601266329739218,0.5294004140139233,3,3,24x24,"{""cluster_0"": {""cluster_value"": 0, ""component_size_histogram"": {""2331"": 1, ""639"": 1}, ""largest_component_size"": 2331, ""num_1_cell_components"": 0, ""num_2_cell_components"": 0, ""num_components"": 2, ""smallest_component_size"": 639, ""tiny_component_pixel_fraction"": 0.0, ""tiny_component_pixels"": 0}, ""cluster_1"": {""cluster_value"": 1, ""component_size_histogram"": {""2214"": 1}, ""largest_component_size"": 2214, ""num_1_cell_components"": 0, ""num_2_cell_components"": 0, ""num_components"": 1, ""smallest_component_size"": 2214, ""tiny_component_pixel_fraction"": 0.0, ""tiny_component_pixels"": 0}}"
cstd,feature_cluster_coarse_to_fine_global_pooled_init_flip_avg_coarse_only,benchmark,112,000112,2,partition_invariant,0.9112364314398614,0.8406826271838072,0.5,0.9413419593547999,0.881130903524923,0.6787681579589844,0.3212318420410156,2,2,0.0,0.0,ok,True,"cluster_b->texture_a,cluster_a->texture_b",cluster_b,cluster_a,0.020862433527003177,0.8406826271838072,0.9112364314398614,0.8406826271838072,best_partition_assignment,1,fpn_2,fpn_2,fpn_2,72x72,85390,176754,85390,176754,85390,176754,0.0,0.0,0.0,0.0,coarsest_pooled_direct,pooled_avg_pool_flip_avg_coarse_only,False,False,architexture_binary_v1,0.9112364314398614,0.8406826271838072,3,3,24x24,"{""cluster_0"": {""cluster_value"": 0, ""component_size_histogram"": {""1593"": 1, ""18"": 1, ""45"": 1, ""9"": 3}, ""largest_component_size"": 1593, ""num_1_cell_components"": 0, ""num_2_cell_components"": 0, ""num_components"": 6, ""smallest_component_size"": 9, ""tiny_component_pixel_fraction"": 0.0, ""tiny_component_pixels"": 0}, ""cluster_1"": {""cluster_value"": 1, ""component_size_histogram"": {""3501"": 1}, ""largest_component_size"": 3501, ""num_1_cell_components"": 0, ""num_2_cell_components"": 0, ""num_components"": 1, ""smallest_component_size"": 3501, ""tiny_component_pixel_fraction"": 0.0, ""tiny_component_pixels"": 0}}"
cstd,feature_cluster_coarse_to_fine_global_pooled_init_flip_avg_coarse_only,benchmark,113,000113,2,partition_invariant,0.4052296764139156,0.010707120628113099,0.5,0.38324013634237086,0.4272192164854604,0.3012504577636719,0.6987495422363281,2,2,0.0,0.0,ok,True,"cluster_b->texture_a,cluster_a->texture_b",cluster_b,cluster_a,0.2310161617800403,0.010707120628113099,0.4052296764139156,0.010707120628113099,best_partition_assignment,1,fpn_2,fpn_2,fpn_2,72x72,92757,169387,92757,169387,92757,169387,0.0,0.0,0.0,0.0,coarsest_pooled_direct,pooled_avg_pool_flip_avg_coarse_only,False,False,architexture_binary_v1,0.4052296764139156,0.010707120628113099,3,3,24x24,"{""cluster_0"": {""cluster_value"": 0, ""component_size_histogram"": {""1197"": 1, ""639"": 1}, ""largest_component_size"": 1197, ""num_1_cell_components"": 0, ""num_2_cell_components"": 0, ""num_components"": 2, ""smallest_component_size"": 639, ""tiny_component_pixel_fraction"": 0.0, ""tiny_component_pixels"": 0}, ""cluster_1"": {""cluster_value"": 1, ""component_size_histogram"": {""3348"": 1}, ""largest_component_size"": 3348, ""num_1_cell_components"": 0, ""num_2_cell_components"": 0, ""num_components"": 1, ""smallest_component_size"": 3348, ""tiny_component_pixel_fraction"": 0.0, ""tiny_component_pixels"": 0}}"
cstd,feature_cluster_coarse_to_fine_global_pooled_init_flip_avg_coarse_only,benchmark,114,000114,2,partition_invariant,0.9567078659848387,0.9194523147724117,0.5,0.9448511619765443,0.968564569993133,0.35811614990234375,0.6418838500976562,2,2,0.0,0.0,ok,True,"cluster_b->texture_a,cluster_a->texture_b",cluster_b,cluster_a,0.010316538515013147,0.9194523147724117,0.9567078659848387,0.9194523147724117,best_partition_assignment,1,fpn_2,fpn_2,fpn_2,72x72,167140,95004,167140,95004,167140,95004,0.0,0.0,0.0,0.0,coarsest_pooled_direct,pooled_avg_pool_flip_avg_coarse_only,False,False,architexture_binary_v1,0.9567078659848387,0.9194523147724117,3,3,24x24,"{""cluster_0"": {""cluster_value"": 0, ""component_size_histogram"": {""3303"": 1}, ""largest_component_size"": 3303, ""num_1_cell_components"": 0, ""num_2_cell_components"": 0, ""num_components"": 1, ""smallest_component_size"": 3303, ""tiny_component_pixel_fraction"": 0.0, ""tiny_component_pixels"": 0}, ""cluster_1"": {""cluster_value"": 1, ""component_size_histogram"": {""1881"": 1}, ""largest_component_size"": 1881, ""num_1_cell_components"": 0, ""num_2_cell_components"": 0, ""num_components"": 1, ""smallest_component_size"": 1881, ""tiny_component_pixel_fraction"": 0.0, ""tiny_component_pixels"": 0}}"
cstd,feature_cluster_coarse_to_fine_global_pooled_init_flip_avg_coarse_only,benchmark,115,000115,2,partition_invariant,0.3568127800210588,-0.07374131919109755,0.5,0.026078198625948706,0.6875473614161689,0.18927001953125,0.81072998046875,2,2,0.0,0.0,ok,True,"cluster_a->texture_a,cluster_b->texture_b",cluster_a,cluster_b,0.3568127800210588,-0.07374131919109755,0.18255774598019858,-0.07374131919109755,best_partition_assignment,1,fpn_2,fpn_2,fpn_2,72x72,35962,226182,35962,226182,35962,226182,0.0,0.0,0.0,0.0,coarsest_pooled_direct,pooled_avg_pool_flip_avg_coarse_only,False,False,architexture_binary_v1,0.3568127800210588,-0.07374131919109755,3,3,24x24,"{""cluster_0"": {""cluster_value"": 0, ""component_size_histogram"": {""18"": 1, ""693"": 1}, ""largest_component_size"": 693, ""num_1_cell_components"": 0, ""num_2_cell_components"": 0, ""num_components"": 2, ""smallest_component_size"": 18, ""tiny_component_pixel_fraction"": 0.0, ""tiny_component_pixels"": 0}, ""cluster_1"": {""cluster_value"": 1, ""component_size_histogram"": {""4473"": 1}, ""largest_component_size"": 4473, ""num_1_cell_components"": 0, ""num_2_cell_components"": 0, ""num_components"": 1, ""smallest_component_size"": 4473, ""tiny_component_pixel_fraction"": 0.0, ""tiny_component_pixels"": 0}}"
cstd,feature_cluster_coarse_to_fine_global_pooled_init_flip_avg_coarse_only,benchmark,116,000116,2,partition_invariant,0.3472451307869591,-0.07040266676561285,0.5,0.036365418545383256,0.658124843028535,0.1730804443359375,0.8269195556640625,2,2,0.0,0.0,ok,True,"cluster_a->texture_a,cluster_b->texture_b",cluster_a,cluster_b,0.3472451307869591,-0.07040266676561285,0.2029406978592586,-0.07040266676561285,best_partition_assignment,1,fpn_2,fpn_2,fpn_2,72x72,49785,212359,49785,212359,49785,212359,0.0,0.0,0.0,0.0,coarsest_pooled_direct,pooled_avg_pool_flip_avg_coarse_only,False,False,architexture_binary_v1,0.3472451307869591,-0.07040266676561285,3,3,24x24,"{""cluster_0"": {""cluster_value"": 0, ""component_size_histogram"": {""18"": 1, ""252"": 1, ""684"": 1, ""9"": 3}, ""largest_component_size"": 684, ""num_1_cell_components"": 0, ""num_2_cell_components"": 0, ""num_components"": 6, ""smallest_component_size"": 9, ""tiny_component_pixel_fraction"": 0.0, ""tiny_component_pixels"": 0}, ""cluster_1"": {""cluster_value"": 1, ""component_size_histogram"": {""4203"": 1}, ""largest_component_size"": 4203, ""num_1_cell_components"": 0, ""num_2_cell_components"": 0, ""num_components"": 1, ""smallest_component_size"": 4203, ""tiny_component_pixel_fraction"": 0.0, ""tiny_component_pixels"": 0}}"
cstd,feature_cluster_coarse_to_fine_global_pooled_init_flip_avg_coarse_only,benchmark,117,000117,2,partition_invariant,0.9481864566089797,0.9070571060340401,0.5,0.9305583802228098,0.9658145329951497,0.3181419372558594,0.6818580627441406,2,2,0.0,0.0,ok,True,"cluster_b->texture_a,cluster_a->texture_b",cluster_b,cluster_a,0.011800700387475306,0.9070571060340401,0.9481864566089797,0.9070571060340401,best_partition_assignment,1,fpn_2,fpn_2,fpn_2,72x72,174677,87467,174677,87467,174677,87467,0.0,0.0,0.0,0.0,coarsest_pooled_direct,pooled_avg_pool_flip_avg_coarse_only,False,False,architexture_binary_v1,0.9481864566089797,0.9070571060340401,3,3,24x24,"{""cluster_0"": {""cluster_value"": 0, ""component_size_histogram"": {""3456"": 1}, ""largest_component_size"": 3456, ""num_1_cell_components"": 0, ""num_2_cell_components"": 0, ""num_components"": 1, ""smallest_component_size"": 3456, ""tiny_component_pixel_fraction"": 0.0, ""tiny_component_pixels"": 0}, ""cluster_1"": {""cluster_value"": 1, ""component_size_histogram"": {""1728"": 1}, ""largest_component_size"": 1728, ""num_1_cell_components"": 0, ""num_2_cell_components"": 0, ""num_components"": 1, ""smallest_component_size"": 1728, ""tiny_component_pixel_fraction"": 0.0, ""tiny_component_pixels"": 0}}"
cstd,feature_cluster_coarse_to_fine_global_pooled_init_flip_avg_coarse_only,benchmark,118,000118,2,partition_invariant,0.9227892482955071,0.8822734800177531,0.5,0.8785324998694085,0.9670459967216057,0.20322036743164062,0.7967796325683594,2,2,0.0,0.0,ok,True,"cluster_a->texture_a,cluster_b->texture_b",cluster_a,cluster_b,0.9227892482955071,0.8822734800177531,0.01347847288409644,0.8822734800177531,best_partition_assignment,1,fpn_2,fpn_2,fpn_2,72x72,54613,207531,54613,207531,54613,207531,0.0,0.0,0.0,0.0,coarsest_pooled_direct,pooled_avg_pool_flip_avg_coarse_only,False,False,architexture_binary_v1,0.9227892482955071,0.8822734800177531,3,3,24x24,"{""cluster_0"": {""cluster_value"": 0, ""component_size_histogram"": {""1080"": 1}, ""largest_component_size"": 1080, ""num_1_cell_components"": 0, ""num_2_cell_components"": 0, ""num_components"": 1, ""smallest_component_size"": 1080, ""tiny_component_pixel_fraction"": 0.0, ""tiny_component_pixels"": 0}, ""cluster_1"": {""cluster_value"": 1, ""component_size_histogram"": {""4104"": 1}, ""largest_component_size"": 4104, ""num_1_cell_components"": 0, ""num_2_cell_components"": 0, ""num_components"": 1, ""smallest_component_size"": 4104, ""tiny_component_pixel_fraction"": 0.0, ""tiny_component_pixels"": 0}}"
cstd,feature_cluster_coarse_to_fine_global_pooled_init_flip_avg_coarse_only,benchmark,119,000119,2,partition_invariant,0.365816688440574,-0.0023780071080506397,0.5,0.13948000686459586,0.5921533700165522,0.22220230102539062,0.7777976989746094,2,2,0.0,0.0,ok,True,"cluster_a->texture_a,cluster_b->texture_b",cluster_a,cluster_b,0.365816688440574,-0.0023780071080506397,0.23538997171122222,-0.0023780071080506397,best_partition_assignment,1,fpn_2,fpn_2,fpn_2,72x72,74546,187598,74546,187598,74546,187598,0.0,0.0,0.0,0.0,coarsest_pooled_direct,pooled_avg_pool_flip_avg_coarse_only,False,False,architexture_binary_v1,0.365816688440574,-0.0023780071080506397,3,3,24x24,"{""cluster_0"": {""cluster_value"": 0, ""component_size_histogram"": {""1476"": 1}, ""largest_component_size"": 1476, ""num_1_cell_components"": 0, ""num_2_cell_components"": 0, ""num_components"": 1, ""smallest_component_size"": 1476, ""tiny_component_pixel_fraction"": 0.0, ""tiny_component_pixels"": 0}, ""cluster_1"": {""cluster_value"": 1, ""component_size_histogram"": {""3708"": 1}, ""largest_component_size"": 3708, ""num_1_cell_components"": 0, ""num_2_cell_components"": 0, ""num_components"": 1, ""smallest_component_size"": 3708, ""tiny_component_pixel_fraction"": 0.0, ""tiny_component_pixels"": 0}}"
cstd,feature_cluster_coarse_to_fine_global_pooled_init_flip_avg_coarse_only,benchmark,120,000120,2,partition_invariant,0.7370182622304776,0.49261929295700974,0.5,0.7062759870374965,0.7677605374234587,0.4081306457519531,0.5918693542480469,2,2,0.0,0.0,ok,True,"cluster_a->texture_a,cluster_b->texture_b",cluster_a,cluster_b,0.7370182622304776,0.49261929295700974,0.07985345675454242,0.49261929295700974,best_partition_assignment,1,fpn_2,fpn_2,fpn_2,72x72,119944,142200,119944,142200,119944,142200,0.0,0.0,0.0,0.0,coarsest_pooled_direct,pooled_avg_pool_flip_avg_coarse_only,False,False,architexture_binary_v1,0.7370182622304776,0.49261929295700974,3,3,24x24,"{""cluster_0"": {""cluster_value"": 0, ""component_size_histogram"": {""117"": 1, ""18"": 1, ""2061"": 1, ""81"": 1, ""90"": 1}, ""largest_component_size"": 2061, ""num_1_cell_components"": 0, ""num_2_cell_components"": 0, ""num_components"": 5, ""smallest_component_size"": 18, ""tiny_component_pixel_fraction"": 0.0, ""tiny_component_pixels"": 0}, ""cluster_1"": {""cluster_value"": 1, ""component_size_histogram"": {""153"": 1, ""2655"": 1, ""9"": 1}, ""largest_component_size"": 2655, ""num_1_cell_components"": 0, ""num_2_cell_components"": 0, ""num_components"": 3, ""smallest_component_size"": 9, ""tiny_component_pixel_fraction"": 0.0, ""tiny_component_pixels"": 0}}"
cstd,feature_cluster_coarse_to_fine_global_pooled_init_flip_avg_coarse_only,benchmark,121,000121,2,partition_invariant,0.9490267350193866,0.9025453577640917,0.5,0.9381336918139561,0.9599197782248172,0.38747406005859375,0.6125259399414062,2,2,0.0,0.0,ok,True,"cluster_a->texture_a,cluster_b->texture_b",cluster_a,cluster_b,0.9490267350193866,0.9025453577640917,0.0126126651773431,0.9025453577640917,best_partition_assignment,1,fpn_2,fpn_2,fpn_2,72x72,103153,158991,103153,158991,103153,158991,0.0,0.0,0.0,0.0,coarsest_pooled_direct,pooled_avg_pool_flip_avg_coarse_only,False,False,architexture_binary_v1,0.9490267350193866,0.9025453577640917,3,3,24x24,"{""cluster_0"": {""cluster_value"": 0, ""component_size_histogram"": {""2043"": 1}, ""largest_component_size"": 2043, ""num_1_cell_components"": 0, ""num_2_cell_components"": 0, ""num_components"": 1, ""smallest_component_size"": 2043, ""tiny_component_pixel_fraction"": 0.0, ""tiny_component_pixels"": 0}, ""cluster_1"": {""cluster_value"": 1, ""component_size_histogram"": {""3141"": 1}, ""largest_component_size"": 3141, ""num_1_cell_components"": 0, ""num_2_cell_components"": 0, ""num_components"": 1, ""smallest_component_size"": 3141, ""tiny_component_pixel_fraction"": 0.0, ""tiny_component_pixels"": 0}}"
cstd,feature_cluster_coarse_to_fine_global_pooled_init_flip_avg_coarse_only,benchmark,122,000122,2,partition_invariant,0.46425119269832615,0.07095622305115089,0.5,0.4805884202878119,0.44791396510884035,0.6229591369628906,0.3770408630371094,2,2,0.0,0.0,ok,True,"cluster_a->texture_a,cluster_b->texture_b",cluster_a,cluster_b,0.46425119269832615,0.07095622305115089,0.2112374570038939,0.07095622305115089,best_partition_assignment,1,fpn_2,fpn_2,fpn_2,72x72,109754,152390,109754,152390,109754,152390,0.0,0.0,0.0,0.0,coarsest_pooled_direct,pooled_avg_pool_flip_avg_coarse_only,False,False,architexture_binary_v1,0.46425119269832615,0.07095622305115089,3,3,24x24,"{""cluster_0"": {""cluster_value"": 0, ""component_size_histogram"": {""1422"": 1, ""738"": 1, ""9"": 1}, ""largest_component_size"": 1422, ""num_1_cell_components"": 0, ""num_2_cell_components"": 0, ""num_components"": 3, ""smallest_component_size"": 9, ""tiny_component_pixel_fraction"": 0.0, ""tiny_component_pixels"": 0}, ""cluster_1"": {""cluster_value"": 1, ""component_size_histogram"": {""2997"": 1, ""9"": 2}, ""largest_component_size"": 2997, ""num_1_cell_components"": 0, ""num_2_cell_components"": 0, ""num_components"": 3, ""smallest_component_size"": 9, ""tiny_component_pixel_fraction"": 0.0, ""tiny_component_pixels"": 0}}"
cstd,feature_cluster_coarse_to_fine_global_pooled_init_flip_avg_coarse_only,benchmark,123,000123,2,partition_invariant,0.9750373760227262,0.9501308994468818,0.5,0.9742598741766659,0.9758148778687866,0.486175537109375,0.513824462890625,2,2,0.0,0.0,ok,True,"cluster_a->texture_a,cluster_b->texture_b",cluster_a,cluster_b,0.9750373760227262,0.9501308994468818,0.006349626408368233,0.9501308994468818,best_partition_assignment,1,fpn_2,fpn_2,fpn_2,72x72,126428,135716,126428,135716,126428,135716,0.0,0.0,0.0,0.0,coarsest_pooled_direct,pooled_avg_pool_flip_avg_coarse_only,False,False,architexture_binary_v1,0.9750373760227262,0.9501308994468818,3,3,24x24,"{""cluster_0"": {""cluster_value"": 0, ""component_size_histogram"": {""2502"": 1}, ""largest_component_size"": 2502, ""num_1_cell_components"": 0, ""num_2_cell_components"": 0, ""num_components"": 1, ""smallest_component_size"": 2502, ""tiny_component_pixel_fraction"": 0.0, ""tiny_component_pixels"": 0}, ""cluster_1"": {""cluster_value"": 1, ""component_size_histogram"": {""2682"": 1}, ""largest_component_size"": 2682, ""num_1_cell_components"": 0, ""num_2_cell_components"": 0, ""num_components"": 1, ""smallest_component_size"": 2682, ""tiny_component_pixel_fraction"": 0.0, ""tiny_component_pixels"": 0}}"
cstd,feature_cluster_coarse_to_fine_global_pooled_init_flip_avg_coarse_only,benchmark,124,000124,2,partition_invariant,0.9274749179645188,0.8680921693015536,0.5,0.9045625694526859,0.9503872664763517,0.3242149353027344,0.6757850646972656,2,2,0.0,0.0,ok,True,"cluster_a->texture_a,cluster_b->texture_b",cluster_a,cluster_b,0.9274749179645188,0.8680921693015536,0.01700323385493782,0.8680921693015536,best_partition_assignment,1,fpn_2,fpn_2,fpn_2,72x72,91541,170603,91541,170603,91541,170603,0.0,0.0,0.0,0.0,coarsest_pooled_direct,pooled_avg_pool_flip_avg_coarse_only,False,False,architexture_binary_v1,0.9274749179645188,0.8680921693015536,3,3,24x24,"{""cluster_0"": {""cluster_value"": 0, ""component_size_histogram"": {""1809"": 1}, ""largest_component_size"": 1809, ""num_1_cell_components"": 0, ""num_2_cell_components"": 0, ""num_components"": 1, ""smallest_component_size"": 1809, ""tiny_component_pixel_fraction"": 0.0, ""tiny_component_pixels"": 0}, ""cluster_1"": {""cluster_value"": 1, ""component_size_histogram"": {""3366"": 1, ""9"": 1}, ""largest_component_size"": 3366, ""num_1_cell_components"": 0, ""num_2_cell_components"": 0, ""num_components"": 2, ""smallest_component_size"": 9, ""tiny_component_pixel_fraction"": 0.0, ""tiny_component_pixels"": 0}}"
cstd,feature_cluster_coarse_to_fine_global_pooled_init_flip_avg_coarse_only,benchmark,125,000125,2,partition_invariant,0.9534273273648318,0.9097460317363206,0.5,0.945151314536534,0.9617033401931296,0.4027290344238281,0.5972709655761719,2,2,0.0,0.0,ok,True,"cluster_b->texture_a,cluster_a->texture_b",cluster_b,cluster_a,0.011629215027369778,0.9097460317363206,0.9534273273648318,0.9097460317363206,best_partition_assignment,1,fpn_2,fpn_2,fpn_2,72x72,153231,108913,153231,108913,153231,108913,0.0,0.0,0.0,0.0,coarsest_pooled_direct,pooled_avg_pool_flip_avg_coarse_only,False,False,architexture_binary_v1,0.9534273273648318,0.9097460317363206,3,3,24x24,"{""cluster_0"": {""cluster_value"": 0, ""component_size_histogram"": {""3033"": 1}, ""largest_component_size"": 3033, ""num_1_cell_components"": 0, ""num_2_cell_components"": 0, ""num_components"": 1, ""smallest_component_size"": 3033, ""tiny_component_pixel_fraction"": 0.0, ""tiny_component_pixels"": 0}, ""cluster_1"": {""cluster_value"": 1, ""component_size_histogram"": {""2151"": 1}, ""largest_component_size"": 2151, ""num_1_cell_components"": 0, ""num_2_cell_components"": 0, ""num_components"": 1, ""smallest_component_size"": 2151, ""tiny_component_pixel_fraction"": 0.0, ""tiny_component_pixels"": 0}}"
cstd,feature_cluster_coarse_to_fine_global_pooled_init_flip_avg_coarse_only,benchmark,126,000126,2,partition_invariant,0.969261175451676,0.9501989591837603,0.5,0.9542691452878233,0.9842532056155289,0.2520179748535156,0.7479820251464844,2,2,0.0,0.0,ok,True,"cluster_a->texture_a,cluster_b->texture_b",cluster_a,cluster_b,0.969261175451676,0.9501989591837603,0.005959938144848194,0.9501989591837603,best_partition_assignment,1,fpn_2,fpn_2,fpn_2,72x72,66710,195434,66710,195434,66710,195434,0.0,0.0,0.0,0.0,coarsest_pooled_direct,pooled_avg_pool_flip_avg_coarse_only,False,False,architexture_binary_v1,0.969261175451676,0.9501989591837603,3,3,24x24,"{""cluster_0"": {""cluster_value"": 0, ""component_size_histogram"": {""1323"": 1}, ""largest_component_size"": 1323, ""num_1_cell_components"": 0, ""num_2_cell_components"": 0, ""num_components"": 1, ""smallest_component_size"": 1323, ""tiny_component_pixel_fraction"": 0.0, ""tiny_component_pixels"": 0}, ""cluster_1"": {""cluster_value"": 1, ""component_size_histogram"": {""3861"": 1}, ""largest_component_size"": 3861, ""num_1_cell_components"": 0, ""num_2_cell_components"": 0, ""num_components"": 1, ""smallest_component_size"": 3861, ""tiny_component_pixel_fraction"": 0.0, ""tiny_component_pixels"": 0}}"
cstd,feature_cluster_coarse_to_fine_global_pooled_init_flip_avg_coarse_only,benchmark,127,000127,2,partition_invariant,0.9724512567257187,0.9449619686666026,0.5,0.97162977555104,0.9732727379003975,0.4847373962402344,0.5152626037597656,2,2,0.0,0.0,ok,True,"cluster_a->texture_a,cluster_b->texture_b",cluster_a,cluster_b,0.9724512567257187,0.9449619686666026,0.007026081831046849,0.9449619686666026,best_partition_assignment,1,fpn_2,fpn_2,fpn_2,72x72,127147,134997,127147,134997,127147,134997,0.0,0.0,0.0,0.0,coarsest_pooled_direct,pooled_avg_pool_flip_avg_coarse_only,False,False,architexture_binary_v1,0.9724512567257187,0.9449619686666026,3,3,24x24,"{""cluster_0"": {""cluster_value"": 0, ""component_size_histogram"": {""2511"": 1}, ""largest_component_size"": 2511, ""num_1_cell_components"": 0, ""num_2_cell_components"": 0, ""num_components"": 1, ""smallest_component_size"": 2511, ""tiny_component_pixel_fraction"": 0.0, ""tiny_component_pixels"": 0}, ""cluster_1"": {""cluster_value"": 1, ""component_size_histogram"": {""2673"": 1}, ""largest_component_size"": 2673, ""num_1_cell_components"": 0, ""num_2_cell_components"": 0, ""num_components"": 1, ""smallest_component_size"": 2673, ""tiny_component_pixel_fraction"": 0.0, ""tiny_component_pixels"": 0}}"
cstd,feature_cluster_coarse_to_fine_global_pooled_init_flip_avg_coarse_only,benchmark,128,000128,2,partition_invariant,0.4082870771690047,0.04214528819648981,0.5,0.562375612621538,0.25419854171647144,0.6425132751464844,0.3574867248535156,2,2,0.0,0.0,ok,True,"cluster_b->texture_a,cluster_a->texture_b",cluster_b,cluster_a,0.23356914501946308,0.04214528819648981,0.4082870771690047,0.04214528819648981,best_partition_assignment,1,fpn_2,fpn_2,fpn_2,72x72,74169,187975,74169,187975,74169,187975,0.0,0.0,0.0,0.0,coarsest_pooled_direct,pooled_avg_pool_flip_avg_coarse_only,False,False,architexture_binary_v1,0.4082870771690047,0.04214528819648981,3,3,24x24,"{""cluster_0"": {""cluster_value"": 0, ""component_size_histogram"": {""1467"": 1}, ""largest_component_size"": 1467, ""num_1_cell_components"": 0, ""num_2_cell_components"": 0, ""num_components"": 1, ""smallest_component_size"": 1467, ""tiny_component_pixel_fraction"": 0.0, ""tiny_component_pixels"": 0}, ""cluster_1"": {""cluster_value"": 1, ""component_size_histogram"": {""3717"": 1}, ""largest_component_size"": 3717, ""num_1_cell_components"": 0, ""num_2_cell_components"": 0, ""num_components"": 1, ""smallest_component_size"": 3717, ""tiny_component_pixel_fraction"": 0.0, ""tiny_component_pixels"": 0}}"
cstd,feature_cluster_coarse_to_fine_global_pooled_init_flip_avg_coarse_only,benchmark,129,000129,2,partition_invariant,0.9240088853445538,0.8892618813465106,0.5,0.8761405982475576,0.9718771724415499,0.1707611083984375,0.8292388916015625,2,2,0.0,0.0,ok,True,"cluster_a->texture_a,cluster_b->texture_b",cluster_a,cluster_b,0.9240088853445538,0.8892618813465106,0.011819423374039607,0.8892618813465106,best_partition_assignment,1,fpn_2,fpn_2,fpn_2,72x72,48377,213767,48377,213767,48377,213767,0.0,0.0,0.0,0.0,coarsest_pooled_direct,pooled_avg_pool_flip_avg_coarse_only,False,False,architexture_binary_v1,0.9240088853445538,0.8892618813465106,3,3,24x24,"{""cluster_0"": {""cluster_value"": 0, ""component_size_histogram"": {""954"": 1}, ""largest_component_size"": 954, ""num_1_cell_components"": 0, ""num_2_cell_components"": 0, ""num_components"": 1, ""smallest_component_size"": 954, ""tiny_component_pixel_fraction"": 0.0, ""tiny_component_pixels"": 0}, ""cluster_1"": {""cluster_value"": 1, ""component_size_histogram"": {""4230"": 1}, ""largest_component_size"": 4230, ""num_1_cell_components"": 0, ""num_2_cell_components"": 0, ""num_components"": 1, ""smallest_component_size"": 4230, ""tiny_component_pixel_fraction"": 0.0, ""tiny_component_pixels"": 0}}"
cstd,feature_cluster_coarse_to_fine_global_pooled_init_flip_avg_coarse_only,benchmark,130,000130,2,partition_invariant,0.886340818874584,0.7815920250934395,0.5,0.8643206640845134,0.9083609736646548,0.4185333251953125,0.5814666748046875,2,2,0.0,0.0,ok,True,"cluster_b->texture_a,cluster_a->texture_b",cluster_b,cluster_a,0.029338309451634816,0.7815920250934395,0.886340818874584,0.7815920250934395,best_partition_assignment,1,fpn_2,fpn_2,fpn_2,72x72,163442,98702,163442,98702,163442,98702,0.0,0.0,0.0,0.0,coarsest_pooled_direct,pooled_avg_pool_flip_avg_coarse_only,False,False,architexture_binary_v1,0.886340818874584,0.7815920250934395,3,3,24x24,"{""cluster_0"": {""cluster_value"": 0, ""component_size_histogram"": {""108"": 1, ""3123"": 1}, ""largest_component_size"": 3123, ""num_1_cell_components"": 0, ""num_2_cell_components"": 0, ""num_components"": 2, ""smallest_component_size"": 108, ""tiny_component_pixel_fraction"": 0.0, ""tiny_component_pixels"": 0}, ""cluster_1"": {""cluster_value"": 1, ""component_size_histogram"": {""1953"": 1}, ""largest_component_size"": 1953, ""num_1_cell_components"": 0, ""num_2_cell_components"": 0, ""num_components"": 1, ""smallest_component_size"": 1953, ""tiny_component_pixel_fraction"": 0.0, ""tiny_component_pixels"": 0}}"
cstd,feature_cluster_coarse_to_fine_global_pooled_init_flip_avg_coarse_only,benchmark,131,000131,2,partition_invariant,0.9070368207612547,0.8410370696723016,0.5,0.8683048907780726,0.9457687507444368,0.2693595886230469,0.7306404113769531,2,2,0.0,0.0,ok,True,"cluster_b->texture_a,cluster_a->texture_b",cluster_b,cluster_a,0.02018088608861569,0.8410370696723016,0.9070368207612547,0.8410370696723016,best_partition_assignment,1,fpn_2,fpn_2,fpn_2,72x72,184193,77951,184193,77951,184193,77951,0.0,0.0,0.0,0.0,coarsest_pooled_direct,pooled_avg_pool_flip_avg_coarse_only,False,False,architexture_binary_v1,0.9070368207612547,0.8410370696723016,3,3,24x24,"{""cluster_0"": {""cluster_value"": 0, ""component_size_histogram"": {""3636"": 1, ""9"": 1}, ""largest_component_size"": 3636, ""num_1_cell_components"": 0, ""num_2_cell_components"": 0, ""num_components"": 2, ""smallest_component_size"": 9, ""tiny_component_pixel_fraction"": 0.0, ""tiny_component_pixels"": 0}, ""cluster_1"": {""cluster_value"": 1, ""component_size_histogram"": {""1539"": 1}, ""largest_component_size"": 1539, ""num_1_cell_components"": 0, ""num_2_cell_components"": 0, ""num_components"": 1, ""smallest_component_size"": 1539, ""tiny_component_pixel_fraction"": 0.0, ""tiny_component_pixels"": 0}}"
cstd,feature_cluster_coarse_to_fine_global_pooled_init_flip_avg_coarse_only,benchmark,132,000132,2,partition_invariant,0.9011984491175256,0.816120148084559,0.5,0.8744408945686901,0.9279560036663611,0.3535308837890625,0.6464691162109375,2,2,0.0,0.0,ok,True,"cluster_b->texture_a,cluster_a->texture_b",cluster_b,cluster_a,0.02455500974219369,0.816120148084559,0.9011984491175256,0.816120148084559,best_partition_assignment,1,fpn_2,fpn_2,fpn_2,72x72,167076,95068,167076,95068,167076,95068,0.0,0.0,0.0,0.0,coarsest_pooled_direct,pooled_avg_pool_flip_avg_coarse_only,False,False,architexture_binary_v1,0.9011984491175256,0.816120148084559,3,3,24x24,"{""cluster_0"": {""cluster_value"": 0, ""component_size_histogram"": {""3303"": 1}, ""largest_component_size"": 3303, ""num_1_cell_components"": 0, ""num_2_cell_components"": 0, ""num_components"": 1, ""smallest_component_size"": 3303, ""tiny_component_pixel_fraction"": 0.0, ""tiny_component_pixels"": 0}, ""cluster_1"": {""cluster_value"": 1, ""component_size_histogram"": {""1881"": 1}, ""largest_component_size"": 1881, ""num_1_cell_components"": 0, ""num_2_cell_components"": 0, ""num_components"": 1, ""smallest_component_size"": 1881, ""tiny_component_pixel_fraction"": 0.0, ""tiny_component_pixels"": 0}}"
cstd,feature_cluster_coarse_to_fine_global_pooled_init_flip_avg_coarse_only,benchmark,133,000133,2,partition_invariant,0.9493981938571121,0.9074391263235488,0.5,0.9339077372639178,0.9648886504503065,0.3410148620605469,0.6589851379394531,2,2,0.0,0.0,ok,True,"cluster_b->texture_a,cluster_a->texture_b",cluster_b,cluster_a,0.011867834260683205,0.9074391263235488,0.9493981938571121,0.9074391263235488,best_partition_assignment,1,fpn_2,fpn_2,fpn_2,72x72,171527,90617,171527,90617,171527,90617,0.0,0.0,0.0,0.0,coarsest_pooled_direct,pooled_avg_pool_flip_avg_coarse_only,False,False,architexture_binary_v1,0.9493981938571121,0.9074391263235488,3,3,24x24,"{""cluster_0"": {""cluster_value"": 0, ""component_size_histogram"": {""3393"": 1}, ""largest_component_size"": 3393, ""num_1_cell_components"": 0, ""num_2_cell_components"": 0, ""num_components"": 1, ""smallest_component_size"": 3393, ""tiny_component_pixel_fraction"": 0.0, ""tiny_component_pixels"": 0}, ""cluster_1"": {""cluster_value"": 1, ""component_size_histogram"": {""1791"": 1}, ""largest_component_size"": 1791, ""num_1_cell_components"": 0, ""num_2_cell_components"": 0, ""num_components"": 1, ""smallest_component_size"": 1791, ""tiny_component_pixel_fraction"": 0.0, ""tiny_component_pixels"": 0}}"
cstd,feature_cluster_coarse_to_fine_global_pooled_init_flip_avg_coarse_only,benchmark,134,000134,2,partition_invariant,0.969363739421885,0.9448113499298171,0.5,0.9591666384668314,0.9795608403769388,0.3265953063964844,0.6734046936035156,2,2,0.0,0.0,ok,True,"cluster_a->texture_a,cluster_b->texture_b",cluster_a,cluster_b,0.969363739421885,0.9448113499298171,0.00693051098833055,0.9448113499298171,best_partition_assignment,1,fpn_2,fpn_2,fpn_2,72x72,88071,174073,88071,174073,88071,174073,0.0,0.0,0.0,0.0,coarsest_pooled_direct,pooled_avg_pool_flip_avg_coarse_only,False,False,architexture_binary_v1,0.969363739421885,0.9448113499298171,3,3,24x24,"{""cluster_0"": {""cluster_value"": 0, ""component_size_histogram"": {""1746"": 1}, ""largest_component_size"": 1746, ""num_1_cell_components"": 0, ""num_2_cell_components"": 0, ""num_components"": 1, ""smallest_component_size"": 1746, ""tiny_component_pixel_fraction"": 0.0, ""tiny_component_pixels"": 0}, ""cluster_1"": {""cluster_value"": 1, ""component_size_histogram"": {""3438"": 1}, ""largest_component_size"": 3438, ""num_1_cell_components"": 0, ""num_2_cell_components"": 0, ""num_components"": 1, ""smallest_component_size"": 3438, ""tiny_component_pixel_fraction"": 0.0, ""tiny_component_pixels"": 0}}"
cstd,feature_cluster_coarse_to_fine_global_pooled_init_flip_avg_coarse_only,benchmark,135,000135,2,partition_invariant,0.9289122207695351,0.8641892132580218,0.5,0.9136821567266383,0.9441422848124317,0.3855247497558594,0.6144752502441406,2,2,0.0,0.0,ok,True,"cluster_b->texture_a,cluster_a->texture_b",cluster_b,cluster_a,0.017851838372851578,0.8641892132580218,0.9289122207695351,0.8641892132580218,best_partition_assignment,1,fpn_2,fpn_2,fpn_2,72x72,159197,102947,159197,102947,159197,102947,0.0,0.0,0.0,0.0,coarsest_pooled_direct,pooled_avg_pool_flip_avg_coarse_only,False,False,architexture_binary_v1,0.9289122207695351,0.8641892132580218,3,3,24x24,"{""cluster_0"": {""cluster_value"": 0, ""component_size_histogram"": {""27"": 1, ""3105"": 1, ""9"": 2}, ""largest_component_size"": 3105, ""num_1_cell_components"": 0, ""num_2_cell_components"": 0, ""num_components"": 4, ""smallest_component_size"": 9, ""tiny_component_pixel_fraction"": 0.0, ""tiny_component_pixels"": 0}, ""cluster_1"": {""cluster_value"": 1, ""component_size_histogram"": {""2034"": 1}, ""largest_component_size"": 2034, ""num_1_cell_components"": 0, ""num_2_cell_components"": 0, ""num_components"": 1, ""smallest_component_size"": 2034, ""tiny_component_pixel_fraction"": 0.0, ""tiny_component_pixels"": 0}}"
cstd,feature_cluster_coarse_to_fine_global_pooled_init_flip_avg_coarse_only,benchmark,136,000136,2,partition_invariant,0.37707319287477886,-0.013821422724620785,0.5,0.30629787487705284,0.4478485108725049,0.201019287109375,0.798980712890625,2,2,0.0,0.0,ok,True,"cluster_b->texture_a,cluster_a->texture_b",cluster_b,cluster_a,0.22502576198218313,-0.013821422724620785,0.37707319287477886,-0.013821422724620785,best_partition_assignment,1,fpn_2,fpn_2,fpn_2,72x72,95702,166442,95702,166442,95702,166442,0.0,0.0,0.0,0.0,coarsest_pooled_direct,pooled_avg_pool_flip_avg_coarse_only,False,False,architexture_binary_v1,0.37707319287477886,-0.013821422724620785,3,3,24x24,"{""cluster_0"": {""cluster_value"": 0, ""component_size_histogram"": {""9"": 1, ""909"": 1, ""972"": 1}, ""largest_component_size"": 972, ""num_1_cell_components"": 0, ""num_2_cell_components"": 0, ""num_components"": 3, ""smallest_component_size"": 9, ""tiny_component_pixel_fraction"": 0.0, ""tiny_component_pixels"": 0}, ""cluster_1"": {""cluster_value"": 1, ""component_size_histogram"": {""3294"": 1}, ""largest_component_size"": 3294, ""num_1_cell_components"": 0, ""num_2_cell_components"": 0, ""num_components"": 1, ""smallest_component_size"": 3294, ""tiny_component_pixel_fraction"": 0.0, ""tiny_component_pixels"": 0}}"
cstd,feature_cluster_coarse_to_fine_global_pooled_init_flip_avg_coarse_only,benchmark,137,000137,2,partition_invariant,0.8739487656971069,0.7919318516988767,0.5,0.8146326088743936,0.9332649225198202,0.2324676513671875,0.7675323486328125,2,2,0.0,0.0,ok,True,"cluster_a->texture_a,cluster_b->texture_b",cluster_a,cluster_b,0.8739487656971069,0.7919318516988767,0.02606919437448359,0.7919318516988767,best_partition_assignment,1,fpn_2,fpn_2,fpn_2,72x72,71481,190663,71481,190663,71481,190663,0.0,0.0,0.0,0.0,coarsest_pooled_direct,pooled_avg_pool_flip_avg_coarse_only,False,False,architexture_binary_v1,0.8739487656971069,0.7919318516988767,3,3,24x24,"{""cluster_0"": {""cluster_value"": 0, ""component_size_histogram"": {""108"": 1, ""1215"": 1, ""18"": 1, ""63"": 1, ""9"": 1}, ""largest_component_size"": 1215, ""num_1_cell_components"": 0, ""num_2_cell_components"": 0, ""num_components"": 5, ""smallest_component_size"": 9, ""tiny_component_pixel_fraction"": 0.0, ""tiny_component_pixels"": 0}, ""cluster_1"": {""cluster_value"": 1, ""component_size_histogram"": {""3771"": 1}, ""largest_component_size"": 3771, ""num_1_cell_components"": 0, ""num_2_cell_components"": 0, ""num_components"": 1, ""smallest_component_size"": 3771, ""tiny_component_pixel_fraction"": 0.0, ""tiny_component_pixels"": 0}}"
cstd,feature_cluster_coarse_to_fine_global_pooled_init_flip_avg_coarse_only,benchmark,138,000138,2,partition_invariant,0.548666586944666,0.23124998489277065,0.5,0.6891124978573381,0.4082206760319938,0.8157539367675781,0.18424606323242188,2,2,0.0,0.0,ok,True,"cluster_a->texture_a,cluster_b->texture_b",cluster_a,cluster_b,0.548666586944666,0.23124998489277065,0.1302182695231149,0.23124998489277065,best_partition_assignment,1,fpn_2,fpn_2,fpn_2,72x72,150755,111389,150755,111389,150755,111389,0.0,0.0,0.0,0.0,coarsest_pooled_direct,pooled_avg_pool_flip_avg_coarse_only,False,False,architexture_binary_v1,0.548666586944666,0.23124998489277065,3,3,24x24,"{""cluster_0"": {""cluster_value"": 0, ""component_size_histogram"": {""27"": 1, ""2952"": 1}, ""largest_component_size"": 2952, ""num_1_cell_components"": 0, ""num_2_cell_components"": 0, ""num_components"": 2, ""smallest_component_size"": 27, ""tiny_component_pixel_fraction"": 0.0, ""tiny_component_pixels"": 0}, ""cluster_1"": {""cluster_value"": 1, ""component_size_histogram"": {""126"": 1, ""144"": 2, ""153"": 1, ""18"": 1, ""261"": 1, ""27"": 1, ""36"": 1, ""63"": 1, ""72"": 1, ""9"": 4, ""90"": 1, ""936"": 1, ""99"": 1}, ""largest_component_size"": 936, ""num_1_cell_components"": 0, ""num_2_cell_components"": 0, ""num_components"": 17, ""smallest_component_size"": 9, ""tiny_component_pixel_fraction"": 0.0, ""tiny_component_pixels"": 0}}"
cstd,feature_cluster_coarse_to_fine_global_pooled_init_flip_avg_coarse_only,benchmark,139,000139,2,partition_invariant,0.7993837023188691,0.6588199622444649,0.5,0.7141291508871056,0.8846382537506327,0.23530197143554688,0.7646980285644531,2,2,0.0,0.0,ok,True,"cluster_a->texture_a,cluster_b->texture_b",cluster_a,cluster_b,0.7993837023188691,0.6588199622444649,0.04572395159630383,0.6588199622444649,best_partition_assignment,1,fpn_2,fpn_2,fpn_2,72x72,79083,183061,79083,183061,79083,183061,0.0,0.0,0.0,0.0,coarsest_pooled_direct,pooled_avg_pool_flip_avg_coarse_only,False,False,architexture_binary_v1,0.7993837023188691,0.6588199622444649,3,3,24x24,"{""cluster_0"": {""cluster_value"": 0, ""component_size_histogram"": {""1566"": 1}, ""largest_component_size"": 1566, ""num_1_cell_components"": 0, ""num_2_cell_components"": 0, ""num_components"": 1, ""smallest_component_size"": 1566, ""tiny_component_pixel_fraction"": 0.0, ""tiny_component_pixels"": 0}, ""cluster_1"": {""cluster_value"": 1, ""component_size_histogram"": {""252"": 1, ""3366"": 1}, ""largest_component_size"": 3366, ""num_1_cell_components"": 0, ""num_2_cell_components"": 0, ""num_components"": 2, ""smallest_component_size"": 252, ""tiny_component_pixel_fraction"": 0.0, ""tiny_component_pixels"": 0}}"
cstd,feature_cluster_coarse_to_fine_global_pooled_init_flip_avg_coarse_only,benchmark,140,000140,2,partition_invariant,0.3056210940334694,-0.05731402450934325,0.5,0.28696284387464094,0.3242793441922978,0.23329925537109375,0.7667007446289062,2,2,0.0,0.0,ok,True,"cluster_a->texture_a,cluster_b->texture_b",cluster_a,cluster_b,0.3056210940334694,-0.05731402450934325,0.2809307930353525,-0.05731402450934325,best_partition_assignment,1,fpn_2,fpn_2,fpn_2,72x72,190200,71944,190200,71944,190200,71944,0.0,0.0,0.0,0.0,coarsest_pooled_direct,pooled_avg_pool_flip_avg_coarse_only,False,False,architexture_binary_v1,0.3056210940334694,-0.05731402450934325,3,3,24x24,"{""cluster_0"": {""cluster_value"": 0, ""component_size_histogram"": {""1125"": 1, ""2637"": 1}, ""largest_component_size"": 2637, ""num_1_cell_components"": 0, ""num_2_cell_components"": 0, ""num_components"": 2, ""smallest_component_size"": 1125, ""tiny_component_pixel_fraction"": 0.0, ""tiny_component_pixels"": 0}, ""cluster_1"": {""cluster_value"": 1, ""component_size_histogram"": {""1422"": 1}, ""largest_component_size"": 1422, ""num_1_cell_components"": 0, ""num_2_cell_components"": 0, ""num_components"": 1, ""smallest_component_size"": 1422, ""tiny_component_pixel_fraction"": 0.0, ""tiny_component_pixels"": 0}}"
cstd,feature_cluster_coarse_to_fine_global_pooled_init_flip_avg_coarse_only,benchmark,141,000141,2,partition_invariant,0.9165501562478515,0.8387936447152801,0.5,0.901242759535893,0.93185755295981,0.3908348083496094,0.6091651916503906,2,2,0.0,0.0,ok,True,"cluster_a->texture_a,cluster_b->texture_b",cluster_a,cluster_b,0.9165501562478515,0.8387936447152801,0.021269568761269564,0.8387936447152801,best_partition_assignment,1,fpn_2,fpn_2,fpn_2,72x72,109583,152561,109583,152561,109583,152561,0.0,0.0,0.0,0.0,coarsest_pooled_direct,pooled_avg_pool_flip_avg_coarse_only,False,False,architexture_binary_v1,0.9165501562478515,0.8387936447152801,3,3,24x24,"{""cluster_0"": {""cluster_value"": 0, ""component_size_histogram"": {""2052"": 1, ""9"": 3, ""90"": 1}, ""largest_component_size"": 2052, ""num_1_cell_components"": 0, ""num_2_cell_components"": 0, ""num_components"": 5, ""smallest_component_size"": 9, ""tiny_component_pixel_fraction"": 0.0, ""tiny_component_pixels"": 0}, ""cluster_1"": {""cluster_value"": 1, ""component_size_histogram"": {""3015"": 1}, ""largest_component_size"": 3015, ""num_1_cell_components"": 0, ""num_2_cell_components"": 0, ""num_components"": 1, ""smallest_component_size"": 3015, ""tiny_component_pixel_fraction"": 0.0, ""tiny_component_pixels"": 0}}"
cstd,feature_cluster_coarse_to_fine_global_pooled_init_flip_avg_coarse_only,benchmark,142,000142,2,partition_invariant,0.9242579749564066,0.851036134150985,0.5,0.9336678361197677,0.9148481137930456,0.5679817199707031,0.4320182800292969,2,2,0.0,0.0,ok,True,"cluster_a->texture_a,cluster_b->texture_b",cluster_a,cluster_b,0.9242579749564066,0.851036134150985,0.01973554216526119,0.851036134150985,best_partition_assignment,1,fpn_2,fpn_2,fpn_2,72x72,147080,115064,147080,115064,147080,115064,0.0,0.0,0.0,0.0,coarsest_pooled_direct,pooled_avg_pool_flip_avg_coarse_only,False,False,architexture_binary_v1,0.9242579749564066,0.851036134150985,3,3,24x24,"{""cluster_0"": {""cluster_value"": 0, ""component_size_histogram"": {""27"": 1, ""2871"": 1, ""9"": 1}, ""largest_component_size"": 2871, ""num_1_cell_components"": 0, ""num_2_cell_components"": 0, ""num_components"": 3, ""smallest_component_size"": 9, ""tiny_component_pixel_fraction"": 0.0, ""tiny_component_pixels"": 0}, ""cluster_1"": {""cluster_value"": 1, ""component_size_histogram"": {""2259"": 1, ""9"": 2}, ""largest_component_size"": 2259, ""num_1_cell_components"": 0, ""num_2_cell_components"": 0, ""num_components"": 3, ""smallest_component_size"": 9, ""tiny_component_pixel_fraction"": 0.0, ""tiny_component_pixels"": 0}}"
cstd,feature_cluster_coarse_to_fine_global_pooled_init_flip_avg_coarse_only,benchmark,143,000143,2,partition_invariant,0.9711373232673519,0.9527776228774423,0.5,0.9574382538770821,0.9848363926576217,0.2590446472167969,0.7409553527832031,2,2,0.0,0.0,ok,True,"cluster_a->texture_a,cluster_b->texture_b",cluster_a,cluster_b,0.9711373232673519,0.9527776228774423,0.0056846018130891135,0.9527776228774423,best_partition_assignment,1,fpn_2,fpn_2,fpn_2,72x72,68409,193735,68409,193735,68409,193735,0.0,0.0,0.0,0.0,coarsest_pooled_direct,pooled_avg_pool_flip_avg_coarse_only,False,False,architexture_binary_v1,0.9711373232673519,0.9527776228774423,3,3,24x24,"{""cluster_0"": {""cluster_value"": 0, ""component_size_histogram"": {""1359"": 1}, ""largest_component_size"": 1359, ""num_1_cell_components"": 0, ""num_2_cell_components"": 0, ""num_components"": 1, ""smallest_component_size"": 1359, ""tiny_component_pixel_fraction"": 0.0, ""tiny_component_pixels"": 0}, ""cluster_1"": {""cluster_value"": 1, ""component_size_histogram"": {""3825"": 1}, ""largest_component_size"": 3825, ""num_1_cell_components"": 0, ""num_2_cell_components"": 0, ""num_components"": 1, ""smallest_component_size"": 3825, ""tiny_component_pixel_fraction"": 0.0, ""tiny_component_pixels"": 0}}"
cstd,feature_cluster_coarse_to_fine_global_pooled_init_flip_avg_coarse_only,benchmark,144,000144,2,partition_invariant,0.4223568524176802,0.033278943738615424,0.5,0.3983162236272577,0.4463974812081027,0.3519477844238281,0.6480522155761719,2,2,0.0,0.0,ok,True,"cluster_b->texture_a,cluster_a->texture_b",cluster_b,cluster_a,0.23708352956587742,0.033278943738615424,0.4223568524176802,0.033278943738615424,best_partition_assignment,1,fpn_2,fpn_2,fpn_2,72x72,107591,154553,107591,154553,107591,154553,0.0,0.0,0.0,0.0,coarsest_pooled_direct,pooled_avg_pool_flip_avg_coarse_only,False,False,architexture_binary_v1,0.4223568524176802,0.033278943738615424,3,3,24x24,"{""cluster_0"": {""cluster_value"": 0, ""component_size_histogram"": {""2052"": 1, ""27"": 1, ""45"": 1}, ""largest_component_size"": 2052, ""num_1_cell_components"": 0, ""num_2_cell_components"": 0, ""num_components"": 3, ""smallest_component_size"": 27, ""tiny_component_pixel_fraction"": 0.0, ""tiny_component_pixels"": 0}, ""cluster_1"": {""cluster_value"": 1, ""component_size_histogram"": {""1062"": 1, ""1701"": 1, ""297"": 1}, ""largest_component_size"": 1701, ""num_1_cell_components"": 0, ""num_2_cell_components"": 0, ""num_components"": 3, ""smallest_component_size"": 297, ""tiny_component_pixel_fraction"": 0.0, ""tiny_component_pixels"": 0}}"
cstd,feature_cluster_coarse_to_fine_global_pooled_init_flip_avg_coarse_only,benchmark,145,000145,2,partition_invariant,0.8345184986999932,0.6776998957110508,0.5,0.8573180123840917,0.8117189850158947,0.5886650085449219,0.4113349914550781,2,2,0.0,0.0,ok,True,"cluster_b->texture_a,cluster_a->texture_b",cluster_b,cluster_a,0.04601583643449171,0.6776998957110508,0.8345184986999932,0.6776998957110508,best_partition_assignment,1,fpn_2,fpn_2,fpn_2,72x72,115007,147137,115007,147137,115007,147137,0.0,0.0,0.0,0.0,coarsest_pooled_direct,pooled_avg_pool_flip_avg_coarse_only,False,False,architexture_binary_v1,0.8345184986999932,0.6776998957110508,3,3,24x24,"{""cluster_0"": {""cluster_value"": 0, ""component_size_histogram"": {""126"": 1, ""1989"": 1, ""54"": 1, ""9"": 1, ""90"": 1}, ""largest_component_size"": 1989, ""num_1_cell_components"": 0, ""num_2_cell_components"": 0, ""num_components"": 5, ""smallest_component_size"": 9, ""tiny_component_pixel_fraction"": 0.0, ""tiny_component_pixels"": 0}, ""cluster_1"": {""cluster_value"": 1, ""component_size_histogram"": {""2907"": 1, ""9"": 1}, ""largest_component_size"": 2907, ""num_1_cell_components"": 0, ""num_2_cell_components"": 0, ""num_components"": 2, ""smallest_component_size"": 9, ""tiny_component_pixel_fraction"": 0.0, ""tiny_component_pixels"": 0}}"
cstd,feature_cluster_coarse_to_fine_global_pooled_init_flip_avg_coarse_only,benchmark,146,000146,2,partition_invariant,0.9243813737015762,0.8650573390655409,0.5,0.8980088796266933,0.9507538677764592,0.30544281005859375,0.6945571899414062,2,2,0.0,0.0,ok,True,"cluster_a->texture_a,cluster_b->texture_b",cluster_a,cluster_b,0.9243813737015762,0.8650573390655409,0.01727101419055902,0.8650573390655409,best_partition_assignment,1,fpn_2,fpn_2,fpn_2,72x72,87509,174635,87509,174635,87509,174635,0.0,0.0,0.0,0.0,coarsest_pooled_direct,pooled_avg_pool_flip_avg_coarse_only,False,False,architexture_binary_v1,0.9243813737015762,0.8650573390655409,3,3,24x24,"{""cluster_0"": {""cluster_value"": 0, ""component_size_histogram"": {""1728"": 1}, ""largest_component_size"": 1728, ""num_1_cell_components"": 0, ""num_2_cell_components"": 0, ""num_components"": 1, ""smallest_component_size"": 1728, ""tiny_component_pixel_fraction"": 0.0, ""tiny_component_pixels"": 0}, ""cluster_1"": {""cluster_value"": 1, ""component_size_histogram"": {""3456"": 1}, ""largest_component_size"": 3456, ""num_1_cell_components"": 0, ""num_2_cell_components"": 0, ""num_components"": 1, ""smallest_component_size"": 3456, ""tiny_component_pixel_fraction"": 0.0, ""tiny_component_pixels"": 0}}"
cstd,feature_cluster_coarse_to_fine_global_pooled_init_flip_avg_coarse_only,benchmark,147,000147,2,partition_invariant,0.46467411783980317,0.10295191833004576,0.5,0.5895782027528405,0.33977003292676583,0.5281791687011719,0.4718208312988281,2,2,0.0,0.0,ok,True,"cluster_b->texture_a,cluster_a->texture_b",cluster_b,cluster_a,0.18461714420037806,0.10295191833004576,0.46467411783980317,0.10295191833004576,best_partition_assignment,1,fpn_2,fpn_2,fpn_2,72x72,56569,205575,56569,205575,56569,205575,0.0,0.0,0.0,0.0,coarsest_pooled_direct,pooled_avg_pool_flip_avg_coarse_only,False,False,architexture_binary_v1,0.46467411783980317,0.10295191833004576,3,3,24x24,"{""cluster_0"": {""cluster_value"": 0, ""component_size_histogram"": {""180"": 1, ""27"": 1, ""909"": 1}, ""largest_component_size"": 909, ""num_1_cell_components"": 0, ""num_2_cell_components"": 0, ""num_components"": 3, ""smallest_component_size"": 27, ""tiny_component_pixel_fraction"": 0.0, ""tiny_component_pixels"": 0}, ""cluster_1"": {""cluster_value"": 1, ""component_size_histogram"": {""4068"": 1}, ""largest_component_size"": 4068, ""num_1_cell_components"": 0, ""num_2_cell_components"": 0, ""num_components"": 1, ""smallest_component_size"": 4068, ""tiny_component_pixel_fraction"": 0.0, ""tiny_component_pixels"": 0}}"
cstd,feature_cluster_coarse_to_fine_global_pooled_init_flip_avg_coarse_only,benchmark,148,000148,2,partition_invariant,0.8450920812822786,0.7751514899639979,0.5,0.7422019345723291,0.9479822279922281,0.16680526733398438,0.8331947326660156,2,2,0.0,0.0,ok,True,"cluster_b->texture_a,cluster_a->texture_b",cluster_b,cluster_a,0.022946208662963687,0.7751514899639979,0.8450920812822786,0.7751514899639979,best_partition_assignment,1,fpn_2,fpn_2,fpn_2,72x72,225721,36423,225721,36423,225721,36423,0.0,0.0,0.0,0.0,coarsest_pooled_direct,pooled_avg_pool_flip_avg_coarse_only,False,False,architexture_binary_v1,0.8450920812822786,0.7751514899639979,3,3,24x24,"{""cluster_0"": {""cluster_value"": 0, ""component_size_histogram"": {""4455"": 1, ""9"": 1}, ""largest_component_size"": 4455, ""num_1_cell_components"": 0, ""num_2_cell_components"": 0, ""num_components"": 2, ""smallest_component_size"": 9, ""tiny_component_pixel_fraction"": 0.0, ""tiny_component_pixels"": 0}, ""cluster_1"": {""cluster_value"": 1, ""component_size_histogram"": {""720"": 1}, ""largest_component_size"": 720, ""num_1_cell_components"": 0, ""num_2_cell_components"": 0, ""num_components"": 1, ""smallest_component_size"": 720, ""tiny_component_pixel_fraction"": 0.0, ""tiny_component_pixels"": 0}}"
cstd,feature_cluster_coarse_to_fine_global_pooled_init_flip_avg_coarse_only,benchmark,149,000149,2,partition_invariant,0.9374905404651515,0.9032544026562531,0.5,0.9030364507117201,0.9719446302185827,0.2179718017578125,0.7820281982421875,2,2,0.0,0.0,ok,True,"cluster_a->texture_a,cluster_b->texture_b",cluster_a,cluster_b,0.9374905404651515,0.9032544026562531,0.011246739007989282,0.9032544026562531,best_partition_assignment,1,fpn_2,fpn_2,fpn_2,72x72,57301,204843,57301,204843,57301,204843,0.0,0.0,0.0,0.0,coarsest_pooled_direct,pooled_avg_pool_flip_avg_coarse_only,False,False,architexture_binary_v1,0.9374905404651515,0.9032544026562531,3,3,24x24,"{""cluster_0"": {""cluster_value"": 0, ""component_size_histogram"": {""1134"": 1}, ""largest_component_size"": 1134, ""num_1_cell_components"": 0, ""num_2_cell_components"": 0, ""num_components"": 1, ""smallest_component_size"": 1134, ""tiny_component_pixel_fraction"": 0.0, ""tiny_component_pixels"": 0}, ""cluster_1"": {""cluster_value"": 1, ""component_size_histogram"": {""4050"": 1}, ""largest_component_size"": 4050, ""num_1_cell_components"": 0, ""num_2_cell_components"": 0, ""num_components"": 1, ""smallest_component_size"": 4050, ""tiny_component_pixel_fraction"": 0.0, ""tiny_component_pixels"": 0}}"
cstd,feature_cluster_coarse_to_fine_global_pooled_init_flip_avg_coarse_only,benchmark,150,000150,2,partition_invariant,0.8545932601688551,0.7211695062628385,0.5,0.8265669359162543,0.8826195844214559,0.3618125915527344,0.6381874084472656,2,2,0.0,0.0,ok,True,"cluster_b->texture_a,cluster_a->texture_b",cluster_b,cluster_a,0.037866762312216286,0.7211695062628385,0.8545932601688551,0.7211695062628385,best_partition_assignment,1,fpn_2,fpn_2,fpn_2,72x72,149177,112967,149177,112967,149177,112967,0.0,0.0,0.0,0.0,coarsest_pooled_direct,pooled_avg_pool_flip_avg_coarse_only,False,False,architexture_binary_v1,0.8545932601688551,0.7211695062628385,3,3,24x24,"{""cluster_0"": {""cluster_value"": 0, ""component_size_histogram"": {""162"": 1, ""2790"": 1}, ""largest_component_size"": 2790, ""num_1_cell_components"": 0, ""num_2_cell_components"": 0, ""num_components"": 2, ""smallest_component_size"": 162, ""tiny_component_pixel_fraction"": 0.0, ""tiny_component_pixels"": 0}, ""cluster_1"": {""cluster_value"": 1, ""component_size_histogram"": {""2160"": 1, ""72"": 1}, ""largest_component_size"": 2160, ""num_1_cell_components"": 0, ""num_2_cell_components"": 0, ""num_components"": 2, ""smallest_component_size"": 72, ""tiny_component_pixel_fraction"": 0.0, ""tiny_component_pixels"": 0}}"
cstd,feature_cluster_coarse_to_fine_global_pooled_init_flip_avg_coarse_only,benchmark,151,000151,2,partition_invariant,0.6638714108073112,0.37243584834489896,0.5,0.6053734343590537,0.7223693872555685,0.4642829895019531,0.5357170104980469,2,2,0.0,0.0,ok,True,"cluster_a->texture_a,cluster_b->texture_b",cluster_a,cluster_b,0.6638714108073112,0.37243584834489896,0.1027240777091674,0.37243584834489896,best_partition_assignment,1,fpn_2,fpn_2,fpn_2,72x72,85930,176214,85930,176214,85930,176214,0.0,0.0,0.0,0.0,coarsest_pooled_direct,pooled_avg_pool_flip_avg_coarse_only,False,False,architexture_binary_v1,0.6638714108073112,0.37243584834489896,3,3,24x24,"{""cluster_0"": {""cluster_value"": 0, ""component_size_histogram"": {""1557"": 1, ""18"": 2, ""27"": 1, ""36"": 1, ""9"": 5}, ""largest_component_size"": 1557, ""num_1_cell_components"": 0, ""num_2_cell_components"": 0, ""num_components"": 10, ""smallest_component_size"": 9, ""tiny_component_pixel_fraction"": 0.0, ""tiny_component_pixels"": 0}, ""cluster_1"": {""cluster_value"": 1, ""component_size_histogram"": {""3483"": 1}, ""largest_component_size"": 3483, ""num_1_cell_components"": 0, ""num_2_cell_components"": 0, ""num_components"": 1, ""smallest_component_size"": 3483, ""tiny_component_pixel_fraction"": 0.0, ""tiny_component_pixels"": 0}}"
cstd,feature_cluster_coarse_to_fine_global_pooled_init_flip_avg_coarse_only,benchmark,152,000152,2,partition_invariant,0.5090581155006648,0.1559095598164515,0.5,0.39465322334249925,0.6234630076588304,0.21550369262695312,0.7844963073730469,2,2,0.0,0.0,ok,True,"cluster_a->texture_a,cluster_b->texture_b",cluster_a,cluster_b,0.5090581155006648,0.1559095598164515,0.15747189475526585,0.1559095598164515,best_partition_assignment,1,fpn_2,fpn_2,fpn_2,72x72,126095,136049,126095,136049,126095,136049,0.0,0.0,0.0,0.0,coarsest_pooled_direct,pooled_avg_pool_flip_avg_coarse_only,False,False,architexture_binary_v1,0.5090581155006648,0.1559095598164515,3,3,24x24,"{""cluster_0"": {""cluster_value"": 0, ""component_size_histogram"": {""1044"": 1, ""1431"": 1, ""18"": 1}, ""largest_component_size"": 1431, ""num_1_cell_components"": 0, ""num_2_cell_components"": 0, ""num_components"": 3, ""smallest_component_size"": 18, ""tiny_component_pixel_fraction"": 0.0, ""tiny_component_pixels"": 0}, ""cluster_1"": {""cluster_value"": 1, ""component_size_histogram"": {""2691"": 1}, ""largest_component_size"": 2691, ""num_1_cell_components"": 0, ""num_2_cell_components"": 0, ""num_components"": 1, ""smallest_component_size"": 2691, ""tiny_component_pixel_fraction"": 0.0, ""tiny_component_pixels"": 0}}"
cstd,feature_cluster_coarse_to_fine_global_pooled_init_flip_avg_coarse_only,benchmark,153,000153,2,partition_invariant,0.9392010646466404,0.8834266965927561,0.5,0.9266825241360012,0.9517196051572798,0.38922119140625,0.61077880859375,2,2,0.0,0.0,ok,True,"cluster_a->texture_a,cluster_b->texture_b",cluster_a,cluster_b,0.9392010646466404,0.8834266965927561,0.01519711299369076,0.8834266965927561,best_partition_assignment,1,fpn_2,fpn_2,fpn_2,72x72,104518,157626,104518,157626,104518,157626,0.0,0.0,0.0,0.0,coarsest_pooled_direct,pooled_avg_pool_flip_avg_coarse_only,False,False,architexture_binary_v1,0.9392010646466404,0.8834266965927561,3,3,24x24,"{""cluster_0"": {""cluster_value"": 0, ""component_size_histogram"": {""2070"": 1}, ""largest_component_size"": 2070, ""num_1_cell_components"": 0, ""num_2_cell_components"": 0, ""num_components"": 1, ""smallest_component_size"": 2070, ""tiny_component_pixel_fraction"": 0.0, ""tiny_component_pixels"": 0}, ""cluster_1"": {""cluster_value"": 1, ""component_size_histogram"": {""3114"": 1}, ""largest_component_size"": 3114, ""num_1_cell_components"": 0, ""num_2_cell_components"": 0, ""num_components"": 1, ""smallest_component_size"": 3114, ""tiny_component_pixel_fraction"": 0.0, ""tiny_component_pixels"": 0}}"
cstd,feature_cluster_coarse_to_fine_global_pooled_init_flip_avg_coarse_only,benchmark,154,000154,2,partition_invariant,0.8506580735741602,0.7406406493405489,0.5,0.7921995560722968,0.9091165910760238,0.2614707946777344,0.7385292053222656,2,2,0.0,0.0,ok,True,"cluster_a->texture_a,cluster_b->texture_b",cluster_a,cluster_b,0.8506580735741602,0.7406406493405489,0.034020979393138376,0.7406406493405489,best_partition_assignment,1,fpn_2,fpn_2,fpn_2,72x72,84061,178083,84061,178083,84061,178083,0.0,0.0,0.0,0.0,coarsest_pooled_direct,pooled_avg_pool_flip_avg_coarse_only,False,False,architexture_binary_v1,0.8506580735741602,0.7406406493405489,3,3,24x24,"{""cluster_0"": {""cluster_value"": 0, ""component_size_histogram"": {""1566"": 1, ""27"": 1, ""72"": 1}, ""largest_component_size"": 1566, ""num_1_cell_components"": 0, ""num_2_cell_components"": 0, ""num_components"": 3, ""smallest_component_size"": 27, ""tiny_component_pixel_fraction"": 0.0, ""tiny_component_pixels"": 0}, ""cluster_1"": {""cluster_value"": 1, ""component_size_histogram"": {""3483"": 1, ""36"": 1}, ""largest_component_size"": 3483, ""num_1_cell_components"": 0, ""num_2_cell_components"": 0, ""num_components"": 2, ""smallest_component_size"": 36, ""tiny_component_pixel_fraction"": 0.0, ""tiny_component_pixels"": 0}}"
cstd,feature_cluster_coarse_to_fine_global_pooled_init_flip_avg_coarse_only,benchmark,155,000155,2,partition_invariant,0.9620726711842663,0.9385070893602768,0.5,0.943580337490829,0.9805650048777036,0.250885009765625,0.749114990234375,2,2,0.0,0.0,ok,True,"cluster_b->texture_a,cluster_a->texture_b",cluster_b,cluster_a,0.00738484178023873,0.9385070893602768,0.9620726711842663,0.9385070893602768,best_partition_assignment,1,fpn_2,fpn_2,fpn_2,72x72,195457,66687,195457,66687,195457,66687,0.0,0.0,0.0,0.0,coarsest_pooled_direct,pooled_avg_pool_flip_avg_coarse_only,False,False,architexture_binary_v1,0.9620726711842663,0.9385070893602768,3,3,24x24,"{""cluster_0"": {""cluster_value"": 0, ""component_size_histogram"": {""3861"": 1}, ""largest_component_size"": 3861, ""num_1_cell_components"": 0, ""num_2_cell_components"": 0, ""num_components"": 1, ""smallest_component_size"": 3861, ""tiny_component_pixel_fraction"": 0.0, ""tiny_component_pixels"": 0}, ""cluster_1"": {""cluster_value"": 1, ""component_size_histogram"": {""1323"": 1}, ""largest_component_size"": 1323, ""num_1_cell_components"": 0, ""num_2_cell_components"": 0, ""num_components"": 1, ""smallest_component_size"": 1323, ""tiny_component_pixel_fraction"": 0.0, ""tiny_component_pixels"": 0}}"
cstd,feature_cluster_coarse_to_fine_global_pooled_init_flip_avg_coarse_only,benchmark,156,000156,2,partition_invariant,0.9451083210109887,0.9026192634656518,0.5,0.925422351233672,0.9647942907883054,0.3153572082519531,0.6846427917480469,2,2,0.0,0.0,ok,True,"cluster_b->texture_a,cluster_a->texture_b",cluster_b,cluster_a,0.012401965729758001,0.9026192634656518,0.9451083210109887,0.9026192634656518,best_partition_assignment,1,fpn_2,fpn_2,fpn_2,72x72,178986,83158,178986,83158,178986,83158,0.0,0.0,0.0,0.0,coarsest_pooled_direct,pooled_avg_pool_flip_avg_coarse_only,False,False,architexture_binary_v1,0.9451083210109887,0.9026192634656518,3,3,24x24,"{""cluster_0"": {""cluster_value"": 0, ""component_size_histogram"": {""3537"": 1}, ""largest_component_size"": 3537, ""num_1_cell_components"": 0, ""num_2_cell_components"": 0, ""num_components"": 1, ""smallest_component_size"": 3537, ""tiny_component_pixel_fraction"": 0.0, ""tiny_component_pixels"": 0}, ""cluster_1"": {""cluster_value"": 1, ""component_size_histogram"": {""1647"": 1}, ""largest_component_size"": 1647, ""num_1_cell_components"": 0, ""num_2_cell_components"": 0, ""num_components"": 1, ""smallest_component_size"": 1647, ""tiny_component_pixel_fraction"": 0.0, ""tiny_component_pixels"": 0}}"
cstd,feature_cluster_coarse_to_fine_global_pooled_init_flip_avg_coarse_only,benchmark,157,000157,2,partition_invariant,0.9115648137633765,0.8545156544484703,0.5,0.8697584082048989,0.9533712193218541,0.24299240112304688,0.7570075988769531,2,2,0.0,0.0,ok,True,"cluster_b->texture_a,cluster_a->texture_b",cluster_b,cluster_a,0.01794779451284151,0.8545156544484703,0.9115648137633765,0.8545156544484703,best_partition_assignment,1,fpn_2,fpn_2,fpn_2,72x72,192030,70114,192030,70114,192030,70114,0.0,0.0,0.0,0.0,coarsest_pooled_direct,pooled_avg_pool_flip_avg_coarse_only,False,False,architexture_binary_v1,0.9115648137633765,0.8545156544484703,3,3,24x24,"{""cluster_0"": {""cluster_value"": 0, ""component_size_histogram"": {""3798"": 1}, ""largest_component_size"": 3798, ""num_1_cell_components"": 0, ""num_2_cell_components"": 0, ""num_components"": 1, ""smallest_component_size"": 3798, ""tiny_component_pixel_fraction"": 0.0, ""tiny_component_pixels"": 0}, ""cluster_1"": {""cluster_value"": 1, ""component_size_histogram"": {""1368"": 1, ""18"": 1}, ""largest_component_size"": 1368, ""num_1_cell_components"": 0, ""num_2_cell_components"": 0, ""num_components"": 2, ""smallest_component_size"": 18, ""tiny_component_pixel_fraction"": 0.0, ""tiny_component_pixels"": 0}}"
cstd,feature_cluster_coarse_to_fine_global_pooled_init_flip_avg_coarse_only,benchmark,158,000158,2,partition_invariant,0.5542821423198181,0.21892303839921137,0.5,0.6740382092684905,0.4345260753711458,0.6806221008300781,0.3193778991699219,2,2,0.0,0.0,ok,True,"cluster_b->texture_a,cluster_a->texture_b",cluster_b,cluster_a,0.1497252480782831,0.21892303839921137,0.5542821423198181,0.21892303839921137,best_partition_assignment,1,fpn_2,fpn_2,fpn_2,72x72,89628,172516,89628,172516,89628,172516,0.0,0.0,0.0,0.0,coarsest_pooled_direct,pooled_avg_pool_flip_avg_coarse_only,False,False,architexture_binary_v1,0.5542821423198181,0.21892303839921137,3,3,24x24,"{""cluster_0"": {""cluster_value"": 0, ""component_size_histogram"": {""1773"": 1}, ""largest_component_size"": 1773, ""num_1_cell_components"": 0, ""num_2_cell_components"": 0, ""num_components"": 1, ""smallest_component_size"": 1773, ""tiny_component_pixel_fraction"": 0.0, ""tiny_component_pixels"": 0}, ""cluster_1"": {""cluster_value"": 1, ""component_size_histogram"": {""3411"": 1}, ""largest_component_size"": 3411, ""num_1_cell_components"": 0, ""num_2_cell_components"": 0, ""num_components"": 1, ""smallest_component_size"": 3411, ""tiny_component_pixel_fraction"": 0.0, ""tiny_component_pixels"": 0}}"
cstd,feature_cluster_coarse_to_fine_global_pooled_init_flip_avg_coarse_only,benchmark,159,000159,2,partition_invariant,0.41754298582459565,0.05244616431835256,0.5,0.2497014831573655,0.5853844884918258,0.2676582336425781,0.7323417663574219,2,2,0.0,0.0,ok,True,"cluster_a->texture_a,cluster_b->texture_b",cluster_a,cluster_b,0.41754298582459565,0.05244616431835256,0.22125986237150264,0.05244616431835256,best_partition_assignment,1,fpn_2,fpn_2,fpn_2,72x72,88917,173227,88917,173227,88917,173227,0.0,0.0,0.0,0.0,coarsest_pooled_direct,pooled_avg_pool_flip_avg_coarse_only,False,False,architexture_binary_v1,0.41754298582459565,0.05244616431835256,3,3,24x24,"{""cluster_0"": {""cluster_value"": 0, ""component_size_histogram"": {""1755"": 1}, ""largest_component_size"": 1755, ""num_1_cell_components"": 0, ""num_2_cell_components"": 0, ""num_components"": 1, ""smallest_component_size"": 1755, ""tiny_component_pixel_fraction"": 0.0, ""tiny_component_pixels"": 0}, ""cluster_1"": {""cluster_value"": 1, ""component_size_histogram"": {""3429"": 1}, ""largest_component_size"": 3429, ""num_1_cell_components"": 0, ""num_2_cell_components"": 0, ""num_components"": 1, ""smallest_component_size"": 3429, ""tiny_component_pixel_fraction"": 0.0, ""tiny_component_pixels"": 0}}"
cstd,feature_cluster_coarse_to_fine_global_pooled_init_flip_avg_coarse_only,benchmark,160,000160,2,partition_invariant,0.3349024582500006,-0.06286350780848635,0.5,0.33019801726304343,0.33960689923695775,0.24805831909179688,0.7519416809082031,2,2,0.0,0.0,ok,True,"cluster_b->texture_a,cluster_a->texture_b",cluster_b,cluster_a,0.25091776015630096,-0.06286350780848635,0.3349024582500006,-0.06286350780848635,best_partition_assignment,1,fpn_2,fpn_2,fpn_2,72x72,67805,194339,67805,194339,67805,194339,0.0,0.0,0.0,0.0,coarsest_pooled_direct,pooled_avg_pool_flip_avg_coarse_only,False,False,architexture_binary_v1,0.3349024582500006,-0.06286350780848635,3,3,24x24,"{""cluster_0"": {""cluster_value"": 0, ""component_size_histogram"": {""1062"": 1, ""279"": 1}, ""largest_component_size"": 1062, ""num_1_cell_components"": 0, ""num_2_cell_components"": 0, ""num_components"": 2, ""smallest_component_size"": 279, ""tiny_component_pixel_fraction"": 0.0, ""tiny_component_pixels"": 0}, ""cluster_1"": {""cluster_value"": 1, ""component_size_histogram"": {""3843"": 1}, ""largest_component_size"": 3843, ""num_1_cell_components"": 0, ""num_2_cell_components"": 0, ""num_components"": 1, ""smallest_component_size"": 3843, ""tiny_component_pixel_fraction"": 0.0, ""tiny_component_pixels"": 0}}"
cstd,feature_cluster_coarse_to_fine_global_pooled_init_flip_avg_coarse_only,benchmark,161,000161,2,partition_invariant,0.9506434287380503,0.9224947528614061,0.5,0.9244629576430783,0.9768238998330224,0.22689056396484375,0.7731094360351562,2,2,0.0,0.0,ok,True,"cluster_a->texture_a,cluster_b->texture_b",cluster_a,cluster_b,0.9506434287380503,0.9224947528614061,0.009100001677614307,0.9224947528614061,best_partition_assignment,1,fpn_2,fpn_2,fpn_2,72x72,61105,201039,61105,201039,61105,201039,0.0,0.0,0.0,0.0,coarsest_pooled_direct,pooled_avg_pool_flip_avg_coarse_only,False,False,architexture_binary_v1,0.9506434287380503,0.9224947528614061,3,3,24x24,"{""cluster_0"": {""cluster_value"": 0, ""component_size_histogram"": {""1206"": 1}, ""largest_component_size"": 1206, ""num_1_cell_components"": 0, ""num_2_cell_components"": 0, ""num_components"": 1, ""smallest_component_size"": 1206, ""tiny_component_pixel_fraction"": 0.0, ""tiny_component_pixels"": 0}, ""cluster_1"": {""cluster_value"": 1, ""component_size_histogram"": {""3978"": 1}, ""largest_component_size"": 3978, ""num_1_cell_components"": 0, ""num_2_cell_components"": 0, ""num_components"": 1, ""smallest_component_size"": 3978, ""tiny_component_pixel_fraction"": 0.0, ""tiny_component_pixels"": 0}}"
cstd,feature_cluster_coarse_to_fine_global_pooled_init_flip_avg_coarse_only,benchmark,162,000162,2,partition_invariant,0.763556893999994,0.5518998210270574,0.5,0.8094658407600757,0.7176479472399124,0.6672515869140625,0.3327484130859375,2,2,0.0,0.0,ok,True,"cluster_b->texture_a,cluster_a->texture_b",cluster_b,cluster_a,0.06503109184513223,0.5518998210270574,0.763556893999994,0.5518998210270574,best_partition_assignment,1,fpn_2,fpn_2,fpn_2,72x72,117483,144661,117483,144661,117483,144661,0.0,0.0,0.0,0.0,coarsest_pooled_direct,pooled_avg_pool_flip_avg_coarse_only,False,False,architexture_binary_v1,0.763556893999994,0.5518998210270574,3,3,24x24,"{""cluster_0"": {""cluster_value"": 0, ""component_size_histogram"": {""2322"": 1}, ""largest_component_size"": 2322, ""num_1_cell_components"": 0, ""num_2_cell_components"": 0, ""num_components"": 1, ""smallest_component_size"": 2322, ""tiny_component_pixel_fraction"": 0.0, ""tiny_component_pixels"": 0}, ""cluster_1"": {""cluster_value"": 1, ""component_size_histogram"": {""2862"": 1}, ""largest_component_size"": 2862, ""num_1_cell_components"": 0, ""num_2_cell_components"": 0, ""num_components"": 1, ""smallest_component_size"": 2862, ""tiny_component_pixel_fraction"": 0.0, ""tiny_component_pixels"": 0}}"
cstd,feature_cluster_coarse_to_fine_global_pooled_init_flip_avg_coarse_only,benchmark,163,000163,2,partition_invariant,0.880878964588451,0.7891855259646953,0.5,0.8377486447866815,0.9240092843902206,0.2934074401855469,0.7065925598144531,2,2,0.0,0.0,ok,True,"cluster_a->texture_a,cluster_b->texture_b",cluster_a,cluster_b,0.880878964588451,0.7891855259646953,0.02780147263551927,0.7891855259646953,best_partition_assignment,1,fpn_2,fpn_2,fpn_2,72x72,85134,177010,85134,177010,85134,177010,0.0,0.0,0.0,0.0,coarsest_pooled_direct,pooled_avg_pool_flip_avg_coarse_only,False,False,architexture_binary_v1,0.880878964588451,0.7891855259646953,3,3,24x24,"{""cluster_0"": {""cluster_value"": 0, ""component_size_histogram"": {""108"": 1, ""1548"": 1, ""27"": 1}, ""largest_component_size"": 1548, ""num_1_cell_components"": 0, ""num_2_cell_components"": 0, ""num_components"": 3, ""smallest_component_size"": 27, ""tiny_component_pixel_fraction"": 0.0, ""tiny_component_pixels"": 0}, ""cluster_1"": {""cluster_value"": 1, ""component_size_histogram"": {""3465"": 1, ""36"": 1}, ""largest_component_size"": 3465, ""num_1_cell_components"": 0, ""num_2_cell_components"": 0, ""num_components"": 2, ""smallest_component_size"": 36, ""tiny_component_pixel_fraction"": 0.0, ""tiny_component_pixels"": 0}}"
cstd,feature_cluster_coarse_to_fine_global_pooled_init_flip_avg_coarse_only,benchmark,164,000164,2,partition_invariant,0.6869532206469618,0.40726036873502086,0.5,0.640240614295588,0.7336658269983357,0.411407470703125,0.588592529296875,2,2,0.0,0.0,ok,True,"cluster_b->texture_a,cluster_a->texture_b",cluster_b,cluster_a,0.09931806184238409,0.40726036873502086,0.6869532206469618,0.40726036873502086,best_partition_assignment,1,fpn_2,fpn_2,fpn_2,72x72,154033,108111,154033,108111,154033,108111,0.0,0.0,0.0,0.0,coarsest_pooled_direct,pooled_avg_pool_flip_avg_coarse_only,False,False,architexture_binary_v1,0.6869532206469618,0.40726036873502086,3,3,24x24,"{""cluster_0"": {""cluster_value"": 0, ""component_size_histogram"": {""1773"": 1, ""18"": 1, ""270"": 1, ""981"": 1}, ""largest_component_size"": 1773, ""num_1_cell_components"": 0, ""num_2_cell_components"": 0, ""num_components"": 4, ""smallest_component_size"": 18, ""tiny_component_pixel_fraction"": 0.0, ""tiny_component_pixels"": 0}, ""cluster_1"": {""cluster_value"": 1, ""component_size_histogram"": {""108"": 1, ""1413"": 1, ""18"": 1, ""351"": 1, ""36"": 2, ""81"": 1, ""99"": 1}, ""largest_component_size"": 1413, ""num_1_cell_components"": 0, ""num_2_cell_components"": 0, ""num_components"": 8, ""smallest_component_size"": 18, ""tiny_component_pixel_fraction"": 0.0, ""tiny_component_pixels"": 0}}"
cstd,feature_cluster_coarse_to_fine_global_pooled_init_flip_avg_coarse_only,benchmark,165,000165,2,partition_invariant,0.9347813635828988,0.8756485542691301,0.5,0.9490986021361978,0.9204641250295998,0.61029052734375,0.38970947265625,2,2,0.0,0.0,ok,True,"cluster_b->texture_a,cluster_a->texture_b",cluster_b,cluster_a,0.016267618012350854,0.8756485542691301,0.9347813635828988,0.8756485542691301,best_partition_assignment,1,fpn_2,fpn_2,fpn_2,72x72,100593,161551,100593,161551,100593,161551,0.0,0.0,0.0,0.0,coarsest_pooled_direct,pooled_avg_pool_flip_avg_coarse_only,False,False,architexture_binary_v1,0.9347813635828988,0.8756485542691301,3,3,24x24,"{""cluster_0"": {""cluster_value"": 0, ""component_size_histogram"": {""1980"": 1, ""9"": 1}, ""largest_component_size"": 1980, ""num_1_cell_components"": 0, ""num_2_cell_components"": 0, ""num_components"": 2, ""smallest_component_size"": 9, ""tiny_component_pixel_fraction"": 0.0, ""tiny_component_pixels"": 0}, ""cluster_1"": {""cluster_value"": 1, ""component_size_histogram"": {""3195"": 1}, ""largest_component_size"": 3195, ""num_1_cell_components"": 0, ""num_2_cell_components"": 0, ""num_components"": 1, ""smallest_component_size"": 3195, ""tiny_component_pixel_fraction"": 0.0, ""tiny_component_pixels"": 0}}"
cstd,feature_cluster_coarse_to_fine_global_pooled_init_flip_avg_coarse_only,benchmark,166,000166,2,partition_invariant,0.9571027143922817,0.9159587876867453,0.5,0.9509721048182587,0.9632333239663048,0.41939544677734375,0.5806045532226562,2,2,0.0,0.0,ok,True,"cluster_a->texture_a,cluster_b->texture_b",cluster_a,cluster_b,0.9571027143922817,0.9159587876867453,0.010788540795279586,0.9159587876867453,best_partition_assignment,1,fpn_2,fpn_2,fpn_2,72x72,113934,148210,113934,148210,113934,148210,0.0,0.0,0.0,0.0,coarsest_pooled_direct,pooled_avg_pool_flip_avg_coarse_only,False,False,architexture_binary_v1,0.9571027143922817,0.9159587876867453,3,3,24x24,"{""cluster_0"": {""cluster_value"": 0, ""component_size_histogram"": {""18"": 1, ""2205"": 1, ""9"": 3}, ""largest_component_size"": 2205, ""num_1_cell_components"": 0, ""num_2_cell_components"": 0, ""num_components"": 5, ""smallest_component_size"": 9, ""tiny_component_pixel_fraction"": 0.0, ""tiny_component_pixels"": 0}, ""cluster_1"": {""cluster_value"": 1, ""component_size_histogram"": {""2934"": 1}, ""largest_component_size"": 2934, ""num_1_cell_components"": 0, ""num_2_cell_components"": 0, ""num_components"": 1, ""smallest_component_size"": 2934, ""tiny_component_pixel_fraction"": 0.0, ""tiny_component_pixels"": 0}}"
cstd,feature_cluster_coarse_to_fine_global_pooled_init_flip_avg_coarse_only,benchmark,167,000167,2,partition_invariant,0.3986837550182199,0.009966554663703123,0.5,0.08839826520708169,0.7089692448293581,0.22799301147460938,0.7720069885253906,2,2,0.0,0.0,ok,True,"cluster_a->texture_a,cluster_b->texture_b",cluster_a,cluster_b,0.3986837550182199,0.009966554663703123,0.16088475065880492,0.009966554663703123,best_partition_assignment,1,fpn_2,fpn_2,fpn_2,72x72,28821,233323,28821,233323,28821,233323,0.0,0.0,0.0,0.0,coarsest_pooled_direct,pooled_avg_pool_flip_avg_coarse_only,False,False,architexture_binary_v1,0.3986837550182199,0.009966554663703123,3,3,24x24,"{""cluster_0"": {""cluster_value"": 0, ""component_size_histogram"": {""18"": 1, ""252"": 1, ""261"": 1, ""36"": 1}, ""largest_component_size"": 261, ""num_1_cell_components"": 0, ""num_2_cell_components"": 0, ""num_components"": 4, ""smallest_component_size"": 18, ""tiny_component_pixel_fraction"": 0.0, ""tiny_component_pixels"": 0}, ""cluster_1"": {""cluster_value"": 1, ""component_size_histogram"": {""4617"": 1}, ""largest_component_size"": 4617, ""num_1_cell_components"": 0, ""num_2_cell_components"": 0, ""num_components"": 1, ""smallest_component_size"": 4617, ""tiny_component_pixel_fraction"": 0.0, ""tiny_component_pixels"": 0}}"
cstd,feature_cluster_coarse_to_fine_global_pooled_init_flip_avg_coarse_only,benchmark,168,000168,2,partition_invariant,0.9410371859365413,0.8967173972726653,0.5,0.9186933457867826,0.9633810260862999,0.30755615234375,0.69244384765625,2,2,0.0,0.0,ok,True,"cluster_a->texture_a,cluster_b->texture_b",cluster_a,cluster_b,0.9410371859365413,0.8967173972726653,0.013117019697264682,0.8967173972726653,best_partition_assignment,1,fpn_2,fpn_2,fpn_2,72x72,79608,182536,79608,182536,79608,182536,0.0,0.0,0.0,0.0,coarsest_pooled_direct,pooled_avg_pool_flip_avg_coarse_only,False,False,architexture_binary_v1,0.9410371859365413,0.8967173972726653,3,3,24x24,"{""cluster_0"": {""cluster_value"": 0, ""component_size_histogram"": {""1575"": 1}, ""largest_component_size"": 1575, ""num_1_cell_components"": 0, ""num_2_cell_components"": 0, ""num_components"": 1, ""smallest_component_size"": 1575, ""tiny_component_pixel_fraction"": 0.0, ""tiny_component_pixels"": 0}, ""cluster_1"": {""cluster_value"": 1, ""component_size_histogram"": {""3609"": 1}, ""largest_component_size"": 3609, ""num_1_cell_components"": 0, ""num_2_cell_components"": 0, ""num_components"": 1, ""smallest_component_size"": 3609, ""tiny_component_pixel_fraction"": 0.0, ""tiny_component_pixels"": 0}}"
cstd,feature_cluster_coarse_to_fine_global_pooled_init_flip_avg_coarse_only,benchmark,169,000169,2,partition_invariant,0.34612700947541797,-0.025268173602135194,0.5,0.31362598599855007,0.3786280329522858,0.2596588134765625,0.7403411865234375,2,2,0.0,0.0,ok,True,"cluster_b->texture_a,cluster_a->texture_b",cluster_b,cluster_a,0.2663753310241519,-0.025268173602135194,0.34612700947541797,-0.025268173602135194,best_partition_assignment,1,fpn_2,fpn_2,fpn_2,72x72,87404,174740,87404,174740,87404,174740,0.0,0.0,0.0,0.0,coarsest_pooled_direct,pooled_avg_pool_flip_avg_coarse_only,False,False,architexture_binary_v1,0.34612700947541797,-0.025268173602135194,3,3,24x24,"{""cluster_0"": {""cluster_value"": 0, ""component_size_histogram"": {""108"": 2, ""126"": 1, ""18"": 1, ""27"": 2, ""36"": 2, ""45"": 1, ""63"": 1, ""72"": 1, ""9"": 12, ""954"": 1}, ""largest_component_size"": 954, ""num_1_cell_components"": 0, ""num_2_cell_components"": 0, ""num_components"": 24, ""smallest_component_size"": 9, ""tiny_component_pixel_fraction"": 0.0, ""tiny_component_pixels"": 0}, ""cluster_1"": {""cluster_value"": 1, ""component_size_histogram"": {""18"": 1, ""27"": 1, ""3303"": 1, ""45"": 1, ""9"": 7}, ""largest_component_size"": 3303, ""num_1_cell_components"": 0, ""num_2_cell_components"": 0, ""num_components"": 11, ""smallest_component_size"": 9, ""tiny_component_pixel_fraction"": 0.0, ""tiny_component_pixels"": 0}}"
cstd,feature_cluster_coarse_to_fine_global_pooled_init_flip_avg_coarse_only,benchmark,170,000170,2,partition_invariant,0.3623308858853663,-0.007814326875867004,0.5,0.423104779148997,0.3015569926217356,0.385467529296875,0.614532470703125,2,2,0.0,0.0,ok,True,"cluster_b->texture_a,cluster_a->texture_b",cluster_b,cluster_a,0.25768905752545723,-0.007814326875867004,0.3623308858853663,-0.007814326875867004,best_partition_assignment,1,fpn_2,fpn_2,fpn_2,72x72,64525,197619,64525,197619,64525,197619,0.0,0.0,0.0,0.0,coarsest_pooled_direct,pooled_avg_pool_flip_avg_coarse_only,False,False,architexture_binary_v1,0.3623308858853663,-0.007814326875867004,3,3,24x24,"{""cluster_0"": {""cluster_value"": 0, ""component_size_histogram"": {""1170"": 1, ""27"": 2, ""45"": 1, ""9"": 1}, ""largest_component_size"": 1170, ""num_1_cell_components"": 0, ""num_2_cell_components"": 0, ""num_components"": 5, ""smallest_component_size"": 9, ""tiny_component_pixel_fraction"": 0.0, ""tiny_component_pixels"": 0}, ""cluster_1"": {""cluster_value"": 1, ""component_size_histogram"": {""1755"": 1, ""1899"": 1, ""198"": 1, ""54"": 1}, ""largest_component_size"": 1899, ""num_1_cell_components"": 0, ""num_2_cell_components"": 0, ""num_components"": 4, ""smallest_component_size"": 54, ""tiny_component_pixel_fraction"": 0.0, ""tiny_component_pixels"": 0}}"
cstd,feature_cluster_coarse_to_fine_global_pooled_init_flip_avg_coarse_only,benchmark,171,000171,2,partition_invariant,0.9273072147121963,0.8894228415601583,0.5,0.8854909658085207,0.9691234636158721,0.20441055297851562,0.7955894470214844,2,2,0.0,0.0,ok,True,"cluster_a->texture_a,cluster_b->texture_b",cluster_a,cluster_b,0.9273072147121963,0.8894228415601583,0.012619249283010439,0.8894228415601583,best_partition_assignment,1,fpn_2,fpn_2,fpn_2,72x72,54003,208141,54003,208141,54003,208141,0.0,0.0,0.0,0.0,coarsest_pooled_direct,pooled_avg_pool_flip_avg_coarse_only,False,False,architexture_binary_v1,0.9273072147121963,0.8894228415601583,3,3,24x24,"{""cluster_0"": {""cluster_value"": 0, ""component_size_histogram"": {""1071"": 1}, ""largest_component_size"": 1071, ""num_1_cell_components"": 0, ""num_2_cell_components"": 0, ""num_components"": 1, ""smallest_component_size"": 1071, ""tiny_component_pixel_fraction"": 0.0, ""tiny_component_pixels"": 0}, ""cluster_1"": {""cluster_value"": 1, ""component_size_histogram"": {""36"": 1, ""4077"": 1}, ""largest_component_size"": 4077, ""num_1_cell_components"": 0, ""num_2_cell_components"": 0, ""num_components"": 2, ""smallest_component_size"": 36, ""tiny_component_pixel_fraction"": 0.0, ""tiny_component_pixels"": 0}}"
cstd,feature_cluster_coarse_to_fine_global_pooled_init_flip_avg_coarse_only,benchmark,172,000172,2,partition_invariant,0.9214587132034376,0.8777512509683544,0.5,0.8785395298620994,0.9643778965447759,0.20946884155273438,0.7905311584472656,2,2,0.0,0.0,ok,True,"cluster_a->texture_a,cluster_b->texture_b",cluster_a,cluster_b,0.9214587132034376,0.8777512509683544,0.014272708893190298,0.8777512509683544,best_partition_assignment,1,fpn_2,fpn_2,fpn_2,72x72,59926,202218,59926,202218,59926,202218,0.0,0.0,0.0,0.0,coarsest_pooled_direct,pooled_avg_pool_flip_avg_coarse_only,False,False,architexture_binary_v1,0.9214587132034376,0.8777512509683544,3,3,24x24,"{""cluster_0"": {""cluster_value"": 0, ""component_size_histogram"": {""1179"": 1, ""9"": 1}, ""largest_component_size"": 1179, ""num_1_cell_components"": 0, ""num_2_cell_components"": 0, ""num_components"": 2, ""smallest_component_size"": 9, ""tiny_component_pixel_fraction"": 0.0, ""tiny_component_pixels"": 0}, ""cluster_1"": {""cluster_value"": 1, ""component_size_histogram"": {""144"": 1, ""3852"": 1}, ""largest_component_size"": 3852, ""num_1_cell_components"": 0, ""num_2_cell_components"": 0, ""num_components"": 2, ""smallest_component_size"": 144, ""tiny_component_pixel_fraction"": 0.0, ""tiny_component_pixels"": 0}}"
cstd,feature_cluster_coarse_to_fine_global_pooled_init_flip_avg_coarse_only,benchmark,173,000173,2,partition_invariant,0.3388102501805041,-0.005958359885633509,0.5,0.4656049565862385,0.21201554377476967,0.4284706115722656,0.5715293884277344,2,2,0.0,0.0,ok,True,"cluster_b->texture_a,cluster_a->texture_b",cluster_b,cluster_a,0.24708850003533683,-0.005958359885633509,0.3388102501805041,-0.005958359885633509,best_partition_assignment,1,fpn_2,fpn_2,fpn_2,72x72,38563,223581,38563,223581,38563,223581,0.0,0.0,0.0,0.0,coarsest_pooled_direct,pooled_avg_pool_flip_avg_coarse_only,False,False,architexture_binary_v1,0.3388102501805041,-0.005958359885633509,3,3,24x24,"{""cluster_0"": {""cluster_value"": 0, ""component_size_histogram"": {""765"": 1}, ""largest_component_size"": 765, ""num_1_cell_components"": 0, ""num_2_cell_components"": 0, ""num_components"": 1, ""smallest_component_size"": 765, ""tiny_component_pixel_fraction"": 0.0, ""tiny_component_pixels"": 0}, ""cluster_1"": {""cluster_value"": 1, ""component_size_histogram"": {""4419"": 1}, ""largest_component_size"": 4419, ""num_1_cell_components"": 0, ""num_2_cell_components"": 0, ""num_components"": 1, ""smallest_component_size"": 4419, ""tiny_component_pixel_fraction"": 0.0, ""tiny_component_pixels"": 0}}"
cstd,feature_cluster_coarse_to_fine_global_pooled_init_flip_avg_coarse_only,benchmark,174,000174,2,partition_invariant,0.8940231110670551,0.8354126654529382,0.5,0.8352263347310728,0.9528198874030376,0.20515823364257812,0.7948417663574219,2,2,0.0,0.0,ok,True,"cluster_a->texture_a,cluster_b->texture_b",cluster_a,cluster_b,0.8940231110670551,0.8354126654529382,0.019358515765161746,0.8354126654529382,best_partition_assignment,1,fpn_2,fpn_2,fpn_2,72x72,57386,204758,57386,204758,57386,204758,0.0,0.0,0.0,0.0,coarsest_pooled_direct,pooled_avg_pool_flip_avg_coarse_only,False,False,architexture_binary_v1,0.8940231110670551,0.8354126654529382,3,3,24x24,"{""cluster_0"": {""cluster_value"": 0, ""component_size_histogram"": {""1134"": 1}, ""largest_component_size"": 1134, ""num_1_cell_components"": 0, ""num_2_cell_components"": 0, ""num_components"": 1, ""smallest_component_size"": 1134, ""tiny_component_pixel_fraction"": 0.0, ""tiny_component_pixels"": 0}, ""cluster_1"": {""cluster_value"": 1, ""component_size_histogram"": {""4041"": 1, ""9"": 1}, ""largest_component_size"": 4041, ""num_1_cell_components"": 0, ""num_2_cell_components"": 0, ""num_components"": 2, ""smallest_component_size"": 9, ""tiny_component_pixel_fraction"": 0.0, ""tiny_component_pixels"": 0}}"
cstd,feature_cluster_coarse_to_fine_global_pooled_init_flip_avg_coarse_only,benchmark,175,000175,2,partition_invariant,0.9350493548156995,0.8721346817256268,0.5,0.9429636017721835,0.9271351078592154,0.5611228942871094,0.4388771057128906,2,2,0.0,0.0,ok,True,"cluster_b->texture_a,cluster_a->texture_b",cluster_b,cluster_a,0.016799590097581273,0.8721346817256268,0.9350493548156995,0.8721346817256268,best_partition_assignment,1,fpn_2,fpn_2,fpn_2,72x72,114097,148047,114097,148047,114097,148047,0.0,0.0,0.0,0.0,coarsest_pooled_direct,pooled_avg_pool_flip_avg_coarse_only,False,False,architexture_binary_v1,0.9350493548156995,0.8721346817256268,3,3,24x24,"{""cluster_0"": {""cluster_value"": 0, ""component_size_histogram"": {""2259"": 1}, ""largest_component_size"": 2259, ""num_1_cell_components"": 0, ""num_2_cell_components"": 0, ""num_components"": 1, ""smallest_component_size"": 2259, ""tiny_component_pixel_fraction"": 0.0, ""tiny_component_pixels"": 0}, ""cluster_1"": {""cluster_value"": 1, ""component_size_histogram"": {""2925"": 1}, ""largest_component_size"": 2925, ""num_1_cell_components"": 0, ""num_2_cell_components"": 0, ""num_components"": 1, ""smallest_component_size"": 2925, ""tiny_component_pixel_fraction"": 0.0, ""tiny_component_pixels"": 0}}"
cstd,feature_cluster_coarse_to_fine_global_pooled_init_flip_avg_coarse_only,benchmark,176,000176,2,partition_invariant,0.9535960414425374,0.9133327648387183,0.5,0.9659456049430756,0.9412464779419992,0.6338653564453125,0.3661346435546875,2,2,0.0,0.0,ok,True,"cluster_b->texture_a,cluster_a->texture_b",cluster_b,cluster_a,0.011134971310058079,0.9133327648387183,0.9535960414425374,0.9133327648387183,best_partition_assignment,1,fpn_2,fpn_2,fpn_2,72x72,94862,167282,94862,167282,94862,167282,0.0,0.0,0.0,0.0,coarsest_pooled_direct,pooled_avg_pool_flip_avg_coarse_only,False,False,architexture_binary_v1,0.9535960414425374,0.9133327648387183,3,3,24x24,"{""cluster_0"": {""cluster_value"": 0, ""component_size_histogram"": {""1863"": 1, ""9"": 1}, ""largest_component_size"": 1863, ""num_1_cell_components"": 0, ""num_2_cell_components"": 0, ""num_components"": 2, ""smallest_component_size"": 9, ""tiny_component_pixel_fraction"": 0.0, ""tiny_component_pixels"": 0}, ""cluster_1"": {""cluster_value"": 1, ""component_size_histogram"": {""3312"": 1}, ""largest_component_size"": 3312, ""num_1_cell_components"": 0, ""num_2_cell_components"": 0, ""num_components"": 1, ""smallest_component_size"": 3312, ""tiny_component_pixel_fraction"": 0.0, ""tiny_component_pixels"": 0}}"
cstd,feature_cluster_coarse_to_fine_global_pooled_init_flip_avg_coarse_only,benchmark,177,000177,2,partition_invariant,0.9091071973054468,0.8217711594350825,0.5,0.9212120822291404,0.8970023123817532,0.5897331237792969,0.4102668762207031,2,2,0.0,0.0,ok,True,"cluster_b->texture_a,cluster_a->texture_b",cluster_b,cluster_a,0.02351115154557595,0.8217711594350825,0.9091071973054468,0.8217711594350825,best_partition_assignment,1,fpn_2,fpn_2,fpn_2,72x72,118052,144092,118052,144092,118052,144092,0.0,0.0,0.0,0.0,coarsest_pooled_direct,pooled_avg_pool_flip_avg_coarse_only,False,False,architexture_binary_v1,0.9091071973054468,0.8217711594350825,3,3,24x24,"{""cluster_0"": {""cluster_value"": 0, ""component_size_histogram"": {""2286"": 1, ""45"": 1}, ""largest_component_size"": 2286, ""num_1_cell_components"": 0, ""num_2_cell_components"": 0, ""num_components"": 2, ""smallest_component_size"": 45, ""tiny_component_pixel_fraction"": 0.0, ""tiny_component_pixels"": 0}, ""cluster_1"": {""cluster_value"": 1, ""component_size_histogram"": {""2853"": 1}, ""largest_component_size"": 2853, ""num_1_cell_components"": 0, ""num_2_cell_components"": 0, ""num_components"": 1, ""smallest_component_size"": 2853, ""tiny_component_pixel_fraction"": 0.0, ""tiny_component_pixels"": 0}}"
cstd,feature_cluster_coarse_to_fine_global_pooled_init_flip_avg_coarse_only,benchmark,178,000178,2,partition_invariant,0.9630743935308239,0.9417586884637004,0.5,0.9437633136094674,0.9823854734521803,0.23386383056640625,0.7661361694335938,2,2,0.0,0.0,ok,True,"cluster_a->texture_a,cluster_b->texture_b",cluster_a,cluster_b,0.9630743935308239,0.9417586884637004,0.0068431099835549875,0.9417586884637004,best_partition_assignment,1,fpn_2,fpn_2,fpn_2,72x72,61880,200264,61880,200264,61880,200264,0.0,0.0,0.0,0.0,coarsest_pooled_direct,pooled_avg_pool_flip_avg_coarse_only,False,False,architexture_binary_v1,0.9630743935308239,0.9417586884637004,3,3,24x24,"{""cluster_0"": {""cluster_value"": 0, ""component_size_histogram"": {""1224"": 1}, ""largest_component_size"": 1224, ""num_1_cell_components"": 0, ""num_2_cell_components"": 0, ""num_components"": 1, ""smallest_component_size"": 1224, ""tiny_component_pixel_fraction"": 0.0, ""tiny_component_pixels"": 0}, ""cluster_1"": {""cluster_value"": 1, ""component_size_histogram"": {""3951"": 1, ""9"": 1}, ""largest_component_size"": 3951, ""num_1_cell_components"": 0, ""num_2_cell_components"": 0, ""num_components"": 2, ""smallest_component_size"": 9, ""tiny_component_pixel_fraction"": 0.0, ""tiny_component_pixels"": 0}}"
cstd,feature_cluster_coarse_to_fine_global_pooled_init_flip_avg_coarse_only,benchmark,179,000179,2,partition_invariant,0.9523983766144374,0.9136769486360726,0.5,0.9370907209914044,0.9677060322374703,0.33205413818359375,0.6679458618164062,2,2,0.0,0.0,ok,True,"cluster_b->texture_a,cluster_a->texture_b",cluster_b,cluster_a,0.011009104580303509,0.9136769486360726,0.9523983766144374,0.9136769486360726,best_partition_assignment,1,fpn_2,fpn_2,fpn_2,72x72,173184,88960,173184,88960,173184,88960,0.0,0.0,0.0,0.0,coarsest_pooled_direct,pooled_avg_pool_flip_avg_coarse_only,False,False,architexture_binary_v1,0.9523983766144374,0.9136769486360726,3,3,24x24,"{""cluster_0"": {""cluster_value"": 0, ""component_size_histogram"": {""18"": 1, ""3411"": 1}, ""largest_component_size"": 3411, ""num_1_cell_components"": 0, ""num_2_cell_components"": 0, ""num_components"": 2, ""smallest_component_size"": 18, ""tiny_component_pixel_fraction"": 0.0, ""tiny_component_pixels"": 0}, ""cluster_1"": {""cluster_value"": 1, ""component_size_histogram"": {""1755"": 1}, ""largest_component_size"": 1755, ""num_1_cell_components"": 0, ""num_2_cell_components"": 0, ""num_components"": 1, ""smallest_component_size"": 1755, ""tiny_component_pixel_fraction"": 0.0, ""tiny_component_pixels"": 0}}"
cstd,feature_cluster_coarse_to_fine_global_pooled_init_flip_avg_coarse_only,benchmark,180,000180,2,partition_invariant,0.3091620382314037,-0.04777680040570008,0.5,0.0701970843209195,0.5481269921418879,0.23965072631835938,0.7603492736816406,2,2,0.0,0.0,ok,True,"cluster_a->texture_a,cluster_b->texture_b",cluster_a,cluster_b,0.3091620382314037,-0.04777680040570008,0.27939776415309736,-0.04777680040570008,best_partition_assignment,1,fpn_2,fpn_2,fpn_2,72x72,69021,193123,69021,193123,69021,193123,0.0,0.0,0.0,0.0,coarsest_pooled_direct,pooled_avg_pool_flip_avg_coarse_only,False,False,architexture_binary_v1,0.3091620382314037,-0.04777680040570008,3,3,24x24,"{""cluster_0"": {""cluster_value"": 0, ""component_size_histogram"": {""1215"": 1, ""153"": 1}, ""largest_component_size"": 1215, ""num_1_cell_components"": 0, ""num_2_cell_components"": 0, ""num_components"": 2, ""smallest_component_size"": 153, ""tiny_component_pixel_fraction"": 0.0, ""tiny_component_pixels"": 0}, ""cluster_1"": {""cluster_value"": 1, ""component_size_histogram"": {""3816"": 1}, ""largest_component_size"": 3816, ""num_1_cell_components"": 0, ""num_2_cell_components"": 0, ""num_components"": 1, ""smallest_component_size"": 3816, ""tiny_component_pixel_fraction"": 0.0, ""tiny_component_pixels"": 0}}"
cstd,feature_cluster_coarse_to_fine_global_pooled_init_flip_avg_coarse_only,benchmark,181,000181,2,partition_invariant,0.9424079123908444,0.911672406611772,0.5,0.9100588686972101,0.9747569560844788,0.20875167846679688,0.7912483215332031,2,2,0.0,0.0,ok,True,"cluster_a->texture_a,cluster_b->texture_b",cluster_a,cluster_b,0.9424079123908444,0.911672406611772,0.01013289869878371,0.911672406611772,best_partition_assignment,1,fpn_2,fpn_2,fpn_2,72x72,57216,204928,57216,204928,57216,204928,0.0,0.0,0.0,0.0,coarsest_pooled_direct,pooled_avg_pool_flip_avg_coarse_only,False,False,architexture_binary_v1,0.9424079123908444,0.911672406611772,3,3,24x24,"{""cluster_0"": {""cluster_value"": 0, ""component_size_histogram"": {""1134"": 1}, ""largest_component_size"": 1134, ""num_1_cell_components"": 0, ""num_2_cell_components"": 0, ""num_components"": 1, ""smallest_component_size"": 1134, ""tiny_component_pixel_fraction"": 0.0, ""tiny_component_pixels"": 0}, ""cluster_1"": {""cluster_value"": 1, ""component_size_histogram"": {""4050"": 1}, ""largest_component_size"": 4050, ""num_1_cell_components"": 0, ""num_2_cell_components"": 0, ""num_components"": 1, ""smallest_component_size"": 4050, ""tiny_component_pixel_fraction"": 0.0, ""tiny_component_pixels"": 0}}"
cstd,feature_cluster_coarse_to_fine_global_pooled_init_flip_avg_coarse_only,benchmark,182,000182,2,partition_invariant,0.9549877622040062,0.9415562572170622,0.5,0.9889748457726864,0.9210006786353261,0.8839111328125,0.1160888671875,2,2,0.0,0.0,ok,True,"cluster_b->texture_a,cluster_a->texture_b",cluster_b,cluster_a,0.004901419100942262,0.9415562572170622,0.9549877622040062,0.9415562572170622,best_partition_assignment,1,fpn_2,fpn_2,fpn_2,72x72,31843,230301,31843,230301,31843,230301,0.0,0.0,0.0,0.0,coarsest_pooled_direct,pooled_avg_pool_flip_avg_coarse_only,False,False,architexture_binary_v1,0.9549877622040062,0.9415562572170622,3,3,24x24,"{""cluster_0"": {""cluster_value"": 0, ""component_size_histogram"": {""630"": 1}, ""largest_component_size"": 630, ""num_1_cell_components"": 0, ""num_2_cell_components"": 0, ""num_components"": 1, ""smallest_component_size"": 630, ""tiny_component_pixel_fraction"": 0.0, ""tiny_component_pixels"": 0}, ""cluster_1"": {""cluster_value"": 1, ""component_size_histogram"": {""4554"": 1}, ""largest_component_size"": 4554, ""num_1_cell_components"": 0, ""num_2_cell_components"": 0, ""num_components"": 1, ""smallest_component_size"": 4554, ""tiny_component_pixel_fraction"": 0.0, ""tiny_component_pixels"": 0}}"
cstd,feature_cluster_coarse_to_fine_global_pooled_init_flip_avg_coarse_only,benchmark,183,000183,2,partition_invariant,0.9439823284402736,0.9052586843826278,0.5,0.9198306706334124,0.9681339862471349,0.2716026306152344,0.7283973693847656,2,2,0.0,0.0,ok,True,"cluster_a->texture_a,cluster_b->texture_b",cluster_a,cluster_b,0.9439823284402736,0.9052586843826278,0.011743503454519464,0.9052586843826278,best_partition_assignment,1,fpn_2,fpn_2,fpn_2,72x72,75286,186858,75286,186858,75286,186858,0.0,0.0,0.0,0.0,coarsest_pooled_direct,pooled_avg_pool_flip_avg_coarse_only,False,False,architexture_binary_v1,0.9439823284402736,0.9052586843826278,3,3,24x24,"{""cluster_0"": {""cluster_value"": 0, ""component_size_histogram"": {""1485"": 1}, ""largest_component_size"": 1485, ""num_1_cell_components"": 0, ""num_2_cell_components"": 0, ""num_components"": 1, ""smallest_component_size"": 1485, ""tiny_component_pixel_fraction"": 0.0, ""tiny_component_pixels"": 0}, ""cluster_1"": {""cluster_value"": 1, ""component_size_histogram"": {""3690"": 1, ""9"": 1}, ""largest_component_size"": 3690, ""num_1_cell_components"": 0, ""num_2_cell_components"": 0, ""num_components"": 2, ""smallest_component_size"": 9, ""tiny_component_pixel_fraction"": 0.0, ""tiny_component_pixels"": 0}}"
cstd,feature_cluster_coarse_to_fine_global_pooled_init_flip_avg_coarse_only,benchmark,184,000184,2,partition_invariant,0.940963495546875,0.8937616271876782,0.5,0.9211916756962054,0.9607353153975445,0.32372283935546875,0.6762771606445312,2,2,0.0,0.0,ok,True,"cluster_a->texture_a,cluster_b->texture_b",cluster_a,cluster_b,0.940963495546875,0.8937616271876782,0.013621005959859241,0.8937616271876782,best_partition_assignment,1,fpn_2,fpn_2,fpn_2,72x72,87125,175019,87125,175019,87125,175019,0.0,0.0,0.0,0.0,coarsest_pooled_direct,pooled_avg_pool_flip_avg_coarse_only,False,False,architexture_binary_v1,0.940963495546875,0.8937616271876782,3,3,24x24,"{""cluster_0"": {""cluster_value"": 0, ""component_size_histogram"": {""1728"": 1}, ""largest_component_size"": 1728, ""num_1_cell_components"": 0, ""num_2_cell_components"": 0, ""num_components"": 1, ""smallest_component_size"": 1728, ""tiny_component_pixel_fraction"": 0.0, ""tiny_component_pixels"": 0}, ""cluster_1"": {""cluster_value"": 1, ""component_size_histogram"": {""27"": 1, ""3429"": 1}, ""largest_component_size"": 3429, ""num_1_cell_components"": 0, ""num_2_cell_components"": 0, ""num_components"": 2, ""smallest_component_size"": 27, ""tiny_component_pixel_fraction"": 0.0, ""tiny_component_pixels"": 0}}"
cstd,feature_cluster_coarse_to_fine_global_pooled_init_flip_avg_coarse_only,benchmark,185,000185,2,partition_invariant,0.3479168997570529,0.010236664850908187,0.5,0.5023528306559744,0.19348096885813149,0.5373268127441406,0.4626731872558594,2,2,0.0,0.0,ok,True,"cluster_b->texture_a,cluster_a->texture_b",cluster_b,cluster_a,0.2640581159065769,0.010236664850908187,0.3479168997570529,0.010236664850908187,best_partition_assignment,1,fpn_2,fpn_2,fpn_2,72x72,51171,210973,51171,210973,51171,210973,0.0,0.0,0.0,0.0,coarsest_pooled_direct,pooled_avg_pool_flip_avg_coarse_only,False,False,architexture_binary_v1,0.3479168997570529,0.010236664850908187,3,3,24x24,"{""cluster_0"": {""cluster_value"": 0, ""component_size_histogram"": {""18"": 1, ""27"": 1, ""396"": 1, ""567"": 1}, ""largest_component_size"": 567, ""num_1_cell_components"": 0, ""num_2_cell_components"": 0, ""num_components"": 4, ""smallest_component_size"": 18, ""tiny_component_pixel_fraction"": 0.0, ""tiny_component_pixels"": 0}, ""cluster_1"": {""cluster_value"": 1, ""component_size_histogram"": {""207"": 1, ""3969"": 1}, ""largest_component_size"": 3969, ""num_1_cell_components"": 0, ""num_2_cell_components"": 0, ""num_components"": 2, ""smallest_component_size"": 207, ""tiny_component_pixel_fraction"": 0.0, ""tiny_component_pixels"": 0}}"
cstd,feature_cluster_coarse_to_fine_global_pooled_init_flip_avg_coarse_only,benchmark,186,000186,2,partition_invariant,0.39236479336060304,0.032369324434815806,0.5,0.2659920466813343,0.5187375400398718,0.21881484985351562,0.7811851501464844,2,2,0.0,0.0,ok,True,"cluster_b->texture_a,cluster_a->texture_b",cluster_b,cluster_a,0.23580342667008425,0.032369324434815806,0.39236479336060304,0.032369324434815806,best_partition_assignment,1,fpn_2,fpn_2,fpn_2,72x72,134222,127922,134222,127922,134222,127922,0.0,0.0,0.0,0.0,coarsest_pooled_direct,pooled_avg_pool_flip_avg_coarse_only,False,False,architexture_binary_v1,0.39236479336060304,0.032369324434815806,3,3,24x24,"{""cluster_0"": {""cluster_value"": 0, ""component_size_histogram"": {""1287"": 1, ""1368"": 1}, ""largest_component_size"": 1368, ""num_1_cell_components"": 0, ""num_2_cell_components"": 0, ""num_components"": 2, ""smallest_component_size"": 1287, ""tiny_component_pixel_fraction"": 0.0, ""tiny_component_pixels"": 0}, ""cluster_1"": {""cluster_value"": 1, ""component_size_histogram"": {""2520"": 1, ""9"": 1}, ""largest_component_size"": 2520, ""num_1_cell_components"": 0, ""num_2_cell_components"": 0, ""num_components"": 2, ""smallest_component_size"": 9, ""tiny_component_pixel_fraction"": 0.0, ""tiny_component_pixels"": 0}}"
cstd,feature_cluster_coarse_to_fine_global_pooled_init_flip_avg_coarse_only,benchmark,187,000187,2,partition_invariant,0.3317061361790668,-0.09166085457447089,0.5,0.0026713958604588513,0.6607408764976748,0.2240142822265625,0.7759857177734375,2,2,0.0,0.0,ok,True,"cluster_a->texture_a,cluster_b->texture_b",cluster_a,cluster_b,0.3317061361790668,-0.09166085457447089,0.20072559646288085,-0.09166085457447089,best_partition_assignment,1,fpn_2,fpn_2,fpn_2,72x72,30606,231538,30606,231538,30606,231538,0.0,0.0,0.0,0.0,coarsest_pooled_direct,pooled_avg_pool_flip_avg_coarse_only,False,False,architexture_binary_v1,0.3317061361790668,-0.09166085457447089,3,3,24x24,"{""cluster_0"": {""cluster_value"": 0, ""component_size_histogram"": {""18"": 2, ""396"": 1, ""54"": 1, ""9"": 3, ""90"": 1}, ""largest_component_size"": 396, ""num_1_cell_components"": 0, ""num_2_cell_components"": 0, ""num_components"": 8, ""smallest_component_size"": 9, ""tiny_component_pixel_fraction"": 0.0, ""tiny_component_pixels"": 0}, ""cluster_1"": {""cluster_value"": 1, ""component_size_histogram"": {""4581"": 1}, ""largest_component_size"": 4581, ""num_1_cell_components"": 0, ""num_2_cell_components"": 0, ""num_components"": 1, ""smallest_component_size"": 4581, ""tiny_component_pixel_fraction"": 0.0, ""tiny_component_pixels"": 0}}"
cstd,feature_cluster_coarse_to_fine_global_pooled_init_flip_avg_coarse_only,benchmark,188,000188,2,partition_invariant,0.9705960867462193,0.9421587852096592,0.5,0.9743745211047073,0.9668176523877313,0.5633316040039062,0.43666839599609375,2,2,0.0,0.0,ok,True,"cluster_a->texture_a,cluster_b->texture_b",cluster_a,cluster_b,0.9705960867462193,0.9421587852096592,0.007386381572394841,0.9421587852096592,best_partition_assignment,1,fpn_2,fpn_2,fpn_2,72x72,148650,113494,148650,113494,148650,113494,0.0,0.0,0.0,0.0,coarsest_pooled_direct,pooled_avg_pool_flip_avg_coarse_only,False,False,architexture_binary_v1,0.9705960867462193,0.9421587852096592,3,3,24x24,"{""cluster_0"": {""cluster_value"": 0, ""component_size_histogram"": {""2943"": 1}, ""largest_component_size"": 2943, ""num_1_cell_components"": 0, ""num_2_cell_components"": 0, ""num_components"": 1, ""smallest_component_size"": 2943, ""tiny_component_pixel_fraction"": 0.0, ""tiny_component_pixels"": 0}, ""cluster_1"": {""cluster_value"": 1, ""component_size_histogram"": {""2232"": 1, ""9"": 1}, ""largest_component_size"": 2232, ""num_1_cell_components"": 0, ""num_2_cell_components"": 0, ""num_components"": 2, ""smallest_component_size"": 9, ""tiny_component_pixel_fraction"": 0.0, ""tiny_component_pixels"": 0}}"
cstd,feature_cluster_coarse_to_fine_global_pooled_init_flip_avg_coarse_only,benchmark,189,000189,2,partition_invariant,0.9476142757988602,0.9125604154892921,0.5,0.9240593951897497,0.9711691564079706,0.2682456970214844,0.7317543029785156,2,2,0.0,0.0,ok,True,"cluster_b->texture_a,cluster_a->texture_b",cluster_b,cluster_a,0.01078212345106302,0.9125604154892921,0.9476142757988602,0.9125604154892921,best_partition_assignment,1,fpn_2,fpn_2,fpn_2,72x72,190706,71438,190706,71438,190706,71438,0.0,0.0,0.0,0.0,coarsest_pooled_direct,pooled_avg_pool_flip_avg_coarse_only,False,False,architexture_binary_v1,0.9476142757988602,0.9125604154892921,3,3,24x24,"{""cluster_0"": {""cluster_value"": 0, ""component_size_histogram"": {""3771"": 1}, ""largest_component_size"": 3771, ""num_1_cell_components"": 0, ""num_2_cell_components"": 0, ""num_components"": 1, ""smallest_component_size"": 3771, ""tiny_component_pixel_fraction"": 0.0, ""tiny_component_pixels"": 0}, ""cluster_1"": {""cluster_value"": 1, ""component_size_histogram"": {""1413"": 1}, ""largest_component_size"": 1413, ""num_1_cell_components"": 0, ""num_2_cell_components"": 0, ""num_components"": 1, ""smallest_component_size"": 1413, ""tiny_component_pixel_fraction"": 0.0, ""tiny_component_pixels"": 0}}"
cstd,feature_cluster_coarse_to_fine_global_pooled_init_flip_avg_coarse_only,benchmark,190,000190,2,partition_invariant,0.32606577413614324,-0.008196534351549961,0.5,0.37783295796149535,0.2742985903107911,0.39666748046875,0.60333251953125,2,2,0.0,0.0,ok,True,"cluster_b->texture_a,cluster_a->texture_b",cluster_b,cluster_a,0.3043926816465041,-0.008196534351549961,0.32606577413614324,-0.008196534351549961,best_partition_assignment,1,fpn_2,fpn_2,fpn_2,72x72,73705,188439,73705,188439,73705,188439,0.0,0.0,0.0,0.0,coarsest_pooled_direct,pooled_avg_pool_flip_avg_coarse_only,False,False,architexture_binary_v1,0.32606577413614324,-0.008196534351549961,3,3,24x24,"{""cluster_0"": {""cluster_value"": 0, ""component_size_histogram"": {""1431"": 1, ""18"": 1, ""9"": 1}, ""largest_component_size"": 1431, ""num_1_cell_components"": 0, ""num_2_cell_components"": 0, ""num_components"": 3, ""smallest_component_size"": 9, ""tiny_component_pixel_fraction"": 0.0, ""tiny_component_pixels"": 0}, ""cluster_1"": {""cluster_value"": 1, ""component_size_histogram"": {""3726"": 1}, ""largest_component_size"": 3726, ""num_1_cell_components"": 0, ""num_2_cell_components"": 0, ""num_components"": 1, ""smallest_component_size"": 3726, ""tiny_component_pixel_fraction"": 0.0, ""tiny_component_pixels"": 0}}"
cstd,feature_cluster_coarse_to_fine_global_pooled_init_flip_avg_coarse_only,benchmark,191,000191,2,partition_invariant,0.7710709944098142,0.5503721389799713,0.5,0.7621736012486466,0.7799683875709816,0.4176521301269531,0.5823478698730469,2,2,0.0,0.0,ok,True,"cluster_b->texture_a,cluster_a->texture_b",cluster_b,cluster_a,0.06507134612150663,0.5503721389799713,0.7710709944098142,0.5503721389799713,best_partition_assignment,1,fpn_2,fpn_2,fpn_2,72x72,120988,141156,120988,141156,120988,141156,0.0,0.0,0.0,0.0,coarsest_pooled_direct,pooled_avg_pool_flip_avg_coarse_only,False,False,architexture_binary_v1,0.7710709944098142,0.5503721389799713,3,3,24x24,"{""cluster_0"": {""cluster_value"": 0, ""component_size_histogram"": {""2385"": 1, ""9"": 1}, ""largest_component_size"": 2385, ""num_1_cell_components"": 0, ""num_2_cell_components"": 0, ""num_components"": 2, ""smallest_component_size"": 9, ""tiny_component_pixel_fraction"": 0.0, ""tiny_component_pixels"": 0}, ""cluster_1"": {""cluster_value"": 1, ""component_size_histogram"": {""2250"": 1, ""522"": 1, ""9"": 2}, ""largest_component_size"": 2250, ""num_1_cell_components"": 0, ""num_2_cell_components"": 0, ""num_components"": 4, ""smallest_component_size"": 9, ""tiny_component_pixel_fraction"": 0.0, ""tiny_component_pixels"": 0}}"
cstd,feature_cluster_coarse_to_fine_global_pooled_init_flip_avg_coarse_only,benchmark,192,000192,2,partition_invariant,0.30662996354759275,-0.03553679563208926,0.5,0.2891624809468763,0.3240974461483092,0.2593841552734375,0.7406158447265625,2,2,0.0,0.0,ok,True,"cluster_b->texture_a,cluster_a->texture_b",cluster_b,cluster_a,0.29689818285851677,-0.03553679563208926,0.30662996354759275,-0.03553679563208926,best_partition_assignment,1,fpn_2,fpn_2,fpn_2,72x72,78101,184043,78101,184043,78101,184043,0.0,0.0,0.0,0.0,coarsest_pooled_direct,pooled_avg_pool_flip_avg_coarse_only,False,False,architexture_binary_v1,0.30662996354759275,-0.03553679563208926,3,3,24x24,"{""cluster_0"": {""cluster_value"": 0, ""component_size_histogram"": {""1539"": 1}, ""largest_component_size"": 1539, ""num_1_cell_components"": 0, ""num_2_cell_components"": 0, ""num_components"": 1, ""smallest_component_size"": 1539, ""tiny_component_pixel_fraction"": 0.0, ""tiny_component_pixels"": 0}, ""cluster_1"": {""cluster_value"": 1, ""component_size_histogram"": {""3645"": 1}, ""largest_component_size"": 3645, ""num_1_cell_components"": 0, ""num_2_cell_components"": 0, ""num_components"": 1, ""smallest_component_size"": 3645, ""tiny_component_pixel_fraction"": 0.0, ""tiny_component_pixels"": 0}}"
cstd,feature_cluster_coarse_to_fine_global_pooled_init_flip_avg_coarse_only,benchmark,193,000193,2,partition_invariant,0.30748943038527643,-0.04623984104078486,0.5,0.05489952177238382,0.5600793389981691,0.30954742431640625,0.6904525756835938,2,2,0.0,0.0,ok,True,"cluster_a->texture_a,cluster_b->texture_b",cluster_a,cluster_b,0.30748943038527643,-0.04623984104078486,0.26719686807351356,-0.04623984104078486,best_partition_assignment,1,fpn_2,fpn_2,fpn_2,72x72,44367,217777,44367,217777,44367,217777,0.0,0.0,0.0,0.0,coarsest_pooled_direct,pooled_avg_pool_flip_avg_coarse_only,False,False,architexture_binary_v1,0.30748943038527643,-0.04623984104078486,3,3,24x24,"{""cluster_0"": {""cluster_value"": 0, ""component_size_histogram"": {""18"": 2, ""27"": 2, ""279"": 1, ""486"": 1, ""9"": 2}, ""largest_component_size"": 486, ""num_1_cell_components"": 0, ""num_2_cell_components"": 0, ""num_components"": 8, ""smallest_component_size"": 9, ""tiny_component_pixel_fraction"": 0.0, ""tiny_component_pixels"": 0}, ""cluster_1"": {""cluster_value"": 1, ""component_size_histogram"": {""4311"": 1}, ""largest_component_size"": 4311, ""num_1_cell_components"": 0, ""num_2_cell_components"": 0, ""num_components"": 1, ""smallest_component_size"": 4311, ""tiny_component_pixel_fraction"": 0.0, ""tiny_component_pixels"": 0}}"
cstd,feature_cluster_coarse_to_fine_global_pooled_init_flip_avg_coarse_only,benchmark,194,000194,2,partition_invariant,0.7045102688899716,0.4267614307586582,0.5,0.7112384125329027,0.6977821252470405,0.4369850158691406,0.5630149841308594,2,2,0.0,0.0,ok,True,"cluster_a->texture_a,cluster_b->texture_b",cluster_a,cluster_b,0.7045102688899716,0.4267614307586582,0.08846882051085667,0.4267614307586582,best_partition_assignment,1,fpn_2,fpn_2,fpn_2,72x72,154594,107550,154594,107550,154594,107550,0.0,0.0,0.0,0.0,coarsest_pooled_direct,pooled_avg_pool_flip_avg_coarse_only,False,False,architexture_binary_v1,0.7045102688899716,0.4267614307586582,3,3,24x24,"{""cluster_0"": {""cluster_value"": 0, ""component_size_histogram"": {""18"": 1, ""2259"": 1, ""783"": 1}, ""largest_component_size"": 2259, ""num_1_cell_components"": 0, ""num_2_cell_components"": 0, ""num_components"": 3, ""smallest_component_size"": 18, ""tiny_component_pixel_fraction"": 0.0, ""tiny_component_pixels"": 0}, ""cluster_1"": {""cluster_value"": 1, ""component_size_histogram"": {""1170"": 1, ""9"": 1, ""945"": 1}, ""largest_component_size"": 1170, ""num_1_cell_components"": 0, ""num_2_cell_components"": 0, ""num_components"": 3, ""smallest_component_size"": 9, ""tiny_component_pixel_fraction"": 0.0, ""tiny_component_pixels"": 0}}"
cstd,feature_cluster_coarse_to_fine_global_pooled_init_flip_avg_coarse_only,benchmark,195,000195,2,partition_invariant,0.7783414893002976,0.6725135926931898,0.5,0.9257087335230741,0.6309742450775211,0.88702392578125,0.11297607421875,2,2,0.0,0.0,ok,True,"cluster_b->texture_a,cluster_a->texture_b",cluster_b,cluster_a,0.0329771332952581,0.6725135926931898,0.7783414893002976,0.6725135926931898,best_partition_assignment,1,fpn_2,fpn_2,fpn_2,72x72,46756,215388,46756,215388,46756,215388,0.0,0.0,0.0,0.0,coarsest_pooled_direct,pooled_avg_pool_flip_avg_coarse_only,False,False,architexture_binary_v1,0.7783414893002976,0.6725135926931898,3,3,24x24,"{""cluster_0"": {""cluster_value"": 0, ""component_size_histogram"": {""18"": 1, ""891"": 1, ""9"": 2}, ""largest_component_size"": 891, ""num_1_cell_components"": 0, ""num_2_cell_components"": 0, ""num_components"": 4, ""smallest_component_size"": 9, ""tiny_component_pixel_fraction"": 0.0, ""tiny_component_pixels"": 0}, ""cluster_1"": {""cluster_value"": 1, ""component_size_histogram"": {""4257"": 1}, ""largest_component_size"": 4257, ""num_1_cell_components"": 0, ""num_2_cell_components"": 0, ""num_components"": 1, ""smallest_component_size"": 4257, ""tiny_component_pixel_fraction"": 0.0, ""tiny_component_pixels"": 0}}"
cstd,feature_cluster_coarse_to_fine_global_pooled_init_flip_avg_coarse_only,benchmark,196,000196,2,partition_invariant,0.683528972571084,0.40852974503568124,0.5,0.7428006729716927,0.6242572721704754,0.6777725219726562,0.32222747802734375,2,2,0.0,0.0,ok,True,"cluster_b->texture_a,cluster_a->texture_b",cluster_b,cluster_a,0.09407191787376527,0.40852974503568124,0.683528972571084,0.40852974503568124,best_partition_assignment,1,fpn_2,fpn_2,fpn_2,72x72,119730,142414,119730,142414,119730,142414,0.0,0.0,0.0,0.0,coarsest_pooled_direct,pooled_avg_pool_flip_avg_coarse_only,False,False,architexture_binary_v1,0.683528972571084,0.40852974503568124,3,3,24x24,"{""cluster_0"": {""cluster_value"": 0, ""component_size_histogram"": {""1584"": 1, ""27"": 1, ""342"": 1, ""405"": 1, ""9"": 1}, ""largest_component_size"": 1584, ""num_1_cell_components"": 0, ""num_2_cell_components"": 0, ""num_components"": 5, ""smallest_component_size"": 9, ""tiny_component_pixel_fraction"": 0.0, ""tiny_component_pixels"": 0}, ""cluster_1"": {""cluster_value"": 1, ""component_size_histogram"": {""2817"": 1}, ""largest_component_size"": 2817, ""num_1_cell_components"": 0, ""num_2_cell_components"": 0, ""num_components"": 1, ""smallest_component_size"": 2817, ""tiny_component_pixel_fraction"": 0.0, ""tiny_component_pixels"": 0}}"
cstd,feature_cluster_coarse_to_fine_global_pooled_init_flip_avg_coarse_only,benchmark,197,000197,2,partition_invariant,0.945473608321612,0.9136633484723973,0.5,0.9170903646401947,0.9738568520030294,0.23035049438476562,0.7696495056152344,2,2,0.0,0.0,ok,True,"cluster_a->texture_a,cluster_b->texture_b",cluster_a,cluster_b,0.945473608321612,0.9136633484723973,0.010226339869470942,0.9136633484723973,best_partition_assignment,1,fpn_2,fpn_2,fpn_2,72x72,62535,199609,62535,199609,62535,199609,0.0,0.0,0.0,0.0,coarsest_pooled_direct,pooled_avg_pool_flip_avg_coarse_only,False,False,architexture_binary_v1,0.945473608321612,0.9136633484723973,3,3,24x24,"{""cluster_0"": {""cluster_value"": 0, ""component_size_histogram"": {""1233"": 1}, ""largest_component_size"": 1233, ""num_1_cell_components"": 0, ""num_2_cell_components"": 0, ""num_components"": 1, ""smallest_component_size"": 1233, ""tiny_component_pixel_fraction"": 0.0, ""tiny_component_pixels"": 0}, ""cluster_1"": {""cluster_value"": 1, ""component_size_histogram"": {""3951"": 1}, ""largest_component_size"": 3951, ""num_1_cell_components"": 0, ""num_2_cell_components"": 0, ""num_components"": 1, ""smallest_component_size"": 3951, ""tiny_component_pixel_fraction"": 0.0, ""tiny_component_pixels"": 0}}"
cstd,feature_cluster_coarse_to_fine_global_pooled_init_flip_avg_coarse_only,benchmark,198,000198,2,partition_invariant,0.35771932124547823,-0.014688291809879562,0.5,0.2945952027880837,0.42084343970287275,0.22896194458007812,0.7710380554199219,2,2,0.0,0.0,ok,True,"cluster_b->texture_a,cluster_a->texture_b",cluster_b,cluster_a,0.25384403125375543,-0.014688291809879562,0.35771932124547823,-0.014688291809879562,best_partition_assignment,1,fpn_2,fpn_2,fpn_2,72x72,97800,164344,97800,164344,97800,164344,0.0,0.0,0.0,0.0,coarsest_pooled_direct,pooled_avg_pool_flip_avg_coarse_only,False,False,architexture_binary_v1,0.35771932124547823,-0.014688291809879562,3,3,24x24,"{""cluster_0"": {""cluster_value"": 0, ""component_size_histogram"": {""1260"": 1, ""648"": 1, ""9"": 3}, ""largest_component_size"": 1260, ""num_1_cell_components"": 0, ""num_2_cell_components"": 0, ""num_components"": 5, ""smallest_component_size"": 9, ""tiny_component_pixel_fraction"": 0.0, ""tiny_component_pixels"": 0}, ""cluster_1"": {""cluster_value"": 1, ""component_size_histogram"": {""3249"": 1}, ""largest_component_size"": 3249, ""num_1_cell_components"": 0, ""num_2_cell_components"": 0, ""num_components"": 1, ""smallest_component_size"": 3249, ""tiny_component_pixel_fraction"": 0.0, ""tiny_component_pixels"": 0}}"
cstd,feature_cluster_coarse_to_fine_global_pooled_init_flip_avg_coarse_only,benchmark,199,000199,2,partition_invariant,0.9549038720650946,0.9120277406057207,0.5,0.9478056037689065,0.9620021403612826,0.4155006408691406,0.5844993591308594,2,2,0.0,0.0,ok,True,"cluster_b->texture_a,cluster_a->texture_b",cluster_b,cluster_a,0.011353320343427497,0.9120277406057207,0.9549038720650946,0.9120277406057207,best_partition_assignment,1,fpn_2,fpn_2,fpn_2,72x72,151111,111033,151111,111033,151111,111033,0.0,0.0,0.0,0.0,coarsest_pooled_direct,pooled_avg_pool_flip_avg_coarse_only,False,False,architexture_binary_v1,0.9549038720650946,0.9120277406057207,3,3,24x24,"{""cluster_0"": {""cluster_value"": 0, ""component_size_histogram"": {""2988"": 1}, ""largest_component_size"": 2988, ""num_1_cell_components"": 0, ""num_2_cell_components"": 0, ""num_components"": 1, ""smallest_component_size"": 2988, ""tiny_component_pixel_fraction"": 0.0, ""tiny_component_pixels"": 0}, ""cluster_1"": {""cluster_value"": 1, ""component_size_histogram"": {""2196"": 1}, ""largest_component_size"": 2196, ""num_1_cell_components"": 0, ""num_2_cell_components"": 0, ""num_components"": 1, ""smallest_component_size"": 2196, ""tiny_component_pixel_fraction"": 0.0, ""tiny_component_pixels"": 0}}"
cstd,feature_cluster_coarse_to_fine_global_pooled_init_flip_avg_coarse_only,benchmark,200,000200,2,partition_invariant,0.46675211093864855,0.15042135637936116,0.5,0.742826741325738,0.19067748055155906,0.7142486572265625,0.2857513427734375,2,2,0.0,0.0,ok,True,"cluster_b->texture_a,cluster_a->texture_b",cluster_b,cluster_a,0.12490084429374007,0.15042135637936116,0.46675211093864855,0.15042135637936116,best_partition_assignment,1,fpn_2,fpn_2,fpn_2,72x72,18609,243535,18609,243535,18609,243535,0.0,0.0,0.0,0.0,coarsest_pooled_direct,pooled_avg_pool_flip_avg_coarse_only,False,False,architexture_binary_v1,0.46675211093864855,0.15042135637936116,3,3,24x24,"{""cluster_0"": {""cluster_value"": 0, ""component_size_histogram"": {""369"": 1}, ""largest_component_size"": 369, ""num_1_cell_components"": 0, ""num_2_cell_components"": 0, ""num_components"": 1, ""smallest_component_size"": 369, ""tiny_component_pixel_fraction"": 0.0, ""tiny_component_pixels"": 0}, ""cluster_1"": {""cluster_value"": 1, ""component_size_histogram"": {""4815"": 1}, ""largest_component_size"": 4815, ""num_1_cell_components"": 0, ""num_2_cell_components"": 0, ""num_components"": 1, ""smallest_component_size"": 4815, ""tiny_component_pixel_fraction"": 0.0, ""tiny_component_pixels"": 0}}"
cstd,feature_cluster_coarse_to_fine_global_pooled_init_flip_avg_coarse_only,benchmark,201,000201,2,partition_invariant,0.8913738474829751,0.7884195834238993,0.5,0.9080913889288912,0.8746563060370591,0.5665397644042969,0.4334602355957031,2,2,0.0,0.0,ok,True,"cluster_b->texture_a,cluster_a->texture_b",cluster_b,cluster_a,0.028581680495963744,0.7884195834238993,0.8913738474829751,0.7884195834238993,best_partition_assignment,1,fpn_2,fpn_2,fpn_2,72x72,105912,156232,105912,156232,105912,156232,0.0,0.0,0.0,0.0,coarsest_pooled_direct,pooled_avg_pool_flip_avg_coarse_only,False,False,architexture_binary_v1,0.8913738474829751,0.7884195834238993,3,3,24x24,"{""cluster_0"": {""cluster_value"": 0, ""component_size_histogram"": {""18"": 1, ""1863"": 1, ""207"": 1}, ""largest_component_size"": 1863, ""num_1_cell_components"": 0, ""num_2_cell_components"": 0, ""num_components"": 3, ""smallest_component_size"": 18, ""tiny_component_pixel_fraction"": 0.0, ""tiny_component_pixels"": 0}, ""cluster_1"": {""cluster_value"": 1, ""component_size_histogram"": {""3096"": 1}, ""largest_component_size"": 3096, ""num_1_cell_components"": 0, ""num_2_cell_components"": 0, ""num_components"": 1, ""smallest_component_size"": 3096, ""tiny_component_pixel_fraction"": 0.0, ""tiny_component_pixels"": 0}}"
cstd,feature_cluster_coarse_to_fine_global_pooled_init_flip_avg_coarse_only,benchmark,202,000202,2,partition_invariant,0.9504655507501775,0.9212561196324951,0.5,0.9249695154892185,0.9759615860111365,0.23431777954101562,0.7656822204589844,2,2,0.0,0.0,ok,True,"cluster_a->texture_a,cluster_b->texture_b",cluster_a,cluster_b,0.9504655507501775,0.9212561196324951,0.009345645351729963,0.9212561196324951,best_partition_assignment,1,fpn_2,fpn_2,fpn_2,72x72,63288,198856,63288,198856,63288,198856,0.0,0.0,0.0,0.0,coarsest_pooled_direct,pooled_avg_pool_flip_avg_coarse_only,False,False,architexture_binary_v1,0.9504655507501775,0.9212561196324951,3,3,24x24,"{""cluster_0"": {""cluster_value"": 0, ""component_size_histogram"": {""1215"": 1, ""18"": 2}, ""largest_component_size"": 1215, ""num_1_cell_components"": 0, ""num_2_cell_components"": 0, ""num_components"": 3, ""smallest_component_size"": 18, ""tiny_component_pixel_fraction"": 0.0, ""tiny_component_pixels"": 0}, ""cluster_1"": {""cluster_value"": 1, ""component_size_histogram"": {""3933"": 1}, ""largest_component_size"": 3933, ""num_1_cell_components"": 0, ""num_2_cell_components"": 0, ""num_components"": 1, ""smallest_component_size"": 3933, ""tiny_component_pixel_fraction"": 0.0, ""tiny_component_pixels"": 0}}"
cstd,feature_cluster_coarse_to_fine_global_pooled_init_flip_avg_coarse_only,benchmark,203,000203,2,partition_invariant,0.9495594382172067,0.9191499107718677,0.5,0.9241335587489433,0.97498531768547,0.23945999145507812,0.7605400085449219,2,2,0.0,0.0,ok,True,"cluster_b->texture_a,cluster_a->texture_b",cluster_b,cluster_a,0.009665525278479631,0.9191499107718677,0.9495594382172067,0.9191499107718677,best_partition_assignment,1,fpn_2,fpn_2,fpn_2,72x72,197447,64697,197447,64697,197447,64697,0.0,0.0,0.0,0.0,coarsest_pooled_direct,pooled_avg_pool_flip_avg_coarse_only,False,False,architexture_binary_v1,0.9495594382172067,0.9191499107718677,3,3,24x24,"{""cluster_0"": {""cluster_value"": 0, ""component_size_histogram"": {""3906"": 1}, ""largest_component_size"": 3906, ""num_1_cell_components"": 0, ""num_2_cell_components"": 0, ""num_components"": 1, ""smallest_component_size"": 3906, ""tiny_component_pixel_fraction"": 0.0, ""tiny_component_pixels"": 0}, ""cluster_1"": {""cluster_value"": 1, ""component_size_histogram"": {""1278"": 1}, ""largest_component_size"": 1278, ""num_1_cell_components"": 0, ""num_2_cell_components"": 0, ""num_components"": 1, ""smallest_component_size"": 1278, ""tiny_component_pixel_fraction"": 0.0, ""tiny_component_pixels"": 0}}"
cstd,feature_cluster_coarse_to_fine_global_pooled_init_flip_avg_coarse_only,benchmark,204,000204,2,partition_invariant,0.9677970123549853,0.9405630900035126,0.5,0.958473518271652,0.9771205064383186,0.3495635986328125,0.6504364013671875,2,2,0.0,0.0,ok,True,"cluster_a->texture_a,cluster_b->texture_b",cluster_a,cluster_b,0.9677970123549853,0.9405630900035126,0.007530415852084554,0.9405630900035126,best_partition_assignment,1,fpn_2,fpn_2,fpn_2,72x72,93475,168669,93475,168669,93475,168669,0.0,0.0,0.0,0.0,coarsest_pooled_direct,pooled_avg_pool_flip_avg_coarse_only,False,False,architexture_binary_v1,0.9677970123549853,0.9405630900035126,3,3,24x24,"{""cluster_0"": {""cluster_value"": 0, ""component_size_histogram"": {""1845"": 1}, ""largest_component_size"": 1845, ""num_1_cell_components"": 0, ""num_2_cell_components"": 0, ""num_components"": 1, ""smallest_component_size"": 1845, ""tiny_component_pixel_fraction"": 0.0, ""tiny_component_pixels"": 0}, ""cluster_1"": {""cluster_value"": 1, ""component_size_histogram"": {""3339"": 1}, ""largest_component_size"": 3339, ""num_1_cell_components"": 0, ""num_2_cell_components"": 0, ""num_components"": 1, ""smallest_component_size"": 3339, ""tiny_component_pixel_fraction"": 0.0, ""tiny_component_pixels"": 0}}"
cstd,feature_cluster_coarse_to_fine_global_pooled_init_flip_avg_coarse_only,benchmark,205,000205,2,partition_invariant,0.8939456188754022,0.7914641486233567,0.5,0.906531968251506,0.8813592694992985,0.5692062377929688,0.43079376220703125,2,2,0.0,0.0,ok,True,"cluster_a->texture_a,cluster_b->texture_b",cluster_a,cluster_b,0.8939456188754022,0.7914641486233567,0.028319847431424034,0.7914641486233567,best_partition_assignment,1,fpn_2,fpn_2,fpn_2,72x72,145757,116387,145757,116387,145757,116387,0.0,0.0,0.0,0.0,coarsest_pooled_direct,pooled_avg_pool_flip_avg_coarse_only,False,False,architexture_binary_v1,0.8939456188754022,0.7914641486233567,3,3,24x24,"{""cluster_0"": {""cluster_value"": 0, ""component_size_histogram"": {""2880"": 1}, ""largest_component_size"": 2880, ""num_1_cell_components"": 0, ""num_2_cell_components"": 0, ""num_components"": 1, ""smallest_component_size"": 2880, ""tiny_component_pixel_fraction"": 0.0, ""tiny_component_pixels"": 0}, ""cluster_1"": {""cluster_value"": 1, ""component_size_histogram"": {""153"": 1, ""2151"": 1}, ""largest_component_size"": 2151, ""num_1_cell_components"": 0, ""num_2_cell_components"": 0, ""num_components"": 2, ""smallest_component_size"": 153, ""tiny_component_pixel_fraction"": 0.0, ""tiny_component_pixels"": 0}}"
cstd,feature_cluster_coarse_to_fine_global_pooled_init_flip_avg_coarse_only,benchmark,206,000206,2,partition_invariant,0.9594558492818878,0.9379530661563187,0.5,0.9367038694303005,0.982207829133475,0.21915435791015625,0.7808456420898438,2,2,0.0,0.0,ok,True,"cluster_b->texture_a,cluster_a->texture_b",cluster_b,cluster_a,0.00707816828683315,0.9379530661563187,0.9594558492818878,0.9379530661563187,best_partition_assignment,1,fpn_2,fpn_2,fpn_2,72x72,206628,55516,206628,55516,206628,55516,0.0,0.0,0.0,0.0,coarsest_pooled_direct,pooled_avg_pool_flip_avg_coarse_only,False,False,architexture_binary_v1,0.9594558492818878,0.9379530661563187,3,3,24x24,"{""cluster_0"": {""cluster_value"": 0, ""component_size_histogram"": {""4086"": 1}, ""largest_component_size"": 4086, ""num_1_cell_components"": 0, ""num_2_cell_components"": 0, ""num_components"": 1, ""smallest_component_size"": 4086, ""tiny_component_pixel_fraction"": 0.0, ""tiny_component_pixels"": 0}, ""cluster_1"": {""cluster_value"": 1, ""component_size_histogram"": {""1098"": 1}, ""largest_component_size"": 1098, ""num_1_cell_components"": 0, ""num_2_cell_components"": 0, ""num_components"": 1, ""smallest_component_size"": 1098, ""tiny_component_pixel_fraction"": 0.0, ""tiny_component_pixels"": 0}}"
cstd,feature_cluster_coarse_to_fine_global_pooled_init_flip_avg_coarse_only,benchmark,207,000207,2,partition_invariant,0.33231621979021,-0.005838173247927992,0.5,0.17903403820241456,0.48559840137800536,0.3708953857421875,0.6291046142578125,2,2,0.0,0.0,ok,True,"cluster_a->texture_a,cluster_b->texture_b",cluster_a,cluster_b,0.33231621979021,-0.005838173247927992,0.29904409391262843,-0.005838173247927992,best_partition_assignment,1,fpn_2,fpn_2,fpn_2,72x72,76900,185244,76900,185244,76900,185244,0.0,0.0,0.0,0.0,coarsest_pooled_direct,pooled_avg_pool_flip_avg_coarse_only,False,False,architexture_binary_v1,0.33231621979021,-0.005838173247927992,3,3,24x24,"{""cluster_0"": {""cluster_value"": 0, ""component_size_histogram"": {""558"": 1, ""963"": 1}, ""largest_component_size"": 963, ""num_1_cell_components"": 0, ""num_2_cell_components"": 0, ""num_components"": 2, ""smallest_component_size"": 558, ""tiny_component_pixel_fraction"": 0.0, ""tiny_component_pixels"": 0}, ""cluster_1"": {""cluster_value"": 1, ""component_size_histogram"": {""3663"": 1}, ""largest_component_size"": 3663, ""num_1_cell_components"": 0, ""num_2_cell_components"": 0, ""num_components"": 1, ""smallest_component_size"": 3663, ""tiny_component_pixel_fraction"": 0.0, ""tiny_component_pixels"": 0}}"
cstd,feature_cluster_coarse_to_fine_global_pooled_init_flip_avg_coarse_only,benchmark,208,000208,2,partition_invariant,0.31651254168743737,-0.019525167733010565,0.5,0.25899039043666827,0.3740346929382064,0.634552001953125,0.365447998046875,2,2,0.0,0.0,ok,True,"cluster_a->texture_a,cluster_b->texture_b",cluster_a,cluster_b,0.31651254168743737,-0.019525167733010565,0.29539827106421107,-0.019525167733010565,best_partition_assignment,1,fpn_2,fpn_2,fpn_2,72x72,62407,199737,62407,199737,62407,199737,0.0,0.0,0.0,0.0,coarsest_pooled_direct,pooled_avg_pool_flip_avg_coarse_only,False,False,architexture_binary_v1,0.31651254168743737,-0.019525167733010565,3,3,24x24,"{""cluster_0"": {""cluster_value"": 0, ""component_size_histogram"": {""369"": 1, ""864"": 1}, ""largest_component_size"": 864, ""num_1_cell_components"": 0, ""num_2_cell_components"": 0, ""num_components"": 2, ""smallest_component_size"": 369, ""tiny_component_pixel_fraction"": 0.0, ""tiny_component_pixels"": 0}, ""cluster_1"": {""cluster_value"": 1, ""component_size_histogram"": {""3951"": 1}, ""largest_component_size"": 3951, ""num_1_cell_components"": 0, ""num_2_cell_components"": 0, ""num_components"": 1, ""smallest_component_size"": 3951, ""tiny_component_pixel_fraction"": 0.0, ""tiny_component_pixels"": 0}}"
cstd,feature_cluster_coarse_to_fine_global_pooled_init_flip_avg_coarse_only,benchmark,209,000209,2,partition_invariant,0.7193250676810614,0.4579913549592903,0.5,0.7453157404346127,0.69333439492751,0.5978813171386719,0.4021186828613281,2,2,0.0,0.0,ok,True,"cluster_a->texture_a,cluster_b->texture_b",cluster_a,cluster_b,0.7193250676810614,0.4579913549592903,0.08581092888824503,0.4579913549592903,best_partition_assignment,1,fpn_2,fpn_2,fpn_2,72x72,133611,128533,133611,128533,133611,128533,0.0,0.0,0.0,0.0,coarsest_pooled_direct,pooled_avg_pool_flip_avg_coarse_only,False,False,architexture_binary_v1,0.7193250676810614,0.4579913549592903,3,3,24x24,"{""cluster_0"": {""cluster_value"": 0, ""component_size_histogram"": {""2637"": 1, ""9"": 1}, ""largest_component_size"": 2637, ""num_1_cell_components"": 0, ""num_2_cell_components"": 0, ""num_components"": 2, ""smallest_component_size"": 9, ""tiny_component_pixel_fraction"": 0.0, ""tiny_component_pixels"": 0}, ""cluster_1"": {""cluster_value"": 1, ""component_size_histogram"": {""1899"": 1, ""639"": 1}, ""largest_component_size"": 1899, ""num_1_cell_components"": 0, ""num_2_cell_components"": 0, ""num_components"": 2, ""smallest_component_size"": 639, ""tiny_component_pixel_fraction"": 0.0, ""tiny_component_pixels"": 0}}"
cstd,feature_cluster_coarse_to_fine_global_pooled_init_flip_avg_coarse_only,benchmark,210,000210,2,partition_invariant,0.3861812413912148,-0.02365947704235802,0.5,0.38004967550677027,0.3923128072756593,0.2750053405761719,0.7249946594238281,2,2,0.0,0.0,ok,True,"cluster_b->texture_a,cluster_a->texture_b",cluster_b,cluster_a,0.22356866063117686,-0.02365947704235802,0.3861812413912148,-0.02365947704235802,best_partition_assignment,1,fpn_2,fpn_2,fpn_2,72x72,75869,186275,75869,186275,75869,186275,0.0,0.0,0.0,0.0,coarsest_pooled_direct,pooled_avg_pool_flip_avg_coarse_only,False,False,architexture_binary_v1,0.3861812413912148,-0.02365947704235802,3,3,24x24,"{""cluster_0"": {""cluster_value"": 0, ""component_size_histogram"": {""1503"": 1}, ""largest_component_size"": 1503, ""num_1_cell_components"": 0, ""num_2_cell_components"": 0, ""num_components"": 1, ""smallest_component_size"": 1503, ""tiny_component_pixel_fraction"": 0.0, ""tiny_component_pixels"": 0}, ""cluster_1"": {""cluster_value"": 1, ""component_size_histogram"": {""3681"": 1}, ""largest_component_size"": 3681, ""num_1_cell_components"": 0, ""num_2_cell_components"": 0, ""num_components"": 1, ""smallest_component_size"": 3681, ""tiny_component_pixel_fraction"": 0.0, ""tiny_component_pixels"": 0}}"
cstd,feature_cluster_coarse_to_fine_global_pooled_init_flip_avg_coarse_only,benchmark,211,000211,2,partition_invariant,0.9593665847456816,0.9207670909869585,0.5,0.9529026750142288,0.9658304944771343,0.4231300354003906,0.5768699645996094,2,2,0.0,0.0,ok,True,"cluster_b->texture_a,cluster_a->texture_b",cluster_b,cluster_a,0.010185924656756683,0.9207670909869585,0.9593665847456816,0.9207670909869585,best_partition_assignment,1,fpn_2,fpn_2,fpn_2,72x72,153465,108679,153465,108679,153465,108679,0.0,0.0,0.0,0.0,coarsest_pooled_direct,pooled_avg_pool_flip_avg_coarse_only,False,False,architexture_binary_v1,0.9593665847456816,0.9207670909869585,3,3,24x24,"{""cluster_0"": {""cluster_value"": 0, ""component_size_histogram"": {""3033"": 1}, ""largest_component_size"": 3033, ""num_1_cell_components"": 0, ""num_2_cell_components"": 0, ""num_components"": 1, ""smallest_component_size"": 3033, ""tiny_component_pixel_fraction"": 0.0, ""tiny_component_pixels"": 0}, ""cluster_1"": {""cluster_value"": 1, ""component_size_histogram"": {""2151"": 1}, ""largest_component_size"": 2151, ""num_1_cell_components"": 0, ""num_2_cell_components"": 0, ""num_components"": 1, ""smallest_component_size"": 2151, ""tiny_component_pixel_fraction"": 0.0, ""tiny_component_pixels"": 0}}"
cstd,feature_cluster_coarse_to_fine_global_pooled_init_flip_avg_coarse_only,benchmark,212,000212,2,partition_invariant,0.3305188427018983,-0.10657427126662193,0.5,0.0008974143249761624,0.6601402710788205,0.17771148681640625,0.8222885131835938,2,2,0.0,0.0,ok,True,"cluster_a->texture_a,cluster_b->texture_b",cluster_a,cluster_b,0.3305188427018983,-0.10657427126662193,0.2045767981548668,-0.10657427126662193,best_partition_assignment,1,fpn_2,fpn_2,fpn_2,72x72,42639,219505,42639,219505,42639,219505,0.0,0.0,0.0,0.0,coarsest_pooled_direct,pooled_avg_pool_flip_avg_coarse_only,False,False,architexture_binary_v1,0.3305188427018983,-0.10657427126662193,3,3,24x24,"{""cluster_0"": {""cluster_value"": 0, ""component_size_histogram"": {""846"": 1}, ""largest_component_size"": 846, ""num_1_cell_components"": 0, ""num_2_cell_components"": 0, ""num_components"": 1, ""smallest_component_size"": 846, ""tiny_component_pixel_fraction"": 0.0, ""tiny_component_pixels"": 0}, ""cluster_1"": {""cluster_value"": 1, ""component_size_histogram"": {""4266"": 1, ""63"": 1, ""9"": 1}, ""largest_component_size"": 4266, ""num_1_cell_components"": 0, ""num_2_cell_components"": 0, ""num_components"": 3, ""smallest_component_size"": 9, ""tiny_component_pixel_fraction"": 0.0, ""tiny_component_pixels"": 0}}"
cstd,feature_cluster_coarse_to_fine_global_pooled_init_flip_avg_coarse_only,benchmark,213,000213,2,partition_invariant,0.9301550990611089,0.8758607594052513,0.5,0.9053210293138673,0.9549891688083506,0.305694580078125,0.694305419921875,2,2,0.0,0.0,ok,True,"cluster_b->texture_a,cluster_a->texture_b",cluster_b,cluster_a,0.015863844854916452,0.8758607594052513,0.9301550990611089,0.8758607594052513,best_partition_assignment,1,fpn_2,fpn_2,fpn_2,72x72,176277,85867,176277,85867,176277,85867,0.0,0.0,0.0,0.0,coarsest_pooled_direct,pooled_avg_pool_flip_avg_coarse_only,False,False,architexture_binary_v1,0.9301550990611089,0.8758607594052513,3,3,24x24,"{""cluster_0"": {""cluster_value"": 0, ""component_size_histogram"": {""3483"": 1}, ""largest_component_size"": 3483, ""num_1_cell_components"": 0, ""num_2_cell_components"": 0, ""num_components"": 1, ""smallest_component_size"": 3483, ""tiny_component_pixel_fraction"": 0.0, ""tiny_component_pixels"": 0}, ""cluster_1"": {""cluster_value"": 1, ""component_size_histogram"": {""1701"": 1}, ""largest_component_size"": 1701, ""num_1_cell_components"": 0, ""num_2_cell_components"": 0, ""num_components"": 1, ""smallest_component_size"": 1701, ""tiny_component_pixel_fraction"": 0.0, ""tiny_component_pixels"": 0}}"
cstd,feature_cluster_coarse_to_fine_global_pooled_init_flip_avg_coarse_only,benchmark,214,000214,2,partition_invariant,0.9075948347930434,0.8178834596558441,0.5,0.917929507917589,0.8972601616684976,0.5602226257324219,0.4397773742675781,2,2,0.0,0.0,ok,True,"cluster_b->texture_a,cluster_a->texture_b",cluster_b,cluster_a,0.02448551608664058,0.8178834596558441,0.9075948347930434,0.8178834596558441,best_partition_assignment,1,fpn_2,fpn_2,fpn_2,72x72,116139,146005,116139,146005,116139,146005,0.0,0.0,0.0,0.0,coarsest_pooled_direct,pooled_avg_pool_flip_avg_coarse_only,False,False,architexture_binary_v1,0.9075948347930434,0.8178834596558441,3,3,24x24,"{""cluster_0"": {""cluster_value"": 0, ""component_size_histogram"": {""2214"": 1, ""27"": 1, ""54"": 1}, ""largest_component_size"": 2214, ""num_1_cell_components"": 0, ""num_2_cell_components"": 0, ""num_components"": 3, ""smallest_component_size"": 27, ""tiny_component_pixel_fraction"": 0.0, ""tiny_component_pixels"": 0}, ""cluster_1"": {""cluster_value"": 1, ""component_size_histogram"": {""2817"": 1, ""72"": 1}, ""largest_component_size"": 2817, ""num_1_cell_components"": 0, ""num_2_cell_components"": 0, ""num_components"": 2, ""smallest_component_size"": 72, ""tiny_component_pixel_fraction"": 0.0, ""tiny_component_pixels"": 0}}"
cstd,feature_cluster_coarse_to_fine_global_pooled_init_flip_avg_coarse_only,benchmark,215,000215,2,partition_invariant,0.39577949527221906,0.05396956174365956,0.5,0.2226712826298626,0.5688877079145755,0.11046218872070312,0.8895378112792969,2,2,0.0,0.0,ok,True,"cluster_a->texture_a,cluster_b->texture_b",cluster_a,cluster_b,0.39577949527221906,0.05396956174365956,0.1921341998664696,0.05396956174365956,best_partition_assignment,1,fpn_2,fpn_2,fpn_2,72x72,129264,132880,129264,132880,129264,132880,0.0,0.0,0.0,0.0,coarsest_pooled_direct,pooled_avg_pool_flip_avg_coarse_only,False,False,architexture_binary_v1,0.39577949527221906,0.05396956174365956,3,3,24x24,"{""cluster_0"": {""cluster_value"": 0, ""component_size_histogram"": {""2448"": 1, ""27"": 1, ""54"": 1, ""9"": 3}, ""largest_component_size"": 2448, ""num_1_cell_components"": 0, ""num_2_cell_components"": 0, ""num_components"": 6, ""smallest_component_size"": 9, ""tiny_component_pixel_fraction"": 0.0, ""tiny_component_pixels"": 0}, ""cluster_1"": {""cluster_value"": 1, ""component_size_histogram"": {""189"": 1, ""216"": 1, ""234"": 1, ""27"": 3, ""324"": 1, ""378"": 1, ""405"": 1, ""45"": 1, ""513"": 1, ""54"": 1, ""90"": 1, ""99"": 1}, ""largest_component_size"": 513, ""num_1_cell_components"": 0, ""num_2_cell_components"": 0, ""num_components"": 14, ""smallest_component_size"": 27, ""tiny_component_pixel_fraction"": 0.0, ""tiny_component_pixels"": 0}}"
cstd,feature_cluster_coarse_to_fine_global_pooled_init_flip_avg_coarse_only,benchmark,216,000216,2,partition_invariant,0.7300229861133181,0.49105232256906123,0.5,0.7818465307940751,0.6781994414325612,0.6760177612304688,0.32398223876953125,2,2,0.0,0.0,ok,True,"cluster_b->texture_a,cluster_a->texture_b",cluster_b,cluster_a,0.0760989401142461,0.49105232256906123,0.7300229861133181,0.49105232256906123,best_partition_assignment,1,fpn_2,fpn_2,fpn_2,72x72,119374,142770,119374,142770,119374,142770,0.0,0.0,0.0,0.0,coarsest_pooled_direct,pooled_avg_pool_flip_avg_coarse_only,False,False,architexture_binary_v1,0.7300229861133181,0.49105232256906123,3,3,24x24,"{""cluster_0"": {""cluster_value"": 0, ""component_size_histogram"": {""1944"": 1, ""351"": 1, ""63"": 1}, ""largest_component_size"": 1944, ""num_1_cell_components"": 0, ""num_2_cell_components"": 0, ""num_components"": 3, ""smallest_component_size"": 63, ""tiny_component_pixel_fraction"": 0.0, ""tiny_component_pixels"": 0}, ""cluster_1"": {""cluster_value"": 1, ""component_size_histogram"": {""2826"": 1}, ""largest_component_size"": 2826, ""num_1_cell_components"": 0, ""num_2_cell_components"": 0, ""num_components"": 1, ""smallest_component_size"": 2826, ""tiny_component_pixel_fraction"": 0.0, ""tiny_component_pixels"": 0}}"
cstd,feature_cluster_coarse_to_fine_global_pooled_init_flip_avg_coarse_only,benchmark,217,000217,2,partition_invariant,0.34030904795617223,-0.048348844857292475,0.5,0.06770006801178871,0.6129180279005557,0.2276458740234375,0.7723541259765625,2,2,0.0,0.0,ok,True,"cluster_a->texture_a,cluster_b->texture_b",cluster_a,cluster_b,0.34030904795617223,-0.048348844857292475,0.2317362782452207,-0.048348844857292475,best_partition_assignment,1,fpn_2,fpn_2,fpn_2,72x72,53355,208789,53355,208789,53355,208789,0.0,0.0,0.0,0.0,coarsest_pooled_direct,pooled_avg_pool_flip_avg_coarse_only,False,False,architexture_binary_v1,0.34030904795617223,-0.048348844857292475,3,3,24x24,"{""cluster_0"": {""cluster_value"": 0, ""component_size_histogram"": {""1035"": 1, ""18"": 1}, ""largest_component_size"": 1035, ""num_1_cell_components"": 0, ""num_2_cell_components"": 0, ""num_components"": 2, ""smallest_component_size"": 18, ""tiny_component_pixel_fraction"": 0.0, ""tiny_component_pixels"": 0}, ""cluster_1"": {""cluster_value"": 1, ""component_size_histogram"": {""4131"": 1}, ""largest_component_size"": 4131, ""num_1_cell_components"": 0, ""num_2_cell_components"": 0, ""num_components"": 1, ""smallest_component_size"": 4131, ""tiny_component_pixel_fraction"": 0.0, ""tiny_component_pixels"": 0}}"
cstd,feature_cluster_coarse_to_fine_global_pooled_init_flip_avg_coarse_only,benchmark,218,000218,2,partition_invariant,0.8256715097901746,0.709035309002611,0.5,0.7463410183893965,0.9050020011909526,0.2230072021484375,0.7769927978515625,2,2,0.0,0.0,ok,True,"cluster_a->texture_a,cluster_b->texture_b",cluster_a,cluster_b,0.8256715097901746,0.709035309002611,0.0374527655869237,0.709035309002611,best_partition_assignment,1,fpn_2,fpn_2,fpn_2,72x72,75535,186609,75535,186609,75535,186609,0.0,0.0,0.0,0.0,coarsest_pooled_direct,pooled_avg_pool_flip_avg_coarse_only,False,False,architexture_binary_v1,0.8256715097901746,0.709035309002611,3,3,24x24,"{""cluster_0"": {""cluster_value"": 0, ""component_size_histogram"": {""1494"": 1}, ""largest_component_size"": 1494, ""num_1_cell_components"": 0, ""num_2_cell_components"": 0, ""num_components"": 1, ""smallest_component_size"": 1494, ""tiny_component_pixel_fraction"": 0.0, ""tiny_component_pixels"": 0}, ""cluster_1"": {""cluster_value"": 1, ""component_size_histogram"": {""3690"": 1}, ""largest_component_size"": 3690, ""num_1_cell_components"": 0, ""num_2_cell_components"": 0, ""num_components"": 1, ""smallest_component_size"": 3690, ""tiny_component_pixel_fraction"": 0.0, ""tiny_component_pixels"": 0}}"
cstd,feature_cluster_coarse_to_fine_global_pooled_init_flip_avg_coarse_only,benchmark,219,000219,2,partition_invariant,0.4049181576366421,0.03794938696057911,0.5,0.24952797450689196,0.5603083407663921,0.3068084716796875,0.6931915283203125,2,2,0.0,0.0,ok,True,"cluster_a->texture_a,cluster_b->texture_b",cluster_a,cluster_b,0.4049181576366421,0.03794938696057911,0.23714118333895023,0.03794938696057911,best_partition_assignment,1,fpn_2,fpn_2,fpn_2,72x72,87005,175139,87005,175139,87005,175139,0.0,0.0,0.0,0.0,coarsest_pooled_direct,pooled_avg_pool_flip_avg_coarse_only,False,False,architexture_binary_v1,0.4049181576366421,0.03794938696057911,3,3,24x24,"{""cluster_0"": {""cluster_value"": 0, ""component_size_histogram"": {""846"": 1, ""873"": 1}, ""largest_component_size"": 873, ""num_1_cell_components"": 0, ""num_2_cell_components"": 0, ""num_components"": 2, ""smallest_component_size"": 846, ""tiny_component_pixel_fraction"": 0.0, ""tiny_component_pixels"": 0}, ""cluster_1"": {""cluster_value"": 1, ""component_size_histogram"": {""3465"": 1}, ""largest_component_size"": 3465, ""num_1_cell_components"": 0, ""num_2_cell_components"": 0, ""num_components"": 1, ""smallest_component_size"": 3465, ""tiny_component_pixel_fraction"": 0.0, ""tiny_component_pixels"": 0}}"
cstd,feature_cluster_coarse_to_fine_global_pooled_init_flip_avg_coarse_only,benchmark,220,000220,2,partition_invariant,0.9207109430421863,0.867706911307056,0.5,0.8848906319492177,0.9565312541351547,0.25185394287109375,0.7481460571289062,2,2,0.0,0.0,ok,True,"cluster_a->texture_a,cluster_b->texture_b",cluster_a,cluster_b,0.9207109430421863,0.867706911307056,0.016334704785583905,0.867706911307056,best_partition_assignment,1,fpn_2,fpn_2,fpn_2,72x72,73835,188309,73835,188309,73835,188309,0.0,0.0,0.0,0.0,coarsest_pooled_direct,pooled_avg_pool_flip_avg_coarse_only,False,False,architexture_binary_v1,0.9207109430421863,0.867706911307056,3,3,24x24,"{""cluster_0"": {""cluster_value"": 0, ""component_size_histogram"": {""1458"": 1}, ""largest_component_size"": 1458, ""num_1_cell_components"": 0, ""num_2_cell_components"": 0, ""num_components"": 1, ""smallest_component_size"": 1458, ""tiny_component_pixel_fraction"": 0.0, ""tiny_component_pixels"": 0}, ""cluster_1"": {""cluster_value"": 1, ""component_size_histogram"": {""3726"": 1}, ""largest_component_size"": 3726, ""num_1_cell_components"": 0, ""num_2_cell_components"": 0, ""num_components"": 1, ""smallest_component_size"": 3726, ""tiny_component_pixel_fraction"": 0.0, ""tiny_component_pixels"": 0}}"
cstd,feature_cluster_coarse_to_fine_global_pooled_init_flip_avg_coarse_only,benchmark,221,000221,2,partition_invariant,0.967789944535145,0.9454647874676594,0.5,0.9540002896375581,0.9815795994327318,0.281646728515625,0.718353271484375,2,2,0.0,0.0,ok,True,"cluster_a->texture_a,cluster_b->texture_b",cluster_a,cluster_b,0.967789944535145,0.9454647874676594,0.006706893567056347,0.9454647874676594,best_partition_assignment,1,fpn_2,fpn_2,fpn_2,72x72,74588,187556,74588,187556,74588,187556,0.0,0.0,0.0,0.0,coarsest_pooled_direct,pooled_avg_pool_flip_avg_coarse_only,False,False,architexture_binary_v1,0.967789944535145,0.9454647874676594,3,3,24x24,"{""cluster_0"": {""cluster_value"": 0, ""component_size_histogram"": {""1476"": 1}, ""largest_component_size"": 1476, ""num_1_cell_components"": 0, ""num_2_cell_components"": 0, ""num_components"": 1, ""smallest_component_size"": 1476, ""tiny_component_pixel_fraction"": 0.0, ""tiny_component_pixels"": 0}, ""cluster_1"": {""cluster_value"": 1, ""component_size_histogram"": {""3708"": 1}, ""largest_component_size"": 3708, ""num_1_cell_components"": 0, ""num_2_cell_components"": 0, ""num_components"": 1, ""smallest_component_size"": 3708, ""tiny_component_pixel_fraction"": 0.0, ""tiny_component_pixels"": 0}}"
cstd,feature_cluster_coarse_to_fine_global_pooled_init_flip_avg_coarse_only,benchmark,222,000222,2,partition_invariant,0.8616065460466347,0.7394282776160109,0.5,0.8948237188704204,0.8283893732228489,0.6600570678710938,0.33994293212890625,2,2,0.0,0.0,ok,True,"cluster_b->texture_a,cluster_a->texture_b",cluster_b,cluster_a,0.03510089549043127,0.7394282776160109,0.8616065460466347,0.7394282776160109,best_partition_assignment,1,fpn_2,fpn_2,fpn_2,72x72,105721,156423,105721,156423,105721,156423,0.0,0.0,0.0,0.0,coarsest_pooled_direct,pooled_avg_pool_flip_avg_coarse_only,False,False,architexture_binary_v1,0.8616065460466347,0.7394282776160109,3,3,24x24,"{""cluster_0"": {""cluster_value"": 0, ""component_size_histogram"": {""1926"": 1, ""54"": 1, ""9"": 1, ""99"": 1}, ""largest_component_size"": 1926, ""num_1_cell_components"": 0, ""num_2_cell_components"": 0, ""num_components"": 4, ""smallest_component_size"": 9, ""tiny_component_pixel_fraction"": 0.0, ""tiny_component_pixels"": 0}, ""cluster_1"": {""cluster_value"": 1, ""component_size_histogram"": {""3096"": 1}, ""largest_component_size"": 3096, ""num_1_cell_components"": 0, ""num_2_cell_components"": 0, ""num_components"": 1, ""smallest_component_size"": 3096, ""tiny_component_pixel_fraction"": 0.0, ""tiny_component_pixels"": 0}}"
cstd,feature_cluster_coarse_to_fine_global_pooled_init_flip_avg_coarse_only,benchmark,223,000223,2,partition_invariant,0.4859349123419401,0.14513211719987035,0.5,0.284882524186197,0.6869873004976832,0.21605682373046875,0.7839431762695312,2,2,0.0,0.0,ok,True,"cluster_a->texture_a,cluster_b->texture_b",cluster_a,cluster_b,0.4859349123419401,0.14513211719987035,0.16034119705195649,0.14513211719987035,best_partition_assignment,1,fpn_2,fpn_2,fpn_2,72x72,74447,187697,74447,187697,74447,187697,0.0,0.0,0.0,0.0,coarsest_pooled_direct,pooled_avg_pool_flip_avg_coarse_only,False,False,architexture_binary_v1,0.4859349123419401,0.14513211719987035,3,3,24x24,"{""cluster_0"": {""cluster_value"": 0, ""component_size_histogram"": {""1467"": 1}, ""largest_component_size"": 1467, ""num_1_cell_components"": 0, ""num_2_cell_components"": 0, ""num_components"": 1, ""smallest_component_size"": 1467, ""tiny_component_pixel_fraction"": 0.0, ""tiny_component_pixels"": 0}, ""cluster_1"": {""cluster_value"": 1, ""component_size_histogram"": {""3717"": 1}, ""largest_component_size"": 3717, ""num_1_cell_components"": 0, ""num_2_cell_components"": 0, ""num_components"": 1, ""smallest_component_size"": 3717, ""tiny_component_pixel_fraction"": 0.0, ""tiny_component_pixels"": 0}}"
cstd,feature_cluster_coarse_to_fine_global_pooled_init_flip_avg_coarse_only,benchmark,224,000224,2,partition_invariant,0.8288936285489064,0.7333121591204543,0.5,0.7323674364172806,0.9254198206805321,0.21022796630859375,0.7897720336914062,2,2,0.0,0.0,ok,True,"cluster_b->texture_a,cluster_a->texture_b",cluster_b,cluster_a,0.03186110353119872,0.7333121591204543,0.8288936285489064,0.7333121591204543,best_partition_assignment,1,fpn_2,fpn_2,fpn_2,72x72,212153,49991,212153,49991,212153,49991,0.0,0.0,0.0,0.0,coarsest_pooled_direct,pooled_avg_pool_flip_avg_coarse_only,False,False,architexture_binary_v1,0.8288936285489064,0.7333121591204543,3,3,24x24,"{""cluster_0"": {""cluster_value"": 0, ""component_size_histogram"": {""4194"": 1}, ""largest_component_size"": 4194, ""num_1_cell_components"": 0, ""num_2_cell_components"": 0, ""num_components"": 1, ""smallest_component_size"": 4194, ""tiny_component_pixel_fraction"": 0.0, ""tiny_component_pixels"": 0}, ""cluster_1"": {""cluster_value"": 1, ""component_size_histogram"": {""18"": 3, ""9"": 1, ""927"": 1}, ""largest_component_size"": 927, ""num_1_cell_components"": 0, ""num_2_cell_components"": 0, ""num_components"": 5, ""smallest_component_size"": 9, ""tiny_component_pixel_fraction"": 0.0, ""tiny_component_pixels"": 0}}"
cstd,feature_cluster_coarse_to_fine_global_pooled_init_flip_avg_coarse_only,benchmark,225,000225,2,partition_invariant,0.7777046718284135,0.5623529108766906,0.5,0.7764753215225781,0.7789340221342488,0.4558868408203125,0.5441131591796875,2,2,0.0,0.0,ok,True,"cluster_b->texture_a,cluster_a->texture_b",cluster_b,cluster_a,0.0649017873123643,0.5623529108766906,0.7777046718284135,0.5623529108766906,best_partition_assignment,1,fpn_2,fpn_2,fpn_2,72x72,121139,141005,121139,141005,121139,141005,0.0,0.0,0.0,0.0,coarsest_pooled_direct,pooled_avg_pool_flip_avg_coarse_only,False,False,architexture_binary_v1,0.7777046718284135,0.5623529108766906,3,3,24x24,"{""cluster_0"": {""cluster_value"": 0, ""component_size_histogram"": {""1035"": 1, ""1287"": 1, ""45"": 1, ""9"": 3}, ""largest_component_size"": 1287, ""num_1_cell_components"": 0, ""num_2_cell_components"": 0, ""num_components"": 6, ""smallest_component_size"": 9, ""tiny_component_pixel_fraction"": 0.0, ""tiny_component_pixels"": 0}, ""cluster_1"": {""cluster_value"": 1, ""component_size_histogram"": {""2295"": 1, ""486"": 1, ""9"": 1}, ""largest_component_size"": 2295, ""num_1_cell_components"": 0, ""num_2_cell_components"": 0, ""num_components"": 3, ""smallest_component_size"": 9, ""tiny_component_pixel_fraction"": 0.0, ""tiny_component_pixels"": 0}}"
cstd,feature_cluster_coarse_to_fine_global_pooled_init_flip_avg_coarse_only,benchmark,226,000226,2,partition_invariant,0.35907996213207394,-0.04528026160357764,0.5,0.34755128442062466,0.37060863984352316,0.7192726135253906,0.2807273864746094,2,2,0.0,0.0,ok,True,"cluster_a->texture_a,cluster_b->texture_b",cluster_a,cluster_b,0.35907996213207394,-0.04528026160357764,0.23782200921242297,-0.04528026160357764,best_partition_assignment,1,fpn_2,fpn_2,fpn_2,72x72,66653,195491,66653,195491,66653,195491,0.0,0.0,0.0,0.0,coarsest_pooled_direct,pooled_avg_pool_flip_avg_coarse_only,False,False,architexture_binary_v1,0.35907996213207394,-0.04528026160357764,3,3,24x24,"{""cluster_0"": {""cluster_value"": 0, ""component_size_histogram"": {""315"": 1, ""495"": 1, ""504"": 1}, ""largest_component_size"": 504, ""num_1_cell_components"": 0, ""num_2_cell_components"": 0, ""num_components"": 3, ""smallest_component_size"": 315, ""tiny_component_pixel_fraction"": 0.0, ""tiny_component_pixels"": 0}, ""cluster_1"": {""cluster_value"": 1, ""component_size_histogram"": {""3870"": 1}, ""largest_component_size"": 3870, ""num_1_cell_components"": 0, ""num_2_cell_components"": 0, ""num_components"": 1, ""smallest_component_size"": 3870, ""tiny_component_pixel_fraction"": 0.0, ""tiny_component_pixels"": 0}}"
cstd,feature_cluster_coarse_to_fine_global_pooled_init_flip_avg_coarse_only,benchmark,227,000227,2,partition_invariant,0.938284240151382,0.8862299853999845,0.5,0.920295087113483,0.9562733931892811,0.3478851318359375,0.6521148681640625,2,2,0.0,0.0,ok,True,"cluster_a->texture_a,cluster_b->texture_b",cluster_a,cluster_b,0.938284240151382,0.8862299853999845,0.01473781895472773,0.8862299853999845,best_partition_assignment,1,fpn_2,fpn_2,fpn_2,72x72,92317,169827,92317,169827,92317,169827,0.0,0.0,0.0,0.0,coarsest_pooled_direct,pooled_avg_pool_flip_avg_coarse_only,False,False,architexture_binary_v1,0.938284240151382,0.8862299853999845,3,3,24x24,"{""cluster_0"": {""cluster_value"": 0, ""component_size_histogram"": {""1827"": 1}, ""largest_component_size"": 1827, ""num_1_cell_components"": 0, ""num_2_cell_components"": 0, ""num_components"": 1, ""smallest_component_size"": 1827, ""tiny_component_pixel_fraction"": 0.0, ""tiny_component_pixels"": 0}, ""cluster_1"": {""cluster_value"": 1, ""component_size_histogram"": {""3357"": 1}, ""largest_component_size"": 3357, ""num_1_cell_components"": 0, ""num_2_cell_components"": 0, ""num_components"": 1, ""smallest_component_size"": 3357, ""tiny_component_pixel_fraction"": 0.0, ""tiny_component_pixels"": 0}}"
cstd,feature_cluster_coarse_to_fine_global_pooled_init_flip_avg_coarse_only,benchmark,228,000228,2,partition_invariant,0.3570210726827559,-0.007879549742160949,0.5,0.12603197736722535,0.5880101679982864,0.3019905090332031,0.6980094909667969,2,2,0.0,0.0,ok,True,"cluster_a->texture_a,cluster_b->texture_b",cluster_a,cluster_b,0.3570210726827559,-0.007879549742160949,0.23826725449462238,-0.007879549742160949,best_partition_assignment,1,fpn_2,fpn_2,fpn_2,72x72,52181,209963,52181,209963,52181,209963,0.0,0.0,0.0,0.0,coarsest_pooled_direct,pooled_avg_pool_flip_avg_coarse_only,False,False,architexture_binary_v1,0.3570210726827559,-0.007879549742160949,3,3,24x24,"{""cluster_0"": {""cluster_value"": 0, ""component_size_histogram"": {""1026"": 1}, ""largest_component_size"": 1026, ""num_1_cell_components"": 0, ""num_2_cell_components"": 0, ""num_components"": 1, ""smallest_component_size"": 1026, ""tiny_component_pixel_fraction"": 0.0, ""tiny_component_pixels"": 0}, ""cluster_1"": {""cluster_value"": 1, ""component_size_histogram"": {""4158"": 1}, ""largest_component_size"": 4158, ""num_1_cell_components"": 0, ""num_2_cell_components"": 0, ""num_components"": 1, ""smallest_component_size"": 4158, ""tiny_component_pixel_fraction"": 0.0, ""tiny_component_pixels"": 0}}"
cstd,feature_cluster_coarse_to_fine_global_pooled_init_flip_avg_coarse_only,benchmark,229,000229,2,partition_invariant,0.9122428707748744,0.8449084659424954,0.5,0.8802283126126542,0.9442574289370946,0.29640960693359375,0.7035903930664062,2,2,0.0,0.0,ok,True,"cluster_a->texture_a,cluster_b->texture_b",cluster_a,cluster_b,0.9122428707748744,0.8449084659424954,0.01997122700050735,0.8449084659424954,best_partition_assignment,1,fpn_2,fpn_2,fpn_2,72x72,85028,177116,85028,177116,85028,177116,0.0,0.0,0.0,0.0,coarsest_pooled_direct,pooled_avg_pool_flip_avg_coarse_only,False,False,architexture_binary_v1,0.9122428707748744,0.8449084659424954,3,3,24x24,"{""cluster_0"": {""cluster_value"": 0, ""component_size_histogram"": {""1557"": 1, ""18"": 1, ""45"": 2, ""9"": 2}, ""largest_component_size"": 1557, ""num_1_cell_components"": 0, ""num_2_cell_components"": 0, ""num_components"": 6, ""smallest_component_size"": 9, ""tiny_component_pixel_fraction"": 0.0, ""tiny_component_pixels"": 0}, ""cluster_1"": {""cluster_value"": 1, ""component_size_histogram"": {""3501"": 1}, ""largest_component_size"": 3501, ""num_1_cell_components"": 0, ""num_2_cell_components"": 0, ""num_components"": 1, ""smallest_component_size"": 3501, ""tiny_component_pixel_fraction"": 0.0, ""tiny_component_pixels"": 0}}"
cstd,feature_cluster_coarse_to_fine_global_pooled_init_flip_avg_coarse_only,benchmark,230,000230,2,partition_invariant,0.9530638461480516,0.9124366663208731,0.5,0.965660488378935,0.9404672039171682,0.6411857604980469,0.3588142395019531,2,2,0.0,0.0,ok,True,"cluster_b->texture_a,cluster_a->texture_b",cluster_b,cluster_a,0.011240333709781234,0.9124366663208731,0.9530638461480516,0.9124366663208731,best_partition_assignment,1,fpn_2,fpn_2,fpn_2,72x72,96163,165981,96163,165981,96163,165981,0.0,0.0,0.0,0.0,coarsest_pooled_direct,pooled_avg_pool_flip_avg_coarse_only,False,False,architexture_binary_v1,0.9530638461480516,0.9124366663208731,3,3,24x24,"{""cluster_0"": {""cluster_value"": 0, ""component_size_histogram"": {""1863"": 1, ""36"": 1}, ""largest_component_size"": 1863, ""num_1_cell_components"": 0, ""num_2_cell_components"": 0, ""num_components"": 2, ""smallest_component_size"": 36, ""tiny_component_pixel_fraction"": 0.0, ""tiny_component_pixels"": 0}, ""cluster_1"": {""cluster_value"": 1, ""component_size_histogram"": {""3276"": 1, ""9"": 1}, ""largest_component_size"": 3276, ""num_1_cell_components"": 0, ""num_2_cell_components"": 0, ""num_components"": 2, ""smallest_component_size"": 9, ""tiny_component_pixel_fraction"": 0.0, ""tiny_component_pixels"": 0}}"
cstd,feature_cluster_coarse_to_fine_global_pooled_init_flip_avg_coarse_only,benchmark,231,000231,2,partition_invariant,0.9581200101308771,0.9190225736327853,0.5,0.950395043170611,0.9658449770911431,0.4092597961425781,0.5907402038574219,2,2,0.0,0.0,ok,True,"cluster_b->texture_a,cluster_a->texture_b",cluster_b,cluster_a,0.010418618156282231,0.9190225736327853,0.9581200101308771,0.9190225736327853,best_partition_assignment,1,fpn_2,fpn_2,fpn_2,72x72,156637,105507,156637,105507,156637,105507,0.0,0.0,0.0,0.0,coarsest_pooled_direct,pooled_avg_pool_flip_avg_coarse_only,False,False,architexture_binary_v1,0.9581200101308771,0.9190225736327853,3,3,24x24,"{""cluster_0"": {""cluster_value"": 0, ""component_size_histogram"": {""3096"": 1}, ""largest_component_size"": 3096, ""num_1_cell_components"": 0, ""num_2_cell_components"": 0, ""num_components"": 1, ""smallest_component_size"": 3096, ""tiny_component_pixel_fraction"": 0.0, ""tiny_component_pixels"": 0}, ""cluster_1"": {""cluster_value"": 1, ""component_size_histogram"": {""2079"": 1, ""9"": 1}, ""largest_component_size"": 2079, ""num_1_cell_components"": 0, ""num_2_cell_components"": 0, ""num_components"": 2, ""smallest_component_size"": 9, ""tiny_component_pixel_fraction"": 0.0, ""tiny_component_pixels"": 0}}"
cstd,feature_cluster_coarse_to_fine_global_pooled_init_flip_avg_coarse_only,benchmark,232,000232,2,partition_invariant,0.9234717983281922,0.8639860468060602,0.5,0.8962751961928295,0.9506684004635549,0.30002593994140625,0.6999740600585938,2,2,0.0,0.0,ok,True,"cluster_a->texture_a,cluster_b->texture_b",cluster_a,cluster_b,0.9234717983281922,0.8639860468060602,0.017333263196911867,0.8639860468060602,best_partition_assignment,1,fpn_2,fpn_2,fpn_2,72x72,87111,175033,87111,175033,87111,175033,0.0,0.0,0.0,0.0,coarsest_pooled_direct,pooled_avg_pool_flip_avg_coarse_only,False,False,architexture_binary_v1,0.9234717983281922,0.8639860468060602,3,3,24x24,"{""cluster_0"": {""cluster_value"": 0, ""component_size_histogram"": {""1719"": 1}, ""largest_component_size"": 1719, ""num_1_cell_components"": 0, ""num_2_cell_components"": 0, ""num_components"": 1, ""smallest_component_size"": 1719, ""tiny_component_pixel_fraction"": 0.0, ""tiny_component_pixels"": 0}, ""cluster_1"": {""cluster_value"": 1, ""component_size_histogram"": {""3456"": 1, ""9"": 1}, ""largest_component_size"": 3456, ""num_1_cell_components"": 0, ""num_2_cell_components"": 0, ""num_components"": 2, ""smallest_component_size"": 9, ""tiny_component_pixel_fraction"": 0.0, ""tiny_component_pixels"": 0}}"
cstd,feature_cluster_coarse_to_fine_global_pooled_init_flip_avg_coarse_only,benchmark,233,000233,2,partition_invariant,0.9470577531222837,0.9251463956382122,0.5,0.91214441771677,0.9819710885277974,0.16057586669921875,0.8394241333007812,2,2,0.0,0.0,ok,True,"cluster_a->texture_a,cluster_b->texture_b",cluster_a,cluster_b,0.9470577531222837,0.9251463956382122,0.007629122886355433,0.9251463956382122,best_partition_assignment,1,fpn_2,fpn_2,fpn_2,72x72,44551,217593,44551,217593,44551,217593,0.0,0.0,0.0,0.0,coarsest_pooled_direct,pooled_avg_pool_flip_avg_coarse_only,False,False,architexture_binary_v1,0.9470577531222837,0.9251463956382122,3,3,24x24,"{""cluster_0"": {""cluster_value"": 0, ""component_size_histogram"": {""882"": 1}, ""largest_component_size"": 882, ""num_1_cell_components"": 0, ""num_2_cell_components"": 0, ""num_components"": 1, ""smallest_component_size"": 882, ""tiny_component_pixel_fraction"": 0.0, ""tiny_component_pixels"": 0}, ""cluster_1"": {""cluster_value"": 1, ""component_size_histogram"": {""4293"": 1, ""9"": 1}, ""largest_component_size"": 4293, ""num_1_cell_components"": 0, ""num_2_cell_components"": 0, ""num_components"": 2, ""smallest_component_size"": 9, ""tiny_component_pixel_fraction"": 0.0, ""tiny_component_pixels"": 0}}"
cstd,feature_cluster_coarse_to_fine_global_pooled_init_flip_avg_coarse_only,benchmark,234,000234,2,partition_invariant,0.968183231500628,0.9533124845476642,0.5,0.9875849837422406,0.9487814792590155,0.8085823059082031,0.19141769409179688,2,2,0.0,0.0,ok,True,"cluster_b->texture_a,cluster_a->texture_b",cluster_b,cluster_a,0.0050720745763720865,0.9533124845476642,0.968183231500628,0.9533124845476642,best_partition_assignment,1,fpn_2,fpn_2,fpn_2,72x72,50497,211647,50497,211647,50497,211647,0.0,0.0,0.0,0.0,coarsest_pooled_direct,pooled_avg_pool_flip_avg_coarse_only,False,False,architexture_binary_v1,0.968183231500628,0.9533124845476642,3,3,24x24,"{""cluster_0"": {""cluster_value"": 0, ""component_size_histogram"": {""999"": 1}, ""largest_component_size"": 999, ""num_1_cell_components"": 0, ""num_2_cell_components"": 0, ""num_components"": 1, ""smallest_component_size"": 999, ""tiny_component_pixel_fraction"": 0.0, ""tiny_component_pixels"": 0}, ""cluster_1"": {""cluster_value"": 1, ""component_size_histogram"": {""4185"": 1}, ""largest_component_size"": 4185, ""num_1_cell_components"": 0, ""num_2_cell_components"": 0, ""num_components"": 1, ""smallest_component_size"": 4185, ""tiny_component_pixel_fraction"": 0.0, ""tiny_component_pixels"": 0}}"
cstd,feature_cluster_coarse_to_fine_global_pooled_init_flip_avg_coarse_only,benchmark,235,000235,2,partition_invariant,0.9301831833282397,0.8613929892573197,0.5,0.9356411972841159,0.9247251693723636,0.5484542846679688,0.45154571533203125,2,2,0.0,0.0,ok,True,"cluster_a->texture_a,cluster_b->texture_b",cluster_a,cluster_b,0.9301831833282397,0.8613929892573197,0.01823538278053956,0.8613929892573197,best_partition_assignment,1,fpn_2,fpn_2,fpn_2,72x72,139600,122544,139600,122544,139600,122544,0.0,0.0,0.0,0.0,coarsest_pooled_direct,pooled_avg_pool_flip_avg_coarse_only,False,False,architexture_binary_v1,0.9301831833282397,0.8613929892573197,3,3,24x24,"{""cluster_0"": {""cluster_value"": 0, ""component_size_histogram"": {""2763"": 1}, ""largest_component_size"": 2763, ""num_1_cell_components"": 0, ""num_2_cell_components"": 0, ""num_components"": 1, ""smallest_component_size"": 2763, ""tiny_component_pixel_fraction"": 0.0, ""tiny_component_pixels"": 0}, ""cluster_1"": {""cluster_value"": 1, ""component_size_histogram"": {""18"": 2, ""2313"": 1, ""63"": 1, ""9"": 1}, ""largest_component_size"": 2313, ""num_1_cell_components"": 0, ""num_2_cell_components"": 0, ""num_components"": 5, ""smallest_component_size"": 9, ""tiny_component_pixel_fraction"": 0.0, ""tiny_component_pixels"": 0}}"
cstd,feature_cluster_coarse_to_fine_global_pooled_init_flip_avg_coarse_only,benchmark,236,000236,2,partition_invariant,0.9437086619731652,0.8883793569582004,0.5,0.9486793327154773,0.9387379912308531,0.5467605590820312,0.45323944091796875,2,2,0.0,0.0,ok,True,"cluster_a->texture_a,cluster_b->texture_b",cluster_a,cluster_b,0.9437086619731652,0.8883793569582004,0.014571757266180452,0.8883793569582004,best_partition_assignment,1,fpn_2,fpn_2,fpn_2,72x72,142627,119517,142627,119517,142627,119517,0.0,0.0,0.0,0.0,coarsest_pooled_direct,pooled_avg_pool_flip_avg_coarse_only,False,False,architexture_binary_v1,0.9437086619731652,0.8883793569582004,3,3,24x24,"{""cluster_0"": {""cluster_value"": 0, ""component_size_histogram"": {""18"": 1, ""2799"": 1}, ""largest_component_size"": 2799, ""num_1_cell_components"": 0, ""num_2_cell_components"": 0, ""num_components"": 2, ""smallest_component_size"": 18, ""tiny_component_pixel_fraction"": 0.0, ""tiny_component_pixels"": 0}, ""cluster_1"": {""cluster_value"": 1, ""component_size_histogram"": {""2367"": 1}, ""largest_component_size"": 2367, ""num_1_cell_components"": 0, ""num_2_cell_components"": 0, ""num_components"": 1, ""smallest_component_size"": 2367, ""tiny_component_pixel_fraction"": 0.0, ""tiny_component_pixels"": 0}}"
cstd,feature_cluster_coarse_to_fine_global_pooled_init_flip_avg_coarse_only,benchmark,237,000237,2,partition_invariant,0.5796144879183693,0.3042466195859972,0.5,0.4053134688253531,0.7539155070113857,0.14551544189453125,0.8544845581054688,2,2,0.0,0.0,ok,True,"cluster_b->texture_a,cluster_a->texture_b",cluster_b,cluster_a,0.10581546822052912,0.3042466195859972,0.5796144879183693,0.3042466195859972,best_partition_assignment,1,fpn_2,fpn_2,fpn_2,72x72,169742,92402,169742,92402,169742,92402,0.0,0.0,0.0,0.0,coarsest_pooled_direct,pooled_avg_pool_flip_avg_coarse_only,False,False,architexture_binary_v1,0.5796144879183693,0.3042466195859972,3,3,24x24,"{""cluster_0"": {""cluster_value"": 0, ""component_size_histogram"": {""3357"": 1}, ""largest_component_size"": 3357, ""num_1_cell_components"": 0, ""num_2_cell_components"": 0, ""num_components"": 1, ""smallest_component_size"": 3357, ""tiny_component_pixel_fraction"": 0.0, ""tiny_component_pixels"": 0}, ""cluster_1"": {""cluster_value"": 1, ""component_size_histogram"": {""1827"": 1}, ""largest_component_size"": 1827, ""num_1_cell_components"": 0, ""num_2_cell_components"": 0, ""num_components"": 1, ""smallest_component_size"": 1827, ""tiny_component_pixel_fraction"": 0.0, ""tiny_component_pixels"": 0}}"
cstd,feature_cluster_coarse_to_fine_global_pooled_init_flip_avg_coarse_only,benchmark,238,000238,2,partition_invariant,0.34592818841614587,-0.04244269915271293,0.5,0.07540352407867534,0.6164528527536164,0.21637344360351562,0.7836265563964844,2,2,0.0,0.0,ok,True,"cluster_a->texture_a,cluster_b->texture_b",cluster_a,cluster_b,0.34592818841614587,-0.04244269915271293,0.2284362591213307,-0.04244269915271293,best_partition_assignment,1,fpn_2,fpn_2,fpn_2,72x72,56676,205468,56676,205468,56676,205468,0.0,0.0,0.0,0.0,coarsest_pooled_direct,pooled_avg_pool_flip_avg_coarse_only,False,False,architexture_binary_v1,0.34592818841614587,-0.04244269915271293,3,3,24x24,"{""cluster_0"": {""cluster_value"": 0, ""component_size_histogram"": {""1089"": 1, ""27"": 1}, ""largest_component_size"": 1089, ""num_1_cell_components"": 0, ""num_2_cell_components"": 0, ""num_components"": 2, ""smallest_component_size"": 27, ""tiny_component_pixel_fraction"": 0.0, ""tiny_component_pixels"": 0}, ""cluster_1"": {""cluster_value"": 1, ""component_size_histogram"": {""36"": 1, ""4032"": 1}, ""largest_component_size"": 4032, ""num_1_cell_components"": 0, ""num_2_cell_components"": 0, ""num_components"": 2, ""smallest_component_size"": 36, ""tiny_component_pixel_fraction"": 0.0, ""tiny_component_pixels"": 0}}"
cstd,feature_cluster_coarse_to_fine_global_pooled_init_flip_avg_coarse_only,benchmark,239,000239,2,partition_invariant,0.9502435121656063,0.9156035536008674,0.5,0.9290119030546393,0.9714751212765734,0.2824440002441406,0.7175559997558594,2,2,0.0,0.0,ok,True,"cluster_a->texture_a,cluster_b->texture_b",cluster_a,cluster_b,0.9502435121656063,0.9156035536008674,0.010494450301117508,0.9156035536008674,best_partition_assignment,1,fpn_2,fpn_2,fpn_2,72x72,73920,188224,73920,188224,73920,188224,0.0,0.0,0.0,0.0,coarsest_pooled_direct,pooled_avg_pool_flip_avg_coarse_only,False,False,architexture_binary_v1,0.9502435121656063,0.9156035536008674,3,3,24x24,"{""cluster_0"": {""cluster_value"": 0, ""component_size_histogram"": {""1458"": 1}, ""largest_component_size"": 1458, ""num_1_cell_components"": 0, ""num_2_cell_components"": 0, ""num_components"": 1, ""smallest_component_size"": 1458, ""tiny_component_pixel_fraction"": 0.0, ""tiny_component_pixels"": 0}, ""cluster_1"": {""cluster_value"": 1, ""component_size_histogram"": {""3726"": 1}, ""largest_component_size"": 3726, ""num_1_cell_components"": 0, ""num_2_cell_components"": 0, ""num_components"": 1, ""smallest_component_size"": 3726, ""tiny_component_pixel_fraction"": 0.0, ""tiny_component_pixels"": 0}}"
cstd,feature_cluster_coarse_to_fine_global_pooled_init_flip_avg_coarse_only,benchmark,240,000240,2,partition_invariant,0.8959069235729864,0.8407556371592046,0.5,0.8361808350752328,0.9556330120707401,0.18663787841796875,0.8133621215820312,2,2,0.0,0.0,ok,True,"cluster_a->texture_a,cluster_b->texture_b",cluster_a,cluster_b,0.8959069235729864,0.8407556371592046,0.018156728231140895,0.8407556371592046,best_partition_assignment,1,fpn_2,fpn_2,fpn_2,72x72,57365,204779,57365,204779,57365,204779,0.0,0.0,0.0,0.0,coarsest_pooled_direct,pooled_avg_pool_flip_avg_coarse_only,False,False,architexture_binary_v1,0.8959069235729864,0.8407556371592046,3,3,24x24,"{""cluster_0"": {""cluster_value"": 0, ""component_size_histogram"": {""1134"": 1}, ""largest_component_size"": 1134, ""num_1_cell_components"": 0, ""num_2_cell_components"": 0, ""num_components"": 1, ""smallest_component_size"": 1134, ""tiny_component_pixel_fraction"": 0.0, ""tiny_component_pixels"": 0}, ""cluster_1"": {""cluster_value"": 1, ""component_size_histogram"": {""4050"": 1}, ""largest_component_size"": 4050, ""num_1_cell_components"": 0, ""num_2_cell_components"": 0, ""num_components"": 1, ""smallest_component_size"": 4050, ""tiny_component_pixel_fraction"": 0.0, ""tiny_component_pixels"": 0}}"
cstd,feature_cluster_coarse_to_fine_global_pooled_init_flip_avg_coarse_only,benchmark,241,000241,2,partition_invariant,0.7696484098093777,0.5638523859259593,0.5,0.7237569060773481,0.8155399135414073,0.3288154602050781,0.6711845397949219,2,2,0.0,0.0,ok,True,"cluster_b->texture_a,cluster_a->texture_b",cluster_b,cluster_a,0.06256864210308033,0.5638523859259593,0.7696484098093777,0.5638523859259593,best_partition_assignment,1,fpn_2,fpn_2,fpn_2,72x72,144917,117227,144917,117227,144917,117227,0.0,0.0,0.0,0.0,coarsest_pooled_direct,pooled_avg_pool_flip_avg_coarse_only,False,False,architexture_binary_v1,0.7696484098093777,0.5638523859259593,3,3,24x24,"{""cluster_0"": {""cluster_value"": 0, ""component_size_histogram"": {""2862"": 1}, ""largest_component_size"": 2862, ""num_1_cell_components"": 0, ""num_2_cell_components"": 0, ""num_components"": 1, ""smallest_component_size"": 2862, ""tiny_component_pixel_fraction"": 0.0, ""tiny_component_pixels"": 0}, ""cluster_1"": {""cluster_value"": 1, ""component_size_histogram"": {""2070"": 1, ""252"": 1}, ""largest_component_size"": 2070, ""num_1_cell_components"": 0, ""num_2_cell_components"": 0, ""num_components"": 2, ""smallest_component_size"": 252, ""tiny_component_pixel_fraction"": 0.0, ""tiny_component_pixels"": 0}}"
cstd,feature_cluster_coarse_to_fine_global_pooled_init_flip_avg_coarse_only,benchmark,242,000242,2,partition_invariant,0.937428939076969,0.9027384909890582,0.5,0.9032877882152007,0.9715700899387374,0.21879959106445312,0.7812004089355469,2,2,0.0,0.0,ok,True,"cluster_a->texture_a,cluster_b->texture_b",cluster_a,cluster_b,0.937428939076969,0.9027384909890582,0.01135484450011823,0.9027384909890582,best_partition_assignment,1,fpn_2,fpn_2,fpn_2,72x72,58538,203606,58538,203606,58538,203606,0.0,0.0,0.0,0.0,coarsest_pooled_direct,pooled_avg_pool_flip_avg_coarse_only,False,False,architexture_binary_v1,0.937428939076969,0.9027384909890582,3,3,24x24,"{""cluster_0"": {""cluster_value"": 0, ""component_size_histogram"": {""1134"": 1, ""18"": 1, ""9"": 1}, ""largest_component_size"": 1134, ""num_1_cell_components"": 0, ""num_2_cell_components"": 0, ""num_components"": 3, ""smallest_component_size"": 9, ""tiny_component_pixel_fraction"": 0.0, ""tiny_component_pixels"": 0}, ""cluster_1"": {""cluster_value"": 1, ""component_size_histogram"": {""18"": 1, ""3996"": 1, ""9"": 1}, ""largest_component_size"": 3996, ""num_1_cell_components"": 0, ""num_2_cell_components"": 0, ""num_components"": 3, ""smallest_component_size"": 9, ""tiny_component_pixel_fraction"": 0.0, ""tiny_component_pixels"": 0}}"
cstd,feature_cluster_coarse_to_fine_global_pooled_init_flip_avg_coarse_only,benchmark,243,000243,2,partition_invariant,0.6918860974687269,0.42318141032599715,0.5,0.7496923522880786,0.6340798426493751,0.5356636047363281,0.4643363952636719,2,2,0.0,0.0,ok,True,"cluster_b->texture_a,cluster_a->texture_b",cluster_b,cluster_a,0.08957115991438903,0.42318141032599715,0.6918860974687269,0.42318141032599715,best_partition_assignment,1,fpn_2,fpn_2,fpn_2,72x72,82653,179491,82653,179491,82653,179491,0.0,0.0,0.0,0.0,coarsest_pooled_direct,pooled_avg_pool_flip_avg_coarse_only,False,False,architexture_binary_v1,0.6918860974687269,0.42318141032599715,3,3,24x24,"{""cluster_0"": {""cluster_value"": 0, ""component_size_histogram"": {""1620"": 1, ""9"": 2}, ""largest_component_size"": 1620, ""num_1_cell_components"": 0, ""num_2_cell_components"": 0, ""num_components"": 3, ""smallest_component_size"": 9, ""tiny_component_pixel_fraction"": 0.0, ""tiny_component_pixels"": 0}, ""cluster_1"": {""cluster_value"": 1, ""component_size_histogram"": {""3546"": 1}, ""largest_component_size"": 3546, ""num_1_cell_components"": 0, ""num_2_cell_components"": 0, ""num_components"": 1, ""smallest_component_size"": 3546, ""tiny_component_pixel_fraction"": 0.0, ""tiny_component_pixels"": 0}}"
cstd,feature_cluster_coarse_to_fine_global_pooled_init_flip_avg_coarse_only,benchmark,244,000244,2,partition_invariant,0.7254098205311921,0.4756381355583212,0.5,0.6848996668474471,0.765919974214937,0.347625732421875,0.652374267578125,2,2,0.0,0.0,ok,True,"cluster_b->texture_a,cluster_a->texture_b",cluster_b,cluster_a,0.0792134444797494,0.4756381355583212,0.7254098205311921,0.4756381355583212,best_partition_assignment,1,fpn_2,fpn_2,fpn_2,72x72,135802,126342,135802,126342,135802,126342,0.0,0.0,0.0,0.0,coarsest_pooled_direct,pooled_avg_pool_flip_avg_coarse_only,False,False,architexture_binary_v1,0.7254098205311921,0.4756381355583212,3,3,24x24,"{""cluster_0"": {""cluster_value"": 0, ""component_size_histogram"": {""2655"": 1, ""9"": 3}, ""largest_component_size"": 2655, ""num_1_cell_components"": 0, ""num_2_cell_components"": 0, ""num_components"": 4, ""smallest_component_size"": 9, ""tiny_component_pixel_fraction"": 0.0, ""tiny_component_pixels"": 0}, ""cluster_1"": {""cluster_value"": 1, ""component_size_histogram"": {""108"": 1, ""1989"": 1, ""234"": 1, ""27"": 1, ""54"": 1, ""63"": 1, ""9"": 3}, ""largest_component_size"": 1989, ""num_1_cell_components"": 0, ""num_2_cell_components"": 0, ""num_components"": 9, ""smallest_component_size"": 9, ""tiny_component_pixel_fraction"": 0.0, ""tiny_component_pixels"": 0}}"
cstd,feature_cluster_coarse_to_fine_global_pooled_init_flip_avg_coarse_only,benchmark,245,000245,2,partition_invariant,0.9464787210601463,0.9110652175797161,0.5,0.9220748915609729,0.9708825505593197,0.26373291015625,0.73626708984375,2,2,0.0,0.0,ok,True,"cluster_b->texture_a,cluster_a->texture_b",cluster_b,cluster_a,0.010935221110242917,0.9110652175797161,0.9464787210601463,0.9110652175797161,best_partition_assignment,1,fpn_2,fpn_2,fpn_2,72x72,191253,70891,191253,70891,191253,70891,0.0,0.0,0.0,0.0,coarsest_pooled_direct,pooled_avg_pool_flip_avg_coarse_only,False,False,architexture_binary_v1,0.9464787210601463,0.9110652175797161,3,3,24x24,"{""cluster_0"": {""cluster_value"": 0, ""component_size_histogram"": {""3780"": 1}, ""largest_component_size"": 3780, ""num_1_cell_components"": 0, ""num_2_cell_components"": 0, ""num_components"": 1, ""smallest_component_size"": 3780, ""tiny_component_pixel_fraction"": 0.0, ""tiny_component_pixels"": 0}, ""cluster_1"": {""cluster_value"": 1, ""component_size_histogram"": {""1404"": 1}, ""largest_component_size"": 1404, ""num_1_cell_components"": 0, ""num_2_cell_components"": 0, ""num_components"": 1, ""smallest_component_size"": 1404, ""tiny_component_pixel_fraction"": 0.0, ""tiny_component_pixels"": 0}}"
cstd,feature_cluster_coarse_to_fine_global_pooled_init_flip_avg_coarse_only,benchmark,246,000246,2,partition_invariant,0.3709720898889835,0.0224442875549412,0.5,0.1508446347846776,0.5910995449932894,0.36688232421875,0.63311767578125,2,2,0.0,0.0,ok,True,"cluster_a->texture_a,cluster_b->texture_b",cluster_a,cluster_b,0.3709720898889835,0.0224442875549412,0.22148623858510197,0.0224442875549412,best_partition_assignment,1,fpn_2,fpn_2,fpn_2,72x72,39260,222884,39260,222884,39260,222884,0.0,0.0,0.0,0.0,coarsest_pooled_direct,pooled_avg_pool_flip_avg_coarse_only,False,False,architexture_binary_v1,0.3709720898889835,0.0224442875549412,3,3,24x24,"{""cluster_0"": {""cluster_value"": 0, ""component_size_histogram"": {""18"": 2, ""261"": 1, ""477"": 1}, ""largest_component_size"": 477, ""num_1_cell_components"": 0, ""num_2_cell_components"": 0, ""num_components"": 4, ""smallest_component_size"": 18, ""tiny_component_pixel_fraction"": 0.0, ""tiny_component_pixels"": 0}, ""cluster_1"": {""cluster_value"": 1, ""component_size_histogram"": {""4410"": 1}, ""largest_component_size"": 4410, ""num_1_cell_components"": 0, ""num_2_cell_components"": 0, ""num_components"": 1, ""smallest_component_size"": 4410, ""tiny_component_pixel_fraction"": 0.0, ""tiny_component_pixels"": 0}}"
cstd,feature_cluster_coarse_to_fine_global_pooled_init_flip_avg_coarse_only,benchmark,247,000247,2,partition_invariant,0.8817873805649479,0.8046773531799557,0.5,0.8264539696003721,0.9371207915295238,0.2317047119140625,0.7682952880859375,2,2,0.0,0.0,ok,True,"cluster_a->texture_a,cluster_b->texture_b",cluster_a,cluster_b,0.8817873805649479,0.8046773531799557,0.024255911197685363,0.8046773531799557,best_partition_assignment,1,fpn_2,fpn_2,fpn_2,72x72,72761,189383,72761,189383,72761,189383,0.0,0.0,0.0,0.0,coarsest_pooled_direct,pooled_avg_pool_flip_avg_coarse_only,False,False,architexture_binary_v1,0.8817873805649479,0.8046773531799557,3,3,24x24,"{""cluster_0"": {""cluster_value"": 0, ""component_size_histogram"": {""1440"": 1}, ""largest_component_size"": 1440, ""num_1_cell_components"": 0, ""num_2_cell_components"": 0, ""num_components"": 1, ""smallest_component_size"": 1440, ""tiny_component_pixel_fraction"": 0.0, ""tiny_component_pixels"": 0}, ""cluster_1"": {""cluster_value"": 1, ""component_size_histogram"": {""3735"": 1, ""9"": 1}, ""largest_component_size"": 3735, ""num_1_cell_components"": 0, ""num_2_cell_components"": 0, ""num_components"": 2, ""smallest_component_size"": 9, ""tiny_component_pixel_fraction"": 0.0, ""tiny_component_pixels"": 0}}"
cstd,feature_cluster_coarse_to_fine_global_pooled_init_flip_avg_coarse_only,benchmark,248,000248,2,partition_invariant,0.8068947517924403,0.6525681537171704,0.5,0.7437756327934049,0.8700138707914757,0.3017387390136719,0.6982612609863281,2,2,0.0,0.0,ok,True,"cluster_a->texture_a,cluster_b->texture_b",cluster_a,cluster_b,0.8068947517924403,0.6525681537171704,0.04913035850193049,0.6525681537171704,best_partition_assignment,1,fpn_2,fpn_2,fpn_2,72x72,89273,172871,89273,172871,89273,172871,0.0,0.0,0.0,0.0,coarsest_pooled_direct,pooled_avg_pool_flip_avg_coarse_only,False,False,architexture_binary_v1,0.8068947517924403,0.6525681537171704,3,3,24x24,"{""cluster_0"": {""cluster_value"": 0, ""component_size_histogram"": {""1764"": 1}, ""largest_component_size"": 1764, ""num_1_cell_components"": 0, ""num_2_cell_components"": 0, ""num_components"": 1, ""smallest_component_size"": 1764, ""tiny_component_pixel_fraction"": 0.0, ""tiny_component_pixels"": 0}, ""cluster_1"": {""cluster_value"": 1, ""component_size_histogram"": {""3312"": 1, ""9"": 1, ""99"": 1}, ""largest_component_size"": 3312, ""num_1_cell_components"": 0, ""num_2_cell_components"": 0, ""num_components"": 3, ""smallest_component_size"": 9, ""tiny_component_pixel_fraction"": 0.0, ""tiny_component_pixels"": 0}}"
cstd,feature_cluster_coarse_to_fine_global_pooled_init_flip_avg_coarse_only,benchmark,249,000249,2,partition_invariant,0.45462374204905165,0.058790565667262526,0.5,0.3975556482074961,0.5116918358906072,0.2543144226074219,0.7456855773925781,2,2,0.0,0.0,ok,True,"cluster_b->texture_a,cluster_a->texture_b",cluster_b,cluster_a,0.18954221025037904,0.058790565667262526,0.45462374204905165,0.058790565667262526,best_partition_assignment,1,fpn_2,fpn_2,fpn_2,72x72,104228,157916,104228,157916,104228,157916,0.0,0.0,0.0,0.0,coarsest_pooled_direct,pooled_avg_pool_flip_avg_coarse_only,False,False,architexture_binary_v1,0.45462374204905165,0.058790565667262526,3,3,24x24,"{""cluster_0"": {""cluster_value"": 0, ""component_size_histogram"": {""1287"": 1, ""756"": 1, ""9"": 2}, ""largest_component_size"": 1287, ""num_1_cell_components"": 0, ""num_2_cell_components"": 0, ""num_components"": 4, ""smallest_component_size"": 9, ""tiny_component_pixel_fraction"": 0.0, ""tiny_component_pixels"": 0}, ""cluster_1"": {""cluster_value"": 1, ""component_size_histogram"": {""3123"": 1}, ""largest_component_size"": 3123, ""num_1_cell_components"": 0, ""num_2_cell_components"": 0, ""num_components"": 1, ""smallest_component_size"": 3123, ""tiny_component_pixel_fraction"": 0.0, ""tiny_component_pixels"": 0}}"
cstd,feature_cluster_coarse_to_fine_global_pooled_init_flip_avg_coarse_only,benchmark,250,000250,2,partition_invariant,0.38947480109438104,0.027698902900792893,0.5,0.20877703241544307,0.570172569773319,0.24393463134765625,0.7560653686523438,2,2,0.0,0.0,ok,True,"cluster_a->texture_a,cluster_b->texture_b",cluster_a,cluster_b,0.38947480109438104,0.027698902900792893,0.2361457731512041,0.027698902900792893,best_partition_assignment,1,fpn_2,fpn_2,fpn_2,72x72,90659,171485,90659,171485,90659,171485,0.0,0.0,0.0,0.0,coarsest_pooled_direct,pooled_avg_pool_flip_avg_coarse_only,False,False,architexture_binary_v1,0.38947480109438104,0.027698902900792893,3,3,24x24,"{""cluster_0"": {""cluster_value"": 0, ""component_size_histogram"": {""1782"": 1, ""9"": 1}, ""largest_component_size"": 1782, ""num_1_cell_components"": 0, ""num_2_cell_components"": 0, ""num_components"": 2, ""smallest_component_size"": 9, ""tiny_component_pixel_fraction"": 0.0, ""tiny_component_pixels"": 0}, ""cluster_1"": {""cluster_value"": 1, ""component_size_histogram"": {""3393"": 1}, ""largest_component_size"": 3393, ""num_1_cell_components"": 0, ""num_2_cell_components"": 0, ""num_components"": 1, ""smallest_component_size"": 3393, ""tiny_component_pixel_fraction"": 0.0, ""tiny_component_pixels"": 0}}"
cstd,feature_cluster_coarse_to_fine_global_pooled_init_flip_avg_coarse_only,benchmark,251,000251,2,partition_invariant,0.6315920301081291,0.30092843850828854,0.5,0.6473226282254164,0.6158614319908419,0.4272346496582031,0.5727653503417969,2,2,0.0,0.0,ok,True,"cluster_b->texture_a,cluster_a->texture_b",cluster_b,cluster_a,0.11595886819414772,0.30092843850828854,0.6315920301081291,0.30092843850828854,best_partition_assignment,1,fpn_2,fpn_2,fpn_2,72x72,98282,163862,98282,163862,98282,163862,0.0,0.0,0.0,0.0,coarsest_pooled_direct,pooled_avg_pool_flip_avg_coarse_only,False,False,architexture_binary_v1,0.6315920301081291,0.30092843850828854,3,3,24x24,"{""cluster_0"": {""cluster_value"": 0, ""component_size_histogram"": {""1611"": 1, ""297"": 1, ""36"": 1}, ""largest_component_size"": 1611, ""num_1_cell_components"": 0, ""num_2_cell_components"": 0, ""num_components"": 3, ""smallest_component_size"": 36, ""tiny_component_pixel_fraction"": 0.0, ""tiny_component_pixels"": 0}, ""cluster_1"": {""cluster_value"": 1, ""component_size_histogram"": {""3240"": 1}, ""largest_component_size"": 3240, ""num_1_cell_components"": 0, ""num_2_cell_components"": 0, ""num_components"": 1, ""smallest_component_size"": 3240, ""tiny_component_pixel_fraction"": 0.0, ""tiny_component_pixels"": 0}}"
cstd,feature_cluster_coarse_to_fine_global_pooled_init_flip_avg_coarse_only,benchmark,252,000252,2,partition_invariant,0.907016101769242,0.8501729798269005,0.5,0.8603685478269865,0.9536636557114976,0.22335433959960938,0.7766456604003906,2,2,0.0,0.0,ok,True,"cluster_a->texture_a,cluster_b->texture_b",cluster_a,cluster_b,0.907016101769242,0.8501729798269005,0.01806701428560108,0.8501729798269005,best_partition_assignment,1,fpn_2,fpn_2,fpn_2,72x72,67342,194802,67342,194802,67342,194802,0.0,0.0,0.0,0.0,coarsest_pooled_direct,pooled_avg_pool_flip_avg_coarse_only,False,False,architexture_binary_v1,0.907016101769242,0.8501729798269005,3,3,24x24,"{""cluster_0"": {""cluster_value"": 0, ""component_size_histogram"": {""1206"": 1, ""126"": 1}, ""largest_component_size"": 1206, ""num_1_cell_components"": 0, ""num_2_cell_components"": 0, ""num_components"": 2, ""smallest_component_size"": 126, ""tiny_component_pixel_fraction"": 0.0, ""tiny_component_pixels"": 0}, ""cluster_1"": {""cluster_value"": 1, ""component_size_histogram"": {""3852"": 1}, ""largest_component_size"": 3852, ""num_1_cell_components"": 0, ""num_2_cell_components"": 0, ""num_components"": 1, ""smallest_component_size"": 3852, ""tiny_component_pixel_fraction"": 0.0, ""tiny_component_pixels"": 0}}"
cstd,feature_cluster_coarse_to_fine_global_pooled_init_flip_avg_coarse_only,benchmark,253,000253,2,partition_invariant,0.3249156277976483,-0.035995384390997656,0.5,0.08436857329164507,0.5654626823036516,0.2010498046875,0.7989501953125,2,2,0.0,0.0,ok,True,"cluster_a->texture_a,cluster_b->texture_b",cluster_a,cluster_b,0.3249156277976483,-0.035995384390997656,0.2615342899249258,-0.035995384390997656,best_partition_assignment,1,fpn_2,fpn_2,fpn_2,72x72,77006,185138,77006,185138,77006,185138,0.0,0.0,0.0,0.0,coarsest_pooled_direct,pooled_avg_pool_flip_avg_coarse_only,False,False,architexture_binary_v1,0.3249156277976483,-0.035995384390997656,3,3,24x24,"{""cluster_0"": {""cluster_value"": 0, ""component_size_histogram"": {""1080"": 1, ""180"": 1, ""252"": 1, ""9"": 1}, ""largest_component_size"": 1080, ""num_1_cell_components"": 0, ""num_2_cell_components"": 0, ""num_components"": 4, ""smallest_component_size"": 9, ""tiny_component_pixel_fraction"": 0.0, ""tiny_component_pixels"": 0}, ""cluster_1"": {""cluster_value"": 1, ""component_size_histogram"": {""3654"": 1, ""9"": 1}, ""largest_component_size"": 3654, ""num_1_cell_components"": 0, ""num_2_cell_components"": 0, ""num_components"": 2, ""smallest_component_size"": 9, ""tiny_component_pixel_fraction"": 0.0, ""tiny_component_pixels"": 0}}"
cstd,feature_cluster_coarse_to_fine_global_pooled_init_flip_avg_coarse_only,benchmark,254,000254,2,partition_invariant,0.9492516732763885,0.904109012828359,0.5,0.9370098833043803,0.9614934632483966,0.3789787292480469,0.6210212707519531,2,2,0.0,0.0,ok,True,"cluster_a->texture_a,cluster_b->texture_b",cluster_a,cluster_b,0.9492516732763885,0.904109012828359,0.012386518363859206,0.904109012828359,best_partition_assignment,1,fpn_2,fpn_2,fpn_2,72x72,98013,164131,98013,164131,98013,164131,0.0,0.0,0.0,0.0,coarsest_pooled_direct,pooled_avg_pool_flip_avg_coarse_only,False,False,architexture_binary_v1,0.9492516732763885,0.904109012828359,3,3,24x24,"{""cluster_0"": {""cluster_value"": 0, ""component_size_histogram"": {""1935"": 1}, ""largest_component_size"": 1935, ""num_1_cell_components"": 0, ""num_2_cell_components"": 0, ""num_components"": 1, ""smallest_component_size"": 1935, ""tiny_component_pixel_fraction"": 0.0, ""tiny_component_pixels"": 0}, ""cluster_1"": {""cluster_value"": 1, ""component_size_histogram"": {""27"": 1, ""3222"": 1}, ""largest_component_size"": 3222, ""num_1_cell_components"": 0, ""num_2_cell_components"": 0, ""num_components"": 2, ""smallest_component_size"": 27, ""tiny_component_pixel_fraction"": 0.0, ""tiny_component_pixels"": 0}}"
cstd,feature_cluster_coarse_to_fine_global_pooled_init_flip_avg_coarse_only,benchmark,255,000255,2,partition_invariant,0.30799800494652835,-0.013435310171898435,0.5,0.4891469596325087,0.126849050260548,0.6152687072753906,0.3847312927246094,2,2,0.0,0.0,ok,True,"cluster_b->texture_a,cluster_a->texture_b",cluster_b,cluster_a,0.30470079736648414,-0.013435310171898435,0.30799800494652835,-0.013435310171898435,best_partition_assignment,1,fpn_2,fpn_2,fpn_2,72x72,60032,202112,60032,202112,60032,202112,0.0,0.0,0.0,0.0,coarsest_pooled_direct,pooled_avg_pool_flip_avg_coarse_only,False,False,architexture_binary_v1,0.30799800494652835,-0.013435310171898435,3,3,24x24,"{""cluster_0"": {""cluster_value"": 0, ""component_size_histogram"": {""216"": 1, ""972"": 1}, ""largest_component_size"": 972, ""num_1_cell_components"": 0, ""num_2_cell_components"": 0, ""num_components"": 2, ""smallest_component_size"": 216, ""tiny_component_pixel_fraction"": 0.0, ""tiny_component_pixels"": 0}, ""cluster_1"": {""cluster_value"": 1, ""component_size_histogram"": {""1080"": 1, ""2367"": 1, ""549"": 1}, ""largest_component_size"": 2367, ""num_1_cell_components"": 0, ""num_2_cell_components"": 0, ""num_components"": 3, ""smallest_component_size"": 549, ""tiny_component_pixel_fraction"": 0.0, ""tiny_component_pixels"": 0}}"
cstd,feature_cluster_coarse_to_fine_global_pooled_init_flip_avg_coarse_only,benchmark,256,000256,2,partition_invariant,0.7229482846571627,0.4620261347623163,0.5,0.7060928385863438,0.7398037307279817,0.5289497375488281,0.4710502624511719,2,2,0.0,0.0,ok,True,"cluster_b->texture_a,cluster_a->texture_b",cluster_b,cluster_a,0.08254811469639109,0.4620261347623163,0.7229482846571627,0.4620261347623163,best_partition_assignment,1,fpn_2,fpn_2,fpn_2,72x72,157163,104981,157163,104981,157163,104981,0.0,0.0,0.0,0.0,coarsest_pooled_direct,pooled_avg_pool_flip_avg_coarse_only,False,False,architexture_binary_v1,0.7229482846571627,0.4620261347623163,3,3,24x24,"{""cluster_0"": {""cluster_value"": 0, ""component_size_histogram"": {""3096"": 1, ""9"": 1}, ""largest_component_size"": 3096, ""num_1_cell_components"": 0, ""num_2_cell_components"": 0, ""num_components"": 2, ""smallest_component_size"": 9, ""tiny_component_pixel_fraction"": 0.0, ""tiny_component_pixels"": 0}, ""cluster_1"": {""cluster_value"": 1, ""component_size_histogram"": {""2079"": 1}, ""largest_component_size"": 2079, ""num_1_cell_components"": 0, ""num_2_cell_components"": 0, ""num_components"": 1, ""smallest_component_size"": 2079, ""tiny_component_pixel_fraction"": 0.0, ""tiny_component_pixels"": 0}}"
cstd,feature_cluster_coarse_to_fine_global_pooled_init_flip_avg_coarse_only,benchmark,257,000257,2,partition_invariant,0.9218979584334346,0.8464234222164695,0.5,0.9121664655403593,0.93162945132651,0.439971923828125,0.560028076171875,2,2,0.0,0.0,ok,True,"cluster_b->texture_a,cluster_a->texture_b",cluster_b,cluster_a,0.020375573574976342,0.8464234222164695,0.9218979584334346,0.8464234222164695,best_partition_assignment,1,fpn_2,fpn_2,fpn_2,72x72,149305,112839,149305,112839,149305,112839,0.0,0.0,0.0,0.0,coarsest_pooled_direct,pooled_avg_pool_flip_avg_coarse_only,False,False,architexture_binary_v1,0.9218979584334346,0.8464234222164695,3,3,24x24,"{""cluster_0"": {""cluster_value"": 0, ""component_size_histogram"": {""2952"": 1}, ""largest_component_size"": 2952, ""num_1_cell_components"": 0, ""num_2_cell_components"": 0, ""num_components"": 1, ""smallest_component_size"": 2952, ""tiny_component_pixel_fraction"": 0.0, ""tiny_component_pixels"": 0}, ""cluster_1"": {""cluster_value"": 1, ""component_size_histogram"": {""2232"": 1}, ""largest_component_size"": 2232, ""num_1_cell_components"": 0, ""num_2_cell_components"": 0, ""num_components"": 1, ""smallest_component_size"": 2232, ""tiny_component_pixel_fraction"": 0.0, ""tiny_component_pixels"": 0}}"
cstd,feature_cluster_coarse_to_fine_global_pooled_init_flip_avg_coarse_only,benchmark,258,000258,2,partition_invariant,0.9364636543788245,0.884807507196796,0.5,0.9160145149302671,0.956912793827382,0.3260002136230469,0.6739997863769531,2,2,0.0,0.0,ok,True,"cluster_b->texture_a,cluster_a->texture_b",cluster_b,cluster_a,0.014803177490963782,0.884807507196796,0.9364636543788245,0.884807507196796,best_partition_assignment,1,fpn_2,fpn_2,fpn_2,72x72,172303,89841,172303,89841,172303,89841,0.0,0.0,0.0,0.0,coarsest_pooled_direct,pooled_avg_pool_flip_avg_coarse_only,False,False,architexture_binary_v1,0.9364636543788245,0.884807507196796,3,3,24x24,"{""cluster_0"": {""cluster_value"": 0, ""component_size_histogram"": {""3411"": 1}, ""largest_component_size"": 3411, ""num_1_cell_components"": 0, ""num_2_cell_components"": 0, ""num_components"": 1, ""smallest_component_size"": 3411, ""tiny_component_pixel_fraction"": 0.0, ""tiny_component_pixels"": 0}, ""cluster_1"": {""cluster_value"": 1, ""component_size_histogram"": {""1773"": 1}, ""largest_component_size"": 1773, ""num_1_cell_components"": 0, ""num_2_cell_components"": 0, ""num_components"": 1, ""smallest_component_size"": 1773, ""tiny_component_pixel_fraction"": 0.0, ""tiny_component_pixels"": 0}}"
cstd,feature_cluster_coarse_to_fine_global_pooled_init_flip_avg_coarse_only,benchmark,259,000259,2,partition_invariant,0.6708845804498027,0.4402896588524463,0.5,0.5380040823081591,0.8037650785914463,0.20018768310546875,0.7998123168945312,2,2,0.0,0.0,ok,True,"cluster_a->texture_a,cluster_b->texture_b",cluster_a,cluster_b,0.6708845804498027,0.4402896588524463,0.08212032896978619,0.4402896588524463,best_partition_assignment,1,fpn_2,fpn_2,fpn_2,72x72,86919,175225,86919,175225,86919,175225,0.0,0.0,0.0,0.0,coarsest_pooled_direct,pooled_avg_pool_flip_avg_coarse_only,False,False,architexture_binary_v1,0.6708845804498027,0.4402896588524463,3,3,24x24,"{""cluster_0"": {""cluster_value"": 0, ""component_size_histogram"": {""18"": 1, ""54"": 1, ""594"": 1, ""72"": 1, ""981"": 1}, ""largest_component_size"": 981, ""num_1_cell_components"": 0, ""num_2_cell_components"": 0, ""num_components"": 5, ""smallest_component_size"": 18, ""tiny_component_pixel_fraction"": 0.0, ""tiny_component_pixels"": 0}, ""cluster_1"": {""cluster_value"": 1, ""component_size_histogram"": {""3465"": 1}, ""largest_component_size"": 3465, ""num_1_cell_components"": 0, ""num_2_cell_components"": 0, ""num_components"": 1, ""smallest_component_size"": 3465, ""tiny_component_pixel_fraction"": 0.0, ""tiny_component_pixels"": 0}}"
cstd,feature_cluster_coarse_to_fine_global_pooled_init_flip_avg_coarse_only,benchmark,260,000260,2,partition_invariant,0.9257972863114261,0.8692844496082336,0.5,0.8983217816557014,0.9532727909671508,0.30530548095703125,0.6946945190429688,2,2,0.0,0.0,ok,True,"cluster_b->texture_a,cluster_a->texture_b",cluster_b,cluster_a,0.016802791722547592,0.8692844496082336,0.9257972863114261,0.8692844496082336,best_partition_assignment,1,fpn_2,fpn_2,fpn_2,72x72,180310,81834,180310,81834,180310,81834,0.0,0.0,0.0,0.0,coarsest_pooled_direct,pooled_avg_pool_flip_avg_coarse_only,False,False,architexture_binary_v1,0.9257972863114261,0.8692844496082336,3,3,24x24,"{""cluster_0"": {""cluster_value"": 0, ""component_size_histogram"": {""18"": 1, ""27"": 1, ""3519"": 1}, ""largest_component_size"": 3519, ""num_1_cell_components"": 0, ""num_2_cell_components"": 0, ""num_components"": 3, ""smallest_component_size"": 18, ""tiny_component_pixel_fraction"": 0.0, ""tiny_component_pixels"": 0}, ""cluster_1"": {""cluster_value"": 1, ""component_size_histogram"": {""1620"": 1}, ""largest_component_size"": 1620, ""num_1_cell_components"": 0, ""num_2_cell_components"": 0, ""num_components"": 1, ""smallest_component_size"": 1620, ""tiny_component_pixel_fraction"": 0.0, ""tiny_component_pixels"": 0}}"
cstd,feature_cluster_coarse_to_fine_global_pooled_init_flip_avg_coarse_only,benchmark,261,000261,2,partition_invariant,0.9499277391132008,0.9019680769710697,0.5,0.9426793717095244,0.9571761065168773,0.4237861633300781,0.5762138366699219,2,2,0.0,0.0,ok,True,"cluster_b->texture_a,cluster_a->texture_b",cluster_b,cluster_a,0.012719444916560397,0.9019680769710697,0.9499277391132008,0.9019680769710697,best_partition_assignment,1,fpn_2,fpn_2,fpn_2,72x72,149994,112150,149994,112150,149994,112150,0.0,0.0,0.0,0.0,coarsest_pooled_direct,pooled_avg_pool_flip_avg_coarse_only,False,False,architexture_binary_v1,0.9499277391132008,0.9019680769710697,3,3,24x24,"{""cluster_0"": {""cluster_value"": 0, ""component_size_histogram"": {""2970"": 1}, ""largest_component_size"": 2970, ""num_1_cell_components"": 0, ""num_2_cell_components"": 0, ""num_components"": 1, ""smallest_component_size"": 2970, ""tiny_component_pixel_fraction"": 0.0, ""tiny_component_pixels"": 0}, ""cluster_1"": {""cluster_value"": 1, ""component_size_histogram"": {""18"": 1, ""2169"": 1, ""27"": 1}, ""largest_component_size"": 2169, ""num_1_cell_components"": 0, ""num_2_cell_components"": 0, ""num_components"": 3, ""smallest_component_size"": 18, ""tiny_component_pixel_fraction"": 0.0, ""tiny_component_pixels"": 0}}"
cstd,feature_cluster_coarse_to_fine_global_pooled_init_flip_avg_coarse_only,benchmark,262,000262,2,partition_invariant,0.36216983512611495,-0.002275791726106221,0.5,0.15329811663704893,0.5710415536151809,0.2607612609863281,0.7392387390136719,2,2,0.0,0.0,ok,True,"cluster_a->texture_a,cluster_b->texture_b",cluster_a,cluster_b,0.36216983512611495,-0.002275791726106221,0.24834922004239043,-0.002275791726106221,best_partition_assignment,1,fpn_2,fpn_2,fpn_2,72x72,73772,188372,73772,188372,73772,188372,0.0,0.0,0.0,0.0,coarsest_pooled_direct,pooled_avg_pool_flip_avg_coarse_only,False,False,architexture_binary_v1,0.36216983512611495,-0.002275791726106221,3,3,24x24,"{""cluster_0"": {""cluster_value"": 0, ""component_size_histogram"": {""1431"": 1, ""18"": 1, ""9"": 1}, ""largest_component_size"": 1431, ""num_1_cell_components"": 0, ""num_2_cell_components"": 0, ""num_components"": 3, ""smallest_component_size"": 9, ""tiny_component_pixel_fraction"": 0.0, ""tiny_component_pixels"": 0}, ""cluster_1"": {""cluster_value"": 1, ""component_size_histogram"": {""1656"": 1, ""414"": 1, ""666"": 1, ""9"": 1, ""981"": 1}, ""largest_component_size"": 1656, ""num_1_cell_components"": 0, ""num_2_cell_components"": 0, ""num_components"": 5, ""smallest_component_size"": 9, ""tiny_component_pixel_fraction"": 0.0, ""tiny_component_pixels"": 0}}"
cstd,feature_cluster_coarse_to_fine_global_pooled_init_flip_avg_coarse_only,benchmark,263,000263,2,partition_invariant,0.4520414290924576,0.08132432237688095,0.5,0.34331958820724284,0.5607632699776723,0.24634170532226562,0.7536582946777344,2,2,0.0,0.0,ok,True,"cluster_b->texture_a,cluster_a->texture_b",cluster_b,cluster_a,0.20065833695691407,0.08132432237688095,0.4520414290924576,0.08132432237688095,best_partition_assignment,1,fpn_2,fpn_2,fpn_2,72x72,135169,126975,135169,126975,135169,126975,0.0,0.0,0.0,0.0,coarsest_pooled_direct,pooled_avg_pool_flip_avg_coarse_only,False,False,architexture_binary_v1,0.4520414290924576,0.08132432237688095,3,3,24x24,"{""cluster_0"": {""cluster_value"": 0, ""component_size_histogram"": {""2376"": 1, ""297"": 1}, ""largest_component_size"": 2376, ""num_1_cell_components"": 0, ""num_2_cell_components"": 0, ""num_components"": 2, ""smallest_component_size"": 297, ""tiny_component_pixel_fraction"": 0.0, ""tiny_component_pixels"": 0}, ""cluster_1"": {""cluster_value"": 1, ""component_size_histogram"": {""1233"": 1, ""144"": 1, ""297"": 1, ""45"": 1, ""513"": 1, ""90"": 2, ""99"": 1}, ""largest_component_size"": 1233, ""num_1_cell_components"": 0, ""num_2_cell_components"": 0, ""num_components"": 8, ""smallest_component_size"": 45, ""tiny_component_pixel_fraction"": 0.0, ""tiny_component_pixels"": 0}}"
cstd,feature_cluster_coarse_to_fine_global_pooled_init_flip_avg_coarse_only,benchmark,264,000264,2,partition_invariant,0.9437280876212084,0.9090399840519146,0.5,0.9159451925487825,0.9715109826936343,0.247222900390625,0.752777099609375,2,2,0.0,0.0,ok,True,"cluster_b->texture_a,cluster_a->texture_b",cluster_b,cluster_a,0.01098913188001621,0.9090399840519146,0.9437280876212084,0.9090399840519146,best_partition_assignment,1,fpn_2,fpn_2,fpn_2,72x72,197049,65095,197049,65095,197049,65095,0.0,0.0,0.0,0.0,coarsest_pooled_direct,pooled_avg_pool_flip_avg_coarse_only,False,False,architexture_binary_v1,0.9437280876212084,0.9090399840519146,3,3,24x24,"{""cluster_0"": {""cluster_value"": 0, ""component_size_histogram"": {""3897"": 1}, ""largest_component_size"": 3897, ""num_1_cell_components"": 0, ""num_2_cell_components"": 0, ""num_components"": 1, ""smallest_component_size"": 3897, ""tiny_component_pixel_fraction"": 0.0, ""tiny_component_pixels"": 0}, ""cluster_1"": {""cluster_value"": 1, ""component_size_histogram"": {""1287"": 1}, ""largest_component_size"": 1287, ""num_1_cell_components"": 0, ""num_2_cell_components"": 0, ""num_components"": 1, ""smallest_component_size"": 1287, ""tiny_component_pixel_fraction"": 0.0, ""tiny_component_pixels"": 0}}"
cstd,feature_cluster_coarse_to_fine_global_pooled_init_flip_avg_coarse_only,benchmark,265,000265,2,partition_invariant,0.6232194032496642,0.35165902093129986,0.5,0.49194391518882213,0.7544948913105063,0.19562530517578125,0.8043746948242188,2,2,0.0,0.0,ok,True,"cluster_a->texture_a,cluster_b->texture_b",cluster_a,cluster_b,0.6232194032496642,0.35165902093129986,0.09995561595458824,0.35165902093129986,best_partition_assignment,1,fpn_2,fpn_2,fpn_2,72x72,101411,160733,101411,160733,101411,160733,0.0,0.0,0.0,0.0,coarsest_pooled_direct,pooled_avg_pool_flip_avg_coarse_only,False,False,architexture_binary_v1,0.6232194032496642,0.35165902093129986,3,3,24x24,"{""cluster_0"": {""cluster_value"": 0, ""component_size_histogram"": {""2007"": 1}, ""largest_component_size"": 2007, ""num_1_cell_components"": 0, ""num_2_cell_components"": 0, ""num_components"": 1, ""smallest_component_size"": 2007, ""tiny_component_pixel_fraction"": 0.0, ""tiny_component_pixels"": 0}, ""cluster_1"": {""cluster_value"": 1, ""component_size_histogram"": {""27"": 1, ""3078"": 1, ""72"": 1}, ""largest_component_size"": 3078, ""num_1_cell_components"": 0, ""num_2_cell_components"": 0, ""num_components"": 3, ""smallest_component_size"": 27, ""tiny_component_pixel_fraction"": 0.0, ""tiny_component_pixels"": 0}}"
cstd,feature_cluster_coarse_to_fine_global_pooled_init_flip_avg_coarse_only,benchmark,266,000266,2,partition_invariant,0.9389370933268293,0.9050047497947857,0.5,0.9056996346598076,0.9721745519938509,0.21920394897460938,0.7807960510253906,2,2,0.0,0.0,ok,True,"cluster_a->texture_a,cluster_b->texture_b",cluster_a,cluster_b,0.9389370933268293,0.9050047497947857,0.011093400907862566,0.9050047497947857,best_partition_assignment,1,fpn_2,fpn_2,fpn_2,72x72,58859,203285,58859,203285,58859,203285,0.0,0.0,0.0,0.0,coarsest_pooled_direct,pooled_avg_pool_flip_avg_coarse_only,False,False,architexture_binary_v1,0.9389370933268293,0.9050047497947857,3,3,24x24,"{""cluster_0"": {""cluster_value"": 0, ""component_size_histogram"": {""1161"": 1}, ""largest_component_size"": 1161, ""num_1_cell_components"": 0, ""num_2_cell_components"": 0, ""num_components"": 1, ""smallest_component_size"": 1161, ""tiny_component_pixel_fraction"": 0.0, ""tiny_component_pixels"": 0}, ""cluster_1"": {""cluster_value"": 1, ""component_size_histogram"": {""4023"": 1}, ""largest_component_size"": 4023, ""num_1_cell_components"": 0, ""num_2_cell_components"": 0, ""num_components"": 1, ""smallest_component_size"": 4023, ""tiny_component_pixel_fraction"": 0.0, ""tiny_component_pixels"": 0}}"
cstd,feature_cluster_coarse_to_fine_global_pooled_init_flip_avg_coarse_only,benchmark,267,000267,2,partition_invariant,0.9472890423122704,0.9063434806033174,0.5,0.9285193374003032,0.9660587472242377,0.3183860778808594,0.6816139221191406,2,2,0.0,0.0,ok,True,"cluster_a->texture_a,cluster_b->texture_b",cluster_a,cluster_b,0.9472890423122704,0.9063434806033174,0.011917855907894511,0.9063434806033174,best_partition_assignment,1,fpn_2,fpn_2,fpn_2,72x72,83136,179008,83136,179008,83136,179008,0.0,0.0,0.0,0.0,coarsest_pooled_direct,pooled_avg_pool_flip_avg_coarse_only,False,False,architexture_binary_v1,0.9472890423122704,0.9063434806033174,3,3,24x24,"{""cluster_0"": {""cluster_value"": 0, ""component_size_histogram"": {""1647"": 1}, ""largest_component_size"": 1647, ""num_1_cell_components"": 0, ""num_2_cell_components"": 0, ""num_components"": 1, ""smallest_component_size"": 1647, ""tiny_component_pixel_fraction"": 0.0, ""tiny_component_pixels"": 0}, ""cluster_1"": {""cluster_value"": 1, ""component_size_histogram"": {""3492"": 1, ""45"": 1}, ""largest_component_size"": 3492, ""num_1_cell_components"": 0, ""num_2_cell_components"": 0, ""num_components"": 2, ""smallest_component_size"": 45, ""tiny_component_pixel_fraction"": 0.0, ""tiny_component_pixels"": 0}}"
cstd,feature_cluster_coarse_to_fine_global_pooled_init_flip_avg_coarse_only,benchmark,268,000268,2,partition_invariant,0.9525269853666749,0.9213679511782107,0.5,0.9306951278674891,0.9743588428658608,0.2659721374511719,0.7340278625488281,2,2,0.0,0.0,ok,True,"cluster_b->texture_a,cluster_a->texture_b",cluster_b,cluster_a,0.00962847896940194,0.9213679511782107,0.9525269853666749,0.9213679511782107,best_partition_assignment,1,fpn_2,fpn_2,fpn_2,72x72,192577,69567,192577,69567,192577,69567,0.0,0.0,0.0,0.0,coarsest_pooled_direct,pooled_avg_pool_flip_avg_coarse_only,False,False,architexture_binary_v1,0.9525269853666749,0.9213679511782107,3,3,24x24,"{""cluster_0"": {""cluster_value"": 0, ""component_size_histogram"": {""3807"": 1}, ""largest_component_size"": 3807, ""num_1_cell_components"": 0, ""num_2_cell_components"": 0, ""num_components"": 1, ""smallest_component_size"": 3807, ""tiny_component_pixel_fraction"": 0.0, ""tiny_component_pixels"": 0}, ""cluster_1"": {""cluster_value"": 1, ""component_size_histogram"": {""1377"": 1}, ""largest_component_size"": 1377, ""num_1_cell_components"": 0, ""num_2_cell_components"": 0, ""num_components"": 1, ""smallest_component_size"": 1377, ""tiny_component_pixel_fraction"": 0.0, ""tiny_component_pixels"": 0}}"
cstd,feature_cluster_coarse_to_fine_global_pooled_init_flip_avg_coarse_only,benchmark,269,000269,2,partition_invariant,0.7135923117525473,0.47667554887668145,0.5,0.6382810747768358,0.788903548728259,0.2778472900390625,0.7221527099609375,2,2,0.0,0.0,ok,True,"cluster_a->texture_a,cluster_b->texture_b",cluster_a,cluster_b,0.7135923117525473,0.47667554887668145,0.07793755574658034,0.47667554887668145,best_partition_assignment,1,fpn_2,fpn_2,fpn_2,72x72,109775,152369,109775,152369,109775,152369,0.0,0.0,0.0,0.0,coarsest_pooled_direct,pooled_avg_pool_flip_avg_coarse_only,False,False,architexture_binary_v1,0.7135923117525473,0.47667554887668145,3,3,24x24,"{""cluster_0"": {""cluster_value"": 0, ""component_size_histogram"": {""1602"": 1, ""18"": 1, ""549"": 1}, ""largest_component_size"": 1602, ""num_1_cell_components"": 0, ""num_2_cell_components"": 0, ""num_components"": 3, ""smallest_component_size"": 18, ""tiny_component_pixel_fraction"": 0.0, ""tiny_component_pixels"": 0}, ""cluster_1"": {""cluster_value"": 1, ""component_size_histogram"": {""2988"": 1, ""9"": 3}, ""largest_component_size"": 2988, ""num_1_cell_components"": 0, ""num_2_cell_components"": 0, ""num_components"": 4, ""smallest_component_size"": 9, ""tiny_component_pixel_fraction"": 0.0, ""tiny_component_pixels"": 0}}"
cstd,feature_cluster_coarse_to_fine_global_pooled_init_flip_avg_coarse_only,benchmark,270,000270,2,partition_invariant,0.8712145488645993,0.7530955170123702,0.5,0.845783390410959,0.8966457073182394,0.37570953369140625,0.6242904663085938,2,2,0.0,0.0,ok,True,"cluster_a->texture_a,cluster_b->texture_b",cluster_a,cluster_b,0.8712145488645993,0.7530955170123702,0.03373206592395373,0.7530955170123702,best_partition_assignment,1,fpn_2,fpn_2,fpn_2,72x72,108474,153670,108474,153670,108474,153670,0.0,0.0,0.0,0.0,coarsest_pooled_direct,pooled_avg_pool_flip_avg_coarse_only,False,False,architexture_binary_v1,0.8712145488645993,0.7530955170123702,3,3,24x24,"{""cluster_0"": {""cluster_value"": 0, ""component_size_histogram"": {""117"": 1, ""2025"": 1}, ""largest_component_size"": 2025, ""num_1_cell_components"": 0, ""num_2_cell_components"": 0, ""num_components"": 2, ""smallest_component_size"": 117, ""tiny_component_pixel_fraction"": 0.0, ""tiny_component_pixels"": 0}, ""cluster_1"": {""cluster_value"": 1, ""component_size_histogram"": {""3042"": 1}, ""largest_component_size"": 3042, ""num_1_cell_components"": 0, ""num_2_cell_components"": 0, ""num_components"": 1, ""smallest_component_size"": 3042, ""tiny_component_pixel_fraction"": 0.0, ""tiny_component_pixels"": 0}}"
cstd,feature_cluster_coarse_to_fine_global_pooled_init_flip_avg_coarse_only,benchmark,271,000271,2,partition_invariant,0.38195324411588405,0.017315421207349527,0.5,0.1529648098272935,0.6109416784044747,0.3064994812011719,0.6935005187988281,2,2,0.0,0.0,ok,True,"cluster_a->texture_a,cluster_b->texture_b",cluster_a,cluster_b,0.38195324411588405,0.017315421207349527,0.2180552172462084,0.017315421207349527,best_partition_assignment,1,fpn_2,fpn_2,fpn_2,72x72,49365,212779,49365,212779,49365,212779,0.0,0.0,0.0,0.0,coarsest_pooled_direct,pooled_avg_pool_flip_avg_coarse_only,False,False,architexture_binary_v1,0.38195324411588405,0.017315421207349527,3,3,24x24,"{""cluster_0"": {""cluster_value"": 0, ""component_size_histogram"": {""972"": 1}, ""largest_component_size"": 972, ""num_1_cell_components"": 0, ""num_2_cell_components"": 0, ""num_components"": 1, ""smallest_component_size"": 972, ""tiny_component_pixel_fraction"": 0.0, ""tiny_component_pixels"": 0}, ""cluster_1"": {""cluster_value"": 1, ""component_size_histogram"": {""4212"": 1}, ""largest_component_size"": 4212, ""num_1_cell_components"": 0, ""num_2_cell_components"": 0, ""num_components"": 1, ""smallest_component_size"": 4212, ""tiny_component_pixel_fraction"": 0.0, ""tiny_component_pixels"": 0}}"
cstd,feature_cluster_coarse_to_fine_global_pooled_init_flip_avg_coarse_only,benchmark,272,000272,2,partition_invariant,0.6774772992303001,0.43262356897883125,0.5,0.571650772356538,0.7833038261040621,0.22490692138671875,0.7750930786132812,2,2,0.0,0.0,ok,True,"cluster_b->texture_a,cluster_a->texture_b",cluster_b,cluster_a,0.08415183062602287,0.43262356897883125,0.6774772992303001,0.43262356897883125,best_partition_assignment,1,fpn_2,fpn_2,fpn_2,72x72,159431,102713,159431,102713,159431,102713,0.0,0.0,0.0,0.0,coarsest_pooled_direct,pooled_avg_pool_flip_avg_coarse_only,False,False,architexture_binary_v1,0.6774772992303001,0.43262356897883125,3,3,24x24,"{""cluster_0"": {""cluster_value"": 0, ""component_size_histogram"": {""3141"": 1, ""9"": 1}, ""largest_component_size"": 3141, ""num_1_cell_components"": 0, ""num_2_cell_components"": 0, ""num_components"": 2, ""smallest_component_size"": 9, ""tiny_component_pixel_fraction"": 0.0, ""tiny_component_pixels"": 0}, ""cluster_1"": {""cluster_value"": 1, ""component_size_histogram"": {""2034"": 1}, ""largest_component_size"": 2034, ""num_1_cell_components"": 0, ""num_2_cell_components"": 0, ""num_components"": 1, ""smallest_component_size"": 2034, ""tiny_component_pixel_fraction"": 0.0, ""tiny_component_pixels"": 0}}"
cstd,feature_cluster_coarse_to_fine_global_pooled_init_flip_avg_coarse_only,benchmark,273,000273,2,partition_invariant,0.9748354007092487,0.9497590133870355,0.5,0.9738295902192508,0.9758412111992466,0.4815521240234375,0.5184478759765625,2,2,0.0,0.0,ok,True,"cluster_a->texture_a,cluster_b->texture_b",cluster_a,cluster_b,0.9748354007092487,0.9497590133870355,0.0063985010434995234,0.9497590133870355,best_partition_assignment,1,fpn_2,fpn_2,fpn_2,72x72,125297,136847,125297,136847,125297,136847,0.0,0.0,0.0,0.0,coarsest_pooled_direct,pooled_avg_pool_flip_avg_coarse_only,False,False,architexture_binary_v1,0.9748354007092487,0.9497590133870355,3,3,24x24,"{""cluster_0"": {""cluster_value"": 0, ""component_size_histogram"": {""2475"": 1}, ""largest_component_size"": 2475, ""num_1_cell_components"": 0, ""num_2_cell_components"": 0, ""num_components"": 1, ""smallest_component_size"": 2475, ""tiny_component_pixel_fraction"": 0.0, ""tiny_component_pixels"": 0}, ""cluster_1"": {""cluster_value"": 1, ""component_size_histogram"": {""2709"": 1}, ""largest_component_size"": 2709, ""num_1_cell_components"": 0, ""num_2_cell_components"": 0, ""num_components"": 1, ""smallest_component_size"": 2709, ""tiny_component_pixel_fraction"": 0.0, ""tiny_component_pixels"": 0}}"
cstd,feature_cluster_coarse_to_fine_global_pooled_init_flip_avg_coarse_only,benchmark,274,000274,2,partition_invariant,0.8116027092640956,0.6310639633686204,0.5,0.7922382351353644,0.8309671833928269,0.44963836669921875,0.5503616333007812,2,2,0.0,0.0,ok,True,"cluster_b->texture_a,cluster_a->texture_b",cluster_b,cluster_a,0.0541338858175127,0.6310639633686204,0.8116027092640956,0.6310639633686204,best_partition_assignment,1,fpn_2,fpn_2,fpn_2,72x72,147584,114560,147584,114560,147584,114560,0.0,0.0,0.0,0.0,coarsest_pooled_direct,pooled_avg_pool_flip_avg_coarse_only,False,False,architexture_binary_v1,0.8116027092640956,0.6310639633686204,3,3,24x24,"{""cluster_0"": {""cluster_value"": 0, ""component_size_histogram"": {""171"": 1, ""18"": 1, ""27"": 1, ""2700"": 1}, ""largest_component_size"": 2700, ""num_1_cell_components"": 0, ""num_2_cell_components"": 0, ""num_components"": 4, ""smallest_component_size"": 18, ""tiny_component_pixel_fraction"": 0.0, ""tiny_component_pixels"": 0}, ""cluster_1"": {""cluster_value"": 1, ""component_size_histogram"": {""198"": 1, ""2061"": 1, ""9"": 1}, ""largest_component_size"": 2061, ""num_1_cell_components"": 0, ""num_2_cell_components"": 0, ""num_components"": 3, ""smallest_component_size"": 9, ""tiny_component_pixel_fraction"": 0.0, ""tiny_component_pixels"": 0}}"
cstd,feature_cluster_coarse_to_fine_global_pooled_init_flip_avg_coarse_only,benchmark,275,000275,2,partition_invariant,0.8370591841219933,0.7124127735170284,0.5,0.7778458385771085,0.8962725296668781,0.2728919982910156,0.7271080017089844,2,2,0.0,0.0,ok,True,"cluster_a->texture_a,cluster_b->texture_b",cluster_a,cluster_b,0.8370591841219933,0.7124127735170284,0.03851438822264951,0.7124127735170284,best_partition_assignment,1,fpn_2,fpn_2,fpn_2,72x72,88094,174050,88094,174050,88094,174050,0.0,0.0,0.0,0.0,coarsest_pooled_direct,pooled_avg_pool_flip_avg_coarse_only,False,False,architexture_binary_v1,0.8370591841219933,0.7124127735170284,3,3,24x24,"{""cluster_0"": {""cluster_value"": 0, ""component_size_histogram"": {""1413"": 1, ""18"": 2, ""54"": 2, ""90"": 1, ""99"": 1}, ""largest_component_size"": 1413, ""num_1_cell_components"": 0, ""num_2_cell_components"": 0, ""num_components"": 7, ""smallest_component_size"": 18, ""tiny_component_pixel_fraction"": 0.0, ""tiny_component_pixels"": 0}, ""cluster_1"": {""cluster_value"": 1, ""component_size_histogram"": {""3438"": 1}, ""largest_component_size"": 3438, ""num_1_cell_components"": 0, ""num_2_cell_components"": 0, ""num_components"": 1, ""smallest_component_size"": 3438, ""tiny_component_pixel_fraction"": 0.0, ""tiny_component_pixels"": 0}}"
cstd,feature_cluster_coarse_to_fine_global_pooled_init_flip_avg_coarse_only,benchmark,276,000276,2,partition_invariant,0.8543823583256775,0.7596954062173055,0.5,0.7857152585772463,0.9230494580741089,0.22274398803710938,0.7772560119628906,2,2,0.0,0.0,ok,True,"cluster_a->texture_a,cluster_b->texture_b",cluster_a,cluster_b,0.8543823583256775,0.7596954062173055,0.030166955517216487,0.7596954062173055,best_partition_assignment,1,fpn_2,fpn_2,fpn_2,72x72,72718,189426,72718,189426,72718,189426,0.0,0.0,0.0,0.0,coarsest_pooled_direct,pooled_avg_pool_flip_avg_coarse_only,False,False,architexture_binary_v1,0.8543823583256775,0.7596954062173055,3,3,24x24,"{""cluster_0"": {""cluster_value"": 0, ""component_size_histogram"": {""1440"": 1}, ""largest_component_size"": 1440, ""num_1_cell_components"": 0, ""num_2_cell_components"": 0, ""num_components"": 1, ""smallest_component_size"": 1440, ""tiny_component_pixel_fraction"": 0.0, ""tiny_component_pixels"": 0}, ""cluster_1"": {""cluster_value"": 1, ""component_size_histogram"": {""3744"": 1}, ""largest_component_size"": 3744, ""num_1_cell_components"": 0, ""num_2_cell_components"": 0, ""num_components"": 1, ""smallest_component_size"": 3744, ""tiny_component_pixel_fraction"": 0.0, ""tiny_component_pixels"": 0}}"
cstd,feature_cluster_coarse_to_fine_global_pooled_init_flip_avg_coarse_only,benchmark,277,000277,2,partition_invariant,0.8801500095517332,0.7613841914584043,0.5,0.877553115056964,0.8827469040465025,0.4953727722167969,0.5046272277832031,2,2,0.0,0.0,ok,True,"cluster_b->texture_a,cluster_a->texture_b",cluster_b,cluster_a,0.03285568610056089,0.7613841914584043,0.8801500095517332,0.7613841914584043,best_partition_assignment,1,fpn_2,fpn_2,fpn_2,72x72,135901,126243,135901,126243,135901,126243,0.0,0.0,0.0,0.0,coarsest_pooled_direct,pooled_avg_pool_flip_avg_coarse_only,False,False,architexture_binary_v1,0.8801500095517332,0.7613841914584043,3,3,24x24,"{""cluster_0"": {""cluster_value"": 0, ""component_size_histogram"": {""2601"": 1, ""90"": 1}, ""largest_component_size"": 2601, ""num_1_cell_components"": 0, ""num_2_cell_components"": 0, ""num_components"": 2, ""smallest_component_size"": 90, ""tiny_component_pixel_fraction"": 0.0, ""tiny_component_pixels"": 0}, ""cluster_1"": {""cluster_value"": 1, ""component_size_histogram"": {""2493"": 1}, ""largest_component_size"": 2493, ""num_1_cell_components"": 0, ""num_2_cell_components"": 0, ""num_components"": 1, ""smallest_component_size"": 2493, ""tiny_component_pixel_fraction"": 0.0, ""tiny_component_pixels"": 0}}"
cstd,feature_cluster_coarse_to_fine_global_pooled_init_flip_avg_coarse_only,benchmark,278,000278,2,partition_invariant,0.9625119205328013,0.9424252937759429,0.5,0.9416605861091786,0.9833632549564241,0.21413803100585938,0.7858619689941406,2,2,0.0,0.0,ok,True,"cluster_a->texture_a,cluster_b->texture_b",cluster_a,cluster_b,0.9625119205328013,0.9424252937759429,0.006583758621977759,0.9424252937759429,best_partition_assignment,1,fpn_2,fpn_2,fpn_2,72x72,58289,203855,58289,203855,58289,203855,0.0,0.0,0.0,0.0,coarsest_pooled_direct,pooled_avg_pool_flip_avg_coarse_only,False,False,architexture_binary_v1,0.9625119205328013,0.9424252937759429,3,3,24x24,"{""cluster_0"": {""cluster_value"": 0, ""component_size_histogram"": {""1134"": 1, ""18"": 1}, ""largest_component_size"": 1134, ""num_1_cell_components"": 0, ""num_2_cell_components"": 0, ""num_components"": 2, ""smallest_component_size"": 18, ""tiny_component_pixel_fraction"": 0.0, ""tiny_component_pixels"": 0}, ""cluster_1"": {""cluster_value"": 1, ""component_size_histogram"": {""4032"": 1}, ""largest_component_size"": 4032, ""num_1_cell_components"": 0, ""num_2_cell_components"": 0, ""num_components"": 1, ""smallest_component_size"": 4032, ""tiny_component_pixel_fraction"": 0.0, ""tiny_component_pixels"": 0}}"
cstd,feature_cluster_coarse_to_fine_global_pooled_init_flip_avg_coarse_only,benchmark,279,000279,2,partition_invariant,0.9415385192798384,0.8993338234800268,0.5,0.9178683542404042,0.9652086843192728,0.282073974609375,0.717926025390625,2,2,0.0,0.0,ok,True,"cluster_a->texture_a,cluster_b->texture_b",cluster_a,cluster_b,0.9415385192798384,0.8993338234800268,0.012574654182174329,0.8993338234800268,best_partition_assignment,1,fpn_2,fpn_2,fpn_2,72x72,79403,182741,79403,182741,79403,182741,0.0,0.0,0.0,0.0,coarsest_pooled_direct,pooled_avg_pool_flip_avg_coarse_only,False,False,architexture_binary_v1,0.9415385192798384,0.8993338234800268,3,3,24x24,"{""cluster_0"": {""cluster_value"": 0, ""component_size_histogram"": {""1566"": 1}, ""largest_component_size"": 1566, ""num_1_cell_components"": 0, ""num_2_cell_components"": 0, ""num_components"": 1, ""smallest_component_size"": 1566, ""tiny_component_pixel_fraction"": 0.0, ""tiny_component_pixels"": 0}, ""cluster_1"": {""cluster_value"": 1, ""component_size_histogram"": {""3519"": 1, ""99"": 1}, ""largest_component_size"": 3519, ""num_1_cell_components"": 0, ""num_2_cell_components"": 0, ""num_components"": 2, ""smallest_component_size"": 99, ""tiny_component_pixel_fraction"": 0.0, ""tiny_component_pixels"": 0}}"
cstd,feature_cluster_coarse_to_fine_global_pooled_init_flip_avg_coarse_only,benchmark,280,000280,2,partition_invariant,0.8357374480877219,0.6858565584997051,0.5,0.8034205231388329,0.8680543730366108,0.3920021057128906,0.6079978942871094,2,2,0.0,0.0,ok,True,"cluster_a->texture_a,cluster_b->texture_b",cluster_a,cluster_b,0.8357374480877219,0.6858565584997051,0.044777780880930186,0.6858565584997051,best_partition_assignment,1,fpn_2,fpn_2,fpn_2,72x72,103388,158756,103388,158756,103388,158756,0.0,0.0,0.0,0.0,coarsest_pooled_direct,pooled_avg_pool_flip_avg_coarse_only,False,False,architexture_binary_v1,0.8357374480877219,0.6858565584997051,3,3,24x24,"{""cluster_0"": {""cluster_value"": 0, ""component_size_histogram"": {""2016"": 1, ""9"": 3}, ""largest_component_size"": 2016, ""num_1_cell_components"": 0, ""num_2_cell_components"": 0, ""num_components"": 4, ""smallest_component_size"": 9, ""tiny_component_pixel_fraction"": 0.0, ""tiny_component_pixels"": 0}, ""cluster_1"": {""cluster_value"": 1, ""component_size_histogram"": {""198"": 1, ""2934"": 1, ""9"": 1}, ""largest_component_size"": 2934, ""num_1_cell_components"": 0, ""num_2_cell_components"": 0, ""num_components"": 3, ""smallest_component_size"": 9, ""tiny_component_pixel_fraction"": 0.0, ""tiny_component_pixels"": 0}}"
cstd,feature_cluster_coarse_to_fine_global_pooled_init_flip_avg_coarse_only,benchmark,281,000281,2,partition_invariant,0.9362607599645119,0.8986142557961438,0.5,0.9033727929065132,0.9691487270225105,0.23617935180664062,0.7638206481933594,2,2,0.0,0.0,ok,True,"cluster_a->texture_a,cluster_b->texture_b",cluster_a,cluster_b,0.9362607599645119,0.8986142557961438,0.012117382685925531,0.8986142557961438,best_partition_assignment,1,fpn_2,fpn_2,fpn_2,72x72,61732,200412,61732,200412,61732,200412,0.0,0.0,0.0,0.0,coarsest_pooled_direct,pooled_avg_pool_flip_avg_coarse_only,False,False,architexture_binary_v1,0.9362607599645119,0.8986142557961438,3,3,24x24,"{""cluster_0"": {""cluster_value"": 0, ""component_size_histogram"": {""1179"": 1, ""18"": 1, ""9"": 3}, ""largest_component_size"": 1179, ""num_1_cell_components"": 0, ""num_2_cell_components"": 0, ""num_components"": 5, ""smallest_component_size"": 9, ""tiny_component_pixel_fraction"": 0.0, ""tiny_component_pixels"": 0}, ""cluster_1"": {""cluster_value"": 1, ""component_size_histogram"": {""3960"": 1}, ""largest_component_size"": 3960, ""num_1_cell_components"": 0, ""num_2_cell_components"": 0, ""num_components"": 1, ""smallest_component_size"": 3960, ""tiny_component_pixel_fraction"": 0.0, ""tiny_component_pixels"": 0}}"
cstd,feature_cluster_coarse_to_fine_global_pooled_init_flip_avg_coarse_only,benchmark,282,000282,2,partition_invariant,0.5750318727186832,0.20975196347743152,0.5,0.5901437633853173,0.5599199820520491,0.3965950012207031,0.6034049987792969,2,2,0.0,0.0,ok,True,"cluster_b->texture_a,cluster_a->texture_b",cluster_b,cluster_a,0.1373738822071632,0.20975196347743152,0.5750318727186832,0.20975196347743152,best_partition_assignment,1,fpn_2,fpn_2,fpn_2,72x72,92132,170012,92132,170012,92132,170012,0.0,0.0,0.0,0.0,coarsest_pooled_direct,pooled_avg_pool_flip_avg_coarse_only,False,False,architexture_binary_v1,0.5750318727186832,0.20975196347743152,3,3,24x24,"{""cluster_0"": {""cluster_value"": 0, ""component_size_histogram"": {""18"": 1, ""1800"": 1}, ""largest_component_size"": 1800, ""num_1_cell_components"": 0, ""num_2_cell_components"": 0, ""num_components"": 2, ""smallest_component_size"": 18, ""tiny_component_pixel_fraction"": 0.0, ""tiny_component_pixels"": 0}, ""cluster_1"": {""cluster_value"": 1, ""component_size_histogram"": {""3366"": 1}, ""largest_component_size"": 3366, ""num_1_cell_components"": 0, ""num_2_cell_components"": 0, ""num_components"": 1, ""smallest_component_size"": 3366, ""tiny_component_pixel_fraction"": 0.0, ""tiny_component_pixels"": 0}}"
cstd,feature_cluster_coarse_to_fine_global_pooled_init_flip_avg_coarse_only,benchmark,283,000283,2,partition_invariant,0.8823183881875688,0.7780706252904258,0.5,0.8540368251799995,0.9105999511951381,0.3806610107421875,0.6193389892578125,2,2,0.0,0.0,ok,True,"cluster_b->texture_a,cluster_a->texture_b",cluster_b,cluster_a,0.030171899616557054,0.7780706252904258,0.8823183881875688,0.7780706252904258,best_partition_assignment,1,fpn_2,fpn_2,fpn_2,72x72,166485,95659,166485,95659,166485,95659,0.0,0.0,0.0,0.0,coarsest_pooled_direct,pooled_avg_pool_flip_avg_coarse_only,False,False,architexture_binary_v1,0.8823183881875688,0.7780706252904258,3,3,24x24,"{""cluster_0"": {""cluster_value"": 0, ""component_size_histogram"": {""3294"": 1}, ""largest_component_size"": 3294, ""num_1_cell_components"": 0, ""num_2_cell_components"": 0, ""num_components"": 1, ""smallest_component_size"": 3294, ""tiny_component_pixel_fraction"": 0.0, ""tiny_component_pixels"": 0}, ""cluster_1"": {""cluster_value"": 1, ""component_size_histogram"": {""1827"": 1, ""36"": 1, ""9"": 3}, ""largest_component_size"": 1827, ""num_1_cell_components"": 0, ""num_2_cell_components"": 0, ""num_components"": 5, ""smallest_component_size"": 9, ""tiny_component_pixel_fraction"": 0.0, ""tiny_component_pixels"": 0}}"
cstd,feature_cluster_coarse_to_fine_global_pooled_init_flip_avg_coarse_only,benchmark,284,000284,2,partition_invariant,0.36605360930779485,-0.016406920186594617,0.5,0.32694832650881256,0.4051588921067771,0.2572059631347656,0.7427940368652344,2,2,0.0,0.0,ok,True,"cluster_b->texture_a,cluster_a->texture_b",cluster_b,cluster_a,0.250442433911944,-0.016406920186594617,0.36605360930779485,-0.016406920186594617,best_partition_assignment,1,fpn_2,fpn_2,fpn_2,72x72,91058,171086,91058,171086,91058,171086,0.0,0.0,0.0,0.0,coarsest_pooled_direct,pooled_avg_pool_flip_avg_coarse_only,False,False,architexture_binary_v1,0.36605360930779485,-0.016406920186594617,3,3,24x24,"{""cluster_0"": {""cluster_value"": 0, ""component_size_histogram"": {""1602"": 1, ""198"": 1}, ""largest_component_size"": 1602, ""num_1_cell_components"": 0, ""num_2_cell_components"": 0, ""num_components"": 2, ""smallest_component_size"": 198, ""tiny_component_pixel_fraction"": 0.0, ""tiny_component_pixels"": 0}, ""cluster_1"": {""cluster_value"": 1, ""component_size_histogram"": {""3384"": 1}, ""largest_component_size"": 3384, ""num_1_cell_components"": 0, ""num_2_cell_components"": 0, ""num_components"": 1, ""smallest_component_size"": 3384, ""tiny_component_pixel_fraction"": 0.0, ""tiny_component_pixels"": 0}}"
cstd,feature_cluster_coarse_to_fine_global_pooled_init_flip_avg_coarse_only,benchmark,285,000285,2,partition_invariant,0.9432124504817383,0.9081150946965174,0.5,0.915253738805641,0.9711711621578357,0.24187469482421875,0.7581253051757812,2,2,0.0,0.0,ok,True,"cluster_b->texture_a,cluster_a->texture_b",cluster_b,cluster_a,0.01107092028020149,0.9081150946965174,0.9432124504817383,0.9081150946965174,best_partition_assignment,1,fpn_2,fpn_2,fpn_2,72x72,195307,66837,195307,66837,195307,66837,0.0,0.0,0.0,0.0,coarsest_pooled_direct,pooled_avg_pool_flip_avg_coarse_only,False,False,architexture_binary_v1,0.9432124504817383,0.9081150946965174,3,3,24x24,"{""cluster_0"": {""cluster_value"": 0, ""component_size_histogram"": {""3861"": 1}, ""largest_component_size"": 3861, ""num_1_cell_components"": 0, ""num_2_cell_components"": 0, ""num_components"": 1, ""smallest_component_size"": 3861, ""tiny_component_pixel_fraction"": 0.0, ""tiny_component_pixels"": 0}, ""cluster_1"": {""cluster_value"": 1, ""component_size_histogram"": {""1323"": 1}, ""largest_component_size"": 1323, ""num_1_cell_components"": 0, ""num_2_cell_components"": 0, ""num_components"": 1, ""smallest_component_size"": 1323, ""tiny_component_pixel_fraction"": 0.0, ""tiny_component_pixels"": 0}}"
cstd,feature_cluster_coarse_to_fine_global_pooled_init_flip_avg_coarse_only,benchmark,286,000286,2,partition_invariant,0.3313026292283984,-0.025166296798306367,0.5,0.11194844301407621,0.5506568154427206,0.2949790954589844,0.7050209045410156,2,2,0.0,0.0,ok,True,"cluster_a->texture_a,cluster_b->texture_b",cluster_a,cluster_b,0.3313026292283984,-0.025166296798306367,0.26907266003372454,-0.025166296798306367,best_partition_assignment,1,fpn_2,fpn_2,fpn_2,72x72,62257,199887,62257,199887,62257,199887,0.0,0.0,0.0,0.0,coarsest_pooled_direct,pooled_avg_pool_flip_avg_coarse_only,False,False,architexture_binary_v1,0.3313026292283984,-0.025166296798306367,3,3,24x24,"{""cluster_0"": {""cluster_value"": 0, ""component_size_histogram"": {""18"": 1, ""558"": 1, ""648"": 1, ""9"": 1}, ""largest_component_size"": 648, ""num_1_cell_components"": 0, ""num_2_cell_components"": 0, ""num_components"": 4, ""smallest_component_size"": 9, ""tiny_component_pixel_fraction"": 0.0, ""tiny_component_pixels"": 0}, ""cluster_1"": {""cluster_value"": 1, ""component_size_histogram"": {""3951"": 1}, ""largest_component_size"": 3951, ""num_1_cell_components"": 0, ""num_2_cell_components"": 0, ""num_components"": 1, ""smallest_component_size"": 3951, ""tiny_component_pixel_fraction"": 0.0, ""tiny_component_pixels"": 0}}"
cstd,feature_cluster_coarse_to_fine_global_pooled_init_flip_avg_coarse_only,benchmark,287,000287,2,partition_invariant,0.29625100967057316,0.00045458793219809205,0.5,0.4882766871587184,0.10422533218242794,0.4842109680175781,0.5157890319824219,2,2,0.0,0.0,ok,True,"cluster_b->texture_a,cluster_a->texture_b",cluster_b,cluster_a,0.25692198776020914,0.00045458793219809205,0.29625100967057316,0.00045458793219809205,best_partition_assignment,1,fpn_2,fpn_2,fpn_2,72x72,20858,241286,20858,241286,20858,241286,0.0,0.0,0.0,0.0,coarsest_pooled_direct,pooled_avg_pool_flip_avg_coarse_only,False,False,architexture_binary_v1,0.29625100967057316,0.00045458793219809205,3,3,24x24,"{""cluster_0"": {""cluster_value"": 0, ""component_size_histogram"": {""135"": 1, ""18"": 1, ""27"": 1, ""36"": 3, ""45"": 1, ""63"": 1, ""9"": 2}, ""largest_component_size"": 135, ""num_1_cell_components"": 0, ""num_2_cell_components"": 0, ""num_components"": 10, ""smallest_component_size"": 9, ""tiny_component_pixel_fraction"": 0.0, ""tiny_component_pixels"": 0}, ""cluster_1"": {""cluster_value"": 1, ""component_size_histogram"": {""4770"": 1}, ""largest_component_size"": 4770, ""num_1_cell_components"": 0, ""num_2_cell_components"": 0, ""num_components"": 1, ""smallest_component_size"": 4770, ""tiny_component_pixel_fraction"": 0.0, ""tiny_component_pixels"": 0}}"
cstd,feature_cluster_coarse_to_fine_global_pooled_init_flip_avg_coarse_only,benchmark,288,000288,2,partition_invariant,0.94821883428437,0.9054126059642451,0.5,0.9322391887668783,0.9641984798018618,0.3469734191894531,0.6530265808105469,2,2,0.0,0.0,ok,True,"cluster_a->texture_a,cluster_b->texture_b",cluster_a,cluster_b,0.94821883428437,0.9054126059642451,0.012113954514125894,0.9054126059642451,best_partition_assignment,1,fpn_2,fpn_2,fpn_2,72x72,88349,173795,88349,173795,88349,173795,0.0,0.0,0.0,0.0,coarsest_pooled_direct,pooled_avg_pool_flip_avg_coarse_only,False,False,architexture_binary_v1,0.94821883428437,0.9054126059642451,3,3,24x24,"{""cluster_0"": {""cluster_value"": 0, ""component_size_histogram"": {""1746"": 1}, ""largest_component_size"": 1746, ""num_1_cell_components"": 0, ""num_2_cell_components"": 0, ""num_components"": 1, ""smallest_component_size"": 1746, ""tiny_component_pixel_fraction"": 0.0, ""tiny_component_pixels"": 0}, ""cluster_1"": {""cluster_value"": 1, ""component_size_histogram"": {""3438"": 1}, ""largest_component_size"": 3438, ""num_1_cell_components"": 0, ""num_2_cell_components"": 0, ""num_components"": 1, ""smallest_component_size"": 3438, ""tiny_component_pixel_fraction"": 0.0, ""tiny_component_pixels"": 0}}"
cstd,feature_cluster_coarse_to_fine_global_pooled_init_flip_avg_coarse_only,benchmark,289,000289,2,partition_invariant,0.9538413059975248,0.918376151940068,0.5,0.9370624442042945,0.9706201677907551,0.3055763244628906,0.6944236755371094,2,2,0.0,0.0,ok,True,"cluster_a->texture_a,cluster_b->texture_b",cluster_a,cluster_b,0.9538413059975248,0.918376151940068,0.01024403945460015,0.918376151940068,best_partition_assignment,1,fpn_2,fpn_2,fpn_2,72x72,84801,177343,84801,177343,84801,177343,0.0,0.0,0.0,0.0,coarsest_pooled_direct,pooled_avg_pool_flip_avg_coarse_only,False,False,architexture_binary_v1,0.9538413059975248,0.918376151940068,3,3,24x24,"{""cluster_0"": {""cluster_value"": 0, ""component_size_histogram"": {""1674"": 1}, ""largest_component_size"": 1674, ""num_1_cell_components"": 0, ""num_2_cell_components"": 0, ""num_components"": 1, ""smallest_component_size"": 1674, ""tiny_component_pixel_fraction"": 0.0, ""tiny_component_pixels"": 0}, ""cluster_1"": {""cluster_value"": 1, ""component_size_histogram"": {""3510"": 1}, ""largest_component_size"": 3510, ""num_1_cell_components"": 0, ""num_2_cell_components"": 0, ""num_components"": 1, ""smallest_component_size"": 3510, ""tiny_component_pixel_fraction"": 0.0, ""tiny_component_pixels"": 0}}"
cstd,feature_cluster_coarse_to_fine_global_pooled_init_flip_avg_coarse_only,benchmark,290,000290,2,partition_invariant,0.8427537302289001,0.6996689851576977,0.5,0.8111498565438093,0.8743576039139909,0.3580284118652344,0.6419715881347656,2,2,0.0,0.0,ok,True,"cluster_b->texture_a,cluster_a->texture_b",cluster_b,cluster_a,0.04138369131834849,0.6996689851576977,0.8427537302289001,0.6996689851576977,best_partition_assignment,1,fpn_2,fpn_2,fpn_2,72x72,150841,111303,150841,111303,150841,111303,0.0,0.0,0.0,0.0,coarsest_pooled_direct,pooled_avg_pool_flip_avg_coarse_only,False,False,architexture_binary_v1,0.8427537302289001,0.6996689851576977,3,3,24x24,"{""cluster_0"": {""cluster_value"": 0, ""component_size_histogram"": {""2979"": 1}, ""largest_component_size"": 2979, ""num_1_cell_components"": 0, ""num_2_cell_components"": 0, ""num_components"": 1, ""smallest_component_size"": 2979, ""tiny_component_pixel_fraction"": 0.0, ""tiny_component_pixels"": 0}, ""cluster_1"": {""cluster_value"": 1, ""component_size_histogram"": {""1980"": 1, ""216"": 1, ""9"": 1}, ""largest_component_size"": 1980, ""num_1_cell_components"": 0, ""num_2_cell_components"": 0, ""num_components"": 3, ""smallest_component_size"": 9, ""tiny_component_pixel_fraction"": 0.0, ""tiny_component_pixels"": 0}}"
cstd,feature_cluster_coarse_to_fine_global_pooled_init_flip_avg_coarse_only,benchmark,291,000291,2,partition_invariant,0.8592447904881504,0.7612887856771331,0.5,0.7986178666632977,0.919871714313003,0.25350189208984375,0.7464981079101562,2,2,0.0,0.0,ok,True,"cluster_b->texture_a,cluster_a->texture_b",cluster_b,cluster_a,0.031021050972042767,0.7612887856771331,0.8592447904881504,0.7612887856771331,best_partition_assignment,1,fpn_2,fpn_2,fpn_2,72x72,186232,75912,186232,75912,186232,75912,0.0,0.0,0.0,0.0,coarsest_pooled_direct,pooled_avg_pool_flip_avg_coarse_only,False,False,architexture_binary_v1,0.8592447904881504,0.7612887856771331,3,3,24x24,"{""cluster_0"": {""cluster_value"": 0, ""component_size_histogram"": {""3681"": 1}, ""largest_component_size"": 3681, ""num_1_cell_components"": 0, ""num_2_cell_components"": 0, ""num_components"": 1, ""smallest_component_size"": 3681, ""tiny_component_pixel_fraction"": 0.0, ""tiny_component_pixels"": 0}, ""cluster_1"": {""cluster_value"": 1, ""component_size_histogram"": {""1260"": 1, ""180"": 1, ""63"": 1}, ""largest_component_size"": 1260, ""num_1_cell_components"": 0, ""num_2_cell_components"": 0, ""num_components"": 3, ""smallest_component_size"": 63, ""tiny_component_pixel_fraction"": 0.0, ""tiny_component_pixels"": 0}}"
cstd,feature_cluster_coarse_to_fine_global_pooled_init_flip_avg_coarse_only,benchmark,292,000292,2,partition_invariant,0.9183853086529243,0.8492786858153815,0.5,0.8949477674984031,0.9418228498074455,0.3390769958496094,0.6609230041503906,2,2,0.0,0.0,ok,True,"cluster_b->texture_a,cluster_a->texture_b",cluster_b,cluster_a,0.019694215809094494,0.8492786858153815,0.9183853086529243,0.8492786858153815,best_partition_assignment,1,fpn_2,fpn_2,fpn_2,72x72,167096,95048,167096,95048,167096,95048,0.0,0.0,0.0,0.0,coarsest_pooled_direct,pooled_avg_pool_flip_avg_coarse_only,False,False,architexture_binary_v1,0.9183853086529243,0.8492786858153815,3,3,24x24,"{""cluster_0"": {""cluster_value"": 0, ""component_size_histogram"": {""3303"": 1}, ""largest_component_size"": 3303, ""num_1_cell_components"": 0, ""num_2_cell_components"": 0, ""num_components"": 1, ""smallest_component_size"": 3303, ""tiny_component_pixel_fraction"": 0.0, ""tiny_component_pixels"": 0}, ""cluster_1"": {""cluster_value"": 1, ""component_size_histogram"": {""1881"": 1}, ""largest_component_size"": 1881, ""num_1_cell_components"": 0, ""num_2_cell_components"": 0, ""num_components"": 1, ""smallest_component_size"": 1881, ""tiny_component_pixel_fraction"": 0.0, ""tiny_component_pixels"": 0}}"
cstd,feature_cluster_coarse_to_fine_global_pooled_init_flip_avg_coarse_only,benchmark,293,000293,2,partition_invariant,0.5204375655905147,0.14184086203304636,0.5,0.4609396312536179,0.5799354999274114,0.2649955749511719,0.7350044250488281,2,2,0.0,0.0,ok,True,"cluster_b->texture_a,cluster_a->texture_b",cluster_b,cluster_a,0.15480246597571756,0.14184086203304636,0.5204375655905147,0.14184086203304636,best_partition_assignment,1,fpn_2,fpn_2,fpn_2,72x72,112042,150102,112042,150102,112042,150102,0.0,0.0,0.0,0.0,coarsest_pooled_direct,pooled_avg_pool_flip_avg_coarse_only,False,False,architexture_binary_v1,0.5204375655905147,0.14184086203304636,3,3,24x24,"{""cluster_0"": {""cluster_value"": 0, ""component_size_histogram"": {""108"": 1, ""207"": 1, ""405"": 1, ""45"": 1, ""459"": 1, ""9"": 1, ""981"": 1}, ""largest_component_size"": 981, ""num_1_cell_components"": 0, ""num_2_cell_components"": 0, ""num_components"": 7, ""smallest_component_size"": 9, ""tiny_component_pixel_fraction"": 0.0, ""tiny_component_pixels"": 0}, ""cluster_1"": {""cluster_value"": 1, ""component_size_histogram"": {""2970"": 1}, ""largest_component_size"": 2970, ""num_1_cell_components"": 0, ""num_2_cell_components"": 0, ""num_components"": 1, ""smallest_component_size"": 2970, ""tiny_component_pixel_fraction"": 0.0, ""tiny_component_pixels"": 0}}"
cstd,feature_cluster_coarse_to_fine_global_pooled_init_flip_avg_coarse_only,benchmark,294,000294,2,partition_invariant,0.9359342355861368,0.8793989602102908,0.5,0.9518806882821388,0.9199877828901347,0.626739501953125,0.373260498046875,2,2,0.0,0.0,ok,True,"cluster_b->texture_a,cluster_a->texture_b",cluster_b,cluster_a,0.015730777856714714,0.8793989602102908,0.9359342355861368,0.8793989602102908,best_partition_assignment,1,fpn_2,fpn_2,fpn_2,72x72,97025,165119,97025,165119,97025,165119,0.0,0.0,0.0,0.0,coarsest_pooled_direct,pooled_avg_pool_flip_avg_coarse_only,False,False,architexture_binary_v1,0.9359342355861368,0.8793989602102908,3,3,24x24,"{""cluster_0"": {""cluster_value"": 0, ""component_size_histogram"": {""18"": 1, ""1872"": 1, ""9"": 3}, ""largest_component_size"": 1872, ""num_1_cell_components"": 0, ""num_2_cell_components"": 0, ""num_components"": 5, ""smallest_component_size"": 9, ""tiny_component_pixel_fraction"": 0.0, ""tiny_component_pixels"": 0}, ""cluster_1"": {""cluster_value"": 1, ""component_size_histogram"": {""3267"": 1}, ""largest_component_size"": 3267, ""num_1_cell_components"": 0, ""num_2_cell_components"": 0, ""num_components"": 1, ""smallest_component_size"": 3267, ""tiny_component_pixel_fraction"": 0.0, ""tiny_component_pixels"": 0}}"
cstd,feature_cluster_coarse_to_fine_global_pooled_init_flip_avg_coarse_only,benchmark,295,000295,2,partition_invariant,0.9255118214149639,0.8768356125940895,0.5,0.960104997496447,0.8909186453334809,0.7499542236328125,0.2500457763671875,2,2,0.0,0.0,ok,True,"cluster_b->texture_a,cluster_a->texture_b",cluster_b,cluster_a,0.015157420381777503,0.8768356125940895,0.9255118214149639,0.8768356125940895,best_partition_assignment,1,fpn_2,fpn_2,fpn_2,72x72,71190,190954,71190,190954,71190,190954,0.0,0.0,0.0,0.0,coarsest_pooled_direct,pooled_avg_pool_flip_avg_coarse_only,False,False,architexture_binary_v1,0.9255118214149639,0.8768356125940895,3,3,24x24,"{""cluster_0"": {""cluster_value"": 0, ""component_size_histogram"": {""1404"": 1}, ""largest_component_size"": 1404, ""num_1_cell_components"": 0, ""num_2_cell_components"": 0, ""num_components"": 1, ""smallest_component_size"": 1404, ""tiny_component_pixel_fraction"": 0.0, ""tiny_component_pixels"": 0}, ""cluster_1"": {""cluster_value"": 1, ""component_size_histogram"": {""3780"": 1}, ""largest_component_size"": 3780, ""num_1_cell_components"": 0, ""num_2_cell_components"": 0, ""num_components"": 1, ""smallest_component_size"": 3780, ""tiny_component_pixel_fraction"": 0.0, ""tiny_component_pixels"": 0}}"
cstd,feature_cluster_coarse_to_fine_global_pooled_init_flip_avg_coarse_only,benchmark,296,000296,2,partition_invariant,0.9636075924504914,0.9285582683406755,0.5,0.9685552015514615,0.9586599833495213,0.577117919921875,0.422882080078125,2,2,0.0,0.0,ok,True,"cluster_b->texture_a,cluster_a->texture_b",cluster_b,cluster_a,0.009112683546064735,0.9285582683406755,0.9636075924504914,0.9285582683406755,best_partition_assignment,1,fpn_2,fpn_2,fpn_2,72x72,115001,147143,115001,147143,115001,147143,0.0,0.0,0.0,0.0,coarsest_pooled_direct,pooled_avg_pool_flip_avg_coarse_only,False,False,architexture_binary_v1,0.9636075924504914,0.9285582683406755,3,3,24x24,"{""cluster_0"": {""cluster_value"": 0, ""component_size_histogram"": {""2277"": 1}, ""largest_component_size"": 2277, ""num_1_cell_components"": 0, ""num_2_cell_components"": 0, ""num_components"": 1, ""smallest_component_size"": 2277, ""tiny_component_pixel_fraction"": 0.0, ""tiny_component_pixels"": 0}, ""cluster_1"": {""cluster_value"": 1, ""component_size_histogram"": {""2907"": 1}, ""largest_component_size"": 2907, ""num_1_cell_components"": 0, ""num_2_cell_components"": 0, ""num_components"": 1, ""smallest_component_size"": 2907, ""tiny_component_pixel_fraction"": 0.0, ""tiny_component_pixels"": 0}}"
cstd,feature_cluster_coarse_to_fine_global_pooled_init_flip_avg_coarse_only,benchmark,297,000297,2,partition_invariant,0.9198619207748715,0.8643550148917847,0.5,0.8852967515022517,0.9544270900474912,0.26599884033203125,0.7340011596679688,2,2,0.0,0.0,ok,True,"cluster_b->texture_a,cluster_a->texture_b",cluster_b,cluster_a,0.01702155205144024,0.8643550148917847,0.9198619207748715,0.8643550148917847,best_partition_assignment,1,fpn_2,fpn_2,fpn_2,72x72,186610,75534,186610,75534,186610,75534,0.0,0.0,0.0,0.0,coarsest_pooled_direct,pooled_avg_pool_flip_avg_coarse_only,False,False,architexture_binary_v1,0.9198619207748715,0.8643550148917847,3,3,24x24,"{""cluster_0"": {""cluster_value"": 0, ""component_size_histogram"": {""3690"": 1}, ""largest_component_size"": 3690, ""num_1_cell_components"": 0, ""num_2_cell_components"": 0, ""num_components"": 1, ""smallest_component_size"": 3690, ""tiny_component_pixel_fraction"": 0.0, ""tiny_component_pixels"": 0}, ""cluster_1"": {""cluster_value"": 1, ""component_size_histogram"": {""1494"": 1}, ""largest_component_size"": 1494, ""num_1_cell_components"": 0, ""num_2_cell_components"": 0, ""num_components"": 1, ""smallest_component_size"": 1494, ""tiny_component_pixel_fraction"": 0.0, ""tiny_component_pixels"": 0}}"
cstd,feature_cluster_coarse_to_fine_global_pooled_init_flip_avg_coarse_only,benchmark,298,000298,2,partition_invariant,0.9462507359957639,0.9128276036030147,0.5,0.9199725101990086,0.9725289617925191,0.2449493408203125,0.7550506591796875,2,2,0.0,0.0,ok,True,"cluster_a->texture_a,cluster_b->texture_b",cluster_a,cluster_b,0.9462507359957639,0.9128276036030147,0.0105185277466313,0.9128276036030147,best_partition_assignment,1,fpn_2,fpn_2,fpn_2,72x72,67093,195051,67093,195051,67093,195051,0.0,0.0,0.0,0.0,coarsest_pooled_direct,pooled_avg_pool_flip_avg_coarse_only,False,False,architexture_binary_v1,0.9462507359957639,0.9128276036030147,3,3,24x24,"{""cluster_0"": {""cluster_value"": 0, ""component_size_histogram"": {""1323"": 1}, ""largest_component_size"": 1323, ""num_1_cell_components"": 0, ""num_2_cell_components"": 0, ""num_components"": 1, ""smallest_component_size"": 1323, ""tiny_component_pixel_fraction"": 0.0, ""tiny_component_pixels"": 0}, ""cluster_1"": {""cluster_value"": 1, ""component_size_histogram"": {""3861"": 1}, ""largest_component_size"": 3861, ""num_1_cell_components"": 0, ""num_2_cell_components"": 0, ""num_components"": 1, ""smallest_component_size"": 3861, ""tiny_component_pixel_fraction"": 0.0, ""tiny_component_pixels"": 0}}"
cstd,feature_cluster_coarse_to_fine_global_pooled_init_flip_avg_coarse_only,benchmark,299,000299,2,partition_invariant,0.9698551175600707,0.9423447286801815,0.5,0.9634176658443768,0.9762925692757647,0.393280029296875,0.606719970703125,2,2,0.0,0.0,ok,True,"cluster_b->texture_a,cluster_a->texture_b",cluster_b,cluster_a,0.007348538318320457,0.9423447286801815,0.9698551175600707,0.9423447286801815,best_partition_assignment,1,fpn_2,fpn_2,fpn_2,72x72,159894,102250,159894,102250,159894,102250,0.0,0.0,0.0,0.0,coarsest_pooled_direct,pooled_avg_pool_flip_avg_coarse_only,False,False,architexture_binary_v1,0.9698551175600707,0.9423447286801815,3,3,24x24,"{""cluster_0"": {""cluster_value"": 0, ""component_size_histogram"": {""3159"": 1}, ""largest_component_size"": 3159, ""num_1_cell_components"": 0, ""num_2_cell_components"": 0, ""num_components"": 1, ""smallest_component_size"": 3159, ""tiny_component_pixel_fraction"": 0.0, ""tiny_component_pixels"": 0}, ""cluster_1"": {""cluster_value"": 1, ""component_size_histogram"": {""2025"": 1}, ""largest_component_size"": 2025, ""num_1_cell_components"": 0, ""num_2_cell_components"": 0, ""num_components"": 1, ""smallest_component_size"": 2025, ""tiny_component_pixel_fraction"": 0.0, ""tiny_component_pixels"": 0}}"
cstd,feature_cluster_coarse_to_fine_global_pooled_init_flip_avg_coarse_only,benchmark,300,000300,2,partition_invariant,0.9408164329828393,0.9043973203006659,0.5,0.91152494314322,0.9701079228224587,0.243194580078125,0.756805419921875,2,2,0.0,0.0,ok,True,"cluster_a->texture_a,cluster_b->texture_b",cluster_a,cluster_b,0.9408164329828393,0.9043973203006659,0.011545260856058174,0.9043973203006659,best_partition_assignment,1,fpn_2,fpn_2,fpn_2,72x72,65685,196459,65685,196459,65685,196459,0.0,0.0,0.0,0.0,coarsest_pooled_direct,pooled_avg_pool_flip_avg_coarse_only,False,False,architexture_binary_v1,0.9408164329828393,0.9043973203006659,3,3,24x24,"{""cluster_0"": {""cluster_value"": 0, ""component_size_histogram"": {""1296"": 1}, ""largest_component_size"": 1296, ""num_1_cell_components"": 0, ""num_2_cell_components"": 0, ""num_components"": 1, ""smallest_component_size"": 1296, ""tiny_component_pixel_fraction"": 0.0, ""tiny_component_pixels"": 0}, ""cluster_1"": {""cluster_value"": 1, ""component_size_histogram"": {""3888"": 1}, ""largest_component_size"": 3888, ""num_1_cell_components"": 0, ""num_2_cell_components"": 0, ""num_components"": 1, ""smallest_component_size"": 3888, ""tiny_component_pixel_fraction"": 0.0, ""tiny_component_pixels"": 0}}"
cstd,feature_cluster_coarse_to_fine_global_pooled_init_flip_avg_coarse_only,benchmark,301,000301,2,partition_invariant,0.3798289978127577,-0.01868425098889071,0.5,0.6873795968129545,0.07227839881256087,0.7740249633789062,0.22597503662109375,2,2,0.0,0.0,ok,True,"cluster_b->texture_a,cluster_a->texture_b",cluster_b,cluster_a,0.17725216308527003,-0.01868425098889071,0.3798289978127577,-0.01868425098889071,best_partition_assignment,1,fpn_2,fpn_2,fpn_2,72x72,33231,228913,33231,228913,33231,228913,0.0,0.0,0.0,0.0,coarsest_pooled_direct,pooled_avg_pool_flip_avg_coarse_only,False,False,architexture_binary_v1,0.3798289978127577,-0.01868425098889071,3,3,24x24,"{""cluster_0"": {""cluster_value"": 0, ""component_size_histogram"": {""225"": 1, ""405"": 1, ""9"": 3}, ""largest_component_size"": 405, ""num_1_cell_components"": 0, ""num_2_cell_components"": 0, ""num_components"": 5, ""smallest_component_size"": 9, ""tiny_component_pixel_fraction"": 0.0, ""tiny_component_pixels"": 0}, ""cluster_1"": {""cluster_value"": 1, ""component_size_histogram"": {""4527"": 1}, ""largest_component_size"": 4527, ""num_1_cell_components"": 0, ""num_2_cell_components"": 0, ""num_components"": 1, ""smallest_component_size"": 4527, ""tiny_component_pixel_fraction"": 0.0, ""tiny_component_pixels"": 0}}"
cstd,feature_cluster_coarse_to_fine_global_pooled_init_flip_avg_coarse_only,benchmark,302,000302,2,partition_invariant,0.9441647344217416,0.9022011290951901,0.5,0.9230058995635282,0.9653235692799551,0.3063201904296875,0.6936798095703125,2,2,0.0,0.0,ok,True,"cluster_b->texture_a,cluster_a->texture_b",cluster_b,cluster_a,0.012398743291400553,0.9022011290951901,0.9441647344217416,0.9022011290951901,best_partition_assignment,1,fpn_2,fpn_2,fpn_2,72x72,182073,80071,182073,80071,182073,80071,0.0,0.0,0.0,0.0,coarsest_pooled_direct,pooled_avg_pool_flip_avg_coarse_only,False,False,architexture_binary_v1,0.9441647344217416,0.9022011290951901,3,3,24x24,"{""cluster_0"": {""cluster_value"": 0, ""component_size_histogram"": {""3600"": 1}, ""largest_component_size"": 3600, ""num_1_cell_components"": 0, ""num_2_cell_components"": 0, ""num_components"": 1, ""smallest_component_size"": 3600, ""tiny_component_pixel_fraction"": 0.0, ""tiny_component_pixels"": 0}, ""cluster_1"": {""cluster_value"": 1, ""component_size_histogram"": {""1584"": 1}, ""largest_component_size"": 1584, ""num_1_cell_components"": 0, ""num_2_cell_components"": 0, ""num_components"": 1, ""smallest_component_size"": 1584, ""tiny_component_pixel_fraction"": 0.0, ""tiny_component_pixels"": 0}}"
cstd,feature_cluster_coarse_to_fine_global_pooled_init_flip_avg_coarse_only,benchmark,303,000303,2,partition_invariant,0.9483259387396507,0.9179072065381828,0.5,0.9216713815331818,0.9749804959461195,0.23277664184570312,0.7672233581542969,2,2,0.0,0.0,ok,True,"cluster_b->texture_a,cluster_a->texture_b",cluster_b,cluster_a,0.009739939309764693,0.9179072065381828,0.9483259387396507,0.9179072065381828,best_partition_assignment,1,fpn_2,fpn_2,fpn_2,72x72,198854,63290,198854,63290,198854,63290,0.0,0.0,0.0,0.0,coarsest_pooled_direct,pooled_avg_pool_flip_avg_coarse_only,False,False,architexture_binary_v1,0.9483259387396507,0.9179072065381828,3,3,24x24,"{""cluster_0"": {""cluster_value"": 0, ""component_size_histogram"": {""3933"": 1}, ""largest_component_size"": 3933, ""num_1_cell_components"": 0, ""num_2_cell_components"": 0, ""num_components"": 1, ""smallest_component_size"": 3933, ""tiny_component_pixel_fraction"": 0.0, ""tiny_component_pixels"": 0}, ""cluster_1"": {""cluster_value"": 1, ""component_size_histogram"": {""1251"": 1}, ""largest_component_size"": 1251, ""num_1_cell_components"": 0, ""num_2_cell_components"": 0, ""num_components"": 1, ""smallest_component_size"": 1251, ""tiny_component_pixel_fraction"": 0.0, ""tiny_component_pixels"": 0}}"
cstd,feature_cluster_coarse_to_fine_global_pooled_init_flip_avg_coarse_only,benchmark,304,000304,2,partition_invariant,0.9270137042935312,0.9047382197948375,0.5,0.982750981945829,0.8712764266412335,0.8934097290039062,0.10659027099609375,2,2,0.0,0.0,ok,True,"cluster_b->texture_a,cluster_a->texture_b",cluster_b,cluster_a,0.007750469568531022,0.9047382197948375,0.9270137042935312,0.9047382197948375,best_partition_assignment,1,fpn_2,fpn_2,fpn_2,72x72,30919,231225,30919,231225,30919,231225,0.0,0.0,0.0,0.0,coarsest_pooled_direct,pooled_avg_pool_flip_avg_coarse_only,False,False,architexture_binary_v1,0.9270137042935312,0.9047382197948375,3,3,24x24,"{""cluster_0"": {""cluster_value"": 0, ""component_size_histogram"": {""18"": 1, ""594"": 1}, ""largest_component_size"": 594, ""num_1_cell_components"": 0, ""num_2_cell_components"": 0, ""num_components"": 2, ""smallest_component_size"": 18, ""tiny_component_pixel_fraction"": 0.0, ""tiny_component_pixels"": 0}, ""cluster_1"": {""cluster_value"": 1, ""component_size_histogram"": {""4572"": 1}, ""largest_component_size"": 4572, ""num_1_cell_components"": 0, ""num_2_cell_components"": 0, ""num_components"": 1, ""smallest_component_size"": 4572, ""tiny_component_pixel_fraction"": 0.0, ""tiny_component_pixels"": 0}}"
cstd,feature_cluster_coarse_to_fine_global_pooled_init_flip_avg_coarse_only,benchmark,305,000305,2,partition_invariant,0.37071453001637217,-0.003328419042511673,0.5,0.08261177540253946,0.6588172846302048,0.2805213928222656,0.7194786071777344,2,2,0.0,0.0,ok,True,"cluster_a->texture_a,cluster_b->texture_b",cluster_a,cluster_b,0.37071453001637217,-0.003328419042511673,0.1898854920982162,-0.003328419042511673,best_partition_assignment,1,fpn_2,fpn_2,fpn_2,72x72,28864,233280,28864,233280,28864,233280,0.0,0.0,0.0,0.0,coarsest_pooled_direct,pooled_avg_pool_flip_avg_coarse_only,False,False,architexture_binary_v1,0.37071453001637217,-0.003328419042511673,3,3,24x24,"{""cluster_0"": {""cluster_value"": 0, ""component_size_histogram"": {""234"": 1, ""27"": 1, ""279"": 1, ""9"": 3}, ""largest_component_size"": 279, ""num_1_cell_components"": 0, ""num_2_cell_components"": 0, ""num_components"": 6, ""smallest_component_size"": 9, ""tiny_component_pixel_fraction"": 0.0, ""tiny_component_pixels"": 0}, ""cluster_1"": {""cluster_value"": 1, ""component_size_histogram"": {""4617"": 1}, ""largest_component_size"": 4617, ""num_1_cell_components"": 0, ""num_2_cell_components"": 0, ""num_components"": 1, ""smallest_component_size"": 4617, ""tiny_component_pixel_fraction"": 0.0, ""tiny_component_pixels"": 0}}"
cstd,feature_cluster_coarse_to_fine_global_pooled_init_flip_avg_coarse_only,benchmark,306,000306,2,partition_invariant,0.9551132915052214,0.9241066306170771,0.5,0.9357700356686892,0.9744565473417536,0.2772979736328125,0.7227020263671875,2,2,0.0,0.0,ok,True,"cluster_a->texture_a,cluster_b->texture_b",cluster_a,cluster_b,0.9551132915052214,0.9241066306170771,0.009384824347663124,0.9241066306170771,best_partition_assignment,1,fpn_2,fpn_2,fpn_2,72x72,74382,187762,74382,187762,74382,187762,0.0,0.0,0.0,0.0,coarsest_pooled_direct,pooled_avg_pool_flip_avg_coarse_only,False,False,architexture_binary_v1,0.9551132915052214,0.9241066306170771,3,3,24x24,"{""cluster_0"": {""cluster_value"": 0, ""component_size_histogram"": {""1467"": 1}, ""largest_component_size"": 1467, ""num_1_cell_components"": 0, ""num_2_cell_components"": 0, ""num_components"": 1, ""smallest_component_size"": 1467, ""tiny_component_pixel_fraction"": 0.0, ""tiny_component_pixels"": 0}, ""cluster_1"": {""cluster_value"": 1, ""component_size_histogram"": {""3717"": 1}, ""largest_component_size"": 3717, ""num_1_cell_components"": 0, ""num_2_cell_components"": 0, ""num_components"": 1, ""smallest_component_size"": 3717, ""tiny_component_pixel_fraction"": 0.0, ""tiny_component_pixels"": 0}}"
cstd,feature_cluster_coarse_to_fine_global_pooled_init_flip_avg_coarse_only,benchmark,307,000307,2,partition_invariant,0.9115504656688556,0.8507727503356175,0.5,0.8729439715941726,0.9501569597435385,0.2609405517578125,0.7390594482421875,2,2,0.0,0.0,ok,True,"cluster_b->texture_a,cluster_a->texture_b",cluster_b,cluster_a,0.01875064196381022,0.8507727503356175,0.9115504656688556,0.8507727503356175,best_partition_assignment,1,fpn_2,fpn_2,fpn_2,72x72,187073,75071,187073,75071,187073,75071,0.0,0.0,0.0,0.0,coarsest_pooled_direct,pooled_avg_pool_flip_avg_coarse_only,False,False,architexture_binary_v1,0.9115504656688556,0.8507727503356175,3,3,24x24,"{""cluster_0"": {""cluster_value"": 0, ""component_size_histogram"": {""3699"": 1}, ""largest_component_size"": 3699, ""num_1_cell_components"": 0, ""num_2_cell_components"": 0, ""num_components"": 1, ""smallest_component_size"": 3699, ""tiny_component_pixel_fraction"": 0.0, ""tiny_component_pixels"": 0}, ""cluster_1"": {""cluster_value"": 1, ""component_size_histogram"": {""1485"": 1}, ""largest_component_size"": 1485, ""num_1_cell_components"": 0, ""num_2_cell_components"": 0, ""num_components"": 1, ""smallest_component_size"": 1485, ""tiny_component_pixel_fraction"": 0.0, ""tiny_component_pixels"": 0}}"
cstd,feature_cluster_coarse_to_fine_global_pooled_init_flip_avg_coarse_only,benchmark,308,000308,2,partition_invariant,0.9466057402217827,0.9135573966959942,0.5,0.972830718331746,0.9203807621118195,0.7582015991210938,0.24179840087890625,2,2,0.0,0.0,ok,True,"cluster_b->texture_a,cluster_a->texture_b",cluster_b,cluster_a,0.010388290736681174,0.9135573966959942,0.9466057402217827,0.9135573966959942,best_partition_assignment,1,fpn_2,fpn_2,fpn_2,72x72,67342,194802,67342,194802,67342,194802,0.0,0.0,0.0,0.0,coarsest_pooled_direct,pooled_avg_pool_flip_avg_coarse_only,False,False,architexture_binary_v1,0.9466057402217827,0.9135573966959942,3,3,24x24,"{""cluster_0"": {""cluster_value"": 0, ""component_size_histogram"": {""1332"": 1}, ""largest_component_size"": 1332, ""num_1_cell_components"": 0, ""num_2_cell_components"": 0, ""num_components"": 1, ""smallest_component_size"": 1332, ""tiny_component_pixel_fraction"": 0.0, ""tiny_component_pixels"": 0}, ""cluster_1"": {""cluster_value"": 1, ""component_size_histogram"": {""3852"": 1}, ""largest_component_size"": 3852, ""num_1_cell_components"": 0, ""num_2_cell_components"": 0, ""num_components"": 1, ""smallest_component_size"": 3852, ""tiny_component_pixel_fraction"": 0.0, ""tiny_component_pixels"": 0}}"
cstd,feature_cluster_coarse_to_fine_global_pooled_init_flip_avg_coarse_only,benchmark,309,000309,2,partition_invariant,0.9195884804771747,0.8735098866937361,0.5,0.8767351471404775,0.9624418138138718,0.21673965454101562,0.7832603454589844,2,2,0.0,0.0,ok,True,"cluster_a->texture_a,cluster_b->texture_b",cluster_a,cluster_b,0.9195884804771747,0.8735098866937361,0.014962653888561273,0.8735098866937361,best_partition_assignment,1,fpn_2,fpn_2,fpn_2,72x72,61483,200661,61483,200661,61483,200661,0.0,0.0,0.0,0.0,coarsest_pooled_direct,pooled_avg_pool_flip_avg_coarse_only,False,False,architexture_binary_v1,0.9195884804771747,0.8735098866937361,3,3,24x24,"{""cluster_0"": {""cluster_value"": 0, ""component_size_histogram"": {""1215"": 1}, ""largest_component_size"": 1215, ""num_1_cell_components"": 0, ""num_2_cell_components"": 0, ""num_components"": 1, ""smallest_component_size"": 1215, ""tiny_component_pixel_fraction"": 0.0, ""tiny_component_pixels"": 0}, ""cluster_1"": {""cluster_value"": 1, ""component_size_histogram"": {""3960"": 1, ""9"": 1}, ""largest_component_size"": 3960, ""num_1_cell_components"": 0, ""num_2_cell_components"": 0, ""num_components"": 2, ""smallest_component_size"": 9, ""tiny_component_pixel_fraction"": 0.0, ""tiny_component_pixels"": 0}}"
cstd,feature_cluster_coarse_to_fine_global_pooled_init_flip_avg_coarse_only,benchmark,310,000310,2,partition_invariant,0.9577858216596902,0.921282062350231,0.5,0.9464135798677232,0.969158063451657,0.35814666748046875,0.6418533325195312,2,2,0.0,0.0,ok,True,"cluster_a->texture_a,cluster_b->texture_b",cluster_a,cluster_b,0.9577858216596902,0.921282062350231,0.010063575489660862,0.921282062350231,best_partition_assignment,1,fpn_2,fpn_2,fpn_2,72x72,96228,165916,96228,165916,96228,165916,0.0,0.0,0.0,0.0,coarsest_pooled_direct,pooled_avg_pool_flip_avg_coarse_only,False,False,architexture_binary_v1,0.9577858216596902,0.921282062350231,3,3,24x24,"{""cluster_0"": {""cluster_value"": 0, ""component_size_histogram"": {""1899"": 1}, ""largest_component_size"": 1899, ""num_1_cell_components"": 0, ""num_2_cell_components"": 0, ""num_components"": 1, ""smallest_component_size"": 1899, ""tiny_component_pixel_fraction"": 0.0, ""tiny_component_pixels"": 0}, ""cluster_1"": {""cluster_value"": 1, ""component_size_histogram"": {""3285"": 1}, ""largest_component_size"": 3285, ""num_1_cell_components"": 0, ""num_2_cell_components"": 0, ""num_components"": 1, ""smallest_component_size"": 3285, ""tiny_component_pixel_fraction"": 0.0, ""tiny_component_pixels"": 0}}"
cstd,feature_cluster_coarse_to_fine_global_pooled_init_flip_avg_coarse_only,benchmark,311,000311,2,partition_invariant,0.8200855403937679,0.7457081077508447,0.5,0.6911287414352687,0.949042339352267,0.1027679443359375,0.8972320556640625,2,2,0.0,0.0,ok,True,"cluster_b->texture_a,cluster_a->texture_b",cluster_b,cluster_a,0.02289031551933593,0.7457081077508447,0.8200855403937679,0.7457081077508447,best_partition_assignment,1,fpn_2,fpn_2,fpn_2,72x72,223431,38713,223431,38713,223431,38713,0.0,0.0,0.0,0.0,coarsest_pooled_direct,pooled_avg_pool_flip_avg_coarse_only,False,False,architexture_binary_v1,0.8200855403937679,0.7457081077508447,3,3,24x24,"{""cluster_0"": {""cluster_value"": 0, ""component_size_histogram"": {""4419"": 1}, ""largest_component_size"": 4419, ""num_1_cell_components"": 0, ""num_2_cell_components"": 0, ""num_components"": 1, ""smallest_component_size"": 4419, ""tiny_component_pixel_fraction"": 0.0, ""tiny_component_pixels"": 0}, ""cluster_1"": {""cluster_value"": 1, ""component_size_histogram"": {""18"": 1, ""738"": 1, ""9"": 1}, ""largest_component_size"": 738, ""num_1_cell_components"": 0, ""num_2_cell_components"": 0, ""num_components"": 3, ""smallest_component_size"": 9, ""tiny_component_pixel_fraction"": 0.0, ""tiny_component_pixels"": 0}}"
cstd,feature_cluster_coarse_to_fine_global_pooled_init_flip_avg_coarse_only,benchmark,312,000312,2,partition_invariant,0.41465369889534665,0.01042269177385822,0.5,0.46542800926502453,0.36387938852566876,0.3577423095703125,0.6422576904296875,2,2,0.0,0.0,ok,True,"cluster_b->texture_a,cluster_a->texture_b",cluster_b,cluster_a,0.20541118883733167,0.01042269177385822,0.41465369889534665,0.01042269177385822,best_partition_assignment,1,fpn_2,fpn_2,fpn_2,72x72,61732,200412,61732,200412,61732,200412,0.0,0.0,0.0,0.0,coarsest_pooled_direct,pooled_avg_pool_flip_avg_coarse_only,False,False,architexture_binary_v1,0.41465369889534665,0.01042269177385822,3,3,24x24,"{""cluster_0"": {""cluster_value"": 0, ""component_size_histogram"": {""225"": 1, ""999"": 1}, ""largest_component_size"": 999, ""num_1_cell_components"": 0, ""num_2_cell_components"": 0, ""num_components"": 2, ""smallest_component_size"": 225, ""tiny_component_pixel_fraction"": 0.0, ""tiny_component_pixels"": 0}, ""cluster_1"": {""cluster_value"": 1, ""component_size_histogram"": {""3960"": 1}, ""largest_component_size"": 3960, ""num_1_cell_components"": 0, ""num_2_cell_components"": 0, ""num_components"": 1, ""smallest_component_size"": 3960, ""tiny_component_pixel_fraction"": 0.0, ""tiny_component_pixels"": 0}}"
cstd,feature_cluster_coarse_to_fine_global_pooled_init_flip_avg_coarse_only,benchmark,313,000313,2,partition_invariant,0.3314292562186823,-0.028639755221672118,0.5,0.054586879566167056,0.6082716328711976,0.3177604675292969,0.6822395324707031,2,2,0.0,0.0,ok,True,"cluster_a->texture_a,cluster_b->texture_b",cluster_a,cluster_b,0.3314292562186823,-0.028639755221672118,0.22403972634215394,-0.028639755221672118,best_partition_assignment,1,fpn_2,fpn_2,fpn_2,72x72,28715,233429,28715,233429,28715,233429,0.0,0.0,0.0,0.0,coarsest_pooled_direct,pooled_avg_pool_flip_avg_coarse_only,False,False,architexture_binary_v1,0.3314292562186823,-0.028639755221672118,3,3,24x24,"{""cluster_0"": {""cluster_value"": 0, ""component_size_histogram"": {""18"": 1, ""225"": 1, ""324"": 1}, ""largest_component_size"": 324, ""num_1_cell_components"": 0, ""num_2_cell_components"": 0, ""num_components"": 3, ""smallest_component_size"": 18, ""tiny_component_pixel_fraction"": 0.0, ""tiny_component_pixels"": 0}, ""cluster_1"": {""cluster_value"": 1, ""component_size_histogram"": {""4617"": 1}, ""largest_component_size"": 4617, ""num_1_cell_components"": 0, ""num_2_cell_components"": 0, ""num_components"": 1, ""smallest_component_size"": 4617, ""tiny_component_pixel_fraction"": 0.0, ""tiny_component_pixels"": 0}}"
cstd,feature_cluster_coarse_to_fine_global_pooled_init_flip_avg_coarse_only,benchmark,314,000314,2,partition_invariant,0.36797671629567613,0.00790148407033569,0.5,0.14885544454281016,0.5870979880485421,0.3266754150390625,0.6733245849609375,2,2,0.0,0.0,ok,True,"cluster_a->texture_a,cluster_b->texture_b",cluster_a,cluster_b,0.36797671629567613,0.00790148407033569,0.2332171041945354,0.00790148407033569,best_partition_assignment,1,fpn_2,fpn_2,fpn_2,72x72,50624,211520,50624,211520,50624,211520,0.0,0.0,0.0,0.0,coarsest_pooled_direct,pooled_avg_pool_flip_avg_coarse_only,False,False,architexture_binary_v1,0.36797671629567613,0.00790148407033569,3,3,24x24,"{""cluster_0"": {""cluster_value"": 0, ""component_size_histogram"": {""999"": 1}, ""largest_component_size"": 999, ""num_1_cell_components"": 0, ""num_2_cell_components"": 0, ""num_components"": 1, ""smallest_component_size"": 999, ""tiny_component_pixel_fraction"": 0.0, ""tiny_component_pixels"": 0}, ""cluster_1"": {""cluster_value"": 1, ""component_size_histogram"": {""4185"": 1}, ""largest_component_size"": 4185, ""num_1_cell_components"": 0, ""num_2_cell_components"": 0, ""num_components"": 1, ""smallest_component_size"": 4185, ""tiny_component_pixel_fraction"": 0.0, ""tiny_component_pixels"": 0}}"
cstd,feature_cluster_coarse_to_fine_global_pooled_init_flip_avg_coarse_only,benchmark,315,000315,2,partition_invariant,0.32838401446671406,-0.03518897936818628,0.5,0.08699426105862822,0.5697737678747999,0.2876434326171875,0.7123565673828125,2,2,0.0,0.0,ok,True,"cluster_b->texture_a,cluster_a->texture_b",cluster_b,cluster_a,0.25842413954316956,-0.03518897936818628,0.32838401446671406,-0.03518897936818628,best_partition_assignment,1,fpn_2,fpn_2,fpn_2,72x72,208562,53582,208562,53582,208562,53582,0.0,0.0,0.0,0.0,coarsest_pooled_direct,pooled_avg_pool_flip_avg_coarse_only,False,False,architexture_binary_v1,0.32838401446671406,-0.03518897936818628,3,3,24x24,"{""cluster_0"": {""cluster_value"": 0, ""component_size_histogram"": {""4122"": 1}, ""largest_component_size"": 4122, ""num_1_cell_components"": 0, ""num_2_cell_components"": 0, ""num_components"": 1, ""smallest_component_size"": 4122, ""tiny_component_pixel_fraction"": 0.0, ""tiny_component_pixels"": 0}, ""cluster_1"": {""cluster_value"": 1, ""component_size_histogram"": {""1062"": 1}, ""largest_component_size"": 1062, ""num_1_cell_components"": 0, ""num_2_cell_components"": 0, ""num_components"": 1, ""smallest_component_size"": 1062, ""tiny_component_pixel_fraction"": 0.0, ""tiny_component_pixels"": 0}}"
cstd,feature_cluster_coarse_to_fine_global_pooled_init_flip_avg_coarse_only,benchmark,316,000316,2,partition_invariant,0.37260312151126856,-0.03577157758987915,0.5,0.35874187294480564,0.3864643700777315,0.25731658935546875,0.7426834106445312,2,2,0.0,0.0,ok,True,"cluster_b->texture_a,cluster_a->texture_b",cluster_b,cluster_a,0.2295346625423432,-0.03577157758987915,0.37260312151126856,-0.03577157758987915,best_partition_assignment,1,fpn_2,fpn_2,fpn_2,72x72,75891,186253,75891,186253,75891,186253,0.0,0.0,0.0,0.0,coarsest_pooled_direct,pooled_avg_pool_flip_avg_coarse_only,False,False,architexture_binary_v1,0.37260312151126856,-0.03577157758987915,3,3,24x24,"{""cluster_0"": {""cluster_value"": 0, ""component_size_histogram"": {""1233"": 1, ""36"": 1, ""54"": 1, ""72"": 1, ""9"": 1, ""99"": 1}, ""largest_component_size"": 1233, ""num_1_cell_components"": 0, ""num_2_cell_components"": 0, ""num_components"": 6, ""smallest_component_size"": 9, ""tiny_component_pixel_fraction"": 0.0, ""tiny_component_pixels"": 0}, ""cluster_1"": {""cluster_value"": 1, ""component_size_histogram"": {""27"": 1, ""3636"": 1, ""9"": 2}, ""largest_component_size"": 3636, ""num_1_cell_components"": 0, ""num_2_cell_components"": 0, ""num_components"": 4, ""smallest_component_size"": 9, ""tiny_component_pixel_fraction"": 0.0, ""tiny_component_pixels"": 0}}"
cstd,feature_cluster_coarse_to_fine_global_pooled_init_flip_avg_coarse_only,benchmark,317,000317,2,partition_invariant,0.9486124718385017,0.9185562899403459,0.5,0.9219469687538902,0.9752779749231133,0.23453521728515625,0.7654647827148438,2,2,0.0,0.0,ok,True,"cluster_a->texture_a,cluster_b->texture_b",cluster_a,cluster_b,0.9486124718385017,0.9185562899403459,0.009658574443421691,0.9185562899403459,best_partition_assignment,1,fpn_2,fpn_2,fpn_2,72x72,62030,200114,62030,200114,62030,200114,0.0,0.0,0.0,0.0,coarsest_pooled_direct,pooled_avg_pool_flip_avg_coarse_only,False,False,architexture_binary_v1,0.9486124718385017,0.9185562899403459,3,3,24x24,"{""cluster_0"": {""cluster_value"": 0, ""component_size_histogram"": {""1224"": 1}, ""largest_component_size"": 1224, ""num_1_cell_components"": 0, ""num_2_cell_components"": 0, ""num_components"": 1, ""smallest_component_size"": 1224, ""tiny_component_pixel_fraction"": 0.0, ""tiny_component_pixels"": 0}, ""cluster_1"": {""cluster_value"": 1, ""component_size_histogram"": {""3960"": 1}, ""largest_component_size"": 3960, ""num_1_cell_components"": 0, ""num_2_cell_components"": 0, ""num_components"": 1, ""smallest_component_size"": 3960, ""tiny_component_pixel_fraction"": 0.0, ""tiny_component_pixels"": 0}}"
cstd,feature_cluster_coarse_to_fine_global_pooled_init_flip_avg_coarse_only,benchmark,318,000318,2,partition_invariant,0.8844185633228491,0.8360105328000728,0.5,0.8060472484330877,0.9627898782126104,0.13654327392578125,0.8634567260742188,2,2,0.0,0.0,ok,True,"cluster_a->texture_a,cluster_b->texture_b",cluster_a,cluster_b,0.8844185633228491,0.8360105328000728,0.01619194542454142,0.8360105328000728,best_partition_assignment,1,fpn_2,fpn_2,fpn_2,72x72,42872,219272,42872,219272,42872,219272,0.0,0.0,0.0,0.0,coarsest_pooled_direct,pooled_avg_pool_flip_avg_coarse_only,False,False,architexture_binary_v1,0.8844185633228491,0.8360105328000728,3,3,24x24,"{""cluster_0"": {""cluster_value"": 0, ""component_size_histogram"": {""846"": 1}, ""largest_component_size"": 846, ""num_1_cell_components"": 0, ""num_2_cell_components"": 0, ""num_components"": 1, ""smallest_component_size"": 846, ""tiny_component_pixel_fraction"": 0.0, ""tiny_component_pixels"": 0}, ""cluster_1"": {""cluster_value"": 1, ""component_size_histogram"": {""4338"": 1}, ""largest_component_size"": 4338, ""num_1_cell_components"": 0, ""num_2_cell_components"": 0, ""num_components"": 1, ""smallest_component_size"": 4338, ""tiny_component_pixel_fraction"": 0.0, ""tiny_component_pixels"": 0}}"
cstd,feature_cluster_coarse_to_fine_global_pooled_init_flip_avg_coarse_only,benchmark,319,000319,2,partition_invariant,0.4261767545296105,0.038259882808505084,0.5,0.3527224769201784,0.49963103213904264,0.238006591796875,0.761993408203125,2,2,0.0,0.0,ok,True,"cluster_b->texture_a,cluster_a->texture_b",cluster_b,cluster_a,0.20803659133781835,0.038259882808505084,0.4261767545296105,0.038259882808505084,best_partition_assignment,1,fpn_2,fpn_2,fpn_2,72x72,109142,153002,109142,153002,109142,153002,0.0,0.0,0.0,0.0,coarsest_pooled_direct,pooled_avg_pool_flip_avg_coarse_only,False,False,architexture_binary_v1,0.4261767545296105,0.038259882808505084,3,3,24x24,"{""cluster_0"": {""cluster_value"": 0, ""component_size_histogram"": {""1197"": 1, ""9"": 1, ""954"": 1}, ""largest_component_size"": 1197, ""num_1_cell_components"": 0, ""num_2_cell_components"": 0, ""num_components"": 3, ""smallest_component_size"": 9, ""tiny_component_pixel_fraction"": 0.0, ""tiny_component_pixels"": 0}, ""cluster_1"": {""cluster_value"": 1, ""component_size_histogram"": {""3015"": 1, ""9"": 1}, ""largest_component_size"": 3015, ""num_1_cell_components"": 0, ""num_2_cell_components"": 0, ""num_components"": 2, ""smallest_component_size"": 9, ""tiny_component_pixel_fraction"": 0.0, ""tiny_component_pixels"": 0}}"
cstd,feature_cluster_coarse_to_fine_global_pooled_init_flip_avg_coarse_only,benchmark,320,000320,2,partition_invariant,0.8415703522779987,0.7274589852518575,0.5,0.7771628208514418,0.9059778837045555,0.2505760192871094,0.7494239807128906,2,2,0.0,0.0,ok,True,"cluster_a->texture_a,cluster_b->texture_b",cluster_a,cluster_b,0.8415703522779987,0.7274589852518575,0.03565597365559148,0.7274589852518575,best_partition_assignment,1,fpn_2,fpn_2,fpn_2,72x72,82340,179804,82340,179804,82340,179804,0.0,0.0,0.0,0.0,coarsest_pooled_direct,pooled_avg_pool_flip_avg_coarse_only,False,False,architexture_binary_v1,0.8415703522779987,0.7274589852518575,3,3,24x24,"{""cluster_0"": {""cluster_value"": 0, ""component_size_histogram"": {""1629"": 1}, ""largest_component_size"": 1629, ""num_1_cell_components"": 0, ""num_2_cell_components"": 0, ""num_components"": 1, ""smallest_component_size"": 1629, ""tiny_component_pixel_fraction"": 0.0, ""tiny_component_pixels"": 0}, ""cluster_1"": {""cluster_value"": 1, ""component_size_histogram"": {""180"": 1, ""3375"": 1}, ""largest_component_size"": 3375, ""num_1_cell_components"": 0, ""num_2_cell_components"": 0, ""num_components"": 2, ""smallest_component_size"": 180, ""tiny_component_pixel_fraction"": 0.0, ""tiny_component_pixels"": 0}}"
cstd,feature_cluster_coarse_to_fine_global_pooled_init_flip_avg_coarse_only,benchmark,321,000321,2,partition_invariant,0.9454837585149588,0.9079441026660662,0.5,0.9218585422372024,0.9691089747927152,0.2720489501953125,0.7279510498046875,2,2,0.0,0.0,ok,True,"cluster_a->texture_a,cluster_b->texture_b",cluster_a,cluster_b,0.9454837585149588,0.9079441026660662,0.011408755214946014,0.9079441026660662,best_partition_assignment,1,fpn_2,fpn_2,fpn_2,72x72,74653,187491,74653,187491,74653,187491,0.0,0.0,0.0,0.0,coarsest_pooled_direct,pooled_avg_pool_flip_avg_coarse_only,False,False,architexture_binary_v1,0.9454837585149588,0.9079441026660662,3,3,24x24,"{""cluster_0"": {""cluster_value"": 0, ""component_size_histogram"": {""1476"": 1}, ""largest_component_size"": 1476, ""num_1_cell_components"": 0, ""num_2_cell_components"": 0, ""num_components"": 1, ""smallest_component_size"": 1476, ""tiny_component_pixel_fraction"": 0.0, ""tiny_component_pixels"": 0}, ""cluster_1"": {""cluster_value"": 1, ""component_size_histogram"": {""3708"": 1}, ""largest_component_size"": 3708, ""num_1_cell_components"": 0, ""num_2_cell_components"": 0, ""num_components"": 1, ""smallest_component_size"": 3708, ""tiny_component_pixel_fraction"": 0.0, ""tiny_component_pixels"": 0}}"
cstd,feature_cluster_coarse_to_fine_global_pooled_init_flip_avg_coarse_only,benchmark,322,000322,2,partition_invariant,0.3202080191423543,0.00020371473196053073,0.5,0.43556435262863535,0.20485168565607323,0.49859619140625,0.50140380859375,2,2,0.0,0.0,ok,True,"cluster_b->texture_a,cluster_a->texture_b",cluster_b,cluster_a,0.30693197224428126,0.00020371473196053073,0.3202080191423543,0.00020371473196053073,best_partition_assignment,1,fpn_2,fpn_2,fpn_2,72x72,64299,197845,64299,197845,64299,197845,0.0,0.0,0.0,0.0,coarsest_pooled_direct,pooled_avg_pool_flip_avg_coarse_only,False,False,architexture_binary_v1,0.3202080191423543,0.00020371473196053073,3,3,24x24,"{""cluster_0"": {""cluster_value"": 0, ""component_size_histogram"": {""1269"": 1}, ""largest_component_size"": 1269, ""num_1_cell_components"": 0, ""num_2_cell_components"": 0, ""num_components"": 1, ""smallest_component_size"": 1269, ""tiny_component_pixel_fraction"": 0.0, ""tiny_component_pixels"": 0}, ""cluster_1"": {""cluster_value"": 1, ""component_size_histogram"": {""3915"": 1}, ""largest_component_size"": 3915, ""num_1_cell_components"": 0, ""num_2_cell_components"": 0, ""num_components"": 1, ""smallest_component_size"": 3915, ""tiny_component_pixel_fraction"": 0.0, ""tiny_component_pixels"": 0}}"
cstd,feature_cluster_coarse_to_fine_global_pooled_init_flip_avg_coarse_only,benchmark,323,000323,2,partition_invariant,0.5518928656871787,0.17713700869489832,0.5,0.5495119628615641,0.5542737685127933,0.3952217102050781,0.6047782897949219,2,2,0.0,0.0,ok,True,"cluster_b->texture_a,cluster_a->texture_b",cluster_b,cluster_a,0.15689802378706613,0.17713700869489832,0.5518928656871787,0.17713700869489832,best_partition_assignment,1,fpn_2,fpn_2,fpn_2,72x72,105400,156744,105400,156744,105400,156744,0.0,0.0,0.0,0.0,coarsest_pooled_direct,pooled_avg_pool_flip_avg_coarse_only,False,False,architexture_binary_v1,0.5518928656871787,0.17713700869489832,3,3,24x24,"{""cluster_0"": {""cluster_value"": 0, ""component_size_histogram"": {""1287"": 1, ""774"": 1, ""9"": 3}, ""largest_component_size"": 1287, ""num_1_cell_components"": 0, ""num_2_cell_components"": 0, ""num_components"": 5, ""smallest_component_size"": 9, ""tiny_component_pixel_fraction"": 0.0, ""tiny_component_pixels"": 0}, ""cluster_1"": {""cluster_value"": 1, ""component_size_histogram"": {""3078"": 1, ""9"": 2}, ""largest_component_size"": 3078, ""num_1_cell_components"": 0, ""num_2_cell_components"": 0, ""num_components"": 3, ""smallest_component_size"": 9, ""tiny_component_pixel_fraction"": 0.0, ""tiny_component_pixels"": 0}}"
cstd,feature_cluster_coarse_to_fine_global_pooled_init_flip_avg_coarse_only,benchmark,324,000324,2,partition_invariant,0.5415092600346181,0.15984590434427015,0.5,0.5348359799726683,0.548182540096568,0.3555488586425781,0.6444511413574219,2,2,0.0,0.0,ok,True,"cluster_b->texture_a,cluster_a->texture_b",cluster_b,cluster_a,0.15334475978120143,0.15984590434427015,0.5415092600346181,0.15984590434427015,best_partition_assignment,1,fpn_2,fpn_2,fpn_2,72x72,98155,163989,98155,163989,98155,163989,0.0,0.0,0.0,0.0,coarsest_pooled_direct,pooled_avg_pool_flip_avg_coarse_only,False,False,architexture_binary_v1,0.5415092600346181,0.15984590434427015,3,3,24x24,"{""cluster_0"": {""cluster_value"": 0, ""component_size_histogram"": {""1287"": 1, ""144"": 1, ""180"": 1, ""252"": 1, ""54"": 1, ""9"": 3}, ""largest_component_size"": 1287, ""num_1_cell_components"": 0, ""num_2_cell_components"": 0, ""num_components"": 8, ""smallest_component_size"": 9, ""tiny_component_pixel_fraction"": 0.0, ""tiny_component_pixels"": 0}, ""cluster_1"": {""cluster_value"": 1, ""component_size_histogram"": {""153"": 1, ""180"": 1, ""2169"": 1, ""45"": 1, ""468"": 1, ""54"": 1, ""81"": 2, ""9"": 1}, ""largest_component_size"": 2169, ""num_1_cell_components"": 0, ""num_2_cell_components"": 0, ""num_components"": 9, ""smallest_component_size"": 9, ""tiny_component_pixel_fraction"": 0.0, ""tiny_component_pixels"": 0}}"
cstd,feature_cluster_coarse_to_fine_global_pooled_init_flip_avg_coarse_only,benchmark,325,000325,2,partition_invariant,0.373961590828139,0.004538705838145219,0.5,0.15292475769718142,0.5949984239590966,0.24924468994140625,0.7507553100585938,2,2,0.0,0.0,ok,True,"cluster_a->texture_a,cluster_b->texture_b",cluster_a,cluster_b,0.373961590828139,0.004538705838145219,0.23252781692599475,0.004538705838145219,best_partition_assignment,1,fpn_2,fpn_2,fpn_2,72x72,69319,192825,69319,192825,69319,192825,0.0,0.0,0.0,0.0,coarsest_pooled_direct,pooled_avg_pool_flip_avg_coarse_only,False,False,architexture_binary_v1,0.373961590828139,0.004538705838145219,3,3,24x24,"{""cluster_0"": {""cluster_value"": 0, ""component_size_histogram"": {""1305"": 1, ""63"": 1}, ""largest_component_size"": 1305, ""num_1_cell_components"": 0, ""num_2_cell_components"": 0, ""num_components"": 2, ""smallest_component_size"": 63, ""tiny_component_pixel_fraction"": 0.0, ""tiny_component_pixels"": 0}, ""cluster_1"": {""cluster_value"": 1, ""component_size_histogram"": {""3816"": 1}, ""largest_component_size"": 3816, ""num_1_cell_components"": 0, ""num_2_cell_components"": 0, ""num_components"": 1, ""smallest_component_size"": 3816, ""tiny_component_pixel_fraction"": 0.0, ""tiny_component_pixels"": 0}}"
cstd,feature_cluster_coarse_to_fine_global_pooled_init_flip_avg_coarse_only,benchmark,326,000326,2,partition_invariant,0.3745341173915758,-0.004301453703385837,0.5,0.39471477575911573,0.3543534590240359,0.3543739318847656,0.6456260681152344,2,2,0.0,0.0,ok,True,"cluster_b->texture_a,cluster_a->texture_b",cluster_b,cluster_a,0.25845575740060545,-0.004301453703385837,0.3745341173915758,-0.004301453703385837,best_partition_assignment,1,fpn_2,fpn_2,fpn_2,72x72,80596,181548,80596,181548,80596,181548,0.0,0.0,0.0,0.0,coarsest_pooled_direct,pooled_avg_pool_flip_avg_coarse_only,False,False,architexture_binary_v1,0.3745341173915758,-0.004301453703385837,3,3,24x24,"{""cluster_0"": {""cluster_value"": 0, ""component_size_histogram"": {""1008"": 1, ""117"": 1, ""18"": 2, ""27"": 1, ""270"": 1, ""36"": 1, ""81"": 1, ""9"": 2}, ""largest_component_size"": 1008, ""num_1_cell_components"": 0, ""num_2_cell_components"": 0, ""num_components"": 10, ""smallest_component_size"": 9, ""tiny_component_pixel_fraction"": 0.0, ""tiny_component_pixels"": 0}, ""cluster_1"": {""cluster_value"": 1, ""component_size_histogram"": {""144"": 1, ""3447"": 1}, ""largest_component_size"": 3447, ""num_1_cell_components"": 0, ""num_2_cell_components"": 0, ""num_components"": 2, ""smallest_component_size"": 144, ""tiny_component_pixel_fraction"": 0.0, ""tiny_component_pixels"": 0}}"
cstd,feature_cluster_coarse_to_fine_global_pooled_init_flip_avg_coarse_only,benchmark,327,000327,2,partition_invariant,0.3622581240870584,0.02172423376282789,0.5,0.5803418628872506,0.14417438528686613,0.6087760925292969,0.3912239074707031,2,2,0.0,0.0,ok,True,"cluster_b->texture_a,cluster_a->texture_b",cluster_b,cluster_a,0.223689228343014,0.02172423376282789,0.3622581240870584,0.02172423376282789,best_partition_assignment,1,fpn_2,fpn_2,fpn_2,72x72,34808,227336,34808,227336,34808,227336,0.0,0.0,0.0,0.0,coarsest_pooled_direct,pooled_avg_pool_flip_avg_coarse_only,False,False,architexture_binary_v1,0.3622581240870584,0.02172423376282789,3,3,24x24,"{""cluster_0"": {""cluster_value"": 0, ""component_size_histogram"": {""18"": 2, ""243"": 1, ""270"": 1, ""36"": 1, ""45"": 2, ""9"": 1}, ""largest_component_size"": 270, ""num_1_cell_components"": 0, ""num_2_cell_components"": 0, ""num_components"": 8, ""smallest_component_size"": 9, ""tiny_component_pixel_fraction"": 0.0, ""tiny_component_pixels"": 0}, ""cluster_1"": {""cluster_value"": 1, ""component_size_histogram"": {""4500"": 1}, ""largest_component_size"": 4500, ""num_1_cell_components"": 0, ""num_2_cell_components"": 0, ""num_components"": 1, ""smallest_component_size"": 4500, ""tiny_component_pixel_fraction"": 0.0, ""tiny_component_pixels"": 0}}"
cstd,feature_cluster_coarse_to_fine_global_pooled_init_flip_avg_coarse_only,benchmark,328,000328,2,partition_invariant,0.9570623366202752,0.9143026263821634,0.5,0.9587796123474516,0.9553450608930988,0.5245132446289062,0.47548675537109375,2,2,0.0,0.0,ok,True,"cluster_b->texture_a,cluster_a->texture_b",cluster_b,cluster_a,0.011056458532756818,0.9143026263821634,0.9570623366202752,0.9143026263821634,best_partition_assignment,1,fpn_2,fpn_2,fpn_2,72x72,126784,135360,126784,135360,126784,135360,0.0,0.0,0.0,0.0,coarsest_pooled_direct,pooled_avg_pool_flip_avg_coarse_only,False,False,architexture_binary_v1,0.9570623366202752,0.9143026263821634,3,3,24x24,"{""cluster_0"": {""cluster_value"": 0, ""component_size_histogram"": {""18"": 1, ""2493"": 1}, ""largest_component_size"": 2493, ""num_1_cell_components"": 0, ""num_2_cell_components"": 0, ""num_components"": 2, ""smallest_component_size"": 18, ""tiny_component_pixel_fraction"": 0.0, ""tiny_component_pixels"": 0}, ""cluster_1"": {""cluster_value"": 1, ""component_size_histogram"": {""18"": 1, ""2655"": 1}, ""largest_component_size"": 2655, ""num_1_cell_components"": 0, ""num_2_cell_components"": 0, ""num_components"": 2, ""smallest_component_size"": 18, ""tiny_component_pixel_fraction"": 0.0, ""tiny_component_pixels"": 0}}"
cstd,feature_cluster_coarse_to_fine_global_pooled_init_flip_avg_coarse_only,benchmark,329,000329,2,partition_invariant,0.3892171998022959,0.022474743258210736,0.5,0.6025756152467815,0.17585878435781035,0.70703125,0.29296875,2,2,0.0,0.0,ok,True,"cluster_b->texture_a,cluster_a->texture_b",cluster_b,cluster_a,0.2230929106709335,0.022474743258210736,0.3892171998022959,0.022474743258210736,best_partition_assignment,1,fpn_2,fpn_2,fpn_2,72x72,60224,201920,60224,201920,60224,201920,0.0,0.0,0.0,0.0,coarsest_pooled_direct,pooled_avg_pool_flip_avg_coarse_only,False,False,architexture_binary_v1,0.3892171998022959,0.022474743258210736,3,3,24x24,"{""cluster_0"": {""cluster_value"": 0, ""component_size_histogram"": {""18"": 1, ""513"": 1, ""648"": 1, ""9"": 1}, ""largest_component_size"": 648, ""num_1_cell_components"": 0, ""num_2_cell_components"": 0, ""num_components"": 4, ""smallest_component_size"": 9, ""tiny_component_pixel_fraction"": 0.0, ""tiny_component_pixels"": 0}, ""cluster_1"": {""cluster_value"": 1, ""component_size_histogram"": {""3996"": 1}, ""largest_component_size"": 3996, ""num_1_cell_components"": 0, ""num_2_cell_components"": 0, ""num_components"": 1, ""smallest_component_size"": 3996, ""tiny_component_pixel_fraction"": 0.0, ""tiny_component_pixels"": 0}}"
cstd,feature_cluster_coarse_to_fine_global_pooled_init_flip_avg_coarse_only,benchmark,330,000330,2,partition_invariant,0.32043801879661676,-0.06780594361534145,0.5,0.36087217443488695,0.2800038631583466,0.2894744873046875,0.7105255126953125,2,2,0.0,0.0,ok,True,"cluster_b->texture_a,cluster_a->texture_b",cluster_b,cluster_a,0.2562919479663814,-0.06780594361534145,0.32043801879661676,-0.06780594361534145,best_partition_assignment,1,fpn_2,fpn_2,fpn_2,72x72,52302,209842,52302,209842,52302,209842,0.0,0.0,0.0,0.0,coarsest_pooled_direct,pooled_avg_pool_flip_avg_coarse_only,False,False,architexture_binary_v1,0.32043801879661676,-0.06780594361534145,3,3,24x24,"{""cluster_0"": {""cluster_value"": 0, ""component_size_histogram"": {""117"": 1, ""135"": 1, ""18"": 1, ""297"": 1, ""54"": 2, ""63"": 1, ""81"": 1, ""9"": 3, ""90"": 1, ""99"": 1}, ""largest_component_size"": 297, ""num_1_cell_components"": 0, ""num_2_cell_components"": 0, ""num_components"": 13, ""smallest_component_size"": 9, ""tiny_component_pixel_fraction"": 0.0, ""tiny_component_pixels"": 0}, ""cluster_1"": {""cluster_value"": 1, ""component_size_histogram"": {""4149"": 1}, ""largest_component_size"": 4149, ""num_1_cell_components"": 0, ""num_2_cell_components"": 0, ""num_components"": 1, ""smallest_component_size"": 4149, ""tiny_component_pixel_fraction"": 0.0, ""tiny_component_pixels"": 0}}"
cstd,feature_cluster_coarse_to_fine_global_pooled_init_flip_avg_coarse_only,benchmark,331,000331,2,partition_invariant,0.939328580009586,0.8858238375040807,0.5,0.9241818056090646,0.9544753544101073,0.3629112243652344,0.6370887756347656,2,2,0.0,0.0,ok,True,"cluster_a->texture_a,cluster_b->texture_b",cluster_a,cluster_b,0.939328580009586,0.8858238375040807,0.014781196597810922,0.8858238375040807,best_partition_assignment,1,fpn_2,fpn_2,fpn_2,72x72,99648,162496,99648,162496,99648,162496,0.0,0.0,0.0,0.0,coarsest_pooled_direct,pooled_avg_pool_flip_avg_coarse_only,False,False,architexture_binary_v1,0.939328580009586,0.8858238375040807,3,3,24x24,"{""cluster_0"": {""cluster_value"": 0, ""component_size_histogram"": {""1971"": 1}, ""largest_component_size"": 1971, ""num_1_cell_components"": 0, ""num_2_cell_components"": 0, ""num_components"": 1, ""smallest_component_size"": 1971, ""tiny_component_pixel_fraction"": 0.0, ""tiny_component_pixels"": 0}, ""cluster_1"": {""cluster_value"": 1, ""component_size_histogram"": {""3204"": 1, ""9"": 1}, ""largest_component_size"": 3204, ""num_1_cell_components"": 0, ""num_2_cell_components"": 0, ""num_components"": 2, ""smallest_component_size"": 9, ""tiny_component_pixel_fraction"": 0.0, ""tiny_component_pixels"": 0}}"
cstd,feature_cluster_coarse_to_fine_global_pooled_init_flip_avg_coarse_only,benchmark,332,000332,2,partition_invariant,0.35388263725715186,0.01888461903797414,0.5,0.5227466831277112,0.18501859138659255,0.4872779846191406,0.5127220153808594,2,2,0.0,0.0,ok,True,"cluster_b->texture_a,cluster_a->texture_b",cluster_b,cluster_a,0.22413876936378505,0.01888461903797414,0.35388263725715186,0.01888461903797414,best_partition_assignment,1,fpn_2,fpn_2,fpn_2,72x72,29724,232420,29724,232420,29724,232420,0.0,0.0,0.0,0.0,coarsest_pooled_direct,pooled_avg_pool_flip_avg_coarse_only,False,False,architexture_binary_v1,0.35388263725715186,0.01888461903797414,3,3,24x24,"{""cluster_0"": {""cluster_value"": 0, ""component_size_histogram"": {""171"": 1, ""18"": 3, ""333"": 1, ""9"": 3}, ""largest_component_size"": 333, ""num_1_cell_components"": 0, ""num_2_cell_components"": 0, ""num_components"": 8, ""smallest_component_size"": 9, ""tiny_component_pixel_fraction"": 0.0, ""tiny_component_pixels"": 0}, ""cluster_1"": {""cluster_value"": 1, ""component_size_histogram"": {""4599"": 1}, ""largest_component_size"": 4599, ""num_1_cell_components"": 0, ""num_2_cell_components"": 0, ""num_components"": 1, ""smallest_component_size"": 4599, ""tiny_component_pixel_fraction"": 0.0, ""tiny_component_pixels"": 0}}"
cstd,feature_cluster_coarse_to_fine_global_pooled_init_flip_avg_coarse_only,benchmark,333,000333,2,partition_invariant,0.3387254855115516,-0.018538088172871378,0.5,0.12944681852040615,0.5480041525026971,0.2703208923339844,0.7296791076660156,2,2,0.0,0.0,ok,True,"cluster_a->texture_a,cluster_b->texture_b",cluster_a,cluster_b,0.3387254855115516,-0.018538088172871378,0.2686346457688423,-0.018538088172871378,best_partition_assignment,1,fpn_2,fpn_2,fpn_2,72x72,73181,188963,73181,188963,73181,188963,0.0,0.0,0.0,0.0,coarsest_pooled_direct,pooled_avg_pool_flip_avg_coarse_only,False,False,architexture_binary_v1,0.3387254855115516,-0.018538088172871378,3,3,24x24,"{""cluster_0"": {""cluster_value"": 0, ""component_size_histogram"": {""18"": 1, ""711"": 1, ""720"": 1}, ""largest_component_size"": 720, ""num_1_cell_components"": 0, ""num_2_cell_components"": 0, ""num_components"": 3, ""smallest_component_size"": 18, ""tiny_component_pixel_fraction"": 0.0, ""tiny_component_pixels"": 0}, ""cluster_1"": {""cluster_value"": 1, ""component_size_histogram"": {""27"": 1, ""3708"": 1}, ""largest_component_size"": 3708, ""num_1_cell_components"": 0, ""num_2_cell_components"": 0, ""num_components"": 2, ""smallest_component_size"": 27, ""tiny_component_pixel_fraction"": 0.0, ""tiny_component_pixels"": 0}}"
cstd,feature_cluster_coarse_to_fine_global_pooled_init_flip_avg_coarse_only,benchmark,334,000334,2,partition_invariant,0.952017261288471,0.9116217459638624,0.5,0.9379434870755196,0.9660910355014223,0.3441047668457031,0.6558952331542969,2,2,0.0,0.0,ok,True,"cluster_b->texture_a,cluster_a->texture_b",cluster_b,cluster_a,0.011300730339630123,0.9116217459638624,0.952017261288471,0.9116217459638624,best_partition_assignment,1,fpn_2,fpn_2,fpn_2,72x72,168818,93326,168818,93326,168818,93326,0.0,0.0,0.0,0.0,coarsest_pooled_direct,pooled_avg_pool_flip_avg_coarse_only,False,False,architexture_binary_v1,0.952017261288471,0.9116217459638624,3,3,24x24,"{""cluster_0"": {""cluster_value"": 0, ""component_size_histogram"": {""3339"": 1}, ""largest_component_size"": 3339, ""num_1_cell_components"": 0, ""num_2_cell_components"": 0, ""num_components"": 1, ""smallest_component_size"": 3339, ""tiny_component_pixel_fraction"": 0.0, ""tiny_component_pixels"": 0}, ""cluster_1"": {""cluster_value"": 1, ""component_size_histogram"": {""1836"": 1, ""9"": 1}, ""largest_component_size"": 1836, ""num_1_cell_components"": 0, ""num_2_cell_components"": 0, ""num_components"": 2, ""smallest_component_size"": 9, ""tiny_component_pixel_fraction"": 0.0, ""tiny_component_pixels"": 0}}"
cstd,feature_cluster_coarse_to_fine_global_pooled_init_flip_avg_coarse_only,benchmark,335,000335,2,partition_invariant,0.3241874022351795,-0.03782188194155048,0.5,0.07201546640889318,0.5763593380614658,0.30202484130859375,0.6979751586914062,2,2,0.0,0.0,ok,True,"cluster_a->texture_a,cluster_b->texture_b",cluster_a,cluster_b,0.3241874022351795,-0.03782188194155048,0.25297252145162347,-0.03782188194155048,best_partition_assignment,1,fpn_2,fpn_2,fpn_2,72x72,45034,217110,45034,217110,45034,217110,0.0,0.0,0.0,0.0,coarsest_pooled_direct,pooled_avg_pool_flip_avg_coarse_only,False,False,architexture_binary_v1,0.3241874022351795,-0.03782188194155048,3,3,24x24,"{""cluster_0"": {""cluster_value"": 0, ""component_size_histogram"": {""18"": 2, ""261"": 1, ""27"": 2, ""441"": 1, ""9"": 1, ""90"": 1}, ""largest_component_size"": 441, ""num_1_cell_components"": 0, ""num_2_cell_components"": 0, ""num_components"": 8, ""smallest_component_size"": 9, ""tiny_component_pixel_fraction"": 0.0, ""tiny_component_pixels"": 0}, ""cluster_1"": {""cluster_value"": 1, ""component_size_histogram"": {""4293"": 1}, ""largest_component_size"": 4293, ""num_1_cell_components"": 0, ""num_2_cell_components"": 0, ""num_components"": 1, ""smallest_component_size"": 4293, ""tiny_component_pixel_fraction"": 0.0, ""tiny_component_pixels"": 0}}"
cstd,feature_cluster_coarse_to_fine_global_pooled_init_flip_avg_coarse_only,benchmark,336,000336,2,partition_invariant,0.9575206698499631,0.9169159153522235,0.5,0.9638428072548497,0.9511985324450765,0.5752182006835938,0.42478179931640625,2,2,0.0,0.0,ok,True,"cluster_a->texture_a,cluster_b->texture_b",cluster_a,cluster_b,0.9575206698499631,0.9169159153522235,0.010717920829815564,0.9169159153522235,best_partition_assignment,1,fpn_2,fpn_2,fpn_2,72x72,151196,110948,151196,110948,151196,110948,0.0,0.0,0.0,0.0,coarsest_pooled_direct,pooled_avg_pool_flip_avg_coarse_only,False,False,architexture_binary_v1,0.9575206698499631,0.9169159153522235,3,3,24x24,"{""cluster_0"": {""cluster_value"": 0, ""component_size_histogram"": {""2988"": 1}, ""largest_component_size"": 2988, ""num_1_cell_components"": 0, ""num_2_cell_components"": 0, ""num_components"": 1, ""smallest_component_size"": 2988, ""tiny_component_pixel_fraction"": 0.0, ""tiny_component_pixels"": 0}, ""cluster_1"": {""cluster_value"": 1, ""component_size_histogram"": {""18"": 1, ""2178"": 1}, ""largest_component_size"": 2178, ""num_1_cell_components"": 0, ""num_2_cell_components"": 0, ""num_components"": 2, ""smallest_component_size"": 18, ""tiny_component_pixel_fraction"": 0.0, ""tiny_component_pixels"": 0}}"
cstd,feature_cluster_coarse_to_fine_global_pooled_init_flip_avg_coarse_only,benchmark,337,000337,2,partition_invariant,0.5228511409726735,0.19815983341064602,0.5,0.3695988267825749,0.6761034551627721,0.17456436157226562,0.8254356384277344,2,2,0.0,0.0,ok,True,"cluster_a->texture_a,cluster_b->texture_b",cluster_a,cluster_b,0.5228511409726735,0.19815983341064602,0.1406503251882913,0.19815983341064602,best_partition_assignment,1,fpn_2,fpn_2,fpn_2,72x72,109268,152876,109268,152876,109268,152876,0.0,0.0,0.0,0.0,coarsest_pooled_direct,pooled_avg_pool_flip_avg_coarse_only,False,False,architexture_binary_v1,0.5228511409726735,0.19815983341064602,3,3,24x24,"{""cluster_0"": {""cluster_value"": 0, ""component_size_histogram"": {""216"": 1, ""27"": 1, ""9"": 2, ""900"": 1, ""999"": 1}, ""largest_component_size"": 999, ""num_1_cell_components"": 0, ""num_2_cell_components"": 0, ""num_components"": 6, ""smallest_component_size"": 9, ""tiny_component_pixel_fraction"": 0.0, ""tiny_component_pixels"": 0}, ""cluster_1"": {""cluster_value"": 1, ""component_size_histogram"": {""1332"": 1, ""1638"": 1, ""18"": 2, ""9"": 2}, ""largest_component_size"": 1638, ""num_1_cell_components"": 0, ""num_2_cell_components"": 0, ""num_components"": 6, ""smallest_component_size"": 9, ""tiny_component_pixel_fraction"": 0.0, ""tiny_component_pixels"": 0}}"
cstd,feature_cluster_coarse_to_fine_global_pooled_init_flip_avg_coarse_only,benchmark,338,000338,2,partition_invariant,0.3794110258659197,-0.01975011641210416,0.5,0.3444129850837955,0.41440906664804383,0.24704360961914062,0.7529563903808594,2,2,0.0,0.0,ok,True,"cluster_b->texture_a,cluster_a->texture_b",cluster_b,cluster_a,0.23106411622161233,-0.01975011641210416,0.3794110258659197,-0.01975011641210416,best_partition_assignment,1,fpn_2,fpn_2,fpn_2,72x72,86165,175979,86165,175979,86165,175979,0.0,0.0,0.0,0.0,coarsest_pooled_direct,pooled_avg_pool_flip_avg_coarse_only,False,False,architexture_binary_v1,0.3794110258659197,-0.01975011641210416,3,3,24x24,"{""cluster_0"": {""cluster_value"": 0, ""component_size_histogram"": {""1665"": 1, ""18"": 1, ""9"": 2}, ""largest_component_size"": 1665, ""num_1_cell_components"": 0, ""num_2_cell_components"": 0, ""num_components"": 4, ""smallest_component_size"": 9, ""tiny_component_pixel_fraction"": 0.0, ""tiny_component_pixels"": 0}, ""cluster_1"": {""cluster_value"": 1, ""component_size_histogram"": {""3474"": 1, ""9"": 1}, ""largest_component_size"": 3474, ""num_1_cell_components"": 0, ""num_2_cell_components"": 0, ""num_components"": 2, ""smallest_component_size"": 9, ""tiny_component_pixel_fraction"": 0.0, ""tiny_component_pixels"": 0}}"
cstd,feature_cluster_coarse_to_fine_global_pooled_init_flip_avg_coarse_only,benchmark,339,000339,2,partition_invariant,0.8292926053960661,0.722723327092376,0.5,0.7442941854016467,0.9142910253904853,0.20541763305664062,0.7945823669433594,2,2,0.0,0.0,ok,True,"cluster_b->texture_a,cluster_a->texture_b",cluster_b,cluster_a,0.03467262011323934,0.722723327092376,0.8292926053960661,0.722723327092376,best_partition_assignment,1,fpn_2,fpn_2,fpn_2,72x72,193329,68815,193329,68815,193329,68815,0.0,0.0,0.0,0.0,coarsest_pooled_direct,pooled_avg_pool_flip_avg_coarse_only,False,False,architexture_binary_v1,0.8292926053960661,0.722723327092376,3,3,24x24,"{""cluster_0"": {""cluster_value"": 0, ""component_size_histogram"": {""3825"": 1}, ""largest_component_size"": 3825, ""num_1_cell_components"": 0, ""num_2_cell_components"": 0, ""num_components"": 1, ""smallest_component_size"": 3825, ""tiny_component_pixel_fraction"": 0.0, ""tiny_component_pixels"": 0}, ""cluster_1"": {""cluster_value"": 1, ""component_size_histogram"": {""1224"": 1, ""135"": 1}, ""largest_component_size"": 1224, ""num_1_cell_components"": 0, ""num_2_cell_components"": 0, ""num_components"": 2, ""smallest_component_size"": 135, ""tiny_component_pixel_fraction"": 0.0, ""tiny_component_pixels"": 0}}"
cstd,feature_cluster_coarse_to_fine_global_pooled_init_flip_avg_coarse_only,benchmark,340,000340,2,partition_invariant,0.9465169975518629,0.9291589961583063,0.5,0.9071402040058287,0.9858937910978971,0.12465667724609375,0.8753433227539062,2,2,0.0,0.0,ok,True,"cluster_a->texture_a,cluster_b->texture_b",cluster_a,cluster_b,0.9465169975518629,0.9291589961583063,0.006230455967959693,0.9291589961583063,best_partition_assignment,1,fpn_2,fpn_2,fpn_2,72x72,34070,228074,34070,228074,34070,228074,0.0,0.0,0.0,0.0,coarsest_pooled_direct,pooled_avg_pool_flip_avg_coarse_only,False,False,architexture_binary_v1,0.9465169975518629,0.9291589961583063,3,3,24x24,"{""cluster_0"": {""cluster_value"": 0, ""component_size_histogram"": {""675"": 1}, ""largest_component_size"": 675, ""num_1_cell_components"": 0, ""num_2_cell_components"": 0, ""num_components"": 1, ""smallest_component_size"": 675, ""tiny_component_pixel_fraction"": 0.0, ""tiny_component_pixels"": 0}, ""cluster_1"": {""cluster_value"": 1, ""component_size_histogram"": {""4509"": 1}, ""largest_component_size"": 4509, ""num_1_cell_components"": 0, ""num_2_cell_components"": 0, ""num_components"": 1, ""smallest_component_size"": 4509, ""tiny_component_pixel_fraction"": 0.0, ""tiny_component_pixels"": 0}}"
cstd,feature_cluster_coarse_to_fine_global_pooled_init_flip_avg_coarse_only,benchmark,341,000341,2,partition_invariant,0.918376226176272,0.8470824658717452,0.5,0.897304248899441,0.9394482034531031,0.35821533203125,0.64178466796875,2,2,0.0,0.0,ok,True,"cluster_a->texture_a,cluster_b->texture_b",cluster_a,cluster_b,0.918376226176272,0.8470824658717452,0.020141352757483064,0.8470824658717452,best_partition_assignment,1,fpn_2,fpn_2,fpn_2,72x72,97885,164259,97885,164259,97885,164259,0.0,0.0,0.0,0.0,coarsest_pooled_direct,pooled_avg_pool_flip_avg_coarse_only,False,False,architexture_binary_v1,0.918376226176272,0.8470824658717452,3,3,24x24,"{""cluster_0"": {""cluster_value"": 0, ""component_size_histogram"": {""1935"": 1}, ""largest_component_size"": 1935, ""num_1_cell_components"": 0, ""num_2_cell_components"": 0, ""num_components"": 1, ""smallest_component_size"": 1935, ""tiny_component_pixel_fraction"": 0.0, ""tiny_component_pixels"": 0}, ""cluster_1"": {""cluster_value"": 1, ""component_size_histogram"": {""27"": 1, ""3222"": 1}, ""largest_component_size"": 3222, ""num_1_cell_components"": 0, ""num_2_cell_components"": 0, ""num_components"": 2, ""smallest_component_size"": 27, ""tiny_component_pixel_fraction"": 0.0, ""tiny_component_pixels"": 0}}"
cstd,feature_cluster_coarse_to_fine_global_pooled_init_flip_avg_coarse_only,benchmark,342,000342,2,partition_invariant,0.3008055122812067,-0.0638665520587911,0.5,0.3204374803833989,0.2811735441790145,0.26805877685546875,0.7319412231445312,2,2,0.0,0.0,ok,True,"cluster_b->texture_a,cluster_a->texture_b",cluster_b,cluster_a,0.28051962096545907,-0.0638665520587911,0.3008055122812067,-0.0638665520587911,best_partition_assignment,1,fpn_2,fpn_2,fpn_2,72x72,58958,203186,58958,203186,58958,203186,0.0,0.0,0.0,0.0,coarsest_pooled_direct,pooled_avg_pool_flip_avg_coarse_only,False,False,architexture_binary_v1,0.3008055122812067,-0.0638665520587911,3,3,24x24,"{""cluster_0"": {""cluster_value"": 0, ""component_size_histogram"": {""468"": 1, ""702"": 1}, ""largest_component_size"": 702, ""num_1_cell_components"": 0, ""num_2_cell_components"": 0, ""num_components"": 2, ""smallest_component_size"": 468, ""tiny_component_pixel_fraction"": 0.0, ""tiny_component_pixels"": 0}, ""cluster_1"": {""cluster_value"": 1, ""component_size_histogram"": {""4014"": 1}, ""largest_component_size"": 4014, ""num_1_cell_components"": 0, ""num_2_cell_components"": 0, ""num_components"": 1, ""smallest_component_size"": 4014, ""tiny_component_pixel_fraction"": 0.0, ""tiny_component_pixels"": 0}}"
cstd,feature_cluster_coarse_to_fine_global_pooled_init_flip_avg_coarse_only,benchmark,343,000343,2,partition_invariant,0.9365014863628599,0.9016393574780789,0.5,0.9015860914530056,0.9714168812727142,0.20819473266601562,0.7918052673339844,2,2,0.0,0.0,ok,True,"cluster_a->texture_a,cluster_b->texture_b",cluster_a,cluster_b,0.9365014863628599,0.9016393574780789,0.011340928634332576,0.9016393574780789,best_partition_assignment,1,fpn_2,fpn_2,fpn_2,72x72,60159,201985,60159,201985,60159,201985,0.0,0.0,0.0,0.0,coarsest_pooled_direct,pooled_avg_pool_flip_avg_coarse_only,False,False,architexture_binary_v1,0.9365014863628599,0.9016393574780789,3,3,24x24,"{""cluster_0"": {""cluster_value"": 0, ""component_size_histogram"": {""1170"": 1, ""18"": 1}, ""largest_component_size"": 1170, ""num_1_cell_components"": 0, ""num_2_cell_components"": 0, ""num_components"": 2, ""smallest_component_size"": 18, ""tiny_component_pixel_fraction"": 0.0, ""tiny_component_pixels"": 0}, ""cluster_1"": {""cluster_value"": 1, ""component_size_histogram"": {""3996"": 1}, ""largest_component_size"": 3996, ""num_1_cell_components"": 0, ""num_2_cell_components"": 0, ""num_components"": 1, ""smallest_component_size"": 3996, ""tiny_component_pixel_fraction"": 0.0, ""tiny_component_pixels"": 0}}"
cstd,feature_cluster_coarse_to_fine_global_pooled_init_flip_avg_coarse_only,benchmark,344,000344,2,partition_invariant,0.9753556308969594,0.9551375223030635,0.5,0.9676005944845049,0.983110667309414,0.3426246643066406,0.6573753356933594,2,2,0.0,0.0,ok,True,"cluster_a->texture_a,cluster_b->texture_b",cluster_a,cluster_b,0.9753556308969594,0.9551375223030635,0.0056420047508006724,0.9551375223030635,best_partition_assignment,1,fpn_2,fpn_2,fpn_2,72x72,88910,173234,88910,173234,88910,173234,0.0,0.0,0.0,0.0,coarsest_pooled_direct,pooled_avg_pool_flip_avg_coarse_only,False,False,architexture_binary_v1,0.9753556308969594,0.9551375223030635,3,3,24x24,"{""cluster_0"": {""cluster_value"": 0, ""component_size_histogram"": {""1764"": 1}, ""largest_component_size"": 1764, ""num_1_cell_components"": 0, ""num_2_cell_components"": 0, ""num_components"": 1, ""smallest_component_size"": 1764, ""tiny_component_pixel_fraction"": 0.0, ""tiny_component_pixels"": 0}, ""cluster_1"": {""cluster_value"": 1, ""component_size_histogram"": {""3420"": 1}, ""largest_component_size"": 3420, ""num_1_cell_components"": 0, ""num_2_cell_components"": 0, ""num_components"": 1, ""smallest_component_size"": 3420, ""tiny_component_pixel_fraction"": 0.0, ""tiny_component_pixels"": 0}}"
cstd,feature_cluster_coarse_to_fine_global_pooled_init_flip_avg_coarse_only,benchmark,345,000345,2,partition_invariant,0.47913437254797675,0.12378013701652589,0.5,0.3513377313542239,0.6069310137417295,0.17866134643554688,0.8213386535644531,2,2,0.0,0.0,ok,True,"cluster_a->texture_a,cluster_b->texture_b",cluster_a,cluster_b,0.47913437254797675,0.12378013701652589,0.16328115235481871,0.12378013701652589,best_partition_assignment,1,fpn_2,fpn_2,fpn_2,72x72,130147,131997,130147,131997,130147,131997,0.0,0.0,0.0,0.0,coarsest_pooled_direct,pooled_avg_pool_flip_avg_coarse_only,False,False,architexture_binary_v1,0.47913437254797675,0.12378013701652589,3,3,24x24,"{""cluster_0"": {""cluster_value"": 0, ""component_size_histogram"": {""2565"": 1, ""9"": 1}, ""largest_component_size"": 2565, ""num_1_cell_components"": 0, ""num_2_cell_components"": 0, ""num_components"": 2, ""smallest_component_size"": 9, ""tiny_component_pixel_fraction"": 0.0, ""tiny_component_pixels"": 0}, ""cluster_1"": {""cluster_value"": 1, ""component_size_histogram"": {""2610"": 1}, ""largest_component_size"": 2610, ""num_1_cell_components"": 0, ""num_2_cell_components"": 0, ""num_components"": 1, ""smallest_component_size"": 2610, ""tiny_component_pixel_fraction"": 0.0, ""tiny_component_pixels"": 0}}"
cstd,feature_cluster_coarse_to_fine_global_pooled_init_flip_avg_coarse_only,benchmark,346,000346,2,partition_invariant,0.9516479805764595,0.9231048918591543,0.5,0.9267973050060899,0.976498656146829,0.23227310180664062,0.7677268981933594,2,2,0.0,0.0,ok,True,"cluster_b->texture_a,cluster_a->texture_b",cluster_b,cluster_a,0.009101355886999367,0.9231048918591543,0.9516479805764595,0.9231048918591543,best_partition_assignment,1,fpn_2,fpn_2,fpn_2,72x72,198059,64085,198059,64085,198059,64085,0.0,0.0,0.0,0.0,coarsest_pooled_direct,pooled_avg_pool_flip_avg_coarse_only,False,False,architexture_binary_v1,0.9516479805764595,0.9231048918591543,3,3,24x24,"{""cluster_0"": {""cluster_value"": 0, ""component_size_histogram"": {""3915"": 1}, ""largest_component_size"": 3915, ""num_1_cell_components"": 0, ""num_2_cell_components"": 0, ""num_components"": 1, ""smallest_component_size"": 3915, ""tiny_component_pixel_fraction"": 0.0, ""tiny_component_pixels"": 0}, ""cluster_1"": {""cluster_value"": 1, ""component_size_histogram"": {""1269"": 1}, ""largest_component_size"": 1269, ""num_1_cell_components"": 0, ""num_2_cell_components"": 0, ""num_components"": 1, ""smallest_component_size"": 1269, ""tiny_component_pixel_fraction"": 0.0, ""tiny_component_pixels"": 0}}"
cstd,feature_cluster_coarse_to_fine_global_pooled_init_flip_avg_coarse_only,benchmark,347,000347,2,partition_invariant,0.3315017567353662,-0.016928442810383006,0.5,0.2701535454739467,0.3928499679967857,0.23892974853515625,0.7610702514648438,2,2,0.0,0.0,ok,True,"cluster_a->texture_a,cluster_b->texture_b",cluster_a,cluster_b,0.3315017567353662,-0.016928442810383006,0.2825928775885635,-0.016928442810383006,best_partition_assignment,1,fpn_2,fpn_2,fpn_2,72x72,163527,98617,163527,98617,163527,98617,0.0,0.0,0.0,0.0,coarsest_pooled_direct,pooled_avg_pool_flip_avg_coarse_only,False,False,architexture_binary_v1,0.3315017567353662,-0.016928442810383006,3,3,24x24,"{""cluster_0"": {""cluster_value"": 0, ""component_size_histogram"": {""3231"": 1}, ""largest_component_size"": 3231, ""num_1_cell_components"": 0, ""num_2_cell_components"": 0, ""num_components"": 1, ""smallest_component_size"": 3231, ""tiny_component_pixel_fraction"": 0.0, ""tiny_component_pixels"": 0}, ""cluster_1"": {""cluster_value"": 1, ""component_size_histogram"": {""1188"": 1, ""765"": 1}, ""largest_component_size"": 1188, ""num_1_cell_components"": 0, ""num_2_cell_components"": 0, ""num_components"": 2, ""smallest_component_size"": 765, ""tiny_component_pixel_fraction"": 0.0, ""tiny_component_pixels"": 0}}"
cstd,feature_cluster_coarse_to_fine_global_pooled_init_flip_avg_coarse_only,benchmark,348,000348,2,partition_invariant,0.8851836982426605,0.8068009202541693,0.5,0.834548294714918,0.9358191017704031,0.24610519409179688,0.7538948059082031,2,2,0.0,0.0,ok,True,"cluster_a->texture_a,cluster_b->texture_b",cluster_a,cluster_b,0.8851836982426605,0.8068009202541693,0.024316762926106603,0.8068009202541693,best_partition_assignment,1,fpn_2,fpn_2,fpn_2,72x72,76415,185729,76415,185729,76415,185729,0.0,0.0,0.0,0.0,coarsest_pooled_direct,pooled_avg_pool_flip_avg_coarse_only,False,False,architexture_binary_v1,0.8851836982426605,0.8068009202541693,3,3,24x24,"{""cluster_0"": {""cluster_value"": 0, ""component_size_histogram"": {""1512"": 1}, ""largest_component_size"": 1512, ""num_1_cell_components"": 0, ""num_2_cell_components"": 0, ""num_components"": 1, ""smallest_component_size"": 1512, ""tiny_component_pixel_fraction"": 0.0, ""tiny_component_pixels"": 0}, ""cluster_1"": {""cluster_value"": 1, ""component_size_histogram"": {""3672"": 1}, ""largest_component_size"": 3672, ""num_1_cell_components"": 0, ""num_2_cell_components"": 0, ""num_components"": 1, ""smallest_component_size"": 3672, ""tiny_component_pixel_fraction"": 0.0, ""tiny_component_pixels"": 0}}"
cstd,feature_cluster_coarse_to_fine_global_pooled_init_flip_avg_coarse_only,benchmark,349,000349,2,partition_invariant,0.35781821869261804,0.010911821522430276,0.5,0.21017580144777662,0.5054606359374595,0.12274169921875,0.87725830078125,2,2,0.0,0.0,ok,True,"cluster_b->texture_a,cluster_a->texture_b",cluster_b,cluster_a,0.22234789871317912,0.010911821522430276,0.35781821869261804,0.010911821522430276,best_partition_assignment,1,fpn_2,fpn_2,fpn_2,72x72,118784,143360,118784,143360,118784,143360,0.0,0.0,0.0,0.0,coarsest_pooled_direct,pooled_avg_pool_flip_avg_coarse_only,False,False,architexture_binary_v1,0.35781821869261804,0.010911821522430276,3,3,24x24,"{""cluster_0"": {""cluster_value"": 0, ""component_size_histogram"": {""1701"": 1, ""639"": 1, ""9"": 1}, ""largest_component_size"": 1701, ""num_1_cell_components"": 0, ""num_2_cell_components"": 0, ""num_components"": 3, ""smallest_component_size"": 9, ""tiny_component_pixel_fraction"": 0.0, ""tiny_component_pixels"": 0}, ""cluster_1"": {""cluster_value"": 1, ""component_size_histogram"": {""2835"": 1}, ""largest_component_size"": 2835, ""num_1_cell_components"": 0, ""num_2_cell_components"": 0, ""num_components"": 1, ""smallest_component_size"": 2835, ""tiny_component_pixel_fraction"": 0.0, ""tiny_component_pixels"": 0}}"
cstd,feature_cluster_coarse_to_fine_global_pooled_init_flip_avg_coarse_only,benchmark,350,000350,2,partition_invariant,0.6673900367869621,0.3646832248304369,0.5,0.6412705433535599,0.6935095302203642,0.37811279296875,0.62188720703125,2,2,0.0,0.0,ok,True,"cluster_a->texture_a,cluster_b->texture_b",cluster_a,cluster_b,0.6673900367869621,0.3646832248304369,0.10369596471035882,0.3646832248304369,best_partition_assignment,1,fpn_2,fpn_2,fpn_2,72x72,138362,123782,138362,123782,138362,123782,0.0,0.0,0.0,0.0,coarsest_pooled_direct,pooled_avg_pool_flip_avg_coarse_only,False,False,architexture_binary_v1,0.6673900367869621,0.3646832248304369,3,3,24x24,"{""cluster_0"": {""cluster_value"": 0, ""component_size_histogram"": {""1854"": 1, ""27"": 1, ""855"": 1}, ""largest_component_size"": 1854, ""num_1_cell_components"": 0, ""num_2_cell_components"": 0, ""num_components"": 3, ""smallest_component_size"": 27, ""tiny_component_pixel_fraction"": 0.0, ""tiny_component_pixels"": 0}, ""cluster_1"": {""cluster_value"": 1, ""component_size_histogram"": {""2448"": 1}, ""largest_component_size"": 2448, ""num_1_cell_components"": 0, ""num_2_cell_components"": 0, ""num_components"": 1, ""smallest_component_size"": 2448, ""tiny_component_pixel_fraction"": 0.0, ""tiny_component_pixels"": 0}}"
cstd,feature_cluster_coarse_to_fine_global_pooled_init_flip_avg_coarse_only,benchmark,351,000351,2,partition_invariant,0.9177225753891369,0.8558992178368416,0.5,0.8864979003060571,0.9489472504722166,0.2935752868652344,0.7064247131347656,2,2,0.0,0.0,ok,True,"cluster_a->texture_a,cluster_b->texture_b",cluster_a,cluster_b,0.9177225753891369,0.8558992178368416,0.018492010071249468,0.8558992178368416,best_partition_assignment,1,fpn_2,fpn_2,fpn_2,72x72,82069,180075,82069,180075,82069,180075,0.0,0.0,0.0,0.0,coarsest_pooled_direct,pooled_avg_pool_flip_avg_coarse_only,False,False,architexture_binary_v1,0.9177225753891369,0.8558992178368416,3,3,24x24,"{""cluster_0"": {""cluster_value"": 0, ""component_size_histogram"": {""1611"": 1, ""9"": 1}, ""largest_component_size"": 1611, ""num_1_cell_components"": 0, ""num_2_cell_components"": 0, ""num_components"": 2, ""smallest_component_size"": 9, ""tiny_component_pixel_fraction"": 0.0, ""tiny_component_pixels"": 0}, ""cluster_1"": {""cluster_value"": 1, ""component_size_histogram"": {""3564"": 1}, ""largest_component_size"": 3564, ""num_1_cell_components"": 0, ""num_2_cell_components"": 0, ""num_components"": 1, ""smallest_component_size"": 3564, ""tiny_component_pixel_fraction"": 0.0, ""tiny_component_pixels"": 0}}"
cstd,feature_cluster_coarse_to_fine_global_pooled_init_flip_avg_coarse_only,benchmark,352,000352,2,partition_invariant,0.4784033269113598,0.08829720432174545,0.5,0.4347241247393037,0.5220825290834159,0.569366455078125,0.430633544921875,2,2,0.0,0.0,ok,True,"cluster_a->texture_a,cluster_b->texture_b",cluster_a,cluster_b,0.4784033269113598,0.08829720432174545,0.19295969072008065,0.08829720432174545,best_partition_assignment,1,fpn_2,fpn_2,fpn_2,72x72,83264,178880,83264,178880,83264,178880,0.0,0.0,0.0,0.0,coarsest_pooled_direct,pooled_avg_pool_flip_avg_coarse_only,False,False,architexture_binary_v1,0.4784033269113598,0.08829720432174545,3,3,24x24,"{""cluster_0"": {""cluster_value"": 0, ""component_size_histogram"": {""117"": 1, ""720"": 1, ""774"": 1, ""9"": 4}, ""largest_component_size"": 774, ""num_1_cell_components"": 0, ""num_2_cell_components"": 0, ""num_components"": 7, ""smallest_component_size"": 9, ""tiny_component_pixel_fraction"": 0.0, ""tiny_component_pixels"": 0}, ""cluster_1"": {""cluster_value"": 1, ""component_size_histogram"": {""18"": 1, ""3519"": 1}, ""largest_component_size"": 3519, ""num_1_cell_components"": 0, ""num_2_cell_components"": 0, ""num_components"": 2, ""smallest_component_size"": 18, ""tiny_component_pixel_fraction"": 0.0, ""tiny_component_pixels"": 0}}"
cstd,feature_cluster_coarse_to_fine_global_pooled_init_flip_avg_coarse_only,benchmark,353,000353,2,partition_invariant,0.928389269444166,0.869345298606488,0.5,0.9061563169164882,0.9506222219718437,0.335479736328125,0.664520263671875,2,2,0.0,0.0,ok,True,"cluster_b->texture_a,cluster_a->texture_b",cluster_b,cluster_a,0.01698510106763282,0.869345298606488,0.928389269444166,0.869345298606488,best_partition_assignment,1,fpn_2,fpn_2,fpn_2,72x72,172053,90091,172053,90091,172053,90091,0.0,0.0,0.0,0.0,coarsest_pooled_direct,pooled_avg_pool_flip_avg_coarse_only,False,False,architexture_binary_v1,0.928389269444166,0.869345298606488,3,3,24x24,"{""cluster_0"": {""cluster_value"": 0, ""component_size_histogram"": {""18"": 1, ""27"": 1, ""3357"": 1}, ""largest_component_size"": 3357, ""num_1_cell_components"": 0, ""num_2_cell_components"": 0, ""num_components"": 3, ""smallest_component_size"": 18, ""tiny_component_pixel_fraction"": 0.0, ""tiny_component_pixels"": 0}, ""cluster_1"": {""cluster_value"": 1, ""component_size_histogram"": {""1782"": 1}, ""largest_component_size"": 1782, ""num_1_cell_components"": 0, ""num_2_cell_components"": 0, ""num_components"": 1, ""smallest_component_size"": 1782, ""tiny_component_pixel_fraction"": 0.0, ""tiny_component_pixels"": 0}}"
cstd,feature_cluster_coarse_to_fine_global_pooled_init_flip_avg_coarse_only,benchmark,354,000354,2,partition_invariant,0.9377060612463173,0.8819061663297864,0.5,0.9231749833408983,0.9522371391517364,0.37599945068359375,0.6240005493164062,2,2,0.0,0.0,ok,True,"cluster_b->texture_a,cluster_a->texture_b",cluster_b,cluster_a,0.015391847536102952,0.8819061663297864,0.9377060612463173,0.8819061663297864,best_partition_assignment,1,fpn_2,fpn_2,fpn_2,72x72,161571,100573,161571,100573,161571,100573,0.0,0.0,0.0,0.0,coarsest_pooled_direct,pooled_avg_pool_flip_avg_coarse_only,False,False,architexture_binary_v1,0.9377060612463173,0.8819061663297864,3,3,24x24,"{""cluster_0"": {""cluster_value"": 0, ""component_size_histogram"": {""3195"": 1}, ""largest_component_size"": 3195, ""num_1_cell_components"": 0, ""num_2_cell_components"": 0, ""num_components"": 1, ""smallest_component_size"": 3195, ""tiny_component_pixel_fraction"": 0.0, ""tiny_component_pixels"": 0}, ""cluster_1"": {""cluster_value"": 1, ""component_size_histogram"": {""1989"": 1}, ""largest_component_size"": 1989, ""num_1_cell_components"": 0, ""num_2_cell_components"": 0, ""num_components"": 1, ""smallest_component_size"": 1989, ""tiny_component_pixel_fraction"": 0.0, ""tiny_component_pixels"": 0}}"
cstd,feature_cluster_coarse_to_fine_global_pooled_init_flip_avg_coarse_only,benchmark,355,000355,2,partition_invariant,0.8358305578615816,0.7360770263776271,0.5,0.7516980799200211,0.919963035803142,0.19762420654296875,0.8023757934570312,2,2,0.0,0.0,ok,True,"cluster_a->texture_a,cluster_b->texture_b",cluster_a,cluster_b,0.8358305578615816,0.7360770263776271,0.032378396979972614,0.7360770263776271,best_partition_assignment,1,fpn_2,fpn_2,fpn_2,72x72,67341,194803,67341,194803,67341,194803,0.0,0.0,0.0,0.0,coarsest_pooled_direct,pooled_avg_pool_flip_avg_coarse_only,False,False,architexture_binary_v1,0.8358305578615816,0.7360770263776271,3,3,24x24,"{""cluster_0"": {""cluster_value"": 0, ""component_size_histogram"": {""1269"": 1, ""54"": 1, ""9"": 1}, ""largest_component_size"": 1269, ""num_1_cell_components"": 0, ""num_2_cell_components"": 0, ""num_components"": 3, ""smallest_component_size"": 9, ""tiny_component_pixel_fraction"": 0.0, ""tiny_component_pixels"": 0}, ""cluster_1"": {""cluster_value"": 1, ""component_size_histogram"": {""3852"": 1}, ""largest_component_size"": 3852, ""num_1_cell_components"": 0, ""num_2_cell_components"": 0, ""num_components"": 1, ""smallest_component_size"": 3852, ""tiny_component_pixel_fraction"": 0.0, ""tiny_component_pixels"": 0}}"
cstd,feature_cluster_coarse_to_fine_global_pooled_init_flip_avg_coarse_only,benchmark,356,000356,2,partition_invariant,0.846337366165528,0.7053216501027911,0.5,0.8170295231943013,0.8756452091367547,0.36365509033203125,0.6363449096679688,2,2,0.0,0.0,ok,True,"cluster_b->texture_a,cluster_a->texture_b",cluster_b,cluster_a,0.040484501229025534,0.7053216501027911,0.846337366165528,0.7053216501027911,best_partition_assignment,1,fpn_2,fpn_2,fpn_2,72x72,149326,112818,149326,112818,149326,112818,0.0,0.0,0.0,0.0,coarsest_pooled_direct,pooled_avg_pool_flip_avg_coarse_only,False,False,architexture_binary_v1,0.846337366165528,0.7053216501027911,3,3,24x24,"{""cluster_0"": {""cluster_value"": 0, ""component_size_histogram"": {""189"": 1, ""2691"": 1, ""63"": 1, ""9"": 1}, ""largest_component_size"": 2691, ""num_1_cell_components"": 0, ""num_2_cell_components"": 0, ""num_components"": 4, ""smallest_component_size"": 9, ""tiny_component_pixel_fraction"": 0.0, ""tiny_component_pixels"": 0}, ""cluster_1"": {""cluster_value"": 1, ""component_size_histogram"": {""2232"": 1}, ""largest_component_size"": 2232, ""num_1_cell_components"": 0, ""num_2_cell_components"": 0, ""num_components"": 1, ""smallest_component_size"": 2232, ""tiny_component_pixel_fraction"": 0.0, ""tiny_component_pixels"": 0}}"
cstd,feature_cluster_coarse_to_fine_global_pooled_init_flip_avg_coarse_only,benchmark,357,000357,2,partition_invariant,0.9557515895082979,0.9195640083495276,0.5,0.9697881423283907,0.941715036688205,0.6709365844726562,0.32906341552734375,2,2,0.0,0.0,ok,True,"cluster_a->texture_a,cluster_b->texture_b",cluster_a,cluster_b,0.9557515895082979,0.9195640083495276,0.010171245063101398,0.9195640083495276,best_partition_assignment,1,fpn_2,fpn_2,fpn_2,72x72,171108,91036,171108,91036,171108,91036,0.0,0.0,0.0,0.0,coarsest_pooled_direct,pooled_avg_pool_flip_avg_coarse_only,False,False,architexture_binary_v1,0.9557515895082979,0.9195640083495276,3,3,24x24,"{""cluster_0"": {""cluster_value"": 0, ""component_size_histogram"": {""3384"": 1}, ""largest_component_size"": 3384, ""num_1_cell_components"": 0, ""num_2_cell_components"": 0, ""num_components"": 1, ""smallest_component_size"": 3384, ""tiny_component_pixel_fraction"": 0.0, ""tiny_component_pixels"": 0}, ""cluster_1"": {""cluster_value"": 1, ""component_size_histogram"": {""1800"": 1}, ""largest_component_size"": 1800, ""num_1_cell_components"": 0, ""num_2_cell_components"": 0, ""num_components"": 1, ""smallest_component_size"": 1800, ""tiny_component_pixel_fraction"": 0.0, ""tiny_component_pixels"": 0}}"
cstd,feature_cluster_coarse_to_fine_global_pooled_init_flip_avg_coarse_only,benchmark,358,000358,2,partition_invariant,0.3758492431641497,-0.007563936058057503,0.5,0.311476470207749,0.44022201612055034,0.22579574584960938,0.7742042541503906,2,2,0.0,0.0,ok,True,"cluster_b->texture_a,cluster_a->texture_b",cluster_b,cluster_a,0.23717014693262892,-0.007563936058057503,0.3758492431641497,-0.007563936058057503,best_partition_assignment,1,fpn_2,fpn_2,fpn_2,72x72,98304,163840,98304,163840,98304,163840,0.0,0.0,0.0,0.0,coarsest_pooled_direct,pooled_avg_pool_flip_avg_coarse_only,False,False,architexture_binary_v1,0.3758492431641497,-0.007563936058057503,3,3,24x24,"{""cluster_0"": {""cluster_value"": 0, ""component_size_histogram"": {""1926"": 1, ""9"": 2}, ""largest_component_size"": 1926, ""num_1_cell_components"": 0, ""num_2_cell_components"": 0, ""num_components"": 3, ""smallest_component_size"": 9, ""tiny_component_pixel_fraction"": 0.0, ""tiny_component_pixels"": 0}, ""cluster_1"": {""cluster_value"": 1, ""component_size_histogram"": {""3195"": 1, ""36"": 1, ""9"": 1}, ""largest_component_size"": 3195, ""num_1_cell_components"": 0, ""num_2_cell_components"": 0, ""num_components"": 3, ""smallest_component_size"": 9, ""tiny_component_pixel_fraction"": 0.0, ""tiny_component_pixels"": 0}}"
cstd,feature_cluster_coarse_to_fine_global_pooled_init_flip_avg_coarse_only,benchmark,359,000359,2,partition_invariant,0.9287721373999582,0.8765491345401785,0.5,0.9005962510865972,0.9569480237133191,0.2869720458984375,0.7130279541015625,2,2,0.0,0.0,ok,True,"cluster_a->texture_a,cluster_b->texture_b",cluster_a,cluster_b,0.9287721373999582,0.8765491345401785,0.015644963978769817,0.8765491345401785,best_partition_assignment,1,fpn_2,fpn_2,fpn_2,72x72,80007,182137,80007,182137,80007,182137,0.0,0.0,0.0,0.0,coarsest_pooled_direct,pooled_avg_pool_flip_avg_coarse_only,False,False,architexture_binary_v1,0.9287721373999582,0.8765491345401785,3,3,24x24,"{""cluster_0"": {""cluster_value"": 0, ""component_size_histogram"": {""1584"": 1}, ""largest_component_size"": 1584, ""num_1_cell_components"": 0, ""num_2_cell_components"": 0, ""num_components"": 1, ""smallest_component_size"": 1584, ""tiny_component_pixel_fraction"": 0.0, ""tiny_component_pixels"": 0}, ""cluster_1"": {""cluster_value"": 1, ""component_size_histogram"": {""3600"": 1}, ""largest_component_size"": 3600, ""num_1_cell_components"": 0, ""num_2_cell_components"": 0, ""num_components"": 1, ""smallest_component_size"": 3600, ""tiny_component_pixel_fraction"": 0.0, ""tiny_component_pixels"": 0}}"
cstd,feature_cluster_coarse_to_fine_global_pooled_init_flip_avg_coarse_only,benchmark,360,000360,2,partition_invariant,0.8721329458696607,0.7901341362847573,0.5,0.8107221617396645,0.933543729999657,0.24127578735351562,0.7587242126464844,2,2,0.0,0.0,ok,True,"cluster_a->texture_a,cluster_b->texture_b",cluster_a,cluster_b,0.8721329458696607,0.7901341362847573,0.026513337062776927,0.7901341362847573,best_partition_assignment,1,fpn_2,fpn_2,fpn_2,72x72,66482,195662,66482,195662,66482,195662,0.0,0.0,0.0,0.0,coarsest_pooled_direct,pooled_avg_pool_flip_avg_coarse_only,False,False,architexture_binary_v1,0.8721329458696607,0.7901341362847573,3,3,24x24,"{""cluster_0"": {""cluster_value"": 0, ""component_size_histogram"": {""1314"": 1}, ""largest_component_size"": 1314, ""num_1_cell_components"": 0, ""num_2_cell_components"": 0, ""num_components"": 1, ""smallest_component_size"": 1314, ""tiny_component_pixel_fraction"": 0.0, ""tiny_component_pixels"": 0}, ""cluster_1"": {""cluster_value"": 1, ""component_size_histogram"": {""18"": 1, ""3852"": 1}, ""largest_component_size"": 3852, ""num_1_cell_components"": 0, ""num_2_cell_components"": 0, ""num_components"": 2, ""smallest_component_size"": 18, ""tiny_component_pixel_fraction"": 0.0, ""tiny_component_pixels"": 0}}"
cstd,feature_cluster_coarse_to_fine_global_pooled_init_flip_avg_coarse_only,benchmark,361,000361,2,partition_invariant,0.9351914352150605,0.8980618281816299,0.5,0.9008141177217399,0.969568752708381,0.21851730346679688,0.7814826965332031,2,2,0.0,0.0,ok,True,"cluster_a->texture_a,cluster_b->texture_b",cluster_a,cluster_b,0.9351914352150605,0.8980618281816299,0.011964815394880448,0.8980618281816299,best_partition_assignment,1,fpn_2,fpn_2,fpn_2,72x72,62493,199651,62493,199651,62493,199651,0.0,0.0,0.0,0.0,coarsest_pooled_direct,pooled_avg_pool_flip_avg_coarse_only,False,False,architexture_binary_v1,0.9351914352150605,0.8980618281816299,3,3,24x24,"{""cluster_0"": {""cluster_value"": 0, ""component_size_histogram"": {""1233"": 1}, ""largest_component_size"": 1233, ""num_1_cell_components"": 0, ""num_2_cell_components"": 0, ""num_components"": 1, ""smallest_component_size"": 1233, ""tiny_component_pixel_fraction"": 0.0, ""tiny_component_pixels"": 0}, ""cluster_1"": {""cluster_value"": 1, ""component_size_histogram"": {""3951"": 1}, ""largest_component_size"": 3951, ""num_1_cell_components"": 0, ""num_2_cell_components"": 0, ""num_components"": 1, ""smallest_component_size"": 3951, ""tiny_component_pixel_fraction"": 0.0, ""tiny_component_pixels"": 0}}"
cstd,feature_cluster_coarse_to_fine_global_pooled_init_flip_avg_coarse_only,benchmark,362,000362,2,partition_invariant,0.6046923612772928,0.3046719870892481,0.5,0.4929785790105626,0.7164061435440229,0.22077178955078125,0.7792282104492188,2,2,0.0,0.0,ok,True,"cluster_a->texture_a,cluster_b->texture_b",cluster_a,cluster_b,0.6046923612772928,0.3046719870892481,0.11229943247208896,0.3046719870892481,best_partition_assignment,1,fpn_2,fpn_2,fpn_2,72x72,113720,148424,113720,148424,113720,148424,0.0,0.0,0.0,0.0,coarsest_pooled_direct,pooled_avg_pool_flip_avg_coarse_only,False,False,architexture_binary_v1,0.6046923612772928,0.3046719870892481,3,3,24x24,"{""cluster_0"": {""cluster_value"": 0, ""component_size_histogram"": {""2250"": 1}, ""largest_component_size"": 2250, ""num_1_cell_components"": 0, ""num_2_cell_components"": 0, ""num_components"": 1, ""smallest_component_size"": 2250, ""tiny_component_pixel_fraction"": 0.0, ""tiny_component_pixels"": 0}, ""cluster_1"": {""cluster_value"": 1, ""component_size_histogram"": {""1134"": 1, ""1665"": 1, ""54"": 1, ""72"": 1, ""9"": 1}, ""largest_component_size"": 1665, ""num_1_cell_components"": 0, ""num_2_cell_components"": 0, ""num_components"": 5, ""smallest_component_size"": 9, ""tiny_component_pixel_fraction"": 0.0, ""tiny_component_pixels"": 0}}"
cstd,feature_cluster_coarse_to_fine_global_pooled_init_flip_avg_coarse_only,benchmark,363,000363,2,partition_invariant,0.9134369485307959,0.8561983025570504,0.5,0.8736938188853013,0.9531800781762906,0.25917816162109375,0.7408218383789062,2,2,0.0,0.0,ok,True,"cluster_a->texture_a,cluster_b->texture_b",cluster_a,cluster_b,0.9134369485307959,0.8561983025570504,0.017991304622231755,0.8561983025570504,best_partition_assignment,1,fpn_2,fpn_2,fpn_2,72x72,69589,192555,69589,192555,69589,192555,0.0,0.0,0.0,0.0,coarsest_pooled_direct,pooled_avg_pool_flip_avg_coarse_only,False,False,architexture_binary_v1,0.9134369485307959,0.8561983025570504,3,3,24x24,"{""cluster_0"": {""cluster_value"": 0, ""component_size_histogram"": {""1107"": 1, ""18"": 1, ""252"": 1}, ""largest_component_size"": 1107, ""num_1_cell_components"": 0, ""num_2_cell_components"": 0, ""num_components"": 3, ""smallest_component_size"": 18, ""tiny_component_pixel_fraction"": 0.0, ""tiny_component_pixels"": 0}, ""cluster_1"": {""cluster_value"": 1, ""component_size_histogram"": {""3807"": 1}, ""largest_component_size"": 3807, ""num_1_cell_components"": 0, ""num_2_cell_components"": 0, ""num_components"": 1, ""smallest_component_size"": 3807, ""tiny_component_pixel_fraction"": 0.0, ""tiny_component_pixels"": 0}}"
cstd,feature_cluster_coarse_to_fine_global_pooled_init_flip_avg_coarse_only,benchmark,364,000364,2,partition_invariant,0.8951280570062041,0.8108644688888323,0.5,0.8604966826291386,0.9297594313832696,0.334686279296875,0.665313720703125,2,2,0.0,0.0,ok,True,"cluster_b->texture_a,cluster_a->texture_b",cluster_b,cluster_a,0.02505543089331077,0.8108644688888323,0.8951280570062041,0.8108644688888323,best_partition_assignment,1,fpn_2,fpn_2,fpn_2,72x72,178545,83599,178545,83599,178545,83599,0.0,0.0,0.0,0.0,coarsest_pooled_direct,pooled_avg_pool_flip_avg_coarse_only,False,False,architexture_binary_v1,0.8951280570062041,0.8108644688888323,3,3,24x24,"{""cluster_0"": {""cluster_value"": 0, ""component_size_histogram"": {""3528"": 1}, ""largest_component_size"": 3528, ""num_1_cell_components"": 0, ""num_2_cell_components"": 0, ""num_components"": 1, ""smallest_component_size"": 3528, ""tiny_component_pixel_fraction"": 0.0, ""tiny_component_pixels"": 0}, ""cluster_1"": {""cluster_value"": 1, ""component_size_histogram"": {""1647"": 1, ""9"": 1}, ""largest_component_size"": 1647, ""num_1_cell_components"": 0, ""num_2_cell_components"": 0, ""num_components"": 2, ""smallest_component_size"": 9, ""tiny_component_pixel_fraction"": 0.0, ""tiny_component_pixels"": 0}}"
cstd,feature_cluster_coarse_to_fine_global_pooled_init_flip_avg_coarse_only,benchmark,365,000365,2,partition_invariant,0.3309376849349702,-0.01685728634018945,0.5,0.12817327551385915,0.5337020943560813,0.23432159423828125,0.7656784057617188,2,2,0.0,0.0,ok,True,"cluster_a->texture_a,cluster_b->texture_b",cluster_a,cluster_b,0.3309376849349702,-0.01685728634018945,0.2763544056854793,-0.01685728634018945,best_partition_assignment,1,fpn_2,fpn_2,fpn_2,72x72,86605,175539,86605,175539,86605,175539,0.0,0.0,0.0,0.0,coarsest_pooled_direct,pooled_avg_pool_flip_avg_coarse_only,False,False,architexture_binary_v1,0.3309376849349702,-0.01685728634018945,3,3,24x24,"{""cluster_0"": {""cluster_value"": 0, ""component_size_histogram"": {""144"": 1, ""18"": 1, ""234"": 1, ""27"": 1, ""459"": 1, ""72"": 1, ""738"": 1, ""9"": 2}, ""largest_component_size"": 738, ""num_1_cell_components"": 0, ""num_2_cell_components"": 0, ""num_components"": 9, ""smallest_component_size"": 9, ""tiny_component_pixel_fraction"": 0.0, ""tiny_component_pixels"": 0}, ""cluster_1"": {""cluster_value"": 1, ""component_size_histogram"": {""135"": 1, ""18"": 1, ""288"": 1, ""3024"": 1, ""9"": 1}, ""largest_component_size"": 3024, ""num_1_cell_components"": 0, ""num_2_cell_components"": 0, ""num_components"": 5, ""smallest_component_size"": 9, ""tiny_component_pixel_fraction"": 0.0, ""tiny_component_pixels"": 0}}"
cstd,feature_cluster_coarse_to_fine_global_pooled_init_flip_avg_coarse_only,benchmark,366,000366,2,partition_invariant,0.9751370396740435,0.9525336441358044,0.5,0.9697142085775995,0.9805598707704877,0.3879203796386719,0.6120796203613281,2,2,0.0,0.0,ok,True,"cluster_b->texture_a,cluster_a->texture_b",cluster_b,cluster_a,0.006024119229489887,0.9525336441358044,0.9751370396740435,0.9525336441358044,best_partition_assignment,1,fpn_2,fpn_2,fpn_2,72x72,159552,102592,159552,102592,159552,102592,0.0,0.0,0.0,0.0,coarsest_pooled_direct,pooled_avg_pool_flip_avg_coarse_only,False,False,architexture_binary_v1,0.9751370396740435,0.9525336441358044,3,3,24x24,"{""cluster_0"": {""cluster_value"": 0, ""component_size_histogram"": {""3159"": 1}, ""largest_component_size"": 3159, ""num_1_cell_components"": 0, ""num_2_cell_components"": 0, ""num_components"": 1, ""smallest_component_size"": 3159, ""tiny_component_pixel_fraction"": 0.0, ""tiny_component_pixels"": 0}, ""cluster_1"": {""cluster_value"": 1, ""component_size_histogram"": {""2025"": 1}, ""largest_component_size"": 2025, ""num_1_cell_components"": 0, ""num_2_cell_components"": 0, ""num_components"": 1, ""smallest_component_size"": 2025, ""tiny_component_pixel_fraction"": 0.0, ""tiny_component_pixels"": 0}}"
cstd,feature_cluster_coarse_to_fine_global_pooled_init_flip_avg_coarse_only,benchmark,367,000367,2,partition_invariant,0.8919282308276082,0.7950009835491892,0.5,0.916551707874972,0.8673047537802443,0.6103477478027344,0.3896522521972656,2,2,0.0,0.0,ok,True,"cluster_b->texture_a,cluster_a->texture_b",cluster_b,cluster_a,0.027650519659368156,0.7950009835491892,0.8919282308276082,0.7950009835491892,best_partition_assignment,1,fpn_2,fpn_2,fpn_2,72x72,97046,165098,97046,165098,97046,165098,0.0,0.0,0.0,0.0,coarsest_pooled_direct,pooled_avg_pool_flip_avg_coarse_only,False,False,architexture_binary_v1,0.8919282308276082,0.7950009835491892,3,3,24x24,"{""cluster_0"": {""cluster_value"": 0, ""component_size_histogram"": {""1530"": 1, ""387"": 1}, ""largest_component_size"": 1530, ""num_1_cell_components"": 0, ""num_2_cell_components"": 0, ""num_components"": 2, ""smallest_component_size"": 387, ""tiny_component_pixel_fraction"": 0.0, ""tiny_component_pixels"": 0}, ""cluster_1"": {""cluster_value"": 1, ""component_size_histogram"": {""153"": 1, ""3114"": 1}, ""largest_component_size"": 3114, ""num_1_cell_components"": 0, ""num_2_cell_components"": 0, ""num_components"": 2, ""smallest_component_size"": 153, ""tiny_component_pixel_fraction"": 0.0, ""tiny_component_pixels"": 0}}"
cstd,feature_cluster_coarse_to_fine_global_pooled_init_flip_avg_coarse_only,benchmark,368,000368,2,partition_invariant,0.9399009285798519,0.8876771108495723,0.5,0.9240205219179325,0.9557813352417713,0.3562049865722656,0.6437950134277344,2,2,0.0,0.0,ok,True,"cluster_a->texture_a,cluster_b->texture_b",cluster_a,cluster_b,0.9399009285798519,0.8876771108495723,0.0145243761782213,0.8876771108495723,best_partition_assignment,1,fpn_2,fpn_2,fpn_2,72x72,97507,164637,97507,164637,97507,164637,0.0,0.0,0.0,0.0,coarsest_pooled_direct,pooled_avg_pool_flip_avg_coarse_only,False,False,architexture_binary_v1,0.9399009285798519,0.8876771108495723,3,3,24x24,"{""cluster_0"": {""cluster_value"": 0, ""component_size_histogram"": {""18"": 1, ""1899"": 1, ""9"": 1}, ""largest_component_size"": 1899, ""num_1_cell_components"": 0, ""num_2_cell_components"": 0, ""num_components"": 3, ""smallest_component_size"": 9, ""tiny_component_pixel_fraction"": 0.0, ""tiny_component_pixels"": 0}, ""cluster_1"": {""cluster_value"": 1, ""component_size_histogram"": {""3258"": 1}, ""largest_component_size"": 3258, ""num_1_cell_components"": 0, ""num_2_cell_components"": 0, ""num_components"": 1, ""smallest_component_size"": 3258, ""tiny_component_pixel_fraction"": 0.0, ""tiny_component_pixels"": 0}}"
cstd,feature_cluster_coarse_to_fine_global_pooled_init_flip_avg_coarse_only,benchmark,369,000369,2,partition_invariant,0.8714212534237236,0.7473562224841079,0.5,0.8566446268982053,0.8861978799492418,0.4583740234375,0.5416259765625,2,2,0.0,0.0,ok,True,"cluster_a->texture_a,cluster_b->texture_b",cluster_a,cluster_b,0.8714212534237236,0.7473562224841079,0.034653598844896626,0.7473562224841079,best_partition_assignment,1,fpn_2,fpn_2,fpn_2,72x72,109817,152327,109817,152327,109817,152327,0.0,0.0,0.0,0.0,coarsest_pooled_direct,pooled_avg_pool_flip_avg_coarse_only,False,False,architexture_binary_v1,0.8714212534237236,0.7473562224841079,3,3,24x24,"{""cluster_0"": {""cluster_value"": 0, ""component_size_histogram"": {""2169"": 1}, ""largest_component_size"": 2169, ""num_1_cell_components"": 0, ""num_2_cell_components"": 0, ""num_components"": 1, ""smallest_component_size"": 2169, ""tiny_component_pixel_fraction"": 0.0, ""tiny_component_pixels"": 0}, ""cluster_1"": {""cluster_value"": 1, ""component_size_histogram"": {""18"": 1, ""189"": 1, ""2799"": 1, ""9"": 1}, ""largest_component_size"": 2799, ""num_1_cell_components"": 0, ""num_2_cell_components"": 0, ""num_components"": 4, ""smallest_component_size"": 9, ""tiny_component_pixel_fraction"": 0.0, ""tiny_component_pixels"": 0}}"
cstd,feature_cluster_coarse_to_fine_global_pooled_init_flip_avg_coarse_only,benchmark,370,000370,2,partition_invariant,0.9118466304215753,0.8510436687968855,0.5,0.8735714378583594,0.9501218229847913,0.28784942626953125,0.7121505737304688,2,2,0.0,0.0,ok,True,"cluster_a->texture_a,cluster_b->texture_b",cluster_a,cluster_b,0.9118466304215753,0.8510436687968855,0.01872547781330276,0.8510436687968855,best_partition_assignment,1,fpn_2,fpn_2,fpn_2,72x72,68644,193500,68644,193500,68644,193500,0.0,0.0,0.0,0.0,coarsest_pooled_direct,pooled_avg_pool_flip_avg_coarse_only,False,False,architexture_binary_v1,0.9118466304215753,0.8510436687968855,3,3,24x24,"{""cluster_0"": {""cluster_value"": 0, ""component_size_histogram"": {""1350"": 1, ""9"": 1}, ""largest_component_size"": 1350, ""num_1_cell_components"": 0, ""num_2_cell_components"": 0, ""num_components"": 2, ""smallest_component_size"": 9, ""tiny_component_pixel_fraction"": 0.0, ""tiny_component_pixels"": 0}, ""cluster_1"": {""cluster_value"": 1, ""component_size_histogram"": {""18"": 1, ""3798"": 1, ""9"": 1}, ""largest_component_size"": 3798, ""num_1_cell_components"": 0, ""num_2_cell_components"": 0, ""num_components"": 3, ""smallest_component_size"": 9, ""tiny_component_pixel_fraction"": 0.0, ""tiny_component_pixels"": 0}}"
cstd,feature_cluster_coarse_to_fine_global_pooled_init_flip_avg_coarse_only,benchmark,371,000371,2,partition_invariant,0.9588841337250559,0.9311164750038011,0.5,0.9406506586132046,0.9771176088369071,0.26750946044921875,0.7324905395507812,2,2,0.0,0.0,ok,True,"cluster_a->texture_a,cluster_b->texture_b",cluster_a,cluster_b,0.9588841337250559,0.9311164750038011,0.008417341589443775,0.9311164750038011,best_partition_assignment,1,fpn_2,fpn_2,fpn_2,72x72,73814,188330,73814,188330,73814,188330,0.0,0.0,0.0,0.0,coarsest_pooled_direct,pooled_avg_pool_flip_avg_coarse_only,False,False,architexture_binary_v1,0.9588841337250559,0.9311164750038011,3,3,24x24,"{""cluster_0"": {""cluster_value"": 0, ""component_size_histogram"": {""1458"": 1}, ""largest_component_size"": 1458, ""num_1_cell_components"": 0, ""num_2_cell_components"": 0, ""num_components"": 1, ""smallest_component_size"": 1458, ""tiny_component_pixel_fraction"": 0.0, ""tiny_component_pixels"": 0}, ""cluster_1"": {""cluster_value"": 1, ""component_size_histogram"": {""3726"": 1}, ""largest_component_size"": 3726, ""num_1_cell_components"": 0, ""num_2_cell_components"": 0, ""num_components"": 1, ""smallest_component_size"": 3726, ""tiny_component_pixel_fraction"": 0.0, ""tiny_component_pixels"": 0}}"
cstd,feature_cluster_coarse_to_fine_global_pooled_init_flip_avg_coarse_only,benchmark,372,000372,2,partition_invariant,0.5990066912018803,0.2603405036233848,0.5,0.5436322264097276,0.6543811559940331,0.34893035888671875,0.6510696411132812,2,2,0.0,0.0,ok,True,"cluster_a->texture_a,cluster_b->texture_b",cluster_a,cluster_b,0.5990066912018803,0.2603405036233848,0.1347223511637636,0.2603405036233848,best_partition_assignment,1,fpn_2,fpn_2,fpn_2,72x72,125611,136533,125611,136533,125611,136533,0.0,0.0,0.0,0.0,coarsest_pooled_direct,pooled_avg_pool_flip_avg_coarse_only,False,False,architexture_binary_v1,0.5990066912018803,0.2603405036233848,3,3,24x24,"{""cluster_0"": {""cluster_value"": 0, ""component_size_histogram"": {""2484"": 1}, ""largest_component_size"": 2484, ""num_1_cell_components"": 0, ""num_2_cell_components"": 0, ""num_components"": 1, ""smallest_component_size"": 2484, ""tiny_component_pixel_fraction"": 0.0, ""tiny_component_pixels"": 0}, ""cluster_1"": {""cluster_value"": 1, ""component_size_histogram"": {""2394"": 1, ""297"": 1, ""9"": 1}, ""largest_component_size"": 2394, ""num_1_cell_components"": 0, ""num_2_cell_components"": 0, ""num_components"": 3, ""smallest_component_size"": 9, ""tiny_component_pixel_fraction"": 0.0, ""tiny_component_pixels"": 0}}"
cstd,feature_cluster_coarse_to_fine_global_pooled_init_flip_avg_coarse_only,benchmark,373,000373,2,partition_invariant,0.5174596459903082,0.19325621022564335,0.5,0.3144808079955252,0.7204384839850912,0.23311996459960938,0.7668800354003906,2,2,0.0,0.0,ok,True,"cluster_a->texture_a,cluster_b->texture_b",cluster_a,cluster_b,0.5174596459903082,0.19325621022564335,0.14138949457236277,0.19325621022564335,best_partition_assignment,1,fpn_2,fpn_2,fpn_2,72x72,63440,198704,63440,198704,63440,198704,0.0,0.0,0.0,0.0,coarsest_pooled_direct,pooled_avg_pool_flip_avg_coarse_only,False,False,architexture_binary_v1,0.5174596459903082,0.19325621022564335,3,3,24x24,"{""cluster_0"": {""cluster_value"": 0, ""component_size_histogram"": {""18"": 1, ""324"": 1, ""45"": 1, ""774"": 1, ""81"": 1, ""9"": 1}, ""largest_component_size"": 774, ""num_1_cell_components"": 0, ""num_2_cell_components"": 0, ""num_components"": 6, ""smallest_component_size"": 9, ""tiny_component_pixel_fraction"": 0.0, ""tiny_component_pixels"": 0}, ""cluster_1"": {""cluster_value"": 1, ""component_size_histogram"": {""288"": 1, ""3555"": 1, ""81"": 1, ""9"": 1}, ""largest_component_size"": 3555, ""num_1_cell_components"": 0, ""num_2_cell_components"": 0, ""num_components"": 4, ""smallest_component_size"": 9, ""tiny_component_pixel_fraction"": 0.0, ""tiny_component_pixels"": 0}}"
cstd,feature_cluster_coarse_to_fine_global_pooled_init_flip_avg_coarse_only,benchmark,374,000374,2,partition_invariant,0.9629238583120929,0.9263758449817774,0.5,0.9598605691521495,0.9659871474720364,0.458770751953125,0.541229248046875,2,2,0.0,0.0,ok,True,"cluster_a->texture_a,cluster_b->texture_b",cluster_a,cluster_b,0.9629238583120929,0.9263758449817774,0.00946648062903991,0.9263758449817774,best_partition_assignment,1,fpn_2,fpn_2,fpn_2,72x72,119815,142329,119815,142329,119815,142329,0.0,0.0,0.0,0.0,coarsest_pooled_direct,pooled_avg_pool_flip_avg_coarse_only,False,False,architexture_binary_v1,0.9629238583120929,0.9263758449817774,3,3,24x24,"{""cluster_0"": {""cluster_value"": 0, ""component_size_histogram"": {""2349"": 1, ""9"": 2}, ""largest_component_size"": 2349, ""num_1_cell_components"": 0, ""num_2_cell_components"": 0, ""num_components"": 3, ""smallest_component_size"": 9, ""tiny_component_pixel_fraction"": 0.0, ""tiny_component_pixels"": 0}, ""cluster_1"": {""cluster_value"": 1, ""component_size_histogram"": {""2817"": 1}, ""largest_component_size"": 2817, ""num_1_cell_components"": 0, ""num_2_cell_components"": 0, ""num_components"": 1, ""smallest_component_size"": 2817, ""tiny_component_pixel_fraction"": 0.0, ""tiny_component_pixels"": 0}}"
cstd,feature_cluster_coarse_to_fine_global_pooled_init_flip_avg_coarse_only,benchmark,375,000375,2,partition_invariant,0.42355875841823043,0.06320182690059277,0.5,0.1452830405459747,0.7018344762904861,0.2618217468261719,0.7381782531738281,2,2,0.0,0.0,ok,True,"cluster_a->texture_a,cluster_b->texture_b",cluster_a,cluster_b,0.42355875841823043,0.06320182690059277,0.15948673476366157,0.06320182690059277,best_partition_assignment,1,fpn_2,fpn_2,fpn_2,72x72,31047,231097,31047,231097,31047,231097,0.0,0.0,0.0,0.0,coarsest_pooled_direct,pooled_avg_pool_flip_avg_coarse_only,False,False,architexture_binary_v1,0.42355875841823043,0.06320182690059277,3,3,24x24,"{""cluster_0"": {""cluster_value"": 0, ""component_size_histogram"": {""18"": 1, ""243"": 1, ""333"": 1, ""9"": 2}, ""largest_component_size"": 333, ""num_1_cell_components"": 0, ""num_2_cell_components"": 0, ""num_components"": 5, ""smallest_component_size"": 9, ""tiny_component_pixel_fraction"": 0.0, ""tiny_component_pixels"": 0}, ""cluster_1"": {""cluster_value"": 1, ""component_size_histogram"": {""4572"": 1}, ""largest_component_size"": 4572, ""num_1_cell_components"": 0, ""num_2_cell_components"": 0, ""num_components"": 1, ""smallest_component_size"": 4572, ""tiny_component_pixel_fraction"": 0.0, ""tiny_component_pixels"": 0}}"
cstd,feature_cluster_coarse_to_fine_global_pooled_init_flip_avg_coarse_only,benchmark,376,000376,2,partition_invariant,0.3699048934414042,0.008245783140024669,0.5,0.14449163859428443,0.595318148288524,0.1870269775390625,0.8129730224609375,2,2,0.0,0.0,ok,True,"cluster_a->texture_a,cluster_b->texture_b",cluster_a,cluster_b,0.3699048934414042,0.008245783140024669,0.22847953437333138,0.008245783140024669,best_partition_assignment,1,fpn_2,fpn_2,fpn_2,72x72,83812,178332,83812,178332,83812,178332,0.0,0.0,0.0,0.0,coarsest_pooled_direct,pooled_avg_pool_flip_avg_coarse_only,False,False,architexture_binary_v1,0.3699048934414042,0.008245783140024669,3,3,24x24,"{""cluster_0"": {""cluster_value"": 0, ""component_size_histogram"": {""1080"": 1, ""171"": 1, ""405"": 1}, ""largest_component_size"": 1080, ""num_1_cell_components"": 0, ""num_2_cell_components"": 0, ""num_components"": 3, ""smallest_component_size"": 171, ""tiny_component_pixel_fraction"": 0.0, ""tiny_component_pixels"": 0}, ""cluster_1"": {""cluster_value"": 1, ""component_size_histogram"": {""225"": 1, ""2637"": 1, ""639"": 1, ""9"": 3}, ""largest_component_size"": 2637, ""num_1_cell_components"": 0, ""num_2_cell_components"": 0, ""num_components"": 6, ""smallest_component_size"": 9, ""tiny_component_pixel_fraction"": 0.0, ""tiny_component_pixels"": 0}}"
cstd,feature_cluster_coarse_to_fine_global_pooled_init_flip_avg_coarse_only,benchmark,377,000377,2,partition_invariant,0.8853045288777663,0.7754844318725745,0.5,0.8698470551034334,0.9007620026520992,0.4224281311035156,0.5775718688964844,2,2,0.0,0.0,ok,True,"cluster_a->texture_a,cluster_b->texture_b",cluster_a,cluster_b,0.8853045288777663,0.7754844318725745,0.030711046929042606,0.7754844318725745,best_partition_assignment,1,fpn_2,fpn_2,fpn_2,72x72,113970,148174,113970,148174,113970,148174,0.0,0.0,0.0,0.0,coarsest_pooled_direct,pooled_avg_pool_flip_avg_coarse_only,False,False,architexture_binary_v1,0.8853045288777663,0.7754844318725745,3,3,24x24,"{""cluster_0"": {""cluster_value"": 0, ""component_size_histogram"": {""2259"": 1}, ""largest_component_size"": 2259, ""num_1_cell_components"": 0, ""num_2_cell_components"": 0, ""num_components"": 1, ""smallest_component_size"": 2259, ""tiny_component_pixel_fraction"": 0.0, ""tiny_component_pixels"": 0}, ""cluster_1"": {""cluster_value"": 1, ""component_size_histogram"": {""2835"": 1, ""90"": 1}, ""largest_component_size"": 2835, ""num_1_cell_components"": 0, ""num_2_cell_components"": 0, ""num_components"": 2, ""smallest_component_size"": 90, ""tiny_component_pixel_fraction"": 0.0, ""tiny_component_pixels"": 0}}"
cstd,feature_cluster_coarse_to_fine_global_pooled_init_flip_avg_coarse_only,benchmark,378,000378,2,partition_invariant,0.8038848808978742,0.6580864196759231,0.5,0.7284267709197532,0.8793429908759953,0.2759132385253906,0.7240867614746094,2,2,0.0,0.0,ok,True,"cluster_a->texture_a,cluster_b->texture_b",cluster_a,cluster_b,0.8038848808978742,0.6580864196759231,0.04754468205323847,0.6580864196759231,best_partition_assignment,1,fpn_2,fpn_2,fpn_2,72x72,79757,182387,79757,182387,79757,182387,0.0,0.0,0.0,0.0,coarsest_pooled_direct,pooled_avg_pool_flip_avg_coarse_only,False,False,architexture_binary_v1,0.8038848808978742,0.6580864196759231,3,3,24x24,"{""cluster_0"": {""cluster_value"": 0, ""component_size_histogram"": {""1575"": 1}, ""largest_component_size"": 1575, ""num_1_cell_components"": 0, ""num_2_cell_components"": 0, ""num_components"": 1, ""smallest_component_size"": 1575, ""tiny_component_pixel_fraction"": 0.0, ""tiny_component_pixels"": 0}, ""cluster_1"": {""cluster_value"": 1, ""component_size_histogram"": {""198"": 1, ""3411"": 1}, ""largest_component_size"": 3411, ""num_1_cell_components"": 0, ""num_2_cell_components"": 0, ""num_components"": 2, ""smallest_component_size"": 198, ""tiny_component_pixel_fraction"": 0.0, ""tiny_component_pixels"": 0}}"
cstd,feature_cluster_coarse_to_fine_global_pooled_init_flip_avg_coarse_only,benchmark,379,000379,2,partition_invariant,0.3804462910607609,0.01729529967163355,0.5,0.18402688241361526,0.5768656997079066,0.3188362121582031,0.6811637878417969,2,2,0.0,0.0,ok,True,"cluster_a->texture_a,cluster_b->texture_b",cluster_a,cluster_b,0.3804462910607609,0.01729529967163355,0.23762324390775474,0.01729529967163355,best_partition_assignment,1,fpn_2,fpn_2,fpn_2,72x72,63352,198792,63352,198792,63352,198792,0.0,0.0,0.0,0.0,coarsest_pooled_direct,pooled_avg_pool_flip_avg_coarse_only,False,False,architexture_binary_v1,0.3804462910607609,0.01729529967163355,3,3,24x24,"{""cluster_0"": {""cluster_value"": 0, ""component_size_histogram"": {""1251"": 1}, ""largest_component_size"": 1251, ""num_1_cell_components"": 0, ""num_2_cell_components"": 0, ""num_components"": 1, ""smallest_component_size"": 1251, ""tiny_component_pixel_fraction"": 0.0, ""tiny_component_pixels"": 0}, ""cluster_1"": {""cluster_value"": 1, ""component_size_histogram"": {""3933"": 1}, ""largest_component_size"": 3933, ""num_1_cell_components"": 0, ""num_2_cell_components"": 0, ""num_components"": 1, ""smallest_component_size"": 3933, ""tiny_component_pixel_fraction"": 0.0, ""tiny_component_pixels"": 0}}"
cstd,feature_cluster_coarse_to_fine_global_pooled_init_flip_avg_coarse_only,benchmark,380,000380,2,partition_invariant,0.6329291294302424,0.35796614422379486,0.5,0.5155769951292619,0.750281263731223,0.22069168090820312,0.7793083190917969,2,2,0.0,0.0,ok,True,"cluster_a->texture_a,cluster_b->texture_b",cluster_a,cluster_b,0.6329291294302424,0.35796614422379486,0.10088237220578623,0.35796614422379486,best_partition_assignment,1,fpn_2,fpn_2,fpn_2,72x72,103950,158194,103950,158194,103950,158194,0.0,0.0,0.0,0.0,coarsest_pooled_direct,pooled_avg_pool_flip_avg_coarse_only,False,False,architexture_binary_v1,0.6329291294302424,0.35796614422379486,3,3,24x24,"{""cluster_0"": {""cluster_value"": 0, ""component_size_histogram"": {""2061"": 1}, ""largest_component_size"": 2061, ""num_1_cell_components"": 0, ""num_2_cell_components"": 0, ""num_components"": 1, ""smallest_component_size"": 2061, ""tiny_component_pixel_fraction"": 0.0, ""tiny_component_pixels"": 0}, ""cluster_1"": {""cluster_value"": 1, ""component_size_histogram"": {""1359"": 1, ""1755"": 1, ""9"": 1}, ""largest_component_size"": 1755, ""num_1_cell_components"": 0, ""num_2_cell_components"": 0, ""num_components"": 3, ""smallest_component_size"": 9, ""tiny_component_pixel_fraction"": 0.0, ""tiny_component_pixels"": 0}}"
cstd,feature_cluster_coarse_to_fine_global_pooled_init_flip_avg_coarse_only,benchmark,381,000381,2,partition_invariant,0.8948853729820463,0.8165527684764368,0.5,0.8543766452439111,0.9353941007201814,0.2876739501953125,0.7123260498046875,2,2,0.0,0.0,ok,True,"cluster_a->texture_a,cluster_b->texture_b",cluster_a,cluster_b,0.8948853729820463,0.8165527684764368,0.023870768047652223,0.8165527684764368,best_partition_assignment,1,fpn_2,fpn_2,fpn_2,72x72,80975,181169,80975,181169,80975,181169,0.0,0.0,0.0,0.0,coarsest_pooled_direct,pooled_avg_pool_flip_avg_coarse_only,False,False,architexture_binary_v1,0.8948853729820463,0.8165527684764368,3,3,24x24,"{""cluster_0"": {""cluster_value"": 0, ""component_size_histogram"": {""108"": 1, ""1494"": 1}, ""largest_component_size"": 1494, ""num_1_cell_components"": 0, ""num_2_cell_components"": 0, ""num_components"": 2, ""smallest_component_size"": 108, ""tiny_component_pixel_fraction"": 0.0, ""tiny_component_pixels"": 0}, ""cluster_1"": {""cluster_value"": 1, ""component_size_histogram"": {""3546"": 1, ""36"": 1}, ""largest_component_size"": 3546, ""num_1_cell_components"": 0, ""num_2_cell_components"": 0, ""num_components"": 2, ""smallest_component_size"": 36, ""tiny_component_pixel_fraction"": 0.0, ""tiny_component_pixels"": 0}}"
cstd,feature_cluster_coarse_to_fine_global_pooled_init_flip_avg_coarse_only,benchmark,382,000382,2,partition_invariant,0.7652187517368871,0.6341194256382219,0.5,0.9000799182066176,0.6303575852671567,0.8509330749511719,0.14906692504882812,2,2,0.0,0.0,ok,True,"cluster_b->texture_a,cluster_a->texture_b",cluster_b,cluster_a,0.042984575779873725,0.6341194256382219,0.7652187517368871,0.6341194256382219,best_partition_assignment,1,fpn_2,fpn_2,fpn_2,72x72,59633,202511,59633,202511,59633,202511,0.0,0.0,0.0,0.0,coarsest_pooled_direct,pooled_avg_pool_flip_avg_coarse_only,False,False,architexture_binary_v1,0.7652187517368871,0.6341194256382219,3,3,24x24,"{""cluster_0"": {""cluster_value"": 0, ""component_size_histogram"": {""342"": 1, ""837"": 1}, ""largest_component_size"": 837, ""num_1_cell_components"": 0, ""num_2_cell_components"": 0, ""num_components"": 2, ""smallest_component_size"": 342, ""tiny_component_pixel_fraction"": 0.0, ""tiny_component_pixels"": 0}, ""cluster_1"": {""cluster_value"": 1, ""component_size_histogram"": {""4005"": 1}, ""largest_component_size"": 4005, ""num_1_cell_components"": 0, ""num_2_cell_components"": 0, ""num_components"": 1, ""smallest_component_size"": 4005, ""tiny_component_pixel_fraction"": 0.0, ""tiny_component_pixels"": 0}}"
cstd,feature_cluster_coarse_to_fine_global_pooled_init_flip_avg_coarse_only,benchmark,383,000383,2,partition_invariant,0.9777667300030927,0.9605222372192639,0.5,0.9698435243986899,0.9856899356074954,0.321319580078125,0.678680419921875,2,2,0.0,0.0,ok,True,"cluster_b->texture_a,cluster_a->texture_b",cluster_b,cluster_a,0.004922538221349465,0.9605222372192639,0.9777667300030927,0.9605222372192639,best_partition_assignment,1,fpn_2,fpn_2,fpn_2,72x72,178567,83577,178567,83577,178567,83577,0.0,0.0,0.0,0.0,coarsest_pooled_direct,pooled_avg_pool_flip_avg_coarse_only,False,False,architexture_binary_v1,0.9777667300030927,0.9605222372192639,3,3,24x24,"{""cluster_0"": {""cluster_value"": 0, ""component_size_histogram"": {""3528"": 1}, ""largest_component_size"": 3528, ""num_1_cell_components"": 0, ""num_2_cell_components"": 0, ""num_components"": 1, ""smallest_component_size"": 3528, ""tiny_component_pixel_fraction"": 0.0, ""tiny_component_pixels"": 0}, ""cluster_1"": {""cluster_value"": 1, ""component_size_histogram"": {""1656"": 1}, ""largest_component_size"": 1656, ""num_1_cell_components"": 0, ""num_2_cell_components"": 0, ""num_components"": 1, ""smallest_component_size"": 1656, ""tiny_component_pixel_fraction"": 0.0, ""tiny_component_pixels"": 0}}"
cstd,feature_cluster_coarse_to_fine_global_pooled_init_flip_avg_coarse_only,benchmark,384,000384,2,partition_invariant,0.8833027640504802,0.8400720422116458,0.5,0.9679056305986677,0.7986998975022928,0.8866500854492188,0.11334991455078125,2,2,0.0,0.0,ok,True,"cluster_b->texture_a,cluster_a->texture_b",cluster_b,cluster_a,0.014245735865527086,0.8400720422116458,0.8833027640504802,0.8400720422116458,best_partition_assignment,1,fpn_2,fpn_2,fpn_2,72x72,36971,225173,36971,225173,36971,225173,0.0,0.0,0.0,0.0,coarsest_pooled_direct,pooled_avg_pool_flip_avg_coarse_only,False,False,architexture_binary_v1,0.8833027640504802,0.8400720422116458,3,3,24x24,"{""cluster_0"": {""cluster_value"": 0, ""component_size_histogram"": {""729"": 1}, ""largest_component_size"": 729, ""num_1_cell_components"": 0, ""num_2_cell_components"": 0, ""num_components"": 1, ""smallest_component_size"": 729, ""tiny_component_pixel_fraction"": 0.0, ""tiny_component_pixels"": 0}, ""cluster_1"": {""cluster_value"": 1, ""component_size_histogram"": {""4455"": 1}, ""largest_component_size"": 4455, ""num_1_cell_components"": 0, ""num_2_cell_components"": 0, ""num_components"": 1, ""smallest_component_size"": 4455, ""tiny_component_pixel_fraction"": 0.0, ""tiny_component_pixels"": 0}}"
cstd,feature_cluster_coarse_to_fine_global_pooled_init_flip_avg_coarse_only,benchmark,385,000385,2,partition_invariant,0.9253378027337941,0.8699577259885642,0.5,0.8963769340317169,0.9542986714358712,0.2867393493652344,0.7132606506347656,2,2,0.0,0.0,ok,True,"cluster_b->texture_a,cluster_a->texture_b",cluster_b,cluster_a,0.01647834805811289,0.8699577259885642,0.9253378027337941,0.8699577259885642,best_partition_assignment,1,fpn_2,fpn_2,fpn_2,72x72,180181,81963,180181,81963,180181,81963,0.0,0.0,0.0,0.0,coarsest_pooled_direct,pooled_avg_pool_flip_avg_coarse_only,False,False,architexture_binary_v1,0.9253378027337941,0.8699577259885642,3,3,24x24,"{""cluster_0"": {""cluster_value"": 0, ""component_size_histogram"": {""3546"": 1, ""9"": 2}, ""largest_component_size"": 3546, ""num_1_cell_components"": 0, ""num_2_cell_components"": 0, ""num_components"": 3, ""smallest_component_size"": 9, ""tiny_component_pixel_fraction"": 0.0, ""tiny_component_pixels"": 0}, ""cluster_1"": {""cluster_value"": 1, ""component_size_histogram"": {""1620"": 1}, ""largest_component_size"": 1620, ""num_1_cell_components"": 0, ""num_2_cell_components"": 0, ""num_components"": 1, ""smallest_component_size"": 1620, ""tiny_component_pixel_fraction"": 0.0, ""tiny_component_pixels"": 0}}"
cstd,feature_cluster_coarse_to_fine_global_pooled_init_flip_avg_coarse_only,benchmark,386,000386,2,partition_invariant,0.9626472683690674,0.9425902142719785,0.5,0.9833860338090096,0.9419085029291253,0.78692626953125,0.21307373046875,2,2,0.0,0.0,ok,True,"cluster_b->texture_a,cluster_a->texture_b",cluster_b,cluster_a,0.006554679675557221,0.9425902142719785,0.9626472683690674,0.9425902142719785,best_partition_assignment,1,fpn_2,fpn_2,fpn_2,72x72,58837,203307,58837,203307,58837,203307,0.0,0.0,0.0,0.0,coarsest_pooled_direct,pooled_avg_pool_flip_avg_coarse_only,False,False,architexture_binary_v1,0.9626472683690674,0.9425902142719785,3,3,24x24,"{""cluster_0"": {""cluster_value"": 0, ""component_size_histogram"": {""1161"": 1}, ""largest_component_size"": 1161, ""num_1_cell_components"": 0, ""num_2_cell_components"": 0, ""num_components"": 1, ""smallest_component_size"": 1161, ""tiny_component_pixel_fraction"": 0.0, ""tiny_component_pixels"": 0}, ""cluster_1"": {""cluster_value"": 1, ""component_size_histogram"": {""4023"": 1}, ""largest_component_size"": 4023, ""num_1_cell_components"": 0, ""num_2_cell_components"": 0, ""num_components"": 1, ""smallest_component_size"": 4023, ""tiny_component_pixel_fraction"": 0.0, ""tiny_component_pixels"": 0}}"
cstd,feature_cluster_coarse_to_fine_global_pooled_init_flip_avg_coarse_only,benchmark,387,000387,2,partition_invariant,0.8976451347426403,0.8464427709502312,0.5,0.8362328198505673,0.9590574496347133,0.18016815185546875,0.8198318481445312,2,2,0.0,0.0,ok,True,"cluster_a->texture_a,cluster_b->texture_b",cluster_a,cluster_b,0.8976451347426403,0.8464427709502312,0.017127930063208723,0.8464427709502312,best_partition_assignment,1,fpn_2,fpn_2,fpn_2,72x72,52303,209841,52303,209841,52303,209841,0.0,0.0,0.0,0.0,coarsest_pooled_direct,pooled_avg_pool_flip_avg_coarse_only,False,False,architexture_binary_v1,0.8976451347426403,0.8464427709502312,3,3,24x24,"{""cluster_0"": {""cluster_value"": 0, ""component_size_histogram"": {""1035"": 1}, ""largest_component_size"": 1035, ""num_1_cell_components"": 0, ""num_2_cell_components"": 0, ""num_components"": 1, ""smallest_component_size"": 1035, ""tiny_component_pixel_fraction"": 0.0, ""tiny_component_pixels"": 0}, ""cluster_1"": {""cluster_value"": 1, ""component_size_histogram"": {""27"": 1, ""4122"": 1}, ""largest_component_size"": 4122, ""num_1_cell_components"": 0, ""num_2_cell_components"": 0, ""num_components"": 2, ""smallest_component_size"": 27, ""tiny_component_pixel_fraction"": 0.0, ""tiny_component_pixels"": 0}}"
cstd,feature_cluster_coarse_to_fine_global_pooled_init_flip_avg_coarse_only,benchmark,388,000388,2,partition_invariant,0.9368516477047173,0.8828963459747662,0.5,0.9191741505416166,0.9545291448678179,0.3522148132324219,0.6477851867675781,2,2,0.0,0.0,ok,True,"cluster_a->texture_a,cluster_b->texture_b",cluster_a,cluster_b,0.9368516477047173,0.8828963459747662,0.015200720360635264,0.8828963459747662,best_partition_assignment,1,fpn_2,fpn_2,fpn_2,72x72,94230,167914,94230,167914,94230,167914,0.0,0.0,0.0,0.0,coarsest_pooled_direct,pooled_avg_pool_flip_avg_coarse_only,False,False,architexture_binary_v1,0.9368516477047173,0.8828963459747662,3,3,24x24,"{""cluster_0"": {""cluster_value"": 0, ""component_size_histogram"": {""1863"": 1}, ""largest_component_size"": 1863, ""num_1_cell_components"": 0, ""num_2_cell_components"": 0, ""num_components"": 1, ""smallest_component_size"": 1863, ""tiny_component_pixel_fraction"": 0.0, ""tiny_component_pixels"": 0}, ""cluster_1"": {""cluster_value"": 1, ""component_size_histogram"": {""3321"": 1}, ""largest_component_size"": 3321, ""num_1_cell_components"": 0, ""num_2_cell_components"": 0, ""num_components"": 1, ""smallest_component_size"": 3321, ""tiny_component_pixel_fraction"": 0.0, ""tiny_component_pixels"": 0}}"
cstd,feature_cluster_coarse_to_fine_global_pooled_init_flip_avg_coarse_only,benchmark,389,000389,2,partition_invariant,0.8569657640777115,0.7313010827144123,0.5,0.821902310716407,0.892029217439016,0.3475456237792969,0.6524543762207031,2,2,0.0,0.0,ok,True,"cluster_b->texture_a,cluster_a->texture_b",cluster_b,cluster_a,0.036919232876644024,0.7313010827144123,0.8569657640777115,0.7313010827144123,best_partition_assignment,1,fpn_2,fpn_2,fpn_2,72x72,160000,102144,160000,102144,160000,102144,0.0,0.0,0.0,0.0,coarsest_pooled_direct,pooled_avg_pool_flip_avg_coarse_only,False,False,architexture_binary_v1,0.8569657640777115,0.7313010827144123,3,3,24x24,"{""cluster_0"": {""cluster_value"": 0, ""component_size_histogram"": {""27"": 1, ""3123"": 1, ""9"": 1}, ""largest_component_size"": 3123, ""num_1_cell_components"": 0, ""num_2_cell_components"": 0, ""num_components"": 3, ""smallest_component_size"": 9, ""tiny_component_pixel_fraction"": 0.0, ""tiny_component_pixels"": 0}, ""cluster_1"": {""cluster_value"": 1, ""component_size_histogram"": {""1827"": 1, ""198"": 1}, ""largest_component_size"": 1827, ""num_1_cell_components"": 0, ""num_2_cell_components"": 0, ""num_components"": 2, ""smallest_component_size"": 198, ""tiny_component_pixel_fraction"": 0.0, ""tiny_component_pixels"": 0}}"
cstd,feature_cluster_coarse_to_fine_global_pooled_init_flip_avg_coarse_only,benchmark,390,000390,2,partition_invariant,0.9577101353911034,0.9158192246507642,0.5,0.9549435795799636,0.9604766912022432,0.4694709777832031,0.5305290222167969,2,2,0.0,0.0,ok,True,"cluster_b->texture_a,cluster_a->texture_b",cluster_b,cluster_a,0.010862122827692888,0.9158192246507642,0.9577101353911034,0.9158192246507642,best_partition_assignment,1,fpn_2,fpn_2,fpn_2,72x72,140587,121557,140587,121557,140587,121557,0.0,0.0,0.0,0.0,coarsest_pooled_direct,pooled_avg_pool_flip_avg_coarse_only,False,False,architexture_binary_v1,0.9577101353911034,0.9158192246507642,3,3,24x24,"{""cluster_0"": {""cluster_value"": 0, ""component_size_histogram"": {""27"": 1, ""2754"": 1}, ""largest_component_size"": 2754, ""num_1_cell_components"": 0, ""num_2_cell_components"": 0, ""num_components"": 2, ""smallest_component_size"": 27, ""tiny_component_pixel_fraction"": 0.0, ""tiny_component_pixels"": 0}, ""cluster_1"": {""cluster_value"": 1, ""component_size_histogram"": {""2403"": 1}, ""largest_component_size"": 2403, ""num_1_cell_components"": 0, ""num_2_cell_components"": 0, ""num_components"": 1, ""smallest_component_size"": 2403, ""tiny_component_pixel_fraction"": 0.0, ""tiny_component_pixels"": 0}}"
cstd,feature_cluster_coarse_to_fine_global_pooled_init_flip_avg_coarse_only,benchmark,391,000391,2,partition_invariant,0.30561891792600837,-0.034126921083364035,0.5,0.3155646131558917,0.295673222696125,0.7303543090820312,0.26964569091796875,2,2,0.0,0.0,ok,True,"cluster_a->texture_a,cluster_b->texture_b",cluster_a,cluster_b,0.30561891792600837,-0.034126921083364035,0.29954763192406864,-0.034126921083364035,best_partition_assignment,1,fpn_2,fpn_2,fpn_2,72x72,76437,185707,76437,185707,76437,185707,0.0,0.0,0.0,0.0,coarsest_pooled_direct,pooled_avg_pool_flip_avg_coarse_only,False,False,architexture_binary_v1,0.30561891792600837,-0.034126921083364035,3,3,24x24,"{""cluster_0"": {""cluster_value"": 0, ""component_size_histogram"": {""684"": 1, ""819"": 1, ""9"": 1}, ""largest_component_size"": 819, ""num_1_cell_components"": 0, ""num_2_cell_components"": 0, ""num_components"": 3, ""smallest_component_size"": 9, ""tiny_component_pixel_fraction"": 0.0, ""tiny_component_pixels"": 0}, ""cluster_1"": {""cluster_value"": 1, ""component_size_histogram"": {""3672"": 1}, ""largest_component_size"": 3672, ""num_1_cell_components"": 0, ""num_2_cell_components"": 0, ""num_components"": 1, ""smallest_component_size"": 3672, ""tiny_component_pixel_fraction"": 0.0, ""tiny_component_pixels"": 0}}"
cstd,feature_cluster_coarse_to_fine_global_pooled_init_flip_avg_coarse_only,benchmark,392,000392,2,partition_invariant,0.49245319183811653,0.12740620701252064,0.5,0.6015136370127089,0.38339274666352413,0.7135391235351562,0.28646087646484375,2,2,0.0,0.0,ok,True,"cluster_a->texture_a,cluster_b->texture_b",cluster_a,cluster_b,0.49245319183811653,0.12740620701252064,0.18406707277671533,0.12740620701252064,best_partition_assignment,1,fpn_2,fpn_2,fpn_2,72x72,149412,112732,149412,112732,149412,112732,0.0,0.0,0.0,0.0,coarsest_pooled_direct,pooled_avg_pool_flip_avg_coarse_only,False,False,architexture_binary_v1,0.49245319183811653,0.12740620701252064,3,3,24x24,"{""cluster_0"": {""cluster_value"": 0, ""component_size_histogram"": {""2808"": 1, ""45"": 1, ""9"": 1, ""90"": 1}, ""largest_component_size"": 2808, ""num_1_cell_components"": 0, ""num_2_cell_components"": 0, ""num_components"": 4, ""smallest_component_size"": 9, ""tiny_component_pixel_fraction"": 0.0, ""tiny_component_pixels"": 0}, ""cluster_1"": {""cluster_value"": 1, ""component_size_histogram"": {""18"": 2, ""1890"": 1, ""27"": 1, ""36"": 1, ""54"": 1, ""63"": 1, ""9"": 3, ""99"": 1}, ""largest_component_size"": 1890, ""num_1_cell_components"": 0, ""num_2_cell_components"": 0, ""num_components"": 11, ""smallest_component_size"": 9, ""tiny_component_pixel_fraction"": 0.0, ""tiny_component_pixels"": 0}}"
cstd,feature_cluster_coarse_to_fine_global_pooled_init_flip_avg_coarse_only,benchmark,393,000393,2,partition_invariant,0.9282548209001695,0.8778157199219871,0.5,0.8979704276964867,0.9585392141038525,0.2784461975097656,0.7215538024902344,2,2,0.0,0.0,ok,True,"cluster_a->texture_a,cluster_b->texture_b",cluster_a,cluster_b,0.9282548209001695,0.8778157199219871,0.015405495630194842,0.8778157199219871,best_partition_assignment,1,fpn_2,fpn_2,fpn_2,72x72,75136,187008,75136,187008,75136,187008,0.0,0.0,0.0,0.0,coarsest_pooled_direct,pooled_avg_pool_flip_avg_coarse_only,False,False,architexture_binary_v1,0.9282548209001695,0.8778157199219871,3,3,24x24,"{""cluster_0"": {""cluster_value"": 0, ""component_size_histogram"": {""1485"": 1}, ""largest_component_size"": 1485, ""num_1_cell_components"": 0, ""num_2_cell_components"": 0, ""num_components"": 1, ""smallest_component_size"": 1485, ""tiny_component_pixel_fraction"": 0.0, ""tiny_component_pixels"": 0}, ""cluster_1"": {""cluster_value"": 1, ""component_size_histogram"": {""3699"": 1}, ""largest_component_size"": 3699, ""num_1_cell_components"": 0, ""num_2_cell_components"": 0, ""num_components"": 1, ""smallest_component_size"": 3699, ""tiny_component_pixel_fraction"": 0.0, ""tiny_component_pixels"": 0}}"
cstd,feature_cluster_coarse_to_fine_global_pooled_init_flip_avg_coarse_only,benchmark,394,000394,2,partition_invariant,0.7015589152257918,0.42126469514860526,0.5,0.7020645144567852,0.7010533159947985,0.5703544616699219,0.4296455383300781,2,2,0.0,0.0,ok,True,"cluster_a->texture_a,cluster_b->texture_b",cluster_a,cluster_b,0.7015589152257918,0.42126469514860526,0.09087122096792978,0.42126469514860526,best_partition_assignment,1,fpn_2,fpn_2,fpn_2,72x72,113151,148993,113151,148993,113151,148993,0.0,0.0,0.0,0.0,coarsest_pooled_direct,pooled_avg_pool_flip_avg_coarse_only,False,False,architexture_binary_v1,0.7015589152257918,0.42126469514860526,3,3,24x24,"{""cluster_0"": {""cluster_value"": 0, ""component_size_histogram"": {""144"": 1, ""2088"": 1, ""9"": 1}, ""largest_component_size"": 2088, ""num_1_cell_components"": 0, ""num_2_cell_components"": 0, ""num_components"": 3, ""smallest_component_size"": 9, ""tiny_component_pixel_fraction"": 0.0, ""tiny_component_pixels"": 0}, ""cluster_1"": {""cluster_value"": 1, ""component_size_histogram"": {""126"": 1, ""18"": 1, ""2421"": 1, ""360"": 1, ""9"": 2}, ""largest_component_size"": 2421, ""num_1_cell_components"": 0, ""num_2_cell_components"": 0, ""num_components"": 6, ""smallest_component_size"": 9, ""tiny_component_pixel_fraction"": 0.0, ""tiny_component_pixels"": 0}}"
cstd,feature_cluster_coarse_to_fine_global_pooled_init_flip_avg_coarse_only,benchmark,395,000395,2,partition_invariant,0.9035290222675283,0.8357105027758734,0.5,0.8627443513582127,0.9443136931768438,0.26357269287109375,0.7364273071289062,2,2,0.0,0.0,ok,True,"cluster_a->texture_a,cluster_b->texture_b",cluster_a,cluster_b,0.9035290222675283,0.8357105027758734,0.02078640147560612,0.8357105027758734,best_partition_assignment,1,fpn_2,fpn_2,fpn_2,72x72,77653,184491,77653,184491,77653,184491,0.0,0.0,0.0,0.0,coarsest_pooled_direct,pooled_avg_pool_flip_avg_coarse_only,False,False,architexture_binary_v1,0.9035290222675283,0.8357105027758734,3,3,24x24,"{""cluster_0"": {""cluster_value"": 0, ""component_size_histogram"": {""1539"": 1}, ""largest_component_size"": 1539, ""num_1_cell_components"": 0, ""num_2_cell_components"": 0, ""num_components"": 1, ""smallest_component_size"": 1539, ""tiny_component_pixel_fraction"": 0.0, ""tiny_component_pixels"": 0}, ""cluster_1"": {""cluster_value"": 1, ""component_size_histogram"": {""3645"": 1}, ""largest_component_size"": 3645, ""num_1_cell_components"": 0, ""num_2_cell_components"": 0, ""num_components"": 1, ""smallest_component_size"": 3645, ""tiny_component_pixel_fraction"": 0.0, ""tiny_component_pixels"": 0}}"
cstd,feature_cluster_coarse_to_fine_global_pooled_init_flip_avg_coarse_only,benchmark,396,000396,2,partition_invariant,0.9607597273291226,0.9321986453152762,0.5,0.9764167641032793,0.945102690554966,0.7087287902832031,0.2912712097167969,2,2,0.0,0.0,ok,True,"cluster_b->texture_a,cluster_a->texture_b",cluster_b,cluster_a,0.008422672295217698,0.9321986453152762,0.9607597273291226,0.9321986453152762,best_partition_assignment,1,fpn_2,fpn_2,fpn_2,72x72,79438,182706,79438,182706,79438,182706,0.0,0.0,0.0,0.0,coarsest_pooled_direct,pooled_avg_pool_flip_avg_coarse_only,False,False,architexture_binary_v1,0.9607597273291226,0.9321986453152762,3,3,24x24,"{""cluster_0"": {""cluster_value"": 0, ""component_size_histogram"": {""1566"": 1, ""9"": 1}, ""largest_component_size"": 1566, ""num_1_cell_components"": 0, ""num_2_cell_components"": 0, ""num_components"": 2, ""smallest_component_size"": 9, ""tiny_component_pixel_fraction"": 0.0, ""tiny_component_pixels"": 0}, ""cluster_1"": {""cluster_value"": 1, ""component_size_histogram"": {""3609"": 1}, ""largest_component_size"": 3609, ""num_1_cell_components"": 0, ""num_2_cell_components"": 0, ""num_components"": 1, ""smallest_component_size"": 3609, ""tiny_component_pixel_fraction"": 0.0, ""tiny_component_pixels"": 0}}"
cstd,feature_cluster_coarse_to_fine_global_pooled_init_flip_avg_coarse_only,benchmark,397,000397,2,partition_invariant,0.34785538414891326,0.010258792074570117,0.5,0.19302802366011443,0.5026827446377121,0.4624366760253906,0.5375633239746094,2,2,0.0,0.0,ok,True,"cluster_a->texture_a,cluster_b->texture_b",cluster_a,cluster_b,0.34785538414891326,0.010258792074570117,0.26389883112769563,0.010258792074570117,best_partition_assignment,1,fpn_2,fpn_2,fpn_2,72x72,51022,211122,51022,211122,51022,211122,0.0,0.0,0.0,0.0,coarsest_pooled_direct,pooled_avg_pool_flip_avg_coarse_only,False,False,architexture_binary_v1,0.34785538414891326,0.010258792074570117,3,3,24x24,"{""cluster_0"": {""cluster_value"": 0, ""component_size_histogram"": {""477"": 1, ""531"": 1}, ""largest_component_size"": 531, ""num_1_cell_components"": 0, ""num_2_cell_components"": 0, ""num_components"": 2, ""smallest_component_size"": 477, ""tiny_component_pixel_fraction"": 0.0, ""tiny_component_pixels"": 0}, ""cluster_1"": {""cluster_value"": 1, ""component_size_histogram"": {""1836"": 1, ""2340"": 1}, ""largest_component_size"": 2340, ""num_1_cell_components"": 0, ""num_2_cell_components"": 0, ""num_components"": 2, ""smallest_component_size"": 1836, ""tiny_component_pixel_fraction"": 0.0, ""tiny_component_pixels"": 0}}"
cstd,feature_cluster_coarse_to_fine_global_pooled_init_flip_avg_coarse_only,benchmark,398,000398,2,partition_invariant,0.9321090565319294,0.8663041727582527,0.5,0.9239606814544175,0.9402574316094413,0.4267120361328125,0.5732879638671875,2,2,0.0,0.0,ok,True,"cluster_a->texture_a,cluster_b->texture_b",cluster_a,cluster_b,0.9321090565319294,0.8663041727582527,0.01748447391804976,0.8663041727582527,best_partition_assignment,1,fpn_2,fpn_2,fpn_2,72x72,117732,144412,117732,144412,117732,144412,0.0,0.0,0.0,0.0,coarsest_pooled_direct,pooled_avg_pool_flip_avg_coarse_only,False,False,architexture_binary_v1,0.9321090565319294,0.8663041727582527,3,3,24x24,"{""cluster_0"": {""cluster_value"": 0, ""component_size_histogram"": {""2331"": 1}, ""largest_component_size"": 2331, ""num_1_cell_components"": 0, ""num_2_cell_components"": 0, ""num_components"": 1, ""smallest_component_size"": 2331, ""tiny_component_pixel_fraction"": 0.0, ""tiny_component_pixels"": 0}, ""cluster_1"": {""cluster_value"": 1, ""component_size_histogram"": {""2835"": 1, ""9"": 2}, ""largest_component_size"": 2835, ""num_1_cell_components"": 0, ""num_2_cell_components"": 0, ""num_components"": 3, ""smallest_component_size"": 9, ""tiny_component_pixel_fraction"": 0.0, ""tiny_component_pixels"": 0}}"
cstd,feature_cluster_coarse_to_fine_global_pooled_init_flip_avg_coarse_only,benchmark,399,000399,2,partition_invariant,0.31696687158321424,-0.03201520742791284,0.5,0.26563700253330064,0.3682967406331279,0.22442626953125,0.77557373046875,2,2,0.0,0.0,ok,True,"cluster_b->texture_a,cluster_a->texture_b",cluster_b,cluster_a,0.2840467149253766,-0.03201520742791284,0.31696687158321424,-0.03201520742791284,best_partition_assignment,1,fpn_2,fpn_2,fpn_2,72x72,88662,173482,88662,173482,88662,173482,0.0,0.0,0.0,0.0,coarsest_pooled_direct,pooled_avg_pool_flip_avg_coarse_only,False,False,architexture_binary_v1,0.31696687158321424,-0.03201520742791284,3,3,24x24,"{""cluster_0"": {""cluster_value"": 0, ""component_size_histogram"": {""1080"": 1, ""675"": 1}, ""largest_component_size"": 1080, ""num_1_cell_components"": 0, ""num_2_cell_components"": 0, ""num_components"": 2, ""smallest_component_size"": 675, ""tiny_component_pixel_fraction"": 0.0, ""tiny_component_pixels"": 0}, ""cluster_1"": {""cluster_value"": 1, ""component_size_histogram"": {""3429"": 1}, ""largest_component_size"": 3429, ""num_1_cell_components"": 0, ""num_2_cell_components"": 0, ""num_components"": 1, ""smallest_component_size"": 3429, ""tiny_component_pixel_fraction"": 0.0, ""tiny_component_pixels"": 0}}"
cstd,feature_cluster_coarse_to_fine_global_pooled_init_flip_avg_coarse_only,benchmark,400,000400,2,partition_invariant,0.39718705839214974,0.0076006510261187495,0.5,0.40716911282753127,0.38720500395676827,0.34813690185546875,0.6518630981445312,2,2,0.0,0.0,ok,True,"cluster_b->texture_a,cluster_a->texture_b",cluster_b,cluster_a,0.24189662938768075,0.0076006510261187495,0.39718705839214974,0.0076006510261187495,best_partition_assignment,1,fpn_2,fpn_2,fpn_2,72x72,85049,177095,85049,177095,85049,177095,0.0,0.0,0.0,0.0,coarsest_pooled_direct,pooled_avg_pool_flip_avg_coarse_only,False,False,architexture_binary_v1,0.39718705839214974,0.0076006510261187495,3,3,24x24,"{""cluster_0"": {""cluster_value"": 0, ""component_size_histogram"": {""738"": 1, ""9"": 1, ""936"": 1}, ""largest_component_size"": 936, ""num_1_cell_components"": 0, ""num_2_cell_components"": 0, ""num_components"": 3, ""smallest_component_size"": 9, ""tiny_component_pixel_fraction"": 0.0, ""tiny_component_pixels"": 0}, ""cluster_1"": {""cluster_value"": 1, ""component_size_histogram"": {""3501"": 1}, ""largest_component_size"": 3501, ""num_1_cell_components"": 0, ""num_2_cell_components"": 0, ""num_components"": 1, ""smallest_component_size"": 3501, ""tiny_component_pixel_fraction"": 0.0, ""tiny_component_pixels"": 0}}"
cstd,feature_cluster_coarse_to_fine_global_pooled_init_flip_avg_coarse_only,benchmark,401,000401,2,partition_invariant,0.9470013872655585,0.9228686441338804,0.5,0.9138797158010608,0.9801230587300561,0.17704391479492188,0.8229560852050781,2,2,0.0,0.0,ok,True,"cluster_a->texture_a,cluster_b->texture_b",cluster_a,cluster_b,0.9470013872655585,0.9228686441338804,0.008246379269154632,0.9228686441338804,best_partition_assignment,1,fpn_2,fpn_2,fpn_2,72x72,49216,212928,49216,212928,49216,212928,0.0,0.0,0.0,0.0,coarsest_pooled_direct,pooled_avg_pool_flip_avg_coarse_only,False,False,architexture_binary_v1,0.9470013872655585,0.9228686441338804,3,3,24x24,"{""cluster_0"": {""cluster_value"": 0, ""component_size_histogram"": {""9"": 1, ""963"": 1}, ""largest_component_size"": 963, ""num_1_cell_components"": 0, ""num_2_cell_components"": 0, ""num_components"": 2, ""smallest_component_size"": 9, ""tiny_component_pixel_fraction"": 0.0, ""tiny_component_pixels"": 0}, ""cluster_1"": {""cluster_value"": 1, ""component_size_histogram"": {""4212"": 1}, ""largest_component_size"": 4212, ""num_1_cell_components"": 0, ""num_2_cell_components"": 0, ""num_components"": 1, ""smallest_component_size"": 4212, ""tiny_component_pixel_fraction"": 0.0, ""tiny_component_pixels"": 0}}"
cstd,feature_cluster_coarse_to_fine_global_pooled_init_flip_avg_coarse_only,benchmark,402,000402,2,partition_invariant,0.9354469786378368,0.8925974159601009,0.5,0.906085936754258,0.9648080205214157,0.2554931640625,0.7445068359375,2,2,0.0,0.0,ok,True,"cluster_a->texture_a,cluster_b->texture_b",cluster_a,cluster_b,0.9354469786378368,0.8925974159601009,0.013185597400522072,0.8925974159601009,best_partition_assignment,1,fpn_2,fpn_2,fpn_2,72x72,72803,189341,72803,189341,72803,189341,0.0,0.0,0.0,0.0,coarsest_pooled_direct,pooled_avg_pool_flip_avg_coarse_only,False,False,architexture_binary_v1,0.9354469786378368,0.8925974159601009,3,3,24x24,"{""cluster_0"": {""cluster_value"": 0, ""component_size_histogram"": {""1440"": 1}, ""largest_component_size"": 1440, ""num_1_cell_components"": 0, ""num_2_cell_components"": 0, ""num_components"": 1, ""smallest_component_size"": 1440, ""tiny_component_pixel_fraction"": 0.0, ""tiny_component_pixels"": 0}, ""cluster_1"": {""cluster_value"": 1, ""component_size_histogram"": {""3744"": 1}, ""largest_component_size"": 3744, ""num_1_cell_components"": 0, ""num_2_cell_components"": 0, ""num_components"": 1, ""smallest_component_size"": 3744, ""tiny_component_pixel_fraction"": 0.0, ""tiny_component_pixels"": 0}}"
cstd,feature_cluster_coarse_to_fine_global_pooled_init_flip_avg_coarse_only,benchmark,403,000403,2,partition_invariant,0.9583301642599349,0.9180048743629048,0.5,0.9635966774587336,0.9530636510611361,0.5706825256347656,0.4293174743652344,2,2,0.0,0.0,ok,True,"cluster_b->texture_a,cluster_a->texture_b",cluster_b,cluster_a,0.010537885040220305,0.9180048743629048,0.9583301642599349,0.9180048743629048,best_partition_assignment,1,fpn_2,fpn_2,fpn_2,72x72,115776,146368,115776,146368,115776,146368,0.0,0.0,0.0,0.0,coarsest_pooled_direct,pooled_avg_pool_flip_avg_coarse_only,False,False,architexture_binary_v1,0.9583301642599349,0.9180048743629048,3,3,24x24,"{""cluster_0"": {""cluster_value"": 0, ""component_size_histogram"": {""2277"": 1, ""9"": 2}, ""largest_component_size"": 2277, ""num_1_cell_components"": 0, ""num_2_cell_components"": 0, ""num_components"": 3, ""smallest_component_size"": 9, ""tiny_component_pixel_fraction"": 0.0, ""tiny_component_pixels"": 0}, ""cluster_1"": {""cluster_value"": 1, ""component_size_histogram"": {""2889"": 1}, ""largest_component_size"": 2889, ""num_1_cell_components"": 0, ""num_2_cell_components"": 0, ""num_components"": 1, ""smallest_component_size"": 2889, ""tiny_component_pixel_fraction"": 0.0, ""tiny_component_pixels"": 0}}"
cstd,feature_cluster_coarse_to_fine_global_pooled_init_flip_avg_coarse_only,benchmark,404,000404,2,partition_invariant,0.34652769868054945,-0.0013343101043092548,0.5,0.19276717846845728,0.5002882188926416,0.30364990234375,0.69635009765625,2,2,0.0,0.0,ok,True,"cluster_a->texture_a,cluster_b->texture_b",cluster_a,cluster_b,0.34652769868054945,-0.0013343101043092548,0.28655369297105604,-0.0013343101043092548,best_partition_assignment,1,fpn_2,fpn_2,fpn_2,72x72,93325,168819,93325,168819,93325,168819,0.0,0.0,0.0,0.0,coarsest_pooled_direct,pooled_avg_pool_flip_avg_coarse_only,False,False,architexture_binary_v1,0.34652769868054945,-0.0013343101043092548,3,3,24x24,"{""cluster_0"": {""cluster_value"": 0, ""component_size_histogram"": {""1845"": 1}, ""largest_component_size"": 1845, ""num_1_cell_components"": 0, ""num_2_cell_components"": 0, ""num_components"": 1, ""smallest_component_size"": 1845, ""tiny_component_pixel_fraction"": 0.0, ""tiny_component_pixels"": 0}, ""cluster_1"": {""cluster_value"": 1, ""component_size_histogram"": {""3339"": 1}, ""largest_component_size"": 3339, ""num_1_cell_components"": 0, ""num_2_cell_components"": 0, ""num_components"": 1, ""smallest_component_size"": 3339, ""tiny_component_pixel_fraction"": 0.0, ""tiny_component_pixels"": 0}}"
cstd,feature_cluster_coarse_to_fine_global_pooled_init_flip_avg_coarse_only,benchmark,405,000405,2,partition_invariant,0.9669165081569173,0.9378980229521757,0.5,0.9584506828987613,0.9753823334150732,0.3745574951171875,0.6254425048828125,2,2,0.0,0.0,ok,True,"cluster_b->texture_a,cluster_a->texture_b",cluster_b,cluster_a,0.007892241785235322,0.9378980229521757,0.9669165081569173,0.9378980229521757,best_partition_assignment,1,fpn_2,fpn_2,fpn_2,72x72,166322,95822,166322,95822,166322,95822,0.0,0.0,0.0,0.0,coarsest_pooled_direct,pooled_avg_pool_flip_avg_coarse_only,False,False,architexture_binary_v1,0.9669165081569173,0.9378980229521757,3,3,24x24,"{""cluster_0"": {""cluster_value"": 0, ""component_size_histogram"": {""3285"": 1}, ""largest_component_size"": 3285, ""num_1_cell_components"": 0, ""num_2_cell_components"": 0, ""num_components"": 1, ""smallest_component_size"": 3285, ""tiny_component_pixel_fraction"": 0.0, ""tiny_component_pixels"": 0}, ""cluster_1"": {""cluster_value"": 1, ""component_size_histogram"": {""1899"": 1}, ""largest_component_size"": 1899, ""num_1_cell_components"": 0, ""num_2_cell_components"": 0, ""num_components"": 1, ""smallest_component_size"": 1899, ""tiny_component_pixel_fraction"": 0.0, ""tiny_component_pixels"": 0}}"
cstd,feature_cluster_coarse_to_fine_global_pooled_init_flip_avg_coarse_only,benchmark,406,000406,2,partition_invariant,0.869749803360004,0.7681139914473186,0.5,0.8240962254120149,0.915403381307993,0.34228515625,0.65771484375,2,2,0.0,0.0,ok,True,"cluster_a->texture_a,cluster_b->texture_b",cluster_a,cluster_b,0.869749803360004,0.7681139914473186,0.03042138020371963,0.7681139914473186,best_partition_assignment,1,fpn_2,fpn_2,fpn_2,72x72,74966,187178,74966,187178,74966,187178,0.0,0.0,0.0,0.0,coarsest_pooled_direct,pooled_avg_pool_flip_avg_coarse_only,False,False,architexture_binary_v1,0.869749803360004,0.7681139914473186,3,3,24x24,"{""cluster_0"": {""cluster_value"": 0, ""component_size_histogram"": {""1476"": 1, ""9"": 1}, ""largest_component_size"": 1476, ""num_1_cell_components"": 0, ""num_2_cell_components"": 0, ""num_components"": 2, ""smallest_component_size"": 9, ""tiny_component_pixel_fraction"": 0.0, ""tiny_component_pixels"": 0}, ""cluster_1"": {""cluster_value"": 1, ""component_size_histogram"": {""3699"": 1}, ""largest_component_size"": 3699, ""num_1_cell_components"": 0, ""num_2_cell_components"": 0, ""num_components"": 1, ""smallest_component_size"": 3699, ""tiny_component_pixel_fraction"": 0.0, ""tiny_component_pixels"": 0}}"
cstd,feature_cluster_coarse_to_fine_global_pooled_init_flip_avg_coarse_only,benchmark,407,000407,2,partition_invariant,0.821883208290525,0.6623296256748037,0.5,0.7836042541082735,0.8601621624727765,0.4212303161621094,0.5787696838378906,2,2,0.0,0.0,ok,True,"cluster_b->texture_a,cluster_a->texture_b",cluster_b,cluster_a,0.04710836609764382,0.6623296256748037,0.821883208290525,0.6623296256748037,best_partition_assignment,1,fpn_2,fpn_2,fpn_2,72x72,171990,90154,171990,90154,171990,90154,0.0,0.0,0.0,0.0,coarsest_pooled_direct,pooled_avg_pool_flip_avg_coarse_only,False,False,architexture_binary_v1,0.821883208290525,0.6623296256748037,3,3,24x24,"{""cluster_0"": {""cluster_value"": 0, ""component_size_histogram"": {""3402"": 1}, ""largest_component_size"": 3402, ""num_1_cell_components"": 0, ""num_2_cell_components"": 0, ""num_components"": 1, ""smallest_component_size"": 3402, ""tiny_component_pixel_fraction"": 0.0, ""tiny_component_pixels"": 0}, ""cluster_1"": {""cluster_value"": 1, ""component_size_histogram"": {""1782"": 1}, ""largest_component_size"": 1782, ""num_1_cell_components"": 0, ""num_2_cell_components"": 0, ""num_components"": 1, ""smallest_component_size"": 1782, ""tiny_component_pixel_fraction"": 0.0, ""tiny_component_pixels"": 0}}"
cstd,feature_cluster_coarse_to_fine_global_pooled_init_flip_avg_coarse_only,benchmark,408,000408,2,partition_invariant,0.9579869675706831,0.9289484617690816,0.5,0.939906535904693,0.9760673992366732,0.2755317687988281,0.7244682312011719,2,2,0.0,0.0,ok,True,"cluster_a->texture_a,cluster_b->texture_b",cluster_a,cluster_b,0.9579869675706831,0.9289484617690816,0.00875251317618688,0.9289484617690816,best_partition_assignment,1,fpn_2,fpn_2,fpn_2,72x72,75136,187008,75136,187008,75136,187008,0.0,0.0,0.0,0.0,coarsest_pooled_direct,pooled_avg_pool_flip_avg_coarse_only,False,False,architexture_binary_v1,0.9579869675706831,0.9289484617690816,3,3,24x24,"{""cluster_0"": {""cluster_value"": 0, ""component_size_histogram"": {""1476"": 1, ""9"": 1}, ""largest_component_size"": 1476, ""num_1_cell_components"": 0, ""num_2_cell_components"": 0, ""num_components"": 2, ""smallest_component_size"": 9, ""tiny_component_pixel_fraction"": 0.0, ""tiny_component_pixels"": 0}, ""cluster_1"": {""cluster_value"": 1, ""component_size_histogram"": {""3699"": 1}, ""largest_component_size"": 3699, ""num_1_cell_components"": 0, ""num_2_cell_components"": 0, ""num_components"": 1, ""smallest_component_size"": 3699, ""tiny_component_pixel_fraction"": 0.0, ""tiny_component_pixels"": 0}}"
cstd,feature_cluster_coarse_to_fine_global_pooled_init_flip_avg_coarse_only,benchmark,409,000409,2,partition_invariant,0.307468046864111,-0.04201829705159176,0.5,0.40666454981653966,0.20827154391168232,0.35865020751953125,0.6413497924804688,2,2,0.0,0.0,ok,True,"cluster_b->texture_a,cluster_a->texture_b",cluster_b,cluster_a,0.26190411055797047,-0.04201829705159176,0.307468046864111,-0.04201829705159176,best_partition_assignment,1,fpn_2,fpn_2,fpn_2,72x72,37198,224946,37198,224946,37198,224946,0.0,0.0,0.0,0.0,coarsest_pooled_direct,pooled_avg_pool_flip_avg_coarse_only,False,False,architexture_binary_v1,0.307468046864111,-0.04201829705159176,3,3,24x24,"{""cluster_0"": {""cluster_value"": 0, ""component_size_histogram"": {""18"": 1, ""36"": 1, ""45"": 1, ""639"": 1}, ""largest_component_size"": 639, ""num_1_cell_components"": 0, ""num_2_cell_components"": 0, ""num_components"": 4, ""smallest_component_size"": 18, ""tiny_component_pixel_fraction"": 0.0, ""tiny_component_pixels"": 0}, ""cluster_1"": {""cluster_value"": 1, ""component_size_histogram"": {""4446"": 1}, ""largest_component_size"": 4446, ""num_1_cell_components"": 0, ""num_2_cell_components"": 0, ""num_components"": 1, ""smallest_component_size"": 4446, ""tiny_component_pixel_fraction"": 0.0, ""tiny_component_pixels"": 0}}"
cstd,feature_cluster_coarse_to_fine_global_pooled_init_flip_avg_coarse_only,benchmark,410,000410,2,partition_invariant,0.9138637247916983,0.8627771345974059,0.5,0.8693458115423434,0.9583816380410534,0.22329330444335938,0.7767066955566406,2,2,0.0,0.0,ok,True,"cluster_b->texture_a,cluster_a->texture_b",cluster_b,cluster_a,0.016467372622634945,0.8627771345974059,0.9138637247916983,0.8627771345974059,best_partition_assignment,1,fpn_2,fpn_2,fpn_2,72x72,198435,63709,198435,63709,198435,63709,0.0,0.0,0.0,0.0,coarsest_pooled_direct,pooled_avg_pool_flip_avg_coarse_only,False,False,architexture_binary_v1,0.9138637247916983,0.8627771345974059,3,3,24x24,"{""cluster_0"": {""cluster_value"": 0, ""component_size_histogram"": {""3924"": 1}, ""largest_component_size"": 3924, ""num_1_cell_components"": 0, ""num_2_cell_components"": 0, ""num_components"": 1, ""smallest_component_size"": 3924, ""tiny_component_pixel_fraction"": 0.0, ""tiny_component_pixels"": 0}, ""cluster_1"": {""cluster_value"": 1, ""component_size_histogram"": {""1260"": 1}, ""largest_component_size"": 1260, ""num_1_cell_components"": 0, ""num_2_cell_components"": 0, ""num_components"": 1, ""smallest_component_size"": 1260, ""tiny_component_pixel_fraction"": 0.0, ""tiny_component_pixels"": 0}}"
cstd,feature_cluster_coarse_to_fine_global_pooled_init_flip_avg_coarse_only,benchmark,411,000411,2,partition_invariant,0.9393295990864821,0.8934576808452894,0.5,0.9620697855413352,0.916589412631629,0.7031288146972656,0.2968711853027344,2,2,0.0,0.0,ok,True,"cluster_b->texture_a,cluster_a->texture_b",cluster_b,cluster_a,0.013451259326433759,0.8934576808452894,0.9393295990864821,0.8934576808452894,best_partition_assignment,1,fpn_2,fpn_2,fpn_2,72x72,83435,178709,83435,178709,83435,178709,0.0,0.0,0.0,0.0,coarsest_pooled_direct,pooled_avg_pool_flip_avg_coarse_only,False,False,architexture_binary_v1,0.9393295990864821,0.8934576808452894,3,3,24x24,"{""cluster_0"": {""cluster_value"": 0, ""component_size_histogram"": {""1602"": 1, ""27"": 1, ""9"": 2}, ""largest_component_size"": 1602, ""num_1_cell_components"": 0, ""num_2_cell_components"": 0, ""num_components"": 4, ""smallest_component_size"": 9, ""tiny_component_pixel_fraction"": 0.0, ""tiny_component_pixels"": 0}, ""cluster_1"": {""cluster_value"": 1, ""component_size_histogram"": {""3537"": 1}, ""largest_component_size"": 3537, ""num_1_cell_components"": 0, ""num_2_cell_components"": 0, ""num_components"": 1, ""smallest_component_size"": 3537, ""tiny_component_pixel_fraction"": 0.0, ""tiny_component_pixels"": 0}}"
cstd,feature_cluster_coarse_to_fine_global_pooled_init_flip_avg_coarse_only,benchmark,412,000412,2,partition_invariant,0.31503702266486,-0.002439733503813197,0.5,0.15808685885436166,0.4719871864753583,0.21628570556640625,0.7837142944335938,2,2,0.0,0.0,ok,True,"cluster_a->texture_a,cluster_b->texture_b",cluster_a,cluster_b,0.31503702266486,-0.002439733503813197,0.3003422662376424,-0.002439733503813197,best_partition_assignment,1,fpn_2,fpn_2,fpn_2,72x72,116524,145620,116524,145620,116524,145620,0.0,0.0,0.0,0.0,coarsest_pooled_direct,pooled_avg_pool_flip_avg_coarse_only,False,False,architexture_binary_v1,0.31503702266486,-0.002439733503813197,3,3,24x24,"{""cluster_0"": {""cluster_value"": 0, ""component_size_histogram"": {""1287"": 1, ""144"": 1, ""18"": 1, ""36"": 1, ""630"": 1, ""81"": 1, ""99"": 1}, ""largest_component_size"": 1287, ""num_1_cell_components"": 0, ""num_2_cell_components"": 0, ""num_components"": 7, ""smallest_component_size"": 18, ""tiny_component_pixel_fraction"": 0.0, ""tiny_component_pixels"": 0}, ""cluster_1"": {""cluster_value"": 1, ""component_size_histogram"": {""108"": 2, ""144"": 1, ""171"": 1, ""18"": 6, ""36"": 1, ""45"": 1, ""504"": 1, ""54"": 1, ""612"": 1, ""63"": 2, ""702"": 1, ""72"": 1, ""9"": 1, ""90"": 1}, ""largest_component_size"": 702, ""num_1_cell_components"": 0, ""num_2_cell_components"": 0, ""num_components"": 21, ""smallest_component_size"": 9, ""tiny_component_pixel_fraction"": 0.0, ""tiny_component_pixels"": 0}}"
cstd,feature_cluster_coarse_to_fine_global_pooled_init_flip_avg_coarse_only,benchmark,413,000413,2,partition_invariant,0.4499724520338795,0.10274222998385803,0.5,0.6419704365879396,0.25797446747981934,0.6413955688476562,0.35860443115234375,2,2,0.0,0.0,ok,True,"cluster_b->texture_a,cluster_a->texture_b",cluster_b,cluster_a,0.180216042683375,0.10274222998385803,0.4499724520338795,0.10274222998385803,best_partition_assignment,1,fpn_2,fpn_2,fpn_2,72x72,47496,214648,47496,214648,47496,214648,0.0,0.0,0.0,0.0,coarsest_pooled_direct,pooled_avg_pool_flip_avg_coarse_only,False,False,architexture_binary_v1,0.4499724520338795,0.10274222998385803,3,3,24x24,"{""cluster_0"": {""cluster_value"": 0, ""component_size_histogram"": {""18"": 1, ""324"": 1, ""576"": 1, ""9"": 2}, ""largest_component_size"": 576, ""num_1_cell_components"": 0, ""num_2_cell_components"": 0, ""num_components"": 5, ""smallest_component_size"": 9, ""tiny_component_pixel_fraction"": 0.0, ""tiny_component_pixels"": 0}, ""cluster_1"": {""cluster_value"": 1, ""component_size_histogram"": {""4248"": 1}, ""largest_component_size"": 4248, ""num_1_cell_components"": 0, ""num_2_cell_components"": 0, ""num_components"": 1, ""smallest_component_size"": 4248, ""tiny_component_pixel_fraction"": 0.0, ""tiny_component_pixels"": 0}}"
cstd,feature_cluster_coarse_to_fine_global_pooled_init_flip_avg_coarse_only,benchmark,414,000414,2,partition_invariant,0.9710030177099729,0.9421160604474099,0.5,0.9721945371293207,0.9698114982906251,0.5172538757324219,0.4827461242675781,2,2,0.0,0.0,ok,True,"cluster_b->texture_a,cluster_a->texture_b",cluster_b,cluster_a,0.007384607257204661,0.9421160604474099,0.9710030177099729,0.9421160604474099,best_partition_assignment,1,fpn_2,fpn_2,fpn_2,72x72,124665,137479,124665,137479,124665,137479,0.0,0.0,0.0,0.0,coarsest_pooled_direct,pooled_avg_pool_flip_avg_coarse_only,False,False,architexture_binary_v1,0.9710030177099729,0.9421160604474099,3,3,24x24,"{""cluster_0"": {""cluster_value"": 0, ""component_size_histogram"": {""2466"": 1}, ""largest_component_size"": 2466, ""num_1_cell_components"": 0, ""num_2_cell_components"": 0, ""num_components"": 1, ""smallest_component_size"": 2466, ""tiny_component_pixel_fraction"": 0.0, ""tiny_component_pixels"": 0}, ""cluster_1"": {""cluster_value"": 1, ""component_size_histogram"": {""2718"": 1}, ""largest_component_size"": 2718, ""num_1_cell_components"": 0, ""num_2_cell_components"": 0, ""num_components"": 1, ""smallest_component_size"": 2718, ""tiny_component_pixel_fraction"": 0.0, ""tiny_component_pixels"": 0}}"
cstd,feature_cluster_coarse_to_fine_global_pooled_init_flip_avg_coarse_only,benchmark,415,000415,2,partition_invariant,0.8789902030923791,0.8000777624838943,0.5,0.822118286059143,0.9358621201256151,0.24803924560546875,0.7519607543945312,2,2,0.0,0.0,ok,True,"cluster_a->texture_a,cluster_b->texture_b",cluster_a,cluster_b,0.8789902030923791,0.8000777624838943,0.02533452407726554,0.8000777624838943,best_partition_assignment,1,fpn_2,fpn_2,fpn_2,72x72,67825,194319,67825,194319,67825,194319,0.0,0.0,0.0,0.0,coarsest_pooled_direct,pooled_avg_pool_flip_avg_coarse_only,False,False,architexture_binary_v1,0.8789902030923791,0.8000777624838943,3,3,24x24,"{""cluster_0"": {""cluster_value"": 0, ""component_size_histogram"": {""1341"": 1}, ""largest_component_size"": 1341, ""num_1_cell_components"": 0, ""num_2_cell_components"": 0, ""num_components"": 1, ""smallest_component_size"": 1341, ""tiny_component_pixel_fraction"": 0.0, ""tiny_component_pixels"": 0}, ""cluster_1"": {""cluster_value"": 1, ""component_size_histogram"": {""36"": 1, ""3807"": 1}, ""largest_component_size"": 3807, ""num_1_cell_components"": 0, ""num_2_cell_components"": 0, ""num_components"": 2, ""smallest_component_size"": 36, ""tiny_component_pixel_fraction"": 0.0, ""tiny_component_pixels"": 0}}"
cstd,feature_cluster_coarse_to_fine_global_pooled_init_flip_avg_coarse_only,benchmark,416,000416,2,partition_invariant,0.32108514991620296,-0.08571255333358231,0.5,0.010662910141589462,0.6315073896908164,0.24018096923828125,0.7598190307617188,2,2,0.0,0.0,ok,True,"cluster_a->texture_a,cluster_b->texture_b",cluster_a,cluster_b,0.32108514991620296,-0.08571255333358231,0.22152178169361808,-0.08571255333358231,best_partition_assignment,1,fpn_2,fpn_2,fpn_2,72x72,35328,226816,35328,226816,35328,226816,0.0,0.0,0.0,0.0,coarsest_pooled_direct,pooled_avg_pool_flip_avg_coarse_only,False,False,architexture_binary_v1,0.32108514991620296,-0.08571255333358231,3,3,24x24,"{""cluster_0"": {""cluster_value"": 0, ""component_size_histogram"": {""702"": 1}, ""largest_component_size"": 702, ""num_1_cell_components"": 0, ""num_2_cell_components"": 0, ""num_components"": 1, ""smallest_component_size"": 702, ""tiny_component_pixel_fraction"": 0.0, ""tiny_component_pixels"": 0}, ""cluster_1"": {""cluster_value"": 1, ""component_size_histogram"": {""4482"": 1}, ""largest_component_size"": 4482, ""num_1_cell_components"": 0, ""num_2_cell_components"": 0, ""num_components"": 1, ""smallest_component_size"": 4482, ""tiny_component_pixel_fraction"": 0.0, ""tiny_component_pixels"": 0}}"
cstd,feature_cluster_coarse_to_fine_global_pooled_init_flip_avg_coarse_only,benchmark,417,000417,2,partition_invariant,0.3725003535979068,0.005240902783905776,0.5,0.36502233597761635,0.37997837121819716,0.5990638732910156,0.4009361267089844,2,2,0.0,0.0,ok,True,"cluster_a->texture_a,cluster_b->texture_b",cluster_a,cluster_b,0.3725003535979068,0.005240902783905776,0.28225933999189223,0.005240902783905776,best_partition_assignment,1,fpn_2,fpn_2,fpn_2,72x72,100551,161593,100551,161593,100551,161593,0.0,0.0,0.0,0.0,coarsest_pooled_direct,pooled_avg_pool_flip_avg_coarse_only,False,False,architexture_binary_v1,0.3725003535979068,0.005240902783905776,3,3,24x24,"{""cluster_0"": {""cluster_value"": 0, ""component_size_histogram"": {""108"": 1, ""18"": 1, ""252"": 1, ""27"": 2, ""342"": 1, ""45"": 1, ""72"": 1, ""9"": 6, ""945"": 1, ""99"": 1}, ""largest_component_size"": 945, ""num_1_cell_components"": 0, ""num_2_cell_components"": 0, ""num_components"": 16, ""smallest_component_size"": 9, ""tiny_component_pixel_fraction"": 0.0, ""tiny_component_pixels"": 0}, ""cluster_1"": {""cluster_value"": 1, ""component_size_histogram"": {""18"": 1, ""3141"": 1, ""36"": 1}, ""largest_component_size"": 3141, ""num_1_cell_components"": 0, ""num_2_cell_components"": 0, ""num_components"": 3, ""smallest_component_size"": 18, ""tiny_component_pixel_fraction"": 0.0, ""tiny_component_pixels"": 0}}"
cstd,feature_cluster_coarse_to_fine_global_pooled_init_flip_avg_coarse_only,benchmark,418,000418,2,partition_invariant,0.9617952684295059,0.9238544058714669,0.5,0.9639195723381024,0.9596709645209095,0.5277633666992188,0.47223663330078125,2,2,0.0,0.0,ok,True,"cluster_b->texture_a,cluster_a->texture_b",cluster_b,cluster_a,0.009801299511349386,0.9238544058714669,0.9617952684295059,0.9238544058714669,best_partition_assignment,1,fpn_2,fpn_2,fpn_2,72x72,123491,138653,123491,138653,123491,138653,0.0,0.0,0.0,0.0,coarsest_pooled_direct,pooled_avg_pool_flip_avg_coarse_only,False,False,architexture_binary_v1,0.9617952684295059,0.9238544058714669,3,3,24x24,"{""cluster_0"": {""cluster_value"": 0, ""component_size_histogram"": {""2430"": 1, ""9"": 1}, ""largest_component_size"": 2430, ""num_1_cell_components"": 0, ""num_2_cell_components"": 0, ""num_components"": 2, ""smallest_component_size"": 9, ""tiny_component_pixel_fraction"": 0.0, ""tiny_component_pixels"": 0}, ""cluster_1"": {""cluster_value"": 1, ""component_size_histogram"": {""2745"": 1}, ""largest_component_size"": 2745, ""num_1_cell_components"": 0, ""num_2_cell_components"": 0, ""num_components"": 1, ""smallest_component_size"": 2745, ""tiny_component_pixel_fraction"": 0.0, ""tiny_component_pixels"": 0}}"
cstd,feature_cluster_coarse_to_fine_global_pooled_init_flip_avg_coarse_only,benchmark,419,000419,2,partition_invariant,0.9704528239130721,0.9434481050809835,0.5,0.9767112744246096,0.9641943734015346,0.6114921569824219,0.3885078430175781,2,2,0.0,0.0,ok,True,"cluster_b->texture_a,cluster_a->texture_b",cluster_b,cluster_a,0.007191268852773201,0.9434481050809835,0.9704528239130721,0.9434481050809835,best_partition_assignment,1,fpn_2,fpn_2,fpn_2,72x72,103979,158165,103979,158165,103979,158165,0.0,0.0,0.0,0.0,coarsest_pooled_direct,pooled_avg_pool_flip_avg_coarse_only,False,False,architexture_binary_v1,0.9704528239130721,0.9434481050809835,3,3,24x24,"{""cluster_0"": {""cluster_value"": 0, ""component_size_histogram"": {""2052"": 1}, ""largest_component_size"": 2052, ""num_1_cell_components"": 0, ""num_2_cell_components"": 0, ""num_components"": 1, ""smallest_component_size"": 2052, ""tiny_component_pixel_fraction"": 0.0, ""tiny_component_pixels"": 0}, ""cluster_1"": {""cluster_value"": 1, ""component_size_histogram"": {""3132"": 1}, ""largest_component_size"": 3132, ""num_1_cell_components"": 0, ""num_2_cell_components"": 0, ""num_components"": 1, ""smallest_component_size"": 3132, ""tiny_component_pixel_fraction"": 0.0, ""tiny_component_pixels"": 0}}"
cstd,feature_cluster_coarse_to_fine_global_pooled_init_flip_avg_coarse_only,benchmark,420,000420,2,partition_invariant,0.37995118345157936,-0.00262905487739228,0.5,0.44278943805010157,0.31711292885305714,0.3815269470214844,0.6184730529785156,2,2,0.0,0.0,ok,True,"cluster_b->texture_a,cluster_a->texture_b",cluster_b,cluster_a,0.2381315064188102,-0.00262905487739228,0.37995118345157936,-0.00262905487739228,best_partition_assignment,1,fpn_2,fpn_2,fpn_2,72x72,61688,200456,61688,200456,61688,200456,0.0,0.0,0.0,0.0,coarsest_pooled_direct,pooled_avg_pool_flip_avg_coarse_only,False,False,architexture_binary_v1,0.37995118345157936,-0.00262905487739228,3,3,24x24,"{""cluster_0"": {""cluster_value"": 0, ""component_size_histogram"": {""18"": 1, ""261"": 1, ""27"": 1, ""873"": 1, ""9"": 5}, ""largest_component_size"": 873, ""num_1_cell_components"": 0, ""num_2_cell_components"": 0, ""num_components"": 9, ""smallest_component_size"": 9, ""tiny_component_pixel_fraction"": 0.0, ""tiny_component_pixels"": 0}, ""cluster_1"": {""cluster_value"": 1, ""component_size_histogram"": {""3960"": 1}, ""largest_component_size"": 3960, ""num_1_cell_components"": 0, ""num_2_cell_components"": 0, ""num_components"": 1, ""smallest_component_size"": 3960, ""tiny_component_pixel_fraction"": 0.0, ""tiny_component_pixels"": 0}}"
cstd,feature_cluster_coarse_to_fine_global_pooled_init_flip_avg_coarse_only,benchmark,421,000421,2,partition_invariant,0.8818711454142357,0.7658607351512929,0.5,0.890314192268511,0.8734280985599604,0.5590324401855469,0.4409675598144531,2,2,0.0,0.0,ok,True,"cluster_b->texture_a,cluster_a->texture_b",cluster_b,cluster_a,0.03176372044538264,0.7658607351512929,0.8818711454142357,0.7658607351512929,best_partition_assignment,1,fpn_2,fpn_2,fpn_2,72x72,126641,135503,126641,135503,126641,135503,0.0,0.0,0.0,0.0,coarsest_pooled_direct,pooled_avg_pool_flip_avg_coarse_only,False,False,architexture_binary_v1,0.8818711454142357,0.7658607351512929,3,3,24x24,"{""cluster_0"": {""cluster_value"": 0, ""component_size_histogram"": {""2502"": 1}, ""largest_component_size"": 2502, ""num_1_cell_components"": 0, ""num_2_cell_components"": 0, ""num_components"": 1, ""smallest_component_size"": 2502, ""tiny_component_pixel_fraction"": 0.0, ""tiny_component_pixels"": 0}, ""cluster_1"": {""cluster_value"": 1, ""component_size_histogram"": {""18"": 1, ""2646"": 1, ""9"": 2}, ""largest_component_size"": 2646, ""num_1_cell_components"": 0, ""num_2_cell_components"": 0, ""num_components"": 4, ""smallest_component_size"": 9, ""tiny_component_pixel_fraction"": 0.0, ""tiny_component_pixels"": 0}}"
cstd,feature_cluster_coarse_to_fine_global_pooled_init_flip_avg_coarse_only,benchmark,422,000422,2,partition_invariant,0.508950360614747,0.13226601923308431,0.5,0.5731521911616407,0.44474853006785325,0.5165786743164062,0.48342132568359375,2,2,0.0,0.0,ok,True,"cluster_b->texture_a,cluster_a->texture_b",cluster_b,cluster_a,0.18353533166003771,0.13226601923308431,0.508950360614747,0.13226601923308431,best_partition_assignment,1,fpn_2,fpn_2,fpn_2,72x72,90242,171902,90242,171902,90242,171902,0.0,0.0,0.0,0.0,coarsest_pooled_direct,pooled_avg_pool_flip_avg_coarse_only,False,False,architexture_binary_v1,0.508950360614747,0.13226601923308431,3,3,24x24,"{""cluster_0"": {""cluster_value"": 0, ""component_size_histogram"": {""144"": 1, ""18"": 2, ""198"": 1, ""540"": 1, ""864"": 1}, ""largest_component_size"": 864, ""num_1_cell_components"": 0, ""num_2_cell_components"": 0, ""num_components"": 6, ""smallest_component_size"": 18, ""tiny_component_pixel_fraction"": 0.0, ""tiny_component_pixels"": 0}, ""cluster_1"": {""cluster_value"": 1, ""component_size_histogram"": {""18"": 1, ""3357"": 1, ""9"": 3}, ""largest_component_size"": 3357, ""num_1_cell_components"": 0, ""num_2_cell_components"": 0, ""num_components"": 5, ""smallest_component_size"": 9, ""tiny_component_pixel_fraction"": 0.0, ""tiny_component_pixels"": 0}}"
cstd,feature_cluster_coarse_to_fine_global_pooled_init_flip_avg_coarse_only,benchmark,423,000423,2,partition_invariant,0.9694258552261665,0.9388902599072788,0.5,0.968819223546545,0.970032486905788,0.4891548156738281,0.5108451843261719,2,2,0.0,0.0,ok,True,"cluster_a->texture_a,cluster_b->texture_b",cluster_a,cluster_b,0.9694258552261665,0.9388902599072788,0.007819170176144752,0.9388902599072788,best_partition_assignment,1,fpn_2,fpn_2,fpn_2,72x72,128633,133511,128633,133511,128633,133511,0.0,0.0,0.0,0.0,coarsest_pooled_direct,pooled_avg_pool_flip_avg_coarse_only,False,False,architexture_binary_v1,0.9694258552261665,0.9388902599072788,3,3,24x24,"{""cluster_0"": {""cluster_value"": 0, ""component_size_histogram"": {""2547"": 1}, ""largest_component_size"": 2547, ""num_1_cell_components"": 0, ""num_2_cell_components"": 0, ""num_components"": 1, ""smallest_component_size"": 2547, ""tiny_component_pixel_fraction"": 0.0, ""tiny_component_pixels"": 0}, ""cluster_1"": {""cluster_value"": 1, ""component_size_histogram"": {""2628"": 1, ""9"": 1}, ""largest_component_size"": 2628, ""num_1_cell_components"": 0, ""num_2_cell_components"": 0, ""num_components"": 2, ""smallest_component_size"": 9, ""tiny_component_pixel_fraction"": 0.0, ""tiny_component_pixels"": 0}}"
cstd,feature_cluster_coarse_to_fine_global_pooled_init_flip_avg_coarse_only,benchmark,424,000424,2,partition_invariant,0.3303946092231654,-0.010237431514735005,0.5,0.16275707950696602,0.49803213893936477,0.3365936279296875,0.6634063720703125,2,2,0.0,0.0,ok,True,"cluster_a->texture_a,cluster_b->texture_b",cluster_a,cluster_b,0.3303946092231654,-0.010237431514735005,0.2960341918329331,-0.010237431514735005,best_partition_assignment,1,fpn_2,fpn_2,fpn_2,72x72,78265,183879,78265,183879,78265,183879,0.0,0.0,0.0,0.0,coarsest_pooled_direct,pooled_avg_pool_flip_avg_coarse_only,False,False,architexture_binary_v1,0.3303946092231654,-0.010237431514735005,3,3,24x24,"{""cluster_0"": {""cluster_value"": 0, ""component_size_histogram"": {""720"": 1, ""819"": 1, ""9"": 1}, ""largest_component_size"": 819, ""num_1_cell_components"": 0, ""num_2_cell_components"": 0, ""num_components"": 3, ""smallest_component_size"": 9, ""tiny_component_pixel_fraction"": 0.0, ""tiny_component_pixels"": 0}, ""cluster_1"": {""cluster_value"": 1, ""component_size_histogram"": {""3636"": 1}, ""largest_component_size"": 3636, ""num_1_cell_components"": 0, ""num_2_cell_components"": 0, ""num_components"": 1, ""smallest_component_size"": 3636, ""tiny_component_pixel_fraction"": 0.0, ""tiny_component_pixels"": 0}}"
cstd,feature_cluster_coarse_to_fine_global_pooled_init_flip_avg_coarse_only,benchmark,425,000425,2,partition_invariant,0.7439829278578066,0.5196722413184192,0.5,0.6896196978327963,0.7983461578828169,0.315460205078125,0.684539794921875,2,2,0.0,0.0,ok,True,"cluster_a->texture_a,cluster_b->texture_b",cluster_a,cluster_b,0.7439829278578066,0.5196722413184192,0.07049945721105022,0.5196722413184192,best_partition_assignment,1,fpn_2,fpn_2,fpn_2,72x72,116032,146112,116032,146112,116032,146112,0.0,0.0,0.0,0.0,coarsest_pooled_direct,pooled_avg_pool_flip_avg_coarse_only,False,False,architexture_binary_v1,0.7439829278578066,0.5196722413184192,3,3,24x24,"{""cluster_0"": {""cluster_value"": 0, ""component_size_histogram"": {""1647"": 1, ""648"": 1}, ""largest_component_size"": 1647, ""num_1_cell_components"": 0, ""num_2_cell_components"": 0, ""num_components"": 2, ""smallest_component_size"": 648, ""tiny_component_pixel_fraction"": 0.0, ""tiny_component_pixels"": 0}, ""cluster_1"": {""cluster_value"": 1, ""component_size_histogram"": {""2889"": 1}, ""largest_component_size"": 2889, ""num_1_cell_components"": 0, ""num_2_cell_components"": 0, ""num_components"": 1, ""smallest_component_size"": 2889, ""tiny_component_pixel_fraction"": 0.0, ""tiny_component_pixels"": 0}}"
cstd,feature_cluster_coarse_to_fine_global_pooled_init_flip_avg_coarse_only,benchmark,426,000426,2,partition_invariant,0.9569314447314415,0.915397796125838,0.5,0.9626612355736592,0.9512016538892238,0.568450927734375,0.431549072265625,2,2,0.0,0.0,ok,True,"cluster_b->texture_a,cluster_a->texture_b",cluster_b,cluster_a,0.010922909451336478,0.915397796125838,0.9569314447314415,0.915397796125838,best_partition_assignment,1,fpn_2,fpn_2,fpn_2,72x72,113387,148757,113387,148757,113387,148757,0.0,0.0,0.0,0.0,coarsest_pooled_direct,pooled_avg_pool_flip_avg_coarse_only,False,False,architexture_binary_v1,0.9569314447314415,0.915397796125838,3,3,24x24,"{""cluster_0"": {""cluster_value"": 0, ""component_size_histogram"": {""2241"": 1}, ""largest_component_size"": 2241, ""num_1_cell_components"": 0, ""num_2_cell_components"": 0, ""num_components"": 1, ""smallest_component_size"": 2241, ""tiny_component_pixel_fraction"": 0.0, ""tiny_component_pixels"": 0}, ""cluster_1"": {""cluster_value"": 1, ""component_size_histogram"": {""2943"": 1}, ""largest_component_size"": 2943, ""num_1_cell_components"": 0, ""num_2_cell_components"": 0, ""num_components"": 1, ""smallest_component_size"": 2943, ""tiny_component_pixel_fraction"": 0.0, ""tiny_component_pixels"": 0}}"
cstd,feature_cluster_coarse_to_fine_global_pooled_init_flip_avg_coarse_only,benchmark,427,000427,2,partition_invariant,0.9518796982140834,0.9039438601511383,0.5,0.9501336671147992,0.9536257293133676,0.48813629150390625,0.5118637084960938,2,2,0.0,0.0,ok,True,"cluster_b->texture_a,cluster_a->texture_b",cluster_b,cluster_a,0.012417664998211696,0.9039438601511383,0.9518796982140834,0.9039438601511383,best_partition_assignment,1,fpn_2,fpn_2,fpn_2,72x72,137708,124436,137708,124436,137708,124436,0.0,0.0,0.0,0.0,coarsest_pooled_direct,pooled_avg_pool_flip_avg_coarse_only,False,False,architexture_binary_v1,0.9518796982140834,0.9039438601511383,3,3,24x24,"{""cluster_0"": {""cluster_value"": 0, ""component_size_histogram"": {""18"": 1, ""2691"": 1, ""9"": 2}, ""largest_component_size"": 2691, ""num_1_cell_components"": 0, ""num_2_cell_components"": 0, ""num_components"": 4, ""smallest_component_size"": 9, ""tiny_component_pixel_fraction"": 0.0, ""tiny_component_pixels"": 0}, ""cluster_1"": {""cluster_value"": 1, ""component_size_histogram"": {""2457"": 1}, ""largest_component_size"": 2457, ""num_1_cell_components"": 0, ""num_2_cell_components"": 0, ""num_components"": 1, ""smallest_component_size"": 2457, ""tiny_component_pixel_fraction"": 0.0, ""tiny_component_pixels"": 0}}"
cstd,feature_cluster_coarse_to_fine_global_pooled_init_flip_avg_coarse_only,benchmark,428,000428,2,partition_invariant,0.32433844043707544,-0.057603476408143166,0.5,0.3061245689117879,0.34255231196236297,0.23686599731445312,0.7631340026855469,2,2,0.0,0.0,ok,True,"cluster_b->texture_a,cluster_a->texture_b",cluster_b,cluster_a,0.26379951049567923,-0.057603476408143166,0.32433844043707544,-0.057603476408143166,best_partition_assignment,1,fpn_2,fpn_2,fpn_2,72x72,72761,189383,72761,189383,72761,189383,0.0,0.0,0.0,0.0,coarsest_pooled_direct,pooled_avg_pool_flip_avg_coarse_only,False,False,architexture_binary_v1,0.32433844043707544,-0.057603476408143166,3,3,24x24,"{""cluster_0"": {""cluster_value"": 0, ""component_size_histogram"": {""1440"": 1}, ""largest_component_size"": 1440, ""num_1_cell_components"": 0, ""num_2_cell_components"": 0, ""num_components"": 1, ""smallest_component_size"": 1440, ""tiny_component_pixel_fraction"": 0.0, ""tiny_component_pixels"": 0}, ""cluster_1"": {""cluster_value"": 1, ""component_size_histogram"": {""1179"": 1, ""2565"": 1}, ""largest_component_size"": 2565, ""num_1_cell_components"": 0, ""num_2_cell_components"": 0, ""num_components"": 2, ""smallest_component_size"": 1179, ""tiny_component_pixel_fraction"": 0.0, ""tiny_component_pixels"": 0}}"
cstd,feature_cluster_coarse_to_fine_global_pooled_init_flip_avg_coarse_only,benchmark,429,000429,2,partition_invariant,0.9457236882651849,0.8918266890447042,0.5,0.9485620366386152,0.9428853398917547,0.5273895263671875,0.4726104736328125,2,2,0.0,0.0,ok,True,"cluster_b->texture_a,cluster_a->texture_b",cluster_b,cluster_a,0.01410428897304487,0.8918266890447042,0.9457236882651849,0.8918266890447042,best_partition_assignment,1,fpn_2,fpn_2,fpn_2,72x72,124162,137982,124162,137982,124162,137982,0.0,0.0,0.0,0.0,coarsest_pooled_direct,pooled_avg_pool_flip_avg_coarse_only,False,False,architexture_binary_v1,0.9457236882651849,0.8918266890447042,3,3,24x24,"{""cluster_0"": {""cluster_value"": 0, ""component_size_histogram"": {""2457"": 1}, ""largest_component_size"": 2457, ""num_1_cell_components"": 0, ""num_2_cell_components"": 0, ""num_components"": 1, ""smallest_component_size"": 2457, ""tiny_component_pixel_fraction"": 0.0, ""tiny_component_pixels"": 0}, ""cluster_1"": {""cluster_value"": 1, ""component_size_histogram"": {""2709"": 1, ""9"": 2}, ""largest_component_size"": 2709, ""num_1_cell_components"": 0, ""num_2_cell_components"": 0, ""num_components"": 3, ""smallest_component_size"": 9, ""tiny_component_pixel_fraction"": 0.0, ""tiny_component_pixels"": 0}}"
cstd,feature_cluster_coarse_to_fine_global_pooled_init_flip_avg_coarse_only,benchmark,430,000430,2,partition_invariant,0.9536006923128433,0.9197671440398545,0.5,0.9351225697379544,0.9720788148877321,0.2935905456542969,0.7064094543457031,2,2,0.0,0.0,ok,True,"cluster_a->texture_a,cluster_b->texture_b",cluster_a,cluster_b,0.9536006923128433,0.9197671440398545,0.010043377473631869,0.9197671440398545,best_partition_assignment,1,fpn_2,fpn_2,fpn_2,72x72,78706,183438,78706,183438,78706,183438,0.0,0.0,0.0,0.0,coarsest_pooled_direct,pooled_avg_pool_flip_avg_coarse_only,False,False,architexture_binary_v1,0.9536006923128433,0.9197671440398545,3,3,24x24,"{""cluster_0"": {""cluster_value"": 0, ""component_size_histogram"": {""1557"": 1}, ""largest_component_size"": 1557, ""num_1_cell_components"": 0, ""num_2_cell_components"": 0, ""num_components"": 1, ""smallest_component_size"": 1557, ""tiny_component_pixel_fraction"": 0.0, ""tiny_component_pixels"": 0}, ""cluster_1"": {""cluster_value"": 1, ""component_size_histogram"": {""3627"": 1}, ""largest_component_size"": 3627, ""num_1_cell_components"": 0, ""num_2_cell_components"": 0, ""num_components"": 1, ""smallest_component_size"": 3627, ""tiny_component_pixel_fraction"": 0.0, ""tiny_component_pixels"": 0}}"
cstd,feature_cluster_coarse_to_fine_global_pooled_init_flip_avg_coarse_only,benchmark,431,000431,2,partition_invariant,0.9315934404515067,0.8729626150190911,0.5,0.912655680088274,0.9505312008147394,0.34954833984375,0.65045166015625,2,2,0.0,0.0,ok,True,"cluster_b->texture_a,cluster_a->texture_b",cluster_b,cluster_a,0.016518786559328834,0.8729626150190911,0.9315934404515067,0.8729626150190911,best_partition_assignment,1,fpn_2,fpn_2,fpn_2,72x72,166571,95573,166571,95573,166571,95573,0.0,0.0,0.0,0.0,coarsest_pooled_direct,pooled_avg_pool_flip_avg_coarse_only,False,False,architexture_binary_v1,0.9315934404515067,0.8729626150190911,3,3,24x24,"{""cluster_0"": {""cluster_value"": 0, ""component_size_histogram"": {""3294"": 1}, ""largest_component_size"": 3294, ""num_1_cell_components"": 0, ""num_2_cell_components"": 0, ""num_components"": 1, ""smallest_component_size"": 3294, ""tiny_component_pixel_fraction"": 0.0, ""tiny_component_pixels"": 0}, ""cluster_1"": {""cluster_value"": 1, ""component_size_histogram"": {""1890"": 1}, ""largest_component_size"": 1890, ""num_1_cell_components"": 0, ""num_2_cell_components"": 0, ""num_components"": 1, ""smallest_component_size"": 1890, ""tiny_component_pixel_fraction"": 0.0, ""tiny_component_pixels"": 0}}"
cstd,feature_cluster_coarse_to_fine_global_pooled_init_flip_avg_coarse_only,benchmark,432,000432,2,partition_invariant,0.9346923049372751,0.8849042009040977,0.5,0.9105732154612998,0.9588113944132505,0.3010673522949219,0.6989326477050781,2,2,0.0,0.0,ok,True,"cluster_b->texture_a,cluster_a->texture_b",cluster_b,cluster_a,0.014642147334950697,0.8849042009040977,0.9346923049372751,0.8849042009040977,best_partition_assignment,1,fpn_2,fpn_2,fpn_2,72x72,178546,83598,178546,83598,178546,83598,0.0,0.0,0.0,0.0,coarsest_pooled_direct,pooled_avg_pool_flip_avg_coarse_only,False,False,architexture_binary_v1,0.9346923049372751,0.8849042009040977,3,3,24x24,"{""cluster_0"": {""cluster_value"": 0, ""component_size_histogram"": {""3528"": 1}, ""largest_component_size"": 3528, ""num_1_cell_components"": 0, ""num_2_cell_components"": 0, ""num_components"": 1, ""smallest_component_size"": 3528, ""tiny_component_pixel_fraction"": 0.0, ""tiny_component_pixels"": 0}, ""cluster_1"": {""cluster_value"": 1, ""component_size_histogram"": {""1656"": 1}, ""largest_component_size"": 1656, ""num_1_cell_components"": 0, ""num_2_cell_components"": 0, ""num_components"": 1, ""smallest_component_size"": 1656, ""tiny_component_pixel_fraction"": 0.0, ""tiny_component_pixels"": 0}}"
cstd,feature_cluster_coarse_to_fine_global_pooled_init_flip_avg_coarse_only,benchmark,433,000433,2,partition_invariant,0.4387177423645453,0.0522150852894527,0.5,0.3547204698008425,0.5227150149282481,0.2166748046875,0.7833251953125,2,2,0.0,0.0,ok,True,"cluster_a->texture_a,cluster_b->texture_b",cluster_a,cluster_b,0.4387177423645453,0.0522150852894527,0.19327475589757168,0.0522150852894527,best_partition_assignment,1,fpn_2,fpn_2,fpn_2,72x72,151281,110863,151281,110863,151281,110863,0.0,0.0,0.0,0.0,coarsest_pooled_direct,pooled_avg_pool_flip_avg_coarse_only,False,False,architexture_binary_v1,0.4387177423645453,0.0522150852894527,3,3,24x24,"{""cluster_0"": {""cluster_value"": 0, ""component_size_histogram"": {""1638"": 1, ""603"": 1, ""63"": 1, ""648"": 1, ""9"": 4}, ""largest_component_size"": 1638, ""num_1_cell_components"": 0, ""num_2_cell_components"": 0, ""num_components"": 8, ""smallest_component_size"": 9, ""tiny_component_pixel_fraction"": 0.0, ""tiny_component_pixels"": 0}, ""cluster_1"": {""cluster_value"": 1, ""component_size_histogram"": {""1350"": 1, ""837"": 1, ""9"": 1}, ""largest_component_size"": 1350, ""num_1_cell_components"": 0, ""num_2_cell_components"": 0, ""num_components"": 3, ""smallest_component_size"": 9, ""tiny_component_pixel_fraction"": 0.0, ""tiny_component_pixels"": 0}}"
cstd,feature_cluster_coarse_to_fine_global_pooled_init_flip_avg_coarse_only,benchmark,434,000434,2,partition_invariant,0.8497286680781313,0.7016233008731539,0.5,0.8534983616488147,0.845958974507448,0.5413093566894531,0.4586906433105469,2,2,0.0,0.0,ok,True,"cluster_b->texture_a,cluster_a->texture_b",cluster_b,cluster_a,0.04150786631503785,0.7016233008731539,0.8497286680781313,0.7016233008731539,best_partition_assignment,1,fpn_2,fpn_2,fpn_2,72x72,134791,127353,134791,127353,134791,127353,0.0,0.0,0.0,0.0,coarsest_pooled_direct,pooled_avg_pool_flip_avg_coarse_only,False,False,architexture_binary_v1,0.8497286680781313,0.7016233008731539,3,3,24x24,"{""cluster_0"": {""cluster_value"": 0, ""component_size_histogram"": {""18"": 2, ""2412"": 1, ""27"": 3, ""36"": 1, ""9"": 11}, ""largest_component_size"": 2412, ""num_1_cell_components"": 0, ""num_2_cell_components"": 0, ""num_components"": 18, ""smallest_component_size"": 9, ""tiny_component_pixel_fraction"": 0.0, ""tiny_component_pixels"": 0}, ""cluster_1"": {""cluster_value"": 1, ""component_size_histogram"": {""18"": 1, ""2466"": 1, ""27"": 1, ""9"": 1}, ""largest_component_size"": 2466, ""num_1_cell_components"": 0, ""num_2_cell_components"": 0, ""num_components"": 4, ""smallest_component_size"": 9, ""tiny_component_pixel_fraction"": 0.0, ""tiny_component_pixels"": 0}}"
cstd,feature_cluster_coarse_to_fine_global_pooled_init_flip_avg_coarse_only,benchmark,435,000435,2,partition_invariant,0.9346115498095987,0.8919576101433153,0.5,0.9042208919568328,0.9650022076623647,0.2552909851074219,0.7447090148925781,2,2,0.0,0.0,ok,True,"cluster_b->texture_a,cluster_a->texture_b",cluster_b,cluster_a,0.013289308621419296,0.8919576101433153,0.9346115498095987,0.8919576101433153,best_partition_assignment,1,fpn_2,fpn_2,fpn_2,72x72,191965,70179,191965,70179,191965,70179,0.0,0.0,0.0,0.0,coarsest_pooled_direct,pooled_avg_pool_flip_avg_coarse_only,False,False,architexture_binary_v1,0.9346115498095987,0.8919576101433153,3,3,24x24,"{""cluster_0"": {""cluster_value"": 0, ""component_size_histogram"": {""3798"": 1}, ""largest_component_size"": 3798, ""num_1_cell_components"": 0, ""num_2_cell_components"": 0, ""num_components"": 1, ""smallest_component_size"": 3798, ""tiny_component_pixel_fraction"": 0.0, ""tiny_component_pixels"": 0}, ""cluster_1"": {""cluster_value"": 1, ""component_size_histogram"": {""1386"": 1}, ""largest_component_size"": 1386, ""num_1_cell_components"": 0, ""num_2_cell_components"": 0, ""num_components"": 1, ""smallest_component_size"": 1386, ""tiny_component_pixel_fraction"": 0.0, ""tiny_component_pixels"": 0}}"
cstd,feature_cluster_coarse_to_fine_global_pooled_init_flip_avg_coarse_only,benchmark,436,000436,2,partition_invariant,0.32152782885893244,-0.07721913742298372,0.5,0.02937982391498274,0.6136758338028822,0.17692184448242188,0.8230781555175781,2,2,0.0,0.0,ok,True,"cluster_a->texture_a,cluster_b->texture_b",cluster_a,cluster_b,0.32152782885893244,-0.07721913742298372,0.23522245580338774,-0.07721913742298372,best_partition_assignment,1,fpn_2,fpn_2,fpn_2,72x72,59783,202361,59783,202361,59783,202361,0.0,0.0,0.0,0.0,coarsest_pooled_direct,pooled_avg_pool_flip_avg_coarse_only,False,False,architexture_binary_v1,0.32152782885893244,-0.07721913742298372,3,3,24x24,"{""cluster_0"": {""cluster_value"": 0, ""component_size_histogram"": {""1179"": 1}, ""largest_component_size"": 1179, ""num_1_cell_components"": 0, ""num_2_cell_components"": 0, ""num_components"": 1, ""smallest_component_size"": 1179, ""tiny_component_pixel_fraction"": 0.0, ""tiny_component_pixels"": 0}, ""cluster_1"": {""cluster_value"": 1, ""component_size_histogram"": {""4005"": 1}, ""largest_component_size"": 4005, ""num_1_cell_components"": 0, ""num_2_cell_components"": 0, ""num_components"": 1, ""smallest_component_size"": 4005, ""tiny_component_pixel_fraction"": 0.0, ""tiny_component_pixels"": 0}}"
cstd,feature_cluster_coarse_to_fine_global_pooled_init_flip_avg_coarse_only,benchmark,437,000437,2,partition_invariant,0.4748631277985955,0.1349176529896723,0.5,0.2965869490037509,0.6531393065934402,0.17892837524414062,0.8210716247558594,2,2,0.0,0.0,ok,True,"cluster_a->texture_a,cluster_b->texture_b",cluster_a,cluster_b,0.4748631277985955,0.1349176529896723,0.16671541901312514,0.1349176529896723,best_partition_assignment,1,fpn_2,fpn_2,fpn_2,72x72,99315,162829,99315,162829,99315,162829,0.0,0.0,0.0,0.0,coarsest_pooled_direct,pooled_avg_pool_flip_avg_coarse_only,False,False,architexture_binary_v1,0.4748631277985955,0.1349176529896723,3,3,24x24,"{""cluster_0"": {""cluster_value"": 0, ""component_size_histogram"": {""1962"": 1}, ""largest_component_size"": 1962, ""num_1_cell_components"": 0, ""num_2_cell_components"": 0, ""num_components"": 1, ""smallest_component_size"": 1962, ""tiny_component_pixel_fraction"": 0.0, ""tiny_component_pixels"": 0}, ""cluster_1"": {""cluster_value"": 1, ""component_size_histogram"": {""261"": 1, ""2961"": 1}, ""largest_component_size"": 2961, ""num_1_cell_components"": 0, ""num_2_cell_components"": 0, ""num_components"": 2, ""smallest_component_size"": 261, ""tiny_component_pixel_fraction"": 0.0, ""tiny_component_pixels"": 0}}"
cstd,feature_cluster_coarse_to_fine_global_pooled_init_flip_avg_coarse_only,benchmark,438,000438,2,partition_invariant,0.9692819143292173,0.948480320669807,0.5,0.9557278673049693,0.9828359613534652,0.27494049072265625,0.7250595092773438,2,2,0.0,0.0,ok,True,"cluster_a->texture_a,cluster_b->texture_b",cluster_a,cluster_b,0.9692819143292173,0.948480320669807,0.006298454637796668,0.948480320669807,best_partition_assignment,1,fpn_2,fpn_2,fpn_2,72x72,72953,189191,72953,189191,72953,189191,0.0,0.0,0.0,0.0,coarsest_pooled_direct,pooled_avg_pool_flip_avg_coarse_only,False,False,architexture_binary_v1,0.9692819143292173,0.948480320669807,3,3,24x24,"{""cluster_0"": {""cluster_value"": 0, ""component_size_histogram"": {""1431"": 1, ""9"": 1}, ""largest_component_size"": 1431, ""num_1_cell_components"": 0, ""num_2_cell_components"": 0, ""num_components"": 2, ""smallest_component_size"": 9, ""tiny_component_pixel_fraction"": 0.0, ""tiny_component_pixels"": 0}, ""cluster_1"": {""cluster_value"": 1, ""component_size_histogram"": {""3744"": 1}, ""largest_component_size"": 3744, ""num_1_cell_components"": 0, ""num_2_cell_components"": 0, ""num_components"": 1, ""smallest_component_size"": 3744, ""tiny_component_pixel_fraction"": 0.0, ""tiny_component_pixels"": 0}}"
cstd,feature_cluster_coarse_to_fine_global_pooled_init_flip_avg_coarse_only,benchmark,439,000439,2,partition_invariant,0.9342373614906034,0.8996607003761493,0.5,0.8967640122086571,0.9717107107725499,0.20360946655273438,0.7963905334472656,2,2,0.0,0.0,ok,True,"cluster_a->texture_a,cluster_b->texture_b",cluster_a,cluster_b,0.9342373614906034,0.8996607003761493,0.011459497375925092,0.8996607003761493,best_partition_assignment,1,fpn_2,fpn_2,fpn_2,72x72,56000,206144,56000,206144,56000,206144,0.0,0.0,0.0,0.0,coarsest_pooled_direct,pooled_avg_pool_flip_avg_coarse_only,False,False,architexture_binary_v1,0.9342373614906034,0.8996607003761493,3,3,24x24,"{""cluster_0"": {""cluster_value"": 0, ""component_size_histogram"": {""1098"": 1, ""9"": 1}, ""largest_component_size"": 1098, ""num_1_cell_components"": 0, ""num_2_cell_components"": 0, ""num_components"": 2, ""smallest_component_size"": 9, ""tiny_component_pixel_fraction"": 0.0, ""tiny_component_pixels"": 0}, ""cluster_1"": {""cluster_value"": 1, ""component_size_histogram"": {""4077"": 1}, ""largest_component_size"": 4077, ""num_1_cell_components"": 0, ""num_2_cell_components"": 0, ""num_components"": 1, ""smallest_component_size"": 4077, ""tiny_component_pixel_fraction"": 0.0, ""tiny_component_pixels"": 0}}"
cstd,feature_cluster_coarse_to_fine_global_pooled_init_flip_avg_coarse_only,benchmark,440,000440,2,partition_invariant,0.9313475222871099,0.8633380119132259,0.5,0.9353794759369454,0.9273155686372746,0.5253791809082031,0.4746208190917969,2,2,0.0,0.0,ok,True,"cluster_b->texture_a,cluster_a->texture_b",cluster_b,cluster_a,0.018003314169698227,0.8633380119132259,0.9313475222871099,0.8633380119132259,best_partition_assignment,1,fpn_2,fpn_2,fpn_2,72x72,121784,140360,121784,140360,121784,140360,0.0,0.0,0.0,0.0,coarsest_pooled_direct,pooled_avg_pool_flip_avg_coarse_only,False,False,architexture_binary_v1,0.9313475222871099,0.8633380119132259,3,3,24x24,"{""cluster_0"": {""cluster_value"": 0, ""component_size_histogram"": {""2412"": 1}, ""largest_component_size"": 2412, ""num_1_cell_components"": 0, ""num_2_cell_components"": 0, ""num_components"": 1, ""smallest_component_size"": 2412, ""tiny_component_pixel_fraction"": 0.0, ""tiny_component_pixels"": 0}, ""cluster_1"": {""cluster_value"": 1, ""component_size_histogram"": {""18"": 1, ""2691"": 1, ""54"": 1, ""9"": 1}, ""largest_component_size"": 2691, ""num_1_cell_components"": 0, ""num_2_cell_components"": 0, ""num_components"": 4, ""smallest_component_size"": 9, ""tiny_component_pixel_fraction"": 0.0, ""tiny_component_pixels"": 0}}"
cstd,feature_cluster_coarse_to_fine_global_pooled_init_flip_avg_coarse_only,benchmark,441,000441,2,partition_invariant,0.9610978094852862,0.9250864034955494,0.5,0.9687143912548052,0.9534812277157673,0.6018638610839844,0.3981361389160156,2,2,0.0,0.0,ok,True,"cluster_a->texture_a,cluster_b->texture_b",cluster_a,cluster_b,0.9610978094852862,0.9250864034955494,0.00961826742017516,0.9250864034955494,best_partition_assignment,1,fpn_2,fpn_2,fpn_2,72x72,156672,105472,156672,105472,156672,105472,0.0,0.0,0.0,0.0,coarsest_pooled_direct,pooled_avg_pool_flip_avg_coarse_only,False,False,architexture_binary_v1,0.9610978094852862,0.9250864034955494,3,3,24x24,"{""cluster_0"": {""cluster_value"": 0, ""component_size_histogram"": {""3105"": 1}, ""largest_component_size"": 3105, ""num_1_cell_components"": 0, ""num_2_cell_components"": 0, ""num_components"": 1, ""smallest_component_size"": 3105, ""tiny_component_pixel_fraction"": 0.0, ""tiny_component_pixels"": 0}, ""cluster_1"": {""cluster_value"": 1, ""component_size_histogram"": {""2079"": 1}, ""largest_component_size"": 2079, ""num_1_cell_components"": 0, ""num_2_cell_components"": 0, ""num_components"": 1, ""smallest_component_size"": 2079, ""tiny_component_pixel_fraction"": 0.0, ""tiny_component_pixels"": 0}}"
cstd,feature_cluster_coarse_to_fine_global_pooled_init_flip_avg_coarse_only,benchmark,442,000442,2,partition_invariant,0.9057455335629637,0.8196176933020793,0.5,0.8861787122932507,0.9253123548326767,0.39886474609375,0.60113525390625,2,2,0.0,0.0,ok,True,"cluster_b->texture_a,cluster_a->texture_b",cluster_b,cluster_a,0.024125457626345694,0.8196176933020793,0.9057455335629637,0.8196176933020793,best_partition_assignment,1,fpn_2,fpn_2,fpn_2,72x72,161550,100594,161550,100594,161550,100594,0.0,0.0,0.0,0.0,coarsest_pooled_direct,pooled_avg_pool_flip_avg_coarse_only,False,False,architexture_binary_v1,0.9057455335629637,0.8196176933020793,3,3,24x24,"{""cluster_0"": {""cluster_value"": 0, ""component_size_histogram"": {""117"": 1, ""3078"": 1}, ""largest_component_size"": 3078, ""num_1_cell_components"": 0, ""num_2_cell_components"": 0, ""num_components"": 2, ""smallest_component_size"": 117, ""tiny_component_pixel_fraction"": 0.0, ""tiny_component_pixels"": 0}, ""cluster_1"": {""cluster_value"": 1, ""component_size_histogram"": {""1989"": 1}, ""largest_component_size"": 1989, ""num_1_cell_components"": 0, ""num_2_cell_components"": 0, ""num_components"": 1, ""smallest_component_size"": 1989, ""tiny_component_pixel_fraction"": 0.0, ""tiny_component_pixels"": 0}}"
cstd,feature_cluster_coarse_to_fine_global_pooled_init_flip_avg_coarse_only,benchmark,443,000443,2,partition_invariant,0.9579712773711498,0.9180436295449509,0.5,0.9512931915309504,0.9646493632113493,0.4167213439941406,0.5832786560058594,2,2,0.0,0.0,ok,True,"cluster_b->texture_a,cluster_a->texture_b",cluster_b,cluster_a,0.010561809546355213,0.9180436295449509,0.9579712773711498,0.9180436295449509,best_partition_assignment,1,fpn_2,fpn_2,fpn_2,72x72,151765,110379,151765,110379,151765,110379,0.0,0.0,0.0,0.0,coarsest_pooled_direct,pooled_avg_pool_flip_avg_coarse_only,False,False,architexture_binary_v1,0.9579712773711498,0.9180436295449509,3,3,24x24,"{""cluster_0"": {""cluster_value"": 0, ""component_size_histogram"": {""2997"": 1}, ""largest_component_size"": 2997, ""num_1_cell_components"": 0, ""num_2_cell_components"": 0, ""num_components"": 1, ""smallest_component_size"": 2997, ""tiny_component_pixel_fraction"": 0.0, ""tiny_component_pixels"": 0}, ""cluster_1"": {""cluster_value"": 1, ""component_size_histogram"": {""2097"": 1, ""90"": 1}, ""largest_component_size"": 2097, ""num_1_cell_components"": 0, ""num_2_cell_components"": 0, ""num_components"": 2, ""smallest_component_size"": 90, ""tiny_component_pixel_fraction"": 0.0, ""tiny_component_pixels"": 0}}"
cstd,feature_cluster_coarse_to_fine_global_pooled_init_flip_avg_coarse_only,benchmark,444,000444,2,partition_invariant,0.9431785459461615,0.9074362119121392,0.5,0.9157157301747797,0.9706413617175432,0.24743270874023438,0.7525672912597656,2,2,0.0,0.0,ok,True,"cluster_a->texture_a,cluster_b->texture_b",cluster_a,cluster_b,0.9431785459461615,0.9074362119121392,0.011223720931319191,0.9074362119121392,best_partition_assignment,1,fpn_2,fpn_2,fpn_2,72x72,67762,194382,67762,194382,67762,194382,0.0,0.0,0.0,0.0,coarsest_pooled_direct,pooled_avg_pool_flip_avg_coarse_only,False,False,architexture_binary_v1,0.9431785459461615,0.9074362119121392,3,3,24x24,"{""cluster_0"": {""cluster_value"": 0, ""component_size_histogram"": {""1341"": 1}, ""largest_component_size"": 1341, ""num_1_cell_components"": 0, ""num_2_cell_components"": 0, ""num_components"": 1, ""smallest_component_size"": 1341, ""tiny_component_pixel_fraction"": 0.0, ""tiny_component_pixels"": 0}, ""cluster_1"": {""cluster_value"": 1, ""component_size_histogram"": {""3843"": 1}, ""largest_component_size"": 3843, ""num_1_cell_components"": 0, ""num_2_cell_components"": 0, ""num_components"": 1, ""smallest_component_size"": 3843, ""tiny_component_pixel_fraction"": 0.0, ""tiny_component_pixels"": 0}}"
cstd,feature_cluster_coarse_to_fine_global_pooled_init_flip_avg_coarse_only,benchmark,445,000445,2,partition_invariant,0.3809910138224123,0.016476279418990478,0.5,0.19315488143895543,0.5688271462058692,0.2918281555175781,0.7081718444824219,2,2,0.0,0.0,ok,True,"cluster_a->texture_a,cluster_b->texture_b",cluster_a,cluster_b,0.3809910138224123,0.016476279418990478,0.24286803295416937,0.016476279418990478,best_partition_assignment,1,fpn_2,fpn_2,fpn_2,72x72,75007,187137,75007,187137,75007,187137,0.0,0.0,0.0,0.0,coarsest_pooled_direct,pooled_avg_pool_flip_avg_coarse_only,False,False,architexture_binary_v1,0.3809910138224123,0.016476279418990478,3,3,24x24,"{""cluster_0"": {""cluster_value"": 0, ""component_size_histogram"": {""729"": 1, ""756"": 1}, ""largest_component_size"": 756, ""num_1_cell_components"": 0, ""num_2_cell_components"": 0, ""num_components"": 2, ""smallest_component_size"": 729, ""tiny_component_pixel_fraction"": 0.0, ""tiny_component_pixels"": 0}, ""cluster_1"": {""cluster_value"": 1, ""component_size_histogram"": {""3699"": 1}, ""largest_component_size"": 3699, ""num_1_cell_components"": 0, ""num_2_cell_components"": 0, ""num_components"": 1, ""smallest_component_size"": 3699, ""tiny_component_pixel_fraction"": 0.0, ""tiny_component_pixels"": 0}}"
cstd,feature_cluster_coarse_to_fine_global_pooled_init_flip_avg_coarse_only,benchmark,446,000446,2,partition_invariant,0.8258202425245541,0.6784145289936234,0.5,0.777474555201616,0.8741659298474922,0.3745307922363281,0.6254692077636719,2,2,0.0,0.0,ok,True,"cluster_a->texture_a,cluster_b->texture_b",cluster_a,cluster_b,0.8258202425245541,0.6784145289936234,0.04502437580664531,0.6784145289936234,best_partition_assignment,1,fpn_2,fpn_2,fpn_2,72x72,84842,177302,84842,177302,84842,177302,0.0,0.0,0.0,0.0,coarsest_pooled_direct,pooled_avg_pool_flip_avg_coarse_only,False,False,architexture_binary_v1,0.8258202425245541,0.6784145289936234,3,3,24x24,"{""cluster_0"": {""cluster_value"": 0, ""component_size_histogram"": {""1467"": 1, ""207"": 1}, ""largest_component_size"": 1467, ""num_1_cell_components"": 0, ""num_2_cell_components"": 0, ""num_components"": 2, ""smallest_component_size"": 207, ""tiny_component_pixel_fraction"": 0.0, ""tiny_component_pixels"": 0}, ""cluster_1"": {""cluster_value"": 1, ""component_size_histogram"": {""3510"": 1}, ""largest_component_size"": 3510, ""num_1_cell_components"": 0, ""num_2_cell_components"": 0, ""num_components"": 1, ""smallest_component_size"": 3510, ""tiny_component_pixel_fraction"": 0.0, ""tiny_component_pixels"": 0}}"
cstd,feature_cluster_coarse_to_fine_global_pooled_init_flip_avg_coarse_only,benchmark,447,000447,2,partition_invariant,0.8342384434174288,0.7222197271659406,0.5,0.7599095899257345,0.9085672969091231,0.2277984619140625,0.7722015380859375,2,2,0.0,0.0,ok,True,"cluster_a->texture_a,cluster_b->texture_b",cluster_a,cluster_b,0.8342384434174288,0.7222197271659406,0.03569107634586347,0.7222197271659406,best_partition_assignment,1,fpn_2,fpn_2,fpn_2,72x72,76545,185599,76545,185599,76545,185599,0.0,0.0,0.0,0.0,coarsest_pooled_direct,pooled_avg_pool_flip_avg_coarse_only,False,False,architexture_binary_v1,0.8342384434174288,0.7222197271659406,3,3,24x24,"{""cluster_0"": {""cluster_value"": 0, ""component_size_histogram"": {""1512"": 1}, ""largest_component_size"": 1512, ""num_1_cell_components"": 0, ""num_2_cell_components"": 0, ""num_components"": 1, ""smallest_component_size"": 1512, ""tiny_component_pixel_fraction"": 0.0, ""tiny_component_pixels"": 0}, ""cluster_1"": {""cluster_value"": 1, ""component_size_histogram"": {""3654"": 1, ""9"": 2}, ""largest_component_size"": 3654, ""num_1_cell_components"": 0, ""num_2_cell_components"": 0, ""num_components"": 3, ""smallest_component_size"": 9, ""tiny_component_pixel_fraction"": 0.0, ""tiny_component_pixels"": 0}}"
cstd,feature_cluster_coarse_to_fine_global_pooled_init_flip_avg_coarse_only,benchmark,448,000448,2,partition_invariant,0.30103125660526747,-0.0018069358394476784,0.5,0.5158382231512101,0.08622429005932485,0.8957672119140625,0.1042327880859375,2,2,0.0,0.0,ok,True,"cluster_b->texture_a,cluster_a->texture_b",cluster_b,cluster_a,0.26486206394292816,-0.0018069358394476784,0.30103125660526747,-0.0018069358394476784,best_partition_assignment,1,fpn_2,fpn_2,fpn_2,72x72,116957,145187,116957,145187,116957,145187,0.0,0.0,0.0,0.0,coarsest_pooled_direct,pooled_avg_pool_flip_avg_coarse_only,False,False,architexture_binary_v1,0.30103125660526747,-0.0018069358394476784,3,3,24x24,"{""cluster_0"": {""cluster_value"": 0, ""component_size_histogram"": {""18"": 1, ""1989"": 1, ""207"": 1, ""27"": 1, ""54"": 1, ""9"": 2}, ""largest_component_size"": 1989, ""num_1_cell_components"": 0, ""num_2_cell_components"": 0, ""num_components"": 7, ""smallest_component_size"": 9, ""tiny_component_pixel_fraction"": 0.0, ""tiny_component_pixels"": 0}, ""cluster_1"": {""cluster_value"": 1, ""component_size_histogram"": {""18"": 4, ""2250"": 1, ""27"": 1, ""360"": 1, ""63"": 1, ""72"": 1, ""9"": 3}, ""largest_component_size"": 2250, ""num_1_cell_components"": 0, ""num_2_cell_components"": 0, ""num_components"": 12, ""smallest_component_size"": 9, ""tiny_component_pixel_fraction"": 0.0, ""tiny_component_pixels"": 0}}"
cstd,feature_cluster_coarse_to_fine_global_pooled_init_flip_avg_coarse_only,benchmark,449,000449,2,partition_invariant,0.4708906606610622,0.09527738781142275,0.5,0.3751351651093798,0.5666461562127447,0.21368408203125,0.78631591796875,2,2,0.0,0.0,ok,True,"cluster_b->texture_a,cluster_a->texture_b",cluster_b,cluster_a,0.1750053161630676,0.09527738781142275,0.4708906606610622,0.09527738781142275,best_partition_assignment,1,fpn_2,fpn_2,fpn_2,72x72,119772,142372,119772,142372,119772,142372,0.0,0.0,0.0,0.0,coarsest_pooled_direct,pooled_avg_pool_flip_avg_coarse_only,False,False,architexture_binary_v1,0.4708906606610622,0.09527738781142275,3,3,24x24,"{""cluster_0"": {""cluster_value"": 0, ""component_size_histogram"": {""2367"": 1}, ""largest_component_size"": 2367, ""num_1_cell_components"": 0, ""num_2_cell_components"": 0, ""num_components"": 1, ""smallest_component_size"": 2367, ""tiny_component_pixel_fraction"": 0.0, ""tiny_component_pixels"": 0}, ""cluster_1"": {""cluster_value"": 1, ""component_size_histogram"": {""2817"": 1}, ""largest_component_size"": 2817, ""num_1_cell_components"": 0, ""num_2_cell_components"": 0, ""num_components"": 1, ""smallest_component_size"": 2817, ""tiny_component_pixel_fraction"": 0.0, ""tiny_component_pixels"": 0}}"
cstd,feature_cluster_coarse_to_fine_global_pooled_init_flip_avg_coarse_only,benchmark,450,000450,2,partition_invariant,0.6206458772987129,0.2851653400001644,0.5,0.5972979566538972,0.6439937979435286,0.4080047607421875,0.5919952392578125,2,2,0.0,0.0,ok,True,"cluster_a->texture_a,cluster_b->texture_b",cluster_a,cluster_b,0.6206458772987129,0.2851653400001644,0.12858919146896708,0.2851653400001644,best_partition_assignment,1,fpn_2,fpn_2,fpn_2,72x72,135295,126849,135295,126849,135295,126849,0.0,0.0,0.0,0.0,coarsest_pooled_direct,pooled_avg_pool_flip_avg_coarse_only,False,False,architexture_binary_v1,0.6206458772987129,0.2851653400001644,3,3,24x24,"{""cluster_0"": {""cluster_value"": 0, ""component_size_histogram"": {""2664"": 1, ""9"": 1}, ""largest_component_size"": 2664, ""num_1_cell_components"": 0, ""num_2_cell_components"": 0, ""num_components"": 2, ""smallest_component_size"": 9, ""tiny_component_pixel_fraction"": 0.0, ""tiny_component_pixels"": 0}, ""cluster_1"": {""cluster_value"": 1, ""component_size_histogram"": {""2502"": 1, ""9"": 1}, ""largest_component_size"": 2502, ""num_1_cell_components"": 0, ""num_2_cell_components"": 0, ""num_components"": 2, ""smallest_component_size"": 9, ""tiny_component_pixel_fraction"": 0.0, ""tiny_component_pixels"": 0}}"
cstd,feature_cluster_coarse_to_fine_global_pooled_init_flip_avg_coarse_only,benchmark,451,000451,2,partition_invariant,0.9389958318571123,0.8891785232749468,0.5,0.9195741391885566,0.9584175245256682,0.32834625244140625,0.6716537475585938,2,2,0.0,0.0,ok,True,"cluster_a->texture_a,cluster_b->texture_b",cluster_a,cluster_b,0.9389958318571123,0.8891785232749468,0.014228250989616834,0.8891785232749468,best_partition_assignment,1,fpn_2,fpn_2,fpn_2,72x72,90260,171884,90260,171884,90260,171884,0.0,0.0,0.0,0.0,coarsest_pooled_direct,pooled_avg_pool_flip_avg_coarse_only,False,False,architexture_binary_v1,0.9389958318571123,0.8891785232749468,3,3,24x24,"{""cluster_0"": {""cluster_value"": 0, ""component_size_histogram"": {""1782"": 1}, ""largest_component_size"": 1782, ""num_1_cell_components"": 0, ""num_2_cell_components"": 0, ""num_components"": 1, ""smallest_component_size"": 1782, ""tiny_component_pixel_fraction"": 0.0, ""tiny_component_pixels"": 0}, ""cluster_1"": {""cluster_value"": 1, ""component_size_histogram"": {""3402"": 1}, ""largest_component_size"": 3402, ""num_1_cell_components"": 0, ""num_2_cell_components"": 0, ""num_components"": 1, ""smallest_component_size"": 3402, ""tiny_component_pixel_fraction"": 0.0, ""tiny_component_pixels"": 0}}"
cstd,feature_cluster_coarse_to_fine_global_pooled_init_flip_avg_coarse_only,benchmark,452,000452,2,partition_invariant,0.9549329224104335,0.9135128283521499,0.5,0.9457184679190046,0.9641473769018624,0.3870277404785156,0.6129722595214844,2,2,0.0,0.0,ok,True,"cluster_b->texture_a,cluster_a->texture_b",cluster_b,cluster_a,0.011084311223558588,0.9135128283521499,0.9549329224104335,0.9135128283521499,best_partition_assignment,1,fpn_2,fpn_2,fpn_2,72x72,156238,105906,156238,105906,156238,105906,0.0,0.0,0.0,0.0,coarsest_pooled_direct,pooled_avg_pool_flip_avg_coarse_only,False,False,architexture_binary_v1,0.9549329224104335,0.9135128283521499,3,3,24x24,"{""cluster_0"": {""cluster_value"": 0, ""component_size_histogram"": {""3087"": 1}, ""largest_component_size"": 3087, ""num_1_cell_components"": 0, ""num_2_cell_components"": 0, ""num_components"": 1, ""smallest_component_size"": 3087, ""tiny_component_pixel_fraction"": 0.0, ""tiny_component_pixels"": 0}, ""cluster_1"": {""cluster_value"": 1, ""component_size_histogram"": {""2097"": 1}, ""largest_component_size"": 2097, ""num_1_cell_components"": 0, ""num_2_cell_components"": 0, ""num_components"": 1, ""smallest_component_size"": 2097, ""tiny_component_pixel_fraction"": 0.0, ""tiny_component_pixels"": 0}}"
cstd,feature_cluster_coarse_to_fine_global_pooled_init_flip_avg_coarse_only,benchmark,453,000453,2,partition_invariant,0.3651781870819053,-0.0065639483297009835,0.5,0.39196231208553795,0.3383940620782726,0.6982879638671875,0.3017120361328125,2,2,0.0,0.0,ok,True,"cluster_a->texture_a,cluster_b->texture_b",cluster_a,cluster_b,0.3651781870819053,-0.0065639483297009835,0.2670979180935759,-0.0065639483297009835,best_partition_assignment,1,fpn_2,fpn_2,fpn_2,72x72,95282,166862,95282,166862,95282,166862,0.0,0.0,0.0,0.0,coarsest_pooled_direct,pooled_avg_pool_flip_avg_coarse_only,False,False,architexture_binary_v1,0.3651781870819053,-0.0065639483297009835,3,3,24x24,"{""cluster_0"": {""cluster_value"": 0, ""component_size_histogram"": {""1062"": 1, ""216"": 1, ""27"": 1, ""576"": 1}, ""largest_component_size"": 1062, ""num_1_cell_components"": 0, ""num_2_cell_components"": 0, ""num_components"": 4, ""smallest_component_size"": 27, ""tiny_component_pixel_fraction"": 0.0, ""tiny_component_pixels"": 0}, ""cluster_1"": {""cluster_value"": 1, ""component_size_histogram"": {""3303"": 1}, ""largest_component_size"": 3303, ""num_1_cell_components"": 0, ""num_2_cell_components"": 0, ""num_components"": 1, ""smallest_component_size"": 3303, ""tiny_component_pixel_fraction"": 0.0, ""tiny_component_pixels"": 0}}"
cstd,feature_cluster_coarse_to_fine_global_pooled_init_flip_avg_coarse_only,benchmark,454,000454,2,partition_invariant,0.9675647008239873,0.9488186807604043,0.5,0.950641611753949,0.9844877898940255,0.23354721069335938,0.7664527893066406,2,2,0.0,0.0,ok,True,"cluster_a->texture_a,cluster_b->texture_b",cluster_a,cluster_b,0.9675647008239873,0.9488186807604043,0.006001686926407391,0.9488186807604043,best_partition_assignment,1,fpn_2,fpn_2,fpn_2,72x72,62514,199630,62514,199630,62514,199630,0.0,0.0,0.0,0.0,coarsest_pooled_direct,pooled_avg_pool_flip_avg_coarse_only,False,False,architexture_binary_v1,0.9675647008239873,0.9488186807604043,3,3,24x24,"{""cluster_0"": {""cluster_value"": 0, ""component_size_histogram"": {""1233"": 1}, ""largest_component_size"": 1233, ""num_1_cell_components"": 0, ""num_2_cell_components"": 0, ""num_components"": 1, ""smallest_component_size"": 1233, ""tiny_component_pixel_fraction"": 0.0, ""tiny_component_pixels"": 0}, ""cluster_1"": {""cluster_value"": 1, ""component_size_histogram"": {""3951"": 1}, ""largest_component_size"": 3951, ""num_1_cell_components"": 0, ""num_2_cell_components"": 0, ""num_components"": 1, ""smallest_component_size"": 3951, ""tiny_component_pixel_fraction"": 0.0, ""tiny_component_pixels"": 0}}"
cstd,feature_cluster_coarse_to_fine_global_pooled_init_flip_avg_coarse_only,benchmark,455,000455,2,partition_invariant,0.6446592802306143,0.34687895380394235,0.5,0.5715879746230115,0.717730585838217,0.4472389221191406,0.5527610778808594,2,2,0.0,0.0,ok,True,"cluster_a->texture_a,cluster_b->texture_b",cluster_a,cluster_b,0.6446592802306143,0.34687895380394235,0.10863499763851023,0.34687895380394235,best_partition_assignment,1,fpn_2,fpn_2,fpn_2,72x72,79943,182201,79943,182201,79943,182201,0.0,0.0,0.0,0.0,coarsest_pooled_direct,pooled_avg_pool_flip_avg_coarse_only,False,False,architexture_binary_v1,0.6446592802306143,0.34687895380394235,3,3,24x24,"{""cluster_0"": {""cluster_value"": 0, ""component_size_histogram"": {""1548"": 1, ""36"": 1}, ""largest_component_size"": 1548, ""num_1_cell_components"": 0, ""num_2_cell_components"": 0, ""num_components"": 2, ""smallest_component_size"": 36, ""tiny_component_pixel_fraction"": 0.0, ""tiny_component_pixels"": 0}, ""cluster_1"": {""cluster_value"": 1, ""component_size_histogram"": {""315"": 1, ""3285"": 1}, ""largest_component_size"": 3285, ""num_1_cell_components"": 0, ""num_2_cell_components"": 0, ""num_components"": 2, ""smallest_component_size"": 315, ""tiny_component_pixel_fraction"": 0.0, ""tiny_component_pixels"": 0}}"
cstd,feature_cluster_coarse_to_fine_global_pooled_init_flip_avg_coarse_only,benchmark,456,000456,2,partition_invariant,0.43953896664167835,0.04251955506425688,0.5,0.38230977543338224,0.49676815784997447,0.24916839599609375,0.7508316040039062,2,2,0.0,0.0,ok,True,"cluster_b->texture_a,cluster_a->texture_b",cluster_b,cluster_a,0.1975132930585103,0.04251955506425688,0.43953896664167835,0.04251955506425688,best_partition_assignment,1,fpn_2,fpn_2,fpn_2,72x72,102357,159787,102357,159787,102357,159787,0.0,0.0,0.0,0.0,coarsest_pooled_direct,pooled_avg_pool_flip_avg_coarse_only,False,False,architexture_binary_v1,0.43953896664167835,0.04251955506425688,3,3,24x24,"{""cluster_0"": {""cluster_value"": 0, ""component_size_histogram"": {""1341"": 1, ""18"": 1, ""27"": 1, ""639"": 1}, ""largest_component_size"": 1341, ""num_1_cell_components"": 0, ""num_2_cell_components"": 0, ""num_components"": 4, ""smallest_component_size"": 18, ""tiny_component_pixel_fraction"": 0.0, ""tiny_component_pixels"": 0}, ""cluster_1"": {""cluster_value"": 1, ""component_size_histogram"": {""2997"": 1, ""54"": 1, ""9"": 1, ""99"": 1}, ""largest_component_size"": 2997, ""num_1_cell_components"": 0, ""num_2_cell_components"": 0, ""num_components"": 4, ""smallest_component_size"": 9, ""tiny_component_pixel_fraction"": 0.0, ""tiny_component_pixels"": 0}}"
cstd,feature_cluster_coarse_to_fine_global_pooled_init_flip_avg_coarse_only,benchmark,457,000457,2,partition_invariant,0.9477227485029682,0.8976662669518946,0.5,0.9553074076478608,0.9401380893580757,0.5752525329589844,0.4247474670410156,2,2,0.0,0.0,ok,True,"cluster_b->texture_a,cluster_a->texture_b",cluster_b,cluster_a,0.013304227241436505,0.8976662669518946,0.9477227485029682,0.8976662669518946,best_partition_assignment,1,fpn_2,fpn_2,fpn_2,72x72,111767,150377,111767,150377,111767,150377,0.0,0.0,0.0,0.0,coarsest_pooled_direct,pooled_avg_pool_flip_avg_coarse_only,False,False,architexture_binary_v1,0.9477227485029682,0.8976662669518946,3,3,24x24,"{""cluster_0"": {""cluster_value"": 0, ""component_size_histogram"": {""2187"": 1, ""27"": 1}, ""largest_component_size"": 2187, ""num_1_cell_components"": 0, ""num_2_cell_components"": 0, ""num_components"": 2, ""smallest_component_size"": 27, ""tiny_component_pixel_fraction"": 0.0, ""tiny_component_pixels"": 0}, ""cluster_1"": {""cluster_value"": 1, ""component_size_histogram"": {""2970"": 1}, ""largest_component_size"": 2970, ""num_1_cell_components"": 0, ""num_2_cell_components"": 0, ""num_components"": 1, ""smallest_component_size"": 2970, ""tiny_component_pixel_fraction"": 0.0, ""tiny_component_pixels"": 0}}"
cstd,feature_cluster_coarse_to_fine_global_pooled_init_flip_avg_coarse_only,benchmark,458,000458,2,partition_invariant,0.9480938452519501,0.8974693584755088,0.5,0.9424510834209078,0.9537366070829925,0.44498443603515625,0.5550155639648438,2,2,0.0,0.0,ok,True,"cluster_b->texture_a,cluster_a->texture_b",cluster_b,cluster_a,0.013335618037843357,0.8974693584755088,0.9480938452519501,0.8974693584755088,best_partition_assignment,1,fpn_2,fpn_2,fpn_2,72x72,145898,116246,145898,116246,145898,116246,0.0,0.0,0.0,0.0,coarsest_pooled_direct,pooled_avg_pool_flip_avg_coarse_only,False,False,architexture_binary_v1,0.9480938452519501,0.8974693584755088,3,3,24x24,"{""cluster_0"": {""cluster_value"": 0, ""component_size_histogram"": {""2880"": 1, ""9"": 1}, ""largest_component_size"": 2880, ""num_1_cell_components"": 0, ""num_2_cell_components"": 0, ""num_components"": 2, ""smallest_component_size"": 9, ""tiny_component_pixel_fraction"": 0.0, ""tiny_component_pixels"": 0}, ""cluster_1"": {""cluster_value"": 1, ""component_size_histogram"": {""2295"": 1}, ""largest_component_size"": 2295, ""num_1_cell_components"": 0, ""num_2_cell_components"": 0, ""num_components"": 1, ""smallest_component_size"": 2295, ""tiny_component_pixel_fraction"": 0.0, ""tiny_component_pixels"": 0}}"
cstd,feature_cluster_coarse_to_fine_global_pooled_init_flip_avg_coarse_only,benchmark,459,000459,2,partition_invariant,0.8765184428548097,0.779903159553618,0.5,0.9197646329471119,0.8332722527625076,0.6880722045898438,0.31192779541015625,2,2,0.0,0.0,ok,True,"cluster_b->texture_a,cluster_a->texture_b",cluster_b,cluster_a,0.02947032156182729,0.779903159553618,0.8765184428548097,0.779903159553618,best_partition_assignment,1,fpn_2,fpn_2,fpn_2,72x72,83307,178837,83307,178837,83307,178837,0.0,0.0,0.0,0.0,coarsest_pooled_direct,pooled_avg_pool_flip_avg_coarse_only,False,False,architexture_binary_v1,0.8765184428548097,0.779903159553618,3,3,24x24,"{""cluster_0"": {""cluster_value"": 0, ""component_size_histogram"": {""1503"": 1, ""63"": 1, ""72"": 1, ""9"": 1}, ""largest_component_size"": 1503, ""num_1_cell_components"": 0, ""num_2_cell_components"": 0, ""num_components"": 4, ""smallest_component_size"": 9, ""tiny_component_pixel_fraction"": 0.0, ""tiny_component_pixels"": 0}, ""cluster_1"": {""cluster_value"": 1, ""component_size_histogram"": {""3537"": 1}, ""largest_component_size"": 3537, ""num_1_cell_components"": 0, ""num_2_cell_components"": 0, ""num_components"": 1, ""smallest_component_size"": 3537, ""tiny_component_pixel_fraction"": 0.0, ""tiny_component_pixels"": 0}}"
cstd,feature_cluster_coarse_to_fine_global_pooled_init_flip_avg_coarse_only,benchmark,460,000460,2,partition_invariant,0.9126014893630878,0.8417758351893526,0.5,0.8843030756388157,0.9408999030873598,0.3173561096191406,0.6826438903808594,2,2,0.0,0.0,ok,True,"cluster_a->texture_a,cluster_b->texture_b",cluster_a,cluster_b,0.9126014893630878,0.8417758351893526,0.020573538260268667,0.8417758351893526,best_partition_assignment,1,fpn_2,fpn_2,fpn_2,72x72,90617,171527,90617,171527,90617,171527,0.0,0.0,0.0,0.0,coarsest_pooled_direct,pooled_avg_pool_flip_avg_coarse_only,False,False,architexture_binary_v1,0.9126014893630878,0.8417758351893526,3,3,24x24,"{""cluster_0"": {""cluster_value"": 0, ""component_size_histogram"": {""1791"": 1}, ""largest_component_size"": 1791, ""num_1_cell_components"": 0, ""num_2_cell_components"": 0, ""num_components"": 1, ""smallest_component_size"": 1791, ""tiny_component_pixel_fraction"": 0.0, ""tiny_component_pixels"": 0}, ""cluster_1"": {""cluster_value"": 1, ""component_size_histogram"": {""3393"": 1}, ""largest_component_size"": 3393, ""num_1_cell_components"": 0, ""num_2_cell_components"": 0, ""num_components"": 1, ""smallest_component_size"": 3393, ""tiny_component_pixel_fraction"": 0.0, ""tiny_component_pixels"": 0}}"
cstd,feature_cluster_coarse_to_fine_global_pooled_init_flip_avg_coarse_only,benchmark,461,000461,2,partition_invariant,0.344759062604966,-0.03334875849759948,0.5,0.3495238095238095,0.33999431568612254,0.292388916015625,0.707611083984375,2,2,0.0,0.0,ok,True,"cluster_b->texture_a,cluster_a->texture_b",cluster_b,cluster_a,0.2636662527196803,-0.03334875849759948,0.344759062604966,-0.03334875849759948,best_partition_assignment,1,fpn_2,fpn_2,fpn_2,72x72,73813,188331,73813,188331,73813,188331,0.0,0.0,0.0,0.0,coarsest_pooled_direct,pooled_avg_pool_flip_avg_coarse_only,False,False,architexture_binary_v1,0.344759062604966,-0.03334875849759948,3,3,24x24,"{""cluster_0"": {""cluster_value"": 0, ""component_size_histogram"": {""1422"": 1, ""36"": 1}, ""largest_component_size"": 1422, ""num_1_cell_components"": 0, ""num_2_cell_components"": 0, ""num_components"": 2, ""smallest_component_size"": 36, ""tiny_component_pixel_fraction"": 0.0, ""tiny_component_pixels"": 0}, ""cluster_1"": {""cluster_value"": 1, ""component_size_histogram"": {""3726"": 1}, ""largest_component_size"": 3726, ""num_1_cell_components"": 0, ""num_2_cell_components"": 0, ""num_components"": 1, ""smallest_component_size"": 3726, ""tiny_component_pixel_fraction"": 0.0, ""tiny_component_pixels"": 0}}"
cstd,feature_cluster_coarse_to_fine_global_pooled_init_flip_avg_coarse_only,benchmark,462,000462,2,partition_invariant,0.8766610768772231,0.7904837099179075,0.5,0.8238372829806109,0.9294848707738352,0.2675971984863281,0.7324028015136719,2,2,0.0,0.0,ok,True,"cluster_b->texture_a,cluster_a->texture_b",cluster_b,cluster_a,0.02718723012755247,0.7904837099179075,0.8766610768772231,0.7904837099179075,best_partition_assignment,1,fpn_2,fpn_2,fpn_2,72x72,188374,73770,188374,73770,188374,73770,0.0,0.0,0.0,0.0,coarsest_pooled_direct,pooled_avg_pool_flip_avg_coarse_only,False,False,architexture_binary_v1,0.8766610768772231,0.7904837099179075,3,3,24x24,"{""cluster_0"": {""cluster_value"": 0, ""component_size_histogram"": {""36"": 1, ""3663"": 1, ""9"": 3}, ""largest_component_size"": 3663, ""num_1_cell_components"": 0, ""num_2_cell_components"": 0, ""num_components"": 5, ""smallest_component_size"": 9, ""tiny_component_pixel_fraction"": 0.0, ""tiny_component_pixels"": 0}, ""cluster_1"": {""cluster_value"": 1, ""component_size_histogram"": {""1449"": 1, ""9"": 1}, ""largest_component_size"": 1449, ""num_1_cell_components"": 0, ""num_2_cell_components"": 0, ""num_components"": 2, ""smallest_component_size"": 9, ""tiny_component_pixel_fraction"": 0.0, ""tiny_component_pixels"": 0}}"
cstd,feature_cluster_coarse_to_fine_global_pooled_init_flip_avg_coarse_only,benchmark,463,000463,2,partition_invariant,0.9309534751620591,0.8754377529581475,0.5,0.9081411785493418,0.9537657717747763,0.318115234375,0.681884765625,2,2,0.0,0.0,ok,True,"cluster_a->texture_a,cluster_b->texture_b",cluster_a,cluster_b,0.9309534751620591,0.8754377529581475,0.015987941597390344,0.8754377529581475,best_partition_assignment,1,fpn_2,fpn_2,fpn_2,72x72,89394,172750,89394,172750,89394,172750,0.0,0.0,0.0,0.0,coarsest_pooled_direct,pooled_avg_pool_flip_avg_coarse_only,False,False,architexture_binary_v1,0.9309534751620591,0.8754377529581475,3,3,24x24,"{""cluster_0"": {""cluster_value"": 0, ""component_size_histogram"": {""1755"": 1, ""9"": 2}, ""largest_component_size"": 1755, ""num_1_cell_components"": 0, ""num_2_cell_components"": 0, ""num_components"": 3, ""smallest_component_size"": 9, ""tiny_component_pixel_fraction"": 0.0, ""tiny_component_pixels"": 0}, ""cluster_1"": {""cluster_value"": 1, ""component_size_histogram"": {""3411"": 1}, ""largest_component_size"": 3411, ""num_1_cell_components"": 0, ""num_2_cell_components"": 0, ""num_components"": 1, ""smallest_component_size"": 3411, ""tiny_component_pixel_fraction"": 0.0, ""tiny_component_pixels"": 0}}"
cstd,feature_cluster_coarse_to_fine_global_pooled_init_flip_avg_coarse_only,benchmark,464,000464,2,partition_invariant,0.9662299018207056,0.9414335613782145,0.5,0.9529499256321269,0.9795098780092842,0.2972145080566406,0.7027854919433594,2,2,0.0,0.0,ok,True,"cluster_a->texture_a,cluster_b->texture_b",cluster_a,cluster_b,0.9662299018207056,0.9414335613782145,0.007282030888093806,0.9414335613782145,best_partition_assignment,1,fpn_2,fpn_2,fpn_2,72x72,79651,182493,79651,182493,79651,182493,0.0,0.0,0.0,0.0,coarsest_pooled_direct,pooled_avg_pool_flip_avg_coarse_only,False,False,architexture_binary_v1,0.9662299018207056,0.9414335613782145,3,3,24x24,"{""cluster_0"": {""cluster_value"": 0, ""component_size_histogram"": {""1575"": 1}, ""largest_component_size"": 1575, ""num_1_cell_components"": 0, ""num_2_cell_components"": 0, ""num_components"": 1, ""smallest_component_size"": 1575, ""tiny_component_pixel_fraction"": 0.0, ""tiny_component_pixels"": 0}, ""cluster_1"": {""cluster_value"": 1, ""component_size_histogram"": {""3609"": 1}, ""largest_component_size"": 3609, ""num_1_cell_components"": 0, ""num_2_cell_components"": 0, ""num_components"": 1, ""smallest_component_size"": 3609, ""tiny_component_pixel_fraction"": 0.0, ""tiny_component_pixels"": 0}}"
cstd,feature_cluster_coarse_to_fine_global_pooled_init_flip_avg_coarse_only,benchmark,465,000465,2,partition_invariant,0.9224616844579978,0.8560287272301381,0.5,0.9010138605001169,0.9439095084158786,0.34267425537109375,0.6573257446289062,2,2,0.0,0.0,ok,True,"cluster_b->texture_a,cluster_a->texture_b",cluster_b,cluster_a,0.018720930200282707,0.8560287272301381,0.9224616844579978,0.8560287272301381,best_partition_assignment,1,fpn_2,fpn_2,fpn_2,72x72,165034,97110,165034,97110,165034,97110,0.0,0.0,0.0,0.0,coarsest_pooled_direct,pooled_avg_pool_flip_avg_coarse_only,False,False,architexture_binary_v1,0.9224616844579978,0.8560287272301381,3,3,24x24,"{""cluster_0"": {""cluster_value"": 0, ""component_size_histogram"": {""3258"": 1, ""9"": 1}, ""largest_component_size"": 3258, ""num_1_cell_components"": 0, ""num_2_cell_components"": 0, ""num_components"": 2, ""smallest_component_size"": 9, ""tiny_component_pixel_fraction"": 0.0, ""tiny_component_pixels"": 0}, ""cluster_1"": {""cluster_value"": 1, ""component_size_histogram"": {""1917"": 1}, ""largest_component_size"": 1917, ""num_1_cell_components"": 0, ""num_2_cell_components"": 0, ""num_components"": 1, ""smallest_component_size"": 1917, ""tiny_component_pixel_fraction"": 0.0, ""tiny_component_pixels"": 0}}"
cstd,feature_cluster_coarse_to_fine_global_pooled_init_flip_avg_coarse_only,benchmark,466,000466,2,partition_invariant,0.9333630760781777,0.8913669399105584,0.5,0.9011610341404462,0.9655651180159092,0.26122283935546875,0.7387771606445312,2,2,0.0,0.0,ok,True,"cluster_a->texture_a,cluster_b->texture_b",cluster_a,cluster_b,0.9333630760781777,0.8913669399105584,0.013192116727088105,0.8913669399105584,best_partition_assignment,1,fpn_2,fpn_2,fpn_2,72x72,63666,198478,63666,198478,63666,198478,0.0,0.0,0.0,0.0,coarsest_pooled_direct,pooled_avg_pool_flip_avg_coarse_only,False,False,architexture_binary_v1,0.9333630760781777,0.8913669399105584,3,3,24x24,"{""cluster_0"": {""cluster_value"": 0, ""component_size_histogram"": {""1260"": 1}, ""largest_component_size"": 1260, ""num_1_cell_components"": 0, ""num_2_cell_components"": 0, ""num_components"": 1, ""smallest_component_size"": 1260, ""tiny_component_pixel_fraction"": 0.0, ""tiny_component_pixels"": 0}, ""cluster_1"": {""cluster_value"": 1, ""component_size_histogram"": {""3843"": 1, ""81"": 1}, ""largest_component_size"": 3843, ""num_1_cell_components"": 0, ""num_2_cell_components"": 0, ""num_components"": 2, ""smallest_component_size"": 81, ""tiny_component_pixel_fraction"": 0.0, ""tiny_component_pixels"": 0}}"
cstd,feature_cluster_coarse_to_fine_global_pooled_init_flip_avg_coarse_only,benchmark,467,000467,2,partition_invariant,0.9635167833374043,0.9294657427881328,0.5,0.9702679113539769,0.9567656553208318,0.5946998596191406,0.4053001403808594,2,2,0.0,0.0,ok,True,"cluster_b->texture_a,cluster_a->texture_b",cluster_b,cluster_a,0.009047300902134774,0.9294657427881328,0.9635167833374043,0.9294657427881328,best_partition_assignment,1,fpn_2,fpn_2,fpn_2,72x72,106518,155626,106518,155626,106518,155626,0.0,0.0,0.0,0.0,coarsest_pooled_direct,pooled_avg_pool_flip_avg_coarse_only,False,False,architexture_binary_v1,0.9635167833374043,0.9294657427881328,3,3,24x24,"{""cluster_0"": {""cluster_value"": 0, ""component_size_histogram"": {""2106"": 1}, ""largest_component_size"": 2106, ""num_1_cell_components"": 0, ""num_2_cell_components"": 0, ""num_components"": 1, ""smallest_component_size"": 2106, ""tiny_component_pixel_fraction"": 0.0, ""tiny_component_pixels"": 0}, ""cluster_1"": {""cluster_value"": 1, ""component_size_histogram"": {""3078"": 1}, ""largest_component_size"": 3078, ""num_1_cell_components"": 0, ""num_2_cell_components"": 0, ""num_components"": 1, ""smallest_component_size"": 3078, ""tiny_component_pixel_fraction"": 0.0, ""tiny_component_pixels"": 0}}"
cstd,feature_cluster_coarse_to_fine_global_pooled_init_flip_avg_coarse_only,benchmark,468,000468,2,partition_invariant,0.9550023327965724,0.9311336103675635,0.5,0.9297189787905286,0.9802856868026164,0.20930862426757812,0.7906913757324219,2,2,0.0,0.0,ok,True,"cluster_a->texture_a,cluster_b->texture_b",cluster_a,cluster_b,0.9550023327965724,0.9311336103675635,0.007850897649684914,0.9311336103675635,best_partition_assignment,1,fpn_2,fpn_2,fpn_2,72x72,57678,204466,57678,204466,57678,204466,0.0,0.0,0.0,0.0,coarsest_pooled_direct,pooled_avg_pool_flip_avg_coarse_only,False,False,architexture_binary_v1,0.9550023327965724,0.9311336103675635,3,3,24x24,"{""cluster_0"": {""cluster_value"": 0, ""component_size_histogram"": {""1143"": 1}, ""largest_component_size"": 1143, ""num_1_cell_components"": 0, ""num_2_cell_components"": 0, ""num_components"": 1, ""smallest_component_size"": 1143, ""tiny_component_pixel_fraction"": 0.0, ""tiny_component_pixels"": 0}, ""cluster_1"": {""cluster_value"": 1, ""component_size_histogram"": {""4041"": 1}, ""largest_component_size"": 4041, ""num_1_cell_components"": 0, ""num_2_cell_components"": 0, ""num_components"": 1, ""smallest_component_size"": 4041, ""tiny_component_pixel_fraction"": 0.0, ""tiny_component_pixels"": 0}}"
cstd,feature_cluster_coarse_to_fine_global_pooled_init_flip_avg_coarse_only,benchmark,469,000469,2,partition_invariant,0.8701615849715364,0.7660599539185794,0.5,0.8272221506207844,0.9131010193222884,0.3160667419433594,0.6839332580566406,2,2,0.0,0.0,ok,True,"cluster_a->texture_a,cluster_b->texture_b",cluster_a,cluster_b,0.8701615849715364,0.7660599539185794,0.031581576268098696,0.7660599539185794,best_partition_assignment,1,fpn_2,fpn_2,fpn_2,72x72,87274,174870,87274,174870,87274,174870,0.0,0.0,0.0,0.0,coarsest_pooled_direct,pooled_avg_pool_flip_avg_coarse_only,False,False,architexture_binary_v1,0.8701615849715364,0.7660599539185794,3,3,24x24,"{""cluster_0"": {""cluster_value"": 0, ""component_size_histogram"": {""1728"": 1}, ""largest_component_size"": 1728, ""num_1_cell_components"": 0, ""num_2_cell_components"": 0, ""num_components"": 1, ""smallest_component_size"": 1728, ""tiny_component_pixel_fraction"": 0.0, ""tiny_component_pixels"": 0}, ""cluster_1"": {""cluster_value"": 1, ""component_size_histogram"": {""3456"": 1}, ""largest_component_size"": 3456, ""num_1_cell_components"": 0, ""num_2_cell_components"": 0, ""num_components"": 1, ""smallest_component_size"": 3456, ""tiny_component_pixel_fraction"": 0.0, ""tiny_component_pixels"": 0}}"
cstd,feature_cluster_coarse_to_fine_global_pooled_init_flip_avg_coarse_only,benchmark,470,000470,2,partition_invariant,0.9442012590989479,0.9008249961511389,0.5,0.9243650894476076,0.9640374287502883,0.3097496032714844,0.6902503967285156,2,2,0.0,0.0,ok,True,"cluster_a->texture_a,cluster_b->texture_b",cluster_a,cluster_b,0.9442012590989479,0.9008249961511389,0.01258341282849891,0.9008249961511389,best_partition_assignment,1,fpn_2,fpn_2,fpn_2,72x72,85426,176718,85426,176718,85426,176718,0.0,0.0,0.0,0.0,coarsest_pooled_direct,pooled_avg_pool_flip_avg_coarse_only,False,False,architexture_binary_v1,0.9442012590989479,0.9008249961511389,3,3,24x24,"{""cluster_0"": {""cluster_value"": 0, ""component_size_histogram"": {""1692"": 1}, ""largest_component_size"": 1692, ""num_1_cell_components"": 0, ""num_2_cell_components"": 0, ""num_components"": 1, ""smallest_component_size"": 1692, ""tiny_component_pixel_fraction"": 0.0, ""tiny_component_pixels"": 0}, ""cluster_1"": {""cluster_value"": 1, ""component_size_histogram"": {""3492"": 1}, ""largest_component_size"": 3492, ""num_1_cell_components"": 0, ""num_2_cell_components"": 0, ""num_components"": 1, ""smallest_component_size"": 3492, ""tiny_component_pixel_fraction"": 0.0, ""tiny_component_pixels"": 0}}"
cstd,feature_cluster_coarse_to_fine_global_pooled_init_flip_avg_coarse_only,benchmark,471,000471,2,partition_invariant,0.9406354691484728,0.8998155595572538,0.5,0.9148350562981498,0.9664358819987959,0.2788658142089844,0.7211341857910156,2,2,0.0,0.0,ok,True,"cluster_b->texture_a,cluster_a->texture_b",cluster_b,cluster_a,0.012486496903957874,0.8998155595572538,0.9406354691484728,0.8998155595572538,best_partition_assignment,1,fpn_2,fpn_2,fpn_2,72x72,189844,72300,189844,72300,189844,72300,0.0,0.0,0.0,0.0,coarsest_pooled_direct,pooled_avg_pool_flip_avg_coarse_only,False,False,architexture_binary_v1,0.9406354691484728,0.8998155595572538,3,3,24x24,"{""cluster_0"": {""cluster_value"": 0, ""component_size_histogram"": {""3753"": 1}, ""largest_component_size"": 3753, ""num_1_cell_components"": 0, ""num_2_cell_components"": 0, ""num_components"": 1, ""smallest_component_size"": 3753, ""tiny_component_pixel_fraction"": 0.0, ""tiny_component_pixels"": 0}, ""cluster_1"": {""cluster_value"": 1, ""component_size_histogram"": {""1431"": 1}, ""largest_component_size"": 1431, ""num_1_cell_components"": 0, ""num_2_cell_components"": 0, ""num_components"": 1, ""smallest_component_size"": 1431, ""tiny_component_pixel_fraction"": 0.0, ""tiny_component_pixels"": 0}}"
cstd,feature_cluster_coarse_to_fine_global_pooled_init_flip_avg_coarse_only,benchmark,472,000472,2,partition_invariant,0.3288051242544247,-0.06574424625354226,0.5,0.35722456131811436,0.30038568719073505,0.2805747985839844,0.7194252014160156,2,2,0.0,0.0,ok,True,"cluster_b->texture_a,cluster_a->texture_b",cluster_b,cluster_a,0.25234048223213673,-0.06574424625354226,0.3288051242544247,-0.06574424625354226,best_partition_assignment,1,fpn_2,fpn_2,fpn_2,72x72,56860,205284,56860,205284,56860,205284,0.0,0.0,0.0,0.0,coarsest_pooled_direct,pooled_avg_pool_flip_avg_coarse_only,False,False,architexture_binary_v1,0.3288051242544247,-0.06574424625354226,3,3,24x24,"{""cluster_0"": {""cluster_value"": 0, ""component_size_histogram"": {""189"": 1, ""216"": 1, ""297"": 1, ""423"": 1}, ""largest_component_size"": 423, ""num_1_cell_components"": 0, ""num_2_cell_components"": 0, ""num_components"": 4, ""smallest_component_size"": 189, ""tiny_component_pixel_fraction"": 0.0, ""tiny_component_pixels"": 0}, ""cluster_1"": {""cluster_value"": 1, ""component_size_histogram"": {""4059"": 1}, ""largest_component_size"": 4059, ""num_1_cell_components"": 0, ""num_2_cell_components"": 0, ""num_components"": 1, ""smallest_component_size"": 4059, ""tiny_component_pixel_fraction"": 0.0, ""tiny_component_pixels"": 0}}"
cstd,feature_cluster_coarse_to_fine_global_pooled_init_flip_avg_coarse_only,benchmark,473,000473,2,partition_invariant,0.8835578923369383,0.8164287574448498,0.5,0.8212273800157356,0.9458884046581411,0.20384979248046875,0.7961502075195312,2,2,0.0,0.0,ok,True,"cluster_a->texture_a,cluster_b->texture_b",cluster_a,cluster_b,0.8835578923369383,0.8164287574448498,0.02185730379185069,0.8164287574448498,best_partition_assignment,1,fpn_2,fpn_2,fpn_2,72x72,62301,199843,62301,199843,62301,199843,0.0,0.0,0.0,0.0,coarsest_pooled_direct,pooled_avg_pool_flip_avg_coarse_only,False,False,architexture_binary_v1,0.8835578923369383,0.8164287574448498,3,3,24x24,"{""cluster_0"": {""cluster_value"": 0, ""component_size_histogram"": {""1233"": 1}, ""largest_component_size"": 1233, ""num_1_cell_components"": 0, ""num_2_cell_components"": 0, ""num_components"": 1, ""smallest_component_size"": 1233, ""tiny_component_pixel_fraction"": 0.0, ""tiny_component_pixels"": 0}, ""cluster_1"": {""cluster_value"": 1, ""component_size_histogram"": {""3951"": 1}, ""largest_component_size"": 3951, ""num_1_cell_components"": 0, ""num_2_cell_components"": 0, ""num_components"": 1, ""smallest_component_size"": 3951, ""tiny_component_pixel_fraction"": 0.0, ""tiny_component_pixels"": 0}}"
cstd,feature_cluster_coarse_to_fine_global_pooled_init_flip_avg_coarse_only,benchmark,474,000474,2,partition_invariant,0.9404309434843272,0.9048642251862903,0.5,0.9100636205899364,0.9707982663787181,0.22937393188476562,0.7706260681152344,2,2,0.0,0.0,ok,True,"cluster_a->texture_a,cluster_b->texture_b",cluster_a,cluster_b,0.9404309434843272,0.9048642251862903,0.011298085362848825,0.9048642251862903,best_partition_assignment,1,fpn_2,fpn_2,fpn_2,72x72,65366,196778,65366,196778,65366,196778,0.0,0.0,0.0,0.0,coarsest_pooled_direct,pooled_avg_pool_flip_avg_coarse_only,False,False,architexture_binary_v1,0.9404309434843272,0.9048642251862903,3,3,24x24,"{""cluster_0"": {""cluster_value"": 0, ""component_size_histogram"": {""1296"": 1}, ""largest_component_size"": 1296, ""num_1_cell_components"": 0, ""num_2_cell_components"": 0, ""num_components"": 1, ""smallest_component_size"": 1296, ""tiny_component_pixel_fraction"": 0.0, ""tiny_component_pixels"": 0}, ""cluster_1"": {""cluster_value"": 1, ""component_size_histogram"": {""3888"": 1}, ""largest_component_size"": 3888, ""num_1_cell_components"": 0, ""num_2_cell_components"": 0, ""num_components"": 1, ""smallest_component_size"": 3888, ""tiny_component_pixel_fraction"": 0.0, ""tiny_component_pixels"": 0}}"
cstd,feature_cluster_coarse_to_fine_global_pooled_init_flip_avg_coarse_only,benchmark,475,000475,2,partition_invariant,0.9712284890104991,0.9488493548337386,0.5,0.9610266825407942,0.981430295480204,0.3185577392578125,0.6814422607421875,2,2,0.0,0.0,ok,True,"cluster_a->texture_a,cluster_b->texture_b",cluster_a,cluster_b,0.9712284890104991,0.9488493548337386,0.0064058465055460735,0.9488493548337386,best_partition_assignment,1,fpn_2,fpn_2,fpn_2,72x72,84501,177643,84501,177643,84501,177643,0.0,0.0,0.0,0.0,coarsest_pooled_direct,pooled_avg_pool_flip_avg_coarse_only,False,False,architexture_binary_v1,0.9712284890104991,0.9488493548337386,3,3,24x24,"{""cluster_0"": {""cluster_value"": 0, ""component_size_histogram"": {""1674"": 1}, ""largest_component_size"": 1674, ""num_1_cell_components"": 0, ""num_2_cell_components"": 0, ""num_components"": 1, ""smallest_component_size"": 1674, ""tiny_component_pixel_fraction"": 0.0, ""tiny_component_pixels"": 0}, ""cluster_1"": {""cluster_value"": 1, ""component_size_histogram"": {""3510"": 1}, ""largest_component_size"": 3510, ""num_1_cell_components"": 0, ""num_2_cell_components"": 0, ""num_components"": 1, ""smallest_component_size"": 3510, ""tiny_component_pixel_fraction"": 0.0, ""tiny_component_pixels"": 0}}"
cstd,feature_cluster_coarse_to_fine_global_pooled_init_flip_avg_coarse_only,benchmark,476,000476,2,partition_invariant,0.9539616687997599,0.9246121832782009,0.5,0.9320884548945708,0.9758348827049489,0.250152587890625,0.749847412109375,2,2,0.0,0.0,ok,True,"cluster_a->texture_a,cluster_b->texture_b",cluster_a,cluster_b,0.9539616687997599,0.9246121832782009,0.009092036663777683,0.9246121832782009,best_partition_assignment,1,fpn_2,fpn_2,fpn_2,72x72,69761,192383,69761,192383,69761,192383,0.0,0.0,0.0,0.0,coarsest_pooled_direct,pooled_avg_pool_flip_avg_coarse_only,False,False,architexture_binary_v1,0.9539616687997599,0.9246121832782009,3,3,24x24,"{""cluster_0"": {""cluster_value"": 0, ""component_size_histogram"": {""1377"": 1}, ""largest_component_size"": 1377, ""num_1_cell_components"": 0, ""num_2_cell_components"": 0, ""num_components"": 1, ""smallest_component_size"": 1377, ""tiny_component_pixel_fraction"": 0.0, ""tiny_component_pixels"": 0}, ""cluster_1"": {""cluster_value"": 1, ""component_size_histogram"": {""3807"": 1}, ""largest_component_size"": 3807, ""num_1_cell_components"": 0, ""num_2_cell_components"": 0, ""num_components"": 1, ""smallest_component_size"": 3807, ""tiny_component_pixel_fraction"": 0.0, ""tiny_component_pixels"": 0}}"
cstd,feature_cluster_coarse_to_fine_global_pooled_init_flip_avg_coarse_only,benchmark,477,000477,2,partition_invariant,0.9709283619157724,0.9569965512477536,0.5,0.9883626432817062,0.9534940805498385,0.8032493591308594,0.19675064086914062,2,2,0.0,0.0,ok,True,"cluster_b->texture_a,cluster_a->texture_b",cluster_b,cluster_a,0.004719633158215216,0.9569965512477536,0.9709283619157724,0.9569965512477536,best_partition_assignment,1,fpn_2,fpn_2,fpn_2,72x72,51882,210262,51882,210262,51882,210262,0.0,0.0,0.0,0.0,coarsest_pooled_direct,pooled_avg_pool_flip_avg_coarse_only,False,False,architexture_binary_v1,0.9709283619157724,0.9569965512477536,3,3,24x24,"{""cluster_0"": {""cluster_value"": 0, ""component_size_histogram"": {""1026"": 1}, ""largest_component_size"": 1026, ""num_1_cell_components"": 0, ""num_2_cell_components"": 0, ""num_components"": 1, ""smallest_component_size"": 1026, ""tiny_component_pixel_fraction"": 0.0, ""tiny_component_pixels"": 0}, ""cluster_1"": {""cluster_value"": 1, ""component_size_histogram"": {""4158"": 1}, ""largest_component_size"": 4158, ""num_1_cell_components"": 0, ""num_2_cell_components"": 0, ""num_components"": 1, ""smallest_component_size"": 4158, ""tiny_component_pixel_fraction"": 0.0, ""tiny_component_pixels"": 0}}"
cstd,feature_cluster_coarse_to_fine_global_pooled_init_flip_avg_coarse_only,benchmark,478,000478,2,partition_invariant,0.9322595484717511,0.8815464582557477,0.5,0.906390833253428,0.9581282636900741,0.30146026611328125,0.6985397338867188,2,2,0.0,0.0,ok,True,"cluster_a->texture_a,cluster_b->texture_b",cluster_a,cluster_b,0.9322595484717511,0.8815464582557477,0.015117943929898417,0.8815464582557477,best_partition_assignment,1,fpn_2,fpn_2,fpn_2,72x72,80028,182116,80028,182116,80028,182116,0.0,0.0,0.0,0.0,coarsest_pooled_direct,pooled_avg_pool_flip_avg_coarse_only,False,False,architexture_binary_v1,0.9322595484717511,0.8815464582557477,3,3,24x24,"{""cluster_0"": {""cluster_value"": 0, ""component_size_histogram"": {""1530"": 1, ""54"": 1}, ""largest_component_size"": 1530, ""num_1_cell_components"": 0, ""num_2_cell_components"": 0, ""num_components"": 2, ""smallest_component_size"": 54, ""tiny_component_pixel_fraction"": 0.0, ""tiny_component_pixels"": 0}, ""cluster_1"": {""cluster_value"": 1, ""component_size_histogram"": {""3600"": 1}, ""largest_component_size"": 3600, ""num_1_cell_components"": 0, ""num_2_cell_components"": 0, ""num_components"": 1, ""smallest_component_size"": 3600, ""tiny_component_pixel_fraction"": 0.0, ""tiny_component_pixels"": 0}}"
cstd,feature_cluster_coarse_to_fine_global_pooled_init_flip_avg_coarse_only,benchmark,479,000479,2,partition_invariant,0.9616692520649299,0.931994807139917,0.5,0.947940530179064,0.975397973950796,0.3186912536621094,0.6813087463378906,2,2,0.0,0.0,ok,True,"cluster_a->texture_a,cluster_b->texture_b",cluster_a,cluster_b,0.9616692520649299,0.931994807139917,0.008567447742281749,0.931994807139917,best_partition_assignment,1,fpn_2,fpn_2,fpn_2,72x72,83115,179029,83115,179029,83115,179029,0.0,0.0,0.0,0.0,coarsest_pooled_direct,pooled_avg_pool_flip_avg_coarse_only,False,False,architexture_binary_v1,0.9616692520649299,0.931994807139917,3,3,24x24,"{""cluster_0"": {""cluster_value"": 0, ""component_size_histogram"": {""1647"": 1}, ""largest_component_size"": 1647, ""num_1_cell_components"": 0, ""num_2_cell_components"": 0, ""num_components"": 1, ""smallest_component_size"": 1647, ""tiny_component_pixel_fraction"": 0.0, ""tiny_component_pixels"": 0}, ""cluster_1"": {""cluster_value"": 1, ""component_size_histogram"": {""3537"": 1}, ""largest_component_size"": 3537, ""num_1_cell_components"": 0, ""num_2_cell_components"": 0, ""num_components"": 1, ""smallest_component_size"": 3537, ""tiny_component_pixel_fraction"": 0.0, ""tiny_component_pixels"": 0}}"
cstd,feature_cluster_coarse_to_fine_global_pooled_init_flip_avg_coarse_only,benchmark,480,000480,2,partition_invariant,0.9191717283377627,0.8658169599544792,0.5,0.8820338334563144,0.956309623219211,0.2545738220214844,0.7454261779785156,2,2,0.0,0.0,ok,True,"cluster_a->texture_a,cluster_b->texture_b",cluster_a,cluster_b,0.9191717283377627,0.8658169599544792,0.016674670641677165,0.8658169599544792,best_partition_assignment,1,fpn_2,fpn_2,fpn_2,72x72,70996,191148,70996,191148,70996,191148,0.0,0.0,0.0,0.0,coarsest_pooled_direct,pooled_avg_pool_flip_avg_coarse_only,False,False,architexture_binary_v1,0.9191717283377627,0.8658169599544792,3,3,24x24,"{""cluster_0"": {""cluster_value"": 0, ""component_size_histogram"": {""1404"": 1}, ""largest_component_size"": 1404, ""num_1_cell_components"": 0, ""num_2_cell_components"": 0, ""num_components"": 1, ""smallest_component_size"": 1404, ""tiny_component_pixel_fraction"": 0.0, ""tiny_component_pixels"": 0}, ""cluster_1"": {""cluster_value"": 1, ""component_size_histogram"": {""3780"": 1}, ""largest_component_size"": 3780, ""num_1_cell_components"": 0, ""num_2_cell_components"": 0, ""num_components"": 1, ""smallest_component_size"": 3780, ""tiny_component_pixel_fraction"": 0.0, ""tiny_component_pixels"": 0}}"
cstd,feature_cluster_coarse_to_fine_global_pooled_init_flip_avg_coarse_only,benchmark,481,000481,2,partition_invariant,0.5642524796217258,0.2776010975743943,0.5,0.7407751166849484,0.387729842558503,0.8493919372558594,0.15060806274414062,2,2,0.0,0.0,ok,True,"cluster_b->texture_a,cluster_a->texture_b",cluster_b,cluster_a,0.1136675618270393,0.2776010975743943,0.5642524796217258,0.2776010975743943,best_partition_assignment,1,fpn_2,fpn_2,fpn_2,72x72,92821,169323,92821,169323,92821,169323,0.0,0.0,0.0,0.0,coarsest_pooled_direct,pooled_avg_pool_flip_avg_coarse_only,False,False,architexture_binary_v1,0.5642524796217258,0.2776010975743943,3,3,24x24,"{""cluster_0"": {""cluster_value"": 0, ""component_size_histogram"": {""1674"": 1, ""72"": 1, ""90"": 1}, ""largest_component_size"": 1674, ""num_1_cell_components"": 0, ""num_2_cell_components"": 0, ""num_components"": 3, ""smallest_component_size"": 72, ""tiny_component_pixel_fraction"": 0.0, ""tiny_component_pixels"": 0}, ""cluster_1"": {""cluster_value"": 1, ""component_size_histogram"": {""1557"": 1, ""1746"": 1, ""18"": 1, ""27"": 1}, ""largest_component_size"": 1746, ""num_1_cell_components"": 0, ""num_2_cell_components"": 0, ""num_components"": 4, ""smallest_component_size"": 18, ""tiny_component_pixel_fraction"": 0.0, ""tiny_component_pixels"": 0}}"
cstd,feature_cluster_coarse_to_fine_global_pooled_init_flip_avg_coarse_only,benchmark,482,000482,2,partition_invariant,0.9065363088974477,0.8352412021292434,0.5,0.9410301934821438,0.8720424243127517,0.7040519714355469,0.2959480285644531,2,2,0.0,0.0,ok,True,"cluster_b->texture_a,cluster_a->texture_b",cluster_b,cluster_a,0.021343000883446053,0.8352412021292434,0.9065363088974477,0.8352412021292434,best_partition_assignment,1,fpn_2,fpn_2,fpn_2,72x72,83746,178398,83746,178398,83746,178398,0.0,0.0,0.0,0.0,coarsest_pooled_direct,pooled_avg_pool_flip_avg_coarse_only,False,False,architexture_binary_v1,0.9065363088974477,0.8352412021292434,3,3,24x24,"{""cluster_0"": {""cluster_value"": 0, ""component_size_histogram"": {""1539"": 1, ""18"": 1, ""81"": 1, ""9"": 2}, ""largest_component_size"": 1539, ""num_1_cell_components"": 0, ""num_2_cell_components"": 0, ""num_components"": 5, ""smallest_component_size"": 9, ""tiny_component_pixel_fraction"": 0.0, ""tiny_component_pixels"": 0}, ""cluster_1"": {""cluster_value"": 1, ""component_size_histogram"": {""3528"": 1}, ""largest_component_size"": 3528, ""num_1_cell_components"": 0, ""num_2_cell_components"": 0, ""num_components"": 1, ""smallest_component_size"": 3528, ""tiny_component_pixel_fraction"": 0.0, ""tiny_component_pixels"": 0}}"
cstd,feature_cluster_coarse_to_fine_global_pooled_init_flip_avg_coarse_only,benchmark,483,000483,2,partition_invariant,0.9412840549112926,0.8925854285873411,0.5,0.9233279130471993,0.959240196775386,0.347930908203125,0.652069091796875,2,2,0.0,0.0,ok,True,"cluster_a->texture_a,cluster_b->texture_b",cluster_a,cluster_b,0.9412840549112926,0.8925854285873411,0.013833898101308941,0.8925854285873411,best_partition_assignment,1,fpn_2,fpn_2,fpn_2,72x72,88577,173567,88577,173567,88577,173567,0.0,0.0,0.0,0.0,coarsest_pooled_direct,pooled_avg_pool_flip_avg_coarse_only,False,False,architexture_binary_v1,0.9412840549112926,0.8925854285873411,3,3,24x24,"{""cluster_0"": {""cluster_value"": 0, ""component_size_histogram"": {""1746"": 1, ""9"": 1}, ""largest_component_size"": 1746, ""num_1_cell_components"": 0, ""num_2_cell_components"": 0, ""num_components"": 2, ""smallest_component_size"": 9, ""tiny_component_pixel_fraction"": 0.0, ""tiny_component_pixels"": 0}, ""cluster_1"": {""cluster_value"": 1, ""component_size_histogram"": {""18"": 1, ""3375"": 1, ""36"": 1}, ""largest_component_size"": 3375, ""num_1_cell_components"": 0, ""num_2_cell_components"": 0, ""num_components"": 3, ""smallest_component_size"": 18, ""tiny_component_pixel_fraction"": 0.0, ""tiny_component_pixels"": 0}}"
cstd,feature_cluster_coarse_to_fine_global_pooled_init_flip_avg_coarse_only,benchmark,484,000484,2,partition_invariant,0.4342598322042412,0.0447902700432353,0.5,0.42170124411661003,0.44681842029187235,0.4776115417480469,0.5223884582519531,2,2,0.0,0.0,ok,True,"cluster_a->texture_a,cluster_b->texture_b",cluster_a,cluster_b,0.4342598322042412,0.0447902700432353,0.24541092009681809,0.0447902700432353,best_partition_assignment,1,fpn_2,fpn_2,fpn_2,72x72,128828,133316,128828,133316,128828,133316,0.0,0.0,0.0,0.0,coarsest_pooled_direct,pooled_avg_pool_flip_avg_coarse_only,False,False,architexture_binary_v1,0.4342598322042412,0.0447902700432353,3,3,24x24,"{""cluster_0"": {""cluster_value"": 0, ""component_size_histogram"": {""18"": 1, ""180"": 1, ""1827"": 1, ""36"": 1, ""405"": 1, ""45"": 1, ""9"": 4}, ""largest_component_size"": 1827, ""num_1_cell_components"": 0, ""num_2_cell_components"": 0, ""num_components"": 10, ""smallest_component_size"": 9, ""tiny_component_pixel_fraction"": 0.0, ""tiny_component_pixels"": 0}, ""cluster_1"": {""cluster_value"": 1, ""component_size_histogram"": {""108"": 1, ""126"": 1, ""1341"": 1, ""144"": 1, ""162"": 1, ""171"": 1, ""18"": 2, ""27"": 1, ""36"": 4, ""45"": 2, ""54"": 1, ""9"": 6, ""90"": 2}, ""largest_component_size"": 1341, ""num_1_cell_components"": 0, ""num_2_cell_components"": 0, ""num_components"": 24, ""smallest_component_size"": 9, ""tiny_component_pixel_fraction"": 0.0, ""tiny_component_pixels"": 0}}"
cstd,feature_cluster_coarse_to_fine_global_pooled_init_flip_avg_coarse_only,benchmark,485,000485,2,partition_invariant,0.9488620476107232,0.8985632655080685,0.5,0.9444041674473164,0.95331992777413,0.4533348083496094,0.5466651916503906,2,2,0.0,0.0,ok,True,"cluster_b->texture_a,cluster_a->texture_b",cluster_b,cluster_a,0.013185522096103432,0.8985632655080685,0.9488620476107232,0.8985632655080685,best_partition_assignment,1,fpn_2,fpn_2,fpn_2,72x72,142286,119858,142286,119858,142286,119858,0.0,0.0,0.0,0.0,coarsest_pooled_direct,pooled_avg_pool_flip_avg_coarse_only,False,False,architexture_binary_v1,0.9488620476107232,0.8985632655080685,3,3,24x24,"{""cluster_0"": {""cluster_value"": 0, ""component_size_histogram"": {""2817"": 1}, ""largest_component_size"": 2817, ""num_1_cell_components"": 0, ""num_2_cell_components"": 0, ""num_components"": 1, ""smallest_component_size"": 2817, ""tiny_component_pixel_fraction"": 0.0, ""tiny_component_pixels"": 0}, ""cluster_1"": {""cluster_value"": 1, ""component_size_histogram"": {""2367"": 1}, ""largest_component_size"": 2367, ""num_1_cell_components"": 0, ""num_2_cell_components"": 0, ""num_components"": 1, ""smallest_component_size"": 2367, ""tiny_component_pixel_fraction"": 0.0, ""tiny_component_pixels"": 0}}"
cstd,feature_cluster_coarse_to_fine_global_pooled_init_flip_avg_coarse_only,benchmark,486,000486,2,partition_invariant,0.9443465643302964,0.8928764102767106,0.5,0.9552588122819433,0.9334343163786495,0.6009140014648438,0.39908599853515625,2,2,0.0,0.0,ok,True,"cluster_b->texture_a,cluster_a->texture_b",cluster_b,cluster_a,0.013937821713661942,0.8928764102767106,0.9443465643302964,0.8928764102767106,best_partition_assignment,1,fpn_2,fpn_2,fpn_2,72x72,104713,157431,104713,157431,104713,157431,0.0,0.0,0.0,0.0,coarsest_pooled_direct,pooled_avg_pool_flip_avg_coarse_only,False,False,architexture_binary_v1,0.9443465643302964,0.8928764102767106,3,3,24x24,"{""cluster_0"": {""cluster_value"": 0, ""component_size_histogram"": {""1593"": 1, ""477"": 1}, ""largest_component_size"": 1593, ""num_1_cell_components"": 0, ""num_2_cell_components"": 0, ""num_components"": 2, ""smallest_component_size"": 477, ""tiny_component_pixel_fraction"": 0.0, ""tiny_component_pixels"": 0}, ""cluster_1"": {""cluster_value"": 1, ""component_size_histogram"": {""3105"": 1, ""9"": 1}, ""largest_component_size"": 3105, ""num_1_cell_components"": 0, ""num_2_cell_components"": 0, ""num_components"": 2, ""smallest_component_size"": 9, ""tiny_component_pixel_fraction"": 0.0, ""tiny_component_pixels"": 0}}"
cstd,feature_cluster_coarse_to_fine_global_pooled_init_flip_avg_coarse_only,benchmark,487,000487,2,partition_invariant,0.6707308303861098,0.36940330246638914,0.5,0.6489017933390264,0.6925598674331932,0.3867530822753906,0.6132469177246094,2,2,0.0,0.0,ok,True,"cluster_b->texture_a,cluster_a->texture_b",cluster_b,cluster_a,0.10270043161437836,0.36940330246638914,0.6707308303861098,0.36940330246638914,best_partition_assignment,1,fpn_2,fpn_2,fpn_2,72x72,122171,139973,122171,139973,122171,139973,0.0,0.0,0.0,0.0,coarsest_pooled_direct,pooled_avg_pool_flip_avg_coarse_only,False,False,architexture_binary_v1,0.6707308303861098,0.36940330246638914,3,3,24x24,"{""cluster_0"": {""cluster_value"": 0, ""component_size_histogram"": {""18"": 1, ""1863"": 1, ""27"": 1, ""441"": 1, ""45"": 1, ""9"": 2}, ""largest_component_size"": 1863, ""num_1_cell_components"": 0, ""num_2_cell_components"": 0, ""num_components"": 7, ""smallest_component_size"": 9, ""tiny_component_pixel_fraction"": 0.0, ""tiny_component_pixels"": 0}, ""cluster_1"": {""cluster_value"": 1, ""component_size_histogram"": {""2763"": 1, ""9"": 1}, ""largest_component_size"": 2763, ""num_1_cell_components"": 0, ""num_2_cell_components"": 0, ""num_components"": 2, ""smallest_component_size"": 9, ""tiny_component_pixel_fraction"": 0.0, ""tiny_component_pixels"": 0}}"
cstd,feature_cluster_coarse_to_fine_global_pooled_init_flip_avg_coarse_only,benchmark,488,000488,2,partition_invariant,0.9542202695876125,0.9212294889867989,0.5,0.935651604618077,0.972788934557148,0.2924003601074219,0.7075996398925781,2,2,0.0,0.0,ok,True,"cluster_a->texture_a,cluster_b->texture_b",cluster_a,cluster_b,0.9542202695876125,0.9212294889867989,0.009843712438363093,0.9212294889867989,best_partition_assignment,1,fpn_2,fpn_2,fpn_2,72x72,77092,185052,77092,185052,77092,185052,0.0,0.0,0.0,0.0,coarsest_pooled_direct,pooled_avg_pool_flip_avg_coarse_only,False,False,architexture_binary_v1,0.9542202695876125,0.9212294889867989,3,3,24x24,"{""cluster_0"": {""cluster_value"": 0, ""component_size_histogram"": {""1521"": 1}, ""largest_component_size"": 1521, ""num_1_cell_components"": 0, ""num_2_cell_components"": 0, ""num_components"": 1, ""smallest_component_size"": 1521, ""tiny_component_pixel_fraction"": 0.0, ""tiny_component_pixels"": 0}, ""cluster_1"": {""cluster_value"": 1, ""component_size_histogram"": {""3663"": 1}, ""largest_component_size"": 3663, ""num_1_cell_components"": 0, ""num_2_cell_components"": 0, ""num_components"": 1, ""smallest_component_size"": 3663, ""tiny_component_pixel_fraction"": 0.0, ""tiny_component_pixels"": 0}}"
cstd,feature_cluster_coarse_to_fine_global_pooled_init_flip_avg_coarse_only,benchmark,489,000489,2,partition_invariant,0.8633109314787523,0.7306027957847917,0.5,0.8765466524863168,0.8500752104711877,0.5867195129394531,0.4132804870605469,2,2,0.0,0.0,ok,True,"cluster_b->texture_a,cluster_a->texture_b",cluster_b,cluster_a,0.036422636070237185,0.7306027957847917,0.8633109314787523,0.7306027957847917,best_partition_assignment,1,fpn_2,fpn_2,fpn_2,72x72,126578,135566,126578,135566,126578,135566,0.0,0.0,0.0,0.0,coarsest_pooled_direct,pooled_avg_pool_flip_avg_coarse_only,False,False,architexture_binary_v1,0.8633109314787523,0.7306027957847917,3,3,24x24,"{""cluster_0"": {""cluster_value"": 0, ""component_size_histogram"": {""2484"": 1, ""9"": 2}, ""largest_component_size"": 2484, ""num_1_cell_components"": 0, ""num_2_cell_components"": 0, ""num_components"": 3, ""smallest_component_size"": 9, ""tiny_component_pixel_fraction"": 0.0, ""tiny_component_pixels"": 0}, ""cluster_1"": {""cluster_value"": 1, ""component_size_histogram"": {""1233"": 1, ""1449"": 1}, ""largest_component_size"": 1449, ""num_1_cell_components"": 0, ""num_2_cell_components"": 0, ""num_components"": 2, ""smallest_component_size"": 1233, ""tiny_component_pixel_fraction"": 0.0, ""tiny_component_pixels"": 0}}"
cstd,feature_cluster_coarse_to_fine_global_pooled_init_flip_avg_coarse_only,benchmark,490,000490,2,partition_invariant,0.9653009264966842,0.9307169620600756,0.5,0.9640241292080172,0.9665777237853512,0.4826011657714844,0.5173988342285156,2,2,0.0,0.0,ok,True,"cluster_b->texture_a,cluster_a->texture_b",cluster_b,cluster_a,0.008892406705973598,0.9307169620600756,0.9653009264966842,0.9307169620600756,best_partition_assignment,1,fpn_2,fpn_2,fpn_2,72x72,136327,125817,136327,125817,136327,125817,0.0,0.0,0.0,0.0,coarsest_pooled_direct,pooled_avg_pool_flip_avg_coarse_only,False,False,architexture_binary_v1,0.9653009264966842,0.9307169620600756,3,3,24x24,"{""cluster_0"": {""cluster_value"": 0, ""component_size_histogram"": {""2691"": 1}, ""largest_component_size"": 2691, ""num_1_cell_components"": 0, ""num_2_cell_components"": 0, ""num_components"": 1, ""smallest_component_size"": 2691, ""tiny_component_pixel_fraction"": 0.0, ""tiny_component_pixels"": 0}, ""cluster_1"": {""cluster_value"": 1, ""component_size_histogram"": {""2493"": 1}, ""largest_component_size"": 2493, ""num_1_cell_components"": 0, ""num_2_cell_components"": 0, ""num_components"": 1, ""smallest_component_size"": 2493, ""tiny_component_pixel_fraction"": 0.0, ""tiny_component_pixels"": 0}}"
cstd,feature_cluster_coarse_to_fine_global_pooled_init_flip_avg_coarse_only,benchmark,491,000491,2,partition_invariant,0.9682629806236978,0.9436665763822052,0.5,0.9569263182536432,0.9795996429937524,0.3158111572265625,0.6841888427734375,2,2,0.0,0.0,ok,True,"cluster_a->texture_a,cluster_b->texture_b",cluster_a,cluster_b,0.9682629806236978,0.9436665763822052,0.007059114660070398,0.9436665763822052,best_partition_assignment,1,fpn_2,fpn_2,fpn_2,72x72,84402,177742,84402,177742,84402,177742,0.0,0.0,0.0,0.0,coarsest_pooled_direct,pooled_avg_pool_flip_avg_coarse_only,False,False,architexture_binary_v1,0.9682629806236978,0.9436665763822052,3,3,24x24,"{""cluster_0"": {""cluster_value"": 0, ""component_size_histogram"": {""1665"": 1}, ""largest_component_size"": 1665, ""num_1_cell_components"": 0, ""num_2_cell_components"": 0, ""num_components"": 1, ""smallest_component_size"": 1665, ""tiny_component_pixel_fraction"": 0.0, ""tiny_component_pixels"": 0}, ""cluster_1"": {""cluster_value"": 1, ""component_size_histogram"": {""3519"": 1}, ""largest_component_size"": 3519, ""num_1_cell_components"": 0, ""num_2_cell_components"": 0, ""num_components"": 1, ""smallest_component_size"": 3519, ""tiny_component_pixel_fraction"": 0.0, ""tiny_component_pixels"": 0}}"
cstd,feature_cluster_coarse_to_fine_global_pooled_init_flip_avg_coarse_only,benchmark,492,000492,2,partition_invariant,0.9290727865944314,0.8930356959635514,0.5,0.887536190185042,0.9706093830038207,0.193756103515625,0.806243896484375,2,2,0.0,0.0,ok,True,"cluster_a->texture_a,cluster_b->texture_b",cluster_a,cluster_b,0.9290727865944314,0.8930356959635514,0.012030507523836366,0.8930356959635514,best_partition_assignment,1,fpn_2,fpn_2,fpn_2,72x72,54172,207972,54172,207972,54172,207972,0.0,0.0,0.0,0.0,coarsest_pooled_direct,pooled_avg_pool_flip_avg_coarse_only,False,False,architexture_binary_v1,0.9290727865944314,0.8930356959635514,3,3,24x24,"{""cluster_0"": {""cluster_value"": 0, ""component_size_histogram"": {""1071"": 1}, ""largest_component_size"": 1071, ""num_1_cell_components"": 0, ""num_2_cell_components"": 0, ""num_components"": 1, ""smallest_component_size"": 1071, ""tiny_component_pixel_fraction"": 0.0, ""tiny_component_pixels"": 0}, ""cluster_1"": {""cluster_value"": 1, ""component_size_histogram"": {""4113"": 1}, ""largest_component_size"": 4113, ""num_1_cell_components"": 0, ""num_2_cell_components"": 0, ""num_components"": 1, ""smallest_component_size"": 4113, ""tiny_component_pixel_fraction"": 0.0, ""tiny_component_pixels"": 0}}"
cstd,feature_cluster_coarse_to_fine_global_pooled_init_flip_avg_coarse_only,benchmark,493,000493,2,partition_invariant,0.9584071886736876,0.9173514924918849,0.5,0.9616443104225156,0.9551700669248594,0.540924072265625,0.459075927734375,2,2,0.0,0.0,ok,True,"cluster_b->texture_a,cluster_a->texture_b",cluster_b,cluster_a,0.010664494387201101,0.9173514924918849,0.9584071886736876,0.9173514924918849,best_partition_assignment,1,fpn_2,fpn_2,fpn_2,72x72,120967,141177,120967,141177,120967,141177,0.0,0.0,0.0,0.0,coarsest_pooled_direct,pooled_avg_pool_flip_avg_coarse_only,False,False,architexture_binary_v1,0.9584071886736876,0.9173514924918849,3,3,24x24,"{""cluster_0"": {""cluster_value"": 0, ""component_size_histogram"": {""18"": 1, ""2376"": 1}, ""largest_component_size"": 2376, ""num_1_cell_components"": 0, ""num_2_cell_components"": 0, ""num_components"": 2, ""smallest_component_size"": 18, ""tiny_component_pixel_fraction"": 0.0, ""tiny_component_pixels"": 0}, ""cluster_1"": {""cluster_value"": 1, ""component_size_histogram"": {""2790"": 1}, ""largest_component_size"": 2790, ""num_1_cell_components"": 0, ""num_2_cell_components"": 0, ""num_components"": 1, ""smallest_component_size"": 2790, ""tiny_component_pixel_fraction"": 0.0, ""tiny_component_pixels"": 0}}"
cstd,feature_cluster_coarse_to_fine_global_pooled_init_flip_avg_coarse_only,benchmark,494,000494,2,partition_invariant,0.4848059106507349,0.11853340711432071,0.5,0.37263387205981924,0.5969779492416506,0.287994384765625,0.712005615234375,2,2,0.0,0.0,ok,True,"cluster_a->texture_a,cluster_b->texture_b",cluster_a,cluster_b,0.4848059106507349,0.11853340711432071,0.18885019010947848,0.11853340711432071,best_partition_assignment,1,fpn_2,fpn_2,fpn_2,72x72,111012,151132,111012,151132,111012,151132,0.0,0.0,0.0,0.0,coarsest_pooled_direct,pooled_avg_pool_flip_avg_coarse_only,False,False,architexture_binary_v1,0.4848059106507349,0.11853340711432071,3,3,24x24,"{""cluster_0"": {""cluster_value"": 0, ""component_size_histogram"": {""1305"": 1, ""873"": 1, ""9"": 2}, ""largest_component_size"": 1305, ""num_1_cell_components"": 0, ""num_2_cell_components"": 0, ""num_components"": 4, ""smallest_component_size"": 9, ""tiny_component_pixel_fraction"": 0.0, ""tiny_component_pixels"": 0}, ""cluster_1"": {""cluster_value"": 1, ""component_size_histogram"": {""27"": 1, ""2943"": 1, ""9"": 2}, ""largest_component_size"": 2943, ""num_1_cell_components"": 0, ""num_2_cell_components"": 0, ""num_components"": 4, ""smallest_component_size"": 9, ""tiny_component_pixel_fraction"": 0.0, ""tiny_component_pixels"": 0}}"
cstd,feature_cluster_coarse_to_fine_global_pooled_init_flip_avg_coarse_only,benchmark,495,000495,2,partition_invariant,0.3224649547186439,-0.017388981184139264,0.5,0.1387218882208862,0.5062080212164015,0.290252685546875,0.709747314453125,2,2,0.0,0.0,ok,True,"cluster_a->texture_a,cluster_b->texture_b",cluster_a,cluster_b,0.3224649547186439,-0.017388981184139264,0.29634912455638507,-0.017388981184139264,best_partition_assignment,1,fpn_2,fpn_2,fpn_2,72x72,82446,179698,82446,179698,82446,179698,0.0,0.0,0.0,0.0,coarsest_pooled_direct,pooled_avg_pool_flip_avg_coarse_only,False,False,architexture_binary_v1,0.3224649547186439,-0.017388981184139264,3,3,24x24,"{""cluster_0"": {""cluster_value"": 0, ""component_size_histogram"": {""1593"": 1, ""36"": 1}, ""largest_component_size"": 1593, ""num_1_cell_components"": 0, ""num_2_cell_components"": 0, ""num_components"": 2, ""smallest_component_size"": 36, ""tiny_component_pixel_fraction"": 0.0, ""tiny_component_pixels"": 0}, ""cluster_1"": {""cluster_value"": 1, ""component_size_histogram"": {""1125"": 1, ""18"": 1, ""2358"": 1, ""36"": 1, ""9"": 2}, ""largest_component_size"": 2358, ""num_1_cell_components"": 0, ""num_2_cell_components"": 0, ""num_components"": 6, ""smallest_component_size"": 9, ""tiny_component_pixel_fraction"": 0.0, ""tiny_component_pixels"": 0}}"
cstd,feature_cluster_coarse_to_fine_global_pooled_init_flip_avg_coarse_only,benchmark,496,000496,2,partition_invariant,0.3568172438621572,0.0012429159121376263,0.5,0.22452275869403382,0.4891117290302805,0.13202285766601562,0.8679771423339844,2,2,0.0,0.0,ok,True,"cluster_a->texture_a,cluster_b->texture_b",cluster_a,cluster_b,0.3568172438621572,0.0012429159121376263,0.22448367726523336,0.0012429159121376263,best_partition_assignment,1,fpn_2,fpn_2,fpn_2,72x72,149618,112526,149618,112526,149618,112526,0.0,0.0,0.0,0.0,coarsest_pooled_direct,pooled_avg_pool_flip_avg_coarse_only,False,False,architexture_binary_v1,0.3568172438621572,0.0012429159121376263,3,3,24x24,"{""cluster_0"": {""cluster_value"": 0, ""component_size_histogram"": {""2961"": 1}, ""largest_component_size"": 2961, ""num_1_cell_components"": 0, ""num_2_cell_components"": 0, ""num_components"": 1, ""smallest_component_size"": 2961, ""tiny_component_pixel_fraction"": 0.0, ""tiny_component_pixels"": 0}, ""cluster_1"": {""cluster_value"": 1, ""component_size_histogram"": {""1287"": 1, ""936"": 1}, ""largest_component_size"": 1287, ""num_1_cell_components"": 0, ""num_2_cell_components"": 0, ""num_components"": 2, ""smallest_component_size"": 936, ""tiny_component_pixel_fraction"": 0.0, ""tiny_component_pixels"": 0}}"
cstd,feature_cluster_coarse_to_fine_global_pooled_init_flip_avg_coarse_only,benchmark,497,000497,2,partition_invariant,0.6168737527276378,0.3271138700528148,0.5,0.5036593539162683,0.7300881515390073,0.21776580810546875,0.7822341918945312,2,2,0.0,0.0,ok,True,"cluster_b->texture_a,cluster_a->texture_b",cluster_b,cluster_a,0.10659457050988386,0.3271138700528148,0.6168737527276378,0.3271138700528148,best_partition_assignment,1,fpn_2,fpn_2,fpn_2,72x72,150963,111181,150963,111181,150963,111181,0.0,0.0,0.0,0.0,coarsest_pooled_direct,pooled_avg_pool_flip_avg_coarse_only,False,False,architexture_binary_v1,0.6168737527276378,0.3271138700528148,3,3,24x24,"{""cluster_0"": {""cluster_value"": 0, ""component_size_histogram"": {""2988"": 1}, ""largest_component_size"": 2988, ""num_1_cell_components"": 0, ""num_2_cell_components"": 0, ""num_components"": 1, ""smallest_component_size"": 2988, ""tiny_component_pixel_fraction"": 0.0, ""tiny_component_pixels"": 0}, ""cluster_1"": {""cluster_value"": 1, ""component_size_histogram"": {""1485"": 1, ""18"": 3, ""198"": 1, ""207"": 1, ""27"": 1, ""36"": 2, ""45"": 2, ""54"": 1, ""9"": 1}, ""largest_component_size"": 1485, ""num_1_cell_components"": 0, ""num_2_cell_components"": 0, ""num_components"": 13, ""smallest_component_size"": 9, ""tiny_component_pixel_fraction"": 0.0, ""tiny_component_pixels"": 0}}"
cstd,feature_cluster_coarse_to_fine_global_pooled_init_flip_avg_coarse_only,benchmark,498,000498,2,partition_invariant,0.9302290255055925,0.8916240107070794,0.5,0.8920155344918378,0.9684425165193471,0.21270370483398438,0.7872962951660156,2,2,0.0,0.0,ok,True,"cluster_a->texture_a,cluster_b->texture_b",cluster_a,cluster_b,0.9302290255055925,0.8916240107070794,0.012630660609508427,0.8916240107070794,best_partition_assignment,1,fpn_2,fpn_2,fpn_2,72x72,59215,202929,59215,202929,59215,202929,0.0,0.0,0.0,0.0,coarsest_pooled_direct,pooled_avg_pool_flip_avg_coarse_only,False,False,architexture_binary_v1,0.9302290255055925,0.8916240107070794,3,3,24x24,"{""cluster_0"": {""cluster_value"": 0, ""component_size_histogram"": {""1170"": 1}, ""largest_component_size"": 1170, ""num_1_cell_components"": 0, ""num_2_cell_components"": 0, ""num_components"": 1, ""smallest_component_size"": 1170, ""tiny_component_pixel_fraction"": 0.0, ""tiny_component_pixels"": 0}, ""cluster_1"": {""cluster_value"": 1, ""component_size_histogram"": {""4014"": 1}, ""largest_component_size"": 4014, ""num_1_cell_components"": 0, ""num_2_cell_components"": 0, ""num_components"": 1, ""smallest_component_size"": 4014, ""tiny_component_pixel_fraction"": 0.0, ""tiny_component_pixels"": 0}}"
cstd,feature_cluster_coarse_to_fine_global_pooled_init_flip_avg_coarse_only,benchmark,499,000499,2,partition_invariant,0.9372600704299878,0.8869713391766788,0.5,0.9163748346285117,0.9581453062314639,0.31951141357421875,0.6804885864257812,2,2,0.0,0.0,ok,True,"cluster_a->texture_a,cluster_b->texture_b",cluster_a,cluster_b,0.9372600704299878,0.8869713391766788,0.014468743588435069,0.8869713391766788,best_partition_assignment,1,fpn_2,fpn_2,fpn_2,72x72,88618,173526,88618,173526,88618,173526,0.0,0.0,0.0,0.0,coarsest_pooled_direct,pooled_avg_pool_flip_avg_coarse_only,False,False,architexture_binary_v1,0.9372600704299878,0.8869713391766788,3,3,24x24,"{""cluster_0"": {""cluster_value"": 0, ""component_size_histogram"": {""1755"": 1}, ""largest_component_size"": 1755, ""num_1_cell_components"": 0, ""num_2_cell_components"": 0, ""num_components"": 1, ""smallest_component_size"": 1755, ""tiny_component_pixel_fraction"": 0.0, ""tiny_component_pixels"": 0}, ""cluster_1"": {""cluster_value"": 1, ""component_size_histogram"": {""3429"": 1}, ""largest_component_size"": 3429, ""num_1_cell_components"": 0, ""num_2_cell_components"": 0, ""num_components"": 1, ""smallest_component_size"": 3429, ""tiny_component_pixel_fraction"": 0.0, ""tiny_component_pixels"": 0}}"
