{
  "edge_metrics": {
    "AP": 0.4292125455015163,
    "ODS_threshold": 0.0117,
    "ODS_recall": 0.5024224616016615,
    "ODS_precision": 0.6771735632529335,
    "ODS_f1": 0.5768537726685642,
    "OIS_recall": 0.4953157450304676,
    "OIS_precision": 0.7334037340542368,
    "OIS_f1": 0.5912926801027115
  },
  "generic_metrics": null,
  "meta": {
    "generic": {
      "metrics_namespace": "pixel",
      "enabled": false
    },
    "edge": {
      "protocol": "legacy",
      "ap_mode": "bsds_interp",
      "edge_keys_mode": "legacy_minimal",
      "thresholds": 99,
      "max_dist": 0.0075,
      "apply_thinning": true,
      "apply_nms": true
    }
  }
}