{
  "edge/AP": 0.41661909369913935,
  "edge/ODS_threshold": 0.0183,
  "edge/ODS_recall": 0.4790319396581236,
  "edge/ODS_precision": 0.6918033606063166,
  "edge/ODS_f1": 0.5660845818680124,
  "edge/OIS_recall": 0.4804470867471529,
  "edge/OIS_precision": 0.7320374507741392,
  "edge/OIS_f1": 0.580139786909359
}