dataset_id,variant,split,sample_index,crop_name,evaluation_contract,evaluation_view,eval_miou,eval_ari,eval_nmi,k_gt,k_gt_raw,k_pred,count_accuracy,coverage,valid_pixel_count,total_pixel_count,invalid_pixel_count,num_predicted_regions,num_target_regions,label_permutation_invariant,evaluation_selector,matched_ious_json,matched_pairs_json,coarsest_level_name,feature_level_names,feature_level_resolutions,num_feature_levels,coarsest_pool_kernel_size,coarsest_pool_stride,pooled_grid_resolution,coarsest_init_mode,flip_averaged_features_used,sam_refinement_applied,multiscale_refinement_applied,predicted_k_selection_criterion,predicted_k_criterion_value,predicted_k_scores_by_k_json,cluster_pixel_counts_json,gt_decode_method,joker_label_value,joker_region_count,joker_pixel_count,joker_pixel_fraction,gt_decode_raw_oracle_num_regions,gt_decode_effective_oracle_num_regions,gt_decode_num_unique_rgb_colors,gt_decode_scores_by_k_json,gt_decode_raw_region_sizes_json,gt_decode_effective_region_sizes_json,gt_decode_joker_region_labels_json,gt_decode_joker_region_sizes_json,gt_decode_selection_criterion,gt_decode_selection_value,feature_cluster_coarse_global_pooled_predicted_k_status
detexture_ade20k_multi,feature_cluster_coarse_global_pooled_predicted_k,training,0,training_ADE_train_00000191,detexture_multi_partition_v1,multi_partition_invariant,0.5341981000912163,0.7382787001544967,0.7263657846615308,3,8,2,0.0,0.981719970703125,64338,65536,1198,2,3,True,hungarian_iou_assignment,"[0.9686768834815161, 0.6339174167921325, 0.0]","[{""pred_label"": 0, ""gt_label"": 0, ""iou"": 0.9686768834815161}, {""pred_label"": 1, ""gt_label"": 1, ""iou"": 0.6339174167921325}, {""pred_label"": -1, ""gt_label"": 2, ""iou"": 0.0}]",fpn_2,fpn_2,72x72,1,3,3,24x24,pooled_avg_pool_multi_way,False,False,False,silhouette,0.35595792531967163,"{""2"": 0.35595792531967163, ""3"": 0.32110336422920227, ""4"": 0.277271568775177, ""5"": 0.2728653848171234, ""6"": 0.29520776867866516, ""7"": 0.2963550388813019, ""8"": 0.28802865743637085}","[33508, 32028]",jpeg_color_clustering_bic,-1,5,1198,0.018280029296875,8,3,1971,"{""1"": -137587.71273951491, ""2"": -138424.70487533914, ""3"": -183871.62287045203, ""4"": -459171.9824685764, ""5"": -484299.3960277051, ""6"": -531631.2731154775, ""7"": -553303.6755476466, ""8"": -562398.7883995386}","[34017, 19964, 10357, 369, 284, 255, 164, 126]","[34017, 19964, 10357]","[3, 4, 5, 6, 7]","[369, 284, 255, 164, 126]",bic,-562398.7883995386,ok
detexture_ade20k_multi,feature_cluster_coarse_global_pooled_predicted_k,training,1,training_ADE_train_00000569,detexture_multi_partition_v1,multi_partition_invariant,0.6220191210022633,0.3651779899553173,0.5229184813844349,3,8,3,1.0,0.9912724194729137,346644,349696,3052,3,3,True,hungarian_iou_assignment,"[0.3762771096721143, 0.5968612584648917, 0.892918994869784]","[{""pred_label"": 0, ""gt_label"": 2, ""iou"": 0.3762771096721143}, {""pred_label"": 1, ""gt_label"": 0, ""iou"": 0.5968612584648917}, {""pred_label"": 2, ""gt_label"": 1, ""iou"": 0.892918994869784}]",fpn_2,fpn_2,72x72,1,3,3,24x24,pooled_avg_pool_multi_way,False,False,False,silhouette,0.30820131301879883,"{""2"": 0.2522393465042114, ""3"": 0.30820131301879883, ""4"": 0.2823406457901001, ""5"": 0.25470584630966187, ""6"": 0.2745964825153351, ""7"": 0.27341392636299133, ""8"": 0.26425158977508545}","[147132, 141930, 60634]",jpeg_color_clustering_bic,-1,5,3052,0.008727580527086384,8,3,6344,"{""1"": -743235.9889385029, ""2"": -1336164.4383070772, ""3"": -1370924.2237310174, ""4"": -2529100.2250885423, ""5"": -2623285.541838763, ""6"": -2796027.278742065, ""7"": -2882234.5848349417, ""8"": -2895929.0138878142}","[234953, 55984, 55707, 802, 748, 734, 670, 98]","[234953, 55984, 55707]","[3, 4, 5, 6, 7]","[802, 748, 734, 670, 98]",bic,-2895929.0138878142,ok
detexture_ade20k_multi,feature_cluster_coarse_global_pooled_predicted_k,training,2,training_ADE_train_00000583,detexture_multi_partition_v1,multi_partition_invariant,0.9436510624257936,0.891094251188027,0.826914654729895,2,8,2,1.0,0.8062288387628112,281935,349696,67761,2,2,True,hungarian_iou_assignment,"[0.9332430487959711, 0.954059076055616]","[{""pred_label"": 0, ""gt_label"": 1, ""iou"": 0.9332430487959711}, {""pred_label"": 1, ""gt_label"": 0, ""iou"": 0.954059076055616}]",fpn_2,fpn_2,72x72,1,3,3,24x24,pooled_avg_pool_multi_way,False,False,False,silhouette,0.3735020160675049,"{""2"": 0.3735020160675049, ""3"": 0.34744736552238464, ""4"": 0.3139224648475647, ""5"": 0.2796735465526581, ""6"": 0.2632943391799927, ""7"": 0.2406345009803772, ""8"": 0.2412693202495575}","[181819, 167877]",jpeg_color_clustering_bic,-1,6,67761,0.19377116123718888,8,2,16245,"{""1"": -920488.2055231904, ""2"": -935181.0441050469, ""3"": -1271661.91979474, ""4"": -1469239.5243911555, ""5"": -2274094.3298840895, ""6"": -2322823.469528725, ""7"": -2364386.7048412887, ""8"": -2529346.3447980233}","[170924, 111011, 39161, 19759, 4381, 1960, 1869, 631]","[170924, 111011]","[2, 3, 4, 5, 6, 7]","[39161, 19759, 4381, 1960, 1869, 631]",bic,-2529346.3447980233,ok
detexture_ade20k_multi,feature_cluster_coarse_global_pooled_predicted_k,training,3,training_ADE_train_00000932,detexture_multi_partition_v1,multi_partition_invariant,0.35463984428909523,0.5240150578988116,0.6713760979308802,3,8,6,0.0,0.8695466919838946,304077,349696,45619,6,3,True,hungarian_iou_assignment,"[0.8350144754377097, 0.9533371246919521, 0.3394874656049098, 0.0, 0.0, 0.0]","[{""pred_label"": 0, ""gt_label"": 1, ""iou"": 0.8350144754377097}, {""pred_label"": 1, ""gt_label"": 2, ""iou"": 0.9533371246919521}, {""pred_label"": 2, ""gt_label"": 0, ""iou"": 0.3394874656049098}, {""pred_label"": 3, ""gt_label"": -1, ""iou"": 0.0}, {""pred_label"": 4, ""gt_label"": -1, ""iou"": 0.0}, {""pred_label"": 5, ""gt_label"": -1, ""iou"": 0.0}]",fpn_2,fpn_2,72x72,1,3,3,24x24,pooled_avg_pool_multi_way,False,False,False,silhouette,0.2948421239852905,"{""2"": 0.2892386317253113, ""3"": 0.2363172173500061, ""4"": 0.24226607382297516, ""5"": 0.2880869507789612, ""6"": 0.2948421239852905, ""7"": 0.2947342097759247, ""8"": 0.29266881942749023}","[75927, 66911, 61882, 52012, 46879, 46085]",jpeg_color_clustering_bic,-1,5,45619,0.1304533080161054,8,3,9628,"{""1"": -816848.8822959096, ""2"": -834864.5130908614, ""3"": -1174428.7958928724, ""4"": -1480774.7772123378, ""5"": -1505936.0588123095, ""6"": -2667153.518335294, ""7"": -2711360.2155100154, ""8"": -2746009.124723589}","[149963, 85537, 68577, 40410, 2317, 1746, 774, 372]","[149963, 85537, 68577]","[3, 4, 5, 6, 7]","[40410, 2317, 1746, 774, 372]",bic,-2746009.124723589,ok
detexture_ade20k_multi,feature_cluster_coarse_global_pooled_predicted_k,training,4,training_ADE_train_00001017,detexture_multi_partition_v1,multi_partition_invariant,0.5679947309190106,0.7127689701905461,0.6546162692845783,3,8,2,0.0,0.935284261517278,56378,60279,3901,2,3,True,hungarian_iou_assignment,"[0.8076559843858213, 0.8963282083712106, 0.0]","[{""pred_label"": 0, ""gt_label"": 0, ""iou"": 0.8076559843858213}, {""pred_label"": 1, ""gt_label"": 1, ""iou"": 0.8963282083712106}, {""pred_label"": -1, ""gt_label"": 2, ""iou"": 0.0}]",fpn_2,fpn_2,72x72,1,3,3,24x24,pooled_avg_pool_multi_way,False,False,False,silhouette,0.3623073995113373,"{""2"": 0.3623073995113373, ""3"": 0.32495200634002686, ""4"": 0.3184344470500946, ""5"": 0.2915635108947754, ""6"": 0.2935769855976105, ""7"": 0.24011485278606415, ""8"": 0.254338800907135}","[32875, 27404]",jpeg_color_clustering_bic,-1,5,3901,0.06471573848272201,8,3,7168,"{""1"": -154096.4732341093, ""2"": -160363.47610231713, ""3"": -195280.62472120614, ""4"": -200044.63851931243, ""5"": -309764.5585462219, ""6"": -332289.4649671238, ""7"": -337824.6319263868, ""8"": -365252.6698187667}","[26131, 22892, 7355, 1637, 915, 679, 499, 171]","[26131, 22892, 7355]","[3, 4, 5, 6, 7]","[1637, 915, 679, 499, 171]",bic,-365252.6698187667,ok
detexture_ade20k_multi,feature_cluster_coarse_global_pooled_predicted_k,training,5,training_ADE_train_00001138,detexture_multi_partition_v1,multi_partition_invariant,0.9105636385959328,0.9099050669591172,0.8663831857400549,3,8,3,1.0,0.8648,83237,96250,13013,3,3,True,hungarian_iou_assignment,"[0.9856818244038656, 0.9144647321287301, 0.8315443592552026]","[{""pred_label"": 0, ""gt_label"": 0, ""iou"": 0.9856818244038656}, {""pred_label"": 1, ""gt_label"": 1, ""iou"": 0.9144647321287301}, {""pred_label"": 2, ""gt_label"": 2, ""iou"": 0.8315443592552026}]",fpn_2,fpn_2,72x72,1,3,3,24x24,pooled_avg_pool_multi_way,False,False,False,silhouette,0.30822473764419556,"{""2"": 0.2903757691383362, ""3"": 0.30822473764419556, ""4"": 0.24503687024116516, ""5"": 0.175670325756073, ""6"": 0.1843053549528122, ""7"": 0.19720683991909027, ""8"": 0.20920175313949585}","[37764, 30176, 28310]",jpeg_color_clustering_bic,-1,5,13013,0.1352,8,3,6023,"{""1"": -177068.43866350935, ""2"": -183745.523665496, ""3"": -363058.7545281713, ""4"": -394130.9244891459, ""5"": -471283.7280444834, ""6"": -684833.0224927837, ""7"": -688156.8090535867, ""8"": -696550.2406556444}","[36164, 31510, 15563, 10838, 1283, 515, 279, 98]","[36164, 31510, 15563]","[3, 4, 5, 6, 7]","[10838, 1283, 515, 279, 98]",bic,-696550.2406556444,ok
detexture_ade20k_multi,feature_cluster_coarse_global_pooled_predicted_k,training,6,training_ADE_train_00001271,detexture_multi_partition_v1,multi_partition_invariant,0.6302248302004512,0.7290554565412725,0.7330152742889807,3,8,4,0.0,0.9535743112485534,294171,308493,14322,4,3,True,hungarian_iou_assignment,"[0.8391995484258635, 0.7577256295991002, 0.9239741427768409, 0.0]","[{""pred_label"": 0, ""gt_label"": 1, ""iou"": 0.8391995484258635}, {""pred_label"": 1, ""gt_label"": 0, ""iou"": 0.7577256295991002}, {""pred_label"": 2, ""gt_label"": 2, ""iou"": 0.9239741427768409}, {""pred_label"": 3, ""gt_label"": -1, ""iou"": 0.0}]",fpn_2,fpn_2,72x72,1,3,3,24x24,pooled_avg_pool_multi_way,False,False,False,silhouette,0.3599545657634735,"{""2"": 0.28476762771606445, ""3"": 0.33993518352508545, ""4"": 0.3599545657634735, ""5"": 0.3313852846622467, ""6"": 0.34592127799987793, ""7"": 0.27903637290000916, ""8"": 0.33079397678375244}","[93359, 90852, 68878, 55404]",jpeg_color_clustering_bic,-1,5,14322,0.04642568875144655,8,3,7201,"{""1"": -626962.0864841222, ""2"": -656277.1675167731, ""3"": -1277000.0456555139, ""4"": -1681402.5328662787, ""5"": -1687605.3650880095, ""6"": -2438544.4770692135, ""7"": -2461071.146666649, ""8"": -2562054.326247201}","[115518, 109220, 69433, 8472, 3859, 836, 797, 358]","[115518, 109220, 69433]","[3, 4, 5, 6, 7]","[8472, 3859, 836, 797, 358]",bic,-2562054.326247201,ok
detexture_ade20k_multi,feature_cluster_coarse_global_pooled_predicted_k,training,7,training_ADE_train_00003020,detexture_multi_partition_v1,multi_partition_invariant,0.3578485382013441,0.5393255853369853,0.6925774929617662,4,8,8,0.0,0.8714849108367627,40660,46656,5996,8,4,True,hungarian_iou_assignment,"[0.42442099492942303, 0.9607737048559448, 0.964291072768192, 0.513302533057193, 0.0, 0.0, 0.0, 0.0]","[{""pred_label"": 0, ""gt_label"": 0, ""iou"": 0.42442099492942303}, {""pred_label"": 1, ""gt_label"": 2, ""iou"": 0.9607737048559448}, {""pred_label"": 2, ""gt_label"": 3, ""iou"": 0.964291072768192}, {""pred_label"": 3, ""gt_label"": 1, ""iou"": 0.513302533057193}, {""pred_label"": 4, ""gt_label"": -1, ""iou"": 0.0}, {""pred_label"": 5, ""gt_label"": -1, ""iou"": 0.0}, {""pred_label"": 6, ""gt_label"": -1, ""iou"": 0.0}, {""pred_label"": 7, ""gt_label"": -1, ""iou"": 0.0}]",fpn_2,fpn_2,72x72,1,3,3,24x24,pooled_avg_pool_multi_way,False,False,False,silhouette,0.31260406970977783,"{""2"": 0.24840977787971497, ""3"": 0.2746385335922241, ""4"": 0.26254940032958984, ""5"": 0.29507213830947876, ""6"": 0.2937816083431244, ""7"": 0.30018675327301025, ""8"": 0.31260406970977783}","[9234, 7776, 7695, 6804, 4617, 4374, 3159, 2997]",jpeg_color_clustering_bic,-1,4,5996,0.1285150891632373,8,4,3256,"{""1"": -99497.41686516078, ""2"": -104810.97213294308, ""3"": -148220.27093087777, ""4"": -187883.54301983767, ""5"": -236264.0018426684, ""6"": -302028.8221614854, ""7"": -316130.3488074123, ""8"": -317264.4002475344}","[14536, 12277, 7393, 6454, 4205, 1068, 697, 26]","[14536, 12277, 7393, 6454]","[4, 5, 6, 7]","[4205, 1068, 697, 26]",bic,-317264.4002475344,ok
detexture_ade20k_multi,feature_cluster_coarse_global_pooled_predicted_k,training,8,training_ADE_train_00003048,detexture_multi_partition_v1,multi_partition_invariant,0.586606773911539,0.8349426759430156,0.7557685619781025,3,8,4,0.0,0.9463587154294032,332876,351744,18868,4,3,True,hungarian_iou_assignment,"[0.9669114183591477, 0.0, 0.5177007686325209, 0.8618149086544873]","[{""pred_label"": 0, ""gt_label"": 0, ""iou"": 0.9669114183591477}, {""pred_label"": 1, ""gt_label"": -1, ""iou"": 0.0}, {""pred_label"": 2, ""gt_label"": 1, ""iou"": 0.5177007686325209}, {""pred_label"": 3, ""gt_label"": 2, ""iou"": 0.8618149086544873}]",fpn_2,fpn_2,72x72,1,3,3,24x24,pooled_avg_pool_multi_way,False,False,False,silhouette,0.3553403615951538,"{""2"": 0.3190845847129822, ""3"": 0.3445483446121216, ""4"": 0.3553403615951538, ""5"": 0.23903173208236694, ""6"": 0.24798662960529327, ""7"": 0.24041645228862762, ""8"": 0.24345619976520538}","[176926, 59715, 58745, 56358]",jpeg_color_clustering_bic,-1,5,18868,0.053641284570596796,8,3,16330,"{""1"": -617947.1784349803, ""2"": -813890.1782511739, ""3"": -948773.1899814517, ""4"": -1896679.100088734, ""5"": -2163658.210031334, ""6"": -2238897.7303662947, ""7"": -2454126.9003793783, ""8"": -2536783.899180748}","[179915, 93807, 59154, 6462, 4392, 3038, 2795, 2181]","[179915, 93807, 59154]","[3, 4, 5, 6, 7]","[6462, 4392, 3038, 2795, 2181]",bic,-2536783.899180748,ok
detexture_ade20k_multi,feature_cluster_coarse_global_pooled_predicted_k,training,9,training_ADE_train_00003079,detexture_multi_partition_v1,multi_partition_invariant,0.5465015711149032,0.7783495856712827,0.7748682203549921,3,8,2,0.0,0.9556121826171875,62627,65536,2909,2,3,True,hungarian_iou_assignment,"[0.9876148862437848, 0.6518898271009248, 0.0]","[{""pred_label"": 0, ""gt_label"": 0, ""iou"": 0.9876148862437848}, {""pred_label"": 1, ""gt_label"": 1, ""iou"": 0.6518898271009248}, {""pred_label"": -1, ""gt_label"": 2, ""iou"": 0.0}]",fpn_2,fpn_2,72x72,1,3,3,24x24,pooled_avg_pool_multi_way,False,False,False,silhouette,0.3144751191139221,"{""2"": 0.3144751191139221, ""3"": 0.30822885036468506, ""4"": 0.27681872248649597, ""5"": 0.24764463305473328, ""6"": 0.2481968104839325, ""7"": 0.24655897915363312, ""8"": 0.25189363956451416}","[33703, 31833]",jpeg_color_clustering_bic,-1,5,2909,0.0443878173828125,8,3,3075,"{""1"": -132061.7592289859, ""2"": -136512.88555852973, ""3"": -295666.9745887815, ""4"": -389689.1311540554, ""5"": -468706.3155295537, ""6"": -472926.90966142685, ""7"": -487339.85800367955, ""8"": -524743.5397137895}","[32952, 19679, 9996, 962, 843, 592, 391, 121]","[32952, 19679, 9996]","[3, 4, 5, 6, 7]","[962, 843, 592, 391, 121]",bic,-524743.5397137895,ok
detexture_ade20k_multi,feature_cluster_coarse_global_pooled_predicted_k,training,10,training_ADE_train_00003084,detexture_multi_partition_v1,multi_partition_invariant,0.964580191849123,0.9469905938237465,0.9193026659414597,3,8,3,1.0,0.97222900390625,63716,65536,1820,3,3,True,hungarian_iou_assignment,"[0.9850335695635957, 0.9618758899453401, 0.9468311160384331]","[{""pred_label"": 0, ""gt_label"": 1, ""iou"": 0.9850335695635957}, {""pred_label"": 1, ""gt_label"": 0, ""iou"": 0.9618758899453401}, {""pred_label"": 2, ""gt_label"": 2, ""iou"": 0.9468311160384331}]",fpn_2,fpn_2,72x72,1,3,3,24x24,pooled_avg_pool_multi_way,False,False,False,silhouette,0.35040053725242615,"{""2"": 0.34953001141548157, ""3"": 0.35040053725242615, ""4"": 0.32249483466148376, ""5"": 0.3216034471988678, ""6"": 0.3160461485385895, ""7"": 0.30289018154144287, ""8"": 0.26664233207702637}","[22126, 21814, 21596]",jpeg_color_clustering_bic,-1,5,1820,0.02777099609375,8,3,1763,"{""1"": -115949.89471558791, ""2"": -117892.93213955207, ""3"": -240597.3435219703, ""4"": -438939.7653232863, ""5"": -459744.80797588674, ""6"": -491470.30429235345, ""7"": -522950.14878685534, ""8"": -528615.0306641596}","[21557, 21127, 21032, 559, 422, 392, 258, 189]","[21557, 21127, 21032]","[3, 4, 5, 6, 7]","[559, 422, 392, 258, 189]",bic,-528615.0306641596,ok
detexture_ade20k_multi,feature_cluster_coarse_global_pooled_predicted_k,training,11,training_ADE_train_00003090,detexture_multi_partition_v1,multi_partition_invariant,0.2668007894344997,0.477824525423171,0.6307047015856311,4,8,2,0.0,0.9276885986328125,60797,65536,4739,2,4,True,hungarian_iou_assignment,"[0.5266754966887417, 0.540527661049257, 0.0, 0.0]","[{""pred_label"": 0, ""gt_label"": 0, ""iou"": 0.5266754966887417}, {""pred_label"": 1, ""gt_label"": 2, ""iou"": 0.540527661049257}, {""pred_label"": -1, ""gt_label"": 1, ""iou"": 0.0}, {""pred_label"": -1, ""gt_label"": 3, ""iou"": 0.0}]",fpn_2,fpn_2,72x72,1,3,3,24x24,pooled_avg_pool_multi_way,False,False,False,silhouette,0.31394609808921814,"{""2"": 0.31394609808921814, ""3"": 0.2602772116661072, ""4"": 0.3059946596622467, ""5"": 0.3108292818069458, ""6"": 0.2550116777420044, ""7"": 0.21917319297790527, ""8"": 0.2789298892021179}","[38144, 27392]",jpeg_color_clustering_bic,-1,4,4739,0.0723114013671875,8,4,7550,"{""1"": -125913.54859216817, ""2"": -136253.74179962405, ""3"": -213939.2169825585, ""4"": -279083.7492889549, ""5"": -354386.09938191343, ""6"": -355584.5337377334, ""7"": -364924.5210911347, ""8"": -414064.1258750689}","[19882, 17623, 12513, 10779, 1729, 1707, 1229, 74]","[19882, 17623, 12513, 10779]","[4, 5, 6, 7]","[1729, 1707, 1229, 74]",bic,-414064.1258750689,ok
detexture_ade20k_multi,feature_cluster_coarse_global_pooled_predicted_k,training,12,training_ADE_train_00003092,detexture_multi_partition_v1,multi_partition_invariant,0.6517598810208508,0.5031485506631064,0.5296588188447703,3,8,3,1.0,0.8419647216796875,55179,65536,10357,3,3,True,hungarian_iou_assignment,"[0.79404597514418, 0.5836800739713361, 0.5775535939470365]","[{""pred_label"": 0, ""gt_label"": 1, ""iou"": 0.79404597514418}, {""pred_label"": 1, ""gt_label"": 2, ""iou"": 0.5836800739713361}, {""pred_label"": 2, ""gt_label"": 0, ""iou"": 0.5775535939470365}]",fpn_2,fpn_2,72x72,1,3,3,24x24,pooled_avg_pool_multi_way,False,False,False,silhouette,0.2820781469345093,"{""2"": 0.2522481083869934, ""3"": 0.2820781469345093, ""4"": 0.2306344211101532, ""5"": 0.22535279393196106, ""6"": 0.21937888860702515, ""7"": 0.2179504930973053, ""8"": 0.20300503075122833}","[32747, 17962, 14827]",jpeg_color_clustering_bic,-1,5,10357,0.1580352783203125,8,3,12581,"{""1"": -119623.31486969061, ""2"": -122544.58525762592, ""3"": -196211.63823210416, ""4"": -215359.99269611816, ""5"": -287373.8591460506, ""6"": -325794.6386705754, ""7"": -337824.2408518875, ""8"": -342742.81948119117}","[24333, 19889, 10957, 4622, 3166, 1392, 847, 330]","[24333, 19889, 10957]","[3, 4, 5, 6, 7]","[4622, 3166, 1392, 847, 330]",bic,-342742.81948119117,ok
detexture_ade20k_multi,feature_cluster_coarse_global_pooled_predicted_k,training,13,training_ADE_train_00003100,detexture_multi_partition_v1,multi_partition_invariant,0.5475252090960859,0.5324005500219177,0.6165908896058175,3,8,3,1.0,0.8676910400390625,56865,65536,8671,3,3,True,hungarian_iou_assignment,"[0.49887507030810574, 0.9349208696938323, 0.2087796872863199]","[{""pred_label"": 0, ""gt_label"": 2, ""iou"": 0.49887507030810574}, {""pred_label"": 1, ""gt_label"": 0, ""iou"": 0.9349208696938323}, {""pred_label"": 2, ""gt_label"": 1, ""iou"": 0.2087796872863199}]",fpn_2,fpn_2,72x72,1,3,3,24x24,pooled_avg_pool_multi_way,False,False,False,silhouette,0.3571273982524872,"{""2"": 0.3438217341899872, ""3"": 0.3571273982524872, ""4"": 0.33134925365448, ""5"": 0.3494763970375061, ""6"": 0.3508073389530182, ""7"": 0.3446059823036194, ""8"": 0.3181224465370178}","[32174, 19936, 13426]",jpeg_color_clustering_bic,-1,5,8671,0.1323089599609375,8,3,5020,"{""1"": -131323.8194254451, ""2"": -195443.48925315123, ""3"": -222644.47959403804, ""4"": -253252.15107555722, ""5"": -423921.71185421053, ""6"": -440814.9453019898, ""7"": -447524.72950583044, ""8"": -458779.81782065984}","[20283, 20184, 16398, 6028, 1061, 687, 515, 380]","[20283, 20184, 16398]","[3, 4, 5, 6, 7]","[6028, 1061, 687, 515, 380]",bic,-458779.81782065984,ok
detexture_ade20k_multi,feature_cluster_coarse_global_pooled_predicted_k,training,14,training_ADE_train_00003103,detexture_multi_partition_v1,multi_partition_invariant,0.2946051162316799,0.4680988367272643,0.5783070187759213,4,8,2,0.0,0.860931396484375,56422,65536,9114,2,4,True,hungarian_iou_assignment,"[0.5889142920872135, 0.5895061728395061, 0.0, 0.0]","[{""pred_label"": 0, ""gt_label"": 0, ""iou"": 0.5889142920872135}, {""pred_label"": 1, ""gt_label"": 2, ""iou"": 0.5895061728395061}, {""pred_label"": -1, ""gt_label"": 1, ""iou"": 0.0}, {""pred_label"": -1, ""gt_label"": 3, ""iou"": 0.0}]",fpn_2,fpn_2,72x72,1,3,3,24x24,pooled_avg_pool_multi_way,False,False,False,silhouette,0.3253616690635681,"{""2"": 0.3253616690635681, ""3"": 0.2123384028673172, ""4"": 0.21366587281227112, ""5"": 0.1989845186471939, ""6"": 0.21420423686504364, ""7"": 0.22549396753311157, ""8"": 0.2410770207643509}","[37721, 27815]",jpeg_color_clustering_bic,-1,4,9114,0.139068603515625,8,4,5848,"{""1"": -120474.67444159897, ""2"": -127634.21433981514, ""3"": -215742.72298892745, ""4"": -269957.37074106367, ""5"": -271080.38294389565, ""6"": -297842.1492831412, ""7"": -405129.40758460155, ""8"": -456788.34817819425}","[21122, 14896, 12404, 8000, 6292, 1380, 1087, 355]","[21122, 14896, 12404, 8000]","[4, 5, 6, 7]","[6292, 1380, 1087, 355]",bic,-456788.34817819425,ok
detexture_ade20k_multi,feature_cluster_coarse_global_pooled_predicted_k,training,15,training_ADE_train_00003105,detexture_multi_partition_v1,multi_partition_invariant,0.6794007202934125,0.8633250875127568,0.7992513618419727,3,8,4,0.0,0.9485807291666667,291404,307200,15796,4,3,True,hungarian_iou_assignment,"[0.9244526605770625, 0.8992986854236376, 0.8938515351729499, 0.0]","[{""pred_label"": 0, ""gt_label"": 0, ""iou"": 0.9244526605770625}, {""pred_label"": 1, ""gt_label"": 1, ""iou"": 0.8992986854236376}, {""pred_label"": 2, ""gt_label"": 2, ""iou"": 0.8938515351729499}, {""pred_label"": 3, ""gt_label"": -1, ""iou"": 0.0}]",fpn_2,fpn_2,72x72,1,3,3,24x24,pooled_avg_pool_multi_way,False,False,False,silhouette,0.38901838660240173,"{""2"": 0.3147991895675659, ""3"": 0.32022058963775635, ""4"": 0.38901838660240173, ""5"": 0.34050238132476807, ""6"": 0.307828813791275, ""7"": 0.28581318259239197, ""8"": 0.28332996368408203}","[130200, 90620, 64440, 21940]",jpeg_color_clustering_bic,-1,5,15796,0.051419270833333336,8,3,7272,"{""1"": -794756.6230524355, ""2"": -854304.6499512126, ""3"": -1238668.5609120866, ""4"": -1810902.1209670382, ""5"": -1834046.0657404824, ""6"": -1858856.8044318163, ""7"": -1867484.454918479, ""8"": -2453979.019856704}","[137060, 95091, 59253, 8200, 4573, 1879, 641, 503]","[137060, 95091, 59253]","[3, 4, 5, 6, 7]","[8200, 4573, 1879, 641, 503]",bic,-2453979.019856704,ok
detexture_ade20k_multi,feature_cluster_coarse_global_pooled_predicted_k,training,16,training_ADE_train_00003119,detexture_multi_partition_v1,multi_partition_invariant,0.5134779265358353,0.6213431620971431,0.6859861512404843,3,8,2,0.0,0.8848114013671875,57987,65536,7549,2,3,True,hungarian_iou_assignment,"[0.5781525732635172, 0.9622812063439888, 0.0]","[{""pred_label"": 0, ""gt_label"": 1, ""iou"": 0.5781525732635172}, {""pred_label"": 1, ""gt_label"": 0, ""iou"": 0.9622812063439888}, {""pred_label"": -1, ""gt_label"": 2, ""iou"": 0.0}]",fpn_2,fpn_2,72x72,1,3,3,24x24,pooled_avg_pool_multi_way,False,False,False,silhouette,0.4168967306613922,"{""2"": 0.4168967306613922, ""3"": 0.37283673882484436, ""4"": 0.3946557641029358, ""5"": 0.297128289937973, ""6"": 0.2874675393104553, ""7"": 0.2661534249782562, ""8"": 0.277321994304657}","[36246, 29290]",jpeg_color_clustering_bic,-1,5,7549,0.1151885986328125,8,3,5464,"{""1"": -129237.18955903653, ""2"": -135391.020952144, ""3"": -187679.81152194293, ""4"": -282499.5427081363, ""5"": -287039.2272021912, ""6"": -419585.5792534527, ""7"": -442122.85999618575, ""8"": -456894.3055748388}","[24046, 20277, 13664, 4791, 1032, 650, 582, 494]","[24046, 20277, 13664]","[3, 4, 5, 6, 7]","[4791, 1032, 650, 582, 494]",bic,-456894.3055748388,ok
detexture_ade20k_multi,feature_cluster_coarse_global_pooled_predicted_k,training,17,training_ADE_train_00003128,detexture_multi_partition_v1,multi_partition_invariant,0.1844730784733646,0.3485191794828948,0.4810775082158947,3,7,8,0.0,0.859771728515625,56346,65536,9190,8,3,True,hungarian_iou_assignment,"[0.5366863545028314, 0.446341783790884, 0.4927564894932015, 0.0, 0.0, 0.0, 0.0, 0.0]","[{""pred_label"": 0, ""gt_label"": 2, ""iou"": 0.5366863545028314}, {""pred_label"": 1, ""gt_label"": 0, ""iou"": 0.446341783790884}, {""pred_label"": 2, ""gt_label"": 1, ""iou"": 0.4927564894932015}, {""pred_label"": 3, ""gt_label"": -1, ""iou"": 0.0}, {""pred_label"": 4, ""gt_label"": -1, ""iou"": 0.0}, {""pred_label"": 5, ""gt_label"": -1, ""iou"": 0.0}, {""pred_label"": 6, ""gt_label"": -1, ""iou"": 0.0}, {""pred_label"": 7, ""gt_label"": -1, ""iou"": 0.0}]",fpn_2,fpn_2,72x72,1,3,3,24x24,pooled_avg_pool_multi_way,False,False,False,silhouette,0.27938035130500793,"{""2"": 0.2541162371635437, ""3"": 0.2788316309452057, ""4"": 0.2590218186378479, ""5"": 0.24968774616718292, ""6"": 0.26146697998046875, ""7"": 0.26262974739074707, ""8"": 0.27938035130500793}","[16238, 10261, 10052, 7324, 6412, 6374, 5949, 2926]",jpeg_color_clustering_bic,-1,4,9190,0.140228271484375,7,3,11532,"{""1"": -140366.6542596375, ""2"": -200816.82311871726, ""3"": -210642.72860763845, ""4"": -280950.2001335666, ""5"": -315066.6282739546, ""6"": -361180.83842181973, ""7"": -365224.0907203296, ""8"": -324264.225661038}","[22839, 20225, 13282, 3841, 3816, 880, 653]","[22839, 20225, 13282]","[3, 4, 5, 6]","[3841, 3816, 880, 653]",bic,-365224.0907203296,ok
detexture_ade20k_multi,feature_cluster_coarse_global_pooled_predicted_k,training,18,training_ADE_train_00003132,detexture_multi_partition_v1,multi_partition_invariant,0.8583230508451597,0.735400547893222,0.683436077946997,2,8,2,1.0,0.8556365966796875,56075,65536,9461,2,2,True,hungarian_iou_assignment,"[0.8947786696336327, 0.8218674320566867]","[{""pred_label"": 0, ""gt_label"": 0, ""iou"": 0.8947786696336327}, {""pred_label"": 1, ""gt_label"": 1, ""iou"": 0.8218674320566867}]",fpn_2,fpn_2,72x72,1,3,3,24x24,pooled_avg_pool_multi_way,False,False,False,silhouette,0.3413788378238678,"{""2"": 0.3413788378238678, ""3"": 0.32270145416259766, ""4"": 0.2573094367980957, ""5"": 0.2670912444591522, ""6"": 0.21682396531105042, ""7"": 0.21748071908950806, ""8"": 0.21749983727931976}","[38400, 27136]",jpeg_color_clustering_bic,-1,6,9461,0.1443634033203125,8,2,3666,"{""1"": -123345.02460583585, ""2"": -126236.79643842507, ""3"": -233662.91236110966, ""4"": -326925.4678803013, ""5"": -380972.13575104857, ""6"": -418250.1321967602, ""7"": -431206.8903007799, ""8"": -434529.2942678242}","[33777, 22298, 6354, 1258, 911, 414, 380, 144]","[33777, 22298]","[2, 3, 4, 5, 6, 7]","[6354, 1258, 911, 414, 380, 144]",bic,-434529.2942678242,ok
detexture_ade20k_multi,feature_cluster_coarse_global_pooled_predicted_k,training,19,training_ADE_train_00003133,detexture_multi_partition_v1,multi_partition_invariant,0.6372130470335159,0.776973784900994,0.7165117485457051,3,8,4,0.0,0.9061108647450111,51082,56375,5293,4,3,True,hungarian_iou_assignment,"[0.8743270208199992, 0.7909787939490226, 0.8835463733650416, 0.0]","[{""pred_label"": 0, ""gt_label"": 0, ""iou"": 0.8743270208199992}, {""pred_label"": 1, ""gt_label"": 2, ""iou"": 0.7909787939490226}, {""pred_label"": 2, ""gt_label"": 1, ""iou"": 0.8835463733650416}, {""pred_label"": 3, ""gt_label"": -1, ""iou"": 0.0}]",fpn_2,fpn_2,72x72,1,3,3,24x24,pooled_avg_pool_multi_way,False,False,False,silhouette,0.35529598593711853,"{""2"": 0.27051159739494324, ""3"": 0.3411181569099426, ""4"": 0.35529598593711853, ""5"": 0.30093300342559814, ""6"": 0.2534849941730499, ""7"": 0.25258734822273254, ""8"": 0.2527945935726166}","[24018, 14689, 12712, 4956]",jpeg_color_clustering_bic,-1,5,5293,0.09388913525498892,8,3,4174,"{""1"": -147433.58673269756, ""2"": -157856.74860421574, ""3"": -220834.38738913587, ""4"": -221719.08212556876, ""5"": -247866.49445955237, ""6"": -405758.030207475, ""7"": -406811.4828892907, ""8"": -415966.1432053733}","[26442, 12784, 11856, 3743, 736, 712, 55, 47]","[26442, 12784, 11856]","[3, 4, 5, 6, 7]","[3743, 736, 712, 55, 47]",bic,-415966.1432053733,ok
detexture_ade20k_multi,feature_cluster_coarse_global_pooled_predicted_k,training,20,training_ADE_train_00003135,detexture_multi_partition_v1,multi_partition_invariant,0.9059802466653317,0.8124162238417232,0.7578699891782636,2,8,2,1.0,0.824371337890625,54026,65536,11510,2,2,True,hungarian_iou_assignment,"[0.9056303116147308, 0.9063301817159326]","[{""pred_label"": 0, ""gt_label"": 1, ""iou"": 0.9056303116147308}, {""pred_label"": 1, ""gt_label"": 0, ""iou"": 0.9063301817159326}]",fpn_2,fpn_2,72x72,1,3,3,24x24,pooled_avg_pool_multi_way,False,False,False,silhouette,0.305372029542923,"{""2"": 0.305372029542923, ""3"": 0.28157228231430054, ""4"": 0.2562102675437927, ""5"": 0.30418363213539124, ""6"": 0.27772030234336853, ""7"": 0.2735735774040222, ""8"": 0.2754277288913727}","[32661, 32875]",jpeg_color_clustering_bic,-1,6,11510,0.175628662109375,8,2,5813,"{""1"": -119356.0290729274, ""2"": -128372.97665252858, ""3"": -186776.13224856765, ""4"": -264514.2910091644, ""5"": -302845.28730680735, ""6"": -305190.4166702755, ""7"": -310714.8677250568, ""8"": -311214.62506200094}","[28408, 25618, 6802, 2140, 1139, 834, 326, 269]","[28408, 25618]","[2, 3, 4, 5, 6, 7]","[6802, 2140, 1139, 834, 326, 269]",bic,-311214.62506200094,ok
detexture_ade20k_multi,feature_cluster_coarse_global_pooled_predicted_k,training,21,training_ADE_train_00003140,detexture_multi_partition_v1,multi_partition_invariant,0.4477628751224086,0.3974559527629371,0.45795706920601353,3,8,2,0.0,0.8495941162109375,55679,65536,9857,2,3,True,hungarian_iou_assignment,"[0.5673104342190538, 0.7759781911481719, 0.0]","[{""pred_label"": 0, ""gt_label"": 0, ""iou"": 0.5673104342190538}, {""pred_label"": 1, ""gt_label"": 2, ""iou"": 0.7759781911481719}, {""pred_label"": -1, ""gt_label"": 1, ""iou"": 0.0}]",fpn_2,fpn_2,72x72,1,3,3,24x24,pooled_avg_pool_multi_way,False,False,False,silhouette,0.3352058231830597,"{""2"": 0.3352058231830597, ""3"": 0.29213330149650574, ""4"": 0.2185177206993103, ""5"": 0.24622106552124023, ""6"": 0.2448490411043167, ""7"": 0.19497138261795044, ""8"": 0.20774394273757935}","[39822, 25714]",jpeg_color_clustering_bic,-1,5,9857,0.1504058837890625,8,3,7166,"{""1"": -110205.4384986393, ""2"": -185838.83599656794, ""3"": -216687.27204462737, ""4"": -288665.6075246704, ""5"": -312271.9625685781, ""6"": -296000.5173599788, ""7"": -350203.4394695371, ""8"": -351078.9652280933}","[21884, 17674, 16121, 6976, 1433, 714, 453, 281]","[21884, 17674, 16121]","[3, 4, 5, 6, 7]","[6976, 1433, 714, 453, 281]",bic,-351078.9652280933,ok
detexture_ade20k_multi,feature_cluster_coarse_global_pooled_predicted_k,training,22,training_ADE_train_00003145,detexture_multi_partition_v1,multi_partition_invariant,0.44312921050430853,0.11736051919045173,0.18962431634030136,2,8,2,1.0,0.723785400390625,47434,65536,18102,2,2,True,hungarian_iou_assignment,"[0.6464357688522285, 0.23982265215638857]","[{""pred_label"": 0, ""gt_label"": 0, ""iou"": 0.6464357688522285}, {""pred_label"": 1, ""gt_label"": 1, ""iou"": 0.23982265215638857}]",fpn_2,fpn_2,72x72,1,3,3,24x24,pooled_avg_pool_multi_way,False,False,False,silhouette,0.32196152210235596,"{""2"": 0.32196152210235596, ""3"": 0.2767104208469391, ""4"": 0.23976580798625946, ""5"": 0.2664378881454468, ""6"": 0.2676115036010742, ""7"": 0.2595735490322113, ""8"": 0.2555724084377289}","[46471, 19065]",jpeg_color_clustering_bic,-1,6,18102,0.276214599609375,8,2,6427,"{""1"": -106358.31388279294, ""2"": -118327.9556957568, ""3"": -244205.19125682695, ""4"": -296377.9571135645, ""5"": -299222.6024646943, ""6"": -315131.8718536151, ""7"": -418184.3563046749, ""8"": -427306.692172308}","[27586, 19848, 7016, 5171, 2346, 2029, 928, 612]","[27586, 19848]","[2, 3, 4, 5, 6, 7]","[7016, 5171, 2346, 2029, 928, 612]",bic,-427306.692172308,ok
detexture_ade20k_multi,feature_cluster_coarse_global_pooled_predicted_k,training,23,training_ADE_train_00004349,detexture_multi_partition_v1,multi_partition_invariant,0.4084372352394924,0.69220496585718,0.6409164516404815,2,8,4,0.0,0.8276740740740741,55868,67500,11632,4,2,True,hungarian_iou_assignment,"[0.8913101783559072, 0.7424387626020623, 0.0, 0.0]","[{""pred_label"": 0, ""gt_label"": 0, ""iou"": 0.8913101783559072}, {""pred_label"": 1, ""gt_label"": 1, ""iou"": 0.7424387626020623}, {""pred_label"": 2, ""gt_label"": -1, ""iou"": 0.0}, {""pred_label"": 3, ""gt_label"": -1, ""iou"": 0.0}]",fpn_2,fpn_2,72x72,1,3,3,24x24,pooled_avg_pool_multi_way,False,False,False,silhouette,0.2726515829563141,"{""2"": 0.27061599493026733, ""3"": 0.26358285546302795, ""4"": 0.2726515829563141, ""5"": 0.2624453902244568, ""6"": 0.2691574692726135, ""7"": 0.25363820791244507, ""8"": 0.2455163598060608}","[29158, 19696, 9731, 8915]",jpeg_color_clustering_bic,-1,6,11632,0.17232592592592594,8,2,4323,"{""1"": -155180.14443293077, ""2"": -161300.7509116496, ""3"": -220916.4736705554, ""4"": -358992.5839630099, ""5"": -378711.200768734, ""6"": -381893.5067007651, ""7"": -454839.6568276925, ""8"": -463307.1011073379}","[29781, 26087, 6371, 2870, 1136, 663, 340, 252]","[29781, 26087]","[2, 3, 4, 5, 6, 7]","[6371, 2870, 1136, 663, 340, 252]",bic,-463307.1011073379,ok
detexture_ade20k_multi,feature_cluster_coarse_global_pooled_predicted_k,training,24,training_ADE_train_00004422,detexture_multi_partition_v1,multi_partition_invariant,0.47823881036852023,0.5392968127927495,0.5403990298741962,3,8,2,0.0,0.8983892215568863,300062,334000,33938,2,3,True,hungarian_iou_assignment,"[0.7827032938241509, 0.6520131372814097, 0.0]","[{""pred_label"": 0, ""gt_label"": 0, ""iou"": 0.7827032938241509}, {""pred_label"": 1, ""gt_label"": 1, ""iou"": 0.6520131372814097}, {""pred_label"": -1, ""gt_label"": 2, ""iou"": 0.0}]",fpn_2,fpn_2,72x72,1,3,3,24x24,pooled_avg_pool_multi_way,False,False,False,silhouette,0.27215269207954407,"{""2"": 0.27215269207954407, ""3"": 0.25473806262016296, ""4"": 0.2559315860271454, ""5"": 0.2685890793800354, ""6"": 0.256647527217865, ""7"": 0.2720041871070862, ""8"": 0.24478918313980103}","[189872, 144128]",jpeg_color_clustering_bic,-1,5,33938,0.10161077844311377,8,3,17565,"{""1"": -667824.6321483507, ""2"": -717763.5698338209, ""3"": -1068298.1818505009, ""4"": -1007945.836775372, ""5"": -1020235.9966291677, ""6"": -1759335.528413939, ""7"": -2241490.450142517, ""8"": -2263058.816172227}","[138292, 82376, 79394, 19245, 7206, 4066, 2374, 1047]","[138292, 82376, 79394]","[3, 4, 5, 6, 7]","[19245, 7206, 4066, 2374, 1047]",bic,-2263058.816172227,ok
detexture_ade20k_multi,feature_cluster_coarse_global_pooled_predicted_k,training,25,training_ADE_train_00004424,detexture_multi_partition_v1,multi_partition_invariant,0.9242437801213056,0.9131717777933749,0.8508173405240063,3,8,3,1.0,0.9089558919270834,357416,393216,35800,3,3,True,hungarian_iou_assignment,"[0.9708244863109883, 0.9174614493270346, 0.8844454047258942]","[{""pred_label"": 0, ""gt_label"": 0, ""iou"": 0.9708244863109883}, {""pred_label"": 1, ""gt_label"": 2, ""iou"": 0.9174614493270346}, {""pred_label"": 2, ""gt_label"": 1, ""iou"": 0.8844454047258942}]",fpn_2,fpn_2,72x72,1,3,3,24x24,pooled_avg_pool_multi_way,False,False,False,silhouette,0.2998131215572357,"{""2"": 0.24130624532699585, ""3"": 0.2998131215572357, ""4"": 0.27661752700805664, ""5"": 0.2991533875465393, ""6"": 0.27694976329803467, ""7"": 0.24315136671066284, ""8"": 0.2503066658973694}","[189376, 107680, 96160]",jpeg_color_clustering_bic,-1,5,35800,0.09104410807291667,8,3,11567,"{""1"": -1075869.581014711, ""2"": -1180966.4742403745, ""3"": -1352234.9220331416, ""4"": -1384516.1157181254, ""5"": -1579034.349634128, ""6"": -1685086.2110462633, ""7"": -3039270.9912363808, ""8"": -3040420.358287277}","[174348, 97886, 85182, 26457, 6104, 2966, 258, 15]","[174348, 97886, 85182]","[3, 4, 5, 6, 7]","[26457, 6104, 2966, 258, 15]",bic,-3040420.358287277,ok
detexture_ade20k_multi,feature_cluster_coarse_global_pooled_predicted_k,training,26,training_ADE_train_00004427,detexture_multi_partition_v1,multi_partition_invariant,0.42241869797841297,0.31645359051911837,0.43860846339324877,3,8,2,0.0,0.9331194968553459,148366,159000,10634,2,3,True,hungarian_iou_assignment,"[0.5404095708168535, 0.7268465231183853, 0.0]","[{""pred_label"": 0, ""gt_label"": 0, ""iou"": 0.5404095708168535}, {""pred_label"": 1, ""gt_label"": 2, ""iou"": 0.7268465231183853}, {""pred_label"": -1, ""gt_label"": 1, ""iou"": 0.0}]",fpn_2,fpn_2,72x72,1,3,3,24x24,pooled_avg_pool_multi_way,False,False,False,silhouette,0.3239798843860626,"{""2"": 0.3239798843860626, ""3"": 0.3134952783584595, ""4"": 0.29179105162620544, ""5"": 0.2929495573043823, ""6"": 0.2687559723854065, ""7"": 0.2796662747859955, ""8"": 0.2863386869430542}","[121343, 37657]",jpeg_color_clustering_bic,-1,5,10634,0.06688050314465409,8,3,10172,"{""1"": -397024.0596165448, ""2"": -428144.1291847881, ""3"": -674113.1161377277, ""4"": -463266.23433054413, ""5"": -1057920.4051452328, ""6"": -1125021.4246035193, ""7"": -1181652.0348778474, ""8"": -1195527.8874817637}","[75462, 46717, 26187, 4628, 2616, 1581, 1211, 598]","[75462, 46717, 26187]","[3, 4, 5, 6, 7]","[4628, 2616, 1581, 1211, 598]",bic,-1195527.8874817637,ok
detexture_ade20k_multi,feature_cluster_coarse_global_pooled_predicted_k,training,27,training_ADE_train_00004918,detexture_multi_partition_v1,multi_partition_invariant,0.4632082116901459,0.3411647624431055,0.4706636695764238,3,8,2,0.0,0.9423060918774967,362328,384512,22184,2,3,True,hungarian_iou_assignment,"[0.5987400232570432, 0.7908846118133945, 0.0]","[{""pred_label"": 0, ""gt_label"": 0, ""iou"": 0.5987400232570432}, {""pred_label"": 1, ""gt_label"": 2, ""iou"": 0.7908846118133945}, {""pred_label"": -1, ""gt_label"": 1, ""iou"": 0.0}]",fpn_2,fpn_2,72x72,1,3,3,24x24,pooled_avg_pool_multi_way,False,False,False,silhouette,0.3175071179866791,"{""2"": 0.3175071179866791, ""3"": 0.31389012932777405, ""4"": 0.2947404086589813, ""5"": 0.2562412917613983, ""6"": 0.25687915086746216, ""7"": 0.24974489212036133, ""8"": 0.24353258311748505}","[290723, 93789]",jpeg_color_clustering_bic,-1,5,22184,0.05769390812250333,8,3,11235,"{""1"": -928747.4474053275, ""2"": -980742.1558613409, ""3"": -1210479.9557897823, ""4"": -1289379.0736277273, ""5"": -2626473.593084473, ""6"": -2642294.8956208536, ""7"": -2666446.8205347843, ""8"": -2675743.326022338}","[196429, 105698, 60201, 15150, 4325, 1328, 932, 449]","[196429, 105698, 60201]","[3, 4, 5, 6, 7]","[15150, 4325, 1328, 932, 449]",bic,-2675743.326022338,ok
detexture_ade20k_multi,feature_cluster_coarse_global_pooled_predicted_k,training,28,training_ADE_train_00004920,detexture_multi_partition_v1,multi_partition_invariant,0.5484972916665972,0.7400904237487234,0.7098197742124104,3,8,2,0.0,0.8979746500651041,353098,393216,40118,2,3,True,hungarian_iou_assignment,"[0.9360948960125586, 0.7093969789872332, 0.0]","[{""pred_label"": 0, ""gt_label"": 0, ""iou"": 0.9360948960125586}, {""pred_label"": 1, ""gt_label"": 1, ""iou"": 0.7093969789872332}, {""pred_label"": -1, ""gt_label"": 2, ""iou"": 0.0}]",fpn_2,fpn_2,72x72,1,3,3,24x24,pooled_avg_pool_multi_way,False,False,False,silhouette,0.31227192282676697,"{""2"": 0.31227192282676697, ""3"": 0.25298255681991577, ""4"": 0.170969158411026, ""5"": 0.17274561524391174, ""6"": 0.19563719630241394, ""7"": 0.21481895446777344, ""8"": 0.22433026134967804}","[196608, 196608]",jpeg_color_clustering_bic,-1,5,40118,0.10202534993489583,8,3,9796,"{""1"": -672765.0751528377, ""2"": -724331.2919807223, ""3"": -1508082.191342248, ""4"": -2038236.913892582, ""5"": -2543810.395252456, ""6"": -2773710.2990683694, ""7"": -2802693.6812419333, ""8"": -2868377.6886385866}","[180085, 114164, 58849, 23134, 10290, 4174, 1898, 622]","[180085, 114164, 58849]","[3, 4, 5, 6, 7]","[23134, 10290, 4174, 1898, 622]",bic,-2868377.6886385866,ok
detexture_ade20k_multi,feature_cluster_coarse_global_pooled_predicted_k,training,29,training_ADE_train_00005003,detexture_multi_partition_v1,multi_partition_invariant,0.2951670526366847,0.5965688703503891,0.6437998923981314,3,8,7,0.0,0.8485166666666667,50911,60000,9089,7,3,True,hungarian_iou_assignment,"[0.898744820130923, 0.5999077277970012, 0.5675168205288688, 0.0, 0.0, 0.0, 0.0]","[{""pred_label"": 0, ""gt_label"": 1, ""iou"": 0.898744820130923}, {""pred_label"": 1, ""gt_label"": 0, ""iou"": 0.5999077277970012}, {""pred_label"": 2, ""gt_label"": 2, ""iou"": 0.5675168205288688}, {""pred_label"": 3, ""gt_label"": -1, ""iou"": 0.0}, {""pred_label"": 4, ""gt_label"": -1, ""iou"": 0.0}, {""pred_label"": 5, ""gt_label"": -1, ""iou"": 0.0}, {""pred_label"": 6, ""gt_label"": -1, ""iou"": 0.0}]",fpn_2,fpn_2,72x72,1,3,3,24x24,pooled_avg_pool_multi_way,False,False,False,silhouette,0.3221050798892975,"{""2"": 0.2960866689682007, ""3"": 0.26099127531051636, ""4"": 0.27233007550239563, ""5"": 0.31704890727996826, ""6"": 0.27317020297050476, ""7"": 0.3221050798892975, ""8"": 0.3044777810573578}","[15180, 13238, 7962, 6558, 6505, 5424, 5133]",jpeg_color_clustering_bic,-1,5,9089,0.15148333333333333,8,3,5754,"{""1"": -160364.1909882826, ""2"": -166180.74400795676, ""3"": -215307.19122948096, ""4"": -224098.8706485995, ""5"": -286691.65189667617, ""6"": -288049.074152684, ""7"": -420506.9292203444, ""8"": -427218.55692660756}","[21585, 16577, 12749, 6736, 1023, 761, 413, 156]","[21585, 16577, 12749]","[3, 4, 5, 6, 7]","[6736, 1023, 761, 413, 156]",bic,-427218.55692660756,ok
detexture_ade20k_multi,feature_cluster_coarse_global_pooled_predicted_k,training,30,training_ADE_train_00005004,detexture_multi_partition_v1,multi_partition_invariant,0.3069753928563056,0.6142388704486833,0.6810269198067395,2,8,5,0.0,0.6553432494279177,171831,262200,90369,5,2,True,hungarian_iou_assignment,"[0.6480132417511622, 0.8868637225303658, 0.0, 0.0, 0.0]","[{""pred_label"": 0, ""gt_label"": 0, ""iou"": 0.6480132417511622}, {""pred_label"": 1, ""gt_label"": 1, ""iou"": 0.8868637225303658}, {""pred_label"": 2, ""gt_label"": -1, ""iou"": 0.0}, {""pred_label"": 3, ""gt_label"": -1, ""iou"": 0.0}, {""pred_label"": 4, ""gt_label"": -1, ""iou"": 0.0}]",fpn_2,fpn_2,72x72,1,3,3,24x24,pooled_avg_pool_multi_way,False,False,False,silhouette,0.35366594791412354,"{""2"": 0.31855064630508423, ""3"": 0.33179861307144165, ""4"": 0.3336150050163269, ""5"": 0.35366594791412354, ""6"": 0.3484492003917694, ""7"": 0.340175986289978, ""8"": 0.34450191259384155}","[81750, 64000, 60150, 30900, 25400]",jpeg_color_clustering_bic,-1,6,90369,0.3446567505720824,8,2,15412,"{""1"": -569065.2557633895, ""2"": -608453.11202328, ""3"": -744414.5783098993, ""4"": -853556.8421803478, ""5"": -1009987.9766610038, ""6"": -1087290.0543475437, ""7"": -1237312.98025237, ""8"": -1254661.1773480428}","[100616, 71215, 24777, 22473, 20652, 16879, 3265, 2323]","[100616, 71215]","[2, 3, 4, 5, 6, 7]","[24777, 22473, 20652, 16879, 3265, 2323]",bic,-1254661.1773480428,ok
detexture_ade20k_multi,feature_cluster_coarse_global_pooled_predicted_k,training,31,training_ADE_train_00005009,detexture_multi_partition_v1,multi_partition_invariant,0.9614441078868806,0.9451766989924943,0.9142309540975072,3,8,3,1.0,0.8788151041666666,67493,76800,9307,3,3,True,hungarian_iou_assignment,"[0.9749344843533221, 0.9397607451888979, 0.9696370941184219]","[{""pred_label"": 0, ""gt_label"": 0, ""iou"": 0.9749344843533221}, {""pred_label"": 1, ""gt_label"": 1, ""iou"": 0.9397607451888979}, {""pred_label"": 2, ""gt_label"": 2, ""iou"": 0.9696370941184219}]",fpn_2,fpn_2,72x72,1,3,3,24x24,pooled_avg_pool_multi_way,False,False,False,silhouette,0.3659054934978485,"{""2"": 0.298170268535614, ""3"": 0.3659054934978485, ""4"": 0.22830165922641754, ""5"": 0.23728768527507782, ""6"": 0.24935214221477509, ""7"": 0.2679879069328308, ""8"": 0.27692779898643494}","[32100, 28440, 16260]",jpeg_color_clustering_bic,-1,5,9307,0.12118489583333333,8,3,7090,"{""1"": -138468.21715365068, ""2"": -224804.15773216946, ""3"": -250312.25673813367, ""4"": -255021.3066662112, ""5"": -261873.02835714433, ""6"": -403534.4737627102, ""7"": -410748.4068950414, ""8"": -419546.4018405122}","[32434, 20115, 14944, 6450, 1184, 681, 618, 374]","[32434, 20115, 14944]","[3, 4, 5, 6, 7]","[6450, 1184, 681, 618, 374]",bic,-419546.4018405122,ok
detexture_ade20k_multi,feature_cluster_coarse_global_pooled_predicted_k,training,32,training_ADE_train_00005048,detexture_multi_partition_v1,multi_partition_invariant,0.9094225072795649,0.9041896641508081,0.8663161656889171,3,8,3,1.0,0.9486083984375,62168,65536,3368,3,3,True,hungarian_iou_assignment,"[0.9801006232634978, 0.9183708103521425, 0.8297960882230545]","[{""pred_label"": 0, ""gt_label"": 0, ""iou"": 0.9801006232634978}, {""pred_label"": 1, ""gt_label"": 1, ""iou"": 0.9183708103521425}, {""pred_label"": 2, ""gt_label"": 2, ""iou"": 0.8297960882230545}]",fpn_2,fpn_2,72x72,1,3,3,24x24,pooled_avg_pool_multi_way,False,False,False,silhouette,0.39580291509628296,"{""2"": 0.3759375512599945, ""3"": 0.39580291509628296, ""4"": 0.37760937213897705, ""5"": 0.2537563741207123, ""6"": 0.22759519517421722, ""7"": 0.23584191501140594, ""8"": 0.25092044472694397}","[26763, 24380, 14393]",jpeg_color_clustering_bic,-1,5,3368,0.0513916015625,8,3,4140,"{""1"": -108768.03682135875, ""2"": -117843.46567754907, ""3"": -253918.58182130026, ""4"": -417132.1918478937, ""5"": -437523.60666409554, ""6"": -470652.0867467301, ""7"": -476122.984527747, ""8"": -485789.85501073586}","[26517, 21646, 14005, 1891, 739, 433, 186, 119]","[26517, 21646, 14005]","[3, 4, 5, 6, 7]","[1891, 739, 433, 186, 119]",bic,-485789.85501073586,ok
detexture_ade20k_multi,feature_cluster_coarse_global_pooled_predicted_k,training,33,training_ADE_train_00005054,detexture_multi_partition_v1,multi_partition_invariant,0.9509572276369296,0.9299723943322993,0.8972646455063319,3,8,3,1.0,0.966705322265625,63354,65536,2182,3,3,True,hungarian_iou_assignment,"[0.9744557101312583, 0.936774034104951, 0.9416419386745796]","[{""pred_label"": 0, ""gt_label"": 0, ""iou"": 0.9744557101312583}, {""pred_label"": 1, ""gt_label"": 1, ""iou"": 0.936774034104951}, {""pred_label"": 2, ""gt_label"": 2, ""iou"": 0.9416419386745796}]",fpn_2,fpn_2,72x72,1,3,3,24x24,pooled_avg_pool_multi_way,False,False,False,silhouette,0.3999258577823639,"{""2"": 0.36087608337402344, ""3"": 0.3999258577823639, ""4"": 0.37077611684799194, ""5"": 0.3610209822654724, ""6"": 0.31004416942596436, ""7"": 0.3117968440055847, ""8"": 0.2982640266418457}","[25664, 23993, 15879]",jpeg_color_clustering_bic,-1,5,2182,0.033294677734375,8,3,4381,"{""1"": -110200.30248552062, ""2"": -112864.30829514377, ""3"": -251564.63566027567, ""4"": -416868.0131224145, ""5"": -439018.3100591657, ""6"": -470919.4043101713, ""7"": -475929.126673961, ""8"": -486316.7194613615}","[25226, 23848, 14280, 762, 560, 484, 277, 99]","[25226, 23848, 14280]","[3, 4, 5, 6, 7]","[762, 560, 484, 277, 99]",bic,-486316.7194613615,ok
detexture_ade20k_multi,feature_cluster_coarse_global_pooled_predicted_k,training,34,training_ADE_train_00005241,detexture_multi_partition_v1,multi_partition_invariant,0.3417069422791691,0.5213969080518948,0.6119374967863963,4,8,2,0.0,0.8395640055338541,330130,393216,63086,2,4,True,hungarian_iou_assignment,"[0.3999825543508936, 0.9668452147657827, 0.0, 0.0]","[{""pred_label"": 0, ""gt_label"": 1, ""iou"": 0.3999825543508936}, {""pred_label"": 1, ""gt_label"": 0, ""iou"": 0.9668452147657827}, {""pred_label"": -1, ""gt_label"": 2, ""iou"": 0.0}, {""pred_label"": -1, ""gt_label"": 3, ""iou"": 0.0}]",fpn_2,fpn_2,72x72,1,3,3,24x24,pooled_avg_pool_multi_way,False,False,False,silhouette,0.3310326635837555,"{""2"": 0.3310326635837555, ""3"": 0.31795698404312134, ""4"": 0.29431432485580444, ""5"": 0.3124673068523407, ""6"": 0.31035101413726807, ""7"": 0.3041496276855469, ""8"": 0.29963043332099915}","[217952, 175264]",jpeg_color_clustering_bic,-1,4,63086,0.16043599446614584,8,4,11819,"{""1"": -556611.5758059454, ""2"": -861589.4214249386, ""3"": -901670.8207965726, ""4"": -1104763.0921366233, ""5"": -1695726.6910337133, ""6"": -2700491.291573857, ""7"": -2915724.7792144255, ""8"": -3009147.8600883097}","[133953, 79749, 60341, 56087, 44290, 15350, 1895, 1551]","[133953, 79749, 60341, 56087]","[4, 5, 6, 7]","[44290, 15350, 1895, 1551]",bic,-3009147.8600883097,ok
detexture_ade20k_multi,feature_cluster_coarse_global_pooled_predicted_k,training,35,training_ADE_train_00005346,detexture_multi_partition_v1,multi_partition_invariant,0.5549972123686409,0.5714342700848489,0.6165879398856507,3,8,4,0.0,0.7810276679841898,59280,75900,16620,4,3,True,hungarian_iou_assignment,"[0.6498473405110076, 0.7800012127827299, 0.7901402961808262, 0.0]","[{""pred_label"": 0, ""gt_label"": 0, ""iou"": 0.6498473405110076}, {""pred_label"": 1, ""gt_label"": 2, ""iou"": 0.7800012127827299}, {""pred_label"": 2, ""gt_label"": 1, ""iou"": 0.7901402961808262}, {""pred_label"": 3, ""gt_label"": -1, ""iou"": 0.0}]",fpn_2,fpn_2,72x72,1,3,3,24x24,pooled_avg_pool_multi_way,False,False,False,silhouette,0.26716214418411255,"{""2"": 0.24573206901550293, ""3"": 0.24261265993118286, ""4"": 0.26716214418411255, ""5"": 0.24113249778747559, ""6"": 0.23934650421142578, ""7"": 0.25082752108573914, ""8"": 0.24226252734661102}","[26872, 22848, 12982, 13198]",jpeg_color_clustering_bic,-1,5,16620,0.2189723320158103,8,3,7107,"{""1"": -129128.85067742341, ""2"": -210868.6229235663, ""3"": -229616.50179842702, ""4"": -315608.9949222634, ""5"": -401392.6002849277, ""6"": -430506.8589931727, ""7"": -469662.03127179696, ""8"": -471460.83142835763}","[30875, 15039, 13366, 7674, 6432, 1245, 1095, 174]","[30875, 15039, 13366]","[3, 4, 5, 6, 7]","[7674, 6432, 1245, 1095, 174]",bic,-471460.83142835763,ok
detexture_ade20k_multi,feature_cluster_coarse_global_pooled_predicted_k,training,36,training_ADE_train_00005383,detexture_multi_partition_v1,multi_partition_invariant,0.5651767550169255,0.6991158611052489,0.7284063441674978,3,8,2,0.0,0.9622916666666667,115475,120000,4525,2,3,True,hungarian_iou_assignment,"[0.7317545340746995, 0.9637757309760772, 0.0]","[{""pred_label"": 0, ""gt_label"": 0, ""iou"": 0.7317545340746995}, {""pred_label"": 1, ""gt_label"": 1, ""iou"": 0.9637757309760772}, {""pred_label"": -1, ""gt_label"": 2, ""iou"": 0.0}]",fpn_2,fpn_2,72x72,1,3,3,24x24,pooled_avg_pool_multi_way,False,False,False,silhouette,0.32613441348075867,"{""2"": 0.32613441348075867, ""3"": 0.29757559299468994, ""4"": 0.31322428584098816, ""5"": 0.27874043583869934, ""6"": 0.2770695090293884, ""7"": 0.2602030336856842, ""8"": 0.24138861894607544}","[70096, 49904]",jpeg_color_clustering_bic,-1,5,4525,0.03770833333333334,8,3,4336,"{""1"": -197971.97766342427, ""2"": -203354.6444739936, ""3"": -493250.0333754154, ""4"": -802793.9357063341, ""5"": -831543.1804824146, ""6"": -918600.8807581441, ""7"": -942986.3577090243, ""8"": -955376.728388006}","[52029, 46775, 16671, 1532, 1351, 1011, 492, 139]","[52029, 46775, 16671]","[3, 4, 5, 6, 7]","[1532, 1351, 1011, 492, 139]",bic,-955376.728388006,ok
detexture_ade20k_multi,feature_cluster_coarse_global_pooled_predicted_k,training,37,training_ADE_train_00005831,detexture_multi_partition_v1,multi_partition_invariant,0.6473707393383965,0.7876514278520256,0.77907985417604,3,8,4,0.0,0.947174072265625,62074,65536,3462,4,3,True,hungarian_iou_assignment,"[0.8094631599057505, 0.9771322899282847, 0.8028875075195508, 0.0]","[{""pred_label"": 0, ""gt_label"": 0, ""iou"": 0.8094631599057505}, {""pred_label"": 1, ""gt_label"": 1, ""iou"": 0.9771322899282847}, {""pred_label"": 2, ""gt_label"": 2, ""iou"": 0.8028875075195508}, {""pred_label"": 3, ""gt_label"": -1, ""iou"": 0.0}]",fpn_2,fpn_2,72x72,1,3,3,24x24,pooled_avg_pool_multi_way,False,False,False,silhouette,0.4537089765071869,"{""2"": 0.3839973509311676, ""3"": 0.4519689977169037, ""4"": 0.4537089765071869, ""5"": 0.35737311840057373, ""6"": 0.4076876640319824, ""7"": 0.38521379232406616, ""8"": 0.3669619858264923}","[26571, 22016, 9934, 7015]",jpeg_color_clustering_bic,-1,5,3462,0.052825927734375,8,3,3944,"{""1"": -107267.81273950105, ""2"": -213603.14589183353, ""3"": -269472.9509502814, ""4"": -419626.86745036737, ""5"": -435872.8044952446, ""6"": -471782.94388620835, ""7"": -476250.87171817024, ""8"": -486649.34377583873}","[31396, 22171, 8507, 1562, 1183, 478, 158, 81]","[31396, 22171, 8507]","[3, 4, 5, 6, 7]","[1562, 1183, 478, 158, 81]",bic,-486649.34377583873,ok
detexture_ade20k_multi,feature_cluster_coarse_global_pooled_predicted_k,training,38,training_ADE_train_00005835,detexture_multi_partition_v1,multi_partition_invariant,0.38157244129750156,0.9130726148702718,0.8682963815894015,2,8,5,0.0,0.7008056640625,45928,65536,19608,5,2,True,hungarian_iou_assignment,"[0.9613174718782876, 0.9465447346092203, 0.0, 0.0, 0.0]","[{""pred_label"": 0, ""gt_label"": 0, ""iou"": 0.9613174718782876}, {""pred_label"": 1, ""gt_label"": 1, ""iou"": 0.9465447346092203}, {""pred_label"": 2, ""gt_label"": -1, ""iou"": 0.0}, {""pred_label"": 3, ""gt_label"": -1, ""iou"": 0.0}, {""pred_label"": 4, ""gt_label"": -1, ""iou"": 0.0}]",fpn_2,fpn_2,72x72,1,3,3,24x24,pooled_avg_pool_multi_way,False,False,False,silhouette,0.39782795310020447,"{""2"": 0.3348616063594818, ""3"": 0.39365795254707336, ""4"": 0.3026784658432007, ""5"": 0.39782795310020447, ""6"": 0.3727160692214966, ""7"": 0.32041439414024353, ""8"": 0.2774563431739807}","[23872, 20256, 11332, 6318, 3758]",jpeg_color_clustering_bic,-1,6,19608,0.2991943359375,8,2,5844,"{""1"": -118167.22853307684, ""2"": -120119.29985002884, ""3"": -206306.00064999645, ""4"": -284771.63056918717, ""5"": -309799.52464700706, ""6"": -310766.9015877787, ""7"": -319315.86474918836, ""8"": -439681.5300688547}","[24714, 21214, 7742, 6394, 3936, 864, 421, 251]","[24714, 21214]","[2, 3, 4, 5, 6, 7]","[7742, 6394, 3936, 864, 421, 251]",bic,-439681.5300688547,ok
detexture_ade20k_multi,feature_cluster_coarse_global_pooled_predicted_k,training,39,training_ADE_train_00005842,detexture_multi_partition_v1,multi_partition_invariant,0.8724158008826105,0.8696720991688045,0.8291757069578058,3,8,3,1.0,0.9486236572265625,62169,65536,3367,3,3,True,hungarian_iou_assignment,"[0.9143798719817479, 0.9741229275441972, 0.7287446031218864]","[{""pred_label"": 0, ""gt_label"": 0, ""iou"": 0.9143798719817479}, {""pred_label"": 1, ""gt_label"": 1, ""iou"": 0.9741229275441972}, {""pred_label"": 2, ""gt_label"": 2, ""iou"": 0.7287446031218864}]",fpn_2,fpn_2,72x72,1,3,3,24x24,pooled_avg_pool_multi_way,False,False,False,silhouette,0.3409215211868286,"{""2"": 0.3359780013561249, ""3"": 0.3409215211868286, ""4"": 0.29356634616851807, ""5"": 0.2695978879928589, ""6"": 0.25054073333740234, ""7"": 0.2484058290719986, ""8"": 0.21430060267448425}","[29380, 23176, 12980]",jpeg_color_clustering_bic,-1,5,3367,0.0513763427734375,8,3,4311,"{""1"": -121439.16274473399, ""2"": -125849.11426730445, ""3"": -261393.76816166937, ""4"": -383724.35064053384, ""5"": -418438.47810336837, ""6"": -444320.0786223428, ""7"": -456986.3151898586, ""8"": -463869.9358805887}","[31507, 21531, 9131, 1048, 895, 721, 495, 208]","[31507, 21531, 9131]","[3, 4, 5, 6, 7]","[1048, 895, 721, 495, 208]",bic,-463869.9358805887,ok
detexture_ade20k_multi,feature_cluster_coarse_global_pooled_predicted_k,training,40,training_ADE_train_00005856,detexture_multi_partition_v1,multi_partition_invariant,0.5561954727453496,0.6191447115363021,0.6918454738134,2,8,3,0.0,0.783966064453125,51378,65536,14158,3,2,True,hungarian_iou_assignment,"[0.7041128084606345, 0.0, 0.9644736097754144]","[{""pred_label"": 0, ""gt_label"": 0, ""iou"": 0.7041128084606345}, {""pred_label"": 1, ""gt_label"": -1, ""iou"": 0.0}, {""pred_label"": 2, ""gt_label"": 1, ""iou"": 0.9644736097754144}]",fpn_2,fpn_2,72x72,1,3,3,24x24,pooled_avg_pool_multi_way,False,False,False,silhouette,0.3913174867630005,"{""2"": 0.3572528064250946, ""3"": 0.3913174867630005, ""4"": 0.28764310479164124, ""5"": 0.3811904489994049, ""6"": 0.3167697489261627, ""7"": 0.3176577389240265, ""8"": 0.27146005630493164}","[26077, 20732, 18727]",jpeg_color_clustering_bic,-1,6,14158,0.216033935546875,8,2,6859,"{""1"": -117853.06814888431, ""2"": -134208.69668800096, ""3"": -249984.26672988277, ""4"": -267750.74889919854, ""5"": -358535.62557712296, ""6"": -393558.70252617553, ""7"": -403563.25335392053, ""8"": -417110.8089451997}","[34040, 17338, 6740, 2803, 2005, 1360, 737, 513]","[34040, 17338]","[2, 3, 4, 5, 6, 7]","[6740, 2803, 2005, 1360, 737, 513]",bic,-417110.8089451997,ok
detexture_ade20k_multi,feature_cluster_coarse_global_pooled_predicted_k,training,41,training_ADE_train_00005871,detexture_multi_partition_v1,multi_partition_invariant,0.33024194504832444,0.37177035422282123,0.5570303785946591,3,8,6,0.0,0.8433837890625,55272,65536,10264,6,3,True,hungarian_iou_assignment,"[0.2998660477866733, 0.8957915831663327, 0.7857940393369407, 0.0, 0.0, 0.0]","[{""pred_label"": 0, ""gt_label"": 0, ""iou"": 0.2998660477866733}, {""pred_label"": 1, ""gt_label"": 1, ""iou"": 0.8957915831663327}, {""pred_label"": 2, ""gt_label"": 2, ""iou"": 0.7857940393369407}, {""pred_label"": 3, ""gt_label"": -1, ""iou"": 0.0}, {""pred_label"": 4, ""gt_label"": -1, ""iou"": 0.0}, {""pred_label"": 5, ""gt_label"": -1, ""iou"": 0.0}]",fpn_2,fpn_2,72x72,1,3,3,24x24,pooled_avg_pool_multi_way,False,False,False,silhouette,0.2949014902114868,"{""2"": 0.23704978823661804, ""3"": 0.27362293004989624, ""4"": 0.2522166967391968, ""5"": 0.2795090675354004, ""6"": 0.2949014902114868, ""7"": 0.27320218086242676, ""8"": 0.2804654538631439}","[14073, 12892, 12100, 10151, 8323, 7997]",jpeg_color_clustering_bic,-1,5,10264,0.1566162109375,8,3,10726,"{""1"": -121337.78100511248, ""2"": -142715.97391170496, ""3"": -180540.3018762042, ""4"": -211699.40269998554, ""5"": -301380.19405935245, ""6"": -346174.4615914238, ""7"": -359506.1336653136, ""8"": -379895.2487789883}","[31523, 13899, 9850, 3048, 2572, 2110, 1796, 738]","[31523, 13899, 9850]","[3, 4, 5, 6, 7]","[3048, 2572, 2110, 1796, 738]",bic,-379895.2487789883,ok
detexture_ade20k_multi,feature_cluster_coarse_global_pooled_predicted_k,training,42,training_ADE_train_00005884,detexture_multi_partition_v1,multi_partition_invariant,0.4879729148386498,0.7336514637391217,0.7079858801366563,3,8,5,0.0,0.9180145263671875,60163,65536,5373,5,3,True,hungarian_iou_assignment,"[0.862543094706956, 0.6247412008281573, 0.9525802786581355, 0.0, 0.0]","[{""pred_label"": 0, ""gt_label"": 0, ""iou"": 0.862543094706956}, {""pred_label"": 1, ""gt_label"": 1, ""iou"": 0.6247412008281573}, {""pred_label"": 2, ""gt_label"": 2, ""iou"": 0.9525802786581355}, {""pred_label"": 3, ""gt_label"": -1, ""iou"": 0.0}, {""pred_label"": 4, ""gt_label"": -1, ""iou"": 0.0}]",fpn_2,fpn_2,72x72,1,3,3,24x24,pooled_avg_pool_multi_way,False,False,False,silhouette,0.36106494069099426,"{""2"": 0.30599385499954224, ""3"": 0.3255099058151245, ""4"": 0.3477649986743927, ""5"": 0.36106494069099426, ""6"": 0.3542761206626892, ""7"": 0.32716622948646545, ""8"": 0.31871742010116577}","[21493, 16100, 16117, 7762, 4064]",jpeg_color_clustering_bic,-1,5,5373,0.0819854736328125,8,3,5267,"{""1"": -122561.68556951283, ""2"": -126340.0707384883, ""3"": -241933.33465354165, ""4"": -271890.5355767476, ""5"": -273375.8792815838, ""6"": -277688.8134553015, ""7"": -456480.41615165985, ""8"": -460910.91674029705}","[24564, 18876, 16723, 2571, 1563, 632, 487, 120]","[24564, 18876, 16723]","[3, 4, 5, 6, 7]","[2571, 1563, 632, 487, 120]",bic,-460910.91674029705,ok
detexture_ade20k_multi,feature_cluster_coarse_global_pooled_predicted_k,training,43,training_ADE_train_00005885,detexture_multi_partition_v1,multi_partition_invariant,0.6203795412927652,0.8557678786945072,0.7739328681777697,3,8,4,0.0,0.725372314453125,47538,65536,17998,4,3,True,hungarian_iou_assignment,"[0.9885249411260972, 0.8009251327736852, 0.6920680912712786, 0.0]","[{""pred_label"": 0, ""gt_label"": 0, ""iou"": 0.9885249411260972}, {""pred_label"": 1, ""gt_label"": 2, ""iou"": 0.8009251327736852}, {""pred_label"": 2, ""gt_label"": 1, ""iou"": 0.6920680912712786}, {""pred_label"": 3, ""gt_label"": -1, ""iou"": 0.0}]",fpn_2,fpn_2,72x72,1,3,3,24x24,pooled_avg_pool_multi_way,False,False,False,silhouette,0.3420933485031128,"{""2"": 0.3158467411994934, ""3"": 0.34144696593284607, ""4"": 0.3420933485031128, ""5"": 0.3232886493206024, ""6"": 0.3291993737220764, ""7"": 0.3207305371761322, ""8"": 0.3033471703529358}","[27644, 16858, 11121, 9913]",jpeg_color_clustering_bic,-1,5,17998,0.274627685546875,8,3,6340,"{""1"": -129106.6793283829, ""2"": -133118.24166528258, ""3"": -201099.32333465645, ""4"": -227063.10312831122, ""5"": -274229.3228357399, ""6"": -320576.60886424966, ""7"": -355659.32959512324, ""8"": -442785.82051906706}","[23347, 12797, 11394, 6040, 4665, 3440, 3227, 626]","[23347, 12797, 11394]","[3, 4, 5, 6, 7]","[6040, 4665, 3440, 3227, 626]",bic,-442785.82051906706,ok
detexture_ade20k_multi,feature_cluster_coarse_global_pooled_predicted_k,training,44,training_ADE_train_00006233,detexture_multi_partition_v1,multi_partition_invariant,0.8468805553282022,0.8071978740176731,0.7498176905787056,3,8,3,1.0,0.9336909773060029,326508,349696,23188,3,3,True,hungarian_iou_assignment,"[0.921477829704776, 0.8572960020179089, 0.7618678342619215]","[{""pred_label"": 0, ""gt_label"": 0, ""iou"": 0.921477829704776}, {""pred_label"": 1, ""gt_label"": 1, ""iou"": 0.8572960020179089}, {""pred_label"": 2, ""gt_label"": 2, ""iou"": 0.7618678342619215}]",fpn_2,fpn_2,72x72,1,3,3,24x24,pooled_avg_pool_multi_way,False,False,False,silhouette,0.29064300656318665,"{""2"": 0.25231310725212097, ""3"": 0.29064300656318665, ""4"": 0.28560033440589905, ""5"": 0.2597557008266449, ""6"": 0.2825780510902405, ""7"": 0.2763501703739166, ""8"": 0.25478455424308777}","[138183, 137562, 73951]",jpeg_color_clustering_bic,-1,5,23188,0.06630902269399708,8,3,13871,"{""1"": -805255.4943927524, ""2"": -845245.0528831844, ""3"": -1108238.4657578191, ""4"": -1991577.1670819086, ""5"": -2299406.8614654513, ""6"": -2311833.394390454, ""7"": -2392857.04214856, ""8"": -2407949.5878705317}","[136412, 113511, 76585, 11513, 4162, 3734, 2193, 1586]","[136412, 113511, 76585]","[3, 4, 5, 6, 7]","[11513, 4162, 3734, 2193, 1586]",bic,-2407949.5878705317,ok
detexture_ade20k_multi,feature_cluster_coarse_global_pooled_predicted_k,training,45,training_ADE_train_00006236,detexture_multi_partition_v1,multi_partition_invariant,0.5884943262494221,0.7792635609268459,0.708141387534126,2,8,3,0.0,0.8756901041666667,67253,76800,9547,3,2,True,hungarian_iou_assignment,"[0.9007702631732508, 0.8647127155750156, 0.0]","[{""pred_label"": 0, ""gt_label"": 0, ""iou"": 0.9007702631732508}, {""pred_label"": 1, ""gt_label"": 1, ""iou"": 0.8647127155750156}, {""pred_label"": 2, ""gt_label"": -1, ""iou"": 0.0}]",fpn_2,fpn_2,72x72,1,3,3,24x24,pooled_avg_pool_multi_way,False,False,False,silhouette,0.3480698764324188,"{""2"": 0.31250402331352234, ""3"": 0.3480698764324188, ""4"": 0.3086910545825958, ""5"": 0.26657867431640625, ""6"": 0.27108362317085266, ""7"": 0.2700096666812897, ""8"": 0.22644665837287903}","[38800, 29980, 8020]",jpeg_color_clustering_bic,-1,6,9547,0.12430989583333334,8,2,5425,"{""1"": -190941.16760028765, ""2"": -206696.69128251047, ""3"": -339662.14006620774, ""4"": -350182.07482378185, ""5"": -470850.2649484397, ""6"": -477230.9859867291, ""7"": -492319.7105974047, ""8"": -513409.4615427202}","[34274, 32979, 6558, 1386, 786, 447, 265, 105]","[34274, 32979]","[2, 3, 4, 5, 6, 7]","[6558, 1386, 786, 447, 265, 105]",bic,-513409.4615427202,ok
detexture_ade20k_multi,feature_cluster_coarse_global_pooled_predicted_k,training,46,training_ADE_train_00006237,detexture_multi_partition_v1,multi_partition_invariant,0.45139082090334914,0.8319177061009551,0.7535919607233323,2,8,4,0.0,0.8897596656217346,68120,76560,8440,4,2,True,hungarian_iou_assignment,"[0.9312924103643652, 0.8742708732490314, 0.0, 0.0]","[{""pred_label"": 0, ""gt_label"": 0, ""iou"": 0.9312924103643652}, {""pred_label"": 1, ""gt_label"": 1, ""iou"": 0.8742708732490314}, {""pred_label"": 2, ""gt_label"": -1, ""iou"": 0.0}, {""pred_label"": 3, ""gt_label"": -1, ""iou"": 0.0}]",fpn_2,fpn_2,72x72,1,3,3,24x24,pooled_avg_pool_multi_way,False,False,False,silhouette,0.3351695239543915,"{""2"": 0.3136257231235504, ""3"": 0.31573060154914856, ""4"": 0.3351695239543915, ""5"": 0.2986321449279785, ""6"": 0.2632027268409729, ""7"": 0.24452342092990875, ""8"": 0.2446541041135788}","[42400, 21420, 7560, 5180]",jpeg_color_clustering_bic,-1,6,8440,0.11024033437826541,8,2,4546,"{""1"": -179553.84275992552, ""2"": -193969.1822002255, ""3"": -337633.32820975996, ""4"": -458796.46695655247, ""5"": -476613.60120475106, ""6"": -497519.4109324572, ""7"": -500711.1227050488, ""8"": -517314.645579025}","[44653, 23467, 6406, 1318, 285, 246, 114, 71]","[44653, 23467]","[2, 3, 4, 5, 6, 7]","[6406, 1318, 285, 246, 114, 71]",bic,-517314.645579025,ok
detexture_ade20k_multi,feature_cluster_coarse_global_pooled_predicted_k,training,47,training_ADE_train_00006249,detexture_multi_partition_v1,multi_partition_invariant,0.5248425248944525,0.556489023535412,0.5939797815159089,2,8,3,0.0,0.71375,85650,120000,34350,3,2,True,hungarian_iou_assignment,"[0.8428418448358628, 0.7316857298474946, 0.0]","[{""pred_label"": 0, ""gt_label"": 1, ""iou"": 0.8428418448358628}, {""pred_label"": 1, ""gt_label"": 0, ""iou"": 0.7316857298474946}, {""pred_label"": 2, ""gt_label"": -1, ""iou"": 0.0}]",fpn_2,fpn_2,72x72,1,3,3,24x24,pooled_avg_pool_multi_way,False,False,False,silhouette,0.3706899583339691,"{""2"": 0.3601192831993103, ""3"": 0.3706899583339691, ""4"": 0.36953166127204895, ""5"": 0.34762394428253174, ""6"": 0.3423968255519867, ""7"": 0.3422517776489258, ""8"": 0.34093254804611206}","[55163, 43637, 21200]",jpeg_color_clustering_bic,-1,6,34350,0.28625,8,2,8607,"{""1"": -243318.61518637947, ""2"": -266153.85246430134, ""3"": -367246.3347404618, ""4"": -454822.4364479382, ""5"": -519576.1349800847, ""6"": -616789.8798455375, ""7"": -732831.7924280448, ""8"": -736785.9940555214}","[58752, 26898, 11852, 7662, 6343, 5865, 2560, 68]","[58752, 26898]","[2, 3, 4, 5, 6, 7]","[11852, 7662, 6343, 5865, 2560, 68]",bic,-736785.9940555214,ok
detexture_ade20k_multi,feature_cluster_coarse_global_pooled_predicted_k,training,48,training_ADE_train_00006377,detexture_multi_partition_v1,multi_partition_invariant,0.4822141923900258,0.5480653377123481,0.5616187363735764,3,8,2,0.0,0.9813609535139092,343178,349696,6518,2,3,True,hungarian_iou_assignment,"[0.7841962408534069, 0.6624463363166703, 0.0]","[{""pred_label"": 0, ""gt_label"": 0, ""iou"": 0.7841962408534069}, {""pred_label"": 1, ""gt_label"": 1, ""iou"": 0.6624463363166703}, {""pred_label"": -1, ""gt_label"": 2, ""iou"": 0.0}]",fpn_2,fpn_2,72x72,1,3,3,24x24,pooled_avg_pool_multi_way,False,False,False,silhouette,0.3081425130367279,"{""2"": 0.3081425130367279, ""3"": 0.2974849045276642, ""4"": 0.23549315333366394, ""5"": 0.23852242529392242, ""6"": 0.2380826473236084, ""7"": 0.23016279935836792, ""8"": 0.2191491574048996}","[209764, 139932]",jpeg_color_clustering_bic,-1,5,6518,0.018639046486090775,8,3,7571,"{""1"": -738779.5191748906, ""2"": -766296.4326915735, ""3"": -1563948.04995328, ""4"": -2680676.6237051394, ""5"": -2785515.047453221, ""6"": -2882544.1830250146, ""7"": -2931210.208505357, ""8"": -2948392.70184431}","[161506, 91243, 90429, 3185, 1309, 947, 629, 448]","[161506, 91243, 90429]","[3, 4, 5, 6, 7]","[3185, 1309, 947, 629, 448]",bic,-2948392.70184431,ok
detexture_ade20k_multi,feature_cluster_coarse_global_pooled_predicted_k,training,49,training_ADE_train_00006467,detexture_multi_partition_v1,multi_partition_invariant,0.5419332562314396,0.6598967752089098,0.6276131545963876,3,8,2,0.0,0.9442291259765625,61881,65536,3655,2,3,True,hungarian_iou_assignment,"[0.8193021620133941, 0.8064976066809247, 0.0]","[{""pred_label"": 0, ""gt_label"": 0, ""iou"": 0.8193021620133941}, {""pred_label"": 1, ""gt_label"": 1, ""iou"": 0.8064976066809247}, {""pred_label"": -1, ""gt_label"": 2, ""iou"": 0.0}]",fpn_2,fpn_2,72x72,1,3,3,24x24,pooled_avg_pool_multi_way,False,False,False,silhouette,0.28757309913635254,"{""2"": 0.28757309913635254, ""3"": 0.2255222052335739, ""4"": 0.1927759349346161, ""5"": 0.16425377130508423, ""6"": 0.18192298710346222, ""7"": 0.17591217160224915, ""8"": 0.16782337427139282}","[33002, 32534]",jpeg_color_clustering_bic,-1,5,3655,0.0557708740234375,8,3,6564,"{""1"": -109494.96537482094, ""2"": -114463.03892974404, ""3"": -277920.4585482257, ""4"": -367722.8769346817, ""5"": -386690.4158857664, ""6"": -413860.23689654935, ""7"": -439410.6620916086, ""8"": -448717.7853826494}","[27059, 23767, 11055, 1034, 888, 854, 486, 393]","[27059, 23767, 11055]","[3, 4, 5, 6, 7]","[1034, 888, 854, 486, 393]",bic,-448717.7853826494,ok
detexture_ade20k_multi,feature_cluster_coarse_global_pooled_predicted_k,training,50,training_ADE_train_00006468,detexture_multi_partition_v1,multi_partition_invariant,0.5175565645401456,0.5793533879025985,0.6978273204663551,3,8,2,0.0,0.877685546875,57520,65536,8016,2,3,True,hungarian_iou_assignment,"[0.5732370342732264, 0.9794326593472105, 0.0]","[{""pred_label"": 0, ""gt_label"": 0, ""iou"": 0.5732370342732264}, {""pred_label"": 1, ""gt_label"": 1, ""iou"": 0.9794326593472105}, {""pred_label"": -1, ""gt_label"": 2, ""iou"": 0.0}]",fpn_2,fpn_2,72x72,1,3,3,24x24,pooled_avg_pool_multi_way,False,False,False,silhouette,0.27306902408599854,"{""2"": 0.27306902408599854, ""3"": 0.21774935722351074, ""4"": 0.20800773799419403, ""5"": 0.21823525428771973, ""6"": 0.20819860696792603, ""7"": 0.2065531313419342, ""8"": 0.21815307438373566}","[42230, 23306]",jpeg_color_clustering_bic,-1,5,8016,0.122314453125,8,3,6827,"{""1"": -130582.77867401426, ""2"": -153029.86324611894, ""3"": -223057.12040379908, ""4"": -230959.6113278354, ""5"": -350193.76581382833, ""6"": -387148.7570469661, ""7"": -393101.2872282912, ""8"": -394526.9507039894}","[21567, 19788, 16165, 2840, 2669, 1960, 333, 214]","[21567, 19788, 16165]","[3, 4, 5, 6, 7]","[2840, 2669, 1960, 333, 214]",bic,-394526.9507039894,ok
detexture_ade20k_multi,feature_cluster_coarse_global_pooled_predicted_k,training,51,training_ADE_train_00006473,detexture_multi_partition_v1,multi_partition_invariant,0.4841409864719681,0.6089352551439667,0.589199199832053,3,8,2,0.0,0.8868865966796875,58123,65536,7413,2,3,True,hungarian_iou_assignment,"[0.5639244204921758, 0.8884985389237285, 0.0]","[{""pred_label"": 0, ""gt_label"": 1, ""iou"": 0.5639244204921758}, {""pred_label"": 1, ""gt_label"": 0, ""iou"": 0.8884985389237285}, {""pred_label"": -1, ""gt_label"": 2, ""iou"": 0.0}]",fpn_2,fpn_2,72x72,1,3,3,24x24,pooled_avg_pool_multi_way,False,False,False,silhouette,0.25036168098449707,"{""2"": 0.25036168098449707, ""3"": 0.18414947390556335, ""4"": 0.20763474702835083, ""5"": 0.21165519952774048, ""6"": 0.1764162927865982, ""7"": 0.16437022387981415, ""8"": 0.17508980631828308}","[33528, 32008]",jpeg_color_clustering_bic,-1,5,7413,0.1131134033203125,8,3,9794,"{""1"": -124674.68803367227, ""2"": -136542.52245689888, ""3"": -212336.77085341292, ""4"": -270100.1116881807, ""5"": -295918.6249550005, ""6"": -313877.42567196436, ""7"": -319128.61673051794, ""8"": -326127.11158356897}","[27232, 20335, 10556, 2731, 1789, 1434, 881, 578]","[27232, 20335, 10556]","[3, 4, 5, 6, 7]","[2731, 1789, 1434, 881, 578]",bic,-326127.11158356897,ok
detexture_ade20k_multi,feature_cluster_coarse_global_pooled_predicted_k,training,52,training_ADE_train_00006480,detexture_multi_partition_v1,multi_partition_invariant,0.9506259680725362,0.9018367081609866,0.8422499261079802,2,8,2,1.0,0.777303094233474,88426,113760,25334,2,2,True,hungarian_iou_assignment,"[0.9542304924437134, 0.947021443701359]","[{""pred_label"": 0, ""gt_label"": 0, ""iou"": 0.9542304924437134}, {""pred_label"": 1, ""gt_label"": 1, ""iou"": 0.947021443701359}]",fpn_2,fpn_2,72x72,1,3,3,24x24,pooled_avg_pool_multi_way,False,False,False,silhouette,0.2575916051864624,"{""2"": 0.2575916051864624, ""3"": 0.23183462023735046, ""4"": 0.23490659892559052, ""5"": 0.21292395889759064, ""6"": 0.20755678415298462, ""7"": 0.21485191583633423, ""8"": 0.22088338434696198}","[60180, 53580]",jpeg_color_clustering_bic,-1,6,25334,0.222696905766526,8,2,8801,"{""1"": -229770.4028221648, ""2"": -254643.5166741917, ""3"": -459471.1374690055, ""4"": -534530.9705232404, ""5"": -555006.091519797, ""6"": -714266.1761071949, ""7"": -724296.4523980618, ""8"": -733373.63020599}","[46651, 41775, 12741, 7873, 3520, 621, 343, 236]","[46651, 41775]","[2, 3, 4, 5, 6, 7]","[12741, 7873, 3520, 621, 343, 236]",bic,-733373.63020599,ok
detexture_ade20k_multi,feature_cluster_coarse_global_pooled_predicted_k,training,53,training_ADE_train_00006481,detexture_multi_partition_v1,multi_partition_invariant,0.28783596402931744,0.5145059065185288,0.5648358018253488,4,8,8,0.0,0.9704444444444444,165946,171000,5054,8,4,True,hungarian_iou_assignment,"[0.9232147780534877, 0.315544794188862, 0.6229838130013513, 0.0, 0.0, 0.0, 0.44094432699083863, 0.0]","[{""pred_label"": 0, ""gt_label"": 1, ""iou"": 0.9232147780534877}, {""pred_label"": 1, ""gt_label"": 0, ""iou"": 0.315544794188862}, {""pred_label"": 2, ""gt_label"": 2, ""iou"": 0.6229838130013513}, {""pred_label"": 3, ""gt_label"": -1, ""iou"": 0.0}, {""pred_label"": 4, ""gt_label"": -1, ""iou"": 0.0}, {""pred_label"": 5, ""gt_label"": -1, ""iou"": 0.0}, {""pred_label"": 6, ""gt_label"": 3, ""iou"": 0.44094432699083863}, {""pred_label"": 7, ""gt_label"": -1, ""iou"": 0.0}]",fpn_2,fpn_2,72x72,1,3,3,24x24,pooled_avg_pool_multi_way,False,False,False,silhouette,0.27734312415122986,"{""2"": 0.19577667117118835, ""3"": 0.2501276433467865, ""4"": 0.2650594413280487, ""5"": 0.26427391171455383, ""6"": 0.2600078582763672, ""7"": 0.23303773999214172, ""8"": 0.27734312415122986}","[50523, 24902, 22650, 15977, 15848, 14811, 14013, 12276]",jpeg_color_clustering_bic,-1,4,5054,0.029555555555555557,8,4,8090,"{""1"": -360850.46872514795, ""2"": -389927.2191913204, ""3"": -506665.1132015607, ""4"": -713928.3183478791, ""5"": -1183565.9275086294, ""6"": -1207418.9536961084, ""7"": -1220362.1877422575, ""8"": -1234170.500816002}","[56686, 48052, 34327, 26881, 3065, 960, 602, 427]","[56686, 48052, 34327, 26881]","[4, 5, 6, 7]","[3065, 960, 602, 427]",bic,-1234170.500816002,ok
detexture_ade20k_multi,feature_cluster_coarse_global_pooled_predicted_k,training,54,training_ADE_train_00006484,detexture_multi_partition_v1,multi_partition_invariant,0.6274636636315375,0.34874715070160295,0.46356699235014115,3,8,3,1.0,0.8994191329179647,55433,61632,6199,3,3,True,hungarian_iou_assignment,"[0.5430145217826741, 0.5510765002290426, 0.788299968882896]","[{""pred_label"": 0, ""gt_label"": 1, ""iou"": 0.5430145217826741}, {""pred_label"": 1, ""gt_label"": 0, ""iou"": 0.5510765002290426}, {""pred_label"": 2, ""gt_label"": 2, ""iou"": 0.788299968882896}]",fpn_2,fpn_2,72x72,1,3,3,24x24,pooled_avg_pool_multi_way,False,False,False,silhouette,0.23858243227005005,"{""2"": 0.20972739160060883, ""3"": 0.23858243227005005, ""4"": 0.23087842762470245, ""5"": 0.22274237871170044, ""6"": 0.21669374406337738, ""7"": 0.20528572797775269, ""8"": 0.19640827178955078}","[30348, 17940, 13344]",jpeg_color_clustering_bic,-1,5,6199,0.1005808670820353,8,3,7113,"{""1"": -139763.31875308158, ""2"": -150041.62944181176, ""3"": -194772.66502633723, ""4"": -302519.3312379879, ""5"": -306937.70349031565, ""6"": -349900.35247369227, ""7"": -392906.97878788353, ""8"": -396620.66064594314}","[29980, 17728, 7725, 2105, 1897, 1019, 927, 251]","[29980, 17728, 7725]","[3, 4, 5, 6, 7]","[2105, 1897, 1019, 927, 251]",bic,-396620.66064594314,ok
detexture_ade20k_multi,feature_cluster_coarse_global_pooled_predicted_k,training,55,training_ADE_train_00006485,detexture_multi_partition_v1,multi_partition_invariant,0.2354069191160932,0.19265924341198765,0.279501832701837,3,8,4,0.0,0.9552747845736159,226595,237204,10609,4,3,True,hungarian_iou_assignment,"[0.15173101423586108, 0.38798383346106735, 0.4019128287674444, 0.0]","[{""pred_label"": 0, ""gt_label"": 2, ""iou"": 0.15173101423586108}, {""pred_label"": 1, ""gt_label"": 0, ""iou"": 0.38798383346106735}, {""pred_label"": 2, ""gt_label"": 1, ""iou"": 0.4019128287674444}, {""pred_label"": 3, ""gt_label"": -1, ""iou"": 0.0}]",fpn_2,fpn_2,72x72,1,3,3,24x24,pooled_avg_pool_multi_way,False,False,False,silhouette,0.25561803579330444,"{""2"": 0.21039336919784546, ""3"": 0.23347128927707672, ""4"": 0.25561803579330444, ""5"": 0.2496010959148407, ""6"": 0.23092323541641235, ""7"": 0.23288270831108093, ""8"": 0.234119713306427}","[75170, 62300, 50209, 49525]",jpeg_color_clustering_bic,-1,5,10609,0.04472521542638404,8,3,13819,"{""1"": -584451.938245002, ""2"": -644278.4047776205, ""3"": -818819.2713688529, ""4"": -841690.8344645135, ""5"": -851281.0291012964, ""6"": -1013857.4796847389, ""7"": -1039755.7050609129, ""8"": -1043690.4870180517}","[152022, 44890, 29683, 4617, 2423, 2410, 807, 352]","[152022, 44890, 29683]","[3, 4, 5, 6, 7]","[4617, 2423, 2410, 807, 352]",bic,-1043690.4870180517,ok
detexture_ade20k_multi,feature_cluster_coarse_global_pooled_predicted_k,training,56,training_ADE_train_00006487,detexture_multi_partition_v1,multi_partition_invariant,0.8439894174580476,0.7032625450829163,0.63197683902067,2,8,2,1.0,0.7948455810546875,52091,65536,13445,2,2,True,hungarian_iou_assignment,"[0.877074171797127, 0.8109046631189681]","[{""pred_label"": 0, ""gt_label"": 0, ""iou"": 0.877074171797127}, {""pred_label"": 1, ""gt_label"": 1, ""iou"": 0.8109046631189681}]",fpn_2,fpn_2,72x72,1,3,3,24x24,pooled_avg_pool_multi_way,False,False,False,silhouette,0.2402147501707077,"{""2"": 0.2402147501707077, ""3"": 0.1882234364748001, ""4"": 0.2062195986509323, ""5"": 0.21382278203964233, ""6"": 0.19772812724113464, ""7"": 0.20538121461868286, ""8"": 0.18656492233276367}","[40864, 24672]",jpeg_color_clustering_bic,-1,6,13445,0.2051544189453125,8,2,7095,"{""1"": -132701.9748179892, ""2"": -209495.3737959423, ""3"": -252312.75113226005, ""4"": -237289.9633862931, ""5"": -289449.77035376267, ""6"": -352633.475107194, ""7"": -398230.13660285564, ""8"": -404754.3005470809}","[33824, 18267, 5538, 3212, 2501, 1197, 787, 210]","[33824, 18267]","[2, 3, 4, 5, 6, 7]","[5538, 3212, 2501, 1197, 787, 210]",bic,-404754.3005470809,ok
detexture_ade20k_multi,feature_cluster_coarse_global_pooled_predicted_k,training,57,training_ADE_train_00006492,detexture_multi_partition_v1,multi_partition_invariant,0.16410525242053975,0.08350877263768583,0.1336451367747676,4,8,2,0.0,0.8984036006341789,344527,383488,38961,2,4,True,hungarian_iou_assignment,"[0.34788696869808744, 0.30853404098407156, 0.0, 0.0]","[{""pred_label"": 0, ""gt_label"": 0, ""iou"": 0.34788696869808744}, {""pred_label"": 1, ""gt_label"": 3, ""iou"": 0.30853404098407156}, {""pred_label"": -1, ""gt_label"": 1, ""iou"": 0.0}, {""pred_label"": -1, ""gt_label"": 2, ""iou"": 0.0}]",fpn_2,fpn_2,72x72,1,3,3,24x24,pooled_avg_pool_multi_way,False,False,False,silhouette,0.25069090723991394,"{""2"": 0.25069090723991394, ""3"": 0.20371751487255096, ""4"": 0.21634000539779663, ""5"": 0.2153300791978836, ""6"": 0.2059524804353714, ""7"": 0.18726107478141785, ""8"": 0.17266236245632172}","[199289, 184199]",jpeg_color_clustering_bic,-1,4,38961,0.1015963993658211,8,4,32036,"{""1"": -734073.8546450785, ""2"": -806927.2631360505, ""3"": -1039858.2277699648, ""4"": -1088193.8429622673, ""5"": -1204035.993953381, ""6"": -1500658.7212349323, ""7"": -1527105.055858699, ""8"": -1528824.7203282707}","[124072, 90034, 81473, 48948, 22826, 9268, 4896, 1971]","[124072, 90034, 81473, 48948]","[4, 5, 6, 7]","[22826, 9268, 4896, 1971]",bic,-1528824.7203282707,ok
detexture_ade20k_multi,feature_cluster_coarse_global_pooled_predicted_k,training,58,training_ADE_train_00006495,detexture_multi_partition_v1,multi_partition_invariant,0.26127681142388215,0.38371274766070756,0.44781356383492865,4,8,2,0.0,0.9243621826171875,60579,65536,4957,2,4,True,hungarian_iou_assignment,"[0.5994259288789666, 0.44568131681656203, 0.0, 0.0]","[{""pred_label"": 0, ""gt_label"": 0, ""iou"": 0.5994259288789666}, {""pred_label"": 1, ""gt_label"": 2, ""iou"": 0.44568131681656203}, {""pred_label"": -1, ""gt_label"": 1, ""iou"": 0.0}, {""pred_label"": -1, ""gt_label"": 3, ""iou"": 0.0}]",fpn_2,fpn_2,72x72,1,3,3,24x24,pooled_avg_pool_multi_way,False,False,False,silhouette,0.29265743494033813,"{""2"": 0.29265743494033813, ""3"": 0.2792559862136841, ""4"": 0.21280865371227264, ""5"": 0.27411705255508423, ""6"": 0.28061559796333313, ""7"": 0.27400362491607666, ""8"": 0.2643918991088867}","[34829, 30707]",jpeg_color_clustering_bic,-1,4,4957,0.0756378173828125,8,4,9478,"{""1"": -139363.72504002808, ""2"": -184962.96795130376, ""3"": -188103.21696612783, ""4"": -226474.20556063188, ""5"": -237955.0476429436, ""6"": -239427.69809417264, ""7"": -310097.93690757785, ""8"": -310243.7146430192}","[19036, 16434, 13132, 11977, 3374, 1416, 156, 11]","[19036, 16434, 13132, 11977]","[4, 5, 6, 7]","[3374, 1416, 156, 11]",bic,-310243.7146430192,ok
detexture_ade20k_multi,feature_cluster_coarse_global_pooled_predicted_k,training,59,training_ADE_train_00006497,detexture_multi_partition_v1,multi_partition_invariant,0.3720942929623046,0.2849513210159776,0.3553869604427726,3,8,2,0.0,0.8094635009765625,53049,65536,12487,2,3,True,hungarian_iou_assignment,"[0.5204273058884836, 0.5958555729984302, 0.0]","[{""pred_label"": 0, ""gt_label"": 1, ""iou"": 0.5204273058884836}, {""pred_label"": 1, ""gt_label"": 2, ""iou"": 0.5958555729984302}, {""pred_label"": -1, ""gt_label"": 0, ""iou"": 0.0}]",fpn_2,fpn_2,72x72,1,3,3,24x24,pooled_avg_pool_multi_way,False,False,False,silhouette,0.22880679368972778,"{""2"": 0.22880679368972778, ""3"": 0.19976310431957245, ""4"": 0.19277630746364594, ""5"": 0.19127599895000458, ""6"": 0.17110979557037354, ""7"": 0.17895600199699402, ""8"": 0.19828717410564423}","[48647, 16889]",jpeg_color_clustering_bic,-1,5,12487,0.1905364990234375,8,3,7625,"{""1"": -133661.47240623683, ""2"": -146555.71268169527, ""3"": -170342.03201384016, ""4"": -236278.57457350998, ""5"": -271768.9153706691, ""6"": -318769.66981513874, ""7"": -319986.304241584, ""8"": -331541.7544205214}","[22330, 21230, 9489, 5086, 4462, 1315, 1285, 339]","[22330, 21230, 9489]","[3, 4, 5, 6, 7]","[5086, 4462, 1315, 1285, 339]",bic,-331541.7544205214,ok
detexture_ade20k_multi,feature_cluster_coarse_global_pooled_predicted_k,training,60,training_ADE_train_00006499,detexture_multi_partition_v1,multi_partition_invariant,0.9639142704532719,0.9279248481618346,0.8678162747980673,2,8,2,1.0,0.77227783203125,50612,65536,14924,2,2,True,hungarian_iou_assignment,"[0.9650659948106645, 0.9627625460958794]","[{""pred_label"": 0, ""gt_label"": 0, ""iou"": 0.9650659948106645}, {""pred_label"": 1, ""gt_label"": 1, ""iou"": 0.9627625460958794}]",fpn_2,fpn_2,72x72,1,3,3,24x24,pooled_avg_pool_multi_way,False,False,False,silhouette,0.31321287155151367,"{""2"": 0.31321287155151367, ""3"": 0.23303788900375366, ""4"": 0.20051363110542297, ""5"": 0.2222612500190735, ""6"": 0.21904191374778748, ""7"": 0.22206774353981018, ""8"": 0.22344933450222015}","[33938, 31598]",jpeg_color_clustering_bic,-1,6,14924,0.22772216796875,8,2,8829,"{""1"": -139028.66364735793, ""2"": -158810.21139402443, ""3"": -213695.9463548094, ""4"": -226894.3534038063, ""5"": -393771.97233002295, ""6"": -410573.85998191393, ""7"": -424576.5708894232, ""8"": -443324.5065863153}","[26139, 24473, 5426, 4202, 2361, 1320, 820, 795]","[26139, 24473]","[2, 3, 4, 5, 6, 7]","[5426, 4202, 2361, 1320, 820, 795]",bic,-443324.5065863153,ok
detexture_ade20k_multi,feature_cluster_coarse_global_pooled_predicted_k,training,61,training_ADE_train_00006500,detexture_multi_partition_v1,multi_partition_invariant,0.3775698841154859,0.34874022580758157,0.38450038998457786,3,8,2,0.0,0.8533981555733761,119189,139664,20475,2,3,True,hungarian_iou_assignment,"[0.6655906330360563, 0.4671190193104014, 0.0]","[{""pred_label"": 0, ""gt_label"": 0, ""iou"": 0.6655906330360563}, {""pred_label"": 1, ""gt_label"": 2, ""iou"": 0.4671190193104014}, {""pred_label"": -1, ""gt_label"": 1, ""iou"": 0.0}]",fpn_2,fpn_2,72x72,1,3,3,24x24,pooled_avg_pool_multi_way,False,False,False,silhouette,0.2608949542045593,"{""2"": 0.2608949542045593, ""3"": 0.23587815463542938, ""4"": 0.18056146800518036, ""5"": 0.197727233171463, ""6"": 0.21991588175296783, ""7"": 0.23896953463554382, ""8"": 0.2196485847234726}","[80322, 59342]",jpeg_color_clustering_bic,-1,5,20475,0.14660184442662388,8,3,9236,"{""1"": -288876.0813500697, ""2"": -378971.9093957093, ""3"": -360527.9939467796, ""4"": -509841.7958844204, ""5"": -769887.1263834515, ""6"": -969351.1153455073, ""7"": -974277.268839763, ""8"": -1031990.6807982539}","[48669, 45041, 25479, 9695, 6860, 2169, 1422, 329]","[48669, 45041, 25479]","[3, 4, 5, 6, 7]","[9695, 6860, 2169, 1422, 329]",bic,-1031990.6807982539,ok
detexture_ade20k_multi,feature_cluster_coarse_global_pooled_predicted_k,training,62,training_ADE_train_00006503,detexture_multi_partition_v1,multi_partition_invariant,0.9098528507623517,0.861284009179288,0.8128663158194543,3,8,3,1.0,0.88653564453125,58100,65536,7436,3,3,True,hungarian_iou_assignment,"[0.9013649240278135, 0.9352797154340093, 0.8929139128252321]","[{""pred_label"": 0, ""gt_label"": 0, ""iou"": 0.9013649240278135}, {""pred_label"": 1, ""gt_label"": 1, ""iou"": 0.9352797154340093}, {""pred_label"": 2, ""gt_label"": 2, ""iou"": 0.8929139128252321}]",fpn_2,fpn_2,72x72,1,3,3,24x24,pooled_avg_pool_multi_way,False,False,False,silhouette,0.30936944484710693,"{""2"": 0.2954143285751343, ""3"": 0.30936944484710693, ""4"": 0.289959579706192, ""5"": 0.2986280024051666, ""6"": 0.2943057715892792, ""7"": 0.2034512609243393, ""8"": 0.21417434513568878}","[26724, 21799, 17013]",jpeg_color_clustering_bic,-1,5,7436,0.11346435546875,8,3,9424,"{""1"": -121131.67711236617, ""2"": -139193.01329643495, ""3"": -220942.00878188055, ""4"": -233357.26145829365, ""5"": -363865.62760585756, ""6"": -376220.8200303523, ""7"": -385463.47733244614, ""8"": -412331.92532596755}","[26332, 20912, 10856, 3459, 1718, 1039, 631, 589]","[26332, 20912, 10856]","[3, 4, 5, 6, 7]","[3459, 1718, 1039, 631, 589]",bic,-412331.92532596755,ok
detexture_ade20k_multi,feature_cluster_coarse_global_pooled_predicted_k,training,63,training_ADE_train_00006505,detexture_multi_partition_v1,multi_partition_invariant,0.8153331001818689,0.6442816591844066,0.5408923377388533,2,8,2,1.0,0.8024704391891891,212828,265216,52388,2,2,True,hungarian_iou_assignment,"[0.7841959049284906, 0.8464702954352473]","[{""pred_label"": 0, ""gt_label"": 1, ""iou"": 0.7841959049284906}, {""pred_label"": 1, ""gt_label"": 0, ""iou"": 0.8464702954352473}]",fpn_2,fpn_2,72x72,1,3,3,24x24,pooled_avg_pool_multi_way,False,False,False,silhouette,0.2482076734304428,"{""2"": 0.2482076734304428, ""3"": 0.2275836169719696, ""4"": 0.2174096256494522, ""5"": 0.20981694757938385, ""6"": 0.1742968112230301, ""7"": 0.17322766780853271, ""8"": 0.1852317750453949}","[137439, 127777]",jpeg_color_clustering_bic,-1,6,52388,0.1975295608108108,8,2,11628,"{""1"": -600740.9679885387, ""2"": -639251.8602681401, ""3"": -1070897.5839056885, ""4"": -1097792.486960913, ""5"": -1297253.2542371217, ""6"": -1703812.7025206406, ""7"": -1848624.831520576, ""8"": -1853884.466120386}","[131044, 81784, 22450, 21945, 4507, 1988, 1290, 208]","[131044, 81784]","[2, 3, 4, 5, 6, 7]","[22450, 21945, 4507, 1988, 1290, 208]",bic,-1853884.466120386,ok
detexture_ade20k_multi,feature_cluster_coarse_global_pooled_predicted_k,training,64,training_ADE_train_00006687,detexture_multi_partition_v1,multi_partition_invariant,0.6526592217622016,0.68264641212026,0.7333023203175061,3,8,4,0.0,0.9606781005859375,62959,65536,2577,4,3,True,hungarian_iou_assignment,"[0.7802255639097745, 0.9353230479013677, 0.0, 0.8950882752376641]","[{""pred_label"": 0, ""gt_label"": 0, ""iou"": 0.7802255639097745}, {""pred_label"": 1, ""gt_label"": 1, ""iou"": 0.9353230479013677}, {""pred_label"": 2, ""gt_label"": -1, ""iou"": 0.0}, {""pred_label"": 3, ""gt_label"": 2, ""iou"": 0.8950882752376641}]",fpn_2,fpn_2,72x72,1,3,3,24x24,pooled_avg_pool_multi_way,False,False,False,silhouette,0.4384191632270813,"{""2"": 0.40291282534599304, ""3"": 0.40180703997612, ""4"": 0.4384191632270813, ""5"": 0.38122180104255676, ""6"": 0.3191758394241333, ""7"": 0.30845320224761963, ""8"": 0.3005499541759491}","[31911, 14784, 10318, 8523]",jpeg_color_clustering_bic,-1,5,2577,0.0393218994140625,8,3,2237,"{""1"": -122715.60765696493, ""2"": -126535.71317431633, ""3"": -267578.3640186235, ""4"": -415076.4028625176, ""5"": -436140.92851909075, ""6"": -478431.4452559632, ""7"": -485014.6751188745, ""8"": -492607.80060775904}","[39826, 14762, 8371, 965, 785, 562, 135, 130]","[39826, 14762, 8371]","[3, 4, 5, 6, 7]","[965, 785, 562, 135, 130]",bic,-492607.80060775904,ok
detexture_ade20k_multi,feature_cluster_coarse_global_pooled_predicted_k,training,65,training_ADE_train_00006698,detexture_multi_partition_v1,multi_partition_invariant,0.4302954170267201,0.48696053849135074,0.6027613190380212,3,8,3,1.0,0.8882598876953125,58213,65536,7323,3,3,True,hungarian_iou_assignment,"[0.5890142082906108, 0.7018720427895495, 0.0]","[{""pred_label"": 0, ""gt_label"": 1, ""iou"": 0.5890142082906108}, {""pred_label"": 1, ""gt_label"": 0, ""iou"": 0.7018720427895495}, {""pred_label"": 2, ""gt_label"": 2, ""iou"": 0.0}]",fpn_2,fpn_2,72x72,1,3,3,24x24,pooled_avg_pool_multi_way,False,False,False,silhouette,0.348869651556015,"{""2"": 0.3371075987815857, ""3"": 0.348869651556015, ""4"": 0.3234773874282837, ""5"": 0.32637107372283936, ""6"": 0.2863195538520813, ""7"": 0.27673742175102234, ""8"": 0.2878108620643616}","[34549, 17895, 13092]",jpeg_color_clustering_bic,-1,5,7323,0.1117401123046875,8,3,4846,"{""1"": -108627.52432036608, ""2"": -136169.18620303337, ""3"": -235341.2340262063, ""4"": -409705.8404551179, ""5"": -426988.8238127187, ""6"": -456447.139556417, ""7"": -468036.3454661624, ""8"": -483822.61327985703}","[24222, 21262, 12729, 4854, 868, 728, 601, 272]","[24222, 21262, 12729]","[3, 4, 5, 6, 7]","[4854, 868, 728, 601, 272]",bic,-483822.61327985703,ok
detexture_ade20k_multi,feature_cluster_coarse_global_pooled_predicted_k,training,66,training_ADE_train_00006710,detexture_multi_partition_v1,multi_partition_invariant,0.4937327006212972,0.798775513114788,0.7039854432786361,3,8,2,0.0,0.8506317138671875,55747,65536,9789,2,3,True,hungarian_iou_assignment,"[0.9654867256637168, 0.5157113762001746, 0.0]","[{""pred_label"": 0, ""gt_label"": 0, ""iou"": 0.9654867256637168}, {""pred_label"": 1, ""gt_label"": 1, ""iou"": 0.5157113762001746}, {""pred_label"": -1, ""gt_label"": 2, ""iou"": 0.0}]",fpn_2,fpn_2,72x72,1,3,3,24x24,pooled_avg_pool_multi_way,False,False,False,silhouette,0.3186516761779785,"{""2"": 0.3186516761779785, ""3"": 0.30933094024658203, ""4"": 0.2973653972148895, ""5"": 0.21397963166236877, ""6"": 0.22942648828029633, ""7"": 0.2526538372039795, ""8"": 0.2487630844116211}","[36338, 29198]",jpeg_color_clustering_bic,-1,5,9789,0.1493682861328125,8,3,5290,"{""1"": -152837.9166234101, ""2"": -163942.93184258149, ""3"": -202689.65619072045, ""4"": -278028.6854116792, ""5"": -277792.93295770086, ""6"": -368974.8865121359, ""7"": -454975.808438134, ""8"": -458312.8265557986}","[35495, 11087, 9165, 5281, 2987, 990, 446, 85]","[35495, 11087, 9165]","[3, 4, 5, 6, 7]","[5281, 2987, 990, 446, 85]",bic,-458312.8265557986,ok
detexture_ade20k_multi,feature_cluster_coarse_global_pooled_predicted_k,training,67,training_ADE_train_00007260,detexture_multi_partition_v1,multi_partition_invariant,0.5706784511574453,0.6382021384057479,0.6752853014511213,4,8,4,1.0,0.9059125640556369,316794,349696,32902,4,4,True,hungarian_iou_assignment,"[0.5028158833892996, 0.9018944292360143, 0.8023478808799759, 0.07565561112449173]","[{""pred_label"": 0, ""gt_label"": 2, ""iou"": 0.5028158833892996}, {""pred_label"": 1, ""gt_label"": 0, ""iou"": 0.9018944292360143}, {""pred_label"": 2, ""gt_label"": 1, ""iou"": 0.8023478808799759}, {""pred_label"": 3, ""gt_label"": 3, ""iou"": 0.07565561112449173}]",fpn_2,fpn_2,72x72,1,3,3,24x24,pooled_avg_pool_multi_way,False,False,False,silhouette,0.3392774164676666,"{""2"": 0.33015018701553345, ""3"": 0.3292843699455261, ""4"": 0.3392774164676666, ""5"": 0.32792630791664124, ""6"": 0.3233870267868042, ""7"": 0.2630661725997925, ""8"": 0.24079343676567078}","[133808, 108978, 61414, 45496]",jpeg_color_clustering_bic,-1,4,32902,0.0940874359443631,8,4,16511,"{""1"": -707024.0267216627, ""2"": -741801.1003739401, ""3"": -1130224.8368169821, ""4"": -1177400.3721848263, ""5"": -1297217.9189887925, ""6"": -1458182.5693781925, ""7"": -2302182.6914150077, ""8"": -2352402.9637144036}","[118393, 71106, 69242, 58053, 21784, 6013, 3290, 1815]","[118393, 71106, 69242, 58053]","[4, 5, 6, 7]","[21784, 6013, 3290, 1815]",bic,-2352402.9637144036,ok
detexture_ade20k_multi,feature_cluster_coarse_global_pooled_predicted_k,training,68,training_ADE_train_00007290,detexture_multi_partition_v1,multi_partition_invariant,0.856240014119325,0.7586579679888111,0.7164607789314978,3,8,3,1.0,0.9755947136563876,77511,79450,1939,3,3,True,hungarian_iou_assignment,"[0.8401335311572701, 0.8108715184186882, 0.917714992782017]","[{""pred_label"": 0, ""gt_label"": 0, ""iou"": 0.8401335311572701}, {""pred_label"": 1, ""gt_label"": 1, ""iou"": 0.8108715184186882}, {""pred_label"": 2, ""gt_label"": 2, ""iou"": 0.917714992782017}]",fpn_2,fpn_2,72x72,1,3,3,24x24,pooled_avg_pool_multi_way,False,False,False,silhouette,0.3034707307815552,"{""2"": 0.2571765184402466, ""3"": 0.3034707307815552, ""4"": 0.28694021701812744, ""5"": 0.27859508991241455, ""6"": 0.28397485613822937, ""7"": 0.28544220328330994, ""8"": 0.26129424571990967}","[35945, 23608, 19897]",jpeg_color_clustering_bic,-1,5,1939,0.024405286343612335,8,3,4762,"{""1"": -178887.67814300588, ""2"": -283233.78952908877, ""3"": -457188.8547949027, ""4"": -507911.58587006124, ""5"": -542372.8363558842, ""6"": -568363.7020159318, ""7"": -568844.1977458815, ""8"": -571314.1697484343}","[34243, 25188, 18080, 914, 730, 174, 118, 3]","[34243, 25188, 18080]","[3, 4, 5, 6, 7]","[914, 730, 174, 118, 3]",bic,-571314.1697484343,ok
detexture_ade20k_multi,feature_cluster_coarse_global_pooled_predicted_k,training,69,training_ADE_train_00007291,detexture_multi_partition_v1,multi_partition_invariant,0.44367795543178146,0.7949266952755876,0.7655895478308984,2,8,4,0.0,0.7634359605911331,61991,81200,19209,4,2,True,hungarian_iou_assignment,"[0.9870073624945864, 0.7877044592325393, 0.0, 0.0]","[{""pred_label"": 0, ""gt_label"": 1, ""iou"": 0.9870073624945864}, {""pred_label"": 1, ""gt_label"": 0, ""iou"": 0.7877044592325393}, {""pred_label"": 2, ""gt_label"": -1, ""iou"": 0.0}, {""pred_label"": 3, ""gt_label"": -1, ""iou"": 0.0}]",fpn_2,fpn_2,72x72,1,3,3,24x24,pooled_avg_pool_multi_way,False,False,False,silhouette,0.3466581702232361,"{""2"": 0.3355565071105957, ""3"": 0.33999568223953247, ""4"": 0.3466581702232361, ""5"": 0.28055673837661743, ""6"": 0.3037778437137604, ""7"": 0.29768699407577515, ""8"": 0.3053320348262787}","[30707, 26393, 17560, 6540]",jpeg_color_clustering_bic,-1,6,19209,0.236564039408867,8,2,6934,"{""1"": -133588.57711232614, ""2"": -173039.96695230034, ""3"": -343059.8407041499, ""4"": -421282.52373843803, ""5"": -455117.3949986618, ""6"": -548160.8466885801, ""7"": -560241.409748246, ""8"": -560806.8172056436}","[32158, 29833, 7644, 7104, 3494, 499, 464, 4]","[32158, 29833]","[2, 3, 4, 5, 6, 7]","[7644, 7104, 3494, 499, 464, 4]",bic,-560806.8172056436,ok
detexture_ade20k_multi,feature_cluster_coarse_global_pooled_predicted_k,training,70,training_ADE_train_00007293,detexture_multi_partition_v1,multi_partition_invariant,0.46621381705868087,0.4656903872550719,0.5472890565745839,3,8,2,0.0,0.9379166666666666,72032,76800,4768,2,3,True,hungarian_iou_assignment,"[0.5358907698108715, 0.8627506813651711, 0.0]","[{""pred_label"": 0, ""gt_label"": 0, ""iou"": 0.5358907698108715}, {""pred_label"": 1, ""gt_label"": 1, ""iou"": 0.8627506813651711}, {""pred_label"": -1, ""gt_label"": 2, ""iou"": 0.0}]",fpn_2,fpn_2,72x72,1,3,3,24x24,pooled_avg_pool_multi_way,False,False,False,silhouette,0.2855156362056732,"{""2"": 0.2855156362056732, ""3"": 0.2753063440322876, ""4"": 0.2659047544002533, ""5"": 0.2629548907279968, ""6"": 0.2544247508049011, ""7"": 0.24171236157417297, ""8"": 0.24549071490764618}","[48530, 28270]",jpeg_color_clustering_bic,-1,5,4768,0.06208333333333333,8,3,8842,"{""1"": -164058.94895160434, ""2"": -200353.14564613273, ""3"": -237749.69436943234, ""4"": -223790.43947638586, ""5"": -411874.82686663076, ""6"": -435019.300530326, ""7"": -446111.138492867, ""8"": -465438.87794726394}","[29833, 21319, 20880, 1338, 1139, 1081, 674, 536]","[29833, 21319, 20880]","[3, 4, 5, 6, 7]","[1338, 1139, 1081, 674, 536]",bic,-465438.87794726394,ok
detexture_ade20k_multi,feature_cluster_coarse_global_pooled_predicted_k,training,71,training_ADE_train_00007294,detexture_multi_partition_v1,multi_partition_invariant,0.6436005195925932,0.831285633941884,0.75728640263415,3,8,4,0.0,0.8883851851851852,59966,67500,7534,4,3,True,hungarian_iou_assignment,"[0.8911367307974739, 0.9208837015423093, 0.76238164603059, 0.0]","[{""pred_label"": 0, ""gt_label"": 0, ""iou"": 0.8911367307974739}, {""pred_label"": 1, ""gt_label"": 1, ""iou"": 0.9208837015423093}, {""pred_label"": 2, ""gt_label"": 2, ""iou"": 0.76238164603059}, {""pred_label"": 3, ""gt_label"": -1, ""iou"": 0.0}]",fpn_2,fpn_2,72x72,1,3,3,24x24,pooled_avg_pool_multi_way,False,False,False,silhouette,0.36743226647377014,"{""2"": 0.3135679066181183, ""3"": 0.3464512228965759, ""4"": 0.36743226647377014, ""5"": 0.35190069675445557, ""6"": 0.3225218951702118, ""7"": 0.3115047812461853, ""8"": 0.2982062101364136}","[26132, 23445, 11139, 6784]",jpeg_color_clustering_bic,-1,5,7534,0.11161481481481482,8,3,7561,"{""1"": -120955.09481681614, ""2"": -133018.70199307974, ""3"": -209609.8548922891, ""4"": -254831.54546168953, ""5"": -339834.15771825565, ""6"": -374131.8920560507, ""7"": -379872.32001143077, ""8"": -424165.9200112861}","[27073, 22873, 10020, 2606, 1949, 1593, 914, 472]","[27073, 22873, 10020]","[3, 4, 5, 6, 7]","[2606, 1949, 1593, 914, 472]",bic,-424165.9200112861,ok
detexture_ade20k_multi,feature_cluster_coarse_global_pooled_predicted_k,training,72,training_ADE_train_00007295,detexture_multi_partition_v1,multi_partition_invariant,0.648461500640105,0.939478834119761,0.8957766133759648,2,8,3,0.0,0.758984375,48575,64000,15425,3,2,True,hungarian_iou_assignment,"[0.9589302069976187, 0.9864542949226961, 0.0]","[{""pred_label"": 0, ""gt_label"": 0, ""iou"": 0.9589302069976187}, {""pred_label"": 1, ""gt_label"": 1, ""iou"": 0.9864542949226961}, {""pred_label"": 2, ""gt_label"": -1, ""iou"": 0.0}]",fpn_2,fpn_2,72x72,1,3,3,24x24,pooled_avg_pool_multi_way,False,False,False,silhouette,0.33246809244155884,"{""2"": 0.2864377796649933, ""3"": 0.33246809244155884, ""4"": 0.3070782423019409, ""5"": 0.29971691966056824, ""6"": 0.24701327085494995, ""7"": 0.2393132895231247, ""8"": 0.21356219053268433}","[27466, 26986, 9548]",jpeg_color_clustering_bic,-1,6,15425,0.241015625,8,2,5231,"{""1"": -99490.66356897086, ""2"": -126089.9891352291, ""3"": -141951.41801119066, ""4"": -378378.66832997964, ""5"": -390722.983795609, ""6"": -414979.9846870029, ""7"": -449900.0723963211, ""8"": -456521.7671100845}","[27253, 21322, 7556, 5396, 1073, 598, 539, 263]","[27253, 21322]","[2, 3, 4, 5, 6, 7]","[7556, 5396, 1073, 598, 539, 263]",bic,-456521.7671100845,ok
detexture_ade20k_multi,feature_cluster_coarse_global_pooled_predicted_k,training,73,training_ADE_train_00007296,detexture_multi_partition_v1,multi_partition_invariant,0.3486171267357428,0.37326470443971044,0.5300587830123474,4,8,2,0.0,0.7776523135601726,61982,79704,17722,2,4,True,hungarian_iou_assignment,"[0.47313964643003975, 0.9213288605129315, 0.0, 0.0]","[{""pred_label"": 0, ""gt_label"": 0, ""iou"": 0.47313964643003975}, {""pred_label"": 1, ""gt_label"": 1, ""iou"": 0.9213288605129315}, {""pred_label"": -1, ""gt_label"": 2, ""iou"": 0.0}, {""pred_label"": -1, ""gt_label"": 3, ""iou"": 0.0}]",fpn_2,fpn_2,72x72,1,3,3,24x24,pooled_avg_pool_multi_way,False,False,False,silhouette,0.3001890778541565,"{""2"": 0.3001890778541565, ""3"": 0.2503708004951477, ""4"": 0.2657264471054077, ""5"": 0.2713894844055176, ""6"": 0.26716309785842896, ""7"": 0.2145865559577942, ""8"": 0.21553093194961548}","[60540, 19164]",jpeg_color_clustering_bic,-1,4,17722,0.22234768643982736,8,4,8888,"{""1"": -132567.31316276657, ""2"": -160752.64656853492, ""3"": -210779.90764947404, ""4"": -243677.94911056326, ""5"": -281532.26365821675, ""6"": -346995.8730243639, ""7"": -420571.99017959624, ""8"": -420826.6613874192}","[20715, 17310, 12321, 11636, 6527, 6054, 5053, 88]","[20715, 17310, 12321, 11636]","[4, 5, 6, 7]","[6527, 6054, 5053, 88]",bic,-420826.6613874192,ok
detexture_ade20k_multi,feature_cluster_coarse_global_pooled_predicted_k,training,74,training_ADE_train_00007298,detexture_multi_partition_v1,multi_partition_invariant,0.4645900983400636,0.6800851377000908,0.7024852914609868,3,8,5,0.0,0.8843515917602996,75559,85440,9881,5,3,True,hungarian_iou_assignment,"[0.9416478241897734, 0.6285662694113399, 0.7527363980992045, 0.0, 0.0]","[{""pred_label"": 0, ""gt_label"": 1, ""iou"": 0.9416478241897734}, {""pred_label"": 1, ""gt_label"": 0, ""iou"": 0.6285662694113399}, {""pred_label"": 2, ""gt_label"": 2, ""iou"": 0.7527363980992045}, {""pred_label"": 3, ""gt_label"": -1, ""iou"": 0.0}, {""pred_label"": 4, ""gt_label"": -1, ""iou"": 0.0}]",fpn_2,fpn_2,72x72,1,3,3,24x24,pooled_avg_pool_multi_way,False,False,False,silhouette,0.3037300705909729,"{""2"": 0.21232271194458008, ""3"": 0.30361461639404297, ""4"": 0.2905908524990082, ""5"": 0.3037300705909729, ""6"": 0.30313846468925476, ""7"": 0.29117050766944885, ""8"": 0.274283766746521}","[24760, 22600, 16880, 11430, 9770]",jpeg_color_clustering_bic,-1,5,9881,0.11564840823970038,8,3,10401,"{""1"": -177245.27009923826, ""2"": -268025.99986957357, ""3"": -222832.46891949553, ""4"": -311690.04268164677, ""5"": -409897.65206719015, ""6"": -462137.9945920041, ""7"": -440037.8690440983, ""8"": -490408.60862088273}","[32344, 24997, 18218, 4119, 2098, 2013, 1179, 472]","[32344, 24997, 18218]","[3, 4, 5, 6, 7]","[4119, 2098, 2013, 1179, 472]",bic,-490408.60862088273,ok
detexture_ade20k_multi,feature_cluster_coarse_global_pooled_predicted_k,training,75,training_ADE_train_00007299,detexture_multi_partition_v1,multi_partition_invariant,0.4591544439457742,0.824076153188466,0.7794801372638525,2,8,4,0.0,0.7681300329428989,268612,349696,81084,4,2,True,hungarian_iou_assignment,"[0.875664958875606, 0.9609528169074908, 0.0, 0.0]","[{""pred_label"": 0, ""gt_label"": 0, ""iou"": 0.875664958875606}, {""pred_label"": 1, ""gt_label"": 1, ""iou"": 0.9609528169074908}, {""pred_label"": 2, ""gt_label"": -1, ""iou"": 0.0}, {""pred_label"": 3, ""gt_label"": -1, ""iou"": 0.0}]",fpn_2,fpn_2,72x72,1,3,3,24x24,pooled_avg_pool_multi_way,False,False,False,silhouette,0.3462170660495758,"{""2"": 0.3010331094264984, ""3"": 0.33127301931381226, ""4"": 0.3462170660495758, ""5"": 0.3131266236305237, ""6"": 0.2504764795303345, ""7"": 0.26693058013916016, ""8"": 0.26766446232795715}","[138183, 112026, 52637, 46850]",jpeg_color_clustering_bic,-1,6,81084,0.23186996705710103,8,2,10651,"{""1"": -615889.903951762, ""2"": -632844.7160314302, ""3"": -1305605.878304671, ""4"": -1777624.7045348424, ""5"": -2309422.9853708916, ""6"": -1845104.1913234887, ""7"": -2365490.3230767697, ""8"": -2513796.331934743}","[152829, 115783, 37565, 34979, 3554, 2937, 1085, 964]","[152829, 115783]","[2, 3, 4, 5, 6, 7]","[37565, 34979, 3554, 2937, 1085, 964]",bic,-2513796.331934743,ok
detexture_ade20k_multi,feature_cluster_coarse_global_pooled_predicted_k,training,76,training_ADE_train_00007300,detexture_multi_partition_v1,multi_partition_invariant,0.2048348602130317,0.30902562288292595,0.48087452998401237,3,8,8,0.0,0.9447974461488251,370542,392192,21650,8,3,True,hungarian_iou_assignment,"[0.3936337901306054, 0.0, 0.41725644186719024, 0.8277886497064579, 0.0, 0.0, 0.0, 0.0]","[{""pred_label"": 0, ""gt_label"": 0, ""iou"": 0.3936337901306054}, {""pred_label"": 1, ""gt_label"": -1, ""iou"": 0.0}, {""pred_label"": 2, ""gt_label"": 1, ""iou"": 0.41725644186719024}, {""pred_label"": 3, ""gt_label"": 2, ""iou"": 0.8277886497064579}, {""pred_label"": 4, ""gt_label"": -1, ""iou"": 0.0}, {""pred_label"": 5, ""gt_label"": -1, ""iou"": 0.0}, {""pred_label"": 6, ""gt_label"": -1, ""iou"": 0.0}, {""pred_label"": 7, ""gt_label"": -1, ""iou"": 0.0}]",fpn_2,fpn_2,72x72,1,3,3,24x24,pooled_avg_pool_multi_way,False,False,False,silhouette,0.21423619985580444,"{""2"": 0.19935844838619232, ""3"": 0.18331500887870789, ""4"": 0.20150986313819885, ""5"": 0.20864418148994446, ""6"": 0.2035033404827118, ""7"": 0.21333959698677063, ""8"": 0.21423619985580444}","[74229, 67968, 59274, 55019, 44907, 40971, 37472, 12352]",jpeg_color_clustering_bic,-1,5,21650,0.05520255385117494,8,3,8564,"{""1"": -1032266.2039547241, ""2"": -1167283.705861667, ""3"": -1617575.3357974158, ""4"": -1848084.1713811269, ""5"": -1849039.9686513387, ""6"": -2969288.2232529665, ""7"": -3138050.886831088, ""8"": -3158406.3832760127}","[185947, 128324, 56271, 8414, 8171, 3987, 906, 172]","[185947, 128324, 56271]","[3, 4, 5, 6, 7]","[8414, 8171, 3987, 906, 172]",bic,-3158406.3832760127,ok
detexture_ade20k_multi,feature_cluster_coarse_global_pooled_predicted_k,training,77,training_ADE_train_00007301,detexture_multi_partition_v1,multi_partition_invariant,0.514639281696737,0.6360374856929336,0.6398270445466894,4,8,3,0.0,0.9037,36148,40000,3852,3,4,True,hungarian_iou_assignment,"[0.48193548387096774, 0.8757380386834068, 0.7008836042325733, 0.0]","[{""pred_label"": 0, ""gt_label"": 3, ""iou"": 0.48193548387096774}, {""pred_label"": 1, ""gt_label"": 0, ""iou"": 0.8757380386834068}, {""pred_label"": 2, ""gt_label"": 2, ""iou"": 0.7008836042325733}, {""pred_label"": -1, ""gt_label"": 1, ""iou"": 0.0}]",fpn_2,fpn_2,72x72,1,3,3,24x24,pooled_avg_pool_multi_way,False,False,False,silhouette,0.34826773405075073,"{""2"": 0.31495487689971924, ""3"": 0.34826773405075073, ""4"": 0.2990090250968933, ""5"": 0.3034079968929291, ""6"": 0.322756290435791, ""7"": 0.3127579689025879, ""8"": 0.28346964716911316}","[15733, 14300, 9967]",jpeg_color_clustering_bic,-1,4,3852,0.0963,8,4,5771,"{""1"": -80603.59811353961, ""2"": -84513.50703275869, ""3"": -130573.04491548093, ""4"": -156695.22903492142, ""5"": -170587.37500150452, ""6"": -227187.9777157844, ""7"": -230377.25651412172, ""8"": -230996.35482616271}","[13857, 8392, 7176, 6723, 2978, 531, 253, 90]","[13857, 8392, 7176, 6723]","[4, 5, 6, 7]","[2978, 531, 253, 90]",bic,-230996.35482616271,ok
detexture_ade20k_multi,feature_cluster_coarse_global_pooled_predicted_k,training,78,training_ADE_train_00007462,detexture_multi_partition_v1,multi_partition_invariant,0.5406996632324702,0.7172538524861373,0.7145357019559069,3,8,2,0.0,0.9700651041666667,74501,76800,2299,2,3,True,hungarian_iou_assignment,"[0.9606697074809494, 0.6614292822164611, 0.0]","[{""pred_label"": 0, ""gt_label"": 0, ""iou"": 0.9606697074809494}, {""pred_label"": 1, ""gt_label"": 1, ""iou"": 0.6614292822164611}, {""pred_label"": -1, ""gt_label"": 2, ""iou"": 0.0}]",fpn_2,fpn_2,72x72,1,3,3,24x24,pooled_avg_pool_multi_way,False,False,False,silhouette,0.32280513644218445,"{""2"": 0.32280513644218445, ""3"": 0.3217536211013794, ""4"": 0.25178655982017517, ""5"": 0.2526686489582062, ""6"": 0.28413188457489014, ""7"": 0.29262030124664307, ""8"": 0.28862106800079346}","[38400, 38400]",jpeg_color_clustering_bic,-1,5,2299,0.029934895833333332,8,3,3799,"{""1"": -221960.47913248377, ""2"": -236183.91706508063, ""3"": -310230.76753752085, ""4"": -248759.5638180267, ""5"": -343110.6934639459, ""6"": -343279.6294833575, ""7"": -538196.240377988, ""8"": -538561.2012844079}","[35208, 25522, 13771, 1313, 771, 170, 25, 20]","[35208, 25522, 13771]","[3, 4, 5, 6, 7]","[1313, 771, 170, 25, 20]",bic,-538561.2012844079,ok
detexture_ade20k_multi,feature_cluster_coarse_global_pooled_predicted_k,training,79,training_ADE_train_00007466,detexture_multi_partition_v1,multi_partition_invariant,0.23318978022920148,0.4151695734873145,0.49650376863461265,5,8,3,0.0,0.9359294885961811,677583,723968,46385,3,5,True,hungarian_iou_assignment,"[0.6707075600571208, 0.4234897173258369, 0.07175162376304961, 0.0, 0.0]","[{""pred_label"": 0, ""gt_label"": 0, ""iou"": 0.6707075600571208}, {""pred_label"": 1, ""gt_label"": 1, ""iou"": 0.4234897173258369}, {""pred_label"": 2, ""gt_label"": 4, ""iou"": 0.07175162376304961}, {""pred_label"": -1, ""gt_label"": 2, ""iou"": 0.0}, {""pred_label"": -1, ""gt_label"": 3, ""iou"": 0.0}]",fpn_2,fpn_2,72x72,1,3,3,24x24,pooled_avg_pool_multi_way,False,False,False,silhouette,0.29912978410720825,"{""2"": 0.2724607288837433, ""3"": 0.29912978410720825, ""4"": 0.28445807099342346, ""5"": 0.2785538136959076, ""6"": 0.25985294580459595, ""7"": 0.2840614318847656, ""8"": 0.2886490523815155}","[330923, 318823, 74222]",jpeg_color_clustering_bic,-1,3,46385,0.06407051140381895,8,5,12855,"{""1"": -1608311.3949780783, ""2"": -1889968.8951090716, ""3"": -2101625.397745436, ""4"": -2421059.749498596, ""5"": -2927151.769241692, ""6"": -3249959.054258224, ""7"": -4254814.014735084, ""8"": -4263455.243535241}","[268259, 133830, 98064, 90239, 87191, 30051, 14815, 1519]","[268259, 133830, 98064, 90239, 87191]","[5, 6, 7]","[30051, 14815, 1519]",bic,-4263455.243535241,ok
detexture_ade20k_multi,feature_cluster_coarse_global_pooled_predicted_k,training,80,training_ADE_train_00007480,detexture_multi_partition_v1,multi_partition_invariant,0.6479524011168395,0.9423056355596506,0.8990204450599625,2,8,3,0.0,0.8916593245227606,60722,68100,7378,3,2,True,hungarian_iou_assignment,"[0.9714679531357684, 0.9723892502147503, 0.0]","[{""pred_label"": 0, ""gt_label"": 0, ""iou"": 0.9714679531357684}, {""pred_label"": 1, ""gt_label"": 1, ""iou"": 0.9723892502147503}, {""pred_label"": 2, ""gt_label"": -1, ""iou"": 0.0}]",fpn_2,fpn_2,72x72,1,3,3,24x24,pooled_avg_pool_multi_way,False,False,False,silhouette,0.38488006591796875,"{""2"": 0.3546340763568878, ""3"": 0.38488006591796875, ""4"": 0.3033919036388397, ""5"": 0.2711540758609772, ""6"": 0.2867627739906311, ""7"": 0.23827150464057922, ""8"": 0.27200305461883545}","[36042, 24034, 8024]",jpeg_color_clustering_bic,-1,6,7378,0.10834067547723936,8,2,3261,"{""1"": -113711.34068438986, ""2"": -116036.14541302162, ""3"": -303340.98226535745, ""4"": -453329.37744499213, ""5"": -475266.16500798933, ""6"": -505072.00989030383, ""7"": -528764.9415041464, ""8"": -535847.6334323636}","[36275, 24447, 5078, 725, 581, 474, 357, 163]","[36275, 24447]","[2, 3, 4, 5, 6, 7]","[5078, 725, 581, 474, 357, 163]",bic,-535847.6334323636,ok
detexture_ade20k_multi,feature_cluster_coarse_global_pooled_predicted_k,training,81,training_ADE_train_00007640,detexture_multi_partition_v1,multi_partition_invariant,0.9421905137173147,0.9200268653797905,0.8825853515089606,3,8,3,1.0,0.9319386814200092,48513,52056,3543,3,3,True,hungarian_iou_assignment,"[0.9447153609668186, 0.9781661958568738, 0.9036899843282519]","[{""pred_label"": 0, ""gt_label"": 0, ""iou"": 0.9447153609668186}, {""pred_label"": 1, ""gt_label"": 1, ""iou"": 0.9781661958568738}, {""pred_label"": 2, ""gt_label"": 2, ""iou"": 0.9036899843282519}]",fpn_2,fpn_2,72x72,1,3,3,24x24,pooled_avg_pool_multi_way,False,False,False,silhouette,0.3744538724422455,"{""2"": 0.37213870882987976, ""3"": 0.3744538724422455, ""4"": 0.3709248900413513, ""5"": 0.3022768795490265, ""6"": 0.3269515037536621, ""7"": 0.3216298222541809, ""8"": 0.3355414867401123}","[19539, 17352, 15165]",jpeg_color_clustering_bic,-1,5,3543,0.06806131857999077,8,3,3455,"{""1"": -109689.2347127325, ""2"": -112478.30138853157, ""3"": -207127.29264048647, ""4"": -260477.78212708232, ""5"": -362372.51158779184, ""6"": -374518.23444955074, ""7"": -386164.02740752645, ""8"": -393781.1882643386}","[18012, 16673, 13828, 2280, 395, 326, 282, 260]","[18012, 16673, 13828]","[3, 4, 5, 6, 7]","[2280, 395, 326, 282, 260]",bic,-393781.1882643386,ok
detexture_ade20k_multi,feature_cluster_coarse_global_pooled_predicted_k,training,82,training_ADE_train_00007642,detexture_multi_partition_v1,multi_partition_invariant,0.9892749886641977,0.9791058161947699,0.9572020205260898,2,8,2,1.0,0.7988085106382978,37544,47000,9456,2,2,True,hungarian_iou_assignment,"[0.991024648047747, 0.9875253292806484]","[{""pred_label"": 0, ""gt_label"": 0, ""iou"": 0.991024648047747}, {""pred_label"": 1, ""gt_label"": 1, ""iou"": 0.9875253292806484}]",fpn_2,fpn_2,72x72,1,3,3,24x24,pooled_avg_pool_multi_way,False,False,False,silhouette,0.40626978874206543,"{""2"": 0.40626978874206543, ""3"": 0.36739394068717957, ""4"": 0.34473344683647156, ""5"": 0.32454192638397217, ""6"": 0.3158854842185974, ""7"": 0.29496365785598755, ""8"": 0.29833367466926575}","[30640, 16360]",jpeg_color_clustering_bic,-1,6,9456,0.2011914893617021,8,2,3562,"{""1"": -99557.13751350499, ""2"": -101193.15086734359, ""3"": -185890.32461929266, ""4"": -246648.17355025193, ""5"": -253827.54797945125, ""6"": -257520.56529713143, ""7"": -335723.0175697514, ""8"": -345866.8668807478}","[21752, 15792, 4351, 3874, 477, 267, 251, 236]","[21752, 15792]","[2, 3, 4, 5, 6, 7]","[4351, 3874, 477, 267, 251, 236]",bic,-345866.8668807478,ok
detexture_ade20k_multi,feature_cluster_coarse_global_pooled_predicted_k,training,83,training_ADE_train_00007645,detexture_multi_partition_v1,multi_partition_invariant,0.4999813040263675,0.5703025394827036,0.5342689963018905,3,8,2,0.0,0.8835359855417276,308969,349696,40727,2,3,True,hungarian_iou_assignment,"[0.6687549320209388, 0.8311889800581637, 0.0]","[{""pred_label"": 0, ""gt_label"": 1, ""iou"": 0.6687549320209388}, {""pred_label"": 1, ""gt_label"": 0, ""iou"": 0.8311889800581637}, {""pred_label"": -1, ""gt_label"": 2, ""iou"": 0.0}]",fpn_2,fpn_2,72x72,1,3,3,24x24,pooled_avg_pool_multi_way,False,False,False,silhouette,0.32533353567123413,"{""2"": 0.32533353567123413, ""3"": 0.2869490385055542, ""4"": 0.2975926995277405, ""5"": 0.30967584252357483, ""6"": 0.2579041123390198, ""7"": 0.25797852873802185, ""8"": 0.2157142460346222}","[192123, 157573]",jpeg_color_clustering_bic,-1,5,40727,0.11646401445827233,8,3,10836,"{""1"": -660255.9925152113, ""2"": -681819.4816765594, ""3"": -1305791.9439585446, ""4"": -1702585.8878599945, ""5"": -1707735.1887134556, ""6"": -1709877.9826335378, ""7"": -2353070.46133698, ""8"": -2359929.8016117197}","[128043, 122104, 58822, 35166, 3564, 1019, 615, 363]","[128043, 122104, 58822]","[3, 4, 5, 6, 7]","[35166, 3564, 1019, 615, 363]",bic,-2359929.8016117197,ok
detexture_ade20k_multi,feature_cluster_coarse_global_pooled_predicted_k,training,84,training_ADE_train_00007646,detexture_multi_partition_v1,multi_partition_invariant,0.6217540693634369,0.7168251133241507,0.6877826559976192,3,8,4,0.0,0.7950680272108843,74800,94080,19280,4,3,True,hungarian_iou_assignment,"[0.7833713383616909, 0.8248217784633343, 0.8788231606287225, 0.0]","[{""pred_label"": 0, ""gt_label"": 0, ""iou"": 0.7833713383616909}, {""pred_label"": 1, ""gt_label"": 1, ""iou"": 0.8248217784633343}, {""pred_label"": 2, ""gt_label"": 2, ""iou"": 0.8788231606287225}, {""pred_label"": 3, ""gt_label"": -1, ""iou"": 0.0}]",fpn_2,fpn_2,72x72,1,3,3,24x24,pooled_avg_pool_multi_way,False,False,False,silhouette,0.29559531807899475,"{""2"": 0.23828744888305664, ""3"": 0.25855574011802673, ""4"": 0.29559531807899475, ""5"": 0.28968292474746704, ""6"": 0.2768856883049011, ""7"": 0.2708331346511841, ""8"": 0.27882516384124756}","[28249, 23693, 23730, 18408]",jpeg_color_clustering_bic,-1,5,19280,0.20493197278911565,8,3,7236,"{""1"": -181904.45406245903, ""2"": -190345.66182928518, ""3"": -233152.02836615348, ""4"": -411040.6633687633, ""5"": -466523.2471963061, ""6"": -363952.5983796501, ""7"": -364329.17894554645, ""8"": -645804.1672924012}","[33598, 21530, 19672, 8862, 8268, 1384, 466, 300]","[33598, 21530, 19672]","[3, 4, 5, 6, 7]","[8862, 8268, 1384, 466, 300]",bic,-645804.1672924012,ok
detexture_ade20k_multi,feature_cluster_coarse_global_pooled_predicted_k,training,85,training_ADE_train_00007647,detexture_multi_partition_v1,multi_partition_invariant,0.8346241840502031,0.7041321697111388,0.6117634588968096,2,8,2,1.0,0.7762485129941434,271451,349696,78245,2,2,True,hungarian_iou_assignment,"[0.8907048372785591, 0.778543530821847]","[{""pred_label"": 0, ""gt_label"": 0, ""iou"": 0.8907048372785591}, {""pred_label"": 1, ""gt_label"": 1, ""iou"": 0.778543530821847}]",fpn_2,fpn_2,72x72,1,3,3,24x24,pooled_avg_pool_multi_way,False,False,False,silhouette,0.24556715786457062,"{""2"": 0.24556715786457062, ""3"": 0.230667382478714, ""4"": 0.19536858797073364, ""5"": 0.22454208135604858, ""6"": 0.222000852227211, ""7"": 0.22234638035297394, ""8"": 0.222512885928154}","[210973, 138723]",jpeg_color_clustering_bic,-1,6,78245,0.2237514870058565,8,2,15050,"{""1"": -844164.409509676, ""2"": -905579.3193011931, ""3"": -1187561.0998927916, ""4"": -1536648.5220610762, ""5"": -1838430.5452888876, ""6"": -1851746.01053353, ""7"": -2457354.1656089304, ""8"": -2491975.151002064}","[194177, 77274, 34623, 21547, 12342, 5230, 3608, 895]","[194177, 77274]","[2, 3, 4, 5, 6, 7]","[34623, 21547, 12342, 5230, 3608, 895]",bic,-2491975.151002064,ok
detexture_ade20k_multi,feature_cluster_coarse_global_pooled_predicted_k,training,86,training_ADE_train_00007651,detexture_multi_partition_v1,multi_partition_invariant,0.6240002807096136,0.6376578403914305,0.6872197761111105,3,8,4,0.0,0.8750257366398243,305993,349696,43703,4,3,True,hungarian_iou_assignment,"[0.7025169131980278, 0.8944402661266995, 0.0, 0.8990439435137269]","[{""pred_label"": 0, ""gt_label"": 0, ""iou"": 0.7025169131980278}, {""pred_label"": 1, ""gt_label"": 1, ""iou"": 0.8944402661266995}, {""pred_label"": 2, ""gt_label"": -1, ""iou"": 0.0}, {""pred_label"": 3, ""gt_label"": 2, ""iou"": 0.8990439435137269}]",fpn_2,fpn_2,72x72,1,3,3,24x24,pooled_avg_pool_multi_way,False,False,False,silhouette,0.3378685712814331,"{""2"": 0.22886160016059875, ""3"": 0.2813183069229126, ""4"": 0.3378685712814331, ""5"": 0.30810344219207764, ""6"": 0.2960805296897888, ""7"": 0.3157877027988434, ""8"": 0.2618497610092163}","[125703, 85405, 77783, 60805]",jpeg_color_clustering_bic,-1,5,43703,0.1249742633601757,8,3,11471,"{""1"": -779999.4159988884, ""2"": -1039413.199925875, ""3"": -995592.5109203291, ""4"": -1448473.6755164694, ""5"": -1488251.3700181178, ""6"": -1492207.016374846, ""7"": -2420050.251379621, ""8"": -2455379.008329496}","[172922, 80647, 52424, 31984, 5434, 5145, 733, 407]","[172922, 80647, 52424]","[3, 4, 5, 6, 7]","[31984, 5434, 5145, 733, 407]",bic,-2455379.008329496,ok
detexture_ade20k_multi,feature_cluster_coarse_global_pooled_predicted_k,training,87,training_ADE_train_00007687,detexture_multi_partition_v1,multi_partition_invariant,0.9468297363148507,0.9408221232090628,0.8973932792569612,3,8,3,1.0,0.9619526674597365,336391,349696,13305,3,3,True,hungarian_iou_assignment,"[0.9764877922897163, 0.9654888112812775, 0.8985126053735583]","[{""pred_label"": 0, ""gt_label"": 0, ""iou"": 0.9764877922897163}, {""pred_label"": 1, ""gt_label"": 1, ""iou"": 0.9654888112812775}, {""pred_label"": 2, ""gt_label"": 2, ""iou"": 0.8985126053735583}]",fpn_2,fpn_2,72x72,1,3,3,24x24,pooled_avg_pool_multi_way,False,False,False,silhouette,0.3598894774913788,"{""2"": 0.3310715854167938, ""3"": 0.3598894774913788, ""4"": 0.3279258906841278, ""5"": 0.3164512813091278, ""6"": 0.3039173483848572, ""7"": 0.294704794883728, ""8"": 0.2960541844367981}","[137441, 135144, 77111]",jpeg_color_clustering_bic,-1,5,13305,0.038047332540263545,8,3,10334,"{""1"": -574185.3511062803, ""2"": -1202160.3768220434, ""3"": -1313458.7108584966, ""4"": -2124683.119963456, ""5"": -2146472.7535736454, ""6"": -2526303.152550491, ""7"": -2608274.83497125, ""8"": -2679109.135868598}","[139003, 127001, 70387, 6028, 3432, 1678, 1333, 834]","[139003, 127001, 70387]","[3, 4, 5, 6, 7]","[6028, 3432, 1678, 1333, 834]",bic,-2679109.135868598,ok
detexture_ade20k_multi,feature_cluster_coarse_global_pooled_predicted_k,training,88,training_ADE_train_00007690,detexture_multi_partition_v1,multi_partition_invariant,0.8780517445198314,0.8874433024236678,0.8388803907598817,3,8,3,1.0,0.9288705065359477,363820,391680,27860,3,3,True,hungarian_iou_assignment,"[0.969645251050503, 0.9006054490413723, 0.763904533467619]","[{""pred_label"": 0, ""gt_label"": 0, ""iou"": 0.969645251050503}, {""pred_label"": 1, ""gt_label"": 1, ""iou"": 0.9006054490413723}, {""pred_label"": 2, ""gt_label"": 2, ""iou"": 0.763904533467619}]",fpn_2,fpn_2,72x72,1,3,3,24x24,pooled_avg_pool_multi_way,False,False,False,silhouette,0.35265016555786133,"{""2"": 0.3205675482749939, ""3"": 0.35265016555786133, ""4"": 0.2623650133609772, ""5"": 0.26061704754829407, ""6"": 0.29933860898017883, ""7"": 0.29005780816078186, ""8"": 0.2563064396381378}","[175190, 118581, 97909]",jpeg_color_clustering_bic,-1,5,27860,0.07112949346405228,8,3,18402,"{""1"": -690728.9273272997, ""2"": -719294.6283569707, ""3"": -1422202.8713920314, ""4"": -1602358.0462297734, ""5"": -2141536.4982069354, ""6"": -2241087.905796025, ""7"": -2452514.792978598, ""8"": -2518242.5600041607}","[177492, 128618, 57710, 10848, 6852, 5046, 3914, 1200]","[177492, 128618, 57710]","[3, 4, 5, 6, 7]","[10848, 6852, 5046, 3914, 1200]",bic,-2518242.5600041607,ok
detexture_ade20k_multi,feature_cluster_coarse_global_pooled_predicted_k,training,89,training_ADE_train_00007691,detexture_multi_partition_v1,multi_partition_invariant,0.9318985779914734,0.9261782916534194,0.8740495709274081,3,8,3,1.0,0.9735227168740849,340437,349696,9259,3,3,True,hungarian_iou_assignment,"[0.9792635287350813, 0.9195067282982619, 0.896925476941077]","[{""pred_label"": 0, ""gt_label"": 0, ""iou"": 0.9792635287350813}, {""pred_label"": 1, ""gt_label"": 1, ""iou"": 0.9195067282982619}, {""pred_label"": 2, ""gt_label"": 2, ""iou"": 0.896925476941077}]",fpn_2,fpn_2,72x72,1,3,3,24x24,pooled_avg_pool_multi_way,False,False,False,silhouette,0.3579779863357544,"{""2"": 0.3459629416465759, ""3"": 0.3579779863357544, ""4"": 0.3003738820552826, ""5"": 0.2852323055267334, ""6"": 0.28406739234924316, ""7"": 0.2913345396518707, ""8"": 0.29411256313323975}","[169287, 121821, 58588]",jpeg_color_clustering_bic,-1,5,9259,0.02647728312591508,8,3,9116,"{""1"": -703277.4547637202, ""2"": -726238.1054837394, ""3"": -1221932.4812669135, ""4"": -2353997.1008737683, ""5"": -2357412.520748141, ""6"": -2620947.439068482, ""7"": -2657092.5645773783, ""8"": -2763224.738509012}","[164310, 115799, 60328, 2948, 2152, 2124, 1476, 559]","[164310, 115799, 60328]","[3, 4, 5, 6, 7]","[2948, 2152, 2124, 1476, 559]",bic,-2763224.738509012,ok
detexture_ade20k_multi,feature_cluster_coarse_global_pooled_predicted_k,training,90,training_ADE_train_00007693,detexture_multi_partition_v1,multi_partition_invariant,0.5805839554849002,0.7998904461416296,0.7679020258566274,4,8,3,0.0,0.9723738704819277,578508,594944,16436,3,4,True,hungarian_iou_assignment,"[0.9598312301551497, 0.44642967751380996, 0.916074914270641, 0.0]","[{""pred_label"": 0, ""gt_label"": 0, ""iou"": 0.9598312301551497}, {""pred_label"": 1, ""gt_label"": 3, ""iou"": 0.44642967751380996}, {""pred_label"": 2, ""gt_label"": 1, ""iou"": 0.916074914270641}, {""pred_label"": -1, ""gt_label"": 2, ""iou"": 0.0}]",fpn_2,fpn_2,72x72,1,3,3,24x24,pooled_avg_pool_multi_way,False,False,False,silhouette,0.3714354336261749,"{""2"": 0.33989280462265015, ""3"": 0.3714354336261749, ""4"": 0.37142717838287354, ""5"": 0.28409433364868164, ""6"": 0.21670396625995636, ""7"": 0.2467130571603775, ""8"": 0.23706313967704773}","[230967, 183933, 180044]",jpeg_color_clustering_bic,-1,4,16436,0.02762612951807229,8,4,17898,"{""1"": -1230246.8096038753, ""2"": -1792919.738632974, ""3"": -1952248.3316345848, ""4"": -2428763.712186544, ""5"": -3541540.300102784, ""6"": -3621652.9528470617, ""7"": -3661380.1859555626, ""8"": -3686579.6279197303}","[230779, 186427, 80817, 80485, 9843, 3586, 2472, 535]","[230779, 186427, 80817, 80485]","[4, 5, 6, 7]","[9843, 3586, 2472, 535]",bic,-3686579.6279197303,ok
detexture_ade20k_multi,feature_cluster_coarse_global_pooled_predicted_k,training,91,training_ADE_train_00007698,detexture_multi_partition_v1,multi_partition_invariant,0.23948285288844115,0.6504741279881933,0.6596243118420239,3,8,8,0.0,0.8617284727306003,301343,349696,48353,8,3,True,hungarian_iou_assignment,"[0.8881191294387171, 0.7100604992853107, 0.0, 0.0, 0.3176831943835015, 0.0, 0.0, 0.0]","[{""pred_label"": 0, ""gt_label"": 1, ""iou"": 0.8881191294387171}, {""pred_label"": 1, ""gt_label"": 0, ""iou"": 0.7100604992853107}, {""pred_label"": 2, ""gt_label"": -1, ""iou"": 0.0}, {""pred_label"": 3, ""gt_label"": -1, ""iou"": 0.0}, {""pred_label"": 4, ""gt_label"": 2, ""iou"": 0.3176831943835015}, {""pred_label"": 5, ""gt_label"": -1, ""iou"": 0.0}, {""pred_label"": 6, ""gt_label"": -1, ""iou"": 0.0}, {""pred_label"": 7, ""gt_label"": -1, ""iou"": 0.0}]",fpn_2,fpn_2,72x72,1,3,3,24x24,pooled_avg_pool_multi_way,False,False,False,silhouette,0.35548391938209534,"{""2"": 0.32825586199760437, ""3"": 0.26453906297683716, ""4"": 0.328055739402771, ""5"": 0.3483949899673462, ""6"": 0.3511827886104584, ""7"": 0.3140220046043396, ""8"": 0.35548391938209534}","[97177, 87042, 44094, 36804, 31721, 21881, 18326, 12651]",jpeg_color_clustering_bic,-1,5,48353,0.1382715272693997,8,3,13883,"{""1"": -836984.7253049007, ""2"": -882516.6667664958, ""3"": -1078246.4040301114, ""4"": -1112798.439655163, ""5"": -1548390.4740195712, ""6"": -2326142.1604304477, ""7"": -2369221.8309857976, ""8"": -2443395.7254645773}","[120332, 109023, 71988, 34442, 7327, 4181, 1857, 546]","[120332, 109023, 71988]","[3, 4, 5, 6, 7]","[34442, 7327, 4181, 1857, 546]",bic,-2443395.7254645773,ok
detexture_ade20k_multi,feature_cluster_coarse_global_pooled_predicted_k,training,92,training_ADE_train_00007700,detexture_multi_partition_v1,multi_partition_invariant,0.8940153782429537,0.8306402293156678,0.7494476485116791,2,8,2,1.0,0.748048048048048,62275,83250,20975,2,2,True,hungarian_iou_assignment,"[0.9485418492327131, 0.8394889072531944]","[{""pred_label"": 0, ""gt_label"": 0, ""iou"": 0.9485418492327131}, {""pred_label"": 1, ""gt_label"": 1, ""iou"": 0.8394889072531944}]",fpn_2,fpn_2,72x72,1,3,3,24x24,pooled_avg_pool_multi_way,False,False,False,silhouette,0.308308482170105,"{""2"": 0.308308482170105, ""3"": 0.2745625078678131, ""4"": 0.26139116287231445, ""5"": 0.2293989062309265, ""6"": 0.18158119916915894, ""7"": 0.19582727551460266, ""8"": 0.2495952695608139}","[54623, 28627]",jpeg_color_clustering_bic,-1,6,20975,0.25195195195195197,8,2,9147,"{""1"": -174643.85917461265, ""2"": -243883.21004594993, ""3"": -261133.56549159955, ""4"": -355129.1616457074, ""5"": -439404.87969265314, ""6"": -444984.8464635812, ""7"": -451342.5240904016, ""8"": -528553.1093019263}","[49069, 13206, 9017, 6281, 3514, 1042, 652, 469]","[49069, 13206]","[2, 3, 4, 5, 6, 7]","[9017, 6281, 3514, 1042, 652, 469]",bic,-528553.1093019263,ok
detexture_ade20k_multi,feature_cluster_coarse_global_pooled_predicted_k,training,93,training_ADE_train_00007701,detexture_multi_partition_v1,multi_partition_invariant,0.7514646889501969,0.8069002767394723,0.7493113813829103,3,8,3,1.0,0.8390859489385066,293425,349696,56271,3,3,True,hungarian_iou_assignment,"[0.9674155441039086, 0.8221355795049105, 0.46484294324177167]","[{""pred_label"": 0, ""gt_label"": 0, ""iou"": 0.9674155441039086}, {""pred_label"": 1, ""gt_label"": 1, ""iou"": 0.8221355795049105}, {""pred_label"": 2, ""gt_label"": 2, ""iou"": 0.46484294324177167}]",fpn_2,fpn_2,72x72,1,3,3,24x24,pooled_avg_pool_multi_way,False,False,False,silhouette,0.39801448583602905,"{""2"": 0.33449622988700867, ""3"": 0.39801448583602905, ""4"": 0.320441871881485, ""5"": 0.3341211974620819, ""6"": 0.3269031047821045, ""7"": 0.33132290840148926, ""8"": 0.3259555697441101}","[142482, 134849, 72365]",jpeg_color_clustering_bic,-1,5,56271,0.16091405106149342,8,3,17560,"{""1"": -760148.1560701738, ""2"": -810198.3593064009, ""3"": -823799.309991914, ""4"": -1360325.3401218555, ""5"": -1513439.0942405162, ""6"": -1902562.2439261796, ""7"": -2216144.716160538, ""8"": -2363430.8544076453}","[132481, 114285, 46659, 38196, 8124, 5968, 2392, 1591]","[132481, 114285, 46659]","[3, 4, 5, 6, 7]","[38196, 8124, 5968, 2392, 1591]",bic,-2363430.8544076453,ok
detexture_ade20k_multi,feature_cluster_coarse_global_pooled_predicted_k,training,94,training_ADE_train_00007767,detexture_multi_partition_v1,multi_partition_invariant,0.48427662249416165,0.39403554287632564,0.4781405323752643,2,8,3,0.0,0.863006591796875,56558,65536,8978,3,2,True,hungarian_iou_assignment,"[0.6584405414475892, 0.0, 0.7943893260348956]","[{""pred_label"": 0, ""gt_label"": 0, ""iou"": 0.6584405414475892}, {""pred_label"": 1, ""gt_label"": -1, ""iou"": 0.0}, {""pred_label"": 2, ""gt_label"": 1, ""iou"": 0.7943893260348956}]",fpn_2,fpn_2,72x72,1,3,3,24x24,pooled_avg_pool_multi_way,False,False,False,silhouette,0.32529619336128235,"{""2"": 0.3028663098812103, ""3"": 0.32529619336128235, ""4"": 0.3079826235771179, ""5"": 0.3101294934749603, ""6"": 0.29046711325645447, ""7"": 0.2863904535770416, ""8"": 0.267835795879364}","[30084, 19566, 15886]",jpeg_color_clustering_bic,-1,6,8978,0.136993408203125,8,2,4842,"{""1"": -133722.3987264699, ""2"": -139970.92421657007, ""3"": -230285.2047447552, ""4"": -285258.34740554914, ""5"": -294491.5938737312, ""6"": -296307.83947937825, ""7"": -297792.78072343307, ""8"": -297967.0241655896}","[44695, 11863, 4433, 1918, 986, 949, 635, 57]","[44695, 11863]","[2, 3, 4, 5, 6, 7]","[4433, 1918, 986, 949, 635, 57]",bic,-297967.0241655896,ok
detexture_ade20k_multi,feature_cluster_coarse_global_pooled_predicted_k,training,95,training_ADE_train_00007785,detexture_multi_partition_v1,multi_partition_invariant,0.9288176576922903,0.9120281624611539,0.8466126948236442,3,8,3,1.0,0.89300537109375,58524,65536,7012,3,3,True,hungarian_iou_assignment,"[0.958880092047229, 0.8975988700564972, 0.9299740109731447]","[{""pred_label"": 0, ""gt_label"": 0, ""iou"": 0.958880092047229}, {""pred_label"": 1, ""gt_label"": 2, ""iou"": 0.8975988700564972}, {""pred_label"": 2, ""gt_label"": 1, ""iou"": 0.9299740109731447}]",fpn_2,fpn_2,72x72,1,3,3,24x24,pooled_avg_pool_multi_way,False,False,False,silhouette,0.29909807443618774,"{""2"": 0.22093039751052856, ""3"": 0.29909807443618774, ""4"": 0.27385517954826355, ""5"": 0.25497516989707947, ""6"": 0.252183198928833, ""7"": 0.24731016159057617, ""8"": 0.2642981708049774}","[36004, 15964, 13568]",jpeg_color_clustering_bic,-1,5,7012,0.10699462890625,8,3,5028,"{""1"": -163835.82706517365, ""2"": -211389.35907538718, ""3"": -232952.23295289354, ""4"": -284381.6106273316, ""5"": -427093.7448886665, ""6"": -446747.5580472719, ""7"": -456412.97368281614, ""8"": -467308.56645964866}","[36171, 13296, 9057, 5127, 796, 642, 299, 148]","[36171, 13296, 9057]","[3, 4, 5, 6, 7]","[5127, 796, 642, 299, 148]",bic,-467308.56645964866,ok
detexture_ade20k_multi,feature_cluster_coarse_global_pooled_predicted_k,training,96,training_ADE_train_00007788,detexture_multi_partition_v1,multi_partition_invariant,0.6254587916746728,0.7290804934139539,0.7972879264722352,4,8,3,0.0,0.9152679443359375,59983,65536,5553,3,4,True,hungarian_iou_assignment,"[0.6107281660189191, 0.9349411702071022, 0.9561658304726697, 0.0]","[{""pred_label"": 0, ""gt_label"": 1, ""iou"": 0.6107281660189191}, {""pred_label"": 1, ""gt_label"": 0, ""iou"": 0.9349411702071022}, {""pred_label"": 2, ""gt_label"": 2, ""iou"": 0.9561658304726697}, {""pred_label"": -1, ""gt_label"": 3, ""iou"": 0.0}]",fpn_2,fpn_2,72x72,1,3,3,24x24,pooled_avg_pool_multi_way,False,False,False,silhouette,0.3732754588127136,"{""2"": 0.33902180194854736, ""3"": 0.3732754588127136, ""4"": 0.372089684009552, ""5"": 0.36535146832466125, ""6"": 0.3212803602218628, ""7"": 0.3131617307662964, ""8"": 0.3082972764968872}","[27708, 21269, 16559]",jpeg_color_clustering_bic,-1,4,5553,0.0847320556640625,8,4,7238,"{""1"": -115263.91406680222, ""2"": -176135.05057941508, ""3"": -201064.9069649817, ""4"": -288041.73670481954, ""5"": -296188.3502886983, ""6"": -298270.31027438084, ""7"": -391127.9666465362, ""8"": -432989.71832985536}","[18290, 17046, 14588, 10059, 1891, 1888, 1110, 664]","[18290, 17046, 14588, 10059]","[4, 5, 6, 7]","[1891, 1888, 1110, 664]",bic,-432989.71832985536,ok
detexture_ade20k_multi,feature_cluster_coarse_global_pooled_predicted_k,training,97,training_ADE_train_00007794,detexture_multi_partition_v1,multi_partition_invariant,0.9147215084916327,0.871681929667954,0.790283767246264,2,8,2,1.0,0.708221435546875,46414,65536,19122,2,2,True,hungarian_iou_assignment,"[0.9651404649693268, 0.8643025520139387]","[{""pred_label"": 0, ""gt_label"": 0, ""iou"": 0.9651404649693268}, {""pred_label"": 1, ""gt_label"": 1, ""iou"": 0.8643025520139387}]",fpn_2,fpn_2,72x72,1,3,3,24x24,pooled_avg_pool_multi_way,False,False,False,silhouette,0.31713736057281494,"{""2"": 0.31713736057281494, ""3"": 0.31124788522720337, ""4"": 0.3151710331439972, ""5"": 0.29565566778182983, ""6"": 0.2700047492980957, ""7"": 0.20852907001972198, ""8"": 0.20734068751335144}","[38813, 26723]",jpeg_color_clustering_bic,-1,6,19122,0.291778564453125,8,2,6355,"{""1"": -146806.28496383826, ""2"": -155190.0675259041, ""3"": -215041.9982531641, ""4"": -294742.74233628105, ""5"": -312332.52269784204, ""6"": -445261.9606548478, ""7"": -453742.43976116803, ""8"": -457250.80011403427}","[37981, 8433, 7464, 7178, 3146, 900, 334, 100]","[37981, 8433]","[2, 3, 4, 5, 6, 7]","[7464, 7178, 3146, 900, 334, 100]",bic,-457250.80011403427,ok
detexture_ade20k_multi,feature_cluster_coarse_global_pooled_predicted_k,training,98,training_ADE_train_00007800,detexture_multi_partition_v1,multi_partition_invariant,0.3738249115562364,0.34807255283187266,0.5163940628878199,4,8,3,0.0,0.9671173095703125,63381,65536,2155,3,4,True,hungarian_iou_assignment,"[0.379563674269688, 0.8584419853182864, 0.25729398663697106, 0.0]","[{""pred_label"": 0, ""gt_label"": 1, ""iou"": 0.379563674269688}, {""pred_label"": 1, ""gt_label"": 0, ""iou"": 0.8584419853182864}, {""pred_label"": 2, ""gt_label"": 2, ""iou"": 0.25729398663697106}, {""pred_label"": -1, ""gt_label"": 3, ""iou"": 0.0}]",fpn_2,fpn_2,72x72,1,3,3,24x24,pooled_avg_pool_multi_way,False,False,False,silhouette,0.35870563983917236,"{""2"": 0.34019994735717773, ""3"": 0.35870563983917236, ""4"": 0.29844507575035095, ""5"": 0.2801857888698578, ""6"": 0.33779188990592957, ""7"": 0.34507641196250916, ""8"": 0.30412614345550537}","[40476, 16096, 8964]",jpeg_color_clustering_bic,-1,4,2155,0.0328826904296875,8,4,5790,"{""1"": -160668.07321286885, ""2"": -170414.5123530466, ""3"": -233252.0479762525, ""4"": -281193.3446234651, ""5"": -292341.36119728384, ""6"": -296278.0579145292, ""7"": -419577.30186521285, ""8"": -425765.99410356174}","[18247, 15516, 14945, 14673, 884, 769, 317, 185]","[18247, 15516, 14945, 14673]","[4, 5, 6, 7]","[884, 769, 317, 185]",bic,-425765.99410356174,ok
detexture_ade20k_multi,feature_cluster_coarse_global_pooled_predicted_k,training,99,training_ADE_train_00007802,detexture_multi_partition_v1,multi_partition_invariant,0.3209885787823857,0.30077701540126434,0.4253550180039436,4,8,2,0.0,0.93072509765625,60996,65536,4540,2,4,True,hungarian_iou_assignment,"[0.4624656186408462, 0.8214886964886965, 0.0, 0.0]","[{""pred_label"": 0, ""gt_label"": 0, ""iou"": 0.4624656186408462}, {""pred_label"": 1, ""gt_label"": 2, ""iou"": 0.8214886964886965}, {""pred_label"": -1, ""gt_label"": 1, ""iou"": 0.0}, {""pred_label"": -1, ""gt_label"": 3, ""iou"": 0.0}]",fpn_2,fpn_2,72x72,1,3,3,24x24,pooled_avg_pool_multi_way,False,False,False,silhouette,0.3612060546875,"{""2"": 0.3612060546875, ""3"": 0.3487764894962311, ""4"": 0.3483426570892334, ""5"": 0.31232285499572754, ""6"": 0.3063870668411255, ""7"": 0.2921098470687866, ""8"": 0.2838875949382782}","[48533, 17003]",jpeg_color_clustering_bic,-1,4,4540,0.06927490234375,8,4,5470,"{""1"": -127027.22338649578, ""2"": -134433.31724628463, ""3"": -202638.72657070067, ""4"": -265681.16700325964, ""5"": -295431.44043242576, ""6"": -298186.0986263638, ""7"": -300518.4429652009, ""8"": -431544.94926649885}","[20681, 14054, 14018, 12243, 2588, 1056, 656, 240]","[20681, 14054, 14018, 12243]","[4, 5, 6, 7]","[2588, 1056, 656, 240]",bic,-431544.94926649885,ok
detexture_ade20k_multi,feature_cluster_coarse_global_pooled_predicted_k,training,100,training_ADE_train_00007803,detexture_multi_partition_v1,multi_partition_invariant,0.516098541568098,0.6019412339004122,0.6050442253433165,3,8,2,0.0,0.9097391764322916,89431,98304,8873,2,3,True,hungarian_iou_assignment,"[0.7913811359958444, 0.7569144887084497, 0.0]","[{""pred_label"": 0, ""gt_label"": 0, ""iou"": 0.7913811359958444}, {""pred_label"": 1, ""gt_label"": 1, ""iou"": 0.7569144887084497}, {""pred_label"": -1, ""gt_label"": 2, ""iou"": 0.0}]",fpn_2,fpn_2,72x72,1,3,3,24x24,pooled_avg_pool_multi_way,False,False,False,silhouette,0.3237740695476532,"{""2"": 0.3237740695476532, ""3"": 0.305259644985199, ""4"": 0.296562522649765, ""5"": 0.28115418553352356, ""6"": 0.2136566936969757, ""7"": 0.21770723164081573, ""8"": 0.24840137362480164}","[57776, 40528]",jpeg_color_clustering_bic,-1,5,8873,0.09026082356770833,8,3,6064,"{""1"": -236000.1092375831, ""2"": -247047.4053837354, ""3"": -299692.7541371114, ""4"": -404477.63494050107, ""5"": -405966.6100425454, ""6"": -638107.7031876637, ""7"": -690892.302988019, ""8"": -692107.3938850668}","[39643, 29830, 19958, 5584, 1913, 1054, 292, 30]","[39643, 29830, 19958]","[3, 4, 5, 6, 7]","[5584, 1913, 1054, 292, 30]",bic,-692107.3938850668,ok
detexture_ade20k_multi,feature_cluster_coarse_global_pooled_predicted_k,training,101,training_ADE_train_00007806,detexture_multi_partition_v1,multi_partition_invariant,0.4574431432365149,0.7952454891128884,0.8079689796212746,2,8,4,0.0,0.8788604736328125,57597,65536,7939,4,2,True,hungarian_iou_assignment,"[0.8713555675094137, 0.958417005436646, 0.0, 0.0]","[{""pred_label"": 0, ""gt_label"": 0, ""iou"": 0.8713555675094137}, {""pred_label"": 1, ""gt_label"": 1, ""iou"": 0.958417005436646}, {""pred_label"": 2, ""gt_label"": -1, ""iou"": 0.0}, {""pred_label"": 3, ""gt_label"": -1, ""iou"": 0.0}]",fpn_2,fpn_2,72x72,1,3,3,24x24,pooled_avg_pool_multi_way,False,False,False,silhouette,0.42898431420326233,"{""2"": 0.37808874249458313, ""3"": 0.4160758852958679, ""4"": 0.42898431420326233, ""5"": 0.32483065128326416, ""6"": 0.3049410581588745, ""7"": 0.2580775022506714, ""8"": 0.2687751054763794}","[32768, 20466, 6926, 5376]",jpeg_color_clustering_bic,-1,6,7939,0.1211395263671875,8,2,3847,"{""1"": -129126.59748982267, ""2"": -134382.70418515592, ""3"": -285327.34671167826, ""4"": -431782.63929804676, ""5"": -447934.4744000595, ""6"": -482731.5892158417, ""7"": -487250.9753368819, ""8"": -503391.61852478323}","[37180, 20417, 5235, 941, 649, 513, 333, 268]","[37180, 20417]","[2, 3, 4, 5, 6, 7]","[5235, 941, 649, 513, 333, 268]",bic,-503391.61852478323,ok
detexture_ade20k_multi,feature_cluster_coarse_global_pooled_predicted_k,training,102,training_ADE_train_00007820,detexture_multi_partition_v1,multi_partition_invariant,0.8564713427477664,0.7170413839648573,0.6791584469485595,2,8,2,1.0,0.754119873046875,49422,65536,16114,2,2,True,hungarian_iou_assignment,"[0.8432427956276913, 0.8696998898678414]","[{""pred_label"": 0, ""gt_label"": 1, ""iou"": 0.8432427956276913}, {""pred_label"": 1, ""gt_label"": 0, ""iou"": 0.8696998898678414}]",fpn_2,fpn_2,72x72,1,3,3,24x24,pooled_avg_pool_multi_way,False,False,False,silhouette,0.3234061002731323,"{""2"": 0.3234061002731323, ""3"": 0.31366705894470215, ""4"": 0.30615270137786865, ""5"": 0.3182598948478699, ""6"": 0.3135141432285309, ""7"": 0.29154813289642334, ""8"": 0.2821160554885864}","[33010, 32526]",jpeg_color_clustering_bic,-1,6,16114,0.245880126953125,8,2,4631,"{""1"": -124317.74725652773, ""2"": -128290.87270832823, ""3"": -244724.49084552104, ""4"": -306077.0234860361, ""5"": -319306.4151469248, ""6"": -321911.0594073225, ""7"": -448346.54217104387, ""8"": -456016.25036583486}","[29056, 20366, 6659, 5991, 1754, 828, 616, 266]","[29056, 20366]","[2, 3, 4, 5, 6, 7]","[6659, 5991, 1754, 828, 616, 266]",bic,-456016.25036583486,ok
detexture_ade20k_multi,feature_cluster_coarse_global_pooled_predicted_k,training,103,training_ADE_train_00007821,detexture_multi_partition_v1,multi_partition_invariant,0.6307349401857442,0.8768976062411311,0.8112695688509223,2,8,3,0.0,0.8549957275390625,56033,65536,9503,3,2,True,hungarian_iou_assignment,"[0.9479901887170246, 0.944214631840208, 0.0]","[{""pred_label"": 0, ""gt_label"": 0, ""iou"": 0.9479901887170246}, {""pred_label"": 1, ""gt_label"": 1, ""iou"": 0.944214631840208}, {""pred_label"": 2, ""gt_label"": -1, ""iou"": 0.0}]",fpn_2,fpn_2,72x72,1,3,3,24x24,pooled_avg_pool_multi_way,False,False,False,silhouette,0.3224388360977173,"{""2"": 0.30721330642700195, ""3"": 0.3224388360977173, ""4"": 0.2634347677230835, ""5"": 0.24647103250026703, ""6"": 0.20730631053447723, ""7"": 0.20118185877799988, ""8"": 0.19828978180885315}","[39008, 17454, 9074]",jpeg_color_clustering_bic,-1,6,9503,0.1450042724609375,8,2,5463,"{""1"": -151607.18532573583, ""2"": -158451.54164395688, ""3"": -217395.24004869934, ""4"": -373333.7671982389, ""5"": -400988.67901917093, ""6"": -431437.2323535587, ""7"": -441084.3366956381, ""8"": -469468.17692438024}","[39953, 16080, 5835, 1160, 860, 755, 600, 293]","[39953, 16080]","[2, 3, 4, 5, 6, 7]","[5835, 1160, 860, 755, 600, 293]",bic,-469468.17692438024,ok
detexture_ade20k_multi,feature_cluster_coarse_global_pooled_predicted_k,training,104,training_ADE_train_00007823,detexture_multi_partition_v1,multi_partition_invariant,0.9692458974634093,0.938593394879581,0.890267756102231,2,5,2,1.0,0.861053466796875,56430,65536,9106,2,2,True,hungarian_iou_assignment,"[0.9704082318918555, 0.968083563034963]","[{""pred_label"": 0, ""gt_label"": 0, ""iou"": 0.9704082318918555}, {""pred_label"": 1, ""gt_label"": 1, ""iou"": 0.968083563034963}]",fpn_2,fpn_2,72x72,1,3,3,24x24,pooled_avg_pool_multi_way,False,False,False,silhouette,0.32582128047943115,"{""2"": 0.32582128047943115, ""3"": 0.24141676723957062, ""4"": 0.2223496437072754, ""5"": 0.21785034239292145, ""6"": 0.21795699000358582, ""7"": 0.19445133209228516, ""8"": 0.20929676294326782}","[36615, 28921]",jpeg_color_clustering_bic,-1,3,9106,0.138946533203125,5,2,4363,"{""1"": -122320.71114625855, ""2"": -126197.82625332604, ""3"": -256614.1766273495, ""4"": -323251.06443244254, ""5"": -331356.51051485847, ""6"": -326935.65604611306, ""7"": -330395.19003851776, ""8"": -330958.344232156}","[29613, 26817, 7525, 796, 785]","[29613, 26817]","[2, 3, 4]","[7525, 796, 785]",bic,-331356.51051485847,ok
detexture_ade20k_multi,feature_cluster_coarse_global_pooled_predicted_k,training,105,training_ADE_train_00007828,detexture_multi_partition_v1,multi_partition_invariant,0.5206580883811127,0.8088549856179122,0.7544592653824734,3,8,2,0.0,0.8576202392578125,56205,65536,9331,2,3,True,hungarian_iou_assignment,"[0.9714604683116734, 0.5905137968316646, 0.0]","[{""pred_label"": 0, ""gt_label"": 0, ""iou"": 0.9714604683116734}, {""pred_label"": 1, ""gt_label"": 1, ""iou"": 0.5905137968316646}, {""pred_label"": -1, ""gt_label"": 2, ""iou"": 0.0}]",fpn_2,fpn_2,72x72,1,3,3,24x24,pooled_avg_pool_multi_way,False,False,False,silhouette,0.3669588267803192,"{""2"": 0.3669588267803192, ""3"": 0.31703394651412964, ""4"": 0.26659390330314636, ""5"": 0.24795638024806976, ""6"": 0.23682768642902374, ""7"": 0.22856037318706512, ""8"": 0.22163309156894684}","[42560, 22976]",jpeg_color_clustering_bic,-1,5,9331,0.1423797607421875,8,3,3718,"{""1"": -150805.27281951212, ""2"": -160474.52311207715, ""3"": -242555.7565129278, ""4"": -302571.01159891416, ""5"": -305362.63298494683, ""6"": -467226.53883566067, ""7"": -473687.14455022186, ""8"": -484075.62180629675}","[33939, 12562, 9704, 6808, 1072, 611, 595, 245]","[33939, 12562, 9704]","[3, 4, 5, 6, 7]","[6808, 1072, 611, 595, 245]",bic,-484075.62180629675,ok
detexture_ade20k_multi,feature_cluster_coarse_global_pooled_predicted_k,training,106,training_ADE_train_00007834,detexture_multi_partition_v1,multi_partition_invariant,0.6134978099982813,0.8175998042405844,0.7823199802429275,3,8,4,0.0,0.9382171630859375,61487,65536,4049,4,3,True,hungarian_iou_assignment,"[0.9145038788026482, 0.9752864972595914, 0.5642008639308855, 0.0]","[{""pred_label"": 0, ""gt_label"": 0, ""iou"": 0.9145038788026482}, {""pred_label"": 1, ""gt_label"": 1, ""iou"": 0.9752864972595914}, {""pred_label"": 2, ""gt_label"": 2, ""iou"": 0.5642008639308855}, {""pred_label"": 3, ""gt_label"": -1, ""iou"": 0.0}]",fpn_2,fpn_2,72x72,1,3,3,24x24,pooled_avg_pool_multi_way,False,False,False,silhouette,0.36481544375419617,"{""2"": 0.2959454357624054, ""3"": 0.3543124496936798, ""4"": 0.36481544375419617, ""5"": 0.32003340125083923, ""6"": 0.3229060769081116, ""7"": 0.3018420934677124, ""8"": 0.25739654898643494}","[23193, 20786, 13376, 8181]",jpeg_color_clustering_bic,-1,5,4049,0.0617828369140625,8,3,5368,"{""1"": -140619.5348772299, ""2"": -154307.1546046635, ""3"": -278614.25282617623, ""4"": -280402.1106461122, ""5"": -454077.29651593085, ""6"": -472592.5912139809, ""7"": -478342.9461499922, ""8"": -494214.39210965694}","[24544, 19915, 17028, 1502, 1433, 628, 322, 164]","[24544, 19915, 17028]","[3, 4, 5, 6, 7]","[1502, 1433, 628, 322, 164]",bic,-494214.39210965694,ok
detexture_ade20k_multi,feature_cluster_coarse_global_pooled_predicted_k,training,107,training_ADE_train_00007854,detexture_multi_partition_v1,multi_partition_invariant,0.6552685183730761,0.9489657725863634,0.9280613758439591,2,8,3,0.0,0.7839508056640625,51377,65536,14159,3,2,True,hungarian_iou_assignment,"[0.968810975609756, 0.9969945795094725, 0.0]","[{""pred_label"": 0, ""gt_label"": 0, ""iou"": 0.968810975609756}, {""pred_label"": 1, ""gt_label"": 1, ""iou"": 0.9969945795094725}, {""pred_label"": 2, ""gt_label"": -1, ""iou"": 0.0}]",fpn_2,fpn_2,72x72,1,3,3,24x24,pooled_avg_pool_multi_way,False,False,False,silhouette,0.37368980050086975,"{""2"": 0.3387942314147949, ""3"": 0.37368980050086975, ""4"": 0.36461785435676575, ""5"": 0.34156444668769836, ""6"": 0.28898435831069946, ""7"": 0.28936338424682617, ""8"": 0.2825695276260376}","[32572, 19310, 13654]",jpeg_color_clustering_bic,-1,6,14159,0.2160491943359375,8,2,2841,"{""1"": -130370.56913714136, ""2"": -134099.1526762462, ""3"": -230063.9203922494, ""4"": -316913.0289943861, ""5"": -443593.07697109465, ""6"": -460349.2941400856, ""7"": -471987.709382434, ""8"": -488623.85243807}","[32800, 18577, 6721, 5849, 599, 402, 346, 242]","[32800, 18577]","[2, 3, 4, 5, 6, 7]","[6721, 5849, 599, 402, 346, 242]",bic,-488623.85243807,ok
detexture_ade20k_multi,feature_cluster_coarse_global_pooled_predicted_k,training,108,training_ADE_train_00007855,detexture_multi_partition_v1,multi_partition_invariant,0.2661749937799481,0.6080212559828592,0.6837304691625041,3,8,8,0.0,0.864044189453125,56626,65536,8910,8,3,True,hungarian_iou_assignment,"[0.977593969217883, 0.7311334087054834, 0.42067257231621813, 0.0, 0.0, 0.0, 0.0, 0.0]","[{""pred_label"": 0, ""gt_label"": 1, ""iou"": 0.977593969217883}, {""pred_label"": 1, ""gt_label"": 2, ""iou"": 0.7311334087054834}, {""pred_label"": 2, ""gt_label"": 0, ""iou"": 0.42067257231621813}, {""pred_label"": 3, ""gt_label"": -1, ""iou"": 0.0}, {""pred_label"": 4, ""gt_label"": -1, ""iou"": 0.0}, {""pred_label"": 5, ""gt_label"": -1, ""iou"": 0.0}, {""pred_label"": 6, ""gt_label"": -1, ""iou"": 0.0}, {""pred_label"": 7, ""gt_label"": -1, ""iou"": 0.0}]",fpn_2,fpn_2,72x72,1,3,3,24x24,pooled_avg_pool_multi_way,False,False,False,silhouette,0.31858333945274353,"{""2"": 0.2919876277446747, ""3"": 0.27417701482772827, ""4"": 0.2847626209259033, ""5"": 0.2877415418624878, ""6"": 0.30201542377471924, ""7"": 0.3059246242046356, ""8"": 0.31858333945274353}","[19200, 10404, 10076, 7780, 5692, 5376, 4085, 2923]",jpeg_color_clustering_bic,-1,5,8910,0.135955810546875,8,3,4624,"{""1"": -149094.55367904913, ""2"": -156084.63036745158, ""3"": -205076.1732477189, ""4"": -240326.28181502328, ""5"": -375420.00882826175, ""6"": -432014.7282043536, ""7"": -435044.738507717, ""8"": -453021.8489896636}","[23809, 18674, 14143, 6104, 1713, 715, 281, 97]","[23809, 18674, 14143]","[3, 4, 5, 6, 7]","[6104, 1713, 715, 281, 97]",bic,-453021.8489896636,ok
detexture_ade20k_multi,feature_cluster_coarse_global_pooled_predicted_k,training,109,training_ADE_train_00007856,detexture_multi_partition_v1,multi_partition_invariant,0.6346476862307595,0.9200708729603567,0.8641498520443498,2,8,3,0.0,0.7605133056640625,49841,65536,15695,3,2,True,hungarian_iou_assignment,"[0.9737782676954939, 0.9301647909967846, 0.0]","[{""pred_label"": 0, ""gt_label"": 0, ""iou"": 0.9737782676954939}, {""pred_label"": 1, ""gt_label"": 1, ""iou"": 0.9301647909967846}, {""pred_label"": 2, ""gt_label"": -1, ""iou"": 0.0}]",fpn_2,fpn_2,72x72,1,3,3,24x24,pooled_avg_pool_multi_way,False,False,False,silhouette,0.3790915906429291,"{""2"": 0.37830647826194763, ""3"": 0.3790915906429291, ""4"": 0.34487879276275635, ""5"": 0.3243716061115265, ""6"": 0.2605628967285156, ""7"": 0.2795005738735199, ""8"": 0.24079900979995728}","[29625, 19150, 16761]",jpeg_color_clustering_bic,-1,6,15695,0.2394866943359375,8,2,3954,"{""1"": -121569.02772718093, ""2"": -124848.86456795018, ""3"": -259554.42910179685, ""4"": -311481.14433646837, ""5"": -430605.938638713, ""6"": -452847.01772022987, ""7"": -466010.2543114731, ""8"": -473060.4961646603}","[29937, 19904, 7526, 6863, 502, 490, 179, 135]","[29937, 19904]","[2, 3, 4, 5, 6, 7]","[7526, 6863, 502, 490, 179, 135]",bic,-473060.4961646603,ok
detexture_ade20k_multi,feature_cluster_coarse_global_pooled_predicted_k,training,110,training_ADE_train_00007857,detexture_multi_partition_v1,multi_partition_invariant,0.25059962369390487,0.5258254931264895,0.5611507610122318,3,8,8,0.0,0.8661346435546875,56763,65536,8773,7,3,True,hungarian_iou_assignment,"[0.840734636213798, 0.472406818838486, 0.44105591080505, 0.0, 0.0, 0.0, 0.0]","[{""pred_label"": 0, ""gt_label"": 0, ""iou"": 0.840734636213798}, {""pred_label"": 1, ""gt_label"": 2, ""iou"": 0.472406818838486}, {""pred_label"": 2, ""gt_label"": 1, ""iou"": 0.44105591080505}, {""pred_label"": 3, ""gt_label"": -1, ""iou"": 0.0}, {""pred_label"": 4, ""gt_label"": -1, ""iou"": 0.0}, {""pred_label"": 5, ""gt_label"": -1, ""iou"": 0.0}, {""pred_label"": 7, ""gt_label"": -1, ""iou"": 0.0}]",fpn_2,fpn_2,72x72,1,3,3,24x24,pooled_avg_pool_multi_way,False,False,False,silhouette,0.31653034687042236,"{""2"": 0.2640748620033264, ""3"": 0.28524601459503174, ""4"": 0.27610570192337036, ""5"": 0.2928546071052551, ""6"": 0.298458456993103, ""7"": 0.3007602095603943, ""8"": 0.31653034687042236}","[18205, 8260, 8224, 8113, 7595, 6947, 5632, 2560]",jpeg_color_clustering_bic,-1,5,8773,0.1338653564453125,8,3,4083,"{""1"": -140019.61440551022, ""2"": -148710.3237701456, ""3"": -165406.8955610645, ""4"": -248130.7538217191, ""5"": -441599.5903493362, ""6"": -459296.69797219767, ""7"": -480110.43672099744, ""8"": -483551.0538433638}","[21161, 18297, 17305, 6671, 920, 808, 317, 57]","[21161, 18297, 17305]","[3, 4, 5, 6, 7]","[6671, 920, 808, 317, 57]",bic,-483551.0538433638,ok
detexture_ade20k_multi,feature_cluster_coarse_global_pooled_predicted_k,training,111,training_ADE_train_00007860,detexture_multi_partition_v1,multi_partition_invariant,0.5299808626781736,0.6407553833177427,0.7283510320324826,4,8,6,0.0,0.94720458984375,62076,65536,3460,6,4,True,hungarian_iou_assignment,"[0.6093171758217836, 0.9103465184700883, 0.7894403824521935, 0.0, 0.8707810993249759, 0.0]","[{""pred_label"": 0, ""gt_label"": 0, ""iou"": 0.6093171758217836}, {""pred_label"": 1, ""gt_label"": 2, ""iou"": 0.9103465184700883}, {""pred_label"": 2, ""gt_label"": 1, ""iou"": 0.7894403824521935}, {""pred_label"": 3, ""gt_label"": -1, ""iou"": 0.0}, {""pred_label"": 4, ""gt_label"": 3, ""iou"": 0.8707810993249759}, {""pred_label"": 5, ""gt_label"": -1, ""iou"": 0.0}]",fpn_2,fpn_2,72x72,1,3,3,24x24,pooled_avg_pool_multi_way,False,False,False,silhouette,0.32290345430374146,"{""2"": 0.28027379512786865, ""3"": 0.25782665610313416, ""4"": 0.31332969665527344, ""5"": 0.2818608582019806, ""6"": 0.32290345430374146, ""7"": 0.30771100521087646, ""8"": 0.28981277346611023}","[17145, 11972, 11804, 10681, 8192, 5742]",jpeg_color_clustering_bic,-1,4,3460,0.05279541015625,8,4,3996,"{""1"": -164765.43385492038, ""2"": -174496.48459822606, ""3"": -220288.29123209312, ""4"": -275195.91747610254, ""5"": -276020.8899254742, ""6"": -378837.13175130624, ""7"": -454526.8875027799, ""8"": -477686.1445092242}","[27214, 13680, 11849, 9333, 2104, 789, 285, 282]","[27214, 13680, 11849, 9333]","[4, 5, 6, 7]","[2104, 789, 285, 282]",bic,-477686.1445092242,ok
detexture_ade20k_multi,feature_cluster_coarse_global_pooled_predicted_k,training,112,training_ADE_train_00007905,detexture_multi_partition_v1,multi_partition_invariant,0.5684941601986813,0.776591128555259,0.7615526089546933,3,8,2,0.0,0.9795583089192709,192589,196608,4019,2,3,True,hungarian_iou_assignment,"[0.9777160743134087, 0.727766406282635, 0.0]","[{""pred_label"": 0, ""gt_label"": 0, ""iou"": 0.9777160743134087}, {""pred_label"": 1, ""gt_label"": 1, ""iou"": 0.727766406282635}, {""pred_label"": -1, ""gt_label"": 2, ""iou"": 0.0}]",fpn_2,fpn_2,72x72,1,3,3,24x24,pooled_avg_pool_multi_way,False,False,False,silhouette,0.31379905343055725,"{""2"": 0.31379905343055725, ""3"": 0.3030701279640198, ""4"": 0.23456928133964539, ""5"": 0.2213207632303238, ""6"": 0.2644864320755005, ""7"": 0.2679904103279114, ""8"": 0.27754533290863037}","[98624, 97984]",jpeg_color_clustering_bic,-1,5,4019,0.020441691080729168,8,3,4667,"{""1"": -433425.39153126156, ""2"": -446836.83066827094, ""3"": -677070.9659206413, ""4"": -1405021.5753254232, ""5"": -1449305.8674601566, ""6"": -1519160.3594538192, ""7"": -1611346.0741323228, ""8"": -1628607.2984609692}","[98563, 70165, 23861, 1527, 908, 899, 583, 102]","[98563, 70165, 23861]","[3, 4, 5, 6, 7]","[1527, 908, 899, 583, 102]",bic,-1628607.2984609692,ok
detexture_ade20k_multi,feature_cluster_coarse_global_pooled_predicted_k,training,113,training_ADE_train_00007913,detexture_multi_partition_v1,multi_partition_invariant,0.3589753195231615,0.32719939566489703,0.44114964176924176,4,8,6,0.0,0.7923653687774525,277087,349696,72609,6,4,True,hungarian_iou_assignment,"[0.5495530832501307, 0.3199080936851468, 0.6806098141972368, 0.0, 0.0, 0.6037809260064542]","[{""pred_label"": 0, ""gt_label"": 2, ""iou"": 0.5495530832501307}, {""pred_label"": 1, ""gt_label"": 0, ""iou"": 0.3199080936851468}, {""pred_label"": 2, ""gt_label"": 1, ""iou"": 0.6806098141972368}, {""pred_label"": 3, ""gt_label"": -1, ""iou"": 0.0}, {""pred_label"": 4, ""gt_label"": -1, ""iou"": 0.0}, {""pred_label"": 5, ""gt_label"": 3, ""iou"": 0.6037809260064542}]",fpn_2,fpn_2,72x72,1,3,3,24x24,pooled_avg_pool_multi_way,False,False,False,silhouette,0.27307990193367004,"{""2"": 0.257371723651886, ""3"": 0.26198288798332214, ""4"": 0.23754675686359406, ""5"": 0.2360544204711914, ""6"": 0.27307990193367004, ""7"": 0.22594070434570312, ""8"": 0.21748048067092896}","[125953, 69964, 52558, 36323, 34439, 30459]",jpeg_color_clustering_bic,-1,4,72609,0.20763463122254758,8,4,26390,"{""1"": -676392.683279877, ""2"": -830688.8540628718, ""3"": -966813.7942802006, ""4"": -1154616.27413036, ""5"": -1258250.21649023, ""6"": -1317771.2513065578, ""7"": -1368800.029628112, ""8"": -1727097.3561454187}","[114673, 71625, 47895, 42894, 37811, 14331, 12782, 7685]","[114673, 71625, 47895, 42894]","[4, 5, 6, 7]","[37811, 14331, 12782, 7685]",bic,-1727097.3561454187,ok
detexture_ade20k_multi,feature_cluster_coarse_global_pooled_predicted_k,training,114,training_ADE_train_00007914,detexture_multi_partition_v1,multi_partition_invariant,0.3949668628764793,0.69094381840972,0.671062670507987,3,8,6,0.0,0.7226692708333333,55501,76800,21299,6,3,True,hungarian_iou_assignment,"[0.7748458602466236, 0.8827562366768451, 0.7121990803354071, 0.0, 0.0, 0.0]","[{""pred_label"": 0, ""gt_label"": 0, ""iou"": 0.7748458602466236}, {""pred_label"": 1, ""gt_label"": 1, ""iou"": 0.8827562366768451}, {""pred_label"": 2, ""gt_label"": 2, ""iou"": 0.7121990803354071}, {""pred_label"": 3, ""gt_label"": -1, ""iou"": 0.0}, {""pred_label"": 4, ""gt_label"": -1, ""iou"": 0.0}, {""pred_label"": 5, ""gt_label"": -1, ""iou"": 0.0}]",fpn_2,fpn_2,72x72,1,3,3,24x24,pooled_avg_pool_multi_way,False,False,False,silhouette,0.30796560645103455,"{""2"": 0.2602873146533966, ""3"": 0.2554466128349304, ""4"": 0.28724947571754456, ""5"": 0.28142163157463074, ""6"": 0.30796560645103455, ""7"": 0.30259624123573303, ""8"": 0.24111175537109375}","[21590, 15730, 13390, 10770, 8110, 7210]",jpeg_color_clustering_bic,-1,5,21299,0.2773307291666667,8,3,9660,"{""1"": -162006.52941239756, ""2"": -180707.16571480178, ""3"": -233316.91181049176, ""4"": -249225.38851723773, ""5"": -287442.788371599, ""6"": -310302.8616945196, ""7"": -414504.75042853947, ""8"": -498240.45513172087}","[27091, 17319, 11091, 6332, 4912, 4337, 3633, 2085]","[27091, 17319, 11091]","[3, 4, 5, 6, 7]","[6332, 4912, 4337, 3633, 2085]",bic,-498240.45513172087,ok
detexture_ade20k_multi,feature_cluster_coarse_global_pooled_predicted_k,training,115,training_ADE_train_00007918,detexture_multi_partition_v1,multi_partition_invariant,0.5027013468619853,0.46042672197197354,0.6247003943282798,3,8,2,0.0,0.6731901041666667,51701,76800,25099,2,3,True,hungarian_iou_assignment,"[0.546550879995877, 0.9615531605900788, 0.0]","[{""pred_label"": 0, ""gt_label"": 0, ""iou"": 0.546550879995877}, {""pred_label"": 1, ""gt_label"": 2, ""iou"": 0.9615531605900788}, {""pred_label"": -1, ""gt_label"": 1, ""iou"": 0.0}]",fpn_2,fpn_2,72x72,1,3,3,24x24,pooled_avg_pool_multi_way,False,False,False,silhouette,0.28768599033355713,"{""2"": 0.28768599033355713, ""3"": 0.2639141082763672, ""4"": 0.2689116895198822, ""5"": 0.2696188688278198, ""6"": 0.2681731581687927, ""7"": 0.26026853919029236, ""8"": 0.27258405089378357}","[44660, 32140]",jpeg_color_clustering_bic,-1,5,25099,0.3268098958333333,8,3,12221,"{""1"": -137177.01850740137, ""2"": -154836.6509938145, ""3"": -191577.51338322338, ""4"": -230568.8646829913, ""5"": -304269.9605289328, ""6"": -327099.1996442273, ""7"": -361883.10430715664, ""8"": -417227.26040553366}","[21210, 17722, 12769, 7949, 6631, 5666, 3667, 1186]","[21210, 17722, 12769]","[3, 4, 5, 6, 7]","[7949, 6631, 5666, 3667, 1186]",bic,-417227.26040553366,ok
detexture_ade20k_multi,feature_cluster_coarse_global_pooled_predicted_k,training,116,training_ADE_train_00007942,detexture_multi_partition_v1,multi_partition_invariant,0.32791205921780897,0.5412515014488296,0.6473366095898184,4,8,8,0.0,0.8986723565670934,75812,84360,8548,8,4,True,hungarian_iou_assignment,"[0.6419133098265484, 0.9366311481193987, 0.32289818335445714, 0.7218538324420677, 0.0, 0.0, 0.0, 0.0]","[{""pred_label"": 0, ""gt_label"": 0, ""iou"": 0.6419133098265484}, {""pred_label"": 1, ""gt_label"": 2, ""iou"": 0.9366311481193987}, {""pred_label"": 2, ""gt_label"": 1, ""iou"": 0.32289818335445714}, {""pred_label"": 3, ""gt_label"": 3, ""iou"": 0.7218538324420677}, {""pred_label"": 4, ""gt_label"": -1, ""iou"": 0.0}, {""pred_label"": 5, ""gt_label"": -1, ""iou"": 0.0}, {""pred_label"": 6, ""gt_label"": -1, ""iou"": 0.0}, {""pred_label"": 7, ""gt_label"": -1, ""iou"": 0.0}]",fpn_2,fpn_2,72x72,1,3,3,24x24,pooled_avg_pool_multi_way,False,False,False,silhouette,0.29166072607040405,"{""2"": 0.22762134671211243, ""3"": 0.2601573169231415, ""4"": 0.2529536783695221, ""5"": 0.26012128591537476, ""6"": 0.28194865584373474, ""7"": 0.23947477340698242, ""8"": 0.29166072607040405}","[18222, 14457, 11358, 10480, 8465, 8450, 6924, 6004]",jpeg_color_clustering_bic,-1,4,8548,0.1013276434329066,8,4,6386,"{""1"": -182306.45907333476, ""2"": -190504.35944332302, ""3"": -246420.6013571904, ""4"": -355764.88635896944, ""5"": -392217.9983789481, ""6"": -546712.8886278905, ""7"": -574869.419692662, ""8"": -578343.6737354863}","[28001, 20045, 13973, 13793, 6377, 1133, 846, 192]","[28001, 20045, 13973, 13793]","[4, 5, 6, 7]","[6377, 1133, 846, 192]",bic,-578343.6737354863,ok
detexture_ade20k_multi,feature_cluster_coarse_global_pooled_predicted_k,training,117,training_ADE_train_00007944,detexture_multi_partition_v1,multi_partition_invariant,0.4826031822978846,0.5096306140030152,0.6729266122289609,3,8,5,0.0,0.96265625,73932,76800,2868,5,3,True,hungarian_iou_assignment,"[0.6008948101014118, 0.0, 0.8849803443134066, 0.927140757074605, 0.0]","[{""pred_label"": 0, ""gt_label"": 0, ""iou"": 0.6008948101014118}, {""pred_label"": 1, ""gt_label"": -1, ""iou"": 0.0}, {""pred_label"": 2, ""gt_label"": 1, ""iou"": 0.8849803443134066}, {""pred_label"": 3, ""gt_label"": 2, ""iou"": 0.927140757074605}, {""pred_label"": 4, ""gt_label"": -1, ""iou"": 0.0}]",fpn_2,fpn_2,72x72,1,3,3,24x24,pooled_avg_pool_multi_way,False,False,False,silhouette,0.27529218792915344,"{""2"": 0.24144387245178223, ""3"": 0.2678261399269104, ""4"": 0.2732621729373932, ""5"": 0.27529218792915344, ""6"": 0.24997523427009583, ""7"": 0.22621075809001923, ""8"": 0.2220829278230667}","[30590, 18210, 15070, 11600, 1330]",jpeg_color_clustering_bic,-1,5,2868,0.03734375,8,3,3968,"{""1"": -175731.8491851565, ""2"": -265035.0991344182, ""3"": -291355.4173576138, ""4"": -478539.69054182013, ""5"": -489929.85543529864, ""6"": -506920.1687856794, ""7"": -550328.1002049807, ""8"": -554036.8816359758}","[50242, 13540, 10150, 988, 876, 483, 340, 181]","[50242, 13540, 10150]","[3, 4, 5, 6, 7]","[988, 876, 483, 340, 181]",bic,-554036.8816359758,ok
detexture_ade20k_multi,feature_cluster_coarse_global_pooled_predicted_k,training,118,training_ADE_train_00007945,detexture_multi_partition_v1,multi_partition_invariant,0.9262242187603542,0.8550821011687686,0.7661569439198411,2,8,2,1.0,0.7276666498715171,57768,79388,21620,2,2,True,hungarian_iou_assignment,"[0.9166634722275463, 0.935784965293162]","[{""pred_label"": 0, ""gt_label"": 1, ""iou"": 0.9166634722275463}, {""pred_label"": 1, ""gt_label"": 0, ""iou"": 0.935784965293162}]",fpn_2,fpn_2,72x72,1,3,3,24x24,pooled_avg_pool_multi_way,False,False,False,silhouette,0.2901211678981781,"{""2"": 0.2901211678981781, ""3"": 0.2845861613750458, ""4"": 0.28300830721855164, ""5"": 0.2824252247810364, ""6"": 0.23861636221408844, ""7"": 0.2556251287460327, ""8"": 0.257638156414032}","[45796, 33592]",jpeg_color_clustering_bic,-1,6,21620,0.2723333501284829,8,2,5526,"{""1"": -185143.9354669247, ""2"": -201651.6555316851, ""3"": -248871.74179279694, ""4"": -355411.23927718, ""5"": -356697.45025281055, ""6"": -437586.650980974, ""7"": -569148.8165086969, ""8"": -571410.1475534135}","[32728, 25040, 8612, 7417, 3710, 1547, 282, 52]","[32728, 25040]","[2, 3, 4, 5, 6, 7]","[8612, 7417, 3710, 1547, 282, 52]",bic,-571410.1475534135,ok
detexture_ade20k_multi,feature_cluster_coarse_global_pooled_predicted_k,training,119,training_ADE_train_00007947,detexture_multi_partition_v1,multi_partition_invariant,0.4486930339264414,0.5215928568580027,0.5527199321508863,3,8,2,0.0,0.971671401979034,198357,204140,5783,2,3,True,hungarian_iou_assignment,"[0.8256322421992365, 0.5204468595800876, 0.0]","[{""pred_label"": 0, ""gt_label"": 0, ""iou"": 0.8256322421992365}, {""pred_label"": 1, ""gt_label"": 1, ""iou"": 0.5204468595800876}, {""pred_label"": -1, ""gt_label"": 2, ""iou"": 0.0}]",fpn_2,fpn_2,72x72,1,3,3,24x24,pooled_avg_pool_multi_way,False,False,False,silhouette,0.3354862332344055,"{""2"": 0.3354862332344055, ""3"": 0.3173772096633911, ""4"": 0.31895357370376587, ""5"": 0.24736568331718445, ""6"": 0.23228274285793304, ""7"": 0.24743011593818665, ""8"": 0.2429397702217102}","[106870, 97270]",jpeg_color_clustering_bic,-1,5,5783,0.028328598020966003,8,3,6353,"{""1"": -357966.6281198167, ""2"": -732591.2041696735, ""3"": -810788.5112278868, ""4"": -1381698.9575956326, ""5"": -1425794.135167575, ""6"": -1469505.7631461266, ""7"": -1534609.2451317974, ""8"": -1596467.8818079506}","[86345, 76491, 35521, 2107, 1322, 998, 925, 431]","[86345, 76491, 35521]","[3, 4, 5, 6, 7]","[2107, 1322, 998, 925, 431]",bic,-1596467.8818079506,ok
detexture_ade20k_multi,feature_cluster_coarse_global_pooled_predicted_k,training,120,training_ADE_train_00007949,detexture_multi_partition_v1,multi_partition_invariant,0.679588092186128,0.8506485653777044,0.8060144487195097,3,8,4,0.0,0.7807300464527027,295803,378880,83077,4,3,True,hungarian_iou_assignment,"[0.9495626621364127, 0.8559249718241829, 0.9128647347839166, 0.0]","[{""pred_label"": 0, ""gt_label"": 0, ""iou"": 0.9495626621364127}, {""pred_label"": 1, ""gt_label"": 1, ""iou"": 0.8559249718241829}, {""pred_label"": 2, ""gt_label"": 2, ""iou"": 0.9128647347839166}, {""pred_label"": 3, ""gt_label"": -1, ""iou"": 0.0}]",fpn_2,fpn_2,72x72,1,3,3,24x24,pooled_avg_pool_multi_way,False,False,False,silhouette,0.3047044575214386,"{""2"": 0.26896536350250244, ""3"": 0.2720016837120056, ""4"": 0.3047044575214386, ""5"": 0.28094959259033203, ""6"": 0.2574909031391144, ""7"": 0.2907896041870117, ""8"": 0.2952430844306946}","[164738, 110098, 52875, 51169]",jpeg_color_clustering_bic,-1,5,83077,0.2192699535472973,8,3,10053,"{""1"": -604665.7824820861, ""2"": -860414.5581858662, ""3"": -1348010.500520799, ""4"": -1695069.4425052754, ""5"": -2664331.280492011, ""6"": -2746806.908087621, ""7"": -2860649.5621834826, ""8"": -2946162.3425009158}","[125180, 123854, 46769, 43112, 34609, 2514, 1805, 1037]","[125180, 123854, 46769]","[3, 4, 5, 6, 7]","[43112, 34609, 2514, 1805, 1037]",bic,-2946162.3425009158,ok
detexture_ade20k_multi,feature_cluster_coarse_global_pooled_predicted_k,training,121,training_ADE_train_00007950,detexture_multi_partition_v1,multi_partition_invariant,0.24701392498532068,0.4908198137390084,0.6266007206239856,3,8,7,0.0,0.9592444444444445,64749,67500,2751,7,3,True,hungarian_iou_assignment,"[0.9177858169384013, 0.3007004241100116, 0.0, 0.0, 0.5106112338488318, 0.0, 0.0]","[{""pred_label"": 0, ""gt_label"": 1, ""iou"": 0.9177858169384013}, {""pred_label"": 1, ""gt_label"": 0, ""iou"": 0.3007004241100116}, {""pred_label"": 2, ""gt_label"": -1, ""iou"": 0.0}, {""pred_label"": 3, ""gt_label"": -1, ""iou"": 0.0}, {""pred_label"": 4, ""gt_label"": 2, ""iou"": 0.5106112338488318}, {""pred_label"": 5, ""gt_label"": -1, ""iou"": 0.0}, {""pred_label"": 6, ""gt_label"": -1, ""iou"": 0.0}]",fpn_2,fpn_2,72x72,1,3,3,24x24,pooled_avg_pool_multi_way,False,False,False,silhouette,0.3450392186641693,"{""2"": 0.23735183477401733, ""3"": 0.30722033977508545, ""4"": 0.3449697196483612, ""5"": 0.33600276708602905, ""6"": 0.3409004211425781, ""7"": 0.3450392186641693, ""8"": 0.34156835079193115}","[19341, 10514, 9100, 9067, 8745, 6462, 4271]",jpeg_color_clustering_bic,-1,5,2751,0.04075555555555556,8,3,3455,"{""1"": -131501.801350221, ""2"": -136469.03858712813, ""3"": -240450.96997918928, ""4"": -443297.48654320446, ""5"": -462338.0000132462, ""6"": -498194.7609326767, ""7"": -520778.2887745844, ""8"": -527867.8234666067}","[30284, 20178, 14287, 804, 719, 705, 311, 212]","[30284, 20178, 14287]","[3, 4, 5, 6, 7]","[804, 719, 705, 311, 212]",bic,-527867.8234666067,ok
detexture_ade20k_multi,feature_cluster_coarse_global_pooled_predicted_k,training,122,training_ADE_train_00008044,detexture_multi_partition_v1,multi_partition_invariant,0.5191862373838223,0.813568403980356,0.757873325713274,3,8,2,0.0,0.9604203539823009,86822,90400,3578,2,3,True,hungarian_iou_assignment,"[0.9770968683845536, 0.5804618437669132, 0.0]","[{""pred_label"": 0, ""gt_label"": 0, ""iou"": 0.9770968683845536}, {""pred_label"": 1, ""gt_label"": 1, ""iou"": 0.5804618437669132}, {""pred_label"": -1, ""gt_label"": 2, ""iou"": 0.0}]",fpn_2,fpn_2,72x72,1,3,3,24x24,pooled_avg_pool_multi_way,False,False,False,silhouette,0.34479832649230957,"{""2"": 0.34479832649230957, ""3"": 0.3291131258010864, ""4"": 0.2877817153930664, ""5"": 0.2946731746196747, ""6"": 0.2980494499206543, ""7"": 0.24489837884902954, ""8"": 0.25628790259361267}","[54720, 35680]",jpeg_color_clustering_bic,-1,5,3578,0.039579646017699116,8,3,4999,"{""1"": -170457.23546823463, ""2"": -176563.0479293331, ""3"": -356461.3802316297, ""4"": -572511.4396853527, ""5"": -595500.321130586, ""6"": -627507.4550258152, ""7"": -671327.975196042, ""8"": -680412.483980288}","[54773, 19305, 12744, 1137, 882, 657, 568, 334]","[54773, 19305, 12744]","[3, 4, 5, 6, 7]","[1137, 882, 657, 568, 334]",bic,-680412.483980288,ok
detexture_ade20k_multi,feature_cluster_coarse_global_pooled_predicted_k,training,123,training_ADE_train_00008081,detexture_multi_partition_v1,multi_partition_invariant,0.3767889016744171,0.24670851690136678,0.3634001019754882,3,8,2,0.0,0.857452392578125,56194,65536,9342,2,3,True,hungarian_iou_assignment,"[0.5826816624198226, 0.5476850426034288, 0.0]","[{""pred_label"": 0, ""gt_label"": 0, ""iou"": 0.5826816624198226}, {""pred_label"": 1, ""gt_label"": 1, ""iou"": 0.5476850426034288}, {""pred_label"": -1, ""gt_label"": 2, ""iou"": 0.0}]",fpn_2,fpn_2,72x72,1,3,3,24x24,pooled_avg_pool_multi_way,False,False,False,silhouette,0.2269800454378128,"{""2"": 0.2269800454378128, ""3"": 0.20679119229316711, ""4"": 0.18881718814373016, ""5"": 0.1706748604774475, ""6"": 0.17679646611213684, ""7"": 0.17497876286506653, ""8"": 0.18337638676166534}","[41035, 24501]",jpeg_color_clustering_bic,-1,5,9342,0.142547607421875,8,3,9485,"{""1"": -128690.50746637753, ""2"": -139053.57295556553, ""3"": -239405.9980682804, ""4"": -266925.17948772875, ""5"": -281982.05703490996, ""6"": -286995.9217755384, ""7"": -394597.27541071345, ""8"": -400325.0830445399}","[35246, 10762, 10186, 4719, 1686, 1530, 960, 447]","[35246, 10762, 10186]","[3, 4, 5, 6, 7]","[4719, 1686, 1530, 960, 447]",bic,-400325.0830445399,ok
detexture_ade20k_multi,feature_cluster_coarse_global_pooled_predicted_k,training,124,training_ADE_train_00008095,detexture_multi_partition_v1,multi_partition_invariant,0.9649901668838209,0.9310817293594918,0.8780592259440958,2,8,2,1.0,0.8477020263671875,55555,65536,9981,2,2,True,hungarian_iou_assignment,"[0.9606034866318812, 0.9693768471357606]","[{""pred_label"": 0, ""gt_label"": 1, ""iou"": 0.9606034866318812}, {""pred_label"": 1, ""gt_label"": 0, ""iou"": 0.9693768471357606}]",fpn_2,fpn_2,72x72,1,3,3,24x24,pooled_avg_pool_multi_way,False,False,False,silhouette,0.2614721953868866,"{""2"": 0.2614721953868866, ""3"": 0.21919649839401245, ""4"": 0.17662914097309113, ""5"": 0.20920313894748688, ""6"": 0.21030563116073608, ""7"": 0.21456386148929596, ""8"": 0.20899656414985657}","[34006, 31530]",jpeg_color_clustering_bic,-1,6,9981,0.1522979736328125,8,2,5739,"{""1"": -118565.62052144656, ""2"": -126641.11450041468, ""3"": -249075.61759945672, ""4"": -321195.388419538, ""5"": -383419.62936794903, ""6"": -393424.8062447764, ""7"": -426356.2654157409, ""8"": -429155.7516786539}","[31658, 23897, 3868, 2598, 1135, 1084, 967, 329]","[31658, 23897]","[2, 3, 4, 5, 6, 7]","[3868, 2598, 1135, 1084, 967, 329]",bic,-429155.7516786539,ok
detexture_ade20k_multi,feature_cluster_coarse_global_pooled_predicted_k,training,125,training_ADE_train_00008120,detexture_multi_partition_v1,multi_partition_invariant,0.43301076476644185,0.05390312980633042,0.03637220525986524,2,8,2,1.0,0.7257843017578125,47565,65536,17971,2,2,True,hungarian_iou_assignment,"[0.5189291937272296, 0.3470923358056541]","[{""pred_label"": 0, ""gt_label"": 0, ""iou"": 0.5189291937272296}, {""pred_label"": 1, ""gt_label"": 1, ""iou"": 0.3470923358056541}]",fpn_2,fpn_2,72x72,1,3,3,24x24,pooled_avg_pool_multi_way,False,False,False,silhouette,0.22535838186740875,"{""2"": 0.22535838186740875, ""3"": 0.2124982625246048, ""4"": 0.2130115032196045, ""5"": 0.208795964717865, ""6"": 0.19180496037006378, ""7"": 0.19362665712833405, ""8"": 0.20705300569534302}","[40384, 25152]",jpeg_color_clustering_bic,-1,6,17971,0.2742156982421875,8,2,11956,"{""1"": -148422.0790927562, ""2"": -165487.70668732072, ""3"": -238456.77444290248, ""4"": -259106.84892186534, ""5"": -296488.46375718416, ""6"": -317873.2914860748, ""7"": -328842.00863342837, ""8"": -339759.44951863383}","[31763, 15802, 6336, 4051, 3547, 2144, 1060, 833]","[31763, 15802]","[2, 3, 4, 5, 6, 7]","[6336, 4051, 3547, 2144, 1060, 833]",bic,-339759.44951863383,ok
detexture_ade20k_multi,feature_cluster_coarse_global_pooled_predicted_k,training,126,training_ADE_train_00008137,detexture_multi_partition_v1,multi_partition_invariant,0.36843805524147955,-0.040533826127700984,0.026077314389865724,2,8,2,1.0,0.7557373046875,49528,65536,16008,2,2,True,hungarian_iou_assignment,"[0.7368761104829591, 0.0]","[{""pred_label"": 0, ""gt_label"": 0, ""iou"": 0.7368761104829591}, {""pred_label"": 1, ""gt_label"": 1, ""iou"": 0.0}]",fpn_2,fpn_2,72x72,1,3,3,24x24,pooled_avg_pool_multi_way,False,False,False,silhouette,0.33492007851600647,"{""2"": 0.33492007851600647, ""3"": 0.3057235777378082, ""4"": 0.3003804385662079, ""5"": 0.29010331630706787, ""6"": 0.2790502607822418, ""7"": 0.26890087127685547, ""8"": 0.25794026255607605}","[57344, 8192]",jpeg_color_clustering_bic,-1,6,16008,0.2442626953125,8,2,6954,"{""1"": -131888.19443888759, ""2"": -152188.18640637372, ""3"": -193752.6096541117, ""4"": -249409.41873391668, ""5"": -416212.1723333862, ""6"": -425860.64659892174, ""7"": -437601.44274665305, ""8"": -442103.7649183165}","[38162, 11366, 7143, 6402, 1622, 577, 197, 67]","[38162, 11366]","[2, 3, 4, 5, 6, 7]","[7143, 6402, 1622, 577, 197, 67]",bic,-442103.7649183165,ok
detexture_ade20k_multi,feature_cluster_coarse_global_pooled_predicted_k,training,127,training_ADE_train_00008148,detexture_multi_partition_v1,multi_partition_invariant,0.49542567155610945,0.6324582693459789,0.57878732024132,3,8,2,0.0,0.868255615234375,56902,65536,8634,2,3,True,hungarian_iou_assignment,"[0.8945532683504095, 0.5917237463179189, 0.0]","[{""pred_label"": 0, ""gt_label"": 0, ""iou"": 0.8945532683504095}, {""pred_label"": 1, ""gt_label"": 1, ""iou"": 0.5917237463179189}, {""pred_label"": -1, ""gt_label"": 2, ""iou"": 0.0}]",fpn_2,fpn_2,72x72,1,3,3,24x24,pooled_avg_pool_multi_way,False,False,False,silhouette,0.28313207626342773,"{""2"": 0.28313207626342773, ""3"": 0.26997649669647217, ""4"": 0.2478916347026825, ""5"": 0.2142137736082077, ""6"": 0.19575613737106323, ""7"": 0.2364474982023239, ""8"": 0.23170535266399384}","[37252, 28284]",jpeg_color_clustering_bic,-1,5,8634,0.131744384765625,8,3,8663,"{""1"": -145567.39387237304, ""2"": -169169.90333152443, ""3"": -219676.82767972225, ""4"": -303759.9525130135, ""5"": -362984.9254593082, ""6"": -408158.8565817603, ""7"": -417084.6548606611, ""8"": -421312.5144247305}","[29820, 18964, 8118, 3249, 2440, 1784, 613, 548]","[29820, 18964, 8118]","[3, 4, 5, 6, 7]","[3249, 2440, 1784, 613, 548]",bic,-421312.5144247305,ok
detexture_ade20k_multi,feature_cluster_coarse_global_pooled_predicted_k,training,128,training_ADE_train_00008157,detexture_multi_partition_v1,multi_partition_invariant,0.9076934908839518,0.8456919552527887,0.7482408660234867,2,8,2,1.0,0.733154296875,48048,65536,17488,2,2,True,hungarian_iou_assignment,"[0.9492354909171344, 0.8661514908507691]","[{""pred_label"": 0, ""gt_label"": 0, ""iou"": 0.9492354909171344}, {""pred_label"": 1, ""gt_label"": 1, ""iou"": 0.8661514908507691}]",fpn_2,fpn_2,72x72,1,3,3,24x24,pooled_avg_pool_multi_way,False,False,False,silhouette,0.30473533272743225,"{""2"": 0.30473533272743225, ""3"": 0.24463823437690735, ""4"": 0.2608146667480469, ""5"": 0.2554115056991577, ""6"": 0.24969938397407532, ""7"": 0.24525240063667297, ""8"": 0.24272070825099945}","[46787, 18749]",jpeg_color_clustering_bic,-1,6,17488,0.266845703125,8,2,9177,"{""1"": -127984.32171521752, ""2"": -143051.7070404657, ""3"": -227237.12261115963, ""4"": -244092.73829692794, ""5"": -271532.5902636461, ""6"": -371627.9698726958, ""7"": -396811.3355583506, ""8"": -415618.9013049886}","[35936, 12112, 7115, 4002, 2208, 1777, 1714, 672]","[35936, 12112]","[2, 3, 4, 5, 6, 7]","[7115, 4002, 2208, 1777, 1714, 672]",bic,-415618.9013049886,ok
detexture_ade20k_multi,feature_cluster_coarse_global_pooled_predicted_k,training,129,training_ADE_train_00008204,detexture_multi_partition_v1,multi_partition_invariant,0.5202112230355319,0.7705081057857873,0.7108357804689519,3,8,2,0.0,0.7484272053440703,261722,349696,87974,2,3,True,hungarian_iou_assignment,"[0.9644009387910802, 0.5962327303155156, 0.0]","[{""pred_label"": 0, ""gt_label"": 0, ""iou"": 0.9644009387910802}, {""pred_label"": 1, ""gt_label"": 1, ""iou"": 0.5962327303155156}, {""pred_label"": -1, ""gt_label"": 2, ""iou"": 0.0}]",fpn_2,fpn_2,72x72,1,3,3,24x24,pooled_avg_pool_multi_way,False,False,False,silhouette,0.3423944115638733,"{""2"": 0.3423944115638733, ""3"": 0.27087879180908203, ""4"": 0.2108730524778366, ""5"": 0.19649288058280945, ""6"": 0.21963730454444885, ""7"": 0.23437939584255219, ""8"": 0.22851088643074036}","[194448, 155248]",jpeg_color_clustering_bic,-1,5,87974,0.25157279465592974,8,3,26689,"{""1"": -818804.1730546204, ""2"": -900600.1868069947, ""3"": -1102114.4073685564, ""4"": -1408824.3287087388, ""5"": -1472710.1836976544, ""6"": -1600556.3831591634, ""7"": -1669831.8123404256, ""8"": -1693465.3736370471}","[151669, 65938, 44115, 32599, 31773, 12580, 6056, 4966]","[151669, 65938, 44115]","[3, 4, 5, 6, 7]","[32599, 31773, 12580, 6056, 4966]",bic,-1693465.3736370471,ok
detexture_ade20k_multi,feature_cluster_coarse_global_pooled_predicted_k,training,130,training_ADE_train_00008211,detexture_multi_partition_v1,multi_partition_invariant,0.30757361505381353,0.3653218870984245,0.3980038564239766,4,8,2,0.0,0.7699509063001628,131426,170694,39268,2,4,True,hungarian_iou_assignment,"[0.5628540420350469, 0.6674404181802073, 0.0, 0.0]","[{""pred_label"": 0, ""gt_label"": 0, ""iou"": 0.5628540420350469}, {""pred_label"": 1, ""gt_label"": 1, ""iou"": 0.6674404181802073}, {""pred_label"": -1, ""gt_label"": 2, ""iou"": 0.0}, {""pred_label"": -1, ""gt_label"": 3, ""iou"": 0.0}]",fpn_2,fpn_2,72x72,1,3,3,24x24,pooled_avg_pool_multi_way,False,False,False,silhouette,0.3142220079898834,"{""2"": 0.3142220079898834, ""3"": 0.30406999588012695, ""4"": 0.2817710340023041, ""5"": 0.2750205993652344, ""6"": 0.25718677043914795, ""7"": 0.26223766803741455, ""8"": 0.26903364062309265}","[96322, 74372]",jpeg_color_clustering_bic,-1,4,39268,0.23004909369983714,8,4,19693,"{""1"": -289306.2775792897, ""2"": -382383.7492054489, ""3"": -442113.9763751257, ""4"": -569400.8387007945, ""5"": -629860.2525280768, ""6"": -728236.2618020854, ""7"": -765295.9629956939, ""8"": -766716.0912478433}","[42783, 37976, 28782, 21885, 18546, 16670, 3827, 225]","[42783, 37976, 28782, 21885]","[4, 5, 6, 7]","[18546, 16670, 3827, 225]",bic,-766716.0912478433,ok
detexture_ade20k_multi,feature_cluster_coarse_global_pooled_predicted_k,training,131,training_ADE_train_00008213,detexture_multi_partition_v1,multi_partition_invariant,0.38169570755084414,0.6306254694407115,0.567167041250662,2,8,4,0.0,0.7827301025390625,51297,65536,14239,4,2,True,hungarian_iou_assignment,"[0.8858467491694959, 0.6409360810338806, 0.0, 0.0]","[{""pred_label"": 0, ""gt_label"": 0, ""iou"": 0.8858467491694959}, {""pred_label"": 1, ""gt_label"": 1, ""iou"": 0.6409360810338806}, {""pred_label"": 2, ""gt_label"": -1, ""iou"": 0.0}, {""pred_label"": 3, ""gt_label"": -1, ""iou"": 0.0}]",fpn_2,fpn_2,72x72,1,3,3,24x24,pooled_avg_pool_multi_way,False,False,False,silhouette,0.30918964743614197,"{""2"": 0.2620023190975189, ""3"": 0.28441306948661804, ""4"": 0.30918964743614197, ""5"": 0.30319246649742126, ""6"": 0.2773500680923462, ""7"": 0.26085928082466125, ""8"": 0.21494229137897491}","[24851, 19793, 10926, 9966]",jpeg_color_clustering_bic,-1,6,14239,0.2172698974609375,8,2,8920,"{""1"": -125947.43556739025, ""2"": -132678.28472825256, ""3"": -244277.06029136784, ""4"": -275606.97435905476, ""5"": -303517.03778231755, ""6"": -312007.69095101743, ""7"": -413958.98355104047, ""8"": -415692.66917121684}","[27238, 24059, 7736, 2755, 1422, 1228, 1012, 86]","[27238, 24059]","[2, 3, 4, 5, 6, 7]","[7736, 2755, 1422, 1228, 1012, 86]",bic,-415692.66917121684,ok
detexture_ade20k_multi,feature_cluster_coarse_global_pooled_predicted_k,training,132,training_ADE_train_00008222,detexture_multi_partition_v1,multi_partition_invariant,0.47285486613452193,0.3772730346072951,0.520613872709088,3,8,2,0.0,0.7982476207906296,279144,349696,70552,2,3,True,hungarian_iou_assignment,"[0.5172252741142718, 0.9013393242892941, 0.0]","[{""pred_label"": 0, ""gt_label"": 0, ""iou"": 0.5172252741142718}, {""pred_label"": 1, ""gt_label"": 2, ""iou"": 0.9013393242892941}, {""pred_label"": -1, ""gt_label"": 1, ""iou"": 0.0}]",fpn_2,fpn_2,72x72,1,3,3,24x24,pooled_avg_pool_multi_way,False,False,False,silhouette,0.3309992551803589,"{""2"": 0.3309992551803589, ""3"": 0.27353349328041077, ""4"": 0.25566089153289795, ""5"": 0.24838852882385254, ""6"": 0.28967782855033875, ""7"": 0.2820338010787964, ""8"": 0.2906024754047394}","[262649, 87047]",jpeg_color_clustering_bic,-1,5,70552,0.20175237920937042,8,3,15402,"{""1"": -690330.2707278802, ""2"": -832753.3708509023, ""3"": -1098334.6064727558, ""4"": -1237132.2299517058, ""5"": -1844177.7436934162, ""6"": -1926730.7260360578, ""7"": -1944918.4933308645, ""8"": -2388416.4415273424}","[118394, 107172, 53578, 33138, 17533, 14436, 4389, 1056]","[118394, 107172, 53578]","[3, 4, 5, 6, 7]","[33138, 17533, 14436, 4389, 1056]",bic,-2388416.4415273424,ok
detexture_ade20k_multi,feature_cluster_coarse_global_pooled_predicted_k,training,133,training_ADE_train_00008235,detexture_multi_partition_v1,multi_partition_invariant,0.4920826203427713,0.5352863659806796,0.5785521445555775,4,8,3,0.0,0.9622904459635416,378388,393216,14828,3,4,True,hungarian_iou_assignment,"[0.7702315350379814, 0.44141958047345026, 0.7566793658596535, 0.0]","[{""pred_label"": 0, ""gt_label"": 0, ""iou"": 0.7702315350379814}, {""pred_label"": 1, ""gt_label"": 3, ""iou"": 0.44141958047345026}, {""pred_label"": 2, ""gt_label"": 2, ""iou"": 0.7566793658596535}, {""pred_label"": -1, ""gt_label"": 1, ""iou"": 0.0}]",fpn_2,fpn_2,72x72,1,3,3,24x24,pooled_avg_pool_multi_way,False,False,False,silhouette,0.2609611749649048,"{""2"": 0.21167396008968353, ""3"": 0.2609611749649048, ""4"": 0.21031588315963745, ""5"": 0.23288361728191376, ""6"": 0.22407828271389008, ""7"": 0.23090049624443054, ""8"": 0.24488933384418488}","[169408, 135904, 87904]",jpeg_color_clustering_bic,-1,4,14828,0.037709554036458336,8,4,12857,"{""1"": -864133.1126654434, ""2"": -937523.0965222218, ""3"": -1197214.3686695485, ""4"": -1570409.5567135382, ""5"": -2553334.881961904, ""6"": -2594602.6829755236, ""7"": -2963565.17839727, ""8"": -3008305.300846707}","[142856, 116078, 62152, 57302, 7113, 4376, 2207, 1132]","[142856, 116078, 62152, 57302]","[4, 5, 6, 7]","[7113, 4376, 2207, 1132]",bic,-3008305.300846707,ok
detexture_ade20k_multi,feature_cluster_coarse_global_pooled_predicted_k,training,134,training_ADE_train_00008575,detexture_multi_partition_v1,multi_partition_invariant,0.633717698731894,0.7942712848277605,0.749617007249213,4,8,5,0.0,0.8406380208333334,64561,76800,12239,5,4,True,hungarian_iou_assignment,"[0.7330133399825458, 0.9340201245807379, 0.8819272230376031, 0.619627806058583, 0.0]","[{""pred_label"": 0, ""gt_label"": 2, ""iou"": 0.7330133399825458}, {""pred_label"": 1, ""gt_label"": 0, ""iou"": 0.9340201245807379}, {""pred_label"": 2, ""gt_label"": 1, ""iou"": 0.8819272230376031}, {""pred_label"": 3, ""gt_label"": 3, ""iou"": 0.619627806058583}, {""pred_label"": 4, ""gt_label"": -1, ""iou"": 0.0}]",fpn_2,fpn_2,72x72,1,3,3,24x24,pooled_avg_pool_multi_way,False,False,False,silhouette,0.3124801218509674,"{""2"": 0.27559471130371094, ""3"": 0.26258328557014465, ""4"": 0.2973460555076599, ""5"": 0.3124801218509674, ""6"": 0.29451310634613037, ""7"": 0.2755802869796753, ""8"": 0.22297872602939606}","[22270, 21070, 17750, 8140, 7570]",jpeg_color_clustering_bic,-1,4,12239,0.15936197916666667,8,4,9514,"{""1"": -113037.77213389726, ""2"": -163895.64270813385, ""3"": -206477.89417857688, ""4"": -306071.0994349397, ""5"": -332704.0962231289, ""6"": -337465.3062810968, ""7"": -401455.25405153853, ""8"": -405425.3836918001}","[19695, 19512, 13729, 11625, 8744, 1520, 1271, 704]","[19695, 19512, 13729, 11625]","[4, 5, 6, 7]","[8744, 1520, 1271, 704]",bic,-405425.3836918001,ok
detexture_ade20k_multi,feature_cluster_coarse_global_pooled_predicted_k,training,135,training_ADE_train_00008647,detexture_multi_partition_v1,multi_partition_invariant,0.5913430014373328,0.5566116655428591,0.67287790800681,4,8,5,0.0,0.8737303257686676,305540,349696,44156,5,4,True,hungarian_iou_assignment,"[0.8139118638958495, 0.4849490647962592, 0.7607311354887262, 0.8971229430058292, 0.0]","[{""pred_label"": 0, ""gt_label"": 3, ""iou"": 0.8139118638958495}, {""pred_label"": 1, ""gt_label"": 0, ""iou"": 0.4849490647962592}, {""pred_label"": 2, ""gt_label"": 2, ""iou"": 0.7607311354887262}, {""pred_label"": 3, ""gt_label"": 1, ""iou"": 0.8971229430058292}, {""pred_label"": 4, ""gt_label"": -1, ""iou"": 0.0}]",fpn_2,fpn_2,72x72,1,3,3,24x24,pooled_avg_pool_multi_way,False,False,False,silhouette,0.28907454013824463,"{""2"": 0.23106485605239868, ""3"": 0.21936696767807007, ""4"": 0.26196685433387756, ""5"": 0.28907454013824463, ""6"": 0.26677122712135315, ""7"": 0.25444114208221436, ""8"": 0.253961443901062}","[80809, 72103, 70117, 64028, 62639]",jpeg_color_clustering_bic,-1,4,44156,0.12626967423133237,8,4,9360,"{""1"": -596068.2159776009, ""2"": -865395.7843582231, ""3"": -1222577.3490979213, ""4"": -1766842.5698838308, ""5"": -1773725.4322960137, ""6"": -2730355.361434536, ""7"": -2879604.957904045, ""8"": -2905635.428959034}","[142837, 58805, 53721, 50177, 40286, 2801, 721, 348]","[142837, 58805, 53721, 50177]","[4, 5, 6, 7]","[40286, 2801, 721, 348]",bic,-2905635.428959034,ok
detexture_ade20k_multi,feature_cluster_coarse_global_pooled_predicted_k,training,136,training_ADE_train_00008660,detexture_multi_partition_v1,multi_partition_invariant,0.9332985942679279,0.8667637600495443,0.7868780976363949,2,8,2,1.0,0.837755714941879,71133,84909,13776,2,2,True,hungarian_iou_assignment,"[0.933866925377961, 0.9327302631578948]","[{""pred_label"": 0, ""gt_label"": 0, ""iou"": 0.933866925377961}, {""pred_label"": 1, ""gt_label"": 1, ""iou"": 0.9327302631578948}]",fpn_2,fpn_2,72x72,1,3,3,24x24,pooled_avg_pool_multi_way,False,False,False,silhouette,0.3093784749507904,"{""2"": 0.3093784749507904, ""3"": 0.27525779604911804, ""4"": 0.29255712032318115, ""5"": 0.21740780770778656, ""6"": 0.21106189489364624, ""7"": 0.23850975930690765, ""8"": 0.22329255938529968}","[47773, 37136]",jpeg_color_clustering_bic,-1,6,13776,0.16224428505812105,8,2,9451,"{""1"": -196211.12343649153, ""2"": -285831.95647816564, ""3"": -312992.1076224657, ""4"": -338436.9153923252, ""5"": -387338.2467809447, ""6"": -400048.09278735676, ""7"": -414881.9847645971, ""8"": -416497.20575783815}","[36335, 34798, 6824, 2437, 2385, 945, 888, 297]","[36335, 34798]","[2, 3, 4, 5, 6, 7]","[6824, 2437, 2385, 945, 888, 297]",bic,-416497.20575783815,ok
detexture_ade20k_multi,feature_cluster_coarse_global_pooled_predicted_k,training,137,training_ADE_train_00008661,detexture_multi_partition_v1,multi_partition_invariant,0.3764888197882094,0.6572154551264423,0.7317134282076023,3,8,6,0.0,0.9560835798816568,330912,346112,15200,6,3,True,hungarian_iou_assignment,"[0.931086367739994, 0.9519960900714038, 0.3758504609178586, 0.0, 0.0, 0.0]","[{""pred_label"": 0, ""gt_label"": 1, ""iou"": 0.931086367739994}, {""pred_label"": 1, ""gt_label"": 2, ""iou"": 0.9519960900714038}, {""pred_label"": 2, ""gt_label"": 0, ""iou"": 0.3758504609178586}, {""pred_label"": 3, ""gt_label"": -1, ""iou"": 0.0}, {""pred_label"": 4, ""gt_label"": -1, ""iou"": 0.0}, {""pred_label"": 5, ""gt_label"": -1, ""iou"": 0.0}]",fpn_2,fpn_2,72x72,1,3,3,24x24,pooled_avg_pool_multi_way,False,False,False,silhouette,0.2944401800632477,"{""2"": 0.277468204498291, ""3"": 0.23500670492649078, ""4"": 0.2935943007469177, ""5"": 0.28732267022132874, ""6"": 0.2944401800632477, ""7"": 0.27745237946510315, ""8"": 0.25808560848236084}","[105347, 83588, 53735, 51755, 34970, 16717]",jpeg_color_clustering_bic,-1,5,15200,0.043916420118343194,8,3,8036,"{""1"": -803168.5428013873, ""2"": -826881.3541005328, ""3"": -1035137.0980661222, ""4"": -1889500.706552306, ""5"": -1905709.1234366766, ""6"": -2446773.292648853, ""7"": -2483836.54007276, ""8"": -2507264.6208513277}","[140806, 107694, 82412, 9551, 2104, 1614, 1421, 510]","[140806, 107694, 82412]","[3, 4, 5, 6, 7]","[9551, 2104, 1614, 1421, 510]",bic,-2507264.6208513277,ok
detexture_ade20k_multi,feature_cluster_coarse_global_pooled_predicted_k,training,138,training_ADE_train_00008665,detexture_multi_partition_v1,multi_partition_invariant,0.6203966728904207,0.6988048328965369,0.724497827376552,4,8,3,0.0,0.9810467888327206,273249,278528,5279,3,4,True,hungarian_iou_assignment,"[0.7678865672468465, 0.8477842003853564, 0.86591592392948, 0.0]","[{""pred_label"": 0, ""gt_label"": 0, ""iou"": 0.7678865672468465}, {""pred_label"": 1, ""gt_label"": 1, ""iou"": 0.8477842003853564}, {""pred_label"": 2, ""gt_label"": 2, ""iou"": 0.86591592392948}, {""pred_label"": -1, ""gt_label"": 3, ""iou"": 0.0}]",fpn_2,fpn_2,72x72,1,3,3,24x24,pooled_avg_pool_multi_way,False,False,False,silhouette,0.4237755835056305,"{""2"": 0.36868539452552795, ""3"": 0.4237755835056305, ""4"": 0.39832359552383423, ""5"": 0.3782441020011902, ""6"": 0.37385061383247375, ""7"": 0.36242759227752686, ""8"": 0.359749436378479}","[145368, 75239, 57921]",jpeg_color_clustering_bic,-1,4,5279,0.01895321116727941,8,4,9513,"{""1"": -552474.7801155165, ""2"": -565206.8894616634, ""3"": -931452.4440631786, ""4"": -1228429.3650834898, ""5"": -1282832.3659298662, ""6"": -1961476.813887379, ""7"": -1975553.1306427643, ""8"": -2040586.8268628651}","[110931, 76717, 50860, 34741, 2285, 1517, 881, 596]","[110931, 76717, 50860, 34741]","[4, 5, 6, 7]","[2285, 1517, 881, 596]",bic,-2040586.8268628651,ok
detexture_ade20k_multi,feature_cluster_coarse_global_pooled_predicted_k,training,139,training_ADE_train_00008666,detexture_multi_partition_v1,multi_partition_invariant,0.6790279834001608,0.8206361243587704,0.8133920529596742,3,8,4,0.0,0.8447422904465594,295403,349696,54293,4,3,True,hungarian_iou_assignment,"[0.8598005382716373, 0.9909156788653657, 0.8653957164636402, 0.0]","[{""pred_label"": 0, ""gt_label"": 0, ""iou"": 0.8598005382716373}, {""pred_label"": 1, ""gt_label"": 1, ""iou"": 0.9909156788653657}, {""pred_label"": 2, ""gt_label"": 2, ""iou"": 0.8653957164636402}, {""pred_label"": 3, ""gt_label"": -1, ""iou"": 0.0}]",fpn_2,fpn_2,72x72,1,3,3,24x24,pooled_avg_pool_multi_way,False,False,False,silhouette,0.3925897181034088,"{""2"": 0.2979350686073303, ""3"": 0.3442448377609253, ""4"": 0.3925897181034088, ""5"": 0.3645223379135132, ""6"": 0.3751416802406311, ""7"": 0.3751773238182068, ""8"": 0.3449166715145111}","[141165, 79761, 64849, 63921]",jpeg_color_clustering_bic,-1,5,54293,0.1552577095534407,8,3,12817,"{""1"": -679155.2943571663, ""2"": -687727.5703087344, ""3"": -952292.2634068587, ""4"": -1016457.431947011, ""5"": -1490062.4553831145, ""6"": -2205932.957687747, ""7"": -2432583.080286189, ""8"": -2432701.283175704}","[151613, 77268, 66522, 38847, 11553, 2320, 1572, 1]","[151613, 77268, 66522]","[3, 4, 5, 6, 7]","[38847, 11553, 2320, 1572, 1]",bic,-2432701.283175704,ok
detexture_ade20k_multi,feature_cluster_coarse_global_pooled_predicted_k,training,140,training_ADE_train_00008667,detexture_multi_partition_v1,multi_partition_invariant,0.9333163399777404,0.8762323558129708,0.7981481227791549,2,8,2,1.0,0.8198172575101833,412191,502784,90593,2,2,True,hungarian_iou_assignment,"[0.9518510340766909, 0.9147816458787899]","[{""pred_label"": 0, ""gt_label"": 0, ""iou"": 0.9518510340766909}, {""pred_label"": 1, ""gt_label"": 1, ""iou"": 0.9147816458787899}]",fpn_2,fpn_2,72x72,1,3,3,24x24,pooled_avg_pool_multi_way,False,False,False,silhouette,0.3338225483894348,"{""2"": 0.3338225483894348, ""3"": 0.3297933042049408, ""4"": 0.23316587507724762, ""5"": 0.25607141852378845, ""6"": 0.2524726688861847, ""7"": 0.2639036476612091, ""8"": 0.2576660215854645}","[286897, 215887]",jpeg_color_clustering_bic,-1,6,90593,0.1801827424898167,8,2,12151,"{""1"": -1313551.0790459665, ""2"": -1332804.7223872533, ""3"": -1742999.3389705492, ""4"": -1756135.3020975457, ""5"": -1816467.79991821, ""6"": -3457831.010882928, ""7"": -3588006.439028563, ""8"": -3882157.6709985845}","[269673, 142518, 59739, 24358, 2425, 1899, 1496, 676]","[269673, 142518]","[2, 3, 4, 5, 6, 7]","[59739, 24358, 2425, 1899, 1496, 676]",bic,-3882157.6709985845,ok
detexture_ade20k_multi,feature_cluster_coarse_global_pooled_predicted_k,training,141,training_ADE_train_00008671,detexture_multi_partition_v1,multi_partition_invariant,0.7744328711594595,0.5622978260646263,0.560846877463953,2,8,2,1.0,0.8396006817349927,293605,349696,56091,2,2,True,hungarian_iou_assignment,"[0.8014695148654567, 0.7473962274534623]","[{""pred_label"": 0, ""gt_label"": 0, ""iou"": 0.8014695148654567}, {""pred_label"": 1, ""gt_label"": 1, ""iou"": 0.7473962274534623}]",fpn_2,fpn_2,72x72,1,3,3,24x24,pooled_avg_pool_multi_way,False,False,False,silhouette,0.31780117750167847,"{""2"": 0.31780117750167847, ""3"": 0.28730523586273193, ""4"": 0.29592472314834595, ""5"": 0.27501532435417175, ""6"": 0.22775714099407196, ""7"": 0.21021217107772827, ""8"": 0.21041880548000336}","[177488, 172208]",jpeg_color_clustering_bic,-1,6,56091,0.1603993182650073,8,2,10603,"{""1"": -722977.7573232288, ""2"": -735956.8598283288, ""3"": -1517227.426901099, ""4"": -2015285.9742534715, ""5"": -2287332.905470398, ""6"": -2539269.745467058, ""7"": -2623384.79780276, ""8"": -2691811.735745499}","[184959, 108646, 30582, 10773, 9768, 2306, 1871, 791]","[184959, 108646]","[2, 3, 4, 5, 6, 7]","[30582, 10773, 9768, 2306, 1871, 791]",bic,-2691811.735745499,ok
detexture_ade20k_multi,feature_cluster_coarse_global_pooled_predicted_k,training,142,training_ADE_train_00008674,detexture_multi_partition_v1,multi_partition_invariant,0.29029028257843575,0.37898304335397587,0.5642755767641077,2,8,5,0.0,0.7451257789589443,260186,349184,88998,5,2,True,hungarian_iou_assignment,"[0.5490617302521482, 0.0, 0.0, 0.9023896826400304, 0.0]","[{""pred_label"": 0, ""gt_label"": 0, ""iou"": 0.5490617302521482}, {""pred_label"": 1, ""gt_label"": -1, ""iou"": 0.0}, {""pred_label"": 2, ""gt_label"": -1, ""iou"": 0.0}, {""pred_label"": 3, ""gt_label"": 1, ""iou"": 0.9023896826400304}, {""pred_label"": 4, ""gt_label"": -1, ""iou"": 0.0}]",fpn_2,fpn_2,72x72,1,3,3,24x24,pooled_avg_pool_multi_way,False,False,False,silhouette,0.2682415544986725,"{""2"": 0.22523577511310577, ""3"": 0.2174026370048523, ""4"": 0.25993213057518005, ""5"": 0.2682415544986725, ""6"": 0.24010151624679565, ""7"": 0.23935359716415405, ""8"": 0.22667735815048218}","[119690, 96469, 77930, 51333, 3762]",jpeg_color_clustering_bic,-1,6,88998,0.2548742210410557,8,2,13964,"{""1"": -712813.1363122435, ""2"": -1277634.9685917762, ""3"": -1332239.336830215, ""4"": -1401461.6880570608, ""5"": -1637120.1286607347, ""6"": -1963782.071659224, ""7"": -2193426.390045351, ""8"": -2204055.0780390105}","[212732, 47454, 37763, 20988, 15846, 11872, 1628, 901]","[212732, 47454]","[2, 3, 4, 5, 6, 7]","[37763, 20988, 15846, 11872, 1628, 901]",bic,-2204055.0780390105,ok
detexture_ade20k_multi,feature_cluster_coarse_global_pooled_predicted_k,training,143,training_ADE_train_00008677,detexture_multi_partition_v1,multi_partition_invariant,0.9339746951357869,0.929520940492792,0.8795295349235039,3,8,3,1.0,0.9615466004758418,336249,349696,13447,3,3,True,hungarian_iou_assignment,"[0.9698536548943478, 0.9591224974794758, 0.8729479330335375]","[{""pred_label"": 0, ""gt_label"": 0, ""iou"": 0.9698536548943478}, {""pred_label"": 1, ""gt_label"": 1, ""iou"": 0.9591224974794758}, {""pred_label"": 2, ""gt_label"": 2, ""iou"": 0.8729479330335375}]",fpn_2,fpn_2,72x72,1,3,3,24x24,pooled_avg_pool_multi_way,False,False,False,silhouette,0.352700412273407,"{""2"": 0.3360842168331146, ""3"": 0.352700412273407, ""4"": 0.3102811276912689, ""5"": 0.3077417314052582, ""6"": 0.30195876955986023, ""7"": 0.2345612794160843, ""8"": 0.24647736549377441}","[164916, 110220, 74560]",jpeg_color_clustering_bic,-1,5,13447,0.038453399524158126,8,3,10783,"{""1"": -640763.6641575241, ""2"": -811750.292329589, ""3"": -1722498.2260762397, ""4"": -1918407.913238861, ""5"": -2424863.5120344735, ""6"": -2566775.881202788, ""7"": -2603415.2557416423, ""8"": -2780458.0117591033}","[160189, 108887, 67173, 7185, 2077, 1671, 1297, 1217]","[160189, 108887, 67173]","[3, 4, 5, 6, 7]","[7185, 2077, 1671, 1297, 1217]",bic,-2780458.0117591033,ok
detexture_ade20k_multi,feature_cluster_coarse_global_pooled_predicted_k,training,144,training_ADE_train_00008678,detexture_multi_partition_v1,multi_partition_invariant,0.4882142194094225,0.7395689292108835,0.6649196676722969,3,8,2,0.0,0.87310692715959,305322,349696,44374,2,3,True,hungarian_iou_assignment,"[0.9264335402318118, 0.5382091179964557, 0.0]","[{""pred_label"": 0, ""gt_label"": 0, ""iou"": 0.9264335402318118}, {""pred_label"": 1, ""gt_label"": 2, ""iou"": 0.5382091179964557}, {""pred_label"": -1, ""gt_label"": 1, ""iou"": 0.0}]",fpn_2,fpn_2,72x72,1,3,3,24x24,pooled_avg_pool_multi_way,False,False,False,silhouette,0.30189889669418335,"{""2"": 0.30189889669418335, ""3"": 0.2496306151151657, ""4"": 0.19873517751693726, ""5"": 0.20557111501693726, ""6"": 0.20491883158683777, ""7"": 0.2383490353822708, ""8"": 0.2568065822124481}","[216490, 133206]",jpeg_color_clustering_bic,-1,5,44374,0.12689307284040996,8,3,13442,"{""1"": -790247.3190794662, ""2"": -983858.2230391119, ""3"": -1669521.6235319206, ""4"": -1285894.2595016777, ""5"": -1989838.0955681724, ""6"": -2061613.040948984, ""7"": -2171441.184611185, ""8"": -2234178.9130039425}","[188126, 61921, 55275, 28047, 9796, 3966, 2201, 364]","[188126, 61921, 55275]","[3, 4, 5, 6, 7]","[28047, 9796, 3966, 2201, 364]",bic,-2234178.9130039425,ok
detexture_ade20k_multi,feature_cluster_coarse_global_pooled_predicted_k,training,145,training_ADE_train_00008680,detexture_multi_partition_v1,multi_partition_invariant,0.6517983600888357,0.7806280583842699,0.7882520807426237,3,8,4,0.0,0.9834469800804093,344411,350208,5797,4,3,True,hungarian_iou_assignment,"[0.7737640545198579, 0.957385390255602, 0.8760439955798833, 0.0]","[{""pred_label"": 0, ""gt_label"": 0, ""iou"": 0.7737640545198579}, {""pred_label"": 1, ""gt_label"": 1, ""iou"": 0.957385390255602}, {""pred_label"": 2, ""gt_label"": 2, ""iou"": 0.8760439955798833}, {""pred_label"": 3, ""gt_label"": -1, ""iou"": 0.0}]",fpn_2,fpn_2,72x72,1,3,3,24x24,pooled_avg_pool_multi_way,False,False,False,silhouette,0.3489915132522583,"{""2"": 0.3426406681537628, ""3"": 0.3306055963039398, ""4"": 0.3489915132522583, ""5"": 0.34051746129989624, ""6"": 0.30837482213974, ""7"": 0.31204095482826233, ""8"": 0.30037710070610046}","[124872, 114449, 77488, 33399]",jpeg_color_clustering_bic,-1,5,5797,0.016553019919590642,8,3,6546,"{""1"": -606497.0635542626, ""2"": -613125.800193469, ""3"": -1335704.135189126, ""4"": -2454446.9709497346, ""5"": -2569692.2903570645, ""6"": -2743441.1968904166, ""7"": -2876715.69501407, ""8"": -2920789.4225086593}","[158130, 115151, 71130, 1516, 1387, 1157, 1030, 707]","[158130, 115151, 71130]","[3, 4, 5, 6, 7]","[1516, 1387, 1157, 1030, 707]",bic,-2920789.4225086593,ok
detexture_ade20k_multi,feature_cluster_coarse_global_pooled_predicted_k,training,146,training_ADE_train_00008684,detexture_multi_partition_v1,multi_partition_invariant,0.2435911751827581,0.22851808112548067,0.38619096892881716,2,8,5,0.0,0.8353118896484375,273715,327680,53965,5,2,True,hungarian_iou_assignment,"[0.4257085093651974, 0.0, 0.7922473665485932, 0.0, 0.0]","[{""pred_label"": 0, ""gt_label"": 0, ""iou"": 0.4257085093651974}, {""pred_label"": 1, ""gt_label"": -1, ""iou"": 0.0}, {""pred_label"": 2, ""gt_label"": 1, ""iou"": 0.7922473665485932}, {""pred_label"": 3, ""gt_label"": -1, ""iou"": 0.0}, {""pred_label"": 4, ""gt_label"": -1, ""iou"": 0.0}]",fpn_2,fpn_2,72x72,1,3,3,24x24,pooled_avg_pool_multi_way,False,False,False,silhouette,0.29086577892303467,"{""2"": 0.276556134223938, ""3"": 0.26387083530426025, ""4"": 0.24149328470230103, ""5"": 0.29086577892303467, ""6"": 0.24988076090812683, ""7"": 0.2648080289363861, ""8"": 0.26615196466445923}","[94787, 82487, 77918, 48572, 23916]",jpeg_color_clustering_bic,-1,6,53965,0.1646881103515625,8,2,14781,"{""1"": -782292.968843196, ""2"": -843145.6093695549, ""3"": -975593.9098365027, ""4"": -1173971.7892769224, ""5"": -1228426.3956188227, ""6"": -1232831.9444428566, ""7"": -1236724.8679840688, ""8"": -1242067.2877416054}","[220604, 53111, 32486, 10035, 7147, 2040, 1477, 780]","[220604, 53111]","[2, 3, 4, 5, 6, 7]","[32486, 10035, 7147, 2040, 1477, 780]",bic,-1242067.2877416054,ok
detexture_ade20k_multi,feature_cluster_coarse_global_pooled_predicted_k,training,147,training_ADE_train_00008685,detexture_multi_partition_v1,multi_partition_invariant,0.36063811693098097,0.4961095430843701,0.5801708955003098,3,8,5,0.0,0.9768966553381963,377129,386048,8919,5,3,True,hungarian_iou_assignment,"[0.6926740450376567, 0.0, 0.5617316352183883, 0.5487849043988596, 0.0]","[{""pred_label"": 0, ""gt_label"": 1, ""iou"": 0.6926740450376567}, {""pred_label"": 1, ""gt_label"": -1, ""iou"": 0.0}, {""pred_label"": 2, ""gt_label"": 0, ""iou"": 0.5617316352183883}, {""pred_label"": 3, ""gt_label"": 2, ""iou"": 0.5487849043988596}, {""pred_label"": 4, ""gt_label"": -1, ""iou"": 0.0}]",fpn_2,fpn_2,72x72,1,3,3,24x24,pooled_avg_pool_multi_way,False,False,False,silhouette,0.3123460114002228,"{""2"": 0.262290358543396, ""3"": 0.2917994558811188, ""4"": 0.27422773838043213, ""5"": 0.3123460114002228, ""6"": 0.28863710165023804, ""7"": 0.28993090987205505, ""8"": 0.2868664562702179}","[95441, 92287, 83915, 62904, 51501]",jpeg_color_clustering_bic,-1,5,8919,0.023103344661803714,8,3,9146,"{""1"": -884528.5288894, ""2"": -909175.206317522, ""3"": -1382036.1298599397, ""4"": -1421765.6347014555, ""5"": -1423023.9880759506, ""6"": -2637662.038720753, ""7"": -2681458.48175881, ""8"": -2705576.518398976}","[142581, 129572, 104976, 5172, 1987, 1047, 358, 355]","[142581, 129572, 104976]","[3, 4, 5, 6, 7]","[5172, 1987, 1047, 358, 355]",bic,-2705576.518398976,ok
detexture_ade20k_multi,feature_cluster_coarse_global_pooled_predicted_k,training,148,training_ADE_train_00008687,detexture_multi_partition_v1,multi_partition_invariant,0.2571157570963633,0.5523177582159855,0.4815805633407679,3,8,6,0.0,0.732086181640625,239890,327680,87790,6,3,True,hungarian_iou_assignment,"[0.8335907794676806, 0.2791359141165145, 0.0, 0.0, 0.42996784899398466, 0.0]","[{""pred_label"": 0, ""gt_label"": 0, ""iou"": 0.8335907794676806}, {""pred_label"": 1, ""gt_label"": 2, ""iou"": 0.2791359141165145}, {""pred_label"": 2, ""gt_label"": -1, ""iou"": 0.0}, {""pred_label"": 3, ""gt_label"": -1, ""iou"": 0.0}, {""pred_label"": 4, ""gt_label"": 1, ""iou"": 0.42996784899398466}, {""pred_label"": 5, ""gt_label"": -1, ""iou"": 0.0}]",fpn_2,fpn_2,72x72,1,3,3,24x24,pooled_avg_pool_multi_way,False,False,False,silhouette,0.24434620141983032,"{""2"": 0.23923683166503906, ""3"": 0.22986449301242828, ""4"": 0.2259792536497116, ""5"": 0.23102982342243195, ""6"": 0.24434620141983032, ""7"": 0.19313913583755493, ""8"": 0.2144927978515625}","[98660, 62637, 48359, 44882, 39344, 33798]",jpeg_color_clustering_bic,-1,5,87790,0.267913818359375,8,3,26309,"{""1"": -726543.2553677849, ""2"": -866570.6772868012, ""3"": -918189.1828416404, ""4"": -935251.4883336999, ""5"": -1174546.2096962815, ""6"": -1222456.4158807003, ""7"": -1264509.721011222, ""8"": -1440640.3654959716}","[117532, 73331, 49027, 37889, 26690, 15497, 4872, 2842]","[117532, 73331, 49027]","[3, 4, 5, 6, 7]","[37889, 26690, 15497, 4872, 2842]",bic,-1440640.3654959716,ok
detexture_ade20k_multi,feature_cluster_coarse_global_pooled_predicted_k,training,149,training_ADE_train_00008691,detexture_multi_partition_v1,multi_partition_invariant,0.4357218825112023,0.027353717366537154,0.18002251797735064,2,8,2,1.0,0.7033709278916545,245966,349696,103730,2,2,True,hungarian_iou_assignment,"[0.4154106186541304, 0.4560331463682742]","[{""pred_label"": 0, ""gt_label"": 1, ""iou"": 0.4154106186541304}, {""pred_label"": 1, ""gt_label"": 0, ""iou"": 0.4560331463682742}]",fpn_2,fpn_2,72x72,1,3,3,24x24,pooled_avg_pool_multi_way,False,False,False,silhouette,0.24188770353794098,"{""2"": 0.24188770353794098, ""3"": 0.2034047693014145, ""4"": 0.2257913202047348, ""5"": 0.19883330166339874, ""6"": 0.1841612607240677, ""7"": 0.21782319247722626, ""8"": 0.2226036936044693}","[213191, 136505]",jpeg_color_clustering_bic,-1,6,103730,0.29662907210834555,8,2,17732,"{""1"": -938333.205962582, ""2"": -1079746.941394994, ""3"": -1131729.974783056, ""4"": -1185267.6197597878, ""5"": -1621022.1233020918, ""6"": -1660679.9025703361, ""7"": -1914909.9611382443, ""8"": -1926343.5063584591}","[175550, 70416, 34445, 29866, 26987, 4469, 4287, 3676]","[175550, 70416]","[2, 3, 4, 5, 6, 7]","[34445, 29866, 26987, 4469, 4287, 3676]",bic,-1926343.5063584591,ok
detexture_ade20k_multi,feature_cluster_coarse_global_pooled_predicted_k,training,150,training_ADE_train_00008693,detexture_multi_partition_v1,multi_partition_invariant,0.45493977380742845,0.5810219497613834,0.7025464992595543,3,8,5,0.0,0.9798403314028314,389804,397824,8020,5,3,True,hungarian_iou_assignment,"[0.9667361881517639, 0.93392465170452, 0.37403802918085827, 0.0, 0.0]","[{""pred_label"": 0, ""gt_label"": 1, ""iou"": 0.9667361881517639}, {""pred_label"": 1, ""gt_label"": 2, ""iou"": 0.93392465170452}, {""pred_label"": 2, ""gt_label"": 0, ""iou"": 0.37403802918085827}, {""pred_label"": 3, ""gt_label"": -1, ""iou"": 0.0}, {""pred_label"": 4, ""gt_label"": -1, ""iou"": 0.0}]",fpn_2,fpn_2,72x72,1,3,3,24x24,pooled_avg_pool_multi_way,False,False,False,silhouette,0.3486078083515167,"{""2"": 0.27601513266563416, ""3"": 0.29630139470100403, ""4"": 0.3465130627155304, ""5"": 0.3486078083515167, ""6"": 0.28868019580841064, ""7"": 0.2333032339811325, ""8"": 0.24862204492092133}","[111699, 87246, 76128, 66400, 56351]",jpeg_color_clustering_bic,-1,5,8020,0.020159668597168598,8,3,8261,"{""1"": -778363.0836904513, ""2"": -1328135.6851771532, ""3"": -1432781.673670356, ""4"": -2797440.4978610985, ""5"": -2873114.577574185, ""6"": -2956591.7839651913, ""7"": -3178137.4350803727, ""8"": -3224215.082750284}","[190652, 111863, 87289, 3392, 1851, 1307, 1014, 456]","[190652, 111863, 87289]","[3, 4, 5, 6, 7]","[3392, 1851, 1307, 1014, 456]",bic,-3224215.082750284,ok
detexture_ade20k_multi,feature_cluster_coarse_global_pooled_predicted_k,training,151,training_ADE_train_00008696,detexture_multi_partition_v1,multi_partition_invariant,0.3392923509967476,0.39126767186128525,0.5200943711916816,4,8,7,0.0,0.9083832814787701,317658,349696,32038,7,4,True,hungarian_iou_assignment,"[0.4340314334406362, 0.9251821311935688, 0.2888916335721208, 0.0, 0.7269412587709071, 0.0, 0.0]","[{""pred_label"": 0, ""gt_label"": 0, ""iou"": 0.4340314334406362}, {""pred_label"": 1, ""gt_label"": 2, ""iou"": 0.9251821311935688}, {""pred_label"": 2, ""gt_label"": 1, ""iou"": 0.2888916335721208}, {""pred_label"": 3, ""gt_label"": -1, ""iou"": 0.0}, {""pred_label"": 4, ""gt_label"": 3, ""iou"": 0.7269412587709071}, {""pred_label"": 5, ""gt_label"": -1, ""iou"": 0.0}, {""pred_label"": 6, ""gt_label"": -1, ""iou"": 0.0}]",fpn_2,fpn_2,72x72,1,3,3,24x24,pooled_avg_pool_multi_way,False,False,False,silhouette,0.2840815484523773,"{""2"": 0.24128182232379913, ""3"": 0.23745059967041016, ""4"": 0.2728184461593628, ""5"": 0.2648249864578247, ""6"": 0.26929759979248047, ""7"": 0.2840815484523773, ""8"": 0.2235025018453598}","[75821, 65699, 63423, 54155, 44200, 43940, 2458]",jpeg_color_clustering_bic,-1,4,32038,0.09161671852122986,8,4,18462,"{""1"": -730312.9758111907, ""2"": -747718.3516534251, ""3"": -983697.0515802187, ""4"": -1089161.1959066098, ""5"": -1256638.8137551253, ""6"": -1664709.9293671686, ""7"": -1677000.1528850181, ""8"": -1854507.8294932544}","[131487, 77139, 65669, 43363, 23785, 3864, 2921, 1468]","[131487, 77139, 65669, 43363]","[4, 5, 6, 7]","[23785, 3864, 2921, 1468]",bic,-1854507.8294932544,ok
detexture_ade20k_multi,feature_cluster_coarse_global_pooled_predicted_k,training,152,training_ADE_train_00008697,detexture_multi_partition_v1,multi_partition_invariant,0.356215944349488,0.3975277680233849,0.5358886239803757,4,8,7,0.0,0.9560699462890625,375942,393216,17274,7,4,True,hungarian_iou_assignment,"[0.8231575888208084, 0.5042739702130443, 0.0, 0.3277302711947227, 0.8383497802178403, 0.0, 0.0]","[{""pred_label"": 0, ""gt_label"": 1, ""iou"": 0.8231575888208084}, {""pred_label"": 1, ""gt_label"": 2, ""iou"": 0.5042739702130443}, {""pred_label"": 2, ""gt_label"": -1, ""iou"": 0.0}, {""pred_label"": 3, ""gt_label"": 0, ""iou"": 0.3277302711947227}, {""pred_label"": 4, ""gt_label"": 3, ""iou"": 0.8383497802178403}, {""pred_label"": 5, ""gt_label"": -1, ""iou"": 0.0}, {""pred_label"": 6, ""gt_label"": -1, ""iou"": 0.0}]",fpn_2,fpn_2,72x72,1,3,3,24x24,pooled_avg_pool_multi_way,False,False,False,silhouette,0.2887306809425354,"{""2"": 0.2094663381576538, ""3"": 0.20300471782684326, ""4"": 0.22067776322364807, ""5"": 0.25349441170692444, ""6"": 0.2656151056289673, ""7"": 0.2887306809425354, ""8"": 0.2815428674221039}","[69568, 67040, 63520, 59296, 48544, 43616, 41632]",jpeg_color_clustering_bic,-1,4,17274,0.0439300537109375,8,4,15546,"{""1"": -879453.4071901201, ""2"": -1080568.1351979666, ""3"": -1058425.87578919, ""4"": -1635652.912401664, ""5"": -1644696.9925279256, ""6"": -1780743.5550089986, ""7"": -2302122.62788409, ""8"": -2718714.613884784}","[158174, 82284, 79749, 55735, 9864, 3606, 2983, 821]","[158174, 82284, 79749, 55735]","[4, 5, 6, 7]","[9864, 3606, 2983, 821]",bic,-2718714.613884784,ok
detexture_ade20k_multi,feature_cluster_coarse_global_pooled_predicted_k,training,153,training_ADE_train_00008760,detexture_multi_partition_v1,multi_partition_invariant,0.730938172526471,0.48823811693483343,0.5014506481951748,2,8,2,1.0,0.66792871522694,233572,349696,116124,2,2,True,hungarian_iou_assignment,"[0.7752309992715376, 0.6866453457814045]","[{""pred_label"": 0, ""gt_label"": 0, ""iou"": 0.7752309992715376}, {""pred_label"": 1, ""gt_label"": 1, ""iou"": 0.6866453457814045}]",fpn_2,fpn_2,72x72,1,3,3,24x24,pooled_avg_pool_multi_way,False,False,False,silhouette,0.2729315757751465,"{""2"": 0.2729315757751465, ""3"": 0.2470078468322754, ""4"": 0.2561844289302826, ""5"": 0.24490340054035187, ""6"": 0.23658640682697296, ""7"": 0.2591824531555176, ""8"": 0.2569628059864044}","[196940, 152756]",jpeg_color_clustering_bic,-1,6,116124,0.33207128477306,8,2,14564,"{""1"": -786920.6680798118, ""2"": -893241.3751039623, ""3"": -1044701.9161583071, ""4"": -1110550.7830922236, ""5"": -1223145.3448605079, ""6"": -1668187.7524889195, ""7"": -2198442.2746342807, ""8"": -2279498.3886050344}","[121420, 112152, 40234, 30675, 29830, 8786, 5131, 1468]","[121420, 112152]","[2, 3, 4, 5, 6, 7]","[40234, 30675, 29830, 8786, 5131, 1468]",bic,-2279498.3886050344,ok
detexture_ade20k_multi,feature_cluster_coarse_global_pooled_predicted_k,training,154,training_ADE_train_00008775,detexture_multi_partition_v1,multi_partition_invariant,0.3049454229953139,-0.02166022394201297,0.031150698880315037,2,8,2,1.0,0.7030222039473685,102585,145920,43335,2,2,True,hungarian_iou_assignment,"[0.416791637506804, 0.19309920848382386]","[{""pred_label"": 0, ""gt_label"": 1, ""iou"": 0.416791637506804}, {""pred_label"": 1, ""gt_label"": 0, ""iou"": 0.19309920848382386}]",fpn_2,fpn_2,72x72,1,3,3,24x24,pooled_avg_pool_multi_way,False,False,False,silhouette,0.260518342256546,"{""2"": 0.260518342256546, ""3"": 0.18579483032226562, ""4"": 0.229721337556839, ""5"": 0.20018544793128967, ""6"": 0.19879528880119324, ""7"": 0.22161120176315308, ""8"": 0.24546439945697784}","[99616, 46304]",jpeg_color_clustering_bic,-1,6,43335,0.2969777960526316,8,2,12252,"{""1"": -323925.8153962983, ""2"": -400116.9344955917, ""3"": -408933.6900759766, ""4"": -512950.94423465634, ""5"": -516953.68095283175, ""6"": -744336.4775092191, ""7"": -923260.9470262649, ""8"": -943628.2769473483}","[62130, 40455, 14240, 13877, 10220, 3860, 618, 520]","[62130, 40455]","[2, 3, 4, 5, 6, 7]","[14240, 13877, 10220, 3860, 618, 520]",bic,-943628.2769473483,ok
detexture_ade20k_multi,feature_cluster_coarse_global_pooled_predicted_k,training,155,training_ADE_train_00008926,detexture_multi_partition_v1,multi_partition_invariant,0.9863690788928887,0.9728987692597184,0.9476968659532153,2,8,2,1.0,0.8377918287937743,55120,65792,10672,2,2,True,hungarian_iou_assignment,"[0.9874159108403896, 0.9853222469453878]","[{""pred_label"": 0, ""gt_label"": 0, ""iou"": 0.9874159108403896}, {""pred_label"": 1, ""gt_label"": 1, ""iou"": 0.9853222469453878}]",fpn_2,fpn_2,72x72,1,3,3,24x24,pooled_avg_pool_multi_way,False,False,False,silhouette,0.3652902841567993,"{""2"": 0.3652902841567993, ""3"": 0.3355787992477417, ""4"": 0.29094865918159485, ""5"": 0.27707958221435547, ""6"": 0.27510866522789, ""7"": 0.21579188108444214, ""8"": 0.19933468103408813}","[33006, 32786]",jpeg_color_clustering_bic,-1,6,10672,0.1622081712062257,8,2,4697,"{""1"": -103453.49215660691, ""2"": -117308.21059507619, ""3"": -286854.02661189844, ""4"": -426501.3541588901, ""5"": -447399.887363217, ""6"": -447081.0420625167, ""7"": -460483.7285206423, ""8"": -466072.9058604594}","[29879, 25241, 6203, 3193, 469, 318, 289, 200]","[29879, 25241]","[2, 3, 4, 5, 6, 7]","[6203, 3193, 469, 318, 289, 200]",bic,-466072.9058604594,ok
detexture_ade20k_multi,feature_cluster_coarse_global_pooled_predicted_k,training,156,training_ADE_train_00008935,detexture_multi_partition_v1,multi_partition_invariant,0.9910453184478231,0.9822638864739502,0.9630117979189429,2,8,2,1.0,0.82232666015625,53892,65536,11644,2,2,True,hungarian_iou_assignment,"[0.991930331865102, 0.9901603050305441]","[{""pred_label"": 0, ""gt_label"": 0, ""iou"": 0.991930331865102}, {""pred_label"": 1, ""gt_label"": 1, ""iou"": 0.9901603050305441}]",fpn_2,fpn_2,72x72,1,3,3,24x24,pooled_avg_pool_multi_way,False,False,False,silhouette,0.3561965525150299,"{""2"": 0.3561965525150299, ""3"": 0.33445504307746887, ""4"": 0.27199625968933105, ""5"": 0.27226704359054565, ""6"": 0.2510394752025604, ""7"": 0.23831520974636078, ""8"": 0.23637352883815765}","[32768, 32768]",jpeg_color_clustering_bic,-1,6,11644,0.17767333984375,8,2,4154,"{""1"": -101763.85937124639, ""2"": -113225.77084231723, ""3"": -276916.4692769319, ""4"": -431885.2187150567, ""5"": -446736.08421850024, ""6"": -463194.4933795914, ""7"": -493105.41153424245, ""8"": -503212.2270093613}","[29741, 24151, 7132, 2739, 903, 424, 326, 120]","[29741, 24151]","[2, 3, 4, 5, 6, 7]","[7132, 2739, 903, 424, 326, 120]",bic,-503212.2270093613,ok
detexture_ade20k_multi,feature_cluster_coarse_global_pooled_predicted_k,training,157,training_ADE_train_00008948,detexture_multi_partition_v1,multi_partition_invariant,0.6265397446716102,0.71049706879302,0.6985710420958507,4,8,3,0.0,0.9115661940321069,241215,264616,23401,3,4,True,hungarian_iou_assignment,"[0.8103542234332425, 0.8175133848899465, 0.878291370363252, 0.0]","[{""pred_label"": 0, ""gt_label"": 0, ""iou"": 0.8103542234332425}, {""pred_label"": 1, ""gt_label"": 1, ""iou"": 0.8175133848899465}, {""pred_label"": 2, ""gt_label"": 2, ""iou"": 0.878291370363252}, {""pred_label"": -1, ""gt_label"": 3, ""iou"": 0.0}]",fpn_2,fpn_2,72x72,1,3,3,24x24,pooled_avg_pool_multi_way,False,False,False,silhouette,0.3612993061542511,"{""2"": 0.31330469250679016, ""3"": 0.3612993061542511, ""4"": 0.3355976641178131, ""5"": 0.28063690662384033, ""6"": 0.3140706419944763, ""7"": 0.3133351802825928, ""8"": 0.2957821190357208}","[119517, 102276, 42823]",jpeg_color_clustering_bic,-1,4,23401,0.0884338059678931,8,4,9478,"{""1"": -549335.4219784064, ""2"": -567022.5059410912, ""3"": -757371.65523334, ""4"": -1146114.2602210653, ""5"": -1150504.181998019, ""6"": -1382765.0802101656, ""7"": -1960662.494386381, ""8"": -2038263.2276016194}","[99220, 68712, 37727, 35556, 17977, 2539, 1707, 1178]","[99220, 68712, 37727, 35556]","[4, 5, 6, 7]","[17977, 2539, 1707, 1178]",bic,-2038263.2276016194,ok
detexture_ade20k_multi,feature_cluster_coarse_global_pooled_predicted_k,training,158,training_ADE_train_00008955,detexture_multi_partition_v1,multi_partition_invariant,0.503206591935979,0.4679960303943784,0.5085315740114937,3,8,2,0.0,0.8287827141288433,289822,349696,59874,2,3,True,hungarian_iou_assignment,"[0.7415782047107349, 0.7680415710972023, 0.0]","[{""pred_label"": 0, ""gt_label"": 0, ""iou"": 0.7415782047107349}, {""pred_label"": 1, ""gt_label"": 1, ""iou"": 0.7680415710972023}, {""pred_label"": -1, ""gt_label"": 2, ""iou"": 0.0}]",fpn_2,fpn_2,72x72,1,3,3,24x24,pooled_avg_pool_multi_way,False,False,False,silhouette,0.30285167694091797,"{""2"": 0.30285167694091797, ""3"": 0.2578354775905609, ""4"": 0.2976323366165161, ""5"": 0.26829391717910767, ""6"": 0.2773839235305786, ""7"": 0.2671571671962738, ""8"": 0.26566293835639954}","[219091, 130605]",jpeg_color_clustering_bic,-1,5,59874,0.17121728587115667,8,3,8179,"{""1"": -655563.0849276418, ""2"": -768909.3982057958, ""3"": -1115758.0549161758, ""4"": -1771498.3761973775, ""5"": -2398333.6558108046, ""6"": -2450755.431279896, ""7"": -2457286.9810446864, ""8"": -2490630.9497956433}","[188476, 59269, 42077, 41399, 16757, 843, 640, 235]","[188476, 59269, 42077]","[3, 4, 5, 6, 7]","[41399, 16757, 843, 640, 235]",bic,-2490630.9497956433,ok
detexture_ade20k_multi,feature_cluster_coarse_global_pooled_predicted_k,training,159,training_ADE_train_00009018,detexture_multi_partition_v1,multi_partition_invariant,0.5847835033228801,0.7200435653420254,0.7531705928950129,3,8,2,0.0,0.9334259033203125,61173,65536,4363,2,3,True,hungarian_iou_assignment,"[0.7747595391607652, 0.979590970807875, 0.0]","[{""pred_label"": 0, ""gt_label"": 0, ""iou"": 0.7747595391607652}, {""pred_label"": 1, ""gt_label"": 1, ""iou"": 0.979590970807875}, {""pred_label"": -1, ""gt_label"": 2, ""iou"": 0.0}]",fpn_2,fpn_2,72x72,1,3,3,24x24,pooled_avg_pool_multi_way,False,False,False,silhouette,0.3385513126850128,"{""2"": 0.3385513126850128, ""3"": 0.2992692291736603, ""4"": 0.32164567708969116, ""5"": 0.3330591320991516, ""6"": 0.32061660289764404, ""7"": 0.29732027649879456, ""8"": 0.29858553409576416}","[39680, 25856]",jpeg_color_clustering_bic,-1,5,4363,0.0665740966796875,8,3,4280,"{""1"": -102246.189858526, ""2"": -111253.89504667463, ""3"": -269424.99040990253, ""4"": -418335.3911214395, ""5"": -432552.27631968586, ""6"": -444885.4243072203, ""7"": -461364.48383080546, ""8"": -481142.93265274866}","[29320, 23326, 8527, 2364, 773, 688, 317, 221]","[29320, 23326, 8527]","[3, 4, 5, 6, 7]","[2364, 773, 688, 317, 221]",bic,-481142.93265274866,ok
detexture_ade20k_multi,feature_cluster_coarse_global_pooled_predicted_k,training,160,training_ADE_train_00009021,detexture_multi_partition_v1,multi_partition_invariant,0.3891355587272072,0.6693602411237635,0.6735174574969888,2,8,4,0.0,0.819671630859375,53718,65536,11818,4,2,True,hungarian_iou_assignment,"[0.9493405740884406, 0.607201660820388, 0.0, 0.0]","[{""pred_label"": 0, ""gt_label"": 1, ""iou"": 0.9493405740884406}, {""pred_label"": 1, ""gt_label"": 0, ""iou"": 0.607201660820388}, {""pred_label"": 2, ""gt_label"": -1, ""iou"": 0.0}, {""pred_label"": 3, ""gt_label"": -1, ""iou"": 0.0}]",fpn_2,fpn_2,72x72,1,3,3,24x24,pooled_avg_pool_multi_way,False,False,False,silhouette,0.3484630882740021,"{""2"": 0.3269138038158417, ""3"": 0.31524235010147095, ""4"": 0.3484630882740021, ""5"": 0.3019464910030365, ""6"": 0.3073199987411499, ""7"": 0.2998253405094147, ""8"": 0.30612504482269287}","[24996, 17746, 13731, 9063]",jpeg_color_clustering_bic,-1,6,11818,0.180328369140625,8,2,5430,"{""1"": -114585.7468788426, ""2"": -122724.4703677713, ""3"": -135034.28289218544, ""4"": -349976.97349170345, ""5"": -405435.19443648146, ""6"": -412890.4103716959, ""7"": -418500.99296740146, ""8"": -439379.7818644083}","[27938, 25780, 6323, 2292, 1760, 907, 335, 201]","[27938, 25780]","[2, 3, 4, 5, 6, 7]","[6323, 2292, 1760, 907, 335, 201]",bic,-439379.7818644083,ok
detexture_ade20k_multi,feature_cluster_coarse_global_pooled_predicted_k,training,161,training_ADE_train_00009027,detexture_multi_partition_v1,multi_partition_invariant,0.9185541027019514,0.9307293771751977,0.8795293456474211,3,8,3,1.0,0.8504180908203125,55733,65536,9803,3,3,True,hungarian_iou_assignment,"[0.9481992466883914, 0.9825347250760254, 0.8249283363414375]","[{""pred_label"": 0, ""gt_label"": 1, ""iou"": 0.9481992466883914}, {""pred_label"": 1, ""gt_label"": 0, ""iou"": 0.9825347250760254}, {""pred_label"": 2, ""gt_label"": 2, ""iou"": 0.8249283363414375}]",fpn_2,fpn_2,72x72,1,3,3,24x24,pooled_avg_pool_multi_way,False,False,False,silhouette,0.3666008710861206,"{""2"": 0.32946115732192993, ""3"": 0.3666008710861206, ""4"": 0.32552507519721985, ""5"": 0.31045806407928467, ""6"": 0.21883302927017212, ""7"": 0.21590587496757507, ""8"": 0.21474513411521912}","[28829, 24839, 11868]",jpeg_color_clustering_bic,-1,5,9803,0.1495819091796875,8,3,6437,"{""1"": -109346.22119857893, ""2"": -115927.9468966343, ""3"": -223523.5828573856, ""4"": -257934.45652896806, ""5"": -332611.75280275353, ""6"": -380397.5395424761, ""7"": -404122.60739901615, ""8"": -407383.733299707}","[24324, 23341, 8068, 5527, 1767, 1606, 577, 326]","[24324, 23341, 8068]","[3, 4, 5, 6, 7]","[5527, 1767, 1606, 577, 326]",bic,-407383.733299707,ok
detexture_ade20k_multi,feature_cluster_coarse_global_pooled_predicted_k,training,162,training_ADE_train_00009144,detexture_multi_partition_v1,multi_partition_invariant,0.9937030736055299,0.9874070628528072,0.9723664567306747,2,8,2,1.0,0.768218994140625,50346,65536,15190,2,2,True,hungarian_iou_assignment,"[0.9936458458218439, 0.9937603013892159]","[{""pred_label"": 0, ""gt_label"": 1, ""iou"": 0.9936458458218439}, {""pred_label"": 1, ""gt_label"": 0, ""iou"": 0.9937603013892159}]",fpn_2,fpn_2,72x72,1,3,3,24x24,pooled_avg_pool_multi_way,False,False,False,silhouette,0.33387431502342224,"{""2"": 0.33387431502342224, ""3"": 0.32552623748779297, ""4"": 0.3071180284023285, ""5"": 0.28632652759552, ""6"": 0.26360660791397095, ""7"": 0.2012331634759903, ""8"": 0.19048430025577545}","[36178, 29358]",jpeg_color_clustering_bic,-1,6,15190,0.231781005859375,8,2,3332,"{""1"": -124201.8613635236, ""2"": -128478.09194801068, ""3"": -260588.97208272727, ""4"": -262347.9814097257, ""5"": -318653.7392534873, ""6"": -473307.6036938055, ""7"": -489672.1805306687, ""8"": -499647.17183925794}","[25482, 24864, 7005, 5994, 835, 604, 602, 150]","[25482, 24864]","[2, 3, 4, 5, 6, 7]","[7005, 5994, 835, 604, 602, 150]",bic,-499647.17183925794,ok
detexture_ade20k_multi,feature_cluster_coarse_global_pooled_predicted_k,training,163,training_ADE_train_00009185,detexture_multi_partition_v1,multi_partition_invariant,0.9382391140614651,0.948085464487487,0.8955411170705277,3,8,3,1.0,0.9553680419921875,62611,65536,2925,3,3,True,hungarian_iou_assignment,"[0.9834418776112067, 0.9562754645731889, 0.875]","[{""pred_label"": 0, ""gt_label"": 0, ""iou"": 0.9834418776112067}, {""pred_label"": 1, ""gt_label"": 1, ""iou"": 0.9562754645731889}, {""pred_label"": 2, ""gt_label"": 2, ""iou"": 0.875}]",fpn_2,fpn_2,72x72,1,3,3,24x24,pooled_avg_pool_multi_way,False,False,False,silhouette,0.37063315510749817,"{""2"": 0.3427123725414276, ""3"": 0.37063315510749817, ""4"": 0.30988091230392456, ""5"": 0.23393514752388, ""6"": 0.24128058552742004, ""7"": 0.2557174265384674, ""8"": 0.26596641540527344}","[34087, 19624, 11825]",jpeg_color_clustering_bic,-1,5,2925,0.0446319580078125,8,3,3561,"{""1"": -113539.54293835661, ""2"": -120943.0388743455, ""3"": -269354.83000020747, ""4"": -455049.74289218755, ""5"": -467296.92873457295, ""6"": -474796.76135922596, ""7"": -499551.9690099818, ""8"": -510097.70075996814}","[32403, 19903, 10305, 1038, 864, 600, 268, 155]","[32403, 19903, 10305]","[3, 4, 5, 6, 7]","[1038, 864, 600, 268, 155]",bic,-510097.70075996814,ok
detexture_ade20k_multi,feature_cluster_coarse_global_pooled_predicted_k,training,164,training_ADE_train_00009218,detexture_multi_partition_v1,multi_partition_invariant,0.4545178513297418,0.6764443594484567,0.5762880883454369,3,8,2,0.0,0.9273834228515625,60777,65536,4759,2,3,True,hungarian_iou_assignment,"[0.9025489122317917, 0.4610046417574337, 0.0]","[{""pred_label"": 0, ""gt_label"": 0, ""iou"": 0.9025489122317917}, {""pred_label"": 1, ""gt_label"": 2, ""iou"": 0.4610046417574337}, {""pred_label"": -1, ""gt_label"": 1, ""iou"": 0.0}]",fpn_2,fpn_2,72x72,1,3,3,24x24,pooled_avg_pool_multi_way,False,False,False,silhouette,0.3370469808578491,"{""2"": 0.3370469808578491, ""3"": 0.3342386782169342, ""4"": 0.2930993437767029, ""5"": 0.2674691379070282, ""6"": 0.24887949228286743, ""7"": 0.26517969369888306, ""8"": 0.2800102233886719}","[39620, 25916]",jpeg_color_clustering_bic,-1,5,4759,0.0726165771484375,8,3,4757,"{""1"": -127100.92091592187, ""2"": -149526.95106545324, ""3"": -245152.99974238832, ""4"": -246087.7404404826, ""5"": -435037.4967422028, ""6"": -468617.80898821366, ""7"": -487238.02983870637, ""8"": -491189.97150666744}","[37415, 13331, 10031, 2706, 980, 476, 399, 198]","[37415, 13331, 10031]","[3, 4, 5, 6, 7]","[2706, 980, 476, 399, 198]",bic,-491189.97150666744,ok
detexture_ade20k_multi,feature_cluster_coarse_global_pooled_predicted_k,training,165,training_ADE_train_00009263,detexture_multi_partition_v1,multi_partition_invariant,0.4004435390533252,0.32988274868527806,0.3747500741488027,3,8,2,0.0,0.7420387994143485,259488,349696,90208,2,3,True,hungarian_iou_assignment,"[0.4632599129848188, 0.7380707041751567, 0.0]","[{""pred_label"": 0, ""gt_label"": 1, ""iou"": 0.4632599129848188}, {""pred_label"": 1, ""gt_label"": 0, ""iou"": 0.7380707041751567}, {""pred_label"": -1, ""gt_label"": 2, ""iou"": 0.0}]",fpn_2,fpn_2,72x72,1,3,3,24x24,pooled_avg_pool_multi_way,False,False,False,silhouette,0.2922731041908264,"{""2"": 0.2922731041908264, ""3"": 0.286575049161911, ""4"": 0.2909287214279175, ""5"": 0.2748962938785553, ""6"": 0.28509944677352905, ""7"": 0.28688037395477295, ""8"": 0.2829737365245819}","[186705, 162991]",jpeg_color_clustering_bic,-1,5,90208,0.25796120058565153,8,3,28241,"{""1"": -686035.9776724776, ""2"": -914064.2489895431, ""3"": -983923.9557206278, ""4"": -1127231.3606796197, ""5"": -1245361.2705090581, ""6"": -1347019.558784821, ""7"": -1404545.5835316237, ""8"": -1438286.8796861784}","[123359, 77926, 58203, 38669, 15814, 14727, 13062, 7936]","[123359, 77926, 58203]","[3, 4, 5, 6, 7]","[38669, 15814, 14727, 13062, 7936]",bic,-1438286.8796861784,ok
detexture_ade20k_multi,feature_cluster_coarse_global_pooled_predicted_k,training,166,training_ADE_train_00009284,detexture_multi_partition_v1,multi_partition_invariant,0.6310064469110092,0.8496342233485864,0.8189673626882966,2,8,3,0.0,0.7349700927734375,48167,65536,17369,3,2,True,hungarian_iou_assignment,"[0.9164920497966227, 0.9765272909364046, 0.0]","[{""pred_label"": 0, ""gt_label"": 0, ""iou"": 0.9164920497966227}, {""pred_label"": 1, ""gt_label"": 1, ""iou"": 0.9765272909364046}, {""pred_label"": 2, ""gt_label"": -1, ""iou"": 0.0}]",fpn_2,fpn_2,72x72,1,3,3,24x24,pooled_avg_pool_multi_way,False,False,False,silhouette,0.3374921977519989,"{""2"": 0.29274824261665344, ""3"": 0.3374921977519989, ""4"": 0.27030423283576965, ""5"": 0.2820355296134949, ""6"": 0.2817009687423706, ""7"": 0.2323858141899109, ""8"": 0.2491183876991272}","[33827, 17251, 14458]",jpeg_color_clustering_bic,-1,6,17369,0.2650299072265625,8,2,5878,"{""1"": -150350.22089095437, ""2"": -164532.56774965939, ""3"": -209240.72981361378, ""4"": -319570.7721788203, ""5"": -321902.27080889855, ""6"": -391822.06967564876, ""7"": -408581.9356712279, ""8"": -409199.92679284356}","[32452, 15715, 7277, 4275, 3185, 1445, 824, 363]","[32452, 15715]","[2, 3, 4, 5, 6, 7]","[7277, 4275, 3185, 1445, 824, 363]",bic,-409199.92679284356,ok
detexture_ade20k_multi,feature_cluster_coarse_global_pooled_predicted_k,training,167,training_ADE_train_00009295,detexture_multi_partition_v1,multi_partition_invariant,0.47354007533607523,0.561836380908661,0.5266829737486889,3,8,2,0.0,0.9555511474609375,62623,65536,2913,2,3,True,hungarian_iou_assignment,"[0.861462959916653, 0.5591572660915727, 0.0]","[{""pred_label"": 0, ""gt_label"": 0, ""iou"": 0.861462959916653}, {""pred_label"": 1, ""gt_label"": 1, ""iou"": 0.5591572660915727}, {""pred_label"": -1, ""gt_label"": 2, ""iou"": 0.0}]",fpn_2,fpn_2,72x72,1,3,3,24x24,pooled_avg_pool_multi_way,False,False,False,silhouette,0.3063715100288391,"{""2"": 0.3063715100288391, ""3"": 0.22431856393814087, ""4"": 0.2608605623245239, ""5"": 0.2510083317756653, ""6"": 0.2814038097858429, ""7"": 0.2743031084537506, ""8"": 0.2558567523956299}","[32924, 32612]",jpeg_color_clustering_bic,-1,5,2913,0.0444488525390625,8,3,2619,"{""1"": -144418.64360377923, ""2"": -155374.30087625168, ""3"": -191538.31919388977, ""4"": -398075.2802962799, ""5"": -409904.30630380573, ""6"": -434617.6799664543, ""7"": -435731.71234412387, ""8"": -436759.9877818641}","[35412, 16853, 10358, 1342, 815, 571, 134, 51]","[35412, 16853, 10358]","[3, 4, 5, 6, 7]","[1342, 815, 571, 134, 51]",bic,-436759.9877818641,ok
detexture_ade20k_multi,feature_cluster_coarse_global_pooled_predicted_k,training,168,training_ADE_train_00009306,detexture_multi_partition_v1,multi_partition_invariant,0.9542680703200433,0.9179127502293359,0.8652084150052333,2,8,2,1.0,0.7623443603515625,49961,65536,15575,2,2,True,hungarian_iou_assignment,"[0.9697715289982425, 0.9387646116418442]","[{""pred_label"": 0, ""gt_label"": 0, ""iou"": 0.9697715289982425}, {""pred_label"": 1, ""gt_label"": 1, ""iou"": 0.9387646116418442}]",fpn_2,fpn_2,72x72,1,3,3,24x24,pooled_avg_pool_multi_way,False,False,False,silhouette,0.333614706993103,"{""2"": 0.333614706993103, ""3"": 0.29757678508758545, ""4"": 0.25299596786499023, ""5"": 0.2320326715707779, ""6"": 0.22396649420261383, ""7"": 0.23448890447616577, ""8"": 0.22574718296527863}","[33948, 31588]",jpeg_color_clustering_bic,-1,6,15575,0.2376556396484375,8,2,5400,"{""1"": -149338.09316764423, ""2"": -158651.5177683055, ""3"": -252441.42087691725, ""4"": -304699.8643305835, ""5"": -293076.78933477215, ""6"": -380175.25860608456, ""7"": -453838.4239174357, ""8"": -460363.8965864844}","[34140, 15821, 5772, 5500, 2481, 1089, 560, 173]","[34140, 15821]","[2, 3, 4, 5, 6, 7]","[5772, 5500, 2481, 1089, 560, 173]",bic,-460363.8965864844,ok
detexture_ade20k_multi,feature_cluster_coarse_global_pooled_predicted_k,training,169,training_ADE_train_00009308,detexture_multi_partition_v1,multi_partition_invariant,0.8852245547038203,0.8467201469672525,0.8397457602615426,4,8,4,1.0,0.941619873046875,61710,65536,3826,4,4,True,hungarian_iou_assignment,"[0.9661705006765899, 0.8480910267471958, 0.926387470207695, 0.8002492211838006]","[{""pred_label"": 0, ""gt_label"": 1, ""iou"": 0.9661705006765899}, {""pred_label"": 1, ""gt_label"": 0, ""iou"": 0.8480910267471958}, {""pred_label"": 2, ""gt_label"": 3, ""iou"": 0.926387470207695}, {""pred_label"": 3, ""gt_label"": 2, ""iou"": 0.8002492211838006}]",fpn_2,fpn_2,72x72,1,3,3,24x24,pooled_avg_pool_multi_way,False,False,False,silhouette,0.3055002689361572,"{""2"": 0.2858811616897583, ""3"": 0.30328816175460815, ""4"": 0.3055002689361572, ""5"": 0.26792478561401367, ""6"": 0.24693472683429718, ""7"": 0.25103771686553955, ""8"": 0.2513342797756195}","[17152, 16515, 16352, 15517]",jpeg_color_clustering_bic,-1,4,3826,0.058380126953125,8,4,5475,"{""1"": -131042.1449399336, ""2"": -139697.57084078778, ""3"": -208484.97218503305, ""4"": -285534.8212758448, ""5"": -384988.57099024236, ""6"": -391231.8768576774, ""7"": -460292.176964798, ""8"": -470471.1265369363}","[18310, 15852, 13944, 13604, 1591, 1347, 583, 305]","[18310, 15852, 13944, 13604]","[4, 5, 6, 7]","[1591, 1347, 583, 305]",bic,-470471.1265369363,ok
detexture_ade20k_multi,feature_cluster_coarse_global_pooled_predicted_k,training,170,training_ADE_train_00009310,detexture_multi_partition_v1,multi_partition_invariant,0.6014384965780929,0.6199254197929231,0.6980117932189251,2,8,3,0.0,0.8287506103515625,54313,65536,11223,3,2,True,hungarian_iou_assignment,"[0.824341939762618, 0.0, 0.9799735499716606]","[{""pred_label"": 0, ""gt_label"": 0, ""iou"": 0.824341939762618}, {""pred_label"": 1, ""gt_label"": -1, ""iou"": 0.0}, {""pred_label"": 2, ""gt_label"": 1, ""iou"": 0.9799735499716606}]",fpn_2,fpn_2,72x72,1,3,3,24x24,pooled_avg_pool_multi_way,False,False,False,silhouette,0.3401343524456024,"{""2"": 0.3324587643146515, ""3"": 0.3401343524456024, ""4"": 0.23106521368026733, ""5"": 0.2258072942495346, ""6"": 0.22309401631355286, ""7"": 0.21506498754024506, ""8"": 0.2374105155467987}","[36306, 18222, 11008]",jpeg_color_clustering_bic,-1,6,11223,0.1712493896484375,8,2,6081,"{""1"": -165646.2136533674, ""2"": -180473.83613556635, ""3"": -206176.2355301541, ""4"": -363946.2040627669, ""5"": -366112.39264000556, ""6"": -370297.85375503224, ""7"": -385592.9692459178, ""8"": -464450.4076659304}","[43727, 10586, 5704, 2578, 1255, 802, 588, 296]","[43727, 10586]","[2, 3, 4, 5, 6, 7]","[5704, 2578, 1255, 802, 588, 296]",bic,-464450.4076659304,ok
detexture_ade20k_multi,feature_cluster_coarse_global_pooled_predicted_k,training,171,training_ADE_train_00009471,detexture_multi_partition_v1,multi_partition_invariant,0.3319978888923015,0.5054853702414707,0.6335779152742715,3,8,6,0.0,0.8334697498431619,340109,408064,67955,6,3,True,hungarian_iou_assignment,"[0.6136159315661863, 0.4908638214358944, 0.0, 0.8875075803517283, 0.0, 0.0]","[{""pred_label"": 0, ""gt_label"": 1, ""iou"": 0.6136159315661863}, {""pred_label"": 1, ""gt_label"": 0, ""iou"": 0.4908638214358944}, {""pred_label"": 2, ""gt_label"": -1, ""iou"": 0.0}, {""pred_label"": 3, ""gt_label"": 2, ""iou"": 0.8875075803517283}, {""pred_label"": 4, ""gt_label"": -1, ""iou"": 0.0}, {""pred_label"": 5, ""gt_label"": -1, ""iou"": 0.0}]",fpn_2,fpn_2,72x72,1,3,3,24x24,pooled_avg_pool_multi_way,False,False,False,silhouette,0.26206547021865845,"{""2"": 0.21325208246707916, ""3"": 0.21922971308231354, ""4"": 0.2442915439605713, ""5"": 0.2542825937271118, ""6"": 0.26206547021865845, ""7"": 0.2442127913236618, ""8"": 0.2431611269712448}","[87336, 86264, 78725, 67080, 66774, 21885]",jpeg_color_clustering_bic,-1,5,67955,0.16653025015683814,8,3,19409,"{""1"": -796848.0065940474, ""2"": -859696.7679603861, ""3"": -1250749.633510529, ""4"": -1387071.2899809398, ""5"": -1614402.670676237, ""6"": -1763033.4182193987, ""7"": -2086402.5200869588, ""8"": -2107905.8122896547}","[170695, 107696, 61718, 24860, 20248, 10366, 8923, 3558]","[170695, 107696, 61718]","[3, 4, 5, 6, 7]","[24860, 20248, 10366, 8923, 3558]",bic,-2107905.8122896547,ok
detexture_ade20k_multi,feature_cluster_coarse_global_pooled_predicted_k,training,172,training_ADE_train_00009473,detexture_multi_partition_v1,multi_partition_invariant,0.4380588705157957,0.2990145614000771,0.3981571913364603,3,8,2,0.0,0.9235590040927695,346608,375296,28688,2,3,True,hungarian_iou_assignment,"[0.6021491201384522, 0.7120274914089347, 0.0]","[{""pred_label"": 0, ""gt_label"": 0, ""iou"": 0.6021491201384522}, {""pred_label"": 1, ""gt_label"": 2, ""iou"": 0.7120274914089347}, {""pred_label"": -1, ""gt_label"": 1, ""iou"": 0.0}]",fpn_2,fpn_2,72x72,1,3,3,24x24,pooled_avg_pool_multi_way,False,False,False,silhouette,0.30096563696861267,"{""2"": 0.30096563696861267, ""3"": 0.2631247043609619, ""4"": 0.29220783710479736, ""5"": 0.29761168360710144, ""6"": 0.23560534417629242, ""7"": 0.2701055705547333, ""8"": 0.2766208052635193}","[285028, 90268]",jpeg_color_clustering_bic,-1,5,28688,0.07644099590723057,8,3,14884,"{""1"": -1080464.1334686764, ""2"": -1282643.3562125654, ""3"": -1353109.8679275005, ""4"": -1567677.7635261745, ""5"": -1591083.728672816, ""6"": -2118645.999924105, ""7"": -2162641.3966499725, ""8"": -2269646.0797975548}","[194246, 104647, 47715, 10189, 9479, 3483, 2895, 2642]","[194246, 104647, 47715]","[3, 4, 5, 6, 7]","[10189, 9479, 3483, 2895, 2642]",bic,-2269646.0797975548,ok
detexture_ade20k_multi,feature_cluster_coarse_global_pooled_predicted_k,training,173,training_ADE_train_00009493,detexture_multi_partition_v1,multi_partition_invariant,0.33510643500043197,0.617949593185595,0.6242912490582209,3,8,6,0.0,0.913430522510981,319423,349696,30273,6,3,True,hungarian_iou_assignment,"[0.9469833870221477, 0.6256856562864423, 0.43796956669400194, 0.0, 0.0, 0.0]","[{""pred_label"": 0, ""gt_label"": 1, ""iou"": 0.9469833870221477}, {""pred_label"": 1, ""gt_label"": 2, ""iou"": 0.6256856562864423}, {""pred_label"": 2, ""gt_label"": 0, ""iou"": 0.43796956669400194}, {""pred_label"": 3, ""gt_label"": -1, ""iou"": 0.0}, {""pred_label"": 4, ""gt_label"": -1, ""iou"": 0.0}, {""pred_label"": 5, ""gt_label"": -1, ""iou"": 0.0}]",fpn_2,fpn_2,72x72,1,3,3,24x24,pooled_avg_pool_multi_way,False,False,False,silhouette,0.3346478343009949,"{""2"": 0.3043142855167389, ""3"": 0.32277047634124756, ""4"": 0.33299243450164795, ""5"": 0.32787907123565674, ""6"": 0.3346478343009949, ""7"": 0.3262591063976288, ""8"": 0.2675526738166809}","[111446, 65265, 57050, 55697, 45682, 14556]",jpeg_color_clustering_bic,-1,5,30273,0.08656947748901904,8,3,20812,"{""1"": -748850.9340050943, ""2"": -1023043.3327544373, ""3"": -1062066.4652424946, ""4"": -1167666.725409644, ""5"": -1209756.899528341, ""6"": -1744901.2258832336, ""7"": -1855807.3040006731, ""8"": -1917872.3011322021}","[117440, 113551, 88432, 9566, 9117, 5456, 4386, 1748]","[117440, 113551, 88432]","[3, 4, 5, 6, 7]","[9566, 9117, 5456, 4386, 1748]",bic,-1917872.3011322021,ok
detexture_ade20k_multi,feature_cluster_coarse_global_pooled_predicted_k,training,174,training_ADE_train_00009821,detexture_multi_partition_v1,multi_partition_invariant,0.5178830233440767,0.6757913566509303,0.7578885735457322,3,8,5,0.0,0.7854817708333334,77216,98304,21088,5,3,True,hungarian_iou_assignment,"[0.7187492642038097, 0.0, 0.9323233823456607, 0.9383424701709127, 0.0]","[{""pred_label"": 0, ""gt_label"": 0, ""iou"": 0.7187492642038097}, {""pred_label"": 1, ""gt_label"": -1, ""iou"": 0.0}, {""pred_label"": 2, ""gt_label"": 1, ""iou"": 0.9323233823456607}, {""pred_label"": 3, ""gt_label"": 2, ""iou"": 0.9383424701709127}, {""pred_label"": 4, ""gt_label"": -1, ""iou"": 0.0}]",fpn_2,fpn_2,72x72,1,3,3,24x24,pooled_avg_pool_multi_way,False,False,False,silhouette,0.3173675835132599,"{""2"": 0.2895315885543823, ""3"": 0.2711157202720642, ""4"": 0.30830878019332886, ""5"": 0.3173675835132599, ""6"": 0.30215394496917725, ""7"": 0.3092861771583557, ""8"": 0.3131341338157654}","[31616, 21168, 20608, 15296, 9616]",jpeg_color_clustering_bic,-1,5,21088,0.21451822916666666,8,3,5049,"{""1"": -175020.32111690653, ""2"": -212521.68277678205, ""3"": -331089.0925229129, ""4"": -451532.3389472507, ""5"": -454292.20066841744, ""6"": -526420.6726996222, ""7"": -693791.0719955004, ""8"": -697890.6357259323}","[42471, 19507, 15238, 9304, 5915, 5230, 531, 108]","[42471, 19507, 15238]","[3, 4, 5, 6, 7]","[9304, 5915, 5230, 531, 108]",bic,-697890.6357259323,ok
detexture_ade20k_multi,feature_cluster_coarse_global_pooled_predicted_k,training,175,training_ADE_train_00009899,detexture_multi_partition_v1,multi_partition_invariant,0.42460013980838224,0.7659341283979073,0.7432364750433859,3,8,6,0.0,0.8150484848484848,134483,165000,30517,6,3,True,hungarian_iou_assignment,"[0.88060896071386, 0.7895486459378135, 0.8774432321986199, 0.0, 0.0, 0.0]","[{""pred_label"": 0, ""gt_label"": 0, ""iou"": 0.88060896071386}, {""pred_label"": 1, ""gt_label"": 1, ""iou"": 0.7895486459378135}, {""pred_label"": 2, ""gt_label"": 2, ""iou"": 0.8774432321986199}, {""pred_label"": 3, ""gt_label"": -1, ""iou"": 0.0}, {""pred_label"": 4, ""gt_label"": -1, ""iou"": 0.0}, {""pred_label"": 5, ""gt_label"": -1, ""iou"": 0.0}]",fpn_2,fpn_2,72x72,1,3,3,24x24,pooled_avg_pool_multi_way,False,False,False,silhouette,0.33143168687820435,"{""2"": 0.28499189019203186, ""3"": 0.2855520248413086, ""4"": 0.31101223826408386, ""5"": 0.28074994683265686, ""6"": 0.33143168687820435, ""7"": 0.3160909116268158, ""8"": 0.29282814264297485}","[52265, 39841, 23423, 22690, 15376, 11405]",jpeg_color_clustering_bic,-1,5,30517,0.18495151515151514,8,3,10363,"{""1"": -278482.0973274499, ""2"": -353870.06699382694, ""3"": -408121.8689134362, ""4"": -713435.8340106088, ""5"": -918338.0447846263, ""6"": -960801.9515965619, ""7"": -1137484.0894798164, ""8"": -1137771.3329989386}","[58723, 49850, 25910, 14554, 11202, 3032, 1728, 1]","[58723, 49850, 25910]","[3, 4, 5, 6, 7]","[14554, 11202, 3032, 1728, 1]",bic,-1137771.3329989386,ok
detexture_ade20k_multi,feature_cluster_coarse_global_pooled_predicted_k,training,176,training_ADE_train_00009900,detexture_multi_partition_v1,multi_partition_invariant,0.39337926156142805,0.5259998337646353,0.5434082716875656,2,8,4,0.0,0.8559443115364168,206084,240768,34684,4,2,True,hungarian_iou_assignment,"[0.7181033423025965, 0.8554137039431157, 0.0, 0.0]","[{""pred_label"": 0, ""gt_label"": 0, ""iou"": 0.7181033423025965}, {""pred_label"": 1, ""gt_label"": 1, ""iou"": 0.8554137039431157}, {""pred_label"": 2, ""gt_label"": -1, ""iou"": 0.0}, {""pred_label"": 3, ""gt_label"": -1, ""iou"": 0.0}]",fpn_2,fpn_2,72x72,1,3,3,24x24,pooled_avg_pool_multi_way,False,False,False,silhouette,0.3325468599796295,"{""2"": 0.30199486017227173, ""3"": 0.2880457639694214, ""4"": 0.3325468599796295, ""5"": 0.3300495147705078, ""6"": 0.3192140758037567, ""7"": 0.30761492252349854, ""8"": 0.2744394540786743}","[109236, 54242, 43226, 34064]",jpeg_color_clustering_bic,-1,6,34684,0.1440556884635832,8,2,6884,"{""1"": -553435.7744747229, ""2"": -584755.4521233707, ""3"": -698125.0515122917, ""4"": -1707204.393550392, ""5"": -1761257.3017768979, ""6"": -1871528.7370344736, ""7"": -1949746.609327629, ""8"": -1968093.1644160845}","[144600, 61484, 26845, 3150, 2303, 1388, 676, 322]","[144600, 61484]","[2, 3, 4, 5, 6, 7]","[26845, 3150, 2303, 1388, 676, 322]",bic,-1968093.1644160845,ok
detexture_ade20k_multi,feature_cluster_coarse_global_pooled_predicted_k,training,177,training_ADE_train_00009908,detexture_multi_partition_v1,multi_partition_invariant,0.6262636501427915,0.8449628596744727,0.7723567965925816,2,8,3,0.0,0.6305338541666666,48425,76800,28375,3,2,True,hungarian_iou_assignment,"[0.9418459329380169, 0.0, 0.9369450174903579]","[{""pred_label"": 0, ""gt_label"": 0, ""iou"": 0.9418459329380169}, {""pred_label"": 1, ""gt_label"": -1, ""iou"": 0.0}, {""pred_label"": 2, ""gt_label"": 1, ""iou"": 0.9369450174903579}]",fpn_2,fpn_2,72x72,1,3,3,24x24,pooled_avg_pool_multi_way,False,False,False,silhouette,0.2851267457008362,"{""2"": 0.25441858172416687, ""3"": 0.2851267457008362, ""4"": 0.2778474688529968, ""5"": 0.2538936138153076, ""6"": 0.2770231366157532, ""7"": 0.2589595913887024, ""8"": 0.2667551040649414}","[36460, 21130, 19210]",jpeg_color_clustering_bic,-1,6,28375,0.3694661458333333,8,2,10505,"{""1"": -149290.29481987722, ""2"": -157388.8710829929, ""3"": -235991.43888203302, ""4"": -254250.77682974984, ""5"": -296999.0643718439, ""6"": -299355.33980259864, ""7"": -386308.5269267117, ""8"": -426447.2278507244}","[37565, 10860, 8743, 6503, 5987, 4726, 1306, 1110]","[37565, 10860]","[2, 3, 4, 5, 6, 7]","[8743, 6503, 5987, 4726, 1306, 1110]",bic,-426447.2278507244,ok
detexture_ade20k_multi,feature_cluster_coarse_global_pooled_predicted_k,training,178,training_ADE_train_00009913,detexture_multi_partition_v1,multi_partition_invariant,0.6329741434419903,0.9088862465890719,0.8355440125320689,2,8,3,0.0,0.746147229114971,225523,302250,76727,3,2,True,hungarian_iou_assignment,"[0.9720087593836109, 0.9269136709423603, 0.0]","[{""pred_label"": 0, ""gt_label"": 0, ""iou"": 0.9720087593836109}, {""pred_label"": 1, ""gt_label"": 1, ""iou"": 0.9269136709423603}, {""pred_label"": 2, ""gt_label"": -1, ""iou"": 0.0}]",fpn_2,fpn_2,72x72,1,3,3,24x24,pooled_avg_pool_multi_way,False,False,False,silhouette,0.3031090199947357,"{""2"": 0.2781022787094116, ""3"": 0.3031090199947357, ""4"": 0.24167969822883606, ""5"": 0.2387997806072235, ""6"": 0.24874523282051086, ""7"": 0.26182571053504944, ""8"": 0.25827932357788086}","[138828, 98772, 64650]",jpeg_color_clustering_bic,-1,6,76727,0.25385277088502894,8,2,12871,"{""1"": -665831.8475949301, ""2"": -821093.8726028753, ""3"": -944284.2122001142, ""4"": -905737.1877117757, ""5"": -1260915.011370213, ""6"": -1412522.364534605, ""7"": -2061097.959307186, ""8"": -2129032.224879826}","[122821, 102702, 27347, 22542, 13507, 8303, 3509, 1519]","[122821, 102702]","[2, 3, 4, 5, 6, 7]","[27347, 22542, 13507, 8303, 3509, 1519]",bic,-2129032.224879826,ok
detexture_ade20k_multi,feature_cluster_coarse_global_pooled_predicted_k,training,179,training_ADE_train_00009915,detexture_multi_partition_v1,multi_partition_invariant,0.9706808222304564,0.9487423466403174,0.9010038063568011,2,8,2,1.0,0.8427576335877862,88321,104800,16479,2,2,True,hungarian_iou_assignment,"[0.9818470357715414, 0.9595146086893712]","[{""pred_label"": 0, ""gt_label"": 0, ""iou"": 0.9818470357715414}, {""pred_label"": 1, ""gt_label"": 1, ""iou"": 0.9595146086893712}]",fpn_2,fpn_2,72x72,1,3,3,24x24,pooled_avg_pool_multi_way,False,False,False,silhouette,0.2910114824771881,"{""2"": 0.2910114824771881, ""3"": 0.2217528074979782, ""4"": 0.2692003846168518, ""5"": 0.2570377588272095, ""6"": 0.20631971955299377, ""7"": 0.21571815013885498, ""8"": 0.21351364254951477}","[62730, 42070]",jpeg_color_clustering_bic,-1,6,16479,0.15724236641221373,8,2,5325,"{""1"": -191384.426379605, ""2"": -198154.07411706913, ""3"": -449494.90775688697, ""4"": -452586.9941824784, ""5"": -652565.482538911, ""6"": -770689.7894355211, ""7"": -780477.8885224526, ""8"": -794787.7611380811}","[61689, 26632, 11607, 1788, 1415, 774, 465, 430]","[61689, 26632]","[2, 3, 4, 5, 6, 7]","[11607, 1788, 1415, 774, 465, 430]",bic,-794787.7611380811,ok
detexture_ade20k_multi,feature_cluster_coarse_global_pooled_predicted_k,training,180,training_ADE_train_00010007,detexture_multi_partition_v1,multi_partition_invariant,0.6929550362800556,0.40612576760120106,0.4615666311050068,2,8,2,1.0,0.8375732421875,68614,81920,13306,2,2,True,hungarian_iou_assignment,"[0.6827406632119062, 0.7031694093482052]","[{""pred_label"": 0, ""gt_label"": 1, ""iou"": 0.6827406632119062}, {""pred_label"": 1, ""gt_label"": 0, ""iou"": 0.7031694093482052}]",fpn_2,fpn_2,72x72,1,3,3,24x24,pooled_avg_pool_multi_way,False,False,False,silhouette,0.24949969351291656,"{""2"": 0.24949969351291656, ""3"": 0.18393895030021667, ""4"": 0.21930016577243805, ""5"": 0.18718822300434113, ""6"": 0.2154887318611145, ""7"": 0.22498710453510284, ""8"": 0.2367061972618103}","[41089, 40831]",jpeg_color_clustering_bic,-1,6,13306,0.1624267578125,8,2,7733,"{""1"": -155498.9268468648, ""2"": -162560.42495968324, ""3"": -296365.6741838601, ""4"": -400513.8841467527, ""5"": -502294.2594575747, ""6"": -528713.4404145005, ""7"": -553813.0701116624, ""8"": -573094.502628557}","[41869, 26745, 7257, 2270, 2009, 974, 602, 194]","[41869, 26745]","[2, 3, 4, 5, 6, 7]","[7257, 2270, 2009, 974, 602, 194]",bic,-573094.502628557,ok
detexture_ade20k_multi,feature_cluster_coarse_global_pooled_predicted_k,training,181,training_ADE_train_00010010,detexture_multi_partition_v1,multi_partition_invariant,0.4978018556567922,0.642820091950442,0.6956861396189804,3,8,2,0.0,0.7473319683382138,261339,349696,88357,2,3,True,hungarian_iou_assignment,"[0.5290504827139852, 0.9643550842563914, 0.0]","[{""pred_label"": 0, ""gt_label"": 1, ""iou"": 0.5290504827139852}, {""pred_label"": 1, ""gt_label"": 0, ""iou"": 0.9643550842563914}, {""pred_label"": -1, ""gt_label"": 2, ""iou"": 0.0}]",fpn_2,fpn_2,72x72,1,3,3,24x24,pooled_avg_pool_multi_way,False,False,False,silhouette,0.26347616314888,"{""2"": 0.26347616314888, ""3"": 0.23609648644924164, ""4"": 0.23668543994426727, ""5"": 0.2276313602924347, ""6"": 0.23106878995895386, ""7"": 0.19774329662322998, ""8"": 0.21275343000888824}","[207135, 142561]",jpeg_color_clustering_bic,-1,5,88357,0.25266803166178625,8,3,16122,"{""1"": -790999.0575021423, ""2"": -840406.9016982379, ""3"": -1207702.0750698573, ""4"": -1246890.6479676855, ""5"": -1440810.0608059522, ""6"": -1482893.5168658984, ""7"": -1680559.7915681424, ""8"": -2171875.298435269}","[110260, 79716, 71363, 40745, 30958, 7408, 6022, 3224]","[110260, 79716, 71363]","[3, 4, 5, 6, 7]","[40745, 30958, 7408, 6022, 3224]",bic,-2171875.298435269,ok
detexture_ade20k_multi,feature_cluster_coarse_global_pooled_predicted_k,training,182,training_ADE_train_00010788,detexture_multi_partition_v1,multi_partition_invariant,0.6800887662347992,0.832120528804722,0.8014025006264408,3,8,4,0.0,0.8977403210780597,124311,138471,14160,4,3,True,hungarian_iou_assignment,"[0.8869548239817373, 0.9011072812128237, 0.9322929597446356, 0.0]","[{""pred_label"": 0, ""gt_label"": 0, ""iou"": 0.8869548239817373}, {""pred_label"": 1, ""gt_label"": 1, ""iou"": 0.9011072812128237}, {""pred_label"": 2, ""gt_label"": 2, ""iou"": 0.9322929597446356}, {""pred_label"": 3, ""gt_label"": -1, ""iou"": 0.0}]",fpn_2,fpn_2,72x72,1,3,3,24x24,pooled_avg_pool_multi_way,False,False,False,silhouette,0.3135739862918854,"{""2"": 0.25403502583503723, ""3"": 0.28747501969337463, ""4"": 0.3135739862918854, ""5"": 0.27919939160346985, ""6"": 0.22808760404586792, ""7"": 0.24431578814983368, ""8"": 0.21076026558876038}","[59831, 33002, 28317, 17321]",jpeg_color_clustering_bic,-1,5,14160,0.10225967892194034,8,3,8729,"{""1"": -308963.7235079634, ""2"": -324522.5938396137, ""3"": -478845.2239275705, ""4"": -493421.4452155823, ""5"": -516472.71948971547, ""6"": -863056.5947048267, ""7"": -912302.1488809367, ""8"": -947531.9475981079}","[66509, 31248, 26554, 8809, 1965, 1782, 856, 748]","[66509, 31248, 26554]","[3, 4, 5, 6, 7]","[8809, 1965, 1782, 856, 748]",bic,-947531.9475981079,ok
detexture_ade20k_multi,feature_cluster_coarse_global_pooled_predicted_k,training,183,training_ADE_train_00010789,detexture_multi_partition_v1,multi_partition_invariant,0.31436989809391697,0.6978227286446332,0.6605126319129624,3,8,6,0.0,0.9519483098998459,316321,332288,15967,6,3,True,hungarian_iou_assignment,"[0.9688442807053957, 0.0, 0.4975355714684274, 0.4198395363896785, 0.0, 0.0]","[{""pred_label"": 0, ""gt_label"": 0, ""iou"": 0.9688442807053957}, {""pred_label"": 1, ""gt_label"": -1, ""iou"": 0.0}, {""pred_label"": 2, ""gt_label"": 1, ""iou"": 0.4975355714684274}, {""pred_label"": 3, ""gt_label"": 2, ""iou"": 0.4198395363896785}, {""pred_label"": 4, ""gt_label"": -1, ""iou"": 0.0}, {""pred_label"": 5, ""gt_label"": -1, ""iou"": 0.0}]",fpn_2,fpn_2,72x72,1,3,3,24x24,pooled_avg_pool_multi_way,False,False,False,silhouette,0.3542529344558716,"{""2"": 0.3365049958229065, ""3"": 0.3235572576522827, ""4"": 0.3229283392429352, ""5"": 0.3483656942844391, ""6"": 0.3542529344558716, ""7"": 0.3454878628253937, ""8"": 0.3542044162750244}","[131840, 50733, 48924, 45576, 29322, 25893]",jpeg_color_clustering_bic,-1,5,15967,0.04805169010015408,8,3,9852,"{""1"": -578282.9188930298, ""2"": -602957.358949524, ""3"": -1020446.4097554146, ""4"": -1865577.8261363772, ""5"": -2372802.4672082015, ""6"": -2413760.633070063, ""7"": -2496894.7225088547, ""8"": -2540719.8440864}","[134903, 96239, 85179, 7417, 4695, 2190, 1119, 546]","[134903, 96239, 85179]","[3, 4, 5, 6, 7]","[7417, 4695, 2190, 1119, 546]",bic,-2540719.8440864,ok
detexture_ade20k_multi,feature_cluster_coarse_global_pooled_predicted_k,training,184,training_ADE_train_00010790,detexture_multi_partition_v1,multi_partition_invariant,0.38559133573869225,0.3048301695493422,0.3782520284704169,3,8,2,0.0,0.9335423519736842,345097,369664,24567,2,3,True,hungarian_iou_assignment,"[0.48514295157825155, 0.6716310556378252, 0.0]","[{""pred_label"": 0, ""gt_label"": 0, ""iou"": 0.48514295157825155}, {""pred_label"": 1, ""gt_label"": 2, ""iou"": 0.6716310556378252}, {""pred_label"": -1, ""gt_label"": 1, ""iou"": 0.0}]",fpn_2,fpn_2,72x72,1,3,3,24x24,pooled_avg_pool_multi_way,False,False,False,silhouette,0.30936866998672485,"{""2"": 0.30936866998672485, ""3"": 0.3061773478984833, ""4"": 0.24051253497600555, ""5"": 0.258870005607605, ""6"": 0.24235394597053528, ""7"": 0.2445531189441681, ""8"": 0.24960123002529144}","[259811, 109853]",jpeg_color_clustering_bic,-1,5,24567,0.06645764802631579,8,3,16450,"{""1"": -966669.216832032, ""2"": -1058533.8163142062, ""3"": -1095125.630191349, ""4"": -1354526.4433737115, ""5"": -1300025.9865388004, ""6"": -2187640.2444744427, ""7"": -2190184.78507018, ""8"": -2233857.0540761417}","[153773, 127761, 63563, 16028, 3799, 3760, 869, 111]","[153773, 127761, 63563]","[3, 4, 5, 6, 7]","[16028, 3799, 3760, 869, 111]",bic,-2233857.0540761417,ok
detexture_ade20k_multi,feature_cluster_coarse_global_pooled_predicted_k,training,185,training_ADE_train_00010792,detexture_multi_partition_v1,multi_partition_invariant,0.6499810053921022,0.7403642256723085,0.7185659478422007,4,8,4,1.0,0.9362311557788945,55893,59700,3807,4,4,True,hungarian_iou_assignment,"[0.9259578131726216, 0.6474771265513181, 0.9115061535456144, 0.11498292829885519]","[{""pred_label"": 0, ""gt_label"": 0, ""iou"": 0.9259578131726216}, {""pred_label"": 1, ""gt_label"": 1, ""iou"": 0.6474771265513181}, {""pred_label"": 2, ""gt_label"": 2, ""iou"": 0.9115061535456144}, {""pred_label"": 3, ""gt_label"": 3, ""iou"": 0.11498292829885519}]",fpn_2,fpn_2,72x72,1,3,3,24x24,pooled_avg_pool_multi_way,False,False,False,silhouette,0.3326505422592163,"{""2"": 0.2935095429420471, ""3"": 0.2809774577617645, ""4"": 0.3326505422592163, ""5"": 0.2856968641281128, ""6"": 0.313316285610199, ""7"": 0.26908138394355774, ""8"": 0.23989422619342804}","[24400, 21154, 10158, 3988]",jpeg_color_clustering_bic,-1,4,3807,0.06376884422110553,8,4,4063,"{""1"": -139011.38507020441, ""2"": -141461.65045085928, ""3"": -172231.40264871035, ""4"": -235244.55276858085, ""5"": -236550.74522225672, ""6"": -335196.7497727814, ""7"": -336710.56608643796, ""8"": -430964.3387135316}","[23230, 15561, 9775, 7327, 2885, 434, 278, 210]","[23230, 15561, 9775, 7327]","[4, 5, 6, 7]","[2885, 434, 278, 210]",bic,-430964.3387135316,ok
detexture_ade20k_multi,feature_cluster_coarse_global_pooled_predicted_k,training,186,training_ADE_train_00010793,detexture_multi_partition_v1,multi_partition_invariant,0.22735673895457786,0.26986762393678543,0.48159806205169836,3,8,7,0.0,0.8943167780014641,312739,349696,36957,7,3,True,hungarian_iou_assignment,"[0.3137452213839277, 0.0, 0.51968079898169, 0.7580711523164275, 0.0, 0.0, 0.0]","[{""pred_label"": 0, ""gt_label"": 0, ""iou"": 0.3137452213839277}, {""pred_label"": 1, ""gt_label"": -1, ""iou"": 0.0}, {""pred_label"": 2, ""gt_label"": 2, ""iou"": 0.51968079898169}, {""pred_label"": 3, ""gt_label"": 1, ""iou"": 0.7580711523164275}, {""pred_label"": 4, ""gt_label"": -1, ""iou"": 0.0}, {""pred_label"": 5, ""gt_label"": -1, ""iou"": 0.0}, {""pred_label"": 6, ""gt_label"": -1, ""iou"": 0.0}]",fpn_2,fpn_2,72x72,1,3,3,24x24,pooled_avg_pool_multi_way,False,False,False,silhouette,0.24258549511432648,"{""2"": 0.22954896092414856, ""3"": 0.24029408395290375, ""4"": 0.22326312959194183, ""5"": 0.19917018711566925, ""6"": 0.22579950094223022, ""7"": 0.24258549511432648, ""8"": 0.1944439709186554}","[62554, 60324, 57121, 55903, 55165, 36096, 22533]",jpeg_color_clustering_bic,-1,5,36957,0.10568322199853587,8,3,13638,"{""1"": -861460.6146430898, ""2"": -1025482.5068727221, ""3"": -1070017.194703366, ""4"": -1123501.7881436402, ""5"": -1278955.8372458431, ""6"": -1281067.5749570683, ""7"": -1786917.0172183067, ""8"": -2020359.9092386593}","[197722, 72837, 42180, 12764, 10523, 9763, 3293, 614]","[197722, 72837, 42180]","[3, 4, 5, 6, 7]","[12764, 10523, 9763, 3293, 614]",bic,-2020359.9092386593,ok
detexture_ade20k_multi,feature_cluster_coarse_global_pooled_predicted_k,training,187,training_ADE_train_00010795,detexture_multi_partition_v1,multi_partition_invariant,0.8896104675406041,0.7841322975706246,0.6868421247162967,2,8,2,1.0,0.7762284956076134,271444,349696,78252,2,2,True,hungarian_iou_assignment,"[0.8742042085823978, 0.9050167264988105]","[{""pred_label"": 0, ""gt_label"": 1, ""iou"": 0.8742042085823978}, {""pred_label"": 1, ""gt_label"": 0, ""iou"": 0.9050167264988105}]",fpn_2,fpn_2,72x72,1,3,3,24x24,pooled_avg_pool_multi_way,False,False,False,silhouette,0.33942630887031555,"{""2"": 0.33942630887031555, ""3"": 0.30527520179748535, ""4"": 0.30435410141944885, ""5"": 0.25733932852745056, ""6"": 0.2544611692428589, ""7"": 0.30583879351615906, ""8"": 0.29788628220558167}","[180587, 169109]",jpeg_color_clustering_bic,-1,6,78252,0.22377150439238652,8,2,19878,"{""1"": -834113.4351703943, ""2"": -1035129.927487571, ""3"": -1078752.627036801, ""4"": -1318295.568913759, ""5"": -1397731.3230029482, ""6"": -1503030.2334671204, ""7"": -1517158.1247649675, ""8"": -1570291.9341447186}","[159044, 112400, 28658, 24420, 12528, 5932, 3560, 3154]","[159044, 112400]","[2, 3, 4, 5, 6, 7]","[28658, 24420, 12528, 5932, 3560, 3154]",bic,-1570291.9341447186,ok
detexture_ade20k_multi,feature_cluster_coarse_global_pooled_predicted_k,training,188,training_ADE_train_00010797,detexture_multi_partition_v1,multi_partition_invariant,0.39986516804108635,0.5080612257282499,0.6618417426392962,3,8,5,0.0,0.9644888888888888,65103,67500,2397,5,3,True,hungarian_iou_assignment,"[0.5178754396167373, 0.0, 0.5513873159682899, 0.0, 0.9300630846204047]","[{""pred_label"": 0, ""gt_label"": 0, ""iou"": 0.5178754396167373}, {""pred_label"": 1, ""gt_label"": -1, ""iou"": 0.0}, {""pred_label"": 2, ""gt_label"": 1, ""iou"": 0.5513873159682899}, {""pred_label"": 3, ""gt_label"": -1, ""iou"": 0.0}, {""pred_label"": 4, ""gt_label"": 2, ""iou"": 0.9300630846204047}]",fpn_2,fpn_2,72x72,1,3,3,24x24,pooled_avg_pool_multi_way,False,False,False,silhouette,0.27021583914756775,"{""2"": 0.22552138566970825, ""3"": 0.2496233582496643, ""4"": 0.2364920973777771, ""5"": 0.27021583914756775, ""6"": 0.2667425274848938, ""7"": 0.2507331669330597, ""8"": 0.24456244707107544}","[18963, 16450, 12625, 9908, 9554]",jpeg_color_clustering_bic,-1,5,2397,0.03551111111111111,8,3,4115,"{""1"": -150041.87706275395, ""2"": -222136.82206956268, ""3"": -232292.23812546014, ""4"": -392258.90325700014, ""5"": -399411.49203380424, ""6"": -406477.89722144976, ""7"": -491539.8041702692, ""8"": -495245.9183250273}","[36024, 20400, 8679, 1261, 403, 306, 259, 168]","[36024, 20400, 8679]","[3, 4, 5, 6, 7]","[1261, 403, 306, 259, 168]",bic,-495245.9183250273,ok
detexture_ade20k_multi,feature_cluster_coarse_global_pooled_predicted_k,training,189,training_ADE_train_00010800,detexture_multi_partition_v1,multi_partition_invariant,0.6929148957728278,0.6083207526714153,0.5831868540388534,3,8,3,1.0,0.9501710056734992,332271,349696,17425,3,3,True,hungarian_iou_assignment,"[0.6732974319522291, 0.8589349855122779, 0.5465122698539763]","[{""pred_label"": 0, ""gt_label"": 1, ""iou"": 0.6732974319522291}, {""pred_label"": 1, ""gt_label"": 0, ""iou"": 0.8589349855122779}, {""pred_label"": 2, ""gt_label"": 2, ""iou"": 0.5465122698539763}]",fpn_2,fpn_2,72x72,1,3,3,24x24,pooled_avg_pool_multi_way,False,False,False,silhouette,0.3403018116950989,"{""2"": 0.30018627643585205, ""3"": 0.3403018116950989, ""4"": 0.33384835720062256, ""5"": 0.3302265703678131, ""6"": 0.31239616870880127, ""7"": 0.3195285201072693, ""8"": 0.27056124806404114}","[147812, 132829, 69055]",jpeg_color_clustering_bic,-1,5,17425,0.04982899432650073,8,3,17099,"{""1"": -654308.5086158523, ""2"": -682665.4365436893, ""3"": -1415981.1538565157, ""4"": -1892461.6554617926, ""5"": -2105895.3753939914, ""6"": -2250840.555139368, ""7"": -2386870.224570505, ""8"": -2452723.5146079957}","[149752, 132653, 49866, 5508, 4843, 4382, 2161, 531]","[149752, 132653, 49866]","[3, 4, 5, 6, 7]","[5508, 4843, 4382, 2161, 531]",bic,-2452723.5146079957,ok
detexture_ade20k_multi,feature_cluster_coarse_global_pooled_predicted_k,training,190,training_ADE_train_00010802,detexture_multi_partition_v1,multi_partition_invariant,0.4902394370525352,0.6111357597426977,0.6792405663676748,3,8,3,1.0,0.8621316800878477,301484,349696,48212,3,3,True,hungarian_iou_assignment,"[0.5315314800420649, 0.9364880905278151, 0.002698740587725728]","[{""pred_label"": 0, ""gt_label"": 1, ""iou"": 0.5315314800420649}, {""pred_label"": 1, ""gt_label"": 0, ""iou"": 0.9364880905278151}, {""pred_label"": 2, ""gt_label"": 2, ""iou"": 0.002698740587725728}]",fpn_2,fpn_2,72x72,1,3,3,24x24,pooled_avg_pool_multi_way,False,False,False,silhouette,0.37408992648124695,"{""2"": 0.3562386631965637, ""3"": 0.37408992648124695, ""4"": 0.36362314224243164, ""5"": 0.3674044609069824, ""6"": 0.3644542992115021, ""7"": 0.3265017867088318, ""8"": 0.3604566752910614}","[175457, 119187, 55052]",jpeg_color_clustering_bic,-1,5,48212,0.13786831991215226,8,3,13870,"{""1"": -594112.5226127803, ""2"": -836975.3411041329, ""3"": -778326.8887590389, ""4"": -1331036.5860707585, ""5"": -1642486.726141206, ""6"": -1888514.377067278, ""7"": -1901592.5418211422, ""8"": -1902211.791105795}","[126271, 100380, 74833, 30419, 13446, 3332, 962, 53]","[126271, 100380, 74833]","[3, 4, 5, 6, 7]","[30419, 13446, 3332, 962, 53]",bic,-1902211.791105795,ok
detexture_ade20k_multi,feature_cluster_coarse_global_pooled_predicted_k,training,191,training_ADE_train_00010806,detexture_multi_partition_v1,multi_partition_invariant,0.6886368165629722,0.8807409040452162,0.8360514123559516,3,8,4,0.0,0.9832026163736979,386611,393216,6605,4,3,True,hungarian_iou_assignment,"[0.9308316593936875, 0.9368133384861701, 0.8869022683720308, 0.0]","[{""pred_label"": 0, ""gt_label"": 0, ""iou"": 0.9308316593936875}, {""pred_label"": 1, ""gt_label"": 2, ""iou"": 0.9368133384861701}, {""pred_label"": 2, ""gt_label"": 1, ""iou"": 0.8869022683720308}, {""pred_label"": 3, ""gt_label"": -1, ""iou"": 0.0}]",fpn_2,fpn_2,72x72,1,3,3,24x24,pooled_avg_pool_multi_way,False,False,False,silhouette,0.3522932529449463,"{""2"": 0.31843626499176025, ""3"": 0.3478408753871918, ""4"": 0.3522932529449463, ""5"": 0.3240601718425751, ""6"": 0.2409030646085739, ""7"": 0.24039064347743988, ""8"": 0.2348499298095703}","[162240, 107296, 104800, 18880]",jpeg_color_clustering_bic,-1,5,6605,0.016797383626302082,8,3,9902,"{""1"": -920017.4497870426, ""2"": -1502414.8217892437, ""3"": -1181156.801396405, ""4"": -2719854.623532758, ""5"": -2794892.671453836, ""6"": -3000256.270971579, ""7"": -3107772.3410365167, ""8"": -3138360.4678219315}","[173244, 108640, 104727, 2903, 1227, 1194, 651, 630]","[173244, 108640, 104727]","[3, 4, 5, 6, 7]","[2903, 1227, 1194, 651, 630]",bic,-3138360.4678219315,ok
detexture_ade20k_multi,feature_cluster_coarse_global_pooled_predicted_k,training,192,training_ADE_train_00010807,detexture_multi_partition_v1,multi_partition_invariant,0.36037440480513094,0.2539668839552962,0.2460028388668438,3,8,2,0.0,0.9649810791015625,63241,65536,2295,2,3,True,hungarian_iou_assignment,"[0.6072608965089857, 0.4738623179064071, 0.0]","[{""pred_label"": 0, ""gt_label"": 0, ""iou"": 0.6072608965089857}, {""pred_label"": 1, ""gt_label"": 2, ""iou"": 0.4738623179064071}, {""pred_label"": -1, ""gt_label"": 1, ""iou"": 0.0}]",fpn_2,fpn_2,72x72,1,3,3,24x24,pooled_avg_pool_multi_way,False,False,False,silhouette,0.2644188702106476,"{""2"": 0.2644188702106476, ""3"": 0.264244019985199, ""4"": 0.24594815075397491, ""5"": 0.24994587898254395, ""6"": 0.22973568737506866, ""7"": 0.21168340742588043, ""8"": 0.22419898211956024}","[34368, 31168]",jpeg_color_clustering_bic,-1,5,2295,0.0350189208984375,8,3,6414,"{""1"": -173948.84563899675, ""2"": -193098.72844188946, ""3"": -224630.9327906525, ""4"": -249942.1520469208, ""5"": -228454.2118987022, ""6"": -231131.24010087372, ""7"": -292276.4591018947, ""8"": -292353.9133088319}","[29390, 18505, 15346, 1184, 642, 325, 115, 29]","[29390, 18505, 15346]","[3, 4, 5, 6, 7]","[1184, 642, 325, 115, 29]",bic,-292353.9133088319,ok
detexture_ade20k_multi,feature_cluster_coarse_global_pooled_predicted_k,training,193,training_ADE_train_00010813,detexture_multi_partition_v1,multi_partition_invariant,0.7195522978839939,0.8621389851580414,0.8295330679961314,4,8,5,0.0,0.9073028564453125,59461,65536,6075,5,4,True,hungarian_iou_assignment,"[0.9256207307817413, 0.8592025518341307, 0.8792235365483773, 0.9337146702557201, 0.0]","[{""pred_label"": 0, ""gt_label"": 0, ""iou"": 0.9256207307817413}, {""pred_label"": 1, ""gt_label"": 2, ""iou"": 0.8592025518341307}, {""pred_label"": 2, ""gt_label"": 1, ""iou"": 0.8792235365483773}, {""pred_label"": 3, ""gt_label"": 3, ""iou"": 0.9337146702557201}, {""pred_label"": 4, ""gt_label"": -1, ""iou"": 0.0}]",fpn_2,fpn_2,72x72,1,3,3,24x24,pooled_avg_pool_multi_way,False,False,False,silhouette,0.3280326724052429,"{""2"": 0.2882888615131378, ""3"": 0.274589478969574, ""4"": 0.30586162209510803, ""5"": 0.3280326724052429, ""6"": 0.32623010873794556, ""7"": 0.31061872839927673, ""8"": 0.29183775186538696}","[18279, 14994, 14713, 12391, 5159]",jpeg_color_clustering_bic,-1,4,6075,0.0926971435546875,8,4,5501,"{""1"": -153659.06904416933, ""2"": -161320.25390445185, ""3"": -193939.0422307163, ""4"": -256352.77420713144, ""5"": -290144.92821043875, ""6"": -291967.4426185323, ""7"": -453258.98834957223, ""8"": -465001.4811136013}","[17342, 16291, 14312, 11516, 4296, 811, 612, 356]","[17342, 16291, 14312, 11516]","[4, 5, 6, 7]","[4296, 811, 612, 356]",bic,-465001.4811136013,ok
detexture_ade20k_multi,feature_cluster_coarse_global_pooled_predicted_k,training,194,training_ADE_train_00010817,detexture_multi_partition_v1,multi_partition_invariant,0.24476598594722132,0.4375659276846901,0.4895859764153864,2,8,5,0.0,0.5944061279296875,38955,65536,26581,5,2,True,hungarian_iou_assignment,"[0.6532978887347819, 0.0, 0.0, 0.0, 0.5705320410013248]","[{""pred_label"": 0, ""gt_label"": 0, ""iou"": 0.6532978887347819}, {""pred_label"": 1, ""gt_label"": -1, ""iou"": 0.0}, {""pred_label"": 2, ""gt_label"": -1, ""iou"": 0.0}, {""pred_label"": 3, ""gt_label"": -1, ""iou"": 0.0}, {""pred_label"": 4, ""gt_label"": 1, ""iou"": 0.5705320410013248}]",fpn_2,fpn_2,72x72,1,3,3,24x24,pooled_avg_pool_multi_way,False,False,False,silhouette,0.2669747769832611,"{""2"": 0.266176700592041, ""3"": 0.24721601605415344, ""4"": 0.24606625735759735, ""5"": 0.2669747769832611, ""6"": 0.2424275130033493, ""7"": 0.24375946819782257, ""8"": 0.23498328030109406}","[17156, 13501, 12968, 11163, 10748]",jpeg_color_clustering_bic,-1,6,26581,0.4055938720703125,8,2,9555,"{""1"": -131489.01918782163, ""2"": -146771.00336852283, ""3"": -157481.42707418217, ""4"": -207796.1133443894, ""5"": -195485.02952817775, ""6"": -202836.56067046552, ""7"": -370722.9341503005, ""8"": -375375.51627538697}","[25954, 13001, 6987, 6360, 6327, 4666, 1613, 628]","[25954, 13001]","[2, 3, 4, 5, 6, 7]","[6987, 6360, 6327, 4666, 1613, 628]",bic,-375375.51627538697,ok
detexture_ade20k_multi,feature_cluster_coarse_global_pooled_predicted_k,training,195,training_ADE_train_00010822,detexture_multi_partition_v1,multi_partition_invariant,0.5049589918230196,0.6392063744866315,0.724389399348765,3,8,2,0.0,0.8965301513671875,58755,65536,6781,2,3,True,hungarian_iou_assignment,"[0.5357496073069986, 0.9791273681620603, 0.0]","[{""pred_label"": 0, ""gt_label"": 1, ""iou"": 0.5357496073069986}, {""pred_label"": 1, ""gt_label"": 0, ""iou"": 0.9791273681620603}, {""pred_label"": -1, ""gt_label"": 2, ""iou"": 0.0}]",fpn_2,fpn_2,72x72,1,3,3,24x24,pooled_avg_pool_multi_way,False,False,False,silhouette,0.32580122351646423,"{""2"": 0.32580122351646423, ""3"": 0.31372809410095215, ""4"": 0.31475135684013367, ""5"": 0.29242005944252014, ""6"": 0.2870330512523651, ""7"": 0.2929419279098511, ""8"": 0.2850693166255951}","[40750, 24786]",jpeg_color_clustering_bic,-1,5,6781,0.1034698486328125,8,3,9580,"{""1"": -121244.34307365929, ""2"": -173693.92946579924, ""3"": -189613.71352364167, ""4"": -297346.64547179005, ""5"": -305505.3744985685, ""6"": -370671.027513697, ""7"": -375026.10726684163, ""8"": -386959.68429810624}","[23886, 18418, 16451, 3462, 1333, 1220, 453, 313]","[23886, 18418, 16451]","[3, 4, 5, 6, 7]","[3462, 1333, 1220, 453, 313]",bic,-386959.68429810624,ok
detexture_ade20k_multi,feature_cluster_coarse_global_pooled_predicted_k,training,196,training_ADE_train_00010823,detexture_multi_partition_v1,multi_partition_invariant,0.404647744758861,0.5924896413682569,0.6953428392359176,4,8,7,0.0,0.8987884521484375,58903,65536,6633,7,4,True,hungarian_iou_assignment,"[0.7033966967902774, 0.6481035138906508, 0.0, 0.5180710396681358, 0.9629629629629629, 0.0, 0.0]","[{""pred_label"": 0, ""gt_label"": 1, ""iou"": 0.7033966967902774}, {""pred_label"": 1, ""gt_label"": 2, ""iou"": 0.6481035138906508}, {""pred_label"": 2, ""gt_label"": -1, ""iou"": 0.0}, {""pred_label"": 3, ""gt_label"": 0, ""iou"": 0.5180710396681358}, {""pred_label"": 4, ""gt_label"": 3, ""iou"": 0.9629629629629629}, {""pred_label"": 5, ""gt_label"": -1, ""iou"": 0.0}, {""pred_label"": 6, ""gt_label"": -1, ""iou"": 0.0}]",fpn_2,fpn_2,72x72,1,3,3,24x24,pooled_avg_pool_multi_way,False,False,False,silhouette,0.28773921728134155,"{""2"": 0.27990633249282837, ""3"": 0.28021469712257385, ""4"": 0.2687736749649048, ""5"": 0.282814085483551, ""6"": 0.28087863326072693, ""7"": 0.28773921728134155, ""8"": 0.26342976093292236}","[11584, 11214, 10944, 10528, 9454, 6902, 4910]",jpeg_color_clustering_bic,-1,4,6633,0.1012115478515625,8,4,5676,"{""1"": -120813.38226680594, ""2"": -129949.22513241599, ""3"": -167382.45184070675, ""4"": -239875.7199045805, ""5"": -252511.72769313183, ""6"": -253460.7520064769, ""7"": -426892.7385898987, ""8"": -433930.5254577103}","[19226, 16020, 14992, 8665, 4330, 1333, 664, 306]","[19226, 16020, 14992, 8665]","[4, 5, 6, 7]","[4330, 1333, 664, 306]",bic,-433930.5254577103,ok
detexture_ade20k_multi,feature_cluster_coarse_global_pooled_predicted_k,training,197,training_ADE_train_00010827,detexture_multi_partition_v1,multi_partition_invariant,0.3290992686758455,0.6987155796909811,0.7270791598935747,3,8,7,0.0,0.7611541748046875,49883,65536,15653,7,3,True,hungarian_iou_assignment,"[0.8122053528341809, 0.0, 0.7086823768887497, 0.7828071510079878, 0.0, 0.0, 0.0]","[{""pred_label"": 0, ""gt_label"": 0, ""iou"": 0.8122053528341809}, {""pred_label"": 1, ""gt_label"": -1, ""iou"": 0.0}, {""pred_label"": 2, ""gt_label"": 1, ""iou"": 0.7086823768887497}, {""pred_label"": 3, ""gt_label"": 2, ""iou"": 0.7828071510079878}, {""pred_label"": 4, ""gt_label"": -1, ""iou"": 0.0}, {""pred_label"": 5, ""gt_label"": -1, ""iou"": 0.0}, {""pred_label"": 6, ""gt_label"": -1, ""iou"": 0.0}]",fpn_2,fpn_2,72x72,1,3,3,24x24,pooled_avg_pool_multi_way,False,False,False,silhouette,0.3835650682449341,"{""2"": 0.3080258369445801, ""3"": 0.3237716853618622, ""4"": 0.33665597438812256, ""5"": 0.36136186122894287, ""6"": 0.3615519106388092, ""7"": 0.3835650682449341, ""8"": 0.3743077516555786}","[22172, 10596, 9786, 8928, 5426, 4686, 3942]",jpeg_color_clustering_bic,-1,5,15653,0.2388458251953125,8,3,6924,"{""1"": -106523.34515529848, ""2"": -144803.29760550673, ""3"": -214615.03783013826, ""4"": -321566.83932066767, ""5"": -401950.1234509404, ""6"": -419502.6326863814, ""7"": -424900.1373611938, ""8"": -437406.28768800444}","[26939, 12710, 10234, 7153, 7006, 639, 549, 306]","[26939, 12710, 10234]","[3, 4, 5, 6, 7]","[7153, 7006, 639, 549, 306]",bic,-437406.28768800444,ok
detexture_ade20k_multi,feature_cluster_coarse_global_pooled_predicted_k,training,198,training_ADE_train_00010836,detexture_multi_partition_v1,multi_partition_invariant,0.5303324899468191,0.844627620166066,0.814482691236345,3,8,2,0.0,0.7713470458984375,50551,65536,14985,2,3,True,hungarian_iou_assignment,"[0.9949703085959049, 0.5960271612445526, 0.0]","[{""pred_label"": 0, ""gt_label"": 0, ""iou"": 0.9949703085959049}, {""pred_label"": 1, ""gt_label"": 1, ""iou"": 0.5960271612445526}, {""pred_label"": -1, ""gt_label"": 2, ""iou"": 0.0}]",fpn_2,fpn_2,72x72,1,3,3,24x24,pooled_avg_pool_multi_way,False,False,False,silhouette,0.269368976354599,"{""2"": 0.269368976354599, ""3"": 0.25053685903549194, ""4"": 0.25428542494773865, ""5"": 0.2173270881175995, ""6"": 0.21110346913337708, ""7"": 0.20050668716430664, ""8"": 0.21375571191310883}","[37792, 27744]",jpeg_color_clustering_bic,-1,5,14985,0.2286529541015625,8,3,6791,"{""1"": -117764.1413385578, ""2"": -143617.81364173305, ""3"": -216876.37380124917, ""4"": -302001.93659766816, ""5"": -335494.55472512107, ""6"": -338287.7624550978, ""7"": -440080.902575902, ""8"": -446894.1926361397}","[30662, 11762, 8127, 5595, 4264, 4257, 591, 278]","[30662, 11762, 8127]","[3, 4, 5, 6, 7]","[5595, 4264, 4257, 591, 278]",bic,-446894.1926361397,ok
detexture_ade20k_multi,feature_cluster_coarse_global_pooled_predicted_k,training,199,training_ADE_train_00010839,detexture_multi_partition_v1,multi_partition_invariant,0.2672684066504622,0.6110595171061838,0.6587581713392632,3,8,8,0.0,0.8353271484375,54744,65536,10792,8,3,True,hungarian_iou_assignment,"[0.8051296611773614, 0.5830833296019343, 0.0, 0.7499342624244018, 0.0, 0.0, 0.0, 0.0]","[{""pred_label"": 0, ""gt_label"": 1, ""iou"": 0.8051296611773614}, {""pred_label"": 1, ""gt_label"": 0, ""iou"": 0.5830833296019343}, {""pred_label"": 2, ""gt_label"": -1, ""iou"": 0.0}, {""pred_label"": 3, ""gt_label"": 2, ""iou"": 0.7499342624244018}, {""pred_label"": 4, ""gt_label"": -1, ""iou"": 0.0}, {""pred_label"": 5, ""gt_label"": -1, ""iou"": 0.0}, {""pred_label"": 6, ""gt_label"": -1, ""iou"": 0.0}, {""pred_label"": 7, ""gt_label"": -1, ""iou"": 0.0}]",fpn_2,fpn_2,72x72,1,3,3,24x24,pooled_avg_pool_multi_way,False,False,False,silhouette,0.32957422733306885,"{""2"": 0.32299694418907166, ""3"": 0.31243962049484253, ""4"": 0.30578339099884033, ""5"": 0.2811011075973511, ""6"": 0.2853175103664398, ""7"": 0.29918086528778076, ""8"": 0.32957422733306885}","[17259, 13309, 8775, 8686, 7882, 5454, 2322, 1849]",jpeg_color_clustering_bic,-1,5,10792,0.1646728515625,8,3,6785,"{""1"": -140882.46891820416, ""2"": -170389.87554833968, ""3"": -209553.43173152802, ""4"": -209631.02638501517, ""5"": -297896.44535512384, ""6"": -340855.7730672913, ""7"": -311818.7201693695, ""8"": -391496.8425366295}","[22333, 21132, 11279, 7368, 1423, 1263, 416, 322]","[22333, 21132, 11279]","[3, 4, 5, 6, 7]","[7368, 1423, 1263, 416, 322]",bic,-391496.8425366295,ok
detexture_ade20k_multi,feature_cluster_coarse_global_pooled_predicted_k,training,200,training_ADE_train_00010840,detexture_multi_partition_v1,multi_partition_invariant,0.9794434214617183,0.9719490993845675,0.9528492663604141,3,8,3,1.0,0.9577178955078125,62765,65536,2771,3,3,True,hungarian_iou_assignment,"[0.9928439131166863, 0.9778670061698168, 0.9676193450986517]","[{""pred_label"": 0, ""gt_label"": 0, ""iou"": 0.9928439131166863}, {""pred_label"": 1, ""gt_label"": 1, ""iou"": 0.9778670061698168}, {""pred_label"": 2, ""gt_label"": 2, ""iou"": 0.9676193450986517}]",fpn_2,fpn_2,72x72,1,3,3,24x24,pooled_avg_pool_multi_way,False,False,False,silhouette,0.44151049852371216,"{""2"": 0.3403494954109192, ""3"": 0.44151049852371216, ""4"": 0.43334993720054626, ""5"": 0.42227229475975037, ""6"": 0.34745168685913086, ""7"": 0.3376612961292267, ""8"": 0.3101756274700165}","[24576, 21785, 19175]",jpeg_color_clustering_bic,-1,5,2771,0.0422821044921875,8,3,3114,"{""1"": -113229.09691984767, ""2"": -211033.17768277047, ""3"": -239197.1650548455, ""4"": -427079.7052495359, ""5"": -436884.21395641816, ""6"": -457136.4894294695, ""7"": -477605.60246857157, ""8"": -493192.7660274651}","[23586, 19994, 19185, 1166, 683, 390, 351, 181]","[23586, 19994, 19185]","[3, 4, 5, 6, 7]","[1166, 683, 390, 351, 181]",bic,-493192.7660274651,ok
detexture_ade20k_multi,feature_cluster_coarse_global_pooled_predicted_k,training,201,training_ADE_train_00010841,detexture_multi_partition_v1,multi_partition_invariant,0.5981857475331585,0.6570369746026955,0.7467541346974367,4,8,3,0.0,0.9049072265625,59304,65536,6232,3,4,True,hungarian_iou_assignment,"[0.5454731109598366, 0.8975021049677239, 0.9497677742050732, 0.0]","[{""pred_label"": 0, ""gt_label"": 0, ""iou"": 0.5454731109598366}, {""pred_label"": 1, ""gt_label"": 1, ""iou"": 0.8975021049677239}, {""pred_label"": 2, ""gt_label"": 2, ""iou"": 0.9497677742050732}, {""pred_label"": -1, ""gt_label"": 3, ""iou"": 0.0}]",fpn_2,fpn_2,72x72,1,3,3,24x24,pooled_avg_pool_multi_way,False,False,False,silhouette,0.3160575330257416,"{""2"": 0.31371572613716125, ""3"": 0.3160575330257416, ""4"": 0.24639160931110382, ""5"": 0.2765616476535797, ""6"": 0.26336145401000977, ""7"": 0.29884883761405945, ""8"": 0.26881805062294006}","[28189, 22001, 15346]",jpeg_color_clustering_bic,-1,4,6232,0.0950927734375,8,4,5909,"{""1"": -115961.6596099742, ""2"": -122685.6830641162, ""3"": -159652.9089438505, ""4"": -207438.75789320248, ""5"": -318335.2881831636, ""6"": -423876.05277996504, ""7"": -441167.0837961029, ""8"": -456559.9774303607}","[17847, 15998, 13348, 12111, 3868, 1075, 666, 623]","[17847, 15998, 13348, 12111]","[4, 5, 6, 7]","[3868, 1075, 666, 623]",bic,-456559.9774303607,ok
detexture_ade20k_multi,feature_cluster_coarse_global_pooled_predicted_k,training,202,training_ADE_train_00010843,detexture_multi_partition_v1,multi_partition_invariant,0.5941542561583228,0.48659564676130684,0.6096079910863139,3,8,3,1.0,0.7580413818359375,49679,65536,15857,3,3,True,hungarian_iou_assignment,"[0.5282336171923541, 0.9301684925363572, 0.3240606587462571]","[{""pred_label"": 0, ""gt_label"": 2, ""iou"": 0.5282336171923541}, {""pred_label"": 1, ""gt_label"": 1, ""iou"": 0.9301684925363572}, {""pred_label"": 2, ""gt_label"": 0, ""iou"": 0.3240606587462571}]",fpn_2,fpn_2,72x72,1,3,3,24x24,pooled_avg_pool_multi_way,False,False,False,silhouette,0.3006703555583954,"{""2"": 0.2847549021244049, ""3"": 0.3006703555583954, ""4"": 0.23551055788993835, ""5"": 0.25072601437568665, ""6"": 0.25493115186691284, ""7"": 0.24899667501449585, ""8"": 0.24722634255886078}","[28217, 26362, 10957]",jpeg_color_clustering_bic,-1,5,15857,0.2419586181640625,8,3,8887,"{""1"": -128017.14651161975, ""2"": -158977.03806686314, ""3"": -218102.63117191038, ""4"": -217396.71182040474, ""5"": -278266.56321737095, ""6"": -327674.4706886592, ""7"": -323937.1815503699, ""8"": -336210.79284790053}","[19864, 15362, 14453, 6765, 6073, 1231, 1100, 688]","[19864, 15362, 14453]","[3, 4, 5, 6, 7]","[6765, 6073, 1231, 1100, 688]",bic,-336210.79284790053,ok
detexture_ade20k_multi,feature_cluster_coarse_global_pooled_predicted_k,training,203,training_ADE_train_00010914,detexture_multi_partition_v1,multi_partition_invariant,0.9335742740061728,0.8736605499908296,0.8187694679848464,2,8,2,1.0,0.8145629629629629,54983,67500,12517,2,2,True,hungarian_iou_assignment,"[0.9485306803151418, 0.9186178676972039]","[{""pred_label"": 0, ""gt_label"": 0, ""iou"": 0.9485306803151418}, {""pred_label"": 1, ""gt_label"": 1, ""iou"": 0.9186178676972039}]",fpn_2,fpn_2,72x72,1,3,3,24x24,pooled_avg_pool_multi_way,False,False,False,silhouette,0.28773853182792664,"{""2"": 0.28773853182792664, ""3"": 0.2547927498817444, ""4"": 0.23725970089435577, ""5"": 0.24705463647842407, ""6"": 0.21058696508407593, ""7"": 0.23310957849025726, ""8"": 0.21478359401226044}","[38506, 28994]",jpeg_color_clustering_bic,-1,6,12517,0.18543703703703704,8,2,4629,"{""1"": -116763.28396647407, ""2"": -137843.8839476724, ""3"": -292643.99484647525, ""4"": -414600.4451171749, ""5"": -435590.9391679252, ""6"": -481219.5663664788, ""7"": -496540.7069702914, ""8"": -500804.9208238793}","[34778, 20205, 6136, 3754, 1888, 357, 319, 63]","[34778, 20205]","[2, 3, 4, 5, 6, 7]","[6136, 3754, 1888, 357, 319, 63]",bic,-500804.9208238793,ok
detexture_ade20k_multi,feature_cluster_coarse_global_pooled_predicted_k,training,204,training_ADE_train_00011021,detexture_multi_partition_v1,multi_partition_invariant,0.5485224257898168,0.7626349622042363,0.7254615060865564,4,8,6,0.0,0.9261229045189504,325284,351232,25948,6,4,True,hungarian_iou_assignment,"[0.8553136059771923, 0.8643656637017492, 0.7751625926399925, 0.7962926924199669, 0.0, 0.0]","[{""pred_label"": 0, ""gt_label"": 0, ""iou"": 0.8553136059771923}, {""pred_label"": 1, ""gt_label"": 2, ""iou"": 0.8643656637017492}, {""pred_label"": 2, ""gt_label"": 1, ""iou"": 0.7751625926399925}, {""pred_label"": 3, ""gt_label"": 3, ""iou"": 0.7962926924199669}, {""pred_label"": 4, ""gt_label"": -1, ""iou"": 0.0}, {""pred_label"": 5, ""gt_label"": -1, ""iou"": 0.0}]",fpn_2,fpn_2,72x72,1,3,3,24x24,pooled_avg_pool_multi_way,False,False,False,silhouette,0.30845165252685547,"{""2"": 0.24977554380893707, ""3"": 0.2799454927444458, ""4"": 0.29440197348594666, ""5"": 0.30819445848464966, ""6"": 0.30845165252685547, ""7"": 0.3038099706172943, ""8"": 0.30797043442726135}","[106327, 75524, 67619, 53879, 26682, 21201]",jpeg_color_clustering_bic,-1,4,25948,0.07387709548104957,8,4,15510,"{""1"": -661985.9306725878, ""2"": -705363.7144157313, ""3"": -947840.83009747, ""4"": -1324105.5135548557, ""5"": -1373410.6188053954, ""6"": -1437565.1481438903, ""7"": -1438015.9506362614, ""8"": -2319473.4043164547}","[120791, 85947, 61483, 57063, 14917, 5689, 5043, 299]","[120791, 85947, 61483, 57063]","[4, 5, 6, 7]","[14917, 5689, 5043, 299]",bic,-2319473.4043164547,ok
detexture_ade20k_multi,feature_cluster_coarse_global_pooled_predicted_k,training,205,training_ADE_train_00011024,detexture_multi_partition_v1,multi_partition_invariant,0.5374469112218901,0.7354459970124998,0.7304314593919834,3,8,3,1.0,0.8597267340775988,300643,349696,49053,3,3,True,hungarian_iou_assignment,"[0.9341923579420561, 0.6760504863827166, 0.0020978893408978966]","[{""pred_label"": 0, ""gt_label"": 0, ""iou"": 0.9341923579420561}, {""pred_label"": 1, ""gt_label"": 1, ""iou"": 0.6760504863827166}, {""pred_label"": 2, ""gt_label"": 2, ""iou"": 0.0020978893408978966}]",fpn_2,fpn_2,72x72,1,3,3,24x24,pooled_avg_pool_multi_way,False,False,False,silhouette,0.3689805269241333,"{""2"": 0.3563506305217743, ""3"": 0.3689805269241333, ""4"": 0.36856597661972046, ""5"": 0.2597247064113617, ""6"": 0.2707225978374481, ""7"": 0.24999716877937317, ""8"": 0.24787232279777527}","[176910, 147435, 25351]",jpeg_color_clustering_bic,-1,5,49053,0.14027326592240116,8,3,12271,"{""1"": -706476.5242983763, ""2"": -1102848.4630017348, ""3"": -1262194.9403605217, ""4"": -1276899.973010092, ""5"": -1626700.2323822542, ""6"": -2271472.0134168486, ""7"": -2307676.3358526677, ""8"": -2321718.6261036624}","[160880, 96851, 42912, 39479, 6540, 1454, 1193, 387]","[160880, 96851, 42912]","[3, 4, 5, 6, 7]","[39479, 6540, 1454, 1193, 387]",bic,-2321718.6261036624,ok
detexture_ade20k_multi,feature_cluster_coarse_global_pooled_predicted_k,training,206,training_ADE_train_00011040,detexture_multi_partition_v1,multi_partition_invariant,0.9714363322174527,0.9481382914671167,0.8929437857151395,2,8,2,1.0,0.8346277909956076,291866,349696,57830,2,2,True,hungarian_iou_assignment,"[0.9805571364845949, 0.9623155279503106]","[{""pred_label"": 0, ""gt_label"": 0, ""iou"": 0.9805571364845949}, {""pred_label"": 1, ""gt_label"": 1, ""iou"": 0.9623155279503106}]",fpn_2,fpn_2,72x72,1,3,3,24x24,pooled_avg_pool_multi_way,False,False,False,silhouette,0.3855248689651489,"{""2"": 0.3855248689651489, ""3"": 0.3760393559932709, ""4"": 0.3256552815437317, ""5"": 0.2675193250179291, ""6"": 0.21573962271213531, ""7"": 0.1858465075492859, ""8"": 0.18464353680610657}","[205492, 144204]",jpeg_color_clustering_bic,-1,6,57830,0.1653722090043924,8,2,12154,"{""1"": -732939.2722648004, ""2"": -890849.8891530577, ""3"": -1066963.4733544213, ""4"": -1082928.3972823774, ""5"": -1090599.3663642118, ""6"": -2232370.003748785, ""7"": -2240019.8706859257, ""8"": -2385264.586753683}","[193382, 98484, 31114, 17541, 5108, 2447, 1433, 187]","[193382, 98484]","[2, 3, 4, 5, 6, 7]","[31114, 17541, 5108, 2447, 1433, 187]",bic,-2385264.586753683,ok
detexture_ade20k_multi,feature_cluster_coarse_global_pooled_predicted_k,training,207,training_ADE_train_00011706,detexture_multi_partition_v1,multi_partition_invariant,0.8525054619730822,0.7844454388105858,0.7816090035438539,3,8,3,1.0,0.8322789115646259,48938,58800,9862,3,3,True,hungarian_iou_assignment,"[0.8632595158259332, 0.7288617546207242, 0.965395115472589]","[{""pred_label"": 0, ""gt_label"": 0, ""iou"": 0.8632595158259332}, {""pred_label"": 1, ""gt_label"": 2, ""iou"": 0.7288617546207242}, {""pred_label"": 2, ""gt_label"": 1, ""iou"": 0.965395115472589}]",fpn_2,fpn_2,72x72,1,3,3,24x24,pooled_avg_pool_multi_way,False,False,False,silhouette,0.34046968817710876,"{""2"": 0.3107213079929352, ""3"": 0.34046968817710876, ""4"": 0.3365287482738495, ""5"": 0.286725789308548, ""6"": 0.2614235281944275, ""7"": 0.2942829728126526, ""8"": 0.3065708875656128}","[24617, 18925, 15258]",jpeg_color_clustering_bic,-1,5,9862,0.16772108843537414,8,3,5632,"{""1"": -108750.20028843658, ""2"": -117436.24894794868, ""3"": -138936.26317575958, ""4"": -275789.0273619155, ""5"": -291566.4163489762, ""6"": -298844.52004020003, ""7"": -382432.5159277527, ""8"": -396527.3188435749}","[27083, 13084, 8771, 5431, 1885, 1510, 652, 384]","[27083, 13084, 8771]","[3, 4, 5, 6, 7]","[5431, 1885, 1510, 652, 384]",bic,-396527.3188435749,ok
detexture_ade20k_multi,feature_cluster_coarse_global_pooled_predicted_k,training,208,training_ADE_train_00011707,detexture_multi_partition_v1,multi_partition_invariant,0.4413054867801521,0.5255977383704262,0.5555558424705404,3,8,2,0.0,0.8126401217057101,284177,349696,65519,2,3,True,hungarian_iou_assignment,"[0.8278431051201158, 0.49607335522034046, 0.0]","[{""pred_label"": 0, ""gt_label"": 0, ""iou"": 0.8278431051201158}, {""pred_label"": 1, ""gt_label"": 2, ""iou"": 0.49607335522034046}, {""pred_label"": -1, ""gt_label"": 1, ""iou"": 0.0}]",fpn_2,fpn_2,72x72,1,3,3,24x24,pooled_avg_pool_multi_way,False,False,False,silhouette,0.338506817817688,"{""2"": 0.338506817817688, ""3"": 0.3043379783630371, ""4"": 0.2870154082775116, ""5"": 0.2975396513938904, ""6"": 0.24546130001544952, ""7"": 0.24151423573493958, ""8"": 0.24595192074775696}","[181734, 167962]",jpeg_color_clustering_bic,-1,5,65519,0.1873598782942899,8,3,19554,"{""1"": -651267.9728053986, ""2"": -672991.7319465856, ""3"": -1147669.4429260213, ""4"": -1368723.5321193703, ""5"": -1709829.4870115803, ""6"": -1975309.9990273195, ""7"": -2014058.9269857241, ""8"": -2341339.0441704625}","[121782, 93795, 68600, 31376, 16275, 10596, 4241, 3031]","[121782, 93795, 68600]","[3, 4, 5, 6, 7]","[31376, 16275, 10596, 4241, 3031]",bic,-2341339.0441704625,ok
detexture_ade20k_multi,feature_cluster_coarse_global_pooled_predicted_k,training,209,training_ADE_train_00011755,detexture_multi_partition_v1,multi_partition_invariant,0.6766905554300857,0.8206996503499212,0.7905309052335615,3,8,4,0.0,0.9270428015564203,67663,72988,5325,4,3,True,hungarian_iou_assignment,"[0.8596109132648556, 0.9616780294699802, 0.8854732789855072, 0.0]","[{""pred_label"": 0, ""gt_label"": 0, ""iou"": 0.8596109132648556}, {""pred_label"": 1, ""gt_label"": 1, ""iou"": 0.9616780294699802}, {""pred_label"": 2, ""gt_label"": 2, ""iou"": 0.8854732789855072}, {""pred_label"": 3, ""gt_label"": -1, ""iou"": 0.0}]",fpn_2,fpn_2,72x72,1,3,3,24x24,pooled_avg_pool_multi_way,False,False,False,silhouette,0.3382602632045746,"{""2"": 0.27532634139060974, ""3"": 0.2684760093688965, ""4"": 0.3382602632045746, ""5"": 0.28576067090034485, ""6"": 0.28591838479042053, ""7"": 0.2509975731372833, ""8"": 0.2386116236448288}","[30546, 18705, 16669, 7068]",jpeg_color_clustering_bic,-1,5,5325,0.07295719844357977,8,3,5046,"{""1"": -159709.47832074278, ""2"": -167502.06875554725, ""3"": -196826.25445731595, ""4"": -342701.9479366786, ""5"": -403426.3867109047, ""6"": -408035.72199962474, ""7"": -415160.96641852835, ""8"": -416249.0223043776}","[33091, 17702, 16870, 3486, 781, 532, 355, 171]","[33091, 17702, 16870]","[3, 4, 5, 6, 7]","[3486, 781, 532, 355, 171]",bic,-416249.0223043776,ok
detexture_ade20k_multi,feature_cluster_coarse_global_pooled_predicted_k,training,210,training_ADE_train_00011756,detexture_multi_partition_v1,multi_partition_invariant,0.6867050526978381,0.8951948842711583,0.8448294428607557,3,8,4,0.0,0.9106810785681079,78355,86040,7685,4,3,True,hungarian_iou_assignment,"[0.94442392385282, 0.9375669690692192, 0.864829317869313, 0.0]","[{""pred_label"": 0, ""gt_label"": 0, ""iou"": 0.94442392385282}, {""pred_label"": 1, ""gt_label"": 1, ""iou"": 0.9375669690692192}, {""pred_label"": 2, ""gt_label"": 2, ""iou"": 0.864829317869313}, {""pred_label"": 3, ""gt_label"": -1, ""iou"": 0.0}]",fpn_2,fpn_2,72x72,1,3,3,24x24,pooled_avg_pool_multi_way,False,False,False,silhouette,0.3351761996746063,"{""2"": 0.3028179407119751, ""3"": 0.31990957260131836, ""4"": 0.3351761996746063, ""5"": 0.2571595013141632, ""6"": 0.27425310015678406, ""7"": 0.27645474672317505, ""8"": 0.27426570653915405}","[33450, 26640, 17850, 8100]",jpeg_color_clustering_bic,-1,5,7685,0.08931892143189214,8,3,7167,"{""1"": -151011.55055552922, ""2"": -155765.75639718884, ""3"": -226096.0669138272, ""4"": -375050.02325771266, ""5"": -443147.7630531992, ""6"": -466713.3976413121, ""7"": -534192.1468423661, ""8"": -535463.3313691563}","[35165, 27982, 15208, 3338, 1843, 1488, 876, 140]","[35165, 27982, 15208]","[3, 4, 5, 6, 7]","[3338, 1843, 1488, 876, 140]",bic,-535463.3313691563,ok
detexture_ade20k_multi,feature_cluster_coarse_global_pooled_predicted_k,training,211,training_ADE_train_00011757,detexture_multi_partition_v1,multi_partition_invariant,0.6251077289143453,0.7221500280248505,0.7284666737767632,3,8,4,0.0,0.8717181087310958,62021,71148,9127,4,3,True,hungarian_iou_assignment,"[0.8297033041132839, 0.0, 0.7365816326530612, 0.9341459788910361]","[{""pred_label"": 0, ""gt_label"": 0, ""iou"": 0.8297033041132839}, {""pred_label"": 1, ""gt_label"": -1, ""iou"": 0.0}, {""pred_label"": 2, ""gt_label"": 1, ""iou"": 0.7365816326530612}, {""pred_label"": 3, ""gt_label"": 2, ""iou"": 0.9341459788910361}]",fpn_2,fpn_2,72x72,1,3,3,24x24,pooled_avg_pool_multi_way,False,False,False,silhouette,0.3558579087257385,"{""2"": 0.30118459463119507, ""3"": 0.3312721252441406, ""4"": 0.3558579087257385, ""5"": 0.3558443486690521, ""6"": 0.3344748318195343, ""7"": 0.24500621855258942, ""8"": 0.24745042622089386}","[25187, 17332, 15260, 13369]",jpeg_color_clustering_bic,-1,5,9127,0.12828189126890427,8,3,7215,"{""1"": -106361.5404816151, ""2"": -154343.5205875712, ""3"": -187990.9627298978, ""4"": -360728.28937885567, ""5"": -401798.764057225, ""6"": -424962.78972753097, ""7"": -440441.1573204585, ""8"": -469927.9756432362}","[29581, 19469, 12971, 5703, 1253, 1027, 863, 281]","[29581, 19469, 12971]","[3, 4, 5, 6, 7]","[5703, 1253, 1027, 863, 281]",bic,-469927.9756432362,ok
detexture_ade20k_multi,feature_cluster_coarse_global_pooled_predicted_k,training,212,training_ADE_train_00011758,detexture_multi_partition_v1,multi_partition_invariant,0.6574853599383647,0.8826790057741306,0.8115661759086562,3,8,4,0.0,0.934966966966967,77836,83250,5414,4,3,True,hungarian_iou_assignment,"[0.9786495445410174, 0.7856170698511656, 0.8656748253612755, 0.0]","[{""pred_label"": 0, ""gt_label"": 0, ""iou"": 0.9786495445410174}, {""pred_label"": 1, ""gt_label"": 1, ""iou"": 0.7856170698511656}, {""pred_label"": 2, ""gt_label"": 2, ""iou"": 0.8656748253612755}, {""pred_label"": 3, ""gt_label"": -1, ""iou"": 0.0}]",fpn_2,fpn_2,72x72,1,3,3,24x24,pooled_avg_pool_multi_way,False,False,False,silhouette,0.414191335439682,"{""2"": 0.3546541631221771, ""3"": 0.3671640157699585, ""4"": 0.414191335439682, ""5"": 0.37597736716270447, ""6"": 0.2970961332321167, ""7"": 0.30189576745033264, ""8"": 0.30931493639945984}","[38428, 19182, 17040, 8600]",jpeg_color_clustering_bic,-1,5,5414,0.06503303303303304,8,3,7348,"{""1"": -185917.72654579574, ""2"": -290413.6942520383, ""3"": -284709.1156996192, ""4"": -299005.44167028455, ""5"": -338931.9827923143, ""6"": -434114.12582845613, ""7"": -452644.5901120804, ""8"": -455509.45421680895}","[37859, 21911, 18066, 2479, 1096, 805, 540, 494]","[37859, 21911, 18066]","[3, 4, 5, 6, 7]","[2479, 1096, 805, 540, 494]",bic,-455509.45421680895,ok
detexture_ade20k_multi,feature_cluster_coarse_global_pooled_predicted_k,training,213,training_ADE_train_00011761,detexture_multi_partition_v1,multi_partition_invariant,0.3596500163330963,0.3434257640085326,0.44229211188550593,3,8,2,0.0,0.7064850613103953,247055,349696,102641,2,3,True,hungarian_iou_assignment,"[0.6679431459433441, 0.4110069030559449, 0.0]","[{""pred_label"": 0, ""gt_label"": 1, ""iou"": 0.6679431459433441}, {""pred_label"": 1, ""gt_label"": 0, ""iou"": 0.4110069030559449}, {""pred_label"": -1, ""gt_label"": 2, ""iou"": 0.0}]",fpn_2,fpn_2,72x72,1,3,3,24x24,pooled_avg_pool_multi_way,False,False,False,silhouette,0.3310316801071167,"{""2"": 0.3310316801071167, ""3"": 0.278790682554245, ""4"": 0.25117039680480957, ""5"": 0.27470460534095764, ""6"": 0.2877078056335449, ""7"": 0.2842594087123871, ""8"": 0.2726021111011505}","[199732, 149964]",jpeg_color_clustering_bic,-1,5,102641,0.2935149386896047,8,3,18754,"{""1"": -665984.325070009, ""2"": -779020.7387882775, ""3"": -1045481.6569842799, ""4"": -1019545.4250912499, ""5"": -1237497.1495056301, ""6"": -1395175.5871680554, ""7"": -1523059.5207279765, ""8"": -1700096.468124842}","[109655, 94368, 43032, 33375, 26304, 22272, 15922, 4768]","[109655, 94368, 43032]","[3, 4, 5, 6, 7]","[33375, 26304, 22272, 15922, 4768]",bic,-1700096.468124842,ok
detexture_ade20k_multi,feature_cluster_coarse_global_pooled_predicted_k,training,214,training_ADE_train_00011765,detexture_multi_partition_v1,multi_partition_invariant,0.5194712863885208,0.6227976522814687,0.6598555650148119,3,8,2,0.0,0.9476096096096096,157777,166500,8723,2,3,True,hungarian_iou_assignment,"[0.6438043601039196, 0.9146094990616428, 0.0]","[{""pred_label"": 0, ""gt_label"": 1, ""iou"": 0.6438043601039196}, {""pred_label"": 1, ""gt_label"": 0, ""iou"": 0.9146094990616428}, {""pred_label"": -1, ""gt_label"": 2, ""iou"": 0.0}]",fpn_2,fpn_2,72x72,1,3,3,24x24,pooled_avg_pool_multi_way,False,False,False,silhouette,0.35576358437538147,"{""2"": 0.35576358437538147, ""3"": 0.26433420181274414, ""4"": 0.3095029592514038, ""5"": 0.2744976282119751, ""6"": 0.2530561089515686, ""7"": 0.23641437292099, ""8"": 0.2582836449146271}","[94896, 71604]",jpeg_color_clustering_bic,-1,5,8723,0.05239039039039039,8,3,5550,"{""1"": -322658.76334848546, ""2"": -365780.2634130861, ""3"": -731799.8134859218, ""4"": -1217161.275437481, ""5"": -1247732.6615773288, ""6"": -1327158.9464370816, ""7"": -1358626.0134889456, ""8"": -1366559.8080991716}","[63364, 57010, 37403, 5920, 1393, 819, 407, 184]","[63364, 57010, 37403]","[3, 4, 5, 6, 7]","[5920, 1393, 819, 407, 184]",bic,-1366559.8080991716,ok
detexture_ade20k_multi,feature_cluster_coarse_global_pooled_predicted_k,training,215,training_ADE_train_00011835,detexture_multi_partition_v1,multi_partition_invariant,0.23991671104544582,0.5174346333091256,0.6471947238831122,3,8,8,0.0,0.842575,101109,120000,18891,8,3,True,hungarian_iou_assignment,"[0.8929863707634784, 0.3292737475601822, 0.0, 0.0, 0.6970735700399059, 0.0, 0.0, 0.0]","[{""pred_label"": 0, ""gt_label"": 1, ""iou"": 0.8929863707634784}, {""pred_label"": 1, ""gt_label"": 0, ""iou"": 0.3292737475601822}, {""pred_label"": 2, ""gt_label"": -1, ""iou"": 0.0}, {""pred_label"": 3, ""gt_label"": -1, ""iou"": 0.0}, {""pred_label"": 4, ""gt_label"": 2, ""iou"": 0.6970735700399059}, {""pred_label"": 5, ""gt_label"": -1, ""iou"": 0.0}, {""pred_label"": 6, ""gt_label"": -1, ""iou"": 0.0}, {""pred_label"": 7, ""gt_label"": -1, ""iou"": 0.0}]",fpn_2,fpn_2,72x72,1,3,3,24x24,pooled_avg_pool_multi_way,False,False,False,silhouette,0.31316545605659485,"{""2"": 0.2759607434272766, ""3"": 0.268061101436615, ""4"": 0.26422181725502014, ""5"": 0.26390716433525085, ""6"": 0.28841713070869446, ""7"": 0.3039500415325165, ""8"": 0.31316545605659485}","[30492, 17371, 17329, 16529, 14542, 9912, 8779, 5046]",jpeg_color_clustering_bic,-1,5,18891,0.157425,8,3,10298,"{""1"": -195605.7748530296, ""2"": -200886.25810917586, ""3"": -313618.72743312403, ""4"": -488507.7240230822, ""5"": -570743.4507191827, ""6"": -626153.0418586129, ""7"": -638922.1254499006, ""8"": -658684.5807743497}","[48851, 32751, 19507, 10913, 3809, 1695, 1255, 1219]","[48851, 32751, 19507]","[3, 4, 5, 6, 7]","[10913, 3809, 1695, 1255, 1219]",bic,-658684.5807743497,ok
detexture_ade20k_multi,feature_cluster_coarse_global_pooled_predicted_k,training,216,training_ADE_train_00011842,detexture_multi_partition_v1,multi_partition_invariant,0.3662330975365481,0.596922563181963,0.6517905307435905,2,8,4,0.0,0.8649884471083455,302483,349696,47213,4,2,True,hungarian_iou_assignment,"[0.9658447731323682, 0.49908761701382415, 0.0, 0.0]","[{""pred_label"": 0, ""gt_label"": 1, ""iou"": 0.9658447731323682}, {""pred_label"": 1, ""gt_label"": 0, ""iou"": 0.49908761701382415}, {""pred_label"": 2, ""gt_label"": -1, ""iou"": 0.0}, {""pred_label"": 3, ""gt_label"": -1, ""iou"": 0.0}]",fpn_2,fpn_2,72x72,1,3,3,24x24,pooled_avg_pool_multi_way,False,False,False,silhouette,0.34754881262779236,"{""2"": 0.2865104079246521, ""3"": 0.3007231652736664, ""4"": 0.34754881262779236, ""5"": 0.31261390447616577, ""6"": 0.3133203387260437, ""7"": 0.3079646825790405, ""8"": 0.23325411975383759}","[127827, 90434, 80412, 51023]",jpeg_color_clustering_bic,-1,6,47213,0.13501155289165448,8,2,8812,"{""1"": -767485.2463926845, ""2"": -793483.1741918222, ""3"": -1530346.580387063, ""4"": -1910481.021652075, ""5"": -1931909.732726112, ""6"": -2708627.074742044, ""7"": -2758637.84387844, ""8"": -2852391.6380419065}","[176496, 125987, 27519, 12810, 2528, 2458, 1013, 885]","[176496, 125987]","[2, 3, 4, 5, 6, 7]","[27519, 12810, 2528, 2458, 1013, 885]",bic,-2852391.6380419065,ok
detexture_ade20k_multi,feature_cluster_coarse_global_pooled_predicted_k,training,217,training_ADE_train_00011846,detexture_multi_partition_v1,multi_partition_invariant,0.543847749917257,0.7490344711087054,0.7479960182643036,5,8,7,0.0,0.9168363378477306,320614,349696,29082,7,5,True,hungarian_iou_assignment,"[0.852371993816879, 0.8749379020444558, 0.7166447597032739, 0.8411947332984215, 0.521784860557769, 0.0, 0.0]","[{""pred_label"": 0, ""gt_label"": 0, ""iou"": 0.852371993816879}, {""pred_label"": 1, ""gt_label"": 1, ""iou"": 0.8749379020444558}, {""pred_label"": 2, ""gt_label"": 2, ""iou"": 0.7166447597032739}, {""pred_label"": 3, ""gt_label"": 4, ""iou"": 0.8411947332984215}, {""pred_label"": 4, ""gt_label"": 3, ""iou"": 0.521784860557769}, {""pred_label"": 5, ""gt_label"": -1, ""iou"": 0.0}, {""pred_label"": 6, ""gt_label"": -1, ""iou"": 0.0}]",fpn_2,fpn_2,72x72,1,3,3,24x24,pooled_avg_pool_multi_way,False,False,False,silhouette,0.2842141389846802,"{""2"": 0.1985951066017151, ""3"": 0.24842722713947296, ""4"": 0.25382933020591736, ""5"": 0.2617616057395935, ""6"": 0.26781970262527466, ""7"": 0.2842141389846802, ""8"": 0.27117493748664856}","[72810, 72081, 55946, 53734, 40299, 29885, 24941]",jpeg_color_clustering_bic,-1,3,29082,0.0831636621522694,8,5,18647,"{""1"": -734018.7832134136, ""2"": -810275.1027831136, ""3"": -994797.4996016046, ""4"": -992657.5723074483, ""5"": -1151771.826381251, ""6"": -1347644.620742254, ""7"": -1557565.1614908797, ""8"": -2003868.5394044386}","[81963, 76204, 60140, 55583, 46724, 20520, 5664, 2898]","[81963, 76204, 60140, 55583, 46724]","[5, 6, 7]","[20520, 5664, 2898]",bic,-2003868.5394044386,ok
detexture_ade20k_multi,feature_cluster_coarse_global_pooled_predicted_k,training,218,training_ADE_train_00011853,detexture_multi_partition_v1,multi_partition_invariant,0.38567080754719113,0.6787267811518763,0.6991846291032441,4,8,7,0.0,0.9667711383601757,338076,349696,11620,7,4,True,hungarian_iou_assignment,"[0.9175474073791445, 0.8686973389998667, 0.5085438466687806, 0.4049070597825463, 0.0, 0.0, 0.0]","[{""pred_label"": 0, ""gt_label"": 0, ""iou"": 0.9175474073791445}, {""pred_label"": 1, ""gt_label"": 3, ""iou"": 0.8686973389998667}, {""pred_label"": 2, ""gt_label"": 1, ""iou"": 0.5085438466687806}, {""pred_label"": 3, ""gt_label"": 2, ""iou"": 0.4049070597825463}, {""pred_label"": 4, ""gt_label"": -1, ""iou"": 0.0}, {""pred_label"": 5, ""gt_label"": -1, ""iou"": 0.0}, {""pred_label"": 6, ""gt_label"": -1, ""iou"": 0.0}]",fpn_2,fpn_2,72x72,1,3,3,24x24,pooled_avg_pool_multi_way,False,False,False,silhouette,0.3527032136917114,"{""2"": 0.257351279258728, ""3"": 0.32342609763145447, ""4"": 0.3140486478805542, ""5"": 0.3128969967365265, ""6"": 0.273086816072464, ""7"": 0.3527032136917114, ""8"": 0.2968525290489197}","[98714, 59686, 44767, 39497, 37620, 37040, 32372]",jpeg_color_clustering_bic,-1,4,11620,0.0332288616398243,8,4,13075,"{""1"": -663938.807767568, ""2"": -1046246.0380916571, ""3"": -1124323.6472300077, ""4"": -1191527.8067719836, ""5"": -1436768.7042460744, ""6"": -1447013.9494385887, ""7"": -2493544.6338733435, ""8"": -2513032.735083838}","[103901, 84163, 83493, 66519, 5451, 3956, 1231, 982]","[103901, 84163, 83493, 66519]","[4, 5, 6, 7]","[5451, 3956, 1231, 982]",bic,-2513032.735083838,ok
detexture_ade20k_multi,feature_cluster_coarse_global_pooled_predicted_k,training,219,training_ADE_train_00011896,detexture_multi_partition_v1,multi_partition_invariant,0.9473687592549971,0.9551080747951751,0.9130537848129041,3,8,3,1.0,0.9488817498425692,385747,406528,20781,3,3,True,hungarian_iou_assignment,"[0.9776559627865101, 0.9818469086524468, 0.8826034063260341]","[{""pred_label"": 0, ""gt_label"": 0, ""iou"": 0.9776559627865101}, {""pred_label"": 1, ""gt_label"": 1, ""iou"": 0.9818469086524468}, {""pred_label"": 2, ""gt_label"": 2, ""iou"": 0.8826034063260341}]",fpn_2,fpn_2,72x72,1,3,3,24x24,pooled_avg_pool_multi_way,False,False,False,silhouette,0.2952158749103546,"{""2"": 0.29460087418556213, ""3"": 0.2952158749103546, ""4"": 0.25172725319862366, ""5"": 0.2690928876399994, ""6"": 0.27164924144744873, ""7"": 0.24454739689826965, ""8"": 0.23827451467514038}","[212064, 134980, 59484]",jpeg_color_clustering_bic,-1,5,20781,0.05111825015743073,8,3,9610,"{""1"": -742726.7792177545, ""2"": -760168.0250297254, ""3"": -1385125.4881505023, ""4"": -2142724.7764168065, ""5"": -2620622.9846882527, ""6"": -2657365.7159826946, ""7"": -2751808.894865842, ""8"": -2804395.171205881}","[212299, 120102, 53346, 13841, 3647, 1962, 1069, 262]","[212299, 120102, 53346]","[3, 4, 5, 6, 7]","[13841, 3647, 1962, 1069, 262]",bic,-2804395.171205881,ok
detexture_ade20k_multi,feature_cluster_coarse_global_pooled_predicted_k,training,220,training_ADE_train_00011944,detexture_multi_partition_v1,multi_partition_invariant,0.43650449162120947,0.5743220262613844,0.6542599667489758,3,8,5,0.0,0.81036376953125,53108,65536,12428,5,3,True,hungarian_iou_assignment,"[0.7563059233167335, 0.0, 0.9172906347195023, 0.5089259000698115, 0.0]","[{""pred_label"": 0, ""gt_label"": 0, ""iou"": 0.7563059233167335}, {""pred_label"": 1, ""gt_label"": -1, ""iou"": 0.0}, {""pred_label"": 2, ""gt_label"": 2, ""iou"": 0.9172906347195023}, {""pred_label"": 3, ""gt_label"": 1, ""iou"": 0.5089259000698115}, {""pred_label"": 4, ""gt_label"": -1, ""iou"": 0.0}]",fpn_2,fpn_2,72x72,1,3,3,24x24,pooled_avg_pool_multi_way,False,False,False,silhouette,0.2800321578979492,"{""2"": 0.27163827419281006, ""3"": 0.23313426971435547, ""4"": 0.25628483295440674, ""5"": 0.2800321578979492, ""6"": 0.26666927337646484, ""7"": 0.2473311424255371, ""8"": 0.23357121646404266}","[21295, 13937, 13216, 10546, 6542]",jpeg_color_clustering_bic,-1,5,12428,0.18963623046875,8,3,8336,"{""1"": -117859.81424062046, ""2"": -134656.11545540846, ""3"": -193831.56028673903, ""4"": -232413.4678960647, ""5"": -307851.10961591185, ""6"": -373429.86605166557, ""7"": -398576.3434478137, ""8"": -403268.95222731854}","[24699, 20054, 8355, 5456, 4243, 1920, 546, 263]","[24699, 20054, 8355]","[3, 4, 5, 6, 7]","[5456, 4243, 1920, 546, 263]",bic,-403268.95222731854,ok
detexture_ade20k_multi,feature_cluster_coarse_global_pooled_predicted_k,training,221,training_ADE_train_00011952,detexture_multi_partition_v1,multi_partition_invariant,0.5675395765363653,0.8007881569166969,0.8242214133672167,4,8,6,0.0,0.8346099853515625,54697,65536,10839,6,4,True,hungarian_iou_assignment,"[0.9622412562455389, 0.716841530717448, 0.8630257009345794, 0.0, 0.8631289713206252, 0.0]","[{""pred_label"": 0, ""gt_label"": 1, ""iou"": 0.9622412562455389}, {""pred_label"": 1, ""gt_label"": 0, ""iou"": 0.716841530717448}, {""pred_label"": 2, ""gt_label"": 2, ""iou"": 0.8630257009345794}, {""pred_label"": 3, ""gt_label"": -1, ""iou"": 0.0}, {""pred_label"": 4, ""gt_label"": 3, ""iou"": 0.8631289713206252}, {""pred_label"": 5, ""gt_label"": -1, ""iou"": 0.0}]",fpn_2,fpn_2,72x72,1,3,3,24x24,pooled_avg_pool_multi_way,False,False,False,silhouette,0.3490219712257385,"{""2"": 0.21722857654094696, ""3"": 0.3057737946510315, ""4"": 0.31276389956474304, ""5"": 0.2878226041793823, ""6"": 0.3490219712257385, ""7"": 0.33800533413887024, ""8"": 0.3335319459438324}","[13568, 13125, 12630, 12318, 11594, 2301]",jpeg_color_clustering_bic,-1,4,10839,0.1653900146484375,8,4,7825,"{""1"": -129613.26576511099, ""2"": -137770.6818191403, ""3"": -166150.7715763435, ""4"": -215284.58222514435, ""5"": -221724.28483896062, ""6"": -318526.4401215079, ""7"": -322199.41791023343, ""8"": -422750.21806604735}","[16485, 13998, 13663, 10551, 6940, 2295, 916, 688]","[16485, 13998, 13663, 10551]","[4, 5, 6, 7]","[6940, 2295, 916, 688]",bic,-422750.21806604735,ok
detexture_ade20k_multi,feature_cluster_coarse_global_pooled_predicted_k,training,222,training_ADE_train_00011962,detexture_multi_partition_v1,multi_partition_invariant,0.8497243570522335,0.7014334125523488,0.6493477163662067,2,8,2,1.0,0.845794677734375,55430,65536,10106,2,2,True,hungarian_iou_assignment,"[0.8486386554621849, 0.8508100586422821]","[{""pred_label"": 0, ""gt_label"": 0, ""iou"": 0.8486386554621849}, {""pred_label"": 1, ""gt_label"": 1, ""iou"": 0.8508100586422821}]",fpn_2,fpn_2,72x72,1,3,3,24x24,pooled_avg_pool_multi_way,False,False,False,silhouette,0.34105241298675537,"{""2"": 0.34105241298675537, ""3"": 0.3007393479347229, ""4"": 0.279629647731781, ""5"": 0.23512721061706543, ""6"": 0.26568254828453064, ""7"": 0.24654115736484528, ""8"": 0.24798280000686646}","[34489, 31047]",jpeg_color_clustering_bic,-1,6,10106,0.154205322265625,8,2,3960,"{""1"": -111832.84563846316, ""2"": -125264.74484792727, ""3"": -285428.5013942425, ""4"": -438529.8678093549, ""5"": -459050.0353803029, ""6"": -486236.144944432, ""7"": -496759.042735036, ""8"": -511417.7696746322}","[29567, 25863, 6179, 2444, 510, 414, 373, 186]","[29567, 25863]","[2, 3, 4, 5, 6, 7]","[6179, 2444, 510, 414, 373, 186]",bic,-511417.7696746322,ok
detexture_ade20k_multi,feature_cluster_coarse_global_pooled_predicted_k,training,223,training_ADE_train_00011964,detexture_multi_partition_v1,multi_partition_invariant,0.27190606338896806,0.27940333922037147,0.40531637208720545,2,8,5,0.0,0.8764190673828125,57437,65536,8099,5,2,True,hungarian_iou_assignment,"[0.5566453205114568, 0.0, 0.8028849964333835, 0.0, 0.0]","[{""pred_label"": 0, ""gt_label"": 0, ""iou"": 0.5566453205114568}, {""pred_label"": 1, ""gt_label"": -1, ""iou"": 0.0}, {""pred_label"": 2, ""gt_label"": 1, ""iou"": 0.8028849964333835}, {""pred_label"": 3, ""gt_label"": -1, ""iou"": 0.0}, {""pred_label"": 4, ""gt_label"": -1, ""iou"": 0.0}]",fpn_2,fpn_2,72x72,1,3,3,24x24,pooled_avg_pool_multi_way,False,False,False,silhouette,0.3138796091079712,"{""2"": 0.29553210735321045, ""3"": 0.2811456322669983, ""4"": 0.2725028097629547, ""5"": 0.3138796091079712, ""6"": 0.29704749584198, ""7"": 0.2793152928352356, ""8"": 0.2859266996383667}","[26372, 14499, 12939, 6098, 5628]",jpeg_color_clustering_bic,-1,6,8099,0.1235809326171875,8,2,3463,"{""1"": -163370.81569401547, ""2"": -181226.35706630297, ""3"": -254730.60198119024, ""4"": -452177.21993369097, ""5"": -470705.0110920956, ""6"": -490292.75628035795, ""7"": -503928.061039898, ""8"": -514979.40722189914}","[47003, 10434, 5002, 1209, 936, 450, 362, 140]","[47003, 10434]","[2, 3, 4, 5, 6, 7]","[5002, 1209, 936, 450, 362, 140]",bic,-514979.40722189914,ok
detexture_ade20k_multi,feature_cluster_coarse_global_pooled_predicted_k,training,224,training_ADE_train_00011976,detexture_multi_partition_v1,multi_partition_invariant,0.5602044215220028,0.5232532105362686,0.6400669631907351,3,8,4,0.0,0.9555511474609375,62623,65536,2913,4,3,True,hungarian_iou_assignment,"[0.7758946194113104, 0.5148274034113942, 0.9500956632653061, 0.0]","[{""pred_label"": 0, ""gt_label"": 1, ""iou"": 0.7758946194113104}, {""pred_label"": 1, ""gt_label"": 0, ""iou"": 0.5148274034113942}, {""pred_label"": 2, ""gt_label"": 2, ""iou"": 0.9500956632653061}, {""pred_label"": 3, ""gt_label"": -1, ""iou"": 0.0}]",fpn_2,fpn_2,72x72,1,3,3,24x24,pooled_avg_pool_multi_way,False,False,False,silhouette,0.30649399757385254,"{""2"": 0.2764514982700348, ""3"": 0.2878703474998474, ""4"": 0.30649399757385254, ""5"": 0.2830168902873993, ""6"": 0.26780998706817627, ""7"": 0.25167080760002136, ""8"": 0.2259398102760315}","[23214, 17067, 13133, 12122]",jpeg_color_clustering_bic,-1,5,2913,0.0444488525390625,8,3,4932,"{""1"": -133735.44508686056, ""2"": -140654.68144255184, ""3"": -265179.63929909497, ""4"": -269036.16566991346, ""5"": -418234.88096860884, ""6"": -448323.1252025612, ""7"": -471001.3231945139, ""8"": -479301.88818760985}","[31885, 18473, 12265, 1058, 631, 597, 314, 313]","[31885, 18473, 12265]","[3, 4, 5, 6, 7]","[1058, 631, 597, 314, 313]",bic,-479301.88818760985,ok
detexture_ade20k_multi,feature_cluster_coarse_global_pooled_predicted_k,training,225,training_ADE_train_00011983,detexture_multi_partition_v1,multi_partition_invariant,0.22073936658753687,0.3642536962083293,0.4761574901583624,2,8,6,0.0,0.811248779296875,53166,65536,12370,6,2,True,hungarian_iou_assignment,"[0.537420730373934, 0.7870154691512871, 0.0, 0.0, 0.0, 0.0]","[{""pred_label"": 0, ""gt_label"": 0, ""iou"": 0.537420730373934}, {""pred_label"": 1, ""gt_label"": 1, ""iou"": 0.7870154691512871}, {""pred_label"": 2, ""gt_label"": -1, ""iou"": 0.0}, {""pred_label"": 3, ""gt_label"": -1, ""iou"": 0.0}, {""pred_label"": 4, ""gt_label"": -1, ""iou"": 0.0}, {""pred_label"": 5, ""gt_label"": -1, ""iou"": 0.0}]",fpn_2,fpn_2,72x72,1,3,3,24x24,pooled_avg_pool_multi_way,False,False,False,silhouette,0.29240885376930237,"{""2"": 0.27085888385772705, ""3"": 0.2623940110206604, ""4"": 0.28514495491981506, ""5"": 0.2667087912559509, ""6"": 0.29240885376930237, ""7"": 0.2622077763080597, ""8"": 0.26504719257354736}","[19971, 13675, 11111, 8864, 6799, 5116]",jpeg_color_clustering_bic,-1,6,12370,0.188751220703125,8,2,5958,"{""1"": -137895.45345035035, ""2"": -204540.04509785213, ""3"": -169176.88347828705, ""4"": -232100.9650081563, ""5"": -402313.1149672598, ""6"": -409768.4171512549, ""7"": -441318.9287681951, ""8"": -463129.9128673521}","[36444, 16722, 7804, 1212, 967, 948, 881, 558]","[36444, 16722]","[2, 3, 4, 5, 6, 7]","[7804, 1212, 967, 948, 881, 558]",bic,-463129.9128673521,ok
detexture_ade20k_multi,feature_cluster_coarse_global_pooled_predicted_k,training,226,training_ADE_train_00011988,detexture_multi_partition_v1,multi_partition_invariant,0.4391364592094196,0.4166857302675457,0.5056204356822392,3,8,2,0.0,0.9296112060546875,60923,65536,4613,2,3,True,hungarian_iou_assignment,"[0.6134093776282591, 0.704, 0.0]","[{""pred_label"": 0, ""gt_label"": 0, ""iou"": 0.6134093776282591}, {""pred_label"": 1, ""gt_label"": 2, ""iou"": 0.704}, {""pred_label"": -1, ""gt_label"": 1, ""iou"": 0.0}]",fpn_2,fpn_2,72x72,1,3,3,24x24,pooled_avg_pool_multi_way,False,False,False,silhouette,0.3257409632205963,"{""2"": 0.3257409632205963, ""3"": 0.31058067083358765, ""4"": 0.32549765706062317, ""5"": 0.3088456392288208, ""6"": 0.3049154579639435, ""7"": 0.2565388083457947, ""8"": 0.253085196018219}","[40963, 24573]",jpeg_color_clustering_bic,-1,5,4613,0.0703887939453125,8,3,5728,"{""1"": -118402.70434875118, ""2"": -127075.79562065915, ""3"": -233678.68986577837, ""4"": -381220.8681156339, ""5"": -392358.19956970774, ""6"": -450508.02417497773, ""7"": -463464.1360614485, ""8"": -467472.7573753059}","[23339, 21480, 16104, 1647, 1270, 864, 610, 222]","[23339, 21480, 16104]","[3, 4, 5, 6, 7]","[1647, 1270, 864, 610, 222]",bic,-467472.7573753059,ok
detexture_ade20k_multi,feature_cluster_coarse_global_pooled_predicted_k,training,227,training_ADE_train_00011990,detexture_multi_partition_v1,multi_partition_invariant,0.8993482182669781,0.8064650600961751,0.752196006508691,2,8,2,1.0,0.8327789306640625,54577,65536,10959,2,2,True,hungarian_iou_assignment,"[0.918857343147564, 0.8798390933863921]","[{""pred_label"": 0, ""gt_label"": 0, ""iou"": 0.918857343147564}, {""pred_label"": 1, ""gt_label"": 1, ""iou"": 0.8798390933863921}]",fpn_2,fpn_2,72x72,1,3,3,24x24,pooled_avg_pool_multi_way,False,False,False,silhouette,0.36949050426483154,"{""2"": 0.36949050426483154, ""3"": 0.3210503160953522, ""4"": 0.2945176362991333, ""5"": 0.30195924639701843, ""6"": 0.29005882143974304, ""7"": 0.2710025906562805, ""8"": 0.2614070773124695}","[40700, 24836]",jpeg_color_clustering_bic,-1,6,10959,0.1672210693359375,8,2,4607,"{""1"": -151800.5788811178, ""2"": -161712.16497815744, ""3"": -289630.13699932036, ""4"": -349859.09571423585, ""5"": -445679.53256553406, ""6"": -465003.35501313984, ""7"": -476368.03118334676, ""8"": -487767.26191831025}","[34235, 20342, 6269, 2550, 809, 741, 313, 277]","[34235, 20342]","[2, 3, 4, 5, 6, 7]","[6269, 2550, 809, 741, 313, 277]",bic,-487767.26191831025,ok
detexture_ade20k_multi,feature_cluster_coarse_global_pooled_predicted_k,training,228,training_ADE_train_00011994,detexture_multi_partition_v1,multi_partition_invariant,0.5063015223524072,0.570157587429331,0.5848495758554192,3,8,3,1.0,0.8291015625,54336,65536,11200,3,3,True,hungarian_iou_assignment,"[0.6652565458449508, 0.8304443201858145, 0.023203701026456556]","[{""pred_label"": 0, ""gt_label"": 1, ""iou"": 0.6652565458449508}, {""pred_label"": 1, ""gt_label"": 0, ""iou"": 0.8304443201858145}, {""pred_label"": 2, ""gt_label"": 2, ""iou"": 0.023203701026456556}]",fpn_2,fpn_2,72x72,1,3,3,24x24,pooled_avg_pool_multi_way,False,False,False,silhouette,0.3087475001811981,"{""2"": 0.2822769582271576, ""3"": 0.3087475001811981, ""4"": 0.2998588979244232, ""5"": 0.2830134630203247, ""6"": 0.2993737757205963, ""7"": 0.2977023124694824, ""8"": 0.29883047938346863}","[33042, 22062, 10432]",jpeg_color_clustering_bic,-1,5,11200,0.1708984375,8,3,6208,"{""1"": -126638.27403516058, ""2"": -134496.9640582127, ""3"": -246377.9200594618, ""4"": -281273.5735709763, ""5"": -293913.40734312625, ""6"": -439013.2467812144, ""7"": -445980.6076801368, ""8"": -447598.8579631179}","[21458, 21142, 11736, 7552, 1395, 1358, 663, 232]","[21458, 21142, 11736]","[3, 4, 5, 6, 7]","[7552, 1395, 1358, 663, 232]",bic,-447598.8579631179,ok
detexture_ade20k_multi,feature_cluster_coarse_global_pooled_predicted_k,training,229,training_ADE_train_00012000,detexture_multi_partition_v1,multi_partition_invariant,0.9765594120528976,0.9544507267790004,0.9089175571512359,2,8,2,1.0,0.8073883056640625,52913,65536,12623,2,2,True,hungarian_iou_assignment,"[0.9805623823050653, 0.97255644180073]","[{""pred_label"": 0, ""gt_label"": 0, ""iou"": 0.9805623823050653}, {""pred_label"": 1, ""gt_label"": 1, ""iou"": 0.97255644180073}]",fpn_2,fpn_2,72x72,1,3,3,24x24,pooled_avg_pool_multi_way,False,False,False,silhouette,0.30562034249305725,"{""2"": 0.30562034249305725, ""3"": 0.276154488325119, ""4"": 0.25278377532958984, ""5"": 0.21104328334331512, ""6"": 0.19446031749248505, ""7"": 0.1990199089050293, ""8"": 0.20604242384433746}","[42482, 23054]",jpeg_color_clustering_bic,-1,6,12623,0.1926116943359375,8,2,6031,"{""1"": -118108.45747465137, ""2"": -125988.43666171607, ""3"": -265016.6771639201, ""4"": -305826.4647721527, ""5"": -385810.34253035847, ""6"": -420138.9237356933, ""7"": -432518.44410447084, ""8"": -434231.508741361}","[31145, 21768, 6653, 2089, 1926, 1550, 380, 25]","[31145, 21768]","[2, 3, 4, 5, 6, 7]","[6653, 2089, 1926, 1550, 380, 25]",bic,-434231.508741361,ok
detexture_ade20k_multi,feature_cluster_coarse_global_pooled_predicted_k,training,230,training_ADE_train_00012006,detexture_multi_partition_v1,multi_partition_invariant,0.485053778935922,0.5846299854358281,0.6242817583205783,3,8,2,0.0,0.8631744384765625,56569,65536,8967,2,3,True,hungarian_iou_assignment,"[0.543871659027323, 0.9112896777804429, 0.0]","[{""pred_label"": 0, ""gt_label"": 1, ""iou"": 0.543871659027323}, {""pred_label"": 1, ""gt_label"": 0, ""iou"": 0.9112896777804429}, {""pred_label"": -1, ""gt_label"": 2, ""iou"": 0.0}]",fpn_2,fpn_2,72x72,1,3,3,24x24,pooled_avg_pool_multi_way,False,False,False,silhouette,0.3270297646522522,"{""2"": 0.3270297646522522, ""3"": 0.3039754629135132, ""4"": 0.31239068508148193, ""5"": 0.2572653889656067, ""6"": 0.2525193989276886, ""7"": 0.23731881380081177, ""8"": 0.23831044137477875}","[39357, 26179]",jpeg_color_clustering_bic,-1,5,8967,0.1368255615234375,8,3,7198,"{""1"": -106095.66384335734, ""2"": -146781.51697113604, ""3"": -155543.07712465152, ""4"": -278188.33071099716, ""5"": -278550.5085206497, ""6"": -351897.08579973655, ""7"": -382652.7580294585, ""8"": -408114.5266462462}","[22822, 20289, 13458, 5804, 1609, 667, 617, 270]","[22822, 20289, 13458]","[3, 4, 5, 6, 7]","[5804, 1609, 667, 617, 270]",bic,-408114.5266462462,ok
detexture_ade20k_multi,feature_cluster_coarse_global_pooled_predicted_k,training,231,training_ADE_train_00012007,detexture_multi_partition_v1,multi_partition_invariant,0.4013474282758338,0.42214289321983545,0.5030050445771246,3,8,2,0.0,0.9554443359375,62616,65536,2920,2,3,True,hungarian_iou_assignment,"[0.45849554188120056, 0.7455467429463009, 0.0]","[{""pred_label"": 0, ""gt_label"": 2, ""iou"": 0.45849554188120056}, {""pred_label"": 1, ""gt_label"": 1, ""iou"": 0.7455467429463009}, {""pred_label"": -1, ""gt_label"": 0, ""iou"": 0.0}]",fpn_2,fpn_2,72x72,1,3,3,24x24,pooled_avg_pool_multi_way,False,False,False,silhouette,0.3169373869895935,"{""2"": 0.3169373869895935, ""3"": 0.3034963309764862, ""4"": 0.3087737560272217, ""5"": 0.28923463821411133, ""6"": 0.27650246024131775, ""7"": 0.26849207282066345, ""8"": 0.26797473430633545}","[33103, 32433]",jpeg_color_clustering_bic,-1,5,2920,0.0445556640625,8,3,4482,"{""1"": -144330.1328949587, ""2"": -151005.52194349357, ""3"": -277070.8905562461, ""4"": -386357.3573103958, ""5"": -445016.64872503496, ""6"": -464233.431074973, ""7"": -476673.53682069137, ""8"": -490487.89411193586}","[25076, 22936, 14604, 902, 737, 671, 313, 297]","[25076, 22936, 14604]","[3, 4, 5, 6, 7]","[902, 737, 671, 313, 297]",bic,-490487.89411193586,ok
detexture_ade20k_multi,feature_cluster_coarse_global_pooled_predicted_k,training,232,training_ADE_train_00012014,detexture_multi_partition_v1,multi_partition_invariant,0.45335584366920423,0.35673541433532224,0.5004497575388158,3,8,2,0.0,0.8701643713396779,304293,349696,45403,2,3,True,hungarian_iou_assignment,"[0.5401223356506127, 0.819945195357, 0.0]","[{""pred_label"": 0, ""gt_label"": 0, ""iou"": 0.5401223356506127}, {""pred_label"": 1, ""gt_label"": 2, ""iou"": 0.819945195357}, {""pred_label"": -1, ""gt_label"": 1, ""iou"": 0.0}]",fpn_2,fpn_2,72x72,1,3,3,24x24,pooled_avg_pool_multi_way,False,False,False,silhouette,0.26967954635620117,"{""2"": 0.26967954635620117, ""3"": 0.26709049940109253, ""4"": 0.23458822071552277, ""5"": 0.231703519821167, ""6"": 0.2339206337928772, ""7"": 0.2146407961845398, ""8"": 0.21264661848545074}","[244951, 104745]",jpeg_color_clustering_bic,-1,5,45403,0.1298356286603221,8,3,8735,"{""1"": -642758.2974835326, ""2"": -853604.8475791439, ""3"": -1060117.929890942, ""4"": -1705885.8803987156, ""5"": -2260286.4508185307, ""6"": -2541704.8717782316, ""7"": -2557570.1715780706, ""8"": -2880833.6786595443}","[129367, 121499, 53427, 19802, 18686, 4300, 1912, 703]","[129367, 121499, 53427]","[3, 4, 5, 6, 7]","[19802, 18686, 4300, 1912, 703]",bic,-2880833.6786595443,ok
detexture_ade20k_multi,feature_cluster_coarse_global_pooled_predicted_k,training,233,training_ADE_train_00012025,detexture_multi_partition_v1,multi_partition_invariant,0.4686119443072143,0.669074173988214,0.6656944930618979,4,8,6,0.0,0.9369623901903368,327652,349696,22044,6,4,True,hungarian_iou_assignment,"[0.8588491059940547, 0.644764426790246, 0.7363995934240763, 0.5716585396349088, 0.0, 0.0]","[{""pred_label"": 0, ""gt_label"": 0, ""iou"": 0.8588491059940547}, {""pred_label"": 1, ""gt_label"": 2, ""iou"": 0.644764426790246}, {""pred_label"": 2, ""gt_label"": 1, ""iou"": 0.7363995934240763}, {""pred_label"": 3, ""gt_label"": 3, ""iou"": 0.5716585396349088}, {""pred_label"": 4, ""gt_label"": -1, ""iou"": 0.0}, {""pred_label"": 5, ""gt_label"": -1, ""iou"": 0.0}]",fpn_2,fpn_2,72x72,1,3,3,24x24,pooled_avg_pool_multi_way,False,False,False,silhouette,0.3235079348087311,"{""2"": 0.2986731231212616, ""3"": 0.2934468686580658, ""4"": 0.29920509457588196, ""5"": 0.2983357012271881, ""6"": 0.3235079348087311, ""7"": 0.27732932567596436, ""8"": 0.27216681838035583}","[97427, 76139, 66789, 50271, 34086, 24984]",jpeg_color_clustering_bic,-1,4,22044,0.06303760980966325,8,4,12071,"{""1"": -732025.6223650427, ""2"": -1051269.0805705972, ""3"": -1229397.6811397993, ""4"": -1377912.054089838, ""5"": -1564638.7730046897, ""6"": -1860389.9348394983, ""7"": -1857620.6475162276, ""8"": -1861424.094547407}","[112350, 90407, 73822, 51073, 18736, 2424, 880, 4]","[112350, 90407, 73822, 51073]","[4, 5, 6, 7]","[18736, 2424, 880, 4]",bic,-1861424.094547407,ok
detexture_ade20k_multi,feature_cluster_coarse_global_pooled_predicted_k,training,234,training_ADE_train_00012040,detexture_multi_partition_v1,multi_partition_invariant,0.4906072166180539,0.726930075713562,0.6981159918786987,4,8,6,0.0,0.888336181640625,58218,65536,7318,6,4,True,hungarian_iou_assignment,"[0.8511448941868799, 0.6911108908928748, 0.9324890585715616, 0.46889845605700714, 0.0, 0.0]","[{""pred_label"": 0, ""gt_label"": 0, ""iou"": 0.8511448941868799}, {""pred_label"": 1, ""gt_label"": 3, ""iou"": 0.6911108908928748}, {""pred_label"": 2, ""gt_label"": 2, ""iou"": 0.9324890585715616}, {""pred_label"": 3, ""gt_label"": 1, ""iou"": 0.46889845605700714}, {""pred_label"": 4, ""gt_label"": -1, ""iou"": 0.0}, {""pred_label"": 5, ""gt_label"": -1, ""iou"": 0.0}]",fpn_2,fpn_2,72x72,1,3,3,24x24,pooled_avg_pool_multi_way,False,False,False,silhouette,0.33013916015625,"{""2"": 0.30351659655570984, ""3"": 0.3142281770706177, ""4"": 0.30867958068847656, ""5"": 0.3050382435321808, ""6"": 0.33013916015625, ""7"": 0.30702346563339233, ""8"": 0.28961676359176636}","[22673, 11880, 10304, 8280, 6827, 5572]",jpeg_color_clustering_bic,-1,4,7318,0.111663818359375,8,4,7216,"{""1"": -113489.92305539471, ""2"": -145434.8423451412, ""3"": -222264.2133524954, ""4"": -303389.0278690607, ""5"": -373565.3696408808, ""6"": -428150.8093071044, ""7"": -436486.1621830216, ""8"": -438627.57606075966}","[26455, 11713, 10587, 9463, 5315, 1681, 298, 24]","[26455, 11713, 10587, 9463]","[4, 5, 6, 7]","[5315, 1681, 298, 24]",bic,-438627.57606075966,ok
detexture_ade20k_multi,feature_cluster_coarse_global_pooled_predicted_k,training,235,training_ADE_train_00012042,detexture_multi_partition_v1,multi_partition_invariant,0.9076540941216878,0.9054998432483232,0.8482249807325011,3,8,3,1.0,0.9418487548828125,61725,65536,3811,3,3,True,hungarian_iou_assignment,"[0.9419486889931891, 0.9619580532184695, 0.8190555401534054]","[{""pred_label"": 0, ""gt_label"": 0, ""iou"": 0.9419486889931891}, {""pred_label"": 1, ""gt_label"": 1, ""iou"": 0.9619580532184695}, {""pred_label"": 2, ""gt_label"": 2, ""iou"": 0.8190555401534054}]",fpn_2,fpn_2,72x72,1,3,3,24x24,pooled_avg_pool_multi_way,False,False,False,silhouette,0.3140011429786682,"{""2"": 0.30454057455062866, ""3"": 0.3140011429786682, ""4"": 0.2861366271972656, ""5"": 0.27397242188453674, ""6"": 0.24354971945285797, ""7"": 0.23922204971313477, ""8"": 0.23019099235534668}","[28281, 24640, 12615]",jpeg_color_clustering_bic,-1,5,3811,0.0581512451171875,8,3,5472,"{""1"": -162325.66297229318, ""2"": -173897.71986822522, ""3"": -222924.16664163565, ""4"": -375088.04955523316, ""5"": -263105.02218803926, ""6"": -442108.91703546495, ""7"": -457249.63803834683, ""8"": -459994.71212909534}","[27958, 24786, 8981, 1183, 1066, 894, 591, 77]","[27958, 24786, 8981]","[3, 4, 5, 6, 7]","[1183, 1066, 894, 591, 77]",bic,-459994.71212909534,ok
detexture_ade20k_multi,feature_cluster_coarse_global_pooled_predicted_k,training,236,training_ADE_train_00012044,detexture_multi_partition_v1,multi_partition_invariant,0.3552490349051629,0.4810521051775244,0.5784596329390993,2,8,4,0.0,0.86712646484375,56828,65536,8708,4,2,True,hungarian_iou_assignment,"[0.4810136554621849, 0.9399824841584669, 0.0, 0.0]","[{""pred_label"": 0, ""gt_label"": 0, ""iou"": 0.4810136554621849}, {""pred_label"": 1, ""gt_label"": 1, ""iou"": 0.9399824841584669}, {""pred_label"": 2, ""gt_label"": -1, ""iou"": 0.0}, {""pred_label"": 3, ""gt_label"": -1, ""iou"": 0.0}]",fpn_2,fpn_2,72x72,1,3,3,24x24,pooled_avg_pool_multi_way,False,False,False,silhouette,0.3185652494430542,"{""2"": 0.2528170049190521, ""3"": 0.26348167657852173, ""4"": 0.3185652494430542, ""5"": 0.3090234696865082, ""6"": 0.28413522243499756, ""7"": 0.29403385519981384, ""8"": 0.29638373851776123}","[19328, 18883, 17505, 9820]",jpeg_color_clustering_bic,-1,6,8708,0.13287353515625,8,2,3660,"{""1"": -149713.12038023325, ""2"": -155571.58010437596, ""3"": -230318.31728845352, ""4"": -426392.5626379524, ""5"": -454433.69736154604, ""6"": -483228.06107985426, ""7"": -484984.4363700559, ""8"": -494846.0927506007}","[37676, 19152, 6721, 870, 634, 308, 154, 21]","[37676, 19152]","[2, 3, 4, 5, 6, 7]","[6721, 870, 634, 308, 154, 21]",bic,-494846.0927506007,ok
detexture_ade20k_multi,feature_cluster_coarse_global_pooled_predicted_k,training,237,training_ADE_train_00012046,detexture_multi_partition_v1,multi_partition_invariant,0.24990837180770437,0.44678155236416683,0.5706408628202497,3,8,8,0.0,0.8537445068359375,55951,65536,9585,8,3,True,hungarian_iou_assignment,"[0.8900372284269601, 0.32038130763651435, 0.7888484383981605, 0.0, 0.0, 0.0, 0.0, 0.0]","[{""pred_label"": 0, ""gt_label"": 1, ""iou"": 0.8900372284269601}, {""pred_label"": 1, ""gt_label"": 0, ""iou"": 0.32038130763651435}, {""pred_label"": 2, ""gt_label"": 2, ""iou"": 0.7888484383981605}, {""pred_label"": 3, ""gt_label"": -1, ""iou"": 0.0}, {""pred_label"": 4, ""gt_label"": -1, ""iou"": 0.0}, {""pred_label"": 5, ""gt_label"": -1, ""iou"": 0.0}, {""pred_label"": 6, ""gt_label"": -1, ""iou"": 0.0}, {""pred_label"": 7, ""gt_label"": -1, ""iou"": 0.0}]",fpn_2,fpn_2,72x72,1,3,3,24x24,pooled_avg_pool_multi_way,False,False,False,silhouette,0.3165957033634186,"{""2"": 0.2443077266216278, ""3"": 0.2565126419067383, ""4"": 0.29857099056243896, ""5"": 0.3085474371910095, ""6"": 0.3065725564956665, ""7"": 0.31551921367645264, ""8"": 0.3165957033634186}","[16317, 9898, 8943, 8433, 7004, 6848, 5174, 2919]",jpeg_color_clustering_bic,-1,5,9585,0.1462554931640625,8,3,5846,"{""1"": -182046.05409278025, ""2"": -188976.8017100474, ""3"": -209490.06850351134, ""4"": -196512.20462044832, ""5"": -252335.90019356943, ""6"": -308071.02336180094, ""7"": -427714.5626886796, ""8"": -429768.4555213638}","[28353, 17793, 9805, 7633, 823, 565, 429, 135]","[28353, 17793, 9805]","[3, 4, 5, 6, 7]","[7633, 823, 565, 429, 135]",bic,-429768.4555213638,ok
detexture_ade20k_multi,feature_cluster_coarse_global_pooled_predicted_k,training,238,training_ADE_train_00012048,detexture_multi_partition_v1,multi_partition_invariant,0.6951587235279204,0.8831322892311056,0.847908516236449,3,8,4,0.0,0.8297119140625,54376,65536,11160,4,3,True,hungarian_iou_assignment,"[0.9231021299836155, 0.9620396223906396, 0.8954931417374266, 0.0]","[{""pred_label"": 0, ""gt_label"": 0, ""iou"": 0.9231021299836155}, {""pred_label"": 1, ""gt_label"": 1, ""iou"": 0.9620396223906396}, {""pred_label"": 2, ""gt_label"": 2, ""iou"": 0.8954931417374266}, {""pred_label"": 3, ""gt_label"": -1, ""iou"": 0.0}]",fpn_2,fpn_2,72x72,1,3,3,24x24,pooled_avg_pool_multi_way,False,False,False,silhouette,0.26406028866767883,"{""2"": 0.26264646649360657, ""3"": 0.24828195571899414, ""4"": 0.26406028866767883, ""5"": 0.26362475752830505, ""6"": 0.24374134838581085, ""7"": 0.24877865612506866, ""8"": 0.2527754306793213}","[28529, 15382, 14180, 7445]",jpeg_color_clustering_bic,-1,5,11160,0.1702880859375,8,3,5582,"{""1"": -124303.20390905185, ""2"": -131102.26750525794, ""3"": -164674.24789960537, ""4"": -262481.34667451156, ""5"": -356758.3824363114, ""6"": -357815.553064573, ""7"": -407279.2615403318, ""8"": -423733.3199750531}","[27247, 14764, 12365, 7333, 2099, 870, 478, 380]","[27247, 14764, 12365]","[3, 4, 5, 6, 7]","[7333, 2099, 870, 478, 380]",bic,-423733.3199750531,ok
detexture_ade20k_multi,feature_cluster_coarse_global_pooled_predicted_k,training,239,training_ADE_train_00012052,detexture_multi_partition_v1,multi_partition_invariant,0.2831452869522398,0.42035548711183374,0.5639796451218094,2,8,5,0.0,0.8572235107421875,56179,65536,9357,5,2,True,hungarian_iou_assignment,"[0.4605561491751583, 0.9551702855860406, 0.0, 0.0, 0.0]","[{""pred_label"": 0, ""gt_label"": 0, ""iou"": 0.4605561491751583}, {""pred_label"": 1, ""gt_label"": 1, ""iou"": 0.9551702855860406}, {""pred_label"": 2, ""gt_label"": -1, ""iou"": 0.0}, {""pred_label"": 3, ""gt_label"": -1, ""iou"": 0.0}, {""pred_label"": 4, ""gt_label"": -1, ""iou"": 0.0}]",fpn_2,fpn_2,72x72,1,3,3,24x24,pooled_avg_pool_multi_way,False,False,False,silhouette,0.3304854929447174,"{""2"": 0.29607513546943665, ""3"": 0.29332438111305237, ""4"": 0.3012073338031769, ""5"": 0.3304854929447174, ""6"": 0.3266059160232544, ""7"": 0.3109484910964966, ""8"": 0.3021501302719116}","[17872, 17792, 15445, 8558, 5869]",jpeg_color_clustering_bic,-1,6,9357,0.1427764892578125,8,2,4023,"{""1"": -183481.43909181093, ""2"": -264413.385013279, ""3"": -196488.0413075096, ""4"": -313178.174739114, ""5"": -316003.03308177, ""6"": -465372.07207757677, ""7"": -477186.3687617429, ""8"": -481753.1384534061}","[38371, 17808, 7375, 972, 595, 267, 86, 62]","[38371, 17808]","[2, 3, 4, 5, 6, 7]","[7375, 972, 595, 267, 86, 62]",bic,-481753.1384534061,ok
detexture_ade20k_multi,feature_cluster_coarse_global_pooled_predicted_k,training,240,training_ADE_train_00012058,detexture_multi_partition_v1,multi_partition_invariant,0.47613820770957654,0.38358815072902724,0.5024757826511482,3,8,2,0.0,0.887908935546875,58190,65536,7346,2,3,True,hungarian_iou_assignment,"[0.6292161116073327, 0.7991985115213969, 0.0]","[{""pred_label"": 0, ""gt_label"": 0, ""iou"": 0.6292161116073327}, {""pred_label"": 1, ""gt_label"": 2, ""iou"": 0.7991985115213969}, {""pred_label"": -1, ""gt_label"": 1, ""iou"": 0.0}]",fpn_2,fpn_2,72x72,1,3,3,24x24,pooled_avg_pool_multi_way,False,False,False,silhouette,0.32094165682792664,"{""2"": 0.32094165682792664, ""3"": 0.29442882537841797, ""4"": 0.3117477595806122, ""5"": 0.3067140579223633, ""6"": 0.31367355585098267, ""7"": 0.3040687143802643, ""8"": 0.3007657825946808}","[45593, 19943]",jpeg_color_clustering_bic,-1,5,7346,0.112091064453125,8,3,4661,"{""1"": -148118.39203682923, ""2"": -154173.6642466619, ""3"": -190953.09380136064, ""4"": -325728.9031817954, ""5"": -328322.44632302097, ""6"": -458503.4325838471, ""7"": -468801.12464884843, ""8"": -479703.91594899294}","[32393, 14629, 11168, 5638, 619, 445, 342, 302]","[32393, 14629, 11168]","[3, 4, 5, 6, 7]","[5638, 619, 445, 342, 302]",bic,-479703.91594899294,ok
detexture_ade20k_multi,feature_cluster_coarse_global_pooled_predicted_k,training,241,training_ADE_train_00012063,detexture_multi_partition_v1,multi_partition_invariant,0.28080742575155415,0.6279657374563301,0.660140515351745,2,8,6,0.0,0.7201080322265625,47193,65536,18343,5,2,True,hungarian_iou_assignment,"[0.9774939440651839, 0.0, 0.0, 0.426543184692587, 0.0]","[{""pred_label"": 0, ""gt_label"": 1, ""iou"": 0.9774939440651839}, {""pred_label"": 1, ""gt_label"": -1, ""iou"": 0.0}, {""pred_label"": 2, ""gt_label"": -1, ""iou"": 0.0}, {""pred_label"": 3, ""gt_label"": 0, ""iou"": 0.426543184692587}, {""pred_label"": 5, ""gt_label"": -1, ""iou"": 0.0}]",fpn_2,fpn_2,72x72,1,3,3,24x24,pooled_avg_pool_multi_way,False,False,False,silhouette,0.3712832033634186,"{""2"": 0.32375726103782654, ""3"": 0.35787317156791687, ""4"": 0.35418960452079773, ""5"": 0.3677368760108948, ""6"": 0.3712832033634186, ""7"": 0.3661857545375824, ""8"": 0.37079668045043945}","[23065, 10983, 10976, 10833, 5266, 4413]",jpeg_color_clustering_bic,-1,6,18343,0.2798919677734375,8,2,5516,"{""1"": -110909.63993950939, ""2"": -116806.04749224991, ""3"": -229553.99615579873, ""4"": -278173.15006864286, ""5"": -280031.78785797517, ""6"": -434713.83526224934, ""7"": -454354.44218851544, ""8"": -466514.2250913189}","[24511, 22682, 7559, 7231, 1373, 1124, 604, 452]","[24511, 22682]","[2, 3, 4, 5, 6, 7]","[7559, 7231, 1373, 1124, 604, 452]",bic,-466514.2250913189,ok
detexture_ade20k_multi,feature_cluster_coarse_global_pooled_predicted_k,training,242,training_ADE_train_00012065,detexture_multi_partition_v1,multi_partition_invariant,0.1763145971272896,0.2009397147989228,0.4160602881564771,2,8,7,0.0,0.843048095703125,55250,65536,10286,7,2,True,hungarian_iou_assignment,"[0.3215445432726246, 0.9126576366184026, 0.0, 0.0, 0.0, 0.0, 0.0]","[{""pred_label"": 0, ""gt_label"": 0, ""iou"": 0.3215445432726246}, {""pred_label"": 1, ""gt_label"": 1, ""iou"": 0.9126576366184026}, {""pred_label"": 2, ""gt_label"": -1, ""iou"": 0.0}, {""pred_label"": 3, ""gt_label"": -1, ""iou"": 0.0}, {""pred_label"": 4, ""gt_label"": -1, ""iou"": 0.0}, {""pred_label"": 5, ""gt_label"": -1, ""iou"": 0.0}, {""pred_label"": 6, ""gt_label"": -1, ""iou"": 0.0}]",fpn_2,fpn_2,72x72,1,3,3,24x24,pooled_avg_pool_multi_way,False,False,False,silhouette,0.303585946559906,"{""2"": 0.26753664016723633, ""3"": 0.26272052526474, ""4"": 0.24852354824543, ""5"": 0.28427571058273315, ""6"": 0.28253674507141113, ""7"": 0.303585946559906, ""8"": 0.28720545768737793}","[13864, 12494, 10603, 9291, 7775, 7613, 3896]",jpeg_color_clustering_bic,-1,6,10286,0.156951904296875,8,2,6328,"{""1"": -157589.56180622583, ""2"": -217728.6431709207, ""3"": -233954.2921497843, ""4"": -331649.91366510536, ""5"": -387798.81887889595, ""6"": -416731.71065828967, ""7"": -429086.29646328057, ""8"": -429135.7156342298}","[42498, 12752, 6042, 1218, 1191, 1145, 689, 1]","[42498, 12752]","[2, 3, 4, 5, 6, 7]","[6042, 1218, 1191, 1145, 689, 1]",bic,-429135.7156342298,ok
detexture_ade20k_multi,feature_cluster_coarse_global_pooled_predicted_k,training,243,training_ADE_train_00012069,detexture_multi_partition_v1,multi_partition_invariant,0.3312344508091436,0.24130316057208553,0.38750309959473045,3,8,2,0.0,0.970123291015625,63578,65536,1958,2,3,True,hungarian_iou_assignment,"[0.5607966774790069, 0.4329066749484239, 0.0]","[{""pred_label"": 0, ""gt_label"": 1, ""iou"": 0.5607966774790069}, {""pred_label"": 1, ""gt_label"": 0, ""iou"": 0.4329066749484239}, {""pred_label"": -1, ""gt_label"": 2, ""iou"": 0.0}]",fpn_2,fpn_2,72x72,1,3,3,24x24,pooled_avg_pool_multi_way,False,False,False,silhouette,0.331607460975647,"{""2"": 0.331607460975647, ""3"": 0.31790682673454285, ""4"": 0.288446307182312, ""5"": 0.265637069940567, ""6"": 0.25128287076950073, ""7"": 0.2529287040233612, ""8"": 0.24852800369262695}","[33234, 32302]",jpeg_color_clustering_bic,-1,5,1958,0.029876708984375,8,3,3664,"{""1"": -137874.2502050147, ""2"": -141997.99584563606, ""3"": -236152.0676170869, ""4"": -412221.17055073136, ""5"": -426444.8344217835, ""6"": -444669.83982922725, ""7"": -448469.2519335088, ""8"": -449741.8755537016}","[34003, 18499, 11076, 698, 608, 460, 167, 25]","[34003, 18499, 11076]","[3, 4, 5, 6, 7]","[698, 608, 460, 167, 25]",bic,-449741.8755537016,ok
detexture_ade20k_multi,feature_cluster_coarse_global_pooled_predicted_k,training,244,training_ADE_train_00012074,detexture_multi_partition_v1,multi_partition_invariant,0.5024606766066385,0.5112431542730538,0.5552917410258333,3,8,2,0.0,0.9465484619140625,62033,65536,3503,2,3,True,hungarian_iou_assignment,"[0.6751880403964665, 0.832193989423449, 0.0]","[{""pred_label"": 0, ""gt_label"": 0, ""iou"": 0.6751880403964665}, {""pred_label"": 1, ""gt_label"": 1, ""iou"": 0.832193989423449}, {""pred_label"": -1, ""gt_label"": 2, ""iou"": 0.0}]",fpn_2,fpn_2,72x72,1,3,3,24x24,pooled_avg_pool_multi_way,False,False,False,silhouette,0.3035491704940796,"{""2"": 0.3035491704940796, ""3"": 0.29882577061653137, ""4"": 0.2994905412197113, ""5"": 0.2857048213481903, ""6"": 0.28657278418540955, ""7"": 0.2923482656478882, ""8"": 0.29222819209098816}","[41048, 24488]",jpeg_color_clustering_bic,-1,5,3503,0.0534515380859375,8,3,4257,"{""1"": -113030.49485761776, ""2"": -117540.88856796784, ""3"": -262093.7967873418, ""4"": -410564.2619616689, ""5"": -429300.1845598425, ""6"": -452112.86079763714, ""7"": -470342.21103871585, ""8"": -477654.0123921618}","[32592, 19482, 9959, 1519, 1014, 504, 295, 171]","[32592, 19482, 9959]","[3, 4, 5, 6, 7]","[1519, 1014, 504, 295, 171]",bic,-477654.0123921618,ok
detexture_ade20k_multi,feature_cluster_coarse_global_pooled_predicted_k,training,245,training_ADE_train_00012091,detexture_multi_partition_v1,multi_partition_invariant,0.3840764732534365,0.5602225141023198,0.7229106916080605,3,8,6,0.0,0.758697509765625,49722,65536,15814,6,3,True,hungarian_iou_assignment,"[0.5255464618908087, 0.0, 0.8464845725847243, 0.0, 0.9324278050450862, 0.0]","[{""pred_label"": 0, ""gt_label"": 0, ""iou"": 0.5255464618908087}, {""pred_label"": 1, ""gt_label"": -1, ""iou"": 0.0}, {""pred_label"": 2, ""gt_label"": 1, ""iou"": 0.8464845725847243}, {""pred_label"": 3, ""gt_label"": -1, ""iou"": 0.0}, {""pred_label"": 4, ""gt_label"": 2, ""iou"": 0.9324278050450862}, {""pred_label"": 5, ""gt_label"": -1, ""iou"": 0.0}]",fpn_2,fpn_2,72x72,1,3,3,24x24,pooled_avg_pool_multi_way,False,False,False,silhouette,0.2937650680541992,"{""2"": 0.26758256554603577, ""3"": 0.29074475169181824, ""4"": 0.2716760039329529, ""5"": 0.2728654146194458, ""6"": 0.2937650680541992, ""7"": 0.29037776589393616, ""8"": 0.27656951546669006}","[16369, 13480, 10318, 9682, 9710, 5977]",jpeg_color_clustering_bic,-1,5,15814,0.241302490234375,8,3,6972,"{""1"": -111245.84337615331, ""2"": -148831.9948112863, ""3"": -229152.84307467376, ""4"": -249587.98162261024, ""5"": -379810.13114592916, ""6"": -419682.6667057176, ""7"": -433910.3097334524, ""8"": -445969.17000553024}","[29530, 11862, 8330, 6724, 6081, 1731, 649, 629]","[29530, 11862, 8330]","[3, 4, 5, 6, 7]","[6724, 6081, 1731, 649, 629]",bic,-445969.17000553024,ok
detexture_ade20k_multi,feature_cluster_coarse_global_pooled_predicted_k,training,246,training_ADE_train_00012093,detexture_multi_partition_v1,multi_partition_invariant,0.3594533385149285,0.27589206274663564,0.4056564963264094,3,8,2,0.0,0.9505157470703125,62293,65536,3243,2,3,True,hungarian_iou_assignment,"[0.6061255356692715, 0.47223447987551387, 0.0]","[{""pred_label"": 0, ""gt_label"": 1, ""iou"": 0.6061255356692715}, {""pred_label"": 1, ""gt_label"": 0, ""iou"": 0.47223447987551387}, {""pred_label"": -1, ""gt_label"": 2, ""iou"": 0.0}]",fpn_2,fpn_2,72x72,1,3,3,24x24,pooled_avg_pool_multi_way,False,False,False,silhouette,0.3194080889225006,"{""2"": 0.3194080889225006, ""3"": 0.287570059299469, ""4"": 0.2598241865634918, ""5"": 0.24020916223526, ""6"": 0.2116229236125946, ""7"": 0.2121293693780899, ""8"": 0.23797369003295898}","[33298, 32238]",jpeg_color_clustering_bic,-1,5,3243,0.0494842529296875,8,3,3970,"{""1"": -148293.82379814037, ""2"": -159006.35100346085, ""3"": -213966.74758654737, ""4"": -398616.0466178283, ""5"": -402922.6166997399, ""6"": -412215.2673470457, ""7"": -476072.0286479676, ""8"": -493848.1674156933}","[32833, 19236, 10224, 992, 896, 696, 354, 305]","[32833, 19236, 10224]","[3, 4, 5, 6, 7]","[992, 896, 696, 354, 305]",bic,-493848.1674156933,ok
detexture_ade20k_multi,feature_cluster_coarse_global_pooled_predicted_k,training,247,training_ADE_train_00012097,detexture_multi_partition_v1,multi_partition_invariant,0.23704648393561817,0.32589295187630773,0.48855890151192544,3,8,7,0.0,0.8045196533203125,52725,65536,12811,7,3,True,hungarian_iou_assignment,"[0.0, 0.3806714757635003, 0.4181717314923257, 0.0, 0.8604821802935011, 0.0, 0.0]","[{""pred_label"": 0, ""gt_label"": -1, ""iou"": 0.0}, {""pred_label"": 1, ""gt_label"": 0, ""iou"": 0.3806714757635003}, {""pred_label"": 2, ""gt_label"": 1, ""iou"": 0.4181717314923257}, {""pred_label"": 3, ""gt_label"": -1, ""iou"": 0.0}, {""pred_label"": 4, ""gt_label"": 2, ""iou"": 0.8604821802935011}, {""pred_label"": 5, ""gt_label"": -1, ""iou"": 0.0}, {""pred_label"": 6, ""gt_label"": -1, ""iou"": 0.0}]",fpn_2,fpn_2,72x72,1,3,3,24x24,pooled_avg_pool_multi_way,False,False,False,silhouette,0.25607702136039734,"{""2"": 0.21978265047073364, ""3"": 0.20126976072788239, ""4"": 0.24010396003723145, ""5"": 0.239119291305542, ""6"": 0.2328510284423828, ""7"": 0.25607702136039734, ""8"": 0.24311383068561554}","[12782, 11544, 9945, 9347, 8886, 7034, 5998]",jpeg_color_clustering_bic,-1,5,12811,0.1954803466796875,8,3,8015,"{""1"": -141502.41123542687, ""2"": -151705.68588328746, ""3"": -187831.22320817737, ""4"": -207405.86515876546, ""5"": -270910.3928431939, ""6"": -409508.6882149837, ""7"": -421164.56556469033, ""8"": -441293.78299343074}","[29618, 13692, 9415, 5721, 4289, 1170, 1037, 594]","[29618, 13692, 9415]","[3, 4, 5, 6, 7]","[5721, 4289, 1170, 1037, 594]",bic,-441293.78299343074,ok
detexture_ade20k_multi,feature_cluster_coarse_global_pooled_predicted_k,training,248,training_ADE_train_00012105,detexture_multi_partition_v1,multi_partition_invariant,0.1603722539882814,0.33523101598983523,0.4971038402076579,2,8,6,0.0,0.85723876953125,56180,65536,9356,6,2,True,hungarian_iou_assignment,"[0.3724572823433686, 0.5897762415863198, 0.0, 0.0, 0.0, 0.0]","[{""pred_label"": 0, ""gt_label"": 0, ""iou"": 0.3724572823433686}, {""pred_label"": 1, ""gt_label"": 1, ""iou"": 0.5897762415863198}, {""pred_label"": 2, ""gt_label"": -1, ""iou"": 0.0}, {""pred_label"": 3, ""gt_label"": -1, ""iou"": 0.0}, {""pred_label"": 4, ""gt_label"": -1, ""iou"": 0.0}, {""pred_label"": 5, ""gt_label"": -1, ""iou"": 0.0}]",fpn_2,fpn_2,72x72,1,3,3,24x24,pooled_avg_pool_multi_way,False,False,False,silhouette,0.29188764095306396,"{""2"": 0.25309643149375916, ""3"": 0.24656632542610168, ""4"": 0.2508724629878998, ""5"": 0.27331945300102234, ""6"": 0.29188764095306396, ""7"": 0.28576377034187317, ""8"": 0.28785693645477295}","[13316, 13234, 12528, 11222, 7762, 7474]",jpeg_color_clustering_bic,-1,6,9356,0.14276123046875,8,2,5276,"{""1"": -146212.32820787924, ""2"": -156677.9968595316, ""3"": -225805.90564712932, ""4"": -416109.5273196721, ""5"": -432827.5068696374, ""6"": -459122.66775623406, ""7"": -469188.7601584241, ""8"": -474899.2326502721}","[34192, 21988, 6238, 1218, 806, 535, 434, 125]","[34192, 21988]","[2, 3, 4, 5, 6, 7]","[6238, 1218, 806, 535, 434, 125]",bic,-474899.2326502721,ok
detexture_ade20k_multi,feature_cluster_coarse_global_pooled_predicted_k,training,249,training_ADE_train_00012111,detexture_multi_partition_v1,multi_partition_invariant,0.914874339527025,0.8925155522852316,0.8476521522802438,3,8,3,1.0,0.9334564208984375,61175,65536,4361,3,3,True,hungarian_iou_assignment,"[0.927237129284889, 0.9683874301282352, 0.8489984591679507]","[{""pred_label"": 0, ""gt_label"": 0, ""iou"": 0.927237129284889}, {""pred_label"": 1, ""gt_label"": 1, ""iou"": 0.9683874301282352}, {""pred_label"": 2, ""gt_label"": 2, ""iou"": 0.8489984591679507}]",fpn_2,fpn_2,72x72,1,3,3,24x24,pooled_avg_pool_multi_way,False,False,False,silhouette,0.3545779287815094,"{""2"": 0.32654181122779846, ""3"": 0.3545779287815094, ""4"": 0.34726956486701965, ""5"": 0.2914300262928009, ""6"": 0.30169710516929626, ""7"": 0.28337562084198, ""8"": 0.27452442049980164}","[30257, 22294, 12985]",jpeg_color_clustering_bic,-1,5,4361,0.0665435791015625,8,3,6573,"{""1"": -117022.91464641737, ""2"": -123322.92988723838, ""3"": -139743.23768135702, ""4"": -392035.68519228447, ""5"": -422672.3006132746, ""6"": -443330.50510790735, ""7"": -458845.4448259526, ""8"": -466534.5125993067}","[30629, 21084, 9462, 1332, 919, 881, 642, 587]","[30629, 21084, 9462]","[3, 4, 5, 6, 7]","[1332, 919, 881, 642, 587]",bic,-466534.5125993067,ok
detexture_ade20k_multi,feature_cluster_coarse_global_pooled_predicted_k,training,250,training_ADE_train_00012113,detexture_multi_partition_v1,multi_partition_invariant,0.8005699238760099,0.6905480357916604,0.7377825432259996,3,8,3,1.0,0.9616546630859375,63023,65536,2513,3,3,True,hungarian_iou_assignment,"[0.7045510556148854, 0.7232200007530404, 0.9739387152601039]","[{""pred_label"": 0, ""gt_label"": 2, ""iou"": 0.7045510556148854}, {""pred_label"": 1, ""gt_label"": 0, ""iou"": 0.7232200007530404}, {""pred_label"": 2, ""gt_label"": 1, ""iou"": 0.9739387152601039}]",fpn_2,fpn_2,72x72,1,3,3,24x24,pooled_avg_pool_multi_way,False,False,False,silhouette,0.31890174746513367,"{""2"": 0.2763231098651886, ""3"": 0.31890174746513367, ""4"": 0.30607202649116516, ""5"": 0.31617963314056396, ""6"": 0.2584955394268036, ""7"": 0.25937482714653015, ""8"": 0.2590411603450775}","[25582, 20093, 19861]",jpeg_color_clustering_bic,-1,5,2513,0.0383453369140625,8,3,3841,"{""1"": -146978.09207168146, ""2"": -155182.979112407, ""3"": -277722.5023069818, ""4"": -465535.7723047357, ""5"": -487458.80111119087, ""6"": -500874.4889898796, ""7"": -517650.023104573, ""8"": -540466.2668736018}","[26278, 19567, 17178, 740, 683, 519, 315, 256]","[26278, 19567, 17178]","[3, 4, 5, 6, 7]","[740, 683, 519, 315, 256]",bic,-540466.2668736018,ok
detexture_ade20k_multi,feature_cluster_coarse_global_pooled_predicted_k,training,251,training_ADE_train_00012116,detexture_multi_partition_v1,multi_partition_invariant,0.6280196003998015,0.806844201392603,0.7677452502825197,3,8,4,0.0,0.7924041748046875,51931,65536,13605,4,3,True,hungarian_iou_assignment,"[0.9093053466429646, 0.0, 0.8371218744535758, 0.7656511805026657]","[{""pred_label"": 0, ""gt_label"": 0, ""iou"": 0.9093053466429646}, {""pred_label"": 1, ""gt_label"": -1, ""iou"": 0.0}, {""pred_label"": 2, ""gt_label"": 2, ""iou"": 0.8371218744535758}, {""pred_label"": 3, ""gt_label"": 1, ""iou"": 0.7656511805026657}]",fpn_2,fpn_2,72x72,1,3,3,24x24,pooled_avg_pool_multi_way,False,False,False,silhouette,0.2985283136367798,"{""2"": 0.2898259162902832, ""3"": 0.2962286174297333, ""4"": 0.2985283136367798, ""5"": 0.23834705352783203, ""6"": 0.2938857674598694, ""7"": 0.2643051743507385, ""8"": 0.2525637447834015}","[26858, 13967, 13892, 10819]",jpeg_color_clustering_bic,-1,5,13605,0.2075958251953125,8,3,5778,"{""1"": -107081.55746024157, ""2"": -145677.67949837766, ""3"": -176072.5189575597, ""4"": -288097.3065264965, ""5"": -385934.7522497817, ""6"": -432438.6408817211, ""7"": -438188.9561223376, ""8"": -450048.8388493467}","[29178, 13130, 9623, 7006, 4495, 1218, 606, 280]","[29178, 13130, 9623]","[3, 4, 5, 6, 7]","[7006, 4495, 1218, 606, 280]",bic,-450048.8388493467,ok
detexture_ade20k_multi,feature_cluster_coarse_global_pooled_predicted_k,training,252,training_ADE_train_00012125,detexture_multi_partition_v1,multi_partition_invariant,0.3873645039506522,0.2933767980863954,0.4124752985013595,3,8,2,0.0,0.94927978515625,62212,65536,3324,2,3,True,hungarian_iou_assignment,"[0.5405000107114548, 0.6215935011405018, 0.0]","[{""pred_label"": 0, ""gt_label"": 0, ""iou"": 0.5405000107114548}, {""pred_label"": 1, ""gt_label"": 1, ""iou"": 0.6215935011405018}, {""pred_label"": -1, ""gt_label"": 2, ""iou"": 0.0}]",fpn_2,fpn_2,72x72,1,3,3,24x24,pooled_avg_pool_multi_way,False,False,False,silhouette,0.3387925922870636,"{""2"": 0.3387925922870636, ""3"": 0.3049983084201813, ""4"": 0.284749835729599, ""5"": 0.27901893854141235, ""6"": 0.25849199295043945, ""7"": 0.25914502143859863, ""8"": 0.22464129328727722}","[37743, 27793]",jpeg_color_clustering_bic,-1,5,3324,0.05072021484375,8,3,6144,"{""1"": -132792.5045391818, ""2"": -140112.18294466566, ""3"": -173488.27388508114, ""4"": -343793.1055302978, ""5"": -397507.5882541072, ""6"": -416361.69117243984, ""7"": -418014.3258691683, ""8"": -425421.0563939575}","[34645, 15574, 11993, 1151, 878, 722, 557, 16]","[34645, 15574, 11993]","[3, 4, 5, 6, 7]","[1151, 878, 722, 557, 16]",bic,-425421.0563939575,ok
detexture_ade20k_multi,feature_cluster_coarse_global_pooled_predicted_k,training,253,training_ADE_train_00012138,detexture_multi_partition_v1,multi_partition_invariant,0.34962605749820214,0.2537339388978813,0.3971447942274623,3,8,2,0.0,0.880157470703125,57682,65536,7854,2,3,True,hungarian_iou_assignment,"[0.4769827476580052, 0.5718954248366013, 0.0]","[{""pred_label"": 0, ""gt_label"": 0, ""iou"": 0.4769827476580052}, {""pred_label"": 1, ""gt_label"": 2, ""iou"": 0.5718954248366013}, {""pred_label"": -1, ""gt_label"": 1, ""iou"": 0.0}]",fpn_2,fpn_2,72x72,1,3,3,24x24,pooled_avg_pool_multi_way,False,False,False,silhouette,0.32207730412483215,"{""2"": 0.32207730412483215, ""3"": 0.28031545877456665, ""4"": 0.2674466371536255, ""5"": 0.2638198137283325, ""6"": 0.25061261653900146, ""7"": 0.26101645827293396, ""8"": 0.2707304358482361}","[40064, 25472]",jpeg_color_clustering_bic,-1,5,7854,0.119842529296875,8,3,8003,"{""1"": -143696.2876596539, ""2"": -152920.0505666584, ""3"": -239145.34977215438, ""4"": -255853.68452981717, ""5"": -305558.39590428706, ""6"": -363907.7171604222, ""7"": -394116.6333212692, ""8"": -427170.249527137}","[30363, 16817, 10502, 2434, 2220, 1119, 1100, 981]","[30363, 16817, 10502]","[3, 4, 5, 6, 7]","[2434, 2220, 1119, 1100, 981]",bic,-427170.249527137,ok
detexture_ade20k_multi,feature_cluster_coarse_global_pooled_predicted_k,training,254,training_ADE_train_00012149,detexture_multi_partition_v1,multi_partition_invariant,0.33232287902591084,0.2704228553406518,0.48571152215766783,2,8,4,0.0,0.7230987548828125,47389,65536,18147,4,2,True,hungarian_iou_assignment,"[0.0, 0.3751621528605088, 0.0, 0.9541293632431345]","[{""pred_label"": 0, ""gt_label"": -1, ""iou"": 0.0}, {""pred_label"": 1, ""gt_label"": 0, ""iou"": 0.3751621528605088}, {""pred_label"": 2, ""gt_label"": -1, ""iou"": 0.0}, {""pred_label"": 3, ""gt_label"": 1, ""iou"": 0.9541293632431345}]",fpn_2,fpn_2,72x72,1,3,3,24x24,pooled_avg_pool_multi_way,False,False,False,silhouette,0.24562613666057587,"{""2"": 0.20677664875984192, ""3"": 0.21158725023269653, ""4"": 0.24562613666057587, ""5"": 0.2418052852153778, ""6"": 0.2391170859336853, ""7"": 0.23511534929275513, ""8"": 0.1980811059474945}","[22518, 19078, 13689, 10251]",jpeg_color_clustering_bic,-1,6,18147,0.2769012451171875,8,2,7085,"{""1"": -131793.23162170636, ""2"": -198231.3053436141, ""3"": -264054.96904995246, ""4"": -288010.0298725398, ""5"": -293199.286275852, ""6"": -364703.0270619901, ""7"": -369494.6796501491, ""8"": -439988.24976986134}","[37642, 9747, 7424, 5180, 2528, 1674, 911, 430]","[37642, 9747]","[2, 3, 4, 5, 6, 7]","[7424, 5180, 2528, 1674, 911, 430]",bic,-439988.24976986134,ok
detexture_ade20k_multi,feature_cluster_coarse_global_pooled_predicted_k,training,255,training_ADE_train_00012151,detexture_multi_partition_v1,multi_partition_invariant,0.6496076931748284,0.8534616672387748,0.8380054638767203,3,8,4,0.0,0.9481964111328125,62141,65536,3395,4,3,True,hungarian_iou_assignment,"[0.9657815247283711, 0.9816941499803691, 0.650955097990573, 0.0]","[{""pred_label"": 0, ""gt_label"": 0, ""iou"": 0.9657815247283711}, {""pred_label"": 1, ""gt_label"": 1, ""iou"": 0.9816941499803691}, {""pred_label"": 2, ""gt_label"": 2, ""iou"": 0.650955097990573}, {""pred_label"": 3, ""gt_label"": -1, ""iou"": 0.0}]",fpn_2,fpn_2,72x72,1,3,3,24x24,pooled_avg_pool_multi_way,False,False,False,silhouette,0.380610853433609,"{""2"": 0.2650599479675293, ""3"": 0.35474303364753723, ""4"": 0.380610853433609, ""5"": 0.30588048696517944, ""6"": 0.280276358127594, ""7"": 0.2919357120990753, ""8"": 0.30601760745048523}","[22471, 20836, 14499, 7730]",jpeg_color_clustering_bic,-1,5,3395,0.0518035888671875,8,3,4917,"{""1"": -111889.12510786552, ""2"": -117913.7009860466, ""3"": -242772.7069376749, ""4"": -411269.4619921454, ""5"": -432619.2346291301, ""6"": -465715.0197750148, ""7"": -477929.0141344122, ""8"": -486539.88808621786}","[22050, 20295, 19796, 1369, 826, 618, 406, 176]","[22050, 20295, 19796]","[3, 4, 5, 6, 7]","[1369, 826, 618, 406, 176]",bic,-486539.88808621786,ok
detexture_ade20k_multi,feature_cluster_coarse_global_pooled_predicted_k,training,256,training_ADE_train_00012153,detexture_multi_partition_v1,multi_partition_invariant,0.4729051099135771,0.5746354857541934,0.6687587779004087,3,8,5,0.0,0.8748779296875,57336,65536,8200,5,3,True,hungarian_iou_assignment,"[0.5922228060956385, 0.8199503311258278, 0.952352412346419, 0.0, 0.0]","[{""pred_label"": 0, ""gt_label"": 0, ""iou"": 0.5922228060956385}, {""pred_label"": 1, ""gt_label"": 1, ""iou"": 0.8199503311258278}, {""pred_label"": 2, ""gt_label"": 2, ""iou"": 0.952352412346419}, {""pred_label"": 3, ""gt_label"": -1, ""iou"": 0.0}, {""pred_label"": 4, ""gt_label"": -1, ""iou"": 0.0}]",fpn_2,fpn_2,72x72,1,3,3,24x24,pooled_avg_pool_multi_way,False,False,False,silhouette,0.32401856780052185,"{""2"": 0.28509053587913513, ""3"": 0.2617076337337494, ""4"": 0.3027193248271942, ""5"": 0.32401856780052185, ""6"": 0.3056279718875885, ""7"": 0.29029005765914917, ""8"": 0.27816206216812134}","[18764, 16682, 13870, 9109, 7111]",jpeg_color_clustering_bic,-1,5,8200,0.1251220703125,8,3,5250,"{""1"": -124426.23702563408, ""2"": -133686.66942065908, ""3"": -242657.44476758118, ""4"": -275882.5052320296, ""5"": -277432.0619112201, ""6"": -285046.83488896774, ""7"": -437140.92178758, ""8"": -440758.8604882274}","[30152, 14097, 13087, 3089, 2765, 1569, 610, 167]","[30152, 14097, 13087]","[3, 4, 5, 6, 7]","[3089, 2765, 1569, 610, 167]",bic,-440758.8604882274,ok
detexture_ade20k_multi,feature_cluster_coarse_global_pooled_predicted_k,training,257,training_ADE_train_00012159,detexture_multi_partition_v1,multi_partition_invariant,0.9400800501382461,0.9085678231727858,0.8665212752631234,3,8,3,1.0,0.8829803466796875,57867,65536,7669,3,3,True,hungarian_iou_assignment,"[0.9255997315886596, 0.9622650442687373, 0.9323753745573413]","[{""pred_label"": 0, ""gt_label"": 0, ""iou"": 0.9255997315886596}, {""pred_label"": 1, ""gt_label"": 1, ""iou"": 0.9622650442687373}, {""pred_label"": 2, ""gt_label"": 2, ""iou"": 0.9323753745573413}]",fpn_2,fpn_2,72x72,1,3,3,24x24,pooled_avg_pool_multi_way,False,False,False,silhouette,0.3184650242328644,"{""2"": 0.2652718126773834, ""3"": 0.3184650242328644, ""4"": 0.3177720606327057, ""5"": 0.2918025255203247, ""6"": 0.2954849302768707, ""7"": 0.26151758432388306, ""8"": 0.26250654458999634}","[27029, 22881, 15626]",jpeg_color_clustering_bic,-1,5,7669,0.1170196533203125,8,3,8516,"{""1"": -125365.07547924049, ""2"": -144532.23693578408, ""3"": -273739.8401858938, ""4"": -355468.3653999938, ""5"": -410570.0486897911, ""6"": -429221.10329691257, ""7"": -448229.29506214603, ""8"": -455889.81138117966}","[22960, 20919, 13988, 3001, 2116, 1380, 806, 366]","[22960, 20919, 13988]","[3, 4, 5, 6, 7]","[3001, 2116, 1380, 806, 366]",bic,-455889.81138117966,ok
detexture_ade20k_multi,feature_cluster_coarse_global_pooled_predicted_k,training,258,training_ADE_train_00012169,detexture_multi_partition_v1,multi_partition_invariant,0.6408988786022353,0.7878377858414047,0.7819620186908025,4,8,5,0.0,0.9579315185546875,62779,65536,2757,5,4,True,hungarian_iou_assignment,"[0.9742584213172448, 0.7811894470114771, 0.6260806916426513, 0.8229658330398028, 0.0]","[{""pred_label"": 0, ""gt_label"": 1, ""iou"": 0.9742584213172448}, {""pred_label"": 1, ""gt_label"": 0, ""iou"": 0.7811894470114771}, {""pred_label"": 2, ""gt_label"": 3, ""iou"": 0.6260806916426513}, {""pred_label"": 3, ""gt_label"": 2, ""iou"": 0.8229658330398028}, {""pred_label"": 4, ""gt_label"": -1, ""iou"": 0.0}]",fpn_2,fpn_2,72x72,1,3,3,24x24,pooled_avg_pool_multi_way,False,False,False,silhouette,0.3559848368167877,"{""2"": 0.29572904109954834, ""3"": 0.30719706416130066, ""4"": 0.34556660056114197, ""5"": 0.3559848368167877, ""6"": 0.30615246295928955, ""7"": 0.2417588233947754, ""8"": 0.2657839059829712}","[21081, 16320, 13422, 12213, 2500]",jpeg_color_clustering_bic,-1,4,2757,0.0420684814453125,8,4,6870,"{""1"": -125846.60057432417, ""2"": -132025.27872187595, ""3"": -207948.12849636705, ""4"": -300775.0373038456, ""5"": -392187.42477620795, ""6"": -400056.02533468814, ""7"": -417469.3734523866, ""8"": -433718.6385162325}","[19862, 19592, 14065, 9260, 1094, 797, 532, 334]","[19862, 19592, 14065, 9260]","[4, 5, 6, 7]","[1094, 797, 532, 334]",bic,-433718.6385162325,ok
detexture_ade20k_multi,feature_cluster_coarse_global_pooled_predicted_k,training,259,training_ADE_train_00012174,detexture_multi_partition_v1,multi_partition_invariant,0.4093752559393295,0.4659249496012842,0.607481997699868,4,8,6,0.0,0.925079345703125,60626,65536,4910,6,4,True,hungarian_iou_assignment,"[0.4694076714188731, 0.5948548327820654, 0.0, 0.4843856849783451, 0.9076033464566929, 0.0]","[{""pred_label"": 0, ""gt_label"": 0, ""iou"": 0.4694076714188731}, {""pred_label"": 1, ""gt_label"": 2, ""iou"": 0.5948548327820654}, {""pred_label"": 2, ""gt_label"": -1, ""iou"": 0.0}, {""pred_label"": 3, ""gt_label"": 1, ""iou"": 0.4843856849783451}, {""pred_label"": 4, ""gt_label"": 3, ""iou"": 0.9076033464566929}, {""pred_label"": 5, ""gt_label"": -1, ""iou"": 0.0}]",fpn_2,fpn_2,72x72,1,3,3,24x24,pooled_avg_pool_multi_way,False,False,False,silhouette,0.25877442955970764,"{""2"": 0.24082225561141968, ""3"": 0.2324739545583725, ""4"": 0.2289782613515854, ""5"": 0.25797808170318604, ""6"": 0.25877442955970764, ""7"": 0.2551778256893158, ""8"": 0.2211904525756836}","[15336, 12949, 11111, 11143, 8025, 6972]",jpeg_color_clustering_bic,-1,4,4910,0.074920654296875,8,4,8702,"{""1"": -150343.6221467206, ""2"": -170086.11455550388, ""3"": -192751.82820034752, ""4"": -201736.1738865327, ""5"": -242139.94734570367, ""6"": -416583.4926846515, ""7"": -427300.9838292248, ""8"": -436174.43823152396}","[22269, 21439, 8880, 8038, 1654, 1454, 1226, 576]","[22269, 21439, 8880, 8038]","[4, 5, 6, 7]","[1654, 1454, 1226, 576]",bic,-436174.43823152396,ok
detexture_ade20k_multi,feature_cluster_coarse_global_pooled_predicted_k,training,260,training_ADE_train_00012180,detexture_multi_partition_v1,multi_partition_invariant,0.5372092881366725,0.6080817629873667,0.5834786676950915,3,8,2,0.0,0.9620492399741267,380756,395776,15020,2,3,True,hungarian_iou_assignment,"[0.7942490505148911, 0.8173788138951261, 0.0]","[{""pred_label"": 0, ""gt_label"": 0, ""iou"": 0.7942490505148911}, {""pred_label"": 1, ""gt_label"": 1, ""iou"": 0.8173788138951261}, {""pred_label"": -1, ""gt_label"": 2, ""iou"": 0.0}]",fpn_2,fpn_2,72x72,1,3,3,24x24,pooled_avg_pool_multi_way,False,False,False,silhouette,0.354192316532135,"{""2"": 0.354192316532135, ""3"": 0.30723464488983154, ""4"": 0.3043779134750366, ""5"": 0.3042374849319458, ""6"": 0.305086612701416, ""7"": 0.32622790336608887, ""8"": 0.23080211877822876}","[269570, 126206]",jpeg_color_clustering_bic,-1,5,15020,0.03795076002587322,8,3,8903,"{""1"": -671798.4719069637, ""2"": -710153.0284511305, ""3"": -1616470.1807841838, ""4"": -1634456.4663170637, ""5"": -2822745.947623072, ""6"": -2864799.869521164, ""7"": -2951683.536166146, ""8"": -3083165.698521092}","[209392, 101484, 69880, 8437, 2503, 2390, 889, 801]","[209392, 101484, 69880]","[3, 4, 5, 6, 7]","[8437, 2503, 2390, 889, 801]",bic,-3083165.698521092,ok
detexture_ade20k_multi,feature_cluster_coarse_global_pooled_predicted_k,training,261,training_ADE_train_00012211,detexture_multi_partition_v1,multi_partition_invariant,0.481802345968998,0.821712263761508,0.7245471653600457,3,8,2,0.0,0.90582084139265,149859,165440,15581,2,3,True,hungarian_iou_assignment,"[0.9658663688814443, 0.47954066902554976, 0.0]","[{""pred_label"": 0, ""gt_label"": 0, ""iou"": 0.9658663688814443}, {""pred_label"": 1, ""gt_label"": 1, ""iou"": 0.47954066902554976}, {""pred_label"": -1, ""gt_label"": 2, ""iou"": 0.0}]",fpn_2,fpn_2,72x72,1,3,3,24x24,pooled_avg_pool_multi_way,False,False,False,silhouette,0.33532455563545227,"{""2"": 0.33532455563545227, ""3"": 0.31589382886886597, ""4"": 0.27111923694610596, ""5"": 0.23036247491836548, ""6"": 0.27047449350357056, ""7"": 0.28001832962036133, ""8"": 0.27327555418014526}","[116842, 48598]",jpeg_color_clustering_bic,-1,5,15581,0.0941791586073501,8,3,5821,"{""1"": -391183.85527616896, ""2"": -407282.2473422021, ""3"": -637404.6963126248, ""4"": -680531.4818539025, ""5"": -683569.861874291, ""6"": -1237807.5630308366, ""7"": -1269818.9317735564, ""8"": -1271326.1060667979}","[107460, 22091, 20308, 12325, 1466, 1163, 557, 70]","[107460, 22091, 20308]","[3, 4, 5, 6, 7]","[12325, 1466, 1163, 557, 70]",bic,-1271326.1060667979,ok
detexture_ade20k_multi,feature_cluster_coarse_global_pooled_predicted_k,training,262,training_ADE_train_00012321,detexture_multi_partition_v1,multi_partition_invariant,0.44645068694603846,0.490379128056869,0.48188022207502995,3,8,2,0.0,0.8029602855051244,280792,349696,68904,2,3,True,hungarian_iou_assignment,"[0.8293866638570243, 0.509965396981091, 0.0]","[{""pred_label"": 0, ""gt_label"": 0, ""iou"": 0.8293866638570243}, {""pred_label"": 1, ""gt_label"": 1, ""iou"": 0.509965396981091}, {""pred_label"": -1, ""gt_label"": 2, ""iou"": 0.0}]",fpn_2,fpn_2,72x72,1,3,3,24x24,pooled_avg_pool_multi_way,False,False,False,silhouette,0.2922106683254242,"{""2"": 0.2922106683254242, ""3"": 0.24818235635757446, ""4"": 0.24979522824287415, ""5"": 0.26134493947029114, ""6"": 0.26141655445098877, ""7"": 0.2646176218986511, ""8"": 0.26714596152305603}","[177745, 171951]",jpeg_color_clustering_bic,-1,5,68904,0.19703971449487556,8,3,25888,"{""1"": -788187.429930845, ""2"": -818264.7050851741, ""3"": -955506.6875416589, ""4"": -1138706.6873714693, ""5"": -1142671.4629978202, ""6"": -1163895.1445577291, ""7"": -1196735.310338329, ""8"": -1739113.672411998}","[143823, 74867, 62102, 28011, 12600, 11736, 11082, 5475]","[143823, 74867, 62102]","[3, 4, 5, 6, 7]","[28011, 12600, 11736, 11082, 5475]",bic,-1739113.672411998,ok
detexture_ade20k_multi,feature_cluster_coarse_global_pooled_predicted_k,training,263,training_ADE_train_00012384,detexture_multi_partition_v1,multi_partition_invariant,0.8476083379648727,0.7170668524351119,0.6478846444039943,2,8,2,1.0,0.8309102763543191,290566,349696,59130,2,2,True,hungarian_iou_assignment,"[0.88851235501765, 0.8067043209120954]","[{""pred_label"": 0, ""gt_label"": 0, ""iou"": 0.88851235501765}, {""pred_label"": 1, ""gt_label"": 1, ""iou"": 0.8067043209120954}]",fpn_2,fpn_2,72x72,1,3,3,24x24,pooled_avg_pool_multi_way,False,False,False,silhouette,0.27798083424568176,"{""2"": 0.27798083424568176, ""3"": 0.26104670763015747, ""4"": 0.2538243532180786, ""5"": 0.252132385969162, ""6"": 0.2539840340614319, ""7"": 0.2457195669412613, ""8"": 0.23828066885471344}","[183655, 166041]",jpeg_color_clustering_bic,-1,6,59130,0.1690897236456808,8,2,12417,"{""1"": -800981.5228528072, ""2"": -862094.8359172206, ""3"": -947675.1115918923, ""4"": -1802370.5581345137, ""5"": -1867553.7814085672, ""6"": -2165039.702463118, ""7"": -2215421.5456794403, ""8"": -2693870.401620728}","[197415, 93151, 36366, 7722, 7348, 5276, 1778, 640]","[197415, 93151]","[2, 3, 4, 5, 6, 7]","[36366, 7722, 7348, 5276, 1778, 640]",bic,-2693870.401620728,ok
detexture_ade20k_multi,feature_cluster_coarse_global_pooled_predicted_k,training,264,training_ADE_train_00012451,detexture_multi_partition_v1,multi_partition_invariant,0.6718764722892645,0.7883451432896029,0.7314988801434846,4,8,4,1.0,0.9628048362005857,336689,349696,13007,4,4,True,hungarian_iou_assignment,"[0.983642277046153, 0.4853214024448426, 0.7790910545118461, 0.439451155154216]","[{""pred_label"": 0, ""gt_label"": 0, ""iou"": 0.983642277046153}, {""pred_label"": 1, ""gt_label"": 2, ""iou"": 0.4853214024448426}, {""pred_label"": 2, ""gt_label"": 3, ""iou"": 0.7790910545118461}, {""pred_label"": 3, ""gt_label"": 1, ""iou"": 0.439451155154216}]",fpn_2,fpn_2,72x72,1,3,3,24x24,pooled_avg_pool_multi_way,False,False,False,silhouette,0.377961665391922,"{""2"": 0.3331318497657776, ""3"": 0.35282519459724426, ""4"": 0.377961665391922, ""5"": 0.23757123947143555, ""6"": 0.21864895522594452, ""7"": 0.21805548667907715, ""8"": 0.22525832056999207}","[157523, 93609, 56829, 41735]",jpeg_color_clustering_bic,-1,4,13007,0.03719516379941435,8,4,12445,"{""1"": -802554.0340998326, ""2"": -883921.7156248159, ""3"": -1148928.5382317374, ""4"": -1522992.0894225955, ""5"": -1503782.9052592288, ""6"": -2119373.1023224806, ""7"": -2121161.076941607, ""8"": -2142496.401822684}","[156053, 82606, 52786, 45244, 6913, 3131, 2758, 205]","[156053, 82606, 52786, 45244]","[4, 5, 6, 7]","[6913, 3131, 2758, 205]",bic,-2142496.401822684,ok
detexture_ade20k_multi,feature_cluster_coarse_global_pooled_predicted_k,training,265,training_ADE_train_00012501,detexture_multi_partition_v1,multi_partition_invariant,0.5781025302485444,0.7600274361058242,0.7091380361616454,2,8,3,0.0,0.8006696428571428,315656,394240,78584,3,2,True,hungarian_iou_assignment,"[0.9258877552188899, 0.8084198355267431, 0.0]","[{""pred_label"": 0, ""gt_label"": 0, ""iou"": 0.9258877552188899}, {""pred_label"": 1, ""gt_label"": 1, ""iou"": 0.8084198355267431}, {""pred_label"": 2, ""gt_label"": -1, ""iou"": 0.0}]",fpn_2,fpn_2,72x72,1,3,3,24x24,pooled_avg_pool_multi_way,False,False,False,silhouette,0.3553525507450104,"{""2"": 0.3442208170890808, ""3"": 0.3553525507450104, ""4"": 0.3430714011192322, ""5"": 0.2631303369998932, ""6"": 0.23582665622234344, ""7"": 0.27867454290390015, ""8"": 0.2788199782371521}","[233611, 126357, 34272]",jpeg_color_clustering_bic,-1,6,78584,0.19933035714285716,8,2,10298,"{""1"": -797922.5632073977, ""2"": -935517.5197864226, ""3"": -1307365.322986751, ""4"": -2048434.67788863, ""5"": -2714047.6727963323, ""6"": -2785942.3659067745, ""7"": -2850895.1669642013, ""8"": -2934093.8472132822}","[161710, 153946, 39835, 17455, 17038, 2486, 1176, 594]","[161710, 153946]","[2, 3, 4, 5, 6, 7]","[39835, 17455, 17038, 2486, 1176, 594]",bic,-2934093.8472132822,ok
detexture_ade20k_multi,feature_cluster_coarse_global_pooled_predicted_k,training,266,training_ADE_train_00012566,detexture_multi_partition_v1,multi_partition_invariant,0.3445791044849471,0.30726213343586806,0.480125688647777,4,7,6,0.0,0.9669913296120058,338153,349696,11543,6,4,True,hungarian_iou_assignment,"[0.3590837255934882, 0.0, 0.3276972475361458, 0.8217444047891137, 0.558949248990935, 0.0]","[{""pred_label"": 0, ""gt_label"": 3, ""iou"": 0.3590837255934882}, {""pred_label"": 1, ""gt_label"": -1, ""iou"": 0.0}, {""pred_label"": 2, ""gt_label"": 0, ""iou"": 0.3276972475361458}, {""pred_label"": 3, ""gt_label"": 2, ""iou"": 0.8217444047891137}, {""pred_label"": 4, ""gt_label"": 1, ""iou"": 0.558949248990935}, {""pred_label"": 5, ""gt_label"": -1, ""iou"": 0.0}]",fpn_2,fpn_2,72x72,1,3,3,24x24,pooled_avg_pool_multi_way,False,False,False,silhouette,0.3373567461967468,"{""2"": 0.22946326434612274, ""3"": 0.2838457524776459, ""4"": 0.32445386052131653, ""5"": 0.3324699401855469, ""6"": 0.3373567461967468, ""7"": 0.321905255317688, ""8"": 0.3126133680343628}","[113922, 57085, 57342, 48629, 44136, 28582]",jpeg_color_clustering_bic,-1,3,11543,0.03300867038799414,7,4,14766,"{""1"": -701591.7008464546, ""2"": -761767.7186919291, ""3"": -1116884.3360332726, ""4"": -1254032.1725310176, ""5"": -1653095.8221059958, ""6"": -1628123.8486646567, ""7"": -1658894.5131789835, ""8"": -1619011.076914299}","[158984, 75179, 55280, 48710, 8491, 2254, 798]","[158984, 75179, 55280, 48710]","[4, 5, 6]","[8491, 2254, 798]",bic,-1658894.5131789835,ok
detexture_ade20k_multi,feature_cluster_coarse_global_pooled_predicted_k,training,267,training_ADE_train_00012595,detexture_multi_partition_v1,multi_partition_invariant,0.43369681107640856,0.5967657759291202,0.6506354575080145,2,8,4,0.0,0.8127516471449487,284216,349696,65480,4,2,True,hungarian_iou_assignment,"[0.8103379896884502, 0.0, 0.924449254617184, 0.0]","[{""pred_label"": 0, ""gt_label"": 0, ""iou"": 0.8103379896884502}, {""pred_label"": 1, ""gt_label"": -1, ""iou"": 0.0}, {""pred_label"": 2, ""gt_label"": 1, ""iou"": 0.924449254617184}, {""pred_label"": 3, ""gt_label"": -1, ""iou"": 0.0}]",fpn_2,fpn_2,72x72,1,3,3,24x24,pooled_avg_pool_multi_way,False,False,False,silhouette,0.33384326100349426,"{""2"": 0.3307190537452698, ""3"": 0.3010181784629822, ""4"": 0.33384326100349426, ""5"": 0.24034394323825836, ""6"": 0.254524827003479, ""7"": 0.25074130296707153, ""8"": 0.25161272287368774}","[185204, 65209, 53836, 45447]",jpeg_color_clustering_bic,-1,6,65480,0.18724835285505123,8,2,9296,"{""1"": -755040.3453435147, ""2"": -779173.9136059927, ""3"": -1270106.4620342122, ""4"": -1661884.4382544735, ""5"": -1679327.1845177135, ""6"": -1686349.3984555434, ""7"": -2570033.280484217, ""8"": -2689865.8750827564}","[226930, 57286, 36022, 22362, 3144, 2146, 966, 840]","[226930, 57286]","[2, 3, 4, 5, 6, 7]","[36022, 22362, 3144, 2146, 966, 840]",bic,-2689865.8750827564,ok
detexture_ade20k_multi,feature_cluster_coarse_global_pooled_predicted_k,training,268,training_ADE_train_00012667,detexture_multi_partition_v1,multi_partition_invariant,0.2221568006869278,0.3652265540438684,0.3771763721714557,2,8,5,0.0,0.7743154053806734,270775,349696,78921,5,2,True,hungarian_iou_assignment,"[0.0, 0.6277468236729891, 0.4830371797616499, 0.0, 0.0]","[{""pred_label"": 0, ""gt_label"": -1, ""iou"": 0.0}, {""pred_label"": 1, ""gt_label"": 0, ""iou"": 0.6277468236729891}, {""pred_label"": 2, ""gt_label"": 1, ""iou"": 0.4830371797616499}, {""pred_label"": 3, ""gt_label"": -1, ""iou"": 0.0}, {""pred_label"": 4, ""gt_label"": -1, ""iou"": 0.0}]",fpn_2,fpn_2,72x72,1,3,3,24x24,pooled_avg_pool_multi_way,False,False,False,silhouette,0.22434578835964203,"{""2"": 0.21205221116542816, ""3"": 0.18474261462688446, ""4"": 0.21948617696762085, ""5"": 0.22434578835964203, ""6"": 0.21952392160892487, ""7"": 0.21644623577594757, ""8"": 0.22071856260299683}","[93230, 89697, 74172, 50543, 42054]",jpeg_color_clustering_bic,-1,6,78921,0.2256845946193265,8,2,16337,"{""1"": -751454.8376874363, ""2"": -831681.3171721796, ""3"": -1128629.8859265659, ""4"": -1181675.953415573, ""5"": -1357359.6099748474, ""6"": -1609558.1588194524, ""7"": -1621795.00811955, ""8"": -1624066.8965783631}","[135535, 135240, 35865, 25120, 7976, 7946, 1029, 985]","[135535, 135240]","[2, 3, 4, 5, 6, 7]","[35865, 25120, 7976, 7946, 1029, 985]",bic,-1624066.8965783631,ok
detexture_ade20k_multi,feature_cluster_coarse_global_pooled_predicted_k,training,269,training_ADE_train_00012684,detexture_multi_partition_v1,multi_partition_invariant,0.6179302980573278,0.7542528756217857,0.7352557263659416,3,8,4,0.0,0.7651388634699854,267566,349696,82130,4,3,True,hungarian_iou_assignment,"[0.8500029593553678, 0.8287931887080475, 0.0, 0.7929250441658955]","[{""pred_label"": 0, ""gt_label"": 0, ""iou"": 0.8500029593553678}, {""pred_label"": 1, ""gt_label"": 1, ""iou"": 0.8287931887080475}, {""pred_label"": 2, ""gt_label"": -1, ""iou"": 0.0}, {""pred_label"": 3, ""gt_label"": 2, ""iou"": 0.7929250441658955}]",fpn_2,fpn_2,72x72,1,3,3,24x24,pooled_avg_pool_multi_way,False,False,False,silhouette,0.30896350741386414,"{""2"": 0.2782648801803589, ""3"": 0.253257155418396, ""4"": 0.30896350741386414, ""5"": 0.24189206957817078, ""6"": 0.22527071833610535, ""7"": 0.22515562176704407, ""8"": 0.19858838617801666}","[109800, 97958, 75601, 66337]",jpeg_color_clustering_bic,-1,5,82130,0.23486113653001464,8,3,15890,"{""1"": -644450.4719842601, ""2"": -952662.5839201575, ""3"": -1003007.3616041231, ""4"": -1275218.9328488288, ""5"": -1397085.601774108, ""6"": -1621043.1249151537, ""7"": -1852420.6650316124, ""8"": -2403791.8361039963}","[118116, 84785, 64665, 30809, 21568, 13983, 9166, 6604]","[118116, 84785, 64665]","[3, 4, 5, 6, 7]","[30809, 21568, 13983, 9166, 6604]",bic,-2403791.8361039963,ok
detexture_ade20k_multi,feature_cluster_coarse_global_pooled_predicted_k,training,270,training_ADE_train_00012707,detexture_multi_partition_v1,multi_partition_invariant,0.6555180167088991,0.7072656807923109,0.7805328737894148,3,8,4,0.0,0.9794593017935578,342513,349696,7183,4,3,True,hungarian_iou_assignment,"[0.7485976751943753, 0.9144456801012386, 0.9590287115399826, 0.0]","[{""pred_label"": 0, ""gt_label"": 0, ""iou"": 0.7485976751943753}, {""pred_label"": 1, ""gt_label"": 2, ""iou"": 0.9144456801012386}, {""pred_label"": 2, ""gt_label"": 1, ""iou"": 0.9590287115399826}, {""pred_label"": 3, ""gt_label"": -1, ""iou"": 0.0}]",fpn_2,fpn_2,72x72,1,3,3,24x24,pooled_avg_pool_multi_way,False,False,False,silhouette,0.3242010772228241,"{""2"": 0.3080313801765442, ""3"": 0.3024088442325592, ""4"": 0.3242010772228241, ""5"": 0.3120191991329193, ""6"": 0.25054648518562317, ""7"": 0.256185919046402, ""8"": 0.23720985651016235}","[148851, 80271, 74275, 46299]",jpeg_color_clustering_bic,-1,5,7183,0.02054069820644217,8,3,7352,"{""1"": -604839.1514226415, ""2"": -614469.4263848234, ""3"": -1432669.2674448816, ""4"": -2525888.975231422, ""5"": -2636341.754541543, ""6"": -2788977.1427211356, ""7"": -2858501.56364668, ""8"": -2882988.465056853}","[194294, 74922, 73297, 2498, 1859, 1430, 1029, 367]","[194294, 74922, 73297]","[3, 4, 5, 6, 7]","[2498, 1859, 1430, 1029, 367]",bic,-2882988.465056853,ok
detexture_ade20k_multi,feature_cluster_coarse_global_pooled_predicted_k,training,271,training_ADE_train_00012780,detexture_multi_partition_v1,multi_partition_invariant,0.376235023112862,0.41057579310180176,0.4510450996070464,3,8,5,0.0,0.7342834919472914,256776,349696,92920,5,3,True,hungarian_iou_assignment,"[0.6008027522935779, 0.0, 0.7807979053874146, 0.0, 0.49957445788331756]","[{""pred_label"": 0, ""gt_label"": 0, ""iou"": 0.6008027522935779}, {""pred_label"": 1, ""gt_label"": -1, ""iou"": 0.0}, {""pred_label"": 2, ""gt_label"": 2, ""iou"": 0.7807979053874146}, {""pred_label"": 3, ""gt_label"": -1, ""iou"": 0.0}, {""pred_label"": 4, ""gt_label"": 1, ""iou"": 0.49957445788331756}]",fpn_2,fpn_2,72x72,1,3,3,24x24,pooled_avg_pool_multi_way,False,False,False,silhouette,0.2571336030960083,"{""2"": 0.2567608952522278, ""3"": 0.2531876564025879, ""4"": 0.22865384817123413, ""5"": 0.2571336030960083, ""6"": 0.24794858694076538, ""7"": 0.24963733553886414, ""8"": 0.256939560174942}","[109106, 73477, 60302, 56320, 50491]",jpeg_color_clustering_bic,-1,5,92920,0.26571650805270863,8,3,30993,"{""1"": -754709.4759548006, ""2"": -835429.0996504109, ""3"": -895787.3633124209, ""4"": -1182080.0430328571, ""5"": -1238507.0435154485, ""6"": -1266808.925420332, ""7"": -1402363.488692862, ""8"": -1556662.3499184884}","[136121, 77460, 43195, 28933, 25261, 20356, 9564, 8806]","[136121, 77460, 43195]","[3, 4, 5, 6, 7]","[28933, 25261, 20356, 9564, 8806]",bic,-1556662.3499184884,ok
detexture_ade20k_multi,feature_cluster_coarse_global_pooled_predicted_k,training,272,training_ADE_train_00012785,detexture_multi_partition_v1,multi_partition_invariant,0.5487965229326957,0.6459258962044764,0.6571874268697492,3,8,2,0.0,0.8036179996339677,281022,349696,68674,2,3,True,hungarian_iou_assignment,"[0.7257763448158833, 0.9206132239822037, 0.0]","[{""pred_label"": 0, ""gt_label"": 0, ""iou"": 0.7257763448158833}, {""pred_label"": 1, ""gt_label"": 1, ""iou"": 0.9206132239822037}, {""pred_label"": -1, ""gt_label"": 2, ""iou"": 0.0}]",fpn_2,fpn_2,72x72,1,3,3,24x24,pooled_avg_pool_multi_way,False,False,False,silhouette,0.31610172986984253,"{""2"": 0.31610172986984253, ""3"": 0.2648058831691742, ""4"": 0.2914887070655823, ""5"": 0.3037682771682739, ""6"": 0.29723626375198364, ""7"": 0.2949400544166565, ""8"": 0.30236655473709106}","[219176, 130520]",jpeg_color_clustering_bic,-1,5,68674,0.1963820003660322,8,3,16267,"{""1"": -743894.5524973792, ""2"": -1060762.5983761635, ""3"": -1136762.427770667, ""4"": -1506628.1414621864, ""5"": -1623692.4535209662, ""6"": -1541216.241530639, ""7"": -1553291.957466366, ""8"": -2001489.543903329}","[125654, 103234, 52134, 38747, 17396, 9349, 1824, 1358]","[125654, 103234, 52134]","[3, 4, 5, 6, 7]","[38747, 17396, 9349, 1824, 1358]",bic,-2001489.543903329,ok
detexture_ade20k_multi,feature_cluster_coarse_global_pooled_predicted_k,training,273,training_ADE_train_00012828,detexture_multi_partition_v1,multi_partition_invariant,0.3283511947708454,0.3599752764176853,0.5273163296606296,2,8,5,0.0,0.8117507778184481,283866,349696,65830,5,2,True,hungarian_iou_assignment,"[0.6640358529335157, 0.0, 0.9777201209207113, 0.0, 0.0]","[{""pred_label"": 0, ""gt_label"": 0, ""iou"": 0.6640358529335157}, {""pred_label"": 1, ""gt_label"": -1, ""iou"": 0.0}, {""pred_label"": 2, ""gt_label"": 1, ""iou"": 0.9777201209207113}, {""pred_label"": 3, ""gt_label"": -1, ""iou"": 0.0}, {""pred_label"": 4, ""gt_label"": -1, ""iou"": 0.0}]",fpn_2,fpn_2,72x72,1,3,3,24x24,pooled_avg_pool_multi_way,False,False,False,silhouette,0.36337247490882874,"{""2"": 0.3002821207046509, ""3"": 0.3295068144798279, ""4"": 0.33919981122016907, ""5"": 0.36337247490882874, ""6"": 0.36190852522850037, ""7"": 0.33720338344573975, ""8"": 0.3234739303588867}","[161709, 64310, 47232, 41750, 34695]",jpeg_color_clustering_bic,-1,6,65830,0.188249222181552,8,2,11464,"{""1"": -893454.9371222433, ""2"": -1042947.7034182929, ""3"": -1135509.7003138796, ""4"": -1207949.2223596964, ""5"": -1451460.5142559751, ""6"": -1554272.968750482, ""7"": -1559637.5107686198, ""8"": -1560685.616351073}","[241877, 41989, 38659, 11477, 10177, 4196, 713, 608]","[241877, 41989]","[2, 3, 4, 5, 6, 7]","[38659, 11477, 10177, 4196, 713, 608]",bic,-1560685.616351073,ok
detexture_ade20k_multi,feature_cluster_coarse_global_pooled_predicted_k,training,274,training_ADE_train_00012854,detexture_multi_partition_v1,multi_partition_invariant,0.39158576315979277,0.671314229882321,0.7170126107228247,3,8,6,0.0,0.7315897236456809,255834,349696,93862,6,3,True,hungarian_iou_assignment,"[0.8818950204451438, 0.5470300538701446, 0.920589504643468, 0.0, 0.0, 0.0]","[{""pred_label"": 0, ""gt_label"": 1, ""iou"": 0.8818950204451438}, {""pred_label"": 1, ""gt_label"": 0, ""iou"": 0.5470300538701446}, {""pred_label"": 2, ""gt_label"": 2, ""iou"": 0.920589504643468}, {""pred_label"": 3, ""gt_label"": -1, ""iou"": 0.0}, {""pred_label"": 4, ""gt_label"": -1, ""iou"": 0.0}, {""pred_label"": 5, ""gt_label"": -1, ""iou"": 0.0}]",fpn_2,fpn_2,72x72,1,3,3,24x24,pooled_avg_pool_multi_way,False,False,False,silhouette,0.29678037762641907,"{""2"": 0.28292587399482727, ""3"": 0.2828165888786316, ""4"": 0.24694626033306122, ""5"": 0.2862616181373596, ""6"": 0.29678037762641907, ""7"": 0.27464261651039124, ""8"": 0.24157831072807312}","[77317, 64481, 64183, 61831, 56327, 25557]",jpeg_color_clustering_bic,-1,5,93862,0.2684102763543192,8,3,22012,"{""1"": -607827.4739842789, ""2"": -753148.4836553753, ""3"": -896892.611201004, ""4"": -1144319.520821239, ""5"": -1221990.2452469913, ""6"": -1258540.0759835215, ""7"": -1584374.2310971536, ""8"": -1604999.5858477931}","[111320, 81959, 62555, 33112, 30495, 18249, 9578, 2428]","[111320, 81959, 62555]","[3, 4, 5, 6, 7]","[33112, 30495, 18249, 9578, 2428]",bic,-1604999.5858477931,ok
detexture_ade20k_multi,feature_cluster_coarse_global_pooled_predicted_k,training,275,training_ADE_train_00012868,detexture_multi_partition_v1,multi_partition_invariant,0.514189025313185,0.630793423292673,0.6713445056039042,3,8,2,0.0,0.851067784590044,297615,349696,52081,2,3,True,hungarian_iou_assignment,"[0.5945875848084552, 0.9479794911310997, 0.0]","[{""pred_label"": 0, ""gt_label"": 1, ""iou"": 0.5945875848084552}, {""pred_label"": 1, ""gt_label"": 0, ""iou"": 0.9479794911310997}, {""pred_label"": -1, ""gt_label"": 2, ""iou"": 0.0}]",fpn_2,fpn_2,72x72,1,3,3,24x24,pooled_avg_pool_multi_way,False,False,False,silhouette,0.36775922775268555,"{""2"": 0.36775922775268555, ""3"": 0.3591105043888092, ""4"": 0.3338490128517151, ""5"": 0.32208845019340515, ""6"": 0.2973443567752838, ""7"": 0.2608836591243744, ""8"": 0.25285014510154724}","[210818, 138878]",jpeg_color_clustering_bic,-1,5,52081,0.14893221540995608,8,3,19237,"{""1"": -700514.3046609217, ""2"": -1130187.9282060768, ""3"": -1203129.6423610407, ""4"": -1321367.7689141177, ""5"": -1289041.9913554175, ""6"": -1448362.916971748, ""7"": -1449766.378656476, ""8"": -1849570.2771975272}","[134074, 101739, 61802, 39372, 5290, 4886, 2357, 176]","[134074, 101739, 61802]","[3, 4, 5, 6, 7]","[39372, 5290, 4886, 2357, 176]",bic,-1849570.2771975272,ok
detexture_ade20k_multi,feature_cluster_coarse_global_pooled_predicted_k,training,276,training_ADE_train_00012872,detexture_multi_partition_v1,multi_partition_invariant,0.3533166615489097,0.4215597165623774,0.6290339879649786,4,8,8,0.0,0.9022408034407028,315510,349696,34186,8,4,True,hungarian_iou_assignment,"[0.3123662228793904, 0.9005501156928546, 0.9175260028062986, 0.6960909510127345, 0.0, 0.0, 0.0, 0.0]","[{""pred_label"": 0, ""gt_label"": 0, ""iou"": 0.3123662228793904}, {""pred_label"": 1, ""gt_label"": 1, ""iou"": 0.9005501156928546}, {""pred_label"": 2, ""gt_label"": 3, ""iou"": 0.9175260028062986}, {""pred_label"": 3, ""gt_label"": 2, ""iou"": 0.6960909510127345}, {""pred_label"": 4, ""gt_label"": -1, ""iou"": 0.0}, {""pred_label"": 5, ""gt_label"": -1, ""iou"": 0.0}, {""pred_label"": 6, ""gt_label"": -1, ""iou"": 0.0}, {""pred_label"": 7, ""gt_label"": -1, ""iou"": 0.0}]",fpn_2,fpn_2,72x72,1,3,3,24x24,pooled_avg_pool_multi_way,False,False,False,silhouette,0.2743004560470581,"{""2"": 0.26374563574790955, ""3"": 0.21413707733154297, ""4"": 0.26799339056015015, ""5"": 0.25598546862602234, ""6"": 0.26382336020469666, ""7"": 0.26983603835105896, ""8"": 0.2743004560470581}","[65988, 60584, 46021, 46242, 43563, 40987, 25522, 20789]",jpeg_color_clustering_bic,-1,4,34186,0.09775919655929721,8,4,12666,"{""1"": -807124.8525376171, ""2"": -892110.223694794, ""3"": -1116583.407874736, ""4"": -1151174.6217164663, ""5"": -1523695.4677137674, ""6"": -1632344.4518395609, ""7"": -1662855.675936901, ""8"": -2532754.3707513534}","[156910, 64363, 50654, 43583, 17493, 8159, 6078, 2456]","[156910, 64363, 50654, 43583]","[4, 5, 6, 7]","[17493, 8159, 6078, 2456]",bic,-2532754.3707513534,ok
detexture_ade20k_multi,feature_cluster_coarse_global_pooled_predicted_k,training,277,training_ADE_train_00012901,detexture_multi_partition_v1,multi_partition_invariant,0.5927810396418232,0.7875271119566903,0.737020663487174,3,8,4,0.0,0.9670027681185944,338157,349696,11539,4,3,True,hungarian_iou_assignment,"[0.9743038532620883, 0.8331907872329153, 0.5636295180722891, 0.0]","[{""pred_label"": 0, ""gt_label"": 1, ""iou"": 0.9743038532620883}, {""pred_label"": 1, ""gt_label"": 0, ""iou"": 0.8331907872329153}, {""pred_label"": 2, ""gt_label"": 2, ""iou"": 0.5636295180722891}, {""pred_label"": 3, ""gt_label"": -1, ""iou"": 0.0}]",fpn_2,fpn_2,72x72,1,3,3,24x24,pooled_avg_pool_multi_way,False,False,False,silhouette,0.3659975230693817,"{""2"": 0.26041343808174133, ""3"": 0.2900063395500183, ""4"": 0.3659975230693817, ""5"": 0.3579392433166504, ""6"": 0.34038135409355164, ""7"": 0.3500524163246155, ""8"": 0.3234630227088928}","[128012, 115093, 65508, 41083]",jpeg_color_clustering_bic,-1,5,11539,0.03299723188140556,8,3,12640,"{""1"": -981002.5409860866, ""2"": -1229249.5831343941, ""3"": -1353045.4743139537, ""4"": -1368450.150726564, ""5"": -1369892.9730363889, ""6"": -1376896.0724697001, ""7"": -2506692.4712827443, ""8"": -2568035.768182998}","[132028, 128668, 77461, 6694, 3006, 1100, 610, 129]","[132028, 128668, 77461]","[3, 4, 5, 6, 7]","[6694, 3006, 1100, 610, 129]",bic,-2568035.768182998,ok
detexture_ade20k_multi,feature_cluster_coarse_global_pooled_predicted_k,training,278,training_ADE_train_00012950,detexture_multi_partition_v1,multi_partition_invariant,0.6134257476448696,0.6778363029738905,0.7039697604751569,5,8,6,0.0,0.9111256634333821,318617,349696,31079,6,5,True,hungarian_iou_assignment,"[0.7446353534410309, 0.9361447447170941, 0.7621049753029449, 0.6653237644756157, 0.572345647932532, 0.0]","[{""pred_label"": 0, ""gt_label"": 0, ""iou"": 0.7446353534410309}, {""pred_label"": 1, ""gt_label"": 1, ""iou"": 0.9361447447170941}, {""pred_label"": 2, ""gt_label"": 3, ""iou"": 0.7621049753029449}, {""pred_label"": 3, ""gt_label"": 2, ""iou"": 0.6653237644756157}, {""pred_label"": 4, ""gt_label"": 4, ""iou"": 0.572345647932532}, {""pred_label"": 5, ""gt_label"": -1, ""iou"": 0.0}]",fpn_2,fpn_2,72x72,1,3,3,24x24,pooled_avg_pool_multi_way,False,False,False,silhouette,0.29645922780036926,"{""2"": 0.29025840759277344, ""3"": 0.2529807686805725, ""4"": 0.2695887088775635, ""5"": 0.2508099675178528, ""6"": 0.29645922780036926, ""7"": 0.29191353917121887, ""8"": 0.2716933488845825}","[80852, 64182, 63334, 48472, 47855, 45001]",jpeg_color_clustering_bic,-1,3,31079,0.08887433656661786,8,5,18950,"{""1"": -720178.1234075405, ""2"": -843779.8949485915, ""3"": -974240.086992397, ""4"": -1057617.5007959777, ""5"": -1184682.3405551745, ""6"": -1438068.0896095482, ""7"": -1659102.375837142, ""8"": -1886313.346571418}","[106677, 64573, 57078, 46094, 44195, 17784, 6814, 6481]","[106677, 64573, 57078, 46094, 44195]","[5, 6, 7]","[17784, 6814, 6481]",bic,-1886313.346571418,ok
detexture_ade20k_multi,feature_cluster_coarse_global_pooled_predicted_k,training,279,training_ADE_train_00012988,detexture_multi_partition_v1,multi_partition_invariant,0.4184395009093951,0.08514531702300726,0.17349227900637146,2,8,2,1.0,0.7763824462890625,50881,65536,14655,2,2,True,hungarian_iou_assignment,"[0.6106781664550589, 0.22620083536373128]","[{""pred_label"": 0, ""gt_label"": 0, ""iou"": 0.6106781664550589}, {""pred_label"": 1, ""gt_label"": 1, ""iou"": 0.22620083536373128}]",fpn_2,fpn_2,72x72,1,3,3,24x24,pooled_avg_pool_multi_way,False,False,False,silhouette,0.36067652702331543,"{""2"": 0.36067652702331543, ""3"": 0.2627636194229126, ""4"": 0.2584303915500641, ""5"": 0.22954055666923523, ""6"": 0.2281368523836136, ""7"": 0.24780705571174622, ""8"": 0.23616009950637817}","[48025, 17511]",jpeg_color_clustering_bic,-1,6,14655,0.2236175537109375,8,2,6559,"{""1"": -117019.16767008655, ""2"": -127671.2561598358, ""3"": -270043.95374947536, ""4"": -291671.6728953705, ""5"": -407813.7420962133, ""6"": -415581.90123488085, ""7"": -432960.7973808405, ""8"": -450679.86634770554}","[27897, 22984, 5399, 4150, 2145, 1410, 847, 704]","[27897, 22984]","[2, 3, 4, 5, 6, 7]","[5399, 4150, 2145, 1410, 847, 704]",bic,-450679.86634770554,ok
detexture_ade20k_multi,feature_cluster_coarse_global_pooled_predicted_k,training,280,training_ADE_train_00012994,detexture_multi_partition_v1,multi_partition_invariant,0.7846133775347838,0.7282175712176886,0.7172966264051507,4,8,4,1.0,0.8262545787545788,270681,327600,56919,4,4,True,hungarian_iou_assignment,"[0.8352697003493585, 0.9586606730244087, 0.7592619195837125, 0.5852612171816554]","[{""pred_label"": 0, ""gt_label"": 0, ""iou"": 0.8352697003493585}, {""pred_label"": 1, ""gt_label"": 2, ""iou"": 0.9586606730244087}, {""pred_label"": 2, ""gt_label"": 1, ""iou"": 0.7592619195837125}, {""pred_label"": 3, ""gt_label"": 3, ""iou"": 0.5852612171816554}]",fpn_2,fpn_2,72x72,1,3,3,24x24,pooled_avg_pool_multi_way,False,False,False,silhouette,0.30289357900619507,"{""2"": 0.2997889220714569, ""3"": 0.2873096466064453, ""4"": 0.30289357900619507, ""5"": 0.2603849172592163, ""6"": 0.22768715023994446, ""7"": 0.25057581067085266, ""8"": 0.24841086566448212}","[114567, 80083, 69302, 63648]",jpeg_color_clustering_bic,-1,4,56919,0.17374542124542125,8,4,22780,"{""1"": -587628.6225998105, ""2"": -723847.2868693799, ""3"": -1095649.4545534905, ""4"": -1161869.300337178, ""5"": -1333999.616852616, ""6"": -1493869.7035909756, ""7"": -1738350.956724286, ""8"": -1745865.8790595382}","[134656, 48468, 46823, 40734, 31087, 23046, 2498, 288]","[134656, 48468, 46823, 40734]","[4, 5, 6, 7]","[31087, 23046, 2498, 288]",bic,-1745865.8790595382,ok
detexture_ade20k_multi,feature_cluster_coarse_global_pooled_predicted_k,training,281,training_ADE_train_00013000,detexture_multi_partition_v1,multi_partition_invariant,0.47531558664022827,0.7327113592769429,0.6928064282852748,4,8,6,0.0,0.915557861328125,60002,65536,5534,6,4,True,hungarian_iou_assignment,"[0.9813949050663104, 0.7183580387685291, 0.5088468578401464, 0.6432937181663837, 0.0, 0.0]","[{""pred_label"": 0, ""gt_label"": 0, ""iou"": 0.9813949050663104}, {""pred_label"": 1, ""gt_label"": 1, ""iou"": 0.7183580387685291}, {""pred_label"": 2, ""gt_label"": 2, ""iou"": 0.5088468578401464}, {""pred_label"": 3, ""gt_label"": 3, ""iou"": 0.6432937181663837}, {""pred_label"": 4, ""gt_label"": -1, ""iou"": 0.0}, {""pred_label"": 5, ""gt_label"": -1, ""iou"": 0.0}]",fpn_2,fpn_2,72x72,1,3,3,24x24,pooled_avg_pool_multi_way,False,False,False,silhouette,0.3779444396495819,"{""2"": 0.31845012307167053, ""3"": 0.30286380648612976, ""4"": 0.32483890652656555, ""5"": 0.3353727161884308, ""6"": 0.3779444396495819, ""7"": 0.3769535422325134, ""8"": 0.36421382427215576}","[21312, 11462, 9799, 8580, 8303, 6080]",jpeg_color_clustering_bic,-1,4,5534,0.084442138671875,8,4,4763,"{""1"": -124016.7342499261, ""2"": -126927.23957681557, ""3"": -220764.1116398477, ""4"": -283114.60042863194, ""5"": -284401.6227415504, ""6"": -308466.1411738579, ""7"": -460505.3394722465, ""8"": -466329.2943321326}","[20832, 15701, 12485, 10984, 4532, 458, 414, 130]","[20832, 15701, 12485, 10984]","[4, 5, 6, 7]","[4532, 458, 414, 130]",bic,-466329.2943321326,ok
detexture_ade20k_multi,feature_cluster_coarse_global_pooled_predicted_k,training,282,training_ADE_train_00013042,detexture_multi_partition_v1,multi_partition_invariant,0.39298649818477555,0.33692958172416854,0.4311409301700938,3,8,2,0.0,0.857330322265625,56186,65536,9350,2,3,True,hungarian_iou_assignment,"[0.5093461803165864, 0.6696133142377402, 0.0]","[{""pred_label"": 0, ""gt_label"": 1, ""iou"": 0.5093461803165864}, {""pred_label"": 1, ""gt_label"": 2, ""iou"": 0.6696133142377402}, {""pred_label"": -1, ""gt_label"": 0, ""iou"": 0.0}]",fpn_2,fpn_2,72x72,1,3,3,24x24,pooled_avg_pool_multi_way,False,False,False,silhouette,0.24080663919448853,"{""2"": 0.24080663919448853, ""3"": 0.20967541635036469, ""4"": 0.1904834359884262, ""5"": 0.19341284036636353, ""6"": 0.20838963985443115, ""7"": 0.22008034586906433, ""8"": 0.20386841893196106}","[43637, 21899]",jpeg_color_clustering_bic,-1,5,9350,0.142669677734375,8,3,8419,"{""1"": -157578.35652541544, ""2"": -197055.97354419317, ""3"": -226188.68311712996, ""4"": -235048.44914981475, ""5"": -245300.578097592, ""6"": -339492.19415151177, ""7"": -341613.12800731626, ""8"": -434828.4741009475}","[23737, 18529, 13920, 4093, 2925, 1187, 775, 370]","[23737, 18529, 13920]","[3, 4, 5, 6, 7]","[4093, 2925, 1187, 775, 370]",bic,-434828.4741009475,ok
detexture_ade20k_multi,feature_cluster_coarse_global_pooled_predicted_k,training,283,training_ADE_train_00013067,detexture_multi_partition_v1,multi_partition_invariant,0.5148636753945454,0.5078408636889837,0.6761848385058763,3,8,2,0.0,0.72267626738653,252717,349696,96979,2,3,True,hungarian_iou_assignment,"[0.5590613690740163, 0.9855296571096199, 0.0]","[{""pred_label"": 0, ""gt_label"": 0, ""iou"": 0.5590613690740163}, {""pred_label"": 1, ""gt_label"": 2, ""iou"": 0.9855296571096199}, {""pred_label"": -1, ""gt_label"": 1, ""iou"": 0.0}]",fpn_2,fpn_2,72x72,1,3,3,24x24,pooled_avg_pool_multi_way,False,False,False,silhouette,0.3053135871887207,"{""2"": 0.3053135871887207, ""3"": 0.257448673248291, ""4"": 0.24667692184448242, ""5"": 0.26970362663269043, ""6"": 0.2720045745372772, ""7"": 0.2560043931007385, ""8"": 0.28093913197517395}","[250302, 99394]",jpeg_color_clustering_bic,-1,5,96979,0.27732373261347,8,3,19253,"{""1"": -641446.1037854614, ""2"": -819748.4789406742, ""3"": -978786.1524234313, ""4"": -1108888.1397427116, ""5"": -1318242.4753527115, ""6"": -1418091.500334666, ""7"": -1469577.8538701183, ""8"": -1906171.0363769035}","[102533, 80715, 69469, 41846, 29333, 14369, 11002, 429]","[102533, 80715, 69469]","[3, 4, 5, 6, 7]","[41846, 29333, 14369, 11002, 429]",bic,-1906171.0363769035,ok
detexture_ade20k_multi,feature_cluster_coarse_global_pooled_predicted_k,training,284,training_ADE_train_00013076,detexture_multi_partition_v1,multi_partition_invariant,0.4258492009041877,0.6308586428722368,0.7422134873607701,4,8,7,0.0,0.85546875,53217,62208,8991,7,4,True,hungarian_iou_assignment,"[0.548351034097261, 0.6644686978929817, 0.0, 0.9701997252456938, 0.7979249490933773, 0.0, 0.0]","[{""pred_label"": 0, ""gt_label"": 0, ""iou"": 0.548351034097261}, {""pred_label"": 1, ""gt_label"": 1, ""iou"": 0.6644686978929817}, {""pred_label"": 2, ""gt_label"": -1, ""iou"": 0.0}, {""pred_label"": 3, ""gt_label"": 3, ""iou"": 0.9701997252456938}, {""pred_label"": 4, ""gt_label"": 2, ""iou"": 0.7979249490933773}, {""pred_label"": 5, ""gt_label"": -1, ""iou"": 0.0}, {""pred_label"": 6, ""gt_label"": -1, ""iou"": 0.0}]",fpn_2,fpn_2,72x72,1,3,3,24x24,pooled_avg_pool_multi_way,False,False,False,silhouette,0.2765220105648041,"{""2"": 0.26723966002464294, ""3"": 0.2307857871055603, ""4"": 0.2697296738624573, ""5"": 0.25300830602645874, ""6"": 0.2647402882575989, ""7"": 0.2765220105648041, ""8"": 0.265078604221344}","[11880, 11448, 9612, 9504, 9180, 7884, 2700]",jpeg_color_clustering_bic,-1,4,8991,0.14453125,8,4,8257,"{""1"": -120715.57366579259, ""2"": -128421.71830173237, ""3"": -180255.78033303627, ""4"": -205643.42396366308, ""5"": -243197.53794143937, ""6"": -357991.8438894491, ""7"": -382769.5756104093, ""8"": -396669.68949876743}","[21468, 12218, 10108, 9423, 4922, 2018, 1161, 890]","[21468, 12218, 10108, 9423]","[4, 5, 6, 7]","[4922, 2018, 1161, 890]",bic,-396669.68949876743,ok
detexture_ade20k_multi,feature_cluster_coarse_global_pooled_predicted_k,training,285,training_ADE_train_00013137,detexture_multi_partition_v1,multi_partition_invariant,0.4005541536810447,0.40483380926749923,0.42345355163340426,3,8,2,0.0,0.8888702392578125,58253,65536,7283,2,3,True,hungarian_iou_assignment,"[0.4162885662431942, 0.78537389479994, 0.0]","[{""pred_label"": 0, ""gt_label"": 2, ""iou"": 0.4162885662431942}, {""pred_label"": 1, ""gt_label"": 0, ""iou"": 0.78537389479994}, {""pred_label"": -1, ""gt_label"": 1, ""iou"": 0.0}]",fpn_2,fpn_2,72x72,1,3,3,24x24,pooled_avg_pool_multi_way,False,False,False,silhouette,0.2221183478832245,"{""2"": 0.2221183478832245, ""3"": 0.1996011584997177, ""4"": 0.186187744140625, ""5"": 0.20758402347564697, ""6"": 0.18268652260303497, ""7"": 0.19855274260044098, ""8"": 0.20449066162109375}","[32903, 32633]",jpeg_color_clustering_bic,-1,5,7283,0.1111297607421875,8,3,6817,"{""1"": -175275.47223134746, ""2"": -202739.4901832803, ""3"": -250634.0885633993, ""4"": -207560.3757897142, ""5"": -269487.76448566135, ""6"": -346485.32267595065, ""7"": -350719.3655557443, ""8"": -461188.40982499137}","[32172, 13236, 12845, 3977, 1644, 1106, 330, 226]","[32172, 13236, 12845]","[3, 4, 5, 6, 7]","[3977, 1644, 1106, 330, 226]",bic,-461188.40982499137,ok
detexture_ade20k_multi,feature_cluster_coarse_global_pooled_predicted_k,training,286,training_ADE_train_00013149,detexture_multi_partition_v1,multi_partition_invariant,0.9628908666084308,0.9330953518174171,0.8792704725727057,2,8,2,1.0,0.8866137763001548,147740,166634,18894,2,2,True,hungarian_iou_assignment,"[0.9751922326990571, 0.9505895005178046]","[{""pred_label"": 0, ""gt_label"": 0, ""iou"": 0.9751922326990571}, {""pred_label"": 1, ""gt_label"": 1, ""iou"": 0.9505895005178046}]",fpn_2,fpn_2,72x72,1,3,3,24x24,pooled_avg_pool_multi_way,False,False,False,silhouette,0.2499704360961914,"{""2"": 0.2499704360961914, ""3"": 0.239181250333786, ""4"": 0.19084182381629944, ""5"": 0.22686372697353363, ""6"": 0.22113066911697388, ""7"": 0.20947183668613434, ""8"": 0.23536157608032227}","[99417, 67217]",jpeg_color_clustering_bic,-1,6,18894,0.11338622369984518,8,2,5356,"{""1"": -393657.44260842097, ""2"": -408589.68003670976, ""3"": -584524.149331046, ""4"": -1165375.3013468364, ""5"": -1203547.49348764, ""6"": -1257471.5973093703, ""7"": -1339621.4473065257, ""8"": -1352026.400034039}","[99853, 47887, 14747, 1303, 1263, 728, 632, 221]","[99853, 47887]","[2, 3, 4, 5, 6, 7]","[14747, 1303, 1263, 728, 632, 221]",bic,-1352026.400034039,ok
detexture_ade20k_multi,feature_cluster_coarse_global_pooled_predicted_k,training,287,training_ADE_train_00013165,detexture_multi_partition_v1,multi_partition_invariant,0.30934033611778405,0.5151646386614448,0.5268174315367248,3,8,6,0.0,0.8338490745135263,87846,105350,17504,6,3,True,hungarian_iou_assignment,"[0.8839315768536369, 0.0, 0.5433407420071807, 0.4287696978458869, 0.0, 0.0]","[{""pred_label"": 0, ""gt_label"": 1, ""iou"": 0.8839315768536369}, {""pred_label"": 1, ""gt_label"": -1, ""iou"": 0.0}, {""pred_label"": 2, ""gt_label"": 2, ""iou"": 0.5433407420071807}, {""pred_label"": 3, ""gt_label"": 0, ""iou"": 0.4287696978458869}, {""pred_label"": 4, ""gt_label"": -1, ""iou"": 0.0}, {""pred_label"": 5, ""gt_label"": -1, ""iou"": 0.0}]",fpn_2,fpn_2,72x72,1,3,3,24x24,pooled_avg_pool_multi_way,False,False,False,silhouette,0.3078911006450653,"{""2"": 0.24422141909599304, ""3"": 0.26473167538642883, ""4"": 0.27779754996299744, ""5"": 0.2699146866798401, ""6"": 0.3078911006450653, ""7"": 0.2984815835952759, ""8"": 0.28537777066230774}","[31623, 17126, 17063, 15464, 13185, 10889]",jpeg_color_clustering_bic,-1,5,17504,0.16615092548647367,8,3,7425,"{""1"": -248461.11977661977, ""2"": -263616.53203376004, ""3"": -334495.6928235887, ""4"": -404083.67961405026, ""5"": -404949.48684788606, ""6"": -435813.2669651816, ""7"": -585193.4953317334, ""8"": -586910.4780991296}","[34080, 30574, 23192, 11400, 4068, 1448, 360, 228]","[34080, 30574, 23192]","[3, 4, 5, 6, 7]","[11400, 4068, 1448, 360, 228]",bic,-586910.4780991296,ok
detexture_ade20k_multi,feature_cluster_coarse_global_pooled_predicted_k,training,288,training_ADE_train_00013206,detexture_multi_partition_v1,multi_partition_invariant,0.5893940432060019,0.6896946073724926,0.7124010108419615,4,8,3,0.0,0.9250112460638776,82252,88920,6668,3,4,True,hungarian_iou_assignment,"[0.5994596420128335, 0.8981715893108299, 0.8599449415003441, 0.0]","[{""pred_label"": 0, ""gt_label"": 1, ""iou"": 0.5994596420128335}, {""pred_label"": 1, ""gt_label"": 0, ""iou"": 0.8981715893108299}, {""pred_label"": 2, ""gt_label"": 3, ""iou"": 0.8599449415003441}, {""pred_label"": -1, ""gt_label"": 2, ""iou"": 0.0}]",fpn_2,fpn_2,72x72,1,3,3,24x24,pooled_avg_pool_multi_way,False,False,False,silhouette,0.3036249876022339,"{""2"": 0.29761606454849243, ""3"": 0.3036249876022339, ""4"": 0.2555379271507263, ""5"": 0.23509886860847473, ""6"": 0.25246864557266235, ""7"": 0.23711508512496948, ""8"": 0.2693117558956146}","[40605, 37800, 10515]",jpeg_color_clustering_bic,-1,4,6668,0.07498875393612235,8,4,7823,"{""1"": -175526.07592766028, ""2"": -212079.3490605955, ""3"": -229796.68984441826, ""4"": -284414.23810959526, ""5"": -297581.9464148676, ""6"": -549678.4648589042, ""7"": -576084.6871669751, ""8"": -583381.2254868182}","[37464, 21513, 11824, 11451, 3672, 1458, 1090, 448]","[37464, 21513, 11824, 11451]","[4, 5, 6, 7]","[3672, 1458, 1090, 448]",bic,-583381.2254868182,ok
detexture_ade20k_multi,feature_cluster_coarse_global_pooled_predicted_k,training,289,training_ADE_train_00013235,detexture_multi_partition_v1,multi_partition_invariant,0.27742443515905724,0.17714877712491894,0.27259086774942604,2,8,4,0.0,0.6417,77004,120000,42996,4,2,True,hungarian_iou_assignment,"[0.6325704059527173, 0.0, 0.47712733468351176, 0.0]","[{""pred_label"": 0, ""gt_label"": 1, ""iou"": 0.6325704059527173}, {""pred_label"": 1, ""gt_label"": -1, ""iou"": 0.0}, {""pred_label"": 2, ""gt_label"": 0, ""iou"": 0.47712733468351176}, {""pred_label"": 3, ""gt_label"": -1, ""iou"": 0.0}]",fpn_2,fpn_2,72x72,1,3,3,24x24,pooled_avg_pool_multi_way,False,False,False,silhouette,0.27139976620674133,"{""2"": 0.2407231628894806, ""3"": 0.24126966297626495, ""4"": 0.27139976620674133, ""5"": 0.2675214409828186, ""6"": 0.2590872049331665, ""7"": 0.2668672800064087, ""8"": 0.2604614496231079}","[37366, 34917, 30967, 16750]",jpeg_color_clustering_bic,-1,6,42996,0.3583,8,2,20113,"{""1"": -250848.01140497948, ""2"": -269897.30007147614, ""3"": -351769.51157372963, ""4"": -403638.5782041822, ""5"": -440785.5301293178, ""6"": -451057.82368641323, ""7"": -464122.12132503727, ""8"": -484243.170535104}","[61939, 15065, 11543, 10414, 9711, 6029, 3931, 1368]","[61939, 15065]","[2, 3, 4, 5, 6, 7]","[11543, 10414, 9711, 6029, 3931, 1368]",bic,-484243.170535104,ok
detexture_ade20k_multi,feature_cluster_coarse_global_pooled_predicted_k,training,290,training_ADE_train_00013246,detexture_multi_partition_v1,multi_partition_invariant,0.4804205013598768,0.37919370259956653,0.5316253290298989,4,8,4,1.0,0.976226806640625,63978,65536,1558,4,4,True,hungarian_iou_assignment,"[0.057408975444538525, 0.49441476444876153, 0.937708903068976, 0.43214936247723135]","[{""pred_label"": 0, ""gt_label"": 3, ""iou"": 0.057408975444538525}, {""pred_label"": 1, ""gt_label"": 0, ""iou"": 0.49441476444876153}, {""pred_label"": 2, ""gt_label"": 2, ""iou"": 0.937708903068976}, {""pred_label"": 3, ""gt_label"": 1, ""iou"": 0.43214936247723135}]",fpn_2,fpn_2,72x72,1,3,3,24x24,pooled_avg_pool_multi_way,False,False,False,silhouette,0.23010137677192688,"{""2"": 0.2270907312631607, ""3"": 0.2211543619632721, ""4"": 0.23010137677192688, ""5"": 0.22074711322784424, ""6"": 0.22554737329483032, ""7"": 0.22528208792209625, ""8"": 0.20890061557292938}","[23522, 22139, 10002, 9873]",jpeg_color_clustering_bic,-1,4,1558,0.023773193359375,8,4,5402,"{""1"": -157266.89700102533, ""2"": -164861.03039539309, ""3"": -205552.84928933898, ""4"": -272146.4747921926, ""5"": -272866.84242748586, ""6"": -481944.57070517907, ""7"": -490298.24061823904, ""8"": -494013.3009603475}","[24726, 21647, 9376, 8229, 551, 534, 284, 189]","[24726, 21647, 9376, 8229]","[4, 5, 6, 7]","[551, 534, 284, 189]",bic,-494013.3009603475,ok
detexture_ade20k_multi,feature_cluster_coarse_global_pooled_predicted_k,training,291,training_ADE_train_00013286,detexture_multi_partition_v1,multi_partition_invariant,0.20395834229579898,0.1450764829644614,0.1943064956335019,4,8,2,0.0,0.874,104880,120000,15120,2,4,True,hungarian_iou_assignment,"[0.4096779105014741, 0.4061554586817218, 0.0, 0.0]","[{""pred_label"": 0, ""gt_label"": 0, ""iou"": 0.4096779105014741}, {""pred_label"": 1, ""gt_label"": 3, ""iou"": 0.4061554586817218}, {""pred_label"": -1, ""gt_label"": 1, ""iou"": 0.0}, {""pred_label"": -1, ""gt_label"": 2, ""iou"": 0.0}]",fpn_2,fpn_2,72x72,1,3,3,24x24,pooled_avg_pool_multi_way,False,False,False,silhouette,0.28853145241737366,"{""2"": 0.28853145241737366, ""3"": 0.19050520658493042, ""4"": 0.19903689622879028, ""5"": 0.2028546780347824, ""6"": 0.20467005670070648, ""7"": 0.1913267970085144, ""8"": 0.19835969805717468}","[63916, 56084]",jpeg_color_clustering_bic,-1,4,15120,0.126,8,4,15623,"{""1"": -227601.3022602151, ""2"": -261754.82590220706, ""3"": -315658.13795804715, ""4"": -417281.8381643503, ""5"": -368216.94196253875, ""6"": -477765.91180435626, ""7"": -552149.3402032359, ""8"": -600316.8653375147}","[38908, 26075, 22811, 17086, 5560, 3796, 3237, 2527]","[38908, 26075, 22811, 17086]","[4, 5, 6, 7]","[5560, 3796, 3237, 2527]",bic,-600316.8653375147,ok
detexture_ade20k_multi,feature_cluster_coarse_global_pooled_predicted_k,training,292,training_ADE_train_00013297,detexture_multi_partition_v1,multi_partition_invariant,0.6093767115284908,0.8087142189773124,0.7175615235419145,2,8,3,0.0,0.7975921630859375,52271,65536,13265,3,2,True,hungarian_iou_assignment,"[0.91595756139595, 0.9121725731895224, 0.0]","[{""pred_label"": 0, ""gt_label"": 0, ""iou"": 0.91595756139595}, {""pred_label"": 1, ""gt_label"": 1, ""iou"": 0.9121725731895224}, {""pred_label"": 2, ""gt_label"": -1, ""iou"": 0.0}]",fpn_2,fpn_2,72x72,1,3,3,24x24,pooled_avg_pool_multi_way,False,False,False,silhouette,0.3447844088077545,"{""2"": 0.2913271188735962, ""3"": 0.3447844088077545, ""4"": 0.3215983510017395, ""5"": 0.31336528062820435, ""6"": 0.238172709941864, ""7"": 0.22380352020263672, ""8"": 0.22521914541721344}","[35733, 17803, 12000]",jpeg_color_clustering_bic,-1,6,13265,0.2024078369140625,8,2,6069,"{""1"": -143470.93538323246, ""2"": -180971.7162236083, ""3"": -242132.75241901836, ""4"": -384727.1112147809, ""5"": -274926.1519963941, ""6"": -456166.6105735648, ""7"": -474416.23456973245, ""8"": -482016.7404992647}","[36883, 15388, 7248, 3050, 1217, 932, 424, 394]","[36883, 15388]","[2, 3, 4, 5, 6, 7]","[7248, 3050, 1217, 932, 424, 394]",bic,-482016.7404992647,ok
detexture_ade20k_multi,feature_cluster_coarse_global_pooled_predicted_k,training,293,training_ADE_train_00013310,detexture_multi_partition_v1,multi_partition_invariant,0.33336508964807654,-0.10669132270028638,0.07403425509515851,2,8,2,1.0,0.8008270263671875,52483,65536,13053,2,2,True,hungarian_iou_assignment,"[0.6667301792961531, 0.0]","[{""pred_label"": 0, ""gt_label"": 0, ""iou"": 0.6667301792961531}, {""pred_label"": 1, ""gt_label"": 1, ""iou"": 0.0}]",fpn_2,fpn_2,72x72,1,3,3,24x24,pooled_avg_pool_multi_way,False,False,False,silhouette,0.3232317566871643,"{""2"": 0.3232317566871643, ""3"": 0.27808257937431335, ""4"": 0.2676854133605957, ""5"": 0.2634677588939667, ""6"": 0.2552946209907532, ""7"": 0.2558647096157074, ""8"": 0.2518143653869629}","[47840, 17696]",jpeg_color_clustering_bic,-1,6,13053,0.1991729736328125,8,2,10090,"{""1"": -136804.53705155823, ""2"": -152930.08553762917, ""3"": -240719.41360123013, ""4"": -314723.94190131046, ""5"": -323783.5143689386, ""6"": -371728.5761197956, ""7"": -390187.0428747804, ""8"": -402712.49206133984}","[42985, 9498, 4476, 3218, 2236, 2018, 780, 325]","[42985, 9498]","[2, 3, 4, 5, 6, 7]","[4476, 3218, 2236, 2018, 780, 325]",bic,-402712.49206133984,ok
detexture_ade20k_multi,feature_cluster_coarse_global_pooled_predicted_k,training,294,training_ADE_train_00013339,detexture_multi_partition_v1,multi_partition_invariant,0.8143972619536218,0.7418937392192292,0.7036079925248068,3,8,3,1.0,0.90615,54369,60000,5631,3,3,True,hungarian_iou_assignment,"[0.8597721636701798, 0.6905322386174427, 0.892887383573243]","[{""pred_label"": 0, ""gt_label"": 0, ""iou"": 0.8597721636701798}, {""pred_label"": 1, ""gt_label"": 2, ""iou"": 0.6905322386174427}, {""pred_label"": 2, ""gt_label"": 1, ""iou"": 0.892887383573243}]",fpn_2,fpn_2,72x72,1,3,3,24x24,pooled_avg_pool_multi_way,False,False,False,silhouette,0.3586135804653168,"{""2"": 0.30848249793052673, ""3"": 0.3586135804653168, ""4"": 0.3246000111103058, ""5"": 0.2975504994392395, ""6"": 0.2758291959762573, ""7"": 0.27849048376083374, ""8"": 0.23310118913650513}","[24679, 20121, 15200]",jpeg_color_clustering_bic,-1,5,5631,0.09385,8,3,6846,"{""1"": -89407.49508429877, ""2"": -130482.06304329316, ""3"": -162485.33883641183, ""4"": -291651.1070454407, ""5"": -303822.9594617497, ""6"": -306414.21937939257, ""7"": -308089.38110393053, ""8"": -308262.94490983133}","[23666, 16534, 14169, 4710, 412, 329, 141, 39]","[23666, 16534, 14169]","[3, 4, 5, 6, 7]","[4710, 412, 329, 141, 39]",bic,-308262.94490983133,ok
detexture_ade20k_multi,feature_cluster_coarse_global_pooled_predicted_k,training,295,training_ADE_train_00013360,detexture_multi_partition_v1,multi_partition_invariant,0.3804968882546446,0.4684310658616808,0.6412289318992261,3,8,6,0.0,0.946727109053498,29447,31104,1657,6,3,True,hungarian_iou_assignment,"[0.8836038756763559, 0.43500177914838095, 0.0, 0.9643756747031306, 0.0, 0.0]","[{""pred_label"": 0, ""gt_label"": 1, ""iou"": 0.8836038756763559}, {""pred_label"": 1, ""gt_label"": 0, ""iou"": 0.43500177914838095}, {""pred_label"": 2, ""gt_label"": -1, ""iou"": 0.0}, {""pred_label"": 3, ""gt_label"": 2, ""iou"": 0.9643756747031306}, {""pred_label"": 4, ""gt_label"": -1, ""iou"": 0.0}, {""pred_label"": 5, ""gt_label"": -1, ""iou"": 0.0}]",fpn_2,fpn_2,72x72,1,3,3,24x24,pooled_avg_pool_multi_way,False,False,False,silhouette,0.3290032148361206,"{""2"": 0.27068108320236206, ""3"": 0.3040917217731476, ""4"": 0.2608135938644409, ""5"": 0.3167429566383362, ""6"": 0.3290032148361206, ""7"": 0.2988966405391693, ""8"": 0.28671085834503174}","[8316, 7560, 6264, 5670, 1728, 1566]",jpeg_color_clustering_bic,-1,5,1657,0.05327289094650206,8,3,3557,"{""1"": -60999.67094063731, ""2"": -64109.260575307686, ""3"": -113789.76964314193, ""4"": -185062.76630801568, ""5"": -194724.13524861078, ""6"": -209317.26550268708, ""7"": -214162.02841964856, ""8"": -216048.65624503294}","[16759, 7136, 5552, 648, 443, 301, 192, 73]","[16759, 7136, 5552]","[3, 4, 5, 6, 7]","[648, 443, 301, 192, 73]",bic,-216048.65624503294,ok
detexture_ade20k_multi,feature_cluster_coarse_global_pooled_predicted_k,training,296,training_ADE_train_00013375,detexture_multi_partition_v1,multi_partition_invariant,0.45836629986062366,0.72590742779278,0.7185101032594691,5,8,8,0.0,0.8864177780869081,254885,287545,32660,8,5,True,hungarian_iou_assignment,"[0.92421280028439, 0.699173076923077, 0.6898940134891923, 0.8919409366610321, 0.0, 0.46170957152729786, 0.0, 0.0]","[{""pred_label"": 0, ""gt_label"": 0, ""iou"": 0.92421280028439}, {""pred_label"": 1, ""gt_label"": 2, ""iou"": 0.699173076923077}, {""pred_label"": 2, ""gt_label"": 1, ""iou"": 0.6898940134891923}, {""pred_label"": 3, ""gt_label"": 4, ""iou"": 0.8919409366610321}, {""pred_label"": 4, ""gt_label"": -1, ""iou"": 0.0}, {""pred_label"": 5, ""gt_label"": 3, ""iou"": 0.46170957152729786}, {""pred_label"": 6, ""gt_label"": -1, ""iou"": 0.0}, {""pred_label"": 7, ""gt_label"": -1, ""iou"": 0.0}]",fpn_2,fpn_2,72x72,1,3,3,24x24,pooled_avg_pool_multi_way,False,False,False,silhouette,0.3001967966556549,"{""2"": 0.291739821434021, ""3"": 0.26536643505096436, ""4"": 0.24505631625652313, ""5"": 0.2558738887310028, ""6"": 0.2530822157859802, ""7"": 0.2655564546585083, ""8"": 0.3001967966556549}","[69543, 40022, 38043, 37297, 31424, 27068, 25373, 18775]",jpeg_color_clustering_bic,-1,3,32660,0.11358222191309186,8,5,12234,"{""1"": -440634.81827910285, ""2"": -647581.8848842179, ""3"": -833397.3582329229, ""4"": -1141869.2138275886, ""5"": -1166592.838752729, ""6"": -1284808.5711580382, ""7"": -1946971.3113108412, ""8"": -2039997.3579262423}","[71268, 54938, 48530, 41303, 38846, 29627, 1982, 1051]","[71268, 54938, 48530, 41303, 38846]","[5, 6, 7]","[29627, 1982, 1051]",bic,-2039997.3579262423,ok
detexture_ade20k_multi,feature_cluster_coarse_global_pooled_predicted_k,training,297,training_ADE_train_00013380,detexture_multi_partition_v1,multi_partition_invariant,0.5291194179578185,0.5802074976367401,0.642729920308847,3,8,4,0.0,0.9460199004975124,38030,40200,2170,4,3,True,hungarian_iou_assignment,"[0.8749207858048162, 0.7672680155486893, 0.4742888704777686, 0.0]","[{""pred_label"": 0, ""gt_label"": 1, ""iou"": 0.8749207858048162}, {""pred_label"": 1, ""gt_label"": 2, ""iou"": 0.7672680155486893}, {""pred_label"": 2, ""gt_label"": 0, ""iou"": 0.4742888704777686}, {""pred_label"": 3, ""gt_label"": -1, ""iou"": 0.0}]",fpn_2,fpn_2,72x72,1,3,3,24x24,pooled_avg_pool_multi_way,False,False,False,silhouette,0.34470734000205994,"{""2"": 0.263445645570755, ""3"": 0.2720862329006195, ""4"": 0.34470734000205994, ""5"": 0.3351703882217407, ""6"": 0.31503158807754517, ""7"": 0.331968754529953, ""8"": 0.3184393644332886}","[11745, 10693, 9220, 8542]",jpeg_color_clustering_bic,-1,5,2170,0.05398009950248756,8,3,3667,"{""1"": -79720.21048346434, ""2"": -82935.08391916647, ""3"": -102119.32926022983, ""4"": -253864.60511931602, ""5"": -263917.99857286597, ""6"": -280718.4919097113, ""7"": -294713.69126195065, ""8"": -297935.5924095241}","[17741, 12547, 7742, 872, 500, 442, 203, 153]","[17741, 12547, 7742]","[3, 4, 5, 6, 7]","[872, 500, 442, 203, 153]",bic,-297935.5924095241,ok
detexture_ade20k_multi,feature_cluster_coarse_global_pooled_predicted_k,training,298,training_ADE_train_00013386,detexture_multi_partition_v1,multi_partition_invariant,0.3516864390483515,0.5384053539199136,0.6710919657263705,4,8,7,0.0,0.9294612103581817,104161,112066,7905,7,4,True,hungarian_iou_assignment,"[0.5365157685105371, 0.8318435105641978, 0.6399326155423717, 0.0, 0.0, 0.4535131787213543, 0.0]","[{""pred_label"": 0, ""gt_label"": 0, ""iou"": 0.5365157685105371}, {""pred_label"": 1, ""gt_label"": 3, ""iou"": 0.8318435105641978}, {""pred_label"": 2, ""gt_label"": 2, ""iou"": 0.6399326155423717}, {""pred_label"": 3, ""gt_label"": -1, ""iou"": 0.0}, {""pred_label"": 4, ""gt_label"": -1, ""iou"": 0.0}, {""pred_label"": 5, ""gt_label"": 1, ""iou"": 0.4535131787213543}, {""pred_label"": 6, ""gt_label"": -1, ""iou"": 0.0}]",fpn_2,fpn_2,72x72,1,3,3,24x24,pooled_avg_pool_multi_way,False,False,False,silhouette,0.2988659143447876,"{""2"": 0.2221785932779312, ""3"": 0.22058552503585815, ""4"": 0.2897825837135315, ""5"": 0.2722715735435486, ""6"": 0.2890373468399048, ""7"": 0.2988659143447876, ""8"": 0.2768914997577667}","[18581, 18616, 17646, 14960, 14297, 13940, 14026]",jpeg_color_clustering_bic,-1,4,7905,0.07053878964181821,8,4,7363,"{""1"": -237226.69225508702, ""2"": -254698.34510597007, ""3"": -316010.28504946316, ""4"": -469882.5016498698, ""5"": -471914.830299528, ""6"": -492654.19667684514, ""7"": -767917.2898562927, ""8"": -786494.3570784248}","[33477, 29047, 27303, 14334, 4660, 1874, 909, 462]","[33477, 29047, 27303, 14334]","[4, 5, 6, 7]","[4660, 1874, 909, 462]",bic,-786494.3570784248,ok
detexture_ade20k_multi,feature_cluster_coarse_global_pooled_predicted_k,training,299,training_ADE_train_00013392,detexture_multi_partition_v1,multi_partition_invariant,0.37347040436170387,0.04752529142138238,0.1309978222045714,2,8,2,1.0,0.7898712158203125,51765,65536,13771,2,2,True,hungarian_iou_assignment,"[0.580440517566266, 0.16650029115714166]","[{""pred_label"": 0, ""gt_label"": 0, ""iou"": 0.580440517566266}, {""pred_label"": 1, ""gt_label"": 1, ""iou"": 0.16650029115714166}]",fpn_2,fpn_2,72x72,1,3,3,24x24,pooled_avg_pool_multi_way,False,False,False,silhouette,0.3371509909629822,"{""2"": 0.3371509909629822, ""3"": 0.2663421034812927, ""4"": 0.24470655620098114, ""5"": 0.22606876492500305, ""6"": 0.23607751727104187, ""7"": 0.21794064342975616, ""8"": 0.22405417263507843}","[49977, 15559]",jpeg_color_clustering_bic,-1,6,13771,0.2101287841796875,8,2,3253,"{""1"": -121112.73115187944, ""2"": -130823.60496438439, ""3"": -275541.9836219729, ""4"": -314526.6568525629, ""5"": -317937.64121406, ""6"": -463248.8463711315, ""7"": -476008.7559087057, ""8"": -497508.1488006083}","[27723, 24042, 6711, 3835, 1419, 887, 519, 400]","[27723, 24042]","[2, 3, 4, 5, 6, 7]","[6711, 3835, 1419, 887, 519, 400]",bic,-497508.1488006083,ok
detexture_ade20k_multi,feature_cluster_coarse_global_pooled_predicted_k,training,300,training_ADE_train_00013415,detexture_multi_partition_v1,multi_partition_invariant,0.8851017227123338,0.8334678400242903,0.7915031082044519,3,8,3,1.0,0.9552005259697567,145286,152100,6814,3,3,True,hungarian_iou_assignment,"[0.9001109725856612, 0.9222004192124158, 0.8329937763389244]","[{""pred_label"": 0, ""gt_label"": 0, ""iou"": 0.9001109725856612}, {""pred_label"": 1, ""gt_label"": 1, ""iou"": 0.9222004192124158}, {""pred_label"": 2, ""gt_label"": 2, ""iou"": 0.8329937763389244}]",fpn_2,fpn_2,72x72,1,3,3,24x24,pooled_avg_pool_multi_way,False,False,False,silhouette,0.3252541720867157,"{""2"": 0.2629879117012024, ""3"": 0.3252541720867157, ""4"": 0.30976036190986633, ""5"": 0.3119124174118042, ""6"": 0.3063432276248932, ""7"": 0.31963422894477844, ""8"": 0.31022119522094727}","[66650, 47438, 38012]",jpeg_color_clustering_bic,-1,5,6814,0.04479947403024326,8,3,5447,"{""1"": -277251.51467733475, ""2"": -317638.94002061157, ""3"": -406504.293338308, ""4"": -1107568.5017470396, ""5"": -1166962.227990064, ""6"": -1183426.9961621342, ""7"": -1225526.0542158796, ""8"": -1251169.2276408167}","[72700, 42734, 29852, 4299, 1453, 589, 362, 111]","[72700, 42734, 29852]","[3, 4, 5, 6, 7]","[4299, 1453, 589, 362, 111]",bic,-1251169.2276408167,ok
detexture_ade20k_multi,feature_cluster_coarse_global_pooled_predicted_k,training,301,training_ADE_train_00013428,detexture_multi_partition_v1,multi_partition_invariant,0.49986284628182637,0.7098067488497732,0.7385420455131119,3,8,2,0.0,0.8474046028550513,296334,349696,53362,2,3,True,hungarian_iou_assignment,"[0.5187797704260912, 0.9808087684193879, 0.0]","[{""pred_label"": 0, ""gt_label"": 1, ""iou"": 0.5187797704260912}, {""pred_label"": 1, ""gt_label"": 0, ""iou"": 0.9808087684193879}, {""pred_label"": -1, ""gt_label"": 2, ""iou"": 0.0}]",fpn_2,fpn_2,72x72,1,3,3,24x24,pooled_avg_pool_multi_way,False,False,False,silhouette,0.35060369968414307,"{""2"": 0.35060369968414307, ""3"": 0.33205172419548035, ""4"": 0.33454617857933044, ""5"": 0.3300894498825073, ""6"": 0.23913376033306122, ""7"": 0.22951960563659668, ""8"": 0.2350287139415741}","[188449, 161247]",jpeg_color_clustering_bic,-1,5,53362,0.15259539714494877,8,3,15725,"{""1"": -776097.7544117637, ""2"": -803816.8652676699, ""3"": -1038734.7269110181, ""4"": -1114254.3047624025, ""5"": -1400204.053222316, ""6"": -1595336.7555681516, ""7"": -1630647.9046898305, ""8"": -1765720.0287996395}","[143717, 81420, 71197, 32222, 14151, 3175, 3121, 693]","[143717, 81420, 71197]","[3, 4, 5, 6, 7]","[32222, 14151, 3175, 3121, 693]",bic,-1765720.0287996395,ok
detexture_ade20k_multi,feature_cluster_coarse_global_pooled_predicted_k,training,302,training_ADE_train_00013476,detexture_multi_partition_v1,multi_partition_invariant,0.6949471115701515,0.9073614062029737,0.8663885732035335,3,8,4,0.0,0.8392936197916666,257831,307200,49369,4,3,True,hungarian_iou_assignment,"[0.9719305920093322, 0.9127638752970781, 0.8950939789741956, 0.0]","[{""pred_label"": 0, ""gt_label"": 0, ""iou"": 0.9719305920093322}, {""pred_label"": 1, ""gt_label"": 1, ""iou"": 0.9127638752970781}, {""pred_label"": 2, ""gt_label"": 2, ""iou"": 0.8950939789741956}, {""pred_label"": 3, ""gt_label"": -1, ""iou"": 0.0}]",fpn_2,fpn_2,72x72,1,3,3,24x24,pooled_avg_pool_multi_way,False,False,False,silhouette,0.3589721918106079,"{""2"": 0.31946972012519836, ""3"": 0.3479524254798889, ""4"": 0.3589721918106079, ""5"": 0.35654932260513306, ""6"": 0.29217231273651123, ""7"": 0.28197935223579407, ""8"": 0.24876970052719116}","[123740, 99840, 58060, 25560]",jpeg_color_clustering_bic,-1,5,49369,0.16070638020833333,8,3,11887,"{""1"": -695414.7360107122, ""2"": -733751.3079488762, ""3"": -918036.6396231232, ""4"": -1369723.8464605515, ""5"": -1598839.7315418234, ""6"": -1303720.8637852771, ""7"": -2097926.417931058, ""8"": -2191705.106267689}","[109720, 85697, 62414, 31583, 10708, 4263, 2115, 700]","[109720, 85697, 62414]","[3, 4, 5, 6, 7]","[31583, 10708, 4263, 2115, 700]",bic,-2191705.106267689,ok
detexture_ade20k_multi,feature_cluster_coarse_global_pooled_predicted_k,training,303,training_ADE_train_00013503,detexture_multi_partition_v1,multi_partition_invariant,0.6940060620729127,0.893181933017498,0.8466513828355017,3,8,4,0.0,0.9618080210387903,146291,152100,5809,4,3,True,hungarian_iou_assignment,"[0.9652153567180767, 0.9262903537599072, 0.8845185378136667, 0.0]","[{""pred_label"": 0, ""gt_label"": 1, ""iou"": 0.9652153567180767}, {""pred_label"": 1, ""gt_label"": 0, ""iou"": 0.9262903537599072}, {""pred_label"": 2, ""gt_label"": 2, ""iou"": 0.8845185378136667}, {""pred_label"": 3, ""gt_label"": -1, ""iou"": 0.0}]",fpn_2,fpn_2,72x72,1,3,3,24x24,pooled_avg_pool_multi_way,False,False,False,silhouette,0.36099162697792053,"{""2"": 0.2900313138961792, ""3"": 0.3472730815410614, ""4"": 0.36099162697792053, ""5"": 0.29891613125801086, ""6"": 0.2525142729282379, ""7"": 0.25505921244621277, ""8"": 0.2602319121360779}","[50400, 48423, 44974, 8303]",jpeg_color_clustering_bic,-1,5,5809,0.03819197896120973,8,3,5336,"{""1"": -265270.1260066432, ""2"": -272889.58144162607, ""3"": -555148.1739655172, ""4"": -940849.2582462362, ""5"": -1049213.12747005, ""6"": -1084323.3080529, ""7"": -1153957.085739922, ""8"": -1167837.0286881262}","[51702, 51083, 43506, 2551, 1588, 853, 564, 253]","[51702, 51083, 43506]","[3, 4, 5, 6, 7]","[2551, 1588, 853, 564, 253]",bic,-1167837.0286881262,ok
detexture_ade20k_multi,feature_cluster_coarse_global_pooled_predicted_k,training,304,training_ADE_train_00013529,detexture_multi_partition_v1,multi_partition_invariant,0.9611935496741002,0.9224671730416435,0.8792389402389392,2,8,2,1.0,0.8511934156378601,41368,48600,7232,2,2,True,hungarian_iou_assignment,"[0.9601927101075478, 0.9621943892406526]","[{""pred_label"": 0, ""gt_label"": 1, ""iou"": 0.9601927101075478}, {""pred_label"": 1, ""gt_label"": 0, ""iou"": 0.9621943892406526}]",fpn_2,fpn_2,72x72,1,3,3,24x24,pooled_avg_pool_multi_way,False,False,False,silhouette,0.3264109790325165,"{""2"": 0.3264109790325165, ""3"": 0.2710159718990326, ""4"": 0.2939335107803345, ""5"": 0.2715766727924347, ""6"": 0.3127727210521698, ""7"": 0.27735409140586853, ""8"": 0.2569463849067688}","[26200, 22400]",jpeg_color_clustering_bic,-1,6,7232,0.14880658436213992,8,2,2001,"{""1"": -87475.54986703997, ""2"": -90443.58742730146, ""3"": -208047.9901956959, ""4"": -327717.6719244735, ""5"": -344721.2580303191, ""6"": -363115.1061285054, ""7"": -377351.4451339486, ""8"": -387419.836364284}","[20819, 20549, 5165, 619, 512, 475, 353, 108]","[20819, 20549]","[2, 3, 4, 5, 6, 7]","[5165, 619, 512, 475, 353, 108]",bic,-387419.836364284,ok
detexture_ade20k_multi,feature_cluster_coarse_global_pooled_predicted_k,training,305,training_ADE_train_00013543,detexture_multi_partition_v1,multi_partition_invariant,0.24375845743790517,0.263251226788267,0.2587493145668304,4,8,2,0.0,0.9579817708333334,294292,307200,12908,2,4,True,hungarian_iou_assignment,"[0.33721984936162397, 0.6378139803899967, 0.0, 0.0]","[{""pred_label"": 0, ""gt_label"": 1, ""iou"": 0.33721984936162397}, {""pred_label"": 1, ""gt_label"": 0, ""iou"": 0.6378139803899967}, {""pred_label"": -1, ""gt_label"": 2, ""iou"": 0.0}, {""pred_label"": -1, ""gt_label"": 3, ""iou"": 0.0}]",fpn_2,fpn_2,72x72,1,3,3,24x24,pooled_avg_pool_multi_way,False,False,False,silhouette,0.23522689938545227,"{""2"": 0.23522689938545227, ""3"": 0.22062420845031738, ""4"": 0.18685947358608246, ""5"": 0.19387003779411316, ""6"": 0.19445572793483734, ""7"": 0.20230698585510254, ""8"": 0.22611957788467407}","[156100, 151100]",jpeg_color_clustering_bic,-1,4,12908,0.042018229166666664,8,4,13178,"{""1"": -411763.05441810266, ""2"": -699170.7860544663, ""3"": -1201165.3476217634, ""4"": -1533915.4565686819, ""5"": -1585815.3283174867, ""6"": -1617635.383112755, ""7"": -1435559.703510188, ""8"": -1815737.4737975742}","[96306, 80198, 67009, 50779, 7283, 2648, 1793, 1184]","[96306, 80198, 67009, 50779]","[4, 5, 6, 7]","[7283, 2648, 1793, 1184]",bic,-1815737.4737975742,ok
detexture_ade20k_multi,feature_cluster_coarse_global_pooled_predicted_k,training,306,training_ADE_train_00013554,detexture_multi_partition_v1,multi_partition_invariant,0.3057928525282495,0.3540349414247244,0.4583238507200564,4,8,2,0.0,0.8797,52782,60000,7218,2,4,True,hungarian_iou_assignment,"[0.4843517138599106, 0.7388196962530874, 0.0, 0.0]","[{""pred_label"": 0, ""gt_label"": 0, ""iou"": 0.4843517138599106}, {""pred_label"": 1, ""gt_label"": 1, ""iou"": 0.7388196962530874}, {""pred_label"": -1, ""gt_label"": 2, ""iou"": 0.0}, {""pred_label"": -1, ""gt_label"": 3, ""iou"": 0.0}]",fpn_2,fpn_2,72x72,1,3,3,24x24,pooled_avg_pool_multi_way,False,False,False,silhouette,0.2644616663455963,"{""2"": 0.2644616663455963, ""3"": 0.23080311715602875, ""4"": 0.23249538242816925, ""5"": 0.20654866099357605, ""6"": 0.19402459263801575, ""7"": 0.2387693226337433, ""8"": 0.22789989411830902}","[37534, 22466]",jpeg_color_clustering_bic,-1,4,7218,0.1203,8,4,10376,"{""1"": -116797.00648064786, ""2"": -144062.8322583217, ""3"": -159947.11565549747, ""4"": -162524.43994321115, ""5"": -253806.10535630424, ""6"": -306693.2466603639, ""7"": -323806.98072421405, ""8"": -354932.08632978937}","[16735, 14367, 11139, 10541, 3350, 1706, 1234, 928]","[16735, 14367, 11139, 10541]","[4, 5, 6, 7]","[3350, 1706, 1234, 928]",bic,-354932.08632978937,ok
detexture_ade20k_multi,feature_cluster_coarse_global_pooled_predicted_k,training,307,training_ADE_train_00013618,detexture_multi_partition_v1,multi_partition_invariant,0.6142450101730615,0.855262479387514,0.7748069363169686,2,8,3,0.0,0.7699562327174172,84090,109214,25124,3,2,True,hungarian_iou_assignment,"[0.9541400716971233, 0.8885949588220614, 0.0]","[{""pred_label"": 0, ""gt_label"": 0, ""iou"": 0.9541400716971233}, {""pred_label"": 1, ""gt_label"": 1, ""iou"": 0.8885949588220614}, {""pred_label"": 2, ""gt_label"": -1, ""iou"": 0.0}]",fpn_2,fpn_2,72x72,1,3,3,24x24,pooled_avg_pool_multi_way,False,False,False,silhouette,0.24292874336242676,"{""2"": 0.23387442529201508, ""3"": 0.24292874336242676, ""4"": 0.1729286164045334, ""5"": 0.17111434042453766, ""6"": 0.18551664054393768, ""7"": 0.17708900570869446, ""8"": 0.17566928267478943}","[52640, 39708, 16866]",jpeg_color_clustering_bic,-1,6,25124,0.23004376728258283,8,2,11382,"{""1"": -214679.74568787895, ""2"": -266223.31672274886, ""3"": -384742.6923495069, ""4"": -435773.6563748934, ""5"": -513760.7074528281, ""6"": -526069.1671735107, ""7"": -577490.4969123047, ""8"": -586505.287203639}","[44174, 39916, 9846, 5675, 5447, 3149, 562, 445]","[44174, 39916]","[2, 3, 4, 5, 6, 7]","[9846, 5675, 5447, 3149, 562, 445]",bic,-586505.287203639,ok
detexture_ade20k_multi,feature_cluster_coarse_global_pooled_predicted_k,training,308,training_ADE_train_00013662,detexture_multi_partition_v1,multi_partition_invariant,0.9177227854435509,0.9256799790658498,0.863291761959466,3,8,3,1.0,0.901763916015625,59098,65536,6438,3,3,True,hungarian_iou_assignment,"[0.9831460674157303, 0.8947655695649801, 0.875256719349942]","[{""pred_label"": 0, ""gt_label"": 0, ""iou"": 0.9831460674157303}, {""pred_label"": 1, ""gt_label"": 1, ""iou"": 0.8947655695649801}, {""pred_label"": 2, ""gt_label"": 2, ""iou"": 0.875256719349942}]",fpn_2,fpn_2,72x72,1,3,3,24x24,pooled_avg_pool_multi_way,False,False,False,silhouette,0.33443281054496765,"{""2"": 0.30446985363960266, ""3"": 0.33443281054496765, ""4"": 0.30060896277427673, ""5"": 0.2821976840496063, ""6"": 0.28613921999931335, ""7"": 0.2645914852619171, ""8"": 0.26006242632865906}","[32365, 22305, 10866]",jpeg_color_clustering_bic,-1,5,6438,0.098236083984375,8,3,8426,"{""1"": -134259.85004624227, ""2"": -155421.88606840698, ""3"": -217428.16380277328, ""4"": -223338.35412436092, ""5"": -338155.69748376874, ""6"": -376562.4920998899, ""7"": -392230.6298909696, ""8"": -400888.2124495612}","[31287, 16878, 10933, 2343, 2121, 1416, 329, 229]","[31287, 16878, 10933]","[3, 4, 5, 6, 7]","[2343, 2121, 1416, 329, 229]",bic,-400888.2124495612,ok
detexture_ade20k_multi,feature_cluster_coarse_global_pooled_predicted_k,training,309,training_ADE_train_00013663,detexture_multi_partition_v1,multi_partition_invariant,0.9685305905695096,0.9713157654720452,0.9437398295120288,3,8,3,1.0,0.9361419677734375,61351,65536,4185,3,3,True,hungarian_iou_assignment,"[1.0, 0.9608853850818678, 0.944706386626661]","[{""pred_label"": 0, ""gt_label"": 0, ""iou"": 1.0}, {""pred_label"": 1, ""gt_label"": 1, ""iou"": 0.9608853850818678}, {""pred_label"": 2, ""gt_label"": 2, ""iou"": 0.944706386626661}]",fpn_2,fpn_2,72x72,1,3,3,24x24,pooled_avg_pool_multi_way,False,False,False,silhouette,0.30133235454559326,"{""2"": 0.28693199157714844, ""3"": 0.30133235454559326, ""4"": 0.2677489221096039, ""5"": 0.2885717749595642, ""6"": 0.242247074842453, ""7"": 0.25653377175331116, ""8"": 0.25344955921173096}","[30528, 20725, 14283]",jpeg_color_clustering_bic,-1,5,4185,0.0638580322265625,8,3,4500,"{""1"": -114882.90734919882, ""2"": -118076.98383286998, ""3"": -210082.55912385555, ""4"": -365741.82806183066, ""5"": -371020.1826956334, ""6"": -430479.2442672384, ""7"": -467720.12290983484, ""8"": -473918.3712330789}","[28339, 19481, 13531, 1949, 1090, 611, 421, 114]","[28339, 19481, 13531]","[3, 4, 5, 6, 7]","[1949, 1090, 611, 421, 114]",bic,-473918.3712330789,ok
detexture_ade20k_multi,feature_cluster_coarse_global_pooled_predicted_k,training,310,training_ADE_train_00013679,detexture_multi_partition_v1,multi_partition_invariant,0.3762731419439265,0.4600217219184012,0.62461488949426,3,8,6,0.0,0.9435374149659864,55480,58800,3320,6,3,True,hungarian_iou_assignment,"[0.4459729570840682, 0.0, 0.8881816753103882, 0.923484219269103, 0.0, 0.0]","[{""pred_label"": 0, ""gt_label"": 0, ""iou"": 0.4459729570840682}, {""pred_label"": 1, ""gt_label"": -1, ""iou"": 0.0}, {""pred_label"": 2, ""gt_label"": 1, ""iou"": 0.8881816753103882}, {""pred_label"": 3, ""gt_label"": 2, ""iou"": 0.923484219269103}, {""pred_label"": 4, ""gt_label"": -1, ""iou"": 0.0}, {""pred_label"": 5, ""gt_label"": -1, ""iou"": 0.0}]",fpn_2,fpn_2,72x72,1,3,3,24x24,pooled_avg_pool_multi_way,False,False,False,silhouette,0.2951141893863678,"{""2"": 0.28006523847579956, ""3"": 0.2362622171640396, ""4"": 0.257427841424942, ""5"": 0.27257776260375977, ""6"": 0.2951141893863678, ""7"": 0.26642417907714844, ""8"": 0.28314101696014404}","[15624, 13374, 11944, 8960, 4617, 4281]",jpeg_color_clustering_bic,-1,5,3320,0.05646258503401361,8,3,5029,"{""1"": -139396.67509352244, ""2"": -210825.1788305741, ""3"": -226768.5303769357, ""4"": -308602.7490707679, ""5"": -371058.4986542233, ""6"": -383107.2642175043, ""7"": -383738.6209370966, ""8"": -388737.0777355666}","[33627, 12221, 9632, 2342, 458, 307, 191, 22]","[33627, 12221, 9632]","[3, 4, 5, 6, 7]","[2342, 458, 307, 191, 22]",bic,-388737.0777355666,ok
detexture_ade20k_multi,feature_cluster_coarse_global_pooled_predicted_k,training,311,training_ADE_train_00013699,detexture_multi_partition_v1,multi_partition_invariant,0.31225125002598236,0.43811506538435824,0.5312775236991657,4,8,2,0.0,0.8625222222222222,232881,270000,37119,2,4,True,hungarian_iou_assignment,"[0.5170477905212867, 0.7319572095826428, 0.0, 0.0]","[{""pred_label"": 0, ""gt_label"": 0, ""iou"": 0.5170477905212867}, {""pred_label"": 1, ""gt_label"": 1, ""iou"": 0.7319572095826428}, {""pred_label"": -1, ""gt_label"": 2, ""iou"": 0.0}, {""pred_label"": -1, ""gt_label"": 3, ""iou"": 0.0}]",fpn_2,fpn_2,72x72,1,3,3,24x24,pooled_avg_pool_multi_way,False,False,False,silhouette,0.2882620394229889,"{""2"": 0.2882620394229889, ""3"": 0.23552711308002472, ""4"": 0.2558612525463104, ""5"": 0.22698725759983063, ""6"": 0.2707250416278839, ""7"": 0.25943100452423096, ""8"": 0.2331358790397644}","[154850, 115150]",jpeg_color_clustering_bic,-1,4,37119,0.13747777777777778,8,4,14728,"{""1"": -534471.4392494014, ""2"": -556171.4135041606, ""3"": -725531.2447686627, ""4"": -1030080.729628937, ""5"": -1097773.196986637, ""6"": -1512706.3795230754, ""7"": -1797711.7069394446, ""8"": -1833206.4555560262}","[73951, 68114, 53135, 37681, 19323, 12843, 3359, 1594]","[73951, 68114, 53135, 37681]","[4, 5, 6, 7]","[19323, 12843, 3359, 1594]",bic,-1833206.4555560262,ok
detexture_ade20k_multi,feature_cluster_coarse_global_pooled_predicted_k,training,312,training_ADE_train_00013700,detexture_multi_partition_v1,multi_partition_invariant,0.6294948300932786,0.3071573994397511,0.28657427402058905,2,8,2,1.0,0.605194091796875,39662,65536,25874,2,2,True,hungarian_iou_assignment,"[0.5824082384619018, 0.6765814217246552]","[{""pred_label"": 0, ""gt_label"": 1, ""iou"": 0.5824082384619018}, {""pred_label"": 1, ""gt_label"": 0, ""iou"": 0.6765814217246552}]",fpn_2,fpn_2,72x72,1,3,3,24x24,pooled_avg_pool_multi_way,False,False,False,silhouette,0.34727972745895386,"{""2"": 0.34727972745895386, ""3"": 0.2919656038284302, ""4"": 0.22085247933864594, ""5"": 0.23152685165405273, ""6"": 0.18285149335861206, ""7"": 0.1919175237417221, ""8"": 0.1997123509645462}","[40615, 24921]",jpeg_color_clustering_bic,-1,6,25874,0.394805908203125,8,2,15870,"{""1"": -131536.96889969482, ""2"": -178835.3156291033, ""3"": -204360.1308017938, ""4"": -219441.57181745084, ""5"": -242502.10981869645, ""6"": -252611.62155031518, ""7"": -278938.9484684569, ""8"": -288137.24222901143}","[26084, 13578, 7210, 7084, 4181, 3428, 2077, 1894]","[26084, 13578]","[2, 3, 4, 5, 6, 7]","[7210, 7084, 4181, 3428, 2077, 1894]",bic,-288137.24222901143,ok
detexture_ade20k_multi,feature_cluster_coarse_global_pooled_predicted_k,training,313,training_ADE_train_00013731,detexture_multi_partition_v1,multi_partition_invariant,0.6922411877494388,0.8791468306917067,0.8317243489434334,3,8,4,0.0,0.7906036376953125,51813,65536,13723,4,3,True,hungarian_iou_assignment,"[0.909781941031941, 0.974844288565036, 0.8843385214007782, 0.0]","[{""pred_label"": 0, ""gt_label"": 0, ""iou"": 0.909781941031941}, {""pred_label"": 1, ""gt_label"": 1, ""iou"": 0.974844288565036}, {""pred_label"": 2, ""gt_label"": 2, ""iou"": 0.8843385214007782}, {""pred_label"": 3, ""gt_label"": -1, ""iou"": 0.0}]",fpn_2,fpn_2,72x72,1,3,3,24x24,pooled_avg_pool_multi_way,False,False,False,silhouette,0.31644973158836365,"{""2"": 0.2774924635887146, ""3"": 0.29585540294647217, ""4"": 0.31644973158836365, ""5"": 0.3092169165611267, ""6"": 0.29816097021102905, ""7"": 0.25885167717933655, ""8"": 0.2428017407655716}","[25479, 18094, 11182, 10781]",jpeg_color_clustering_bic,-1,5,13723,0.2093963623046875,8,3,8577,"{""1"": -128182.93396324273, ""2"": -143104.38047121468, ""3"": -221407.67923789556, ""4"": -254073.32537081485, ""5"": -272115.9484511946, ""6"": -381972.2733707228, ""7"": -389880.5277884454, ""8"": -436751.8212226699}","[25906, 16326, 9581, 6237, 3147, 2246, 1553, 540]","[25906, 16326, 9581]","[3, 4, 5, 6, 7]","[6237, 3147, 2246, 1553, 540]",bic,-436751.8212226699,ok
detexture_ade20k_multi,feature_cluster_coarse_global_pooled_predicted_k,training,314,training_ADE_train_00013750,detexture_multi_partition_v1,multi_partition_invariant,0.4978683966417264,0.7380193271379336,0.773885012027621,3,8,2,0.0,0.9140777587890625,59905,65536,5631,2,3,True,hungarian_iou_assignment,"[0.5021385232585126, 0.9914666666666667, 0.0]","[{""pred_label"": 0, ""gt_label"": 1, ""iou"": 0.5021385232585126}, {""pred_label"": 1, ""gt_label"": 0, ""iou"": 0.9914666666666667}, {""pred_label"": -1, ""gt_label"": 2, ""iou"": 0.0}]",fpn_2,fpn_2,72x72,1,3,3,24x24,pooled_avg_pool_multi_way,False,False,False,silhouette,0.3410487473011017,"{""2"": 0.3410487473011017, ""3"": 0.30076366662979126, ""4"": 0.22838054597377777, ""5"": 0.2493187040090561, ""6"": 0.2776690721511841, ""7"": 0.2801845967769623, ""8"": 0.24978651106357574}","[35008, 30528]",jpeg_color_clustering_bic,-1,5,5631,0.0859222412109375,8,3,3355,"{""1"": -126937.0923018615, ""2"": -139002.2165209243, ""3"": -271529.81708749704, ""4"": -328294.6205670135, ""5"": -447688.2403626271, ""6"": -475017.51023487386, ""7"": -489604.2236518956, ""8"": -498589.6726937869}","[29744, 15401, 14760, 3083, 1706, 377, 265, 200]","[29744, 15401, 14760]","[3, 4, 5, 6, 7]","[3083, 1706, 377, 265, 200]",bic,-498589.6726937869,ok
detexture_ade20k_multi,feature_cluster_coarse_global_pooled_predicted_k,training,315,training_ADE_train_00013758,detexture_multi_partition_v1,multi_partition_invariant,0.29764816860259347,0.3855927109553288,0.5567256926971371,3,8,7,0.0,0.899935944363104,314704,349696,34992,7,3,True,hungarian_iou_assignment,"[0.38453824460666036, 0.0, 0.938321312514861, 0.7606776230966331, 0.0, 0.0, 0.0]","[{""pred_label"": 0, ""gt_label"": 0, ""iou"": 0.38453824460666036}, {""pred_label"": 1, ""gt_label"": -1, ""iou"": 0.0}, {""pred_label"": 2, ""gt_label"": 1, ""iou"": 0.938321312514861}, {""pred_label"": 3, ""gt_label"": 2, ""iou"": 0.7606776230966331}, {""pred_label"": 4, ""gt_label"": -1, ""iou"": 0.0}, {""pred_label"": 5, ""gt_label"": -1, ""iou"": 0.0}, {""pred_label"": 6, ""gt_label"": -1, ""iou"": 0.0}]",fpn_2,fpn_2,72x72,1,3,3,24x24,pooled_avg_pool_multi_way,False,False,False,silhouette,0.29801270365715027,"{""2"": 0.2560400366783142, ""3"": 0.22624355554580688, ""4"": 0.28525733947753906, ""5"": 0.29751139879226685, ""6"": 0.28054988384246826, ""7"": 0.29801270365715027, ""8"": 0.2933393716812134}","[78816, 75482, 61019, 50944, 36309, 26231, 20895]",jpeg_color_clustering_bic,-1,5,34992,0.10006405563689605,8,3,10681,"{""1"": -736559.4315039851, ""2"": -785730.2069518535, ""3"": -1297629.3801658936, ""4"": -1378631.3656184487, ""5"": -1381519.8470072492, ""6"": -2490243.1915796143, ""7"": -2550697.2959988797, ""8"": -2558131.8166149794}","[195499, 62094, 57111, 24326, 5858, 3674, 943, 191]","[195499, 62094, 57111]","[3, 4, 5, 6, 7]","[24326, 5858, 3674, 943, 191]",bic,-2558131.8166149794,ok
detexture_ade20k_multi,feature_cluster_coarse_global_pooled_predicted_k,training,316,training_ADE_train_00013768,detexture_multi_partition_v1,multi_partition_invariant,0.4793933410720016,0.2676257057758142,0.3648898681466166,4,8,4,1.0,0.8439788818359375,55311,65536,10225,4,4,True,hungarian_iou_assignment,"[0.41743679163034003, 0.2275342547007533, 0.677924144637963, 0.59467817331895]","[{""pred_label"": 0, ""gt_label"": 0, ""iou"": 0.41743679163034003}, {""pred_label"": 1, ""gt_label"": 2, ""iou"": 0.2275342547007533}, {""pred_label"": 2, ""gt_label"": 3, ""iou"": 0.677924144637963}, {""pred_label"": 3, ""gt_label"": 1, ""iou"": 0.59467817331895}]",fpn_2,fpn_2,72x72,1,3,3,24x24,pooled_avg_pool_multi_way,False,False,False,silhouette,0.2331802099943161,"{""2"": 0.22872871160507202, ""3"": 0.2166450023651123, ""4"": 0.2331802099943161, ""5"": 0.21731674671173096, ""6"": 0.19624093174934387, ""7"": 0.2023668885231018, ""8"": 0.20582693815231323}","[24380, 17646, 13049, 10461]",jpeg_color_clustering_bic,-1,4,10225,0.1560211181640625,8,4,13077,"{""1"": -117729.00611299879, ""2"": -165300.3248185402, ""3"": -185889.21709633566, ""4"": -226998.85878555127, ""5"": -251852.06080864283, ""6"": -254081.58632946218, ""7"": -282419.86075217807, ""8"": -335857.17348273}","[25388, 12190, 9182, 8551, 4282, 3108, 2572, 263]","[25388, 12190, 9182, 8551]","[4, 5, 6, 7]","[4282, 3108, 2572, 263]",bic,-335857.17348273,ok
detexture_ade20k_multi,feature_cluster_coarse_global_pooled_predicted_k,training,317,training_ADE_train_00013771,detexture_multi_partition_v1,multi_partition_invariant,0.9063054438816803,0.8789968313128936,0.854715336170292,4,8,4,1.0,0.9783755032942899,342134,349696,7562,4,4,True,hungarian_iou_assignment,"[0.8990095280491042, 0.9743185351721978, 0.8973524358074587, 0.8545412764979606]","[{""pred_label"": 0, ""gt_label"": 0, ""iou"": 0.8990095280491042}, {""pred_label"": 1, ""gt_label"": 1, ""iou"": 0.9743185351721978}, {""pred_label"": 2, ""gt_label"": 2, ""iou"": 0.8973524358074587}, {""pred_label"": 3, ""gt_label"": 3, ""iou"": 0.8545412764979606}]",fpn_2,fpn_2,72x72,1,3,3,24x24,pooled_avg_pool_multi_way,False,False,False,silhouette,0.29656532406806946,"{""2"": 0.259710431098938, ""3"": 0.2578883171081543, ""4"": 0.29656532406806946, ""5"": 0.2717587351799011, ""6"": 0.292737752199173, ""7"": 0.2858143448829651, ""8"": 0.25409334897994995}","[106216, 89650, 84781, 69049]",jpeg_color_clustering_bic,-1,4,7562,0.0216244967057101,8,4,8438,"{""1"": -724450.3069125047, ""2"": -755243.4018779793, ""3"": -1001873.0648670665, ""4"": -1466586.5769754979, ""5"": -1469877.9393621264, ""6"": -2740259.8252353095, ""7"": -2871640.1966018043, ""8"": -2902132.9783818955}","[116383, 88102, 74464, 63185, 4228, 2287, 716, 331]","[116383, 88102, 74464, 63185]","[4, 5, 6, 7]","[4228, 2287, 716, 331]",bic,-2902132.9783818955,ok
detexture_ade20k_multi,feature_cluster_coarse_global_pooled_predicted_k,training,318,training_ADE_train_00013938,detexture_multi_partition_v1,multi_partition_invariant,0.45662243924331875,0.39225333318146394,0.4151512413620311,2,8,3,0.0,0.8818774020863837,308389,349696,41307,3,2,True,hungarian_iou_assignment,"[0.6940990805544119, 0.6757682371755444, 0.0]","[{""pred_label"": 0, ""gt_label"": 1, ""iou"": 0.6940990805544119}, {""pred_label"": 1, ""gt_label"": 0, ""iou"": 0.6757682371755444}, {""pred_label"": 2, ""gt_label"": -1, ""iou"": 0.0}]",fpn_2,fpn_2,72x72,1,3,3,24x24,pooled_avg_pool_multi_way,False,False,False,silhouette,0.3184438943862915,"{""2"": 0.27414238452911377, ""3"": 0.3184438943862915, ""4"": 0.30363649129867554, ""5"": 0.2792961299419403, ""6"": 0.28854623436927795, ""7"": 0.2910017967224121, ""8"": 0.26861152052879333}","[143526, 140676, 65494]",jpeg_color_clustering_bic,-1,6,41307,0.1181225979136164,8,2,18675,"{""1"": -686358.4711718301, ""2"": -741573.1434564849, ""3"": -1429918.3962945603, ""4"": -1999587.6476950878, ""5"": -2036834.5273985378, ""6"": -2051904.3577934443, ""7"": -2067161.9431036438, ""8"": -2078313.810617042}","[203225, 105164, 29555, 5207, 4689, 927, 733, 196]","[203225, 105164]","[2, 3, 4, 5, 6, 7]","[29555, 5207, 4689, 927, 733, 196]",bic,-2078313.810617042,ok
detexture_ade20k_multi,feature_cluster_coarse_global_pooled_predicted_k,training,319,training_ADE_train_00013943,detexture_multi_partition_v1,multi_partition_invariant,0.6434336954648041,0.811642127924647,0.7512761900034364,3,8,4,0.0,0.8599755215959004,300730,349696,48966,4,3,True,hungarian_iou_assignment,"[0.95251651489297, 0.7676862713696601, 0.8535319955965862, 0.0]","[{""pred_label"": 0, ""gt_label"": 0, ""iou"": 0.95251651489297}, {""pred_label"": 1, ""gt_label"": 1, ""iou"": 0.7676862713696601}, {""pred_label"": 2, ""gt_label"": 2, ""iou"": 0.8535319955965862}, {""pred_label"": 3, ""gt_label"": -1, ""iou"": 0.0}]",fpn_2,fpn_2,72x72,1,3,3,24x24,pooled_avg_pool_multi_way,False,False,False,silhouette,0.3692178428173065,"{""2"": 0.296695351600647, ""3"": 0.33305680751800537, ""4"": 0.3692178428173065, ""5"": 0.35538598895072937, ""6"": 0.31633859872817993, ""7"": 0.30375754833221436, ""8"": 0.3032553195953369}","[124179, 95265, 88949, 41303]",jpeg_color_clustering_bic,-1,5,48966,0.14002447840409957,8,3,29235,"{""1"": -743994.3656216812, ""2"": -952493.0033584601, ""3"": -1043271.7447220482, ""4"": -1455323.2267972461, ""5"": -1619375.2500591385, ""6"": -1810953.539368405, ""7"": -1995110.7555916063, ""8"": -2041385.4894242664}","[117415, 92033, 91282, 20621, 9507, 7975, 7852, 3011]","[117415, 92033, 91282]","[3, 4, 5, 6, 7]","[20621, 9507, 7975, 7852, 3011]",bic,-2041385.4894242664,ok
detexture_ade20k_multi,feature_cluster_coarse_global_pooled_predicted_k,training,320,training_ADE_train_00013980,detexture_multi_partition_v1,multi_partition_invariant,0.3264733463016369,0.5611849881259883,0.6064465288164889,4,8,2,0.0,0.9825323345115681,391378,398336,6958,2,4,True,hungarian_iou_assignment,"[0.8070413062566555, 0.498852078949892, 0.0, 0.0]","[{""pred_label"": 0, ""gt_label"": 0, ""iou"": 0.8070413062566555}, {""pred_label"": 1, ""gt_label"": 1, ""iou"": 0.498852078949892}, {""pred_label"": -1, ""gt_label"": 2, ""iou"": 0.0}, {""pred_label"": -1, ""gt_label"": 3, ""iou"": 0.0}]",fpn_2,fpn_2,72x72,1,3,3,24x24,pooled_avg_pool_multi_way,False,False,False,silhouette,0.29662713408470154,"{""2"": 0.29662713408470154, ""3"": 0.2612258195877075, ""4"": 0.2486332207918167, ""5"": 0.24508053064346313, ""6"": 0.2633521854877472, ""7"": 0.27105674147605896, ""8"": 0.2810901999473572}","[217670, 180666]",jpeg_color_clustering_bic,-1,4,6958,0.017467665488431875,8,4,5715,"{""1"": -754348.4820636916, ""2"": -776448.217314161, ""3"": -1498254.7110955934, ""4"": -1746153.8251651018, ""5"": -1749709.542262218, ""6"": -3113496.7614876446, ""7"": -3134385.6035657898, ""8"": -3216950.4137836425}","[172794, 88442, 72417, 57725, 3534, 1801, 1139, 484]","[172794, 88442, 72417, 57725]","[4, 5, 6, 7]","[3534, 1801, 1139, 484]",bic,-3216950.4137836425,ok
detexture_ade20k_multi,feature_cluster_coarse_global_pooled_predicted_k,training,321,training_ADE_train_00013994,detexture_multi_partition_v1,multi_partition_invariant,0.5562785064065314,0.7355956291002491,0.7635426011351722,3,8,2,0.0,0.956634521484375,62694,65536,2842,2,3,True,hungarian_iou_assignment,"[0.6869659080687236, 0.9818696111508707, 0.0]","[{""pred_label"": 0, ""gt_label"": 1, ""iou"": 0.6869659080687236}, {""pred_label"": 1, ""gt_label"": 0, ""iou"": 0.9818696111508707}, {""pred_label"": -1, ""gt_label"": 2, ""iou"": 0.0}]",fpn_2,fpn_2,72x72,1,3,3,24x24,pooled_avg_pool_multi_way,False,False,False,silhouette,0.3077453374862671,"{""2"": 0.3077453374862671, ""3"": 0.20937877893447876, ""4"": 0.22172142565250397, ""5"": 0.21363699436187744, ""6"": 0.24038594961166382, ""7"": 0.26025494933128357, ""8"": 0.2314997762441635}","[35584, 29952]",jpeg_color_clustering_bic,-1,5,2842,0.043365478515625,8,3,3613,"{""1"": -107956.26936387115, ""2"": -214695.54945549945, ""3"": -257844.75105347947, ""4"": -429010.7048799839, ""5"": -443475.40232211666, ""6"": -457946.71987634926, ""7"": -459619.8376545744, ""8"": -461321.7364851548}","[28811, 22911, 10972, 1533, 617, 584, 66, 42]","[28811, 22911, 10972]","[3, 4, 5, 6, 7]","[1533, 617, 584, 66, 42]",bic,-461321.7364851548,ok
detexture_ade20k_multi,feature_cluster_coarse_global_pooled_predicted_k,training,322,training_ADE_train_00013995,detexture_multi_partition_v1,multi_partition_invariant,0.25179431681703246,0.40361219479867183,0.5271195042620764,4,8,2,0.0,0.9290008544921875,60883,65536,4653,2,4,True,hungarian_iou_assignment,"[0.514377987340137, 0.4927992799279928, 0.0, 0.0]","[{""pred_label"": 0, ""gt_label"": 1, ""iou"": 0.514377987340137}, {""pred_label"": 1, ""gt_label"": 2, ""iou"": 0.4927992799279928}, {""pred_label"": -1, ""gt_label"": 0, ""iou"": 0.0}, {""pred_label"": -1, ""gt_label"": 3, ""iou"": 0.0}]",fpn_2,fpn_2,72x72,1,3,3,24x24,pooled_avg_pool_multi_way,False,False,False,silhouette,0.29751646518707275,"{""2"": 0.29751646518707275, ""3"": 0.26710906624794006, ""4"": 0.25512489676475525, ""5"": 0.2733594477176666, ""6"": 0.2499692142009735, ""7"": 0.26032590866088867, ""8"": 0.25382256507873535}","[40960, 24576]",jpeg_color_clustering_bic,-1,4,4653,0.0709991455078125,8,4,3746,"{""1"": -120678.73157160656, ""2"": -132540.46831560854, ""3"": -236142.10542531058, ""4"": -283547.57258652186, ""5"": -284909.97393874207, ""6"": -292573.264340522, ""7"": -461023.5818572644, ""8"": -474157.97436942905}","[21384, 19909, 10992, 8598, 2154, 1303, 691, 505]","[21384, 19909, 10992, 8598]","[4, 5, 6, 7]","[2154, 1303, 691, 505]",bic,-474157.97436942905,ok
detexture_ade20k_multi,feature_cluster_coarse_global_pooled_predicted_k,training,323,training_ADE_train_00013996,detexture_multi_partition_v1,multi_partition_invariant,0.4322244778677698,0.5965085948304297,0.7223161573524267,3,8,5,0.0,0.9753706666666667,182882,187500,4618,5,3,True,hungarian_iou_assignment,"[0.6734389678712345, 0.550072235799252, 0.9376111856683624, 0.0, 0.0]","[{""pred_label"": 0, ""gt_label"": 0, ""iou"": 0.6734389678712345}, {""pred_label"": 1, ""gt_label"": 1, ""iou"": 0.550072235799252}, {""pred_label"": 2, ""gt_label"": 2, ""iou"": 0.9376111856683624}, {""pred_label"": 3, ""gt_label"": -1, ""iou"": 0.0}, {""pred_label"": 4, ""gt_label"": -1, ""iou"": 0.0}]",fpn_2,fpn_2,72x72,1,3,3,24x24,pooled_avg_pool_multi_way,False,False,False,silhouette,0.3038984537124634,"{""2"": 0.29501357674598694, ""3"": 0.3003646433353424, ""4"": 0.28308168053627014, ""5"": 0.3038984537124634, ""6"": 0.29967397451400757, ""7"": 0.29615435004234314, ""8"": 0.28438326716423035}","[55594, 43042, 32059, 30764, 26041]",jpeg_color_clustering_bic,-1,5,4618,0.024629333333333333,8,3,3831,"{""1"": -328847.3639266334, ""2"": -339199.6551944154, ""3"": -749757.6689294275, ""4"": -1345425.811994435, ""5"": -1409042.571516618, ""6"": -1495174.4556134928, ""7"": -1553582.0701987445, ""8"": -1585097.643766962}","[78781, 72631, 31470, 1745, 1185, 715, 571, 402]","[78781, 72631, 31470]","[3, 4, 5, 6, 7]","[1745, 1185, 715, 571, 402]",bic,-1585097.643766962,ok
detexture_ade20k_multi,feature_cluster_coarse_global_pooled_predicted_k,training,324,training_ADE_train_00014162,detexture_multi_partition_v1,multi_partition_invariant,0.5803354736878419,0.6917182015268994,0.6980416779552897,3,8,4,0.0,0.9662743506493506,380944,394240,13296,4,3,True,hungarian_iou_assignment,"[0.8929961532333326, 0.8856731398647174, 0.0, 0.5426726016533177]","[{""pred_label"": 0, ""gt_label"": 1, ""iou"": 0.8929961532333326}, {""pred_label"": 1, ""gt_label"": 2, ""iou"": 0.8856731398647174}, {""pred_label"": 2, ""gt_label"": -1, ""iou"": 0.0}, {""pred_label"": 3, ""gt_label"": 0, ""iou"": 0.5426726016533177}]",fpn_2,fpn_2,72x72,1,3,3,24x24,pooled_avg_pool_multi_way,False,False,False,silhouette,0.3266407549381256,"{""2"": 0.27343225479125977, ""3"": 0.3067118227481842, ""4"": 0.3266407549381256, ""5"": 0.3077562153339386, ""6"": 0.27768102288246155, ""7"": 0.23249435424804688, ""8"": 0.23304899036884308}","[119328, 105855, 86433, 82624]",jpeg_color_clustering_bic,-1,5,13296,0.03372564935064935,8,3,12144,"{""1"": -688467.4531537088, ""2"": -718028.4990830229, ""3"": -1173485.0638860266, ""4"": -2660106.7776314346, ""5"": -2801720.678557929, ""6"": -2997354.325935844, ""7"": -3069524.5410118396, ""8"": -3114066.5872729416}","[136428, 131285, 113231, 5909, 3184, 1758, 1381, 1064]","[136428, 131285, 113231]","[3, 4, 5, 6, 7]","[5909, 3184, 1758, 1381, 1064]",bic,-3114066.5872729416,ok
detexture_ade20k_multi,feature_cluster_coarse_global_pooled_predicted_k,training,325,training_ADE_train_00014163,detexture_multi_partition_v1,multi_partition_invariant,0.4985925359481281,0.5351123000981889,0.5816728884451429,3,8,4,0.0,0.9608781175771971,258899,269440,10541,4,3,True,hungarian_iou_assignment,"[0.7106349131345587, 0.6525547141549471, 0.6311805165030064, 0.0]","[{""pred_label"": 0, ""gt_label"": 0, ""iou"": 0.7106349131345587}, {""pred_label"": 1, ""gt_label"": 1, ""iou"": 0.6525547141549471}, {""pred_label"": 2, ""gt_label"": 2, ""iou"": 0.6311805165030064}, {""pred_label"": 3, ""gt_label"": -1, ""iou"": 0.0}]",fpn_2,fpn_2,72x72,1,3,3,24x24,pooled_avg_pool_multi_way,False,False,False,silhouette,0.30500364303588867,"{""2"": 0.2876366078853607, ""3"": 0.2825939357280731, ""4"": 0.30500364303588867, ""5"": 0.27979815006256104, ""6"": 0.25610676407814026, ""7"": 0.22866004705429077, ""8"": 0.25261035561561584}","[129226, 65674, 45182, 29358]",jpeg_color_clustering_bic,-1,5,10541,0.03912188242280285,8,3,17026,"{""1"": -450716.45392268087, ""2"": -469500.77414220525, ""3"": -892911.7591930261, ""4"": -908677.8602166167, ""5"": -1637825.249264334, ""6"": -1673513.3849482026, ""7"": -1742100.6776595062, ""8"": -1755150.1404021443}","[96145, 93846, 68908, 4346, 3445, 1688, 857, 205]","[96145, 93846, 68908]","[3, 4, 5, 6, 7]","[4346, 3445, 1688, 857, 205]",bic,-1755150.1404021443,ok
detexture_ade20k_multi,feature_cluster_coarse_global_pooled_predicted_k,training,326,training_ADE_train_00014165,detexture_multi_partition_v1,multi_partition_invariant,0.8753981396026772,0.8055847022002419,0.7551515211381238,3,8,3,1.0,0.951021645021645,219686,231000,11314,3,3,True,hungarian_iou_assignment,"[0.878709381529106, 0.9121025364787148, 0.8353825008002109]","[{""pred_label"": 0, ""gt_label"": 0, ""iou"": 0.878709381529106}, {""pred_label"": 1, ""gt_label"": 1, ""iou"": 0.9121025364787148}, {""pred_label"": 2, ""gt_label"": 2, ""iou"": 0.8353825008002109}]",fpn_2,fpn_2,72x72,1,3,3,24x24,pooled_avg_pool_multi_way,False,False,False,silhouette,0.28281736373901367,"{""2"": 0.21850460767745972, ""3"": 0.28281736373901367, ""4"": 0.22067242860794067, ""5"": 0.22035135328769684, ""6"": 0.21849437057971954, ""7"": 0.2136332243680954, ""8"": 0.21419373154640198}","[117200, 62400, 51400]",jpeg_color_clustering_bic,-1,5,11314,0.048978354978354975,8,3,11566,"{""1"": -471126.82551917253, ""2"": -553535.3205487907, ""3"": -737793.2394900057, ""4"": -1285692.8913555106, ""5"": -1316832.3252921267, ""6"": -1594875.8890271846, ""7"": -1618608.6947189996, ""8"": -1751307.9908168623}","[109225, 62327, 48134, 3582, 2636, 2513, 1526, 1057]","[109225, 62327, 48134]","[3, 4, 5, 6, 7]","[3582, 2636, 2513, 1526, 1057]",bic,-1751307.9908168623,ok
detexture_ade20k_multi,feature_cluster_coarse_global_pooled_predicted_k,training,327,training_ADE_train_00014166,detexture_multi_partition_v1,multi_partition_invariant,0.9125277298041723,0.8260305118235081,0.7337396707888844,2,8,2,1.0,0.8672527903976667,185547,213948,28401,2,2,True,hungarian_iou_assignment,"[0.917720102375461, 0.9073353572328836]","[{""pred_label"": 0, ""gt_label"": 0, ""iou"": 0.917720102375461}, {""pred_label"": 1, ""gt_label"": 1, ""iou"": 0.9073353572328836}]",fpn_2,fpn_2,72x72,1,3,3,24x24,pooled_avg_pool_multi_way,False,False,False,silhouette,0.2740267515182495,"{""2"": 0.2740267515182495, ""3"": 0.2677035331726074, ""4"": 0.2542000710964203, ""5"": 0.24203181266784668, ""6"": 0.2536703050136566, ""7"": 0.21149486303329468, ""8"": 0.20146894454956055}","[124335, 89613]",jpeg_color_clustering_bic,-1,6,28401,0.13274720960233327,8,2,11354,"{""1"": -442080.8166908189, ""2"": -470206.9977295101, ""3"": -566817.0494042304, ""4"": -1275590.58830898, ""5"": -1374614.6390223096, ""6"": -1438806.80414441, ""7"": -1468903.43143554, ""8"": -1520710.9777547752}","[99491, 86056, 18585, 3666, 3277, 1463, 1102, 308]","[99491, 86056]","[2, 3, 4, 5, 6, 7]","[18585, 3666, 3277, 1463, 1102, 308]",bic,-1520710.9777547752,ok
detexture_ade20k_multi,feature_cluster_coarse_global_pooled_predicted_k,training,328,training_ADE_train_00014167,detexture_multi_partition_v1,multi_partition_invariant,0.6861079343296063,0.7457579221242908,0.6939660302045411,3,8,3,1.0,0.8329728520286396,357392,429056,71664,3,3,True,hungarian_iou_assignment,"[0.932844573118566, 0.7509702928399992, 0.3745089370302533]","[{""pred_label"": 0, ""gt_label"": 0, ""iou"": 0.932844573118566}, {""pred_label"": 1, ""gt_label"": 1, ""iou"": 0.7509702928399992}, {""pred_label"": 2, ""gt_label"": 2, ""iou"": 0.3745089370302533}]",fpn_2,fpn_2,72x72,1,3,3,24x24,pooled_avg_pool_multi_way,False,False,False,silhouette,0.3434999883174896,"{""2"": 0.31471481919288635, ""3"": 0.3434999883174896, ""4"": 0.3401542007923126, ""5"": 0.20513854920864105, ""6"": 0.20797733962535858, ""7"": 0.22314569354057312, ""8"": 0.256073534488678}","[168799, 156800, 103457]",jpeg_color_clustering_bic,-1,5,71664,0.1670271479713604,8,3,20654,"{""1"": -849142.5246983153, ""2"": -959732.5036217156, ""3"": -1383652.1561051814, ""4"": -1440507.4024738313, ""5"": -2048381.5230067666, ""6"": -2208202.142601689, ""7"": -2228499.7321694815, ""8"": -2948209.1469157506}","[176501, 116818, 64073, 39380, 15774, 10967, 3744, 1799]","[176501, 116818, 64073]","[3, 4, 5, 6, 7]","[39380, 15774, 10967, 3744, 1799]",bic,-2948209.1469157506,ok
detexture_ade20k_multi,feature_cluster_coarse_global_pooled_predicted_k,training,329,training_ADE_train_00014168,detexture_multi_partition_v1,multi_partition_invariant,0.0611951658953467,-1.082104281230323e-16,0.0,1,8,5,0.0,0.8904048087481699,311371,349696,38325,5,1,True,hungarian_iou_assignment,"[0.3059758294767335, 0.0, 0.0, 0.0, 0.0]","[{""pred_label"": 0, ""gt_label"": 0, ""iou"": 0.3059758294767335}, {""pred_label"": 1, ""gt_label"": -1, ""iou"": 0.0}, {""pred_label"": 2, ""gt_label"": -1, ""iou"": 0.0}, {""pred_label"": 3, ""gt_label"": -1, ""iou"": 0.0}, {""pred_label"": 4, ""gt_label"": -1, ""iou"": 0.0}]",fpn_2,fpn_2,72x72,1,3,3,24x24,pooled_avg_pool_multi_way,False,False,False,silhouette,0.33036598563194275,"{""2"": 0.3165620267391205, ""3"": 0.27285274863243103, ""4"": 0.3151248097419739, ""5"": 0.33036598563194275, ""6"": 0.29664838314056396, ""7"": 0.24390509724617004, ""8"": 0.2540394067764282}","[98065, 95322, 89626, 33922, 32761]",jpeg_color_clustering_bic,-1,7,38325,0.10959519125183016,8,1,8485,"{""1"": -1004223.5511402539, ""2"": -1062609.3268829475, ""3"": -2145512.218006627, ""4"": -2223155.2283399194, ""5"": -2243956.4566778163, ""6"": -2304985.266980212, ""7"": -2312590.511827852, ""8"": -2322001.91681105}","[311371, 29089, 3452, 2976, 1232, 794, 670, 112]",[311371],"[1, 2, 3, 4, 5, 6, 7]","[29089, 3452, 2976, 1232, 794, 670, 112]",bic,-2322001.91681105,ok
detexture_ade20k_multi,feature_cluster_coarse_global_pooled_predicted_k,training,330,training_ADE_train_00014171,detexture_multi_partition_v1,multi_partition_invariant,0.5290302759287041,0.643609331389187,0.659851183077329,3,8,2,0.0,0.9477922077922077,76629,80850,4221,2,3,True,hungarian_iou_assignment,"[0.6475777991658647, 0.9395130286202478, 0.0]","[{""pred_label"": 0, ""gt_label"": 1, ""iou"": 0.6475777991658647}, {""pred_label"": 1, ""gt_label"": 0, ""iou"": 0.9395130286202478}, {""pred_label"": -1, ""gt_label"": 2, ""iou"": 0.0}]",fpn_2,fpn_2,72x72,1,3,3,24x24,pooled_avg_pool_multi_way,False,False,False,silhouette,0.3145294785499573,"{""2"": 0.3145294785499573, ""3"": 0.25277435779571533, ""4"": 0.21566350758075714, ""5"": 0.23730580508708954, ""6"": 0.21628132462501526, ""7"": 0.2245350182056427, ""8"": 0.23152276873588562}","[46786, 34064]",jpeg_color_clustering_bic,-1,5,4221,0.05220779220779221,8,3,7904,"{""1"": -208701.1299736696, ""2"": -220066.4131917053, ""3"": -329130.750776881, ""4"": -333035.69797809864, ""5"": -522316.85639806796, ""6"": -550067.5288869373, ""7"": -590685.7042400639, ""8"": -595680.4426945092}","[34539, 28835, 13255, 1766, 1383, 610, 373, 89]","[34539, 28835, 13255]","[3, 4, 5, 6, 7]","[1766, 1383, 610, 373, 89]",bic,-595680.4426945092,ok
detexture_ade20k_multi,feature_cluster_coarse_global_pooled_predicted_k,training,331,training_ADE_train_00014183,detexture_multi_partition_v1,multi_partition_invariant,0.1909860469993202,0.20892748823605842,0.3001142629511546,2,8,6,0.0,0.80235,48141,60000,11859,6,2,True,hungarian_iou_assignment,"[0.44012928248222366, 0.0, 0.7057869995136975, 0.0, 0.0, 0.0]","[{""pred_label"": 0, ""gt_label"": 0, ""iou"": 0.44012928248222366}, {""pred_label"": 1, ""gt_label"": -1, ""iou"": 0.0}, {""pred_label"": 2, ""gt_label"": 1, ""iou"": 0.7057869995136975}, {""pred_label"": 3, ""gt_label"": -1, ""iou"": 0.0}, {""pred_label"": 4, ""gt_label"": -1, ""iou"": 0.0}, {""pred_label"": 5, ""gt_label"": -1, ""iou"": 0.0}]",fpn_2,fpn_2,72x72,1,3,3,24x24,pooled_avg_pool_multi_way,False,False,False,silhouette,0.2619819939136505,"{""2"": 0.21959631145000458, ""3"": 0.2155662477016449, ""4"": 0.2461283951997757, ""5"": 0.25797805190086365, ""6"": 0.2619819939136505, ""7"": 0.2562946379184723, ""8"": 0.26044633984565735}","[19179, 12850, 10725, 7784, 5058, 4404]",jpeg_color_clustering_bic,-1,6,11859,0.19765,8,2,3961,"{""1"": -120534.17900412231, ""2"": -151165.00097351545, ""3"": -232617.10480026386, ""4"": -234496.18474566305, ""5"": -235345.89587380784, ""6"": -432933.1806471215, ""7"": -434739.8756787133, ""8"": -441682.94185633626}","[37820, 10321, 6925, 2715, 1059, 707, 254, 199]","[37820, 10321]","[2, 3, 4, 5, 6, 7]","[6925, 2715, 1059, 707, 254, 199]",bic,-441682.94185633626,ok
detexture_ade20k_multi,feature_cluster_coarse_global_pooled_predicted_k,training,332,training_ADE_train_00014186,detexture_multi_partition_v1,multi_partition_invariant,0.6102350685832946,0.7930343139094317,0.7414261291888979,3,8,4,0.0,0.9032165995947141,63292,70074,6782,4,3,True,hungarian_iou_assignment,"[0.9671320636468089, 0.7426449468630749, 0.7311632638232943, 0.0]","[{""pred_label"": 0, ""gt_label"": 0, ""iou"": 0.9671320636468089}, {""pred_label"": 1, ""gt_label"": 1, ""iou"": 0.7426449468630749}, {""pred_label"": 2, ""gt_label"": 2, ""iou"": 0.7311632638232943}, {""pred_label"": 3, ""gt_label"": -1, ""iou"": 0.0}]",fpn_2,fpn_2,72x72,1,3,3,24x24,pooled_avg_pool_multi_way,False,False,False,silhouette,0.34530866146087646,"{""2"": 0.31855884194374084, ""3"": 0.321163147687912, ""4"": 0.34530866146087646, ""5"": 0.3263579308986664, ""6"": 0.2555321455001831, ""7"": 0.25155410170555115, ""8"": 0.2559569776058197}","[28154, 19833, 15101, 6986]",jpeg_color_clustering_bic,-1,5,6782,0.09678340040528584,8,3,7846,"{""1"": -121286.02449724138, ""2"": -125603.87917753619, ""3"": -187665.8613742946, ""4"": -286048.6376241847, ""5"": -353147.3122156354, ""6"": -368738.03164576093, ""7"": -397167.5375983426, ""8"": -412009.1324131294}","[28519, 24260, 10513, 2913, 1318, 1022, 837, 692]","[28519, 24260, 10513]","[3, 4, 5, 6, 7]","[2913, 1318, 1022, 837, 692]",bic,-412009.1324131294,ok
detexture_ade20k_multi,feature_cluster_coarse_global_pooled_predicted_k,training,333,training_ADE_train_00014240,detexture_multi_partition_v1,multi_partition_invariant,0.9162903943725226,0.8945034161967428,0.843021138486165,3,8,3,1.0,0.8703304925014508,181470,208507,27037,3,3,True,hungarian_iou_assignment,"[0.9371420337884082, 0.9673609262709608, 0.8443682230581987]","[{""pred_label"": 0, ""gt_label"": 0, ""iou"": 0.9371420337884082}, {""pred_label"": 1, ""gt_label"": 1, ""iou"": 0.9673609262709608}, {""pred_label"": 2, ""gt_label"": 2, ""iou"": 0.8443682230581987}]",fpn_2,fpn_2,72x72,1,3,3,24x24,pooled_avg_pool_multi_way,False,False,False,silhouette,0.36250507831573486,"{""2"": 0.3162570893764496, ""3"": 0.36250507831573486, ""4"": 0.34642383456230164, ""5"": 0.3438533544540405, ""6"": 0.32504919171333313, ""7"": 0.32404348254203796, ""8"": 0.3012990653514862}","[101955, 60372, 46180]",jpeg_color_clustering_bic,-1,5,27037,0.12966950749854922,8,3,8533,"{""1"": -452777.9525398075, ""2"": -477174.74237582413, ""3"": -611911.4669765169, ""4"": -933293.2997797984, ""5"": -935241.9115172009, ""6"": -957320.2883843818, ""7"": -1528174.2707999386, ""8"": -1535285.139425393}","[81690, 59650, 40130, 18782, 4799, 2668, 541, 247]","[81690, 59650, 40130]","[3, 4, 5, 6, 7]","[18782, 4799, 2668, 541, 247]",bic,-1535285.139425393,ok
detexture_ade20k_multi,feature_cluster_coarse_global_pooled_predicted_k,training,334,training_ADE_train_00014243,detexture_multi_partition_v1,multi_partition_invariant,0.5773994008849763,0.4577266414865842,0.6372650120392407,3,8,4,0.0,0.8879877665820158,130076,146484,16408,4,3,True,hungarian_iou_assignment,"[0.5226407833411725, 0.0, 0.9784880147510756, 0.8084688054476574]","[{""pred_label"": 0, ""gt_label"": 0, ""iou"": 0.5226407833411725}, {""pred_label"": 1, ""gt_label"": -1, ""iou"": 0.0}, {""pred_label"": 2, ""gt_label"": 1, ""iou"": 0.9784880147510756}, {""pred_label"": 3, ""gt_label"": 2, ""iou"": 0.8084688054476574}]",fpn_2,fpn_2,72x72,1,3,3,24x24,pooled_avg_pool_multi_way,False,False,False,silhouette,0.30898767709732056,"{""2"": 0.25537043809890747, ""3"": 0.2644693851470947, ""4"": 0.30898767709732056, ""5"": 0.288565456867218, ""6"": 0.27998101711273193, ""7"": 0.2670746445655823, ""8"": 0.23773305118083954}","[62881, 42848, 21502, 19253]",jpeg_color_clustering_bic,-1,5,16408,0.11201223341798422,8,3,7963,"{""1"": -316983.63542298815, ""2"": -337661.7673180481, ""3"": -475010.7054633926, ""4"": -679255.6074621665, ""5"": -682560.0707618974, ""6"": -685878.8852332241, ""7"": -1048126.6925245154, ""8"": -1054589.3633790086}","[91918, 19524, 18634, 12531, 2384, 699, 624, 170]","[91918, 19524, 18634]","[3, 4, 5, 6, 7]","[12531, 2384, 699, 624, 170]",bic,-1054589.3633790086,ok
detexture_ade20k_multi,feature_cluster_coarse_global_pooled_predicted_k,training,335,training_ADE_train_00014245,detexture_multi_partition_v1,multi_partition_invariant,0.66804395556803,0.4163144466980223,0.560393105438861,3,8,3,1.0,0.8111650707838916,177053,218270,41217,3,3,True,hungarian_iou_assignment,"[0.5564448527300913, 0.8853350222996331, 0.5623519916743658]","[{""pred_label"": 0, ""gt_label"": 1, ""iou"": 0.5564448527300913}, {""pred_label"": 1, ""gt_label"": 2, ""iou"": 0.8853350222996331}, {""pred_label"": 2, ""gt_label"": 0, ""iou"": 0.5623519916743658}]",fpn_2,fpn_2,72x72,1,3,3,24x24,pooled_avg_pool_multi_way,False,False,False,silhouette,0.31904372572898865,"{""2"": 0.29796862602233887, ""3"": 0.31904372572898865, ""4"": 0.2642003297805786, ""5"": 0.27076420187950134, ""6"": 0.2503253221511841, ""7"": 0.2503319978713989, ""8"": 0.27468445897102356}","[103434, 60062, 54774]",jpeg_color_clustering_bic,-1,5,41217,0.18883492921610848,8,3,11267,"{""1"": -509481.3874221481, ""2"": -540881.6826367701, ""3"": -622526.134049873, ""4"": -895092.9215047703, ""5"": -1115417.3472525745, ""6"": -1223160.9818355518, ""7"": -1225335.8267709862, ""8"": -1531323.5085068368}","[93236, 48458, 35359, 18274, 13135, 6622, 2872, 314]","[93236, 48458, 35359]","[3, 4, 5, 6, 7]","[18274, 13135, 6622, 2872, 314]",bic,-1531323.5085068368,ok
detexture_ade20k_multi,feature_cluster_coarse_global_pooled_predicted_k,training,336,training_ADE_train_00014246,detexture_multi_partition_v1,multi_partition_invariant,0.5668771810293897,0.6093426931735733,0.5920419195211204,2,8,3,0.0,0.835890540968048,52845,63220,10375,3,2,True,hungarian_iou_assignment,"[0.8351472320376914, 0.0, 0.8654843110504775]","[{""pred_label"": 0, ""gt_label"": 0, ""iou"": 0.8351472320376914}, {""pred_label"": 1, ""gt_label"": -1, ""iou"": 0.0}, {""pred_label"": 2, ""gt_label"": 1, ""iou"": 0.8654843110504775}]",fpn_2,fpn_2,72x72,1,3,3,24x24,pooled_avg_pool_multi_way,False,False,False,silhouette,0.30580228567123413,"{""2"": 0.29272401332855225, ""3"": 0.30580228567123413, ""4"": 0.26170676946640015, ""5"": 0.2470901608467102, ""6"": 0.2691100835800171, ""7"": 0.2675524950027466, ""8"": 0.2717708647251129}","[36272, 16184, 10764]",jpeg_color_clustering_bic,-1,6,10375,0.16410945903195193,8,2,4587,"{""1"": -142430.02543413846, ""2"": -205721.0308027706, ""3"": -246290.87804293176, ""4"": -419542.7607860322, ""5"": -429957.5111401157, ""6"": -456059.94362166006, ""7"": -461058.3189344677, ""8"": -465757.6493118598}","[42433, 10412, 7434, 1435, 910, 380, 158, 58]","[42433, 10412]","[2, 3, 4, 5, 6, 7]","[7434, 1435, 910, 380, 158, 58]",bic,-465757.6493118598,ok
detexture_ade20k_multi,feature_cluster_coarse_global_pooled_predicted_k,training,337,training_ADE_train_00014346,detexture_multi_partition_v1,multi_partition_invariant,0.11626131377370082,0.19439661533259633,0.29603536264621627,2,8,7,0.0,0.7130147925902707,143301,200979,57678,7,2,True,hungarian_iou_assignment,"[0.5283877878950187, 0.28544140852088695, 0.0, 0.0, 0.0, 0.0, 0.0]","[{""pred_label"": 0, ""gt_label"": 1, ""iou"": 0.5283877878950187}, {""pred_label"": 1, ""gt_label"": 0, ""iou"": 0.28544140852088695}, {""pred_label"": 2, ""gt_label"": -1, ""iou"": 0.0}, {""pred_label"": 3, ""gt_label"": -1, ""iou"": 0.0}, {""pred_label"": 4, ""gt_label"": -1, ""iou"": 0.0}, {""pred_label"": 5, ""gt_label"": -1, ""iou"": 0.0}, {""pred_label"": 6, ""gt_label"": -1, ""iou"": 0.0}]",fpn_2,fpn_2,72x72,1,3,3,24x24,pooled_avg_pool_multi_way,False,False,False,silhouette,0.25296878814697266,"{""2"": 0.20946954190731049, ""3"": 0.1787983626127243, ""4"": 0.17386092245578766, ""5"": 0.2191767692565918, ""6"": 0.2261035144329071, ""7"": 0.25296878814697266, ""8"": 0.24904054403305054}","[51275, 41527, 27748, 24565, 21977, 21227, 12660]",jpeg_color_clustering_bic,-1,6,57678,0.2869852074097294,8,2,9827,"{""1"": -453996.9056799214, ""2"": -535616.2393855031, ""3"": -648059.6584178525, ""4"": -770745.8137148181, ""5"": -1070985.2691695455, ""6"": -1270038.7525835002, ""7"": -1414159.989504944, ""8"": -1459674.687865574}","[83837, 59464, 22350, 21291, 4682, 3881, 3492, 1982]","[83837, 59464]","[2, 3, 4, 5, 6, 7]","[22350, 21291, 4682, 3881, 3492, 1982]",bic,-1459674.687865574,ok
detexture_ade20k_multi,feature_cluster_coarse_global_pooled_predicted_k,training,338,training_ADE_train_00014349,detexture_multi_partition_v1,multi_partition_invariant,0.06926960279493262,0.03933589300532093,0.0851623026702503,2,8,7,0.0,0.7061913493075802,248037,351232,103195,7,2,True,hungarian_iou_assignment,"[0.0, 0.2853411178743914, 0.0, 0.19954610169013687, 0.0, 0.0, 0.0]","[{""pred_label"": 0, ""gt_label"": -1, ""iou"": 0.0}, {""pred_label"": 1, ""gt_label"": 0, ""iou"": 0.2853411178743914}, {""pred_label"": 2, ""gt_label"": -1, ""iou"": 0.0}, {""pred_label"": 3, ""gt_label"": 1, ""iou"": 0.19954610169013687}, {""pred_label"": 4, ""gt_label"": -1, ""iou"": 0.0}, {""pred_label"": 5, ""gt_label"": -1, ""iou"": 0.0}, {""pred_label"": 6, ""gt_label"": -1, ""iou"": 0.0}]",fpn_2,fpn_2,72x72,1,3,3,24x24,pooled_avg_pool_multi_way,False,False,False,silhouette,0.22429034113883972,"{""2"": 0.18876880407333374, ""3"": 0.18860523402690887, ""4"": 0.20121732354164124, ""5"": 0.2151610404253006, ""6"": 0.19635772705078125, ""7"": 0.22429034113883972, ""8"": 0.2148999720811844}","[65532, 63126, 49804, 49875, 45852, 41553, 35490]",jpeg_color_clustering_bic,-1,6,103195,0.29380865069241985,8,2,26521,"{""1"": -773410.8745140869, ""2"": -896676.3945076371, ""3"": -1096413.3039440312, ""4"": -1100152.4610379168, ""5"": -1190747.2132246986, ""6"": -1222284.8573726148, ""7"": -1398872.235011926, ""8"": -1426800.4825160217}","[203948, 44089, 34000, 30778, 16959, 10082, 5766, 5610]","[203948, 44089]","[2, 3, 4, 5, 6, 7]","[34000, 30778, 16959, 10082, 5766, 5610]",bic,-1426800.4825160217,ok
detexture_ade20k_multi,feature_cluster_coarse_global_pooled_predicted_k,training,339,training_ADE_train_00014484,detexture_multi_partition_v1,multi_partition_invariant,0.5369714135888802,0.8499486628711137,0.8327058905506465,3,8,5,0.0,0.9676627604166667,297266,307200,9934,5,3,True,hungarian_iou_assignment,"[0.975799362108674, 0.8050076922450774, 0.9040500135906496, 0.0, 0.0]","[{""pred_label"": 0, ""gt_label"": 0, ""iou"": 0.975799362108674}, {""pred_label"": 1, ""gt_label"": 1, ""iou"": 0.8050076922450774}, {""pred_label"": 2, ""gt_label"": 2, ""iou"": 0.9040500135906496}, {""pred_label"": 3, ""gt_label"": -1, ""iou"": 0.0}, {""pred_label"": 4, ""gt_label"": -1, ""iou"": 0.0}]",fpn_2,fpn_2,72x72,1,3,3,24x24,pooled_avg_pool_multi_way,False,False,False,silhouette,0.3945077657699585,"{""2"": 0.3305545747280121, ""3"": 0.3809460699558258, ""4"": 0.3747359812259674, ""5"": 0.3945077657699585, ""6"": 0.39199358224868774, ""7"": 0.2685123682022095, ""8"": 0.2565769553184509}","[135960, 100320, 43240, 18660, 9020]",jpeg_color_clustering_bic,-1,5,9934,0.03233723958333334,8,3,6710,"{""1"": -491531.6537726376, ""2"": -1084009.135438054, ""3"": -1249942.3481808202, ""4"": -1956148.7381716906, ""5"": -1990252.154786897, ""6"": -2026874.5008873867, ""7"": -2345249.861056906, ""8"": -2359557.3153727083}","[137449, 122832, 36985, 4348, 2996, 1195, 1135, 260]","[137449, 122832, 36985]","[3, 4, 5, 6, 7]","[4348, 2996, 1195, 1135, 260]",bic,-2359557.3153727083,ok
detexture_ade20k_multi,feature_cluster_coarse_global_pooled_predicted_k,training,340,training_ADE_train_00014485,detexture_multi_partition_v1,multi_partition_invariant,0.2943821637375427,0.4519817176272963,0.5888501394291648,3,8,7,0.0,0.8145098039215686,49848,61200,11352,7,3,True,hungarian_iou_assignment,"[0.9809690828786698, 0.3503500269251481, 0.0, 0.0, 0.0, 0.7293560363589809, 0.0]","[{""pred_label"": 0, ""gt_label"": 1, ""iou"": 0.9809690828786698}, {""pred_label"": 1, ""gt_label"": 0, ""iou"": 0.3503500269251481}, {""pred_label"": 2, ""gt_label"": -1, ""iou"": 0.0}, {""pred_label"": 3, ""gt_label"": -1, ""iou"": 0.0}, {""pred_label"": 4, ""gt_label"": -1, ""iou"": 0.0}, {""pred_label"": 5, ""gt_label"": 2, ""iou"": 0.7293560363589809}, {""pred_label"": 6, ""gt_label"": -1, ""iou"": 0.0}]",fpn_2,fpn_2,72x72,1,3,3,24x24,pooled_avg_pool_multi_way,False,False,False,silhouette,0.322275310754776,"{""2"": 0.2816343903541565, ""3"": 0.24345824122428894, ""4"": 0.2509869337081909, ""5"": 0.27600646018981934, ""6"": 0.312927782535553, ""7"": 0.322275310754776, ""8"": 0.31593912839889526}","[15300, 10930, 9000, 8004, 6225, 6067, 5674]",jpeg_color_clustering_bic,-1,5,11352,0.18549019607843137,8,3,6013,"{""1"": -118980.64312823184, ""2"": -123491.08093763192, ""3"": -199568.31640977194, ""4"": -270273.0574795362, ""5"": -272289.16103738645, ""6"": -327769.0364919856, ""7"": -401756.0201578279, ""8"": -403161.26521293883}","[26829, 15396, 7623, 6184, 4024, 695, 389, 60]","[26829, 15396, 7623]","[3, 4, 5, 6, 7]","[6184, 4024, 695, 389, 60]",bic,-403161.26521293883,ok
detexture_ade20k_multi,feature_cluster_coarse_global_pooled_predicted_k,training,341,training_ADE_train_00014530,detexture_multi_partition_v1,multi_partition_invariant,0.4122513770592844,0.03605417163796456,0.087768013627361,2,8,2,1.0,0.8155407407407408,110098,135000,24902,2,2,True,hungarian_iou_assignment,"[0.50774757086601, 0.31675518325255875]","[{""pred_label"": 0, ""gt_label"": 1, ""iou"": 0.50774757086601}, {""pred_label"": 1, ""gt_label"": 0, ""iou"": 0.31675518325255875}]",fpn_2,fpn_2,72x72,1,3,3,24x24,pooled_avg_pool_multi_way,False,False,False,silhouette,0.30549293756484985,"{""2"": 0.30549293756484985, ""3"": 0.27053239941596985, ""4"": 0.26136770844459534, ""5"": 0.29640495777130127, ""6"": 0.2517349421977997, ""7"": 0.2714036703109741, ""8"": 0.26936495304107666}","[86690, 48310]",jpeg_color_clustering_bic,-1,6,24902,0.18445925925925927,8,2,14794,"{""1"": -325319.22499129095, ""2"": -350396.36610704305, ""3"": -362994.4486296193, ""4"": -595834.8338370317, ""5"": -605044.8918224213, ""6"": -674641.7460251121, ""7"": -714763.2430703512, ""8"": -736883.7199617948}","[60812, 49286, 12620, 4407, 3284, 2779, 1336, 476]","[60812, 49286]","[2, 3, 4, 5, 6, 7]","[12620, 4407, 3284, 2779, 1336, 476]",bic,-736883.7199617948,ok
detexture_ade20k_multi,feature_cluster_coarse_global_pooled_predicted_k,training,342,training_ADE_train_00014593,detexture_multi_partition_v1,multi_partition_invariant,0.6231487675916074,0.8711383205003281,0.8084515732065063,2,8,3,0.0,0.8085853658536586,132608,164000,31392,3,2,True,hungarian_iou_assignment,"[0.9488354094108542, 0.9206108933639681, 0.0]","[{""pred_label"": 0, ""gt_label"": 0, ""iou"": 0.9488354094108542}, {""pred_label"": 1, ""gt_label"": 1, ""iou"": 0.9206108933639681}, {""pred_label"": 2, ""gt_label"": -1, ""iou"": 0.0}]",fpn_2,fpn_2,72x72,1,3,3,24x24,pooled_avg_pool_multi_way,False,False,False,silhouette,0.41420912742614746,"{""2"": 0.40040889382362366, ""3"": 0.41420912742614746, ""4"": 0.3923851251602173, ""5"": 0.393950492143631, ""6"": 0.26900455355644226, ""7"": 0.2726483643054962, ""8"": 0.2788349986076355}","[92752, 47227, 24021]",jpeg_color_clustering_bic,-1,6,31392,0.19141463414634147,8,2,8845,"{""1"": -300010.8164911745, ""2"": -309672.17539346346, ""3"": -613461.0766584636, ""4"": -830379.5771041221, ""5"": -841584.0729306358, ""6"": -999408.3001734238, ""7"": -1154636.0262560977, ""8"": -1183531.629483719}","[95613, 36995, 13283, 9701, 3360, 2153, 1855, 1040]","[95613, 36995]","[2, 3, 4, 5, 6, 7]","[13283, 9701, 3360, 2153, 1855, 1040]",bic,-1183531.629483719,ok
detexture_ade20k_multi,feature_cluster_coarse_global_pooled_predicted_k,training,343,training_ADE_train_00014633,detexture_multi_partition_v1,multi_partition_invariant,0.23541512765098704,0.23309980657607296,0.25685424303294546,4,8,2,0.0,0.8669010416666667,66578,76800,10222,2,4,True,hungarian_iou_assignment,"[0.4251759877393044, 0.5164845228646437, 0.0, 0.0]","[{""pred_label"": 0, ""gt_label"": 1, ""iou"": 0.4251759877393044}, {""pred_label"": 1, ""gt_label"": 0, ""iou"": 0.5164845228646437}, {""pred_label"": -1, ""gt_label"": 2, ""iou"": 0.0}, {""pred_label"": -1, ""gt_label"": 3, ""iou"": 0.0}]",fpn_2,fpn_2,72x72,1,3,3,24x24,pooled_avg_pool_multi_way,False,False,False,silhouette,0.22360295057296753,"{""2"": 0.22360295057296753, ""3"": 0.2052106261253357, ""4"": 0.19389621913433075, ""5"": 0.1877472698688507, ""6"": 0.18948429822921753, ""7"": 0.19497987627983093, ""8"": 0.20136556029319763}","[43990, 32810]",jpeg_color_clustering_bic,-1,4,10222,0.13309895833333332,8,4,20284,"{""1"": -174611.4743528203, ""2"": -204570.3475914001, ""3"": -215478.60733006068, ""4"": -278462.46055709705, ""5"": -297348.3599890671, ""6"": -321851.78592094686, ""7"": -329664.55499819183, ""8"": -335259.59223800804}","[19740, 18224, 16646, 11968, 7043, 1747, 880, 552]","[19740, 18224, 16646, 11968]","[4, 5, 6, 7]","[7043, 1747, 880, 552]",bic,-335259.59223800804,ok
detexture_ade20k_multi,feature_cluster_coarse_global_pooled_predicted_k,training,344,training_ADE_train_00014668,detexture_multi_partition_v1,multi_partition_invariant,0.5172565068345676,0.5872704887826053,0.6927949587655681,3,7,2,0.0,0.7245611846879536,255602,352768,97166,2,3,True,hungarian_iou_assignment,"[0.5824464162815849, 0.9693231042221179, 0.0]","[{""pred_label"": 0, ""gt_label"": 1, ""iou"": 0.5824464162815849}, {""pred_label"": 1, ""gt_label"": 0, ""iou"": 0.9693231042221179}, {""pred_label"": -1, ""gt_label"": 2, ""iou"": 0.0}]",fpn_2,fpn_2,72x72,1,3,3,24x24,pooled_avg_pool_multi_way,False,False,False,silhouette,0.30759701132774353,"{""2"": 0.30759701132774353, ""3"": 0.25916507840156555, ""4"": 0.26795732975006104, ""5"": 0.28002500534057617, ""6"": 0.2828368544578552, ""7"": 0.27414044737815857, ""8"": 0.24288123846054077}","[188782, 163986]",jpeg_color_clustering_bic,-1,4,97166,0.27543881531204645,7,3,15919,"{""1"": -676461.7869560302, ""2"": -778441.3527237055, ""3"": -837860.1305369586, ""4"": -1148290.6615605196, ""5"": -1256385.6338253387, ""6"": -1534071.0764420312, ""7"": -2095540.0816539659, ""8"": -1786832.7584759842}","[95713, 94877, 65012, 37258, 31786, 18804, 9318]","[95713, 94877, 65012]","[3, 4, 5, 6]","[37258, 31786, 18804, 9318]",bic,-2095540.0816539659,ok
detexture_ade20k_multi,feature_cluster_coarse_global_pooled_predicted_k,training,345,training_ADE_train_00014678,detexture_multi_partition_v1,multi_partition_invariant,0.5895614927472859,0.23071987515114956,0.3540794342353337,2,8,2,1.0,0.8952333333333333,322284,360000,37716,2,2,True,hungarian_iou_assignment,"[0.5817923114824982, 0.5973306740120734]","[{""pred_label"": 0, ""gt_label"": 1, ""iou"": 0.5817923114824982}, {""pred_label"": 1, ""gt_label"": 0, ""iou"": 0.5973306740120734}]",fpn_2,fpn_2,72x72,1,3,3,24x24,pooled_avg_pool_multi_way,False,False,False,silhouette,0.2458944320678711,"{""2"": 0.2458944320678711, ""3"": 0.21752694249153137, ""4"": 0.21742112934589386, ""5"": 0.19883912801742554, ""6"": 0.2281785011291504, ""7"": 0.22115691006183624, ""8"": 0.24129578471183777}","[235625, 124375]",jpeg_color_clustering_bic,-1,6,37716,0.10476666666666666,8,2,3771,"{""1"": -661378.5476756613, ""2"": -675796.7014842295, ""3"": -1634942.5159512025, ""4"": -1635952.8614449913, ""5"": -2839645.7849755073, ""6"": -2913521.0663096895, ""7"": -3059958.690454507, ""8"": -3276453.695172897}","[206569, 115715, 31152, 2520, 1482, 1244, 1003, 315]","[206569, 115715]","[2, 3, 4, 5, 6, 7]","[31152, 2520, 1482, 1244, 1003, 315]",bic,-3276453.695172897,ok
detexture_ade20k_multi,feature_cluster_coarse_global_pooled_predicted_k,training,346,training_ADE_train_00014680,detexture_multi_partition_v1,multi_partition_invariant,0.3532557741610935,0.003200322915307931,0.14157980341267168,2,8,2,1.0,0.8073508522727273,318290,394240,75950,2,2,True,hungarian_iou_assignment,"[0.4958759579397612, 0.21063559038242582]","[{""pred_label"": 0, ""gt_label"": 1, ""iou"": 0.4958759579397612}, {""pred_label"": 1, ""gt_label"": 0, ""iou"": 0.21063559038242582}]",fpn_2,fpn_2,72x72,1,3,3,24x24,pooled_avg_pool_multi_way,False,False,False,silhouette,0.34156832098960876,"{""2"": 0.34156832098960876, ""3"": 0.2760283946990967, ""4"": 0.31046292185783386, ""5"": 0.302627831697464, ""6"": 0.30912747979164124, ""7"": 0.32811376452445984, ""8"": 0.292731374502182}","[319852, 74388]",jpeg_color_clustering_bic,-1,6,75950,0.19264914772727273,8,2,11421,"{""1"": -704673.3166408316, ""2"": -761554.9788549199, ""3"": -1612258.0508081927, ""4"": -1912182.4180830554, ""5"": -1926697.7537180663, ""6"": -1935701.4184505462, ""7"": -1971189.8813049952, ""8"": -2935923.5244974806}","[179172, 139118, 34865, 24923, 10698, 3425, 1307, 732]","[179172, 139118]","[2, 3, 4, 5, 6, 7]","[34865, 24923, 10698, 3425, 1307, 732]",bic,-2935923.5244974806,ok
detexture_ade20k_multi,feature_cluster_coarse_global_pooled_predicted_k,training,347,training_ADE_train_00014693,detexture_multi_partition_v1,multi_partition_invariant,0.5559263749114427,0.7626974044533507,0.7438546755330485,3,8,2,0.0,0.8271516927083333,254101,307200,53099,2,3,True,hungarian_iou_assignment,"[0.6958816376165383, 0.9718974871177899, 0.0]","[{""pred_label"": 0, ""gt_label"": 1, ""iou"": 0.6958816376165383}, {""pred_label"": 1, ""gt_label"": 0, ""iou"": 0.9718974871177899}, {""pred_label"": -1, ""gt_label"": 2, ""iou"": 0.0}]",fpn_2,fpn_2,72x72,1,3,3,24x24,pooled_avg_pool_multi_way,False,False,False,silhouette,0.3047736585140228,"{""2"": 0.3047736585140228, ""3"": 0.2957550287246704, ""4"": 0.2118113785982132, ""5"": 0.21558700501918793, ""6"": 0.2529361844062805, ""7"": 0.23697566986083984, ""8"": 0.24650175869464874}","[167480, 139720]",jpeg_color_clustering_bic,-1,5,53099,0.17284830729166667,8,3,14592,"{""1"": -587766.504607193, ""2"": -695811.4738038434, ""3"": -820557.7177859546, ""4"": -1053476.8494945525, ""5"": -1518978.2687797977, ""6"": -1620844.835998071, ""7"": -1648217.69863894, ""8"": -1922505.0733849928}","[129853, 85837, 38411, 32031, 9756, 6165, 3017, 2130]","[129853, 85837, 38411]","[3, 4, 5, 6, 7]","[32031, 9756, 6165, 3017, 2130]",bic,-1922505.0733849928,ok
detexture_ade20k_multi,feature_cluster_coarse_global_pooled_predicted_k,training,348,training_ADE_train_00014718,detexture_multi_partition_v1,multi_partition_invariant,0.21932272337350991,0.47295654139438503,0.6355933494151037,3,8,8,0.0,0.9613841017166369,28506,29651,1145,8,3,True,hungarian_iou_assignment,"[0.8683858004018754, 0.0, 0.42755851699982916, 0.4586374695863747, 0.0, 0.0, 0.0, 0.0]","[{""pred_label"": 0, ""gt_label"": 2, ""iou"": 0.8683858004018754}, {""pred_label"": 1, ""gt_label"": -1, ""iou"": 0.0}, {""pred_label"": 2, ""gt_label"": 0, ""iou"": 0.42755851699982916}, {""pred_label"": 3, ""gt_label"": 1, ""iou"": 0.4586374695863747}, {""pred_label"": 4, ""gt_label"": -1, ""iou"": 0.0}, {""pred_label"": 5, ""gt_label"": -1, ""iou"": 0.0}, {""pred_label"": 6, ""gt_label"": -1, ""iou"": 0.0}, {""pred_label"": 7, ""gt_label"": -1, ""iou"": 0.0}]",fpn_2,fpn_2,72x72,1,3,3,24x24,pooled_avg_pool_multi_way,False,False,False,silhouette,0.27391308546066284,"{""2"": 0.24948886036872864, ""3"": 0.26551729440689087, ""4"": 0.24926169216632843, ""5"": 0.2669980823993683, ""6"": 0.26173388957977295, ""7"": 0.26126426458358765, ""8"": 0.27391308546066284}","[5718, 5157, 5194, 5291, 4516, 1632, 1614, 529]",jpeg_color_clustering_bic,-1,5,1145,0.03861589828336313,8,3,2239,"{""1"": -50940.23487731669, ""2"": -95805.97015848386, ""3"": -116733.93329779433, ""4"": -182891.31846450444, ""5"": -189719.224796305, ""6"": -198622.42967722486, ""7"": -205853.76762259143, ""8"": -207395.1458754213}","[11524, 11508, 5474, 557, 178, 147, 146, 117]","[11524, 11508, 5474]","[3, 4, 5, 6, 7]","[557, 178, 147, 146, 117]",bic,-207395.1458754213,ok
detexture_ade20k_multi,feature_cluster_coarse_global_pooled_predicted_k,training,349,training_ADE_train_00014722,detexture_multi_partition_v1,multi_partition_invariant,0.30670196059247884,0.4606713496174995,0.5360920675707697,4,8,2,0.0,0.8790455840455841,61709,70200,8491,2,4,True,hungarian_iou_assignment,"[0.6175242318003712, 0.6092836105695442, 0.0, 0.0]","[{""pred_label"": 0, ""gt_label"": 0, ""iou"": 0.6175242318003712}, {""pred_label"": 1, ""gt_label"": 1, ""iou"": 0.6092836105695442}, {""pred_label"": -1, ""gt_label"": 2, ""iou"": 0.0}, {""pred_label"": -1, ""gt_label"": 3, ""iou"": 0.0}]",fpn_2,fpn_2,72x72,1,3,3,24x24,pooled_avg_pool_multi_way,False,False,False,silhouette,0.28561174869537354,"{""2"": 0.28561174869537354, ""3"": 0.26093244552612305, ""4"": 0.23274046182632446, ""5"": 0.26159894466400146, ""6"": 0.25515979528427124, ""7"": 0.2594532072544098, ""8"": 0.2774074375629425}","[39977, 30223]",jpeg_color_clustering_bic,-1,4,8491,0.12095441595441596,8,4,8433,"{""1"": -184241.76874117562, ""2"": -220379.39680578024, ""3"": -225916.0821690962, ""4"": -245958.767506425, ""5"": -259806.16850085885, ""6"": -432051.1229997816, ""7"": -452398.83722535666, ""8"": -471203.9972465339}","[24271, 15562, 12776, 9100, 6273, 1225, 609, 384]","[24271, 15562, 12776, 9100]","[4, 5, 6, 7]","[6273, 1225, 609, 384]",bic,-471203.9972465339,ok
detexture_ade20k_multi,feature_cluster_coarse_global_pooled_predicted_k,training,350,training_ADE_train_00014733,detexture_multi_partition_v1,multi_partition_invariant,0.6551525701569999,0.8206651063016039,0.7552614670896759,3,8,4,0.0,0.9308586666666666,174536,187500,12964,4,3,True,hungarian_iou_assignment,"[0.9157770749668432, 0.7760471479688487, 0.0, 0.9287860576923077]","[{""pred_label"": 0, ""gt_label"": 0, ""iou"": 0.9157770749668432}, {""pred_label"": 1, ""gt_label"": 1, ""iou"": 0.7760471479688487}, {""pred_label"": 2, ""gt_label"": -1, ""iou"": 0.0}, {""pred_label"": 3, ""gt_label"": 2, ""iou"": 0.9287860576923077}]",fpn_2,fpn_2,72x72,1,3,3,24x24,pooled_avg_pool_multi_way,False,False,False,silhouette,0.36442288756370544,"{""2"": 0.34116142988204956, ""3"": 0.3471754789352417, ""4"": 0.36442288756370544, ""5"": 0.35484379529953003, ""6"": 0.3542945086956024, ""7"": 0.343960702419281, ""8"": 0.24560785293579102}","[99815, 35208, 26596, 25881]",jpeg_color_clustering_bic,-1,5,12964,0.06914133333333333,8,3,5196,"{""1"": -477124.8842379689, ""2"": -560267.0661330756, ""3"": -641567.3699274609, ""4"": -817219.0481741024, ""5"": -1446120.9588072724, ""6"": -1471946.490386075, ""7"": -1505134.0741850194, ""8"": -1562691.0625922065}","[107340, 41627, 25569, 6015, 4906, 1122, 483, 438]","[107340, 41627, 25569]","[3, 4, 5, 6, 7]","[6015, 4906, 1122, 483, 438]",bic,-1562691.0625922065,ok
detexture_ade20k_multi,feature_cluster_coarse_global_pooled_predicted_k,training,351,training_ADE_train_00014805,detexture_multi_partition_v1,multi_partition_invariant,0.23312058222983364,0.5107757107309749,0.5232673170989811,2,8,6,0.0,0.7663163481953291,144374,188400,44026,6,2,True,hungarian_iou_assignment,"[0.6290155309353974, 0.7697079624436044, 0.0, 0.0, 0.0, 0.0]","[{""pred_label"": 0, ""gt_label"": 0, ""iou"": 0.6290155309353974}, {""pred_label"": 1, ""gt_label"": 1, ""iou"": 0.7697079624436044}, {""pred_label"": 2, ""gt_label"": -1, ""iou"": 0.0}, {""pred_label"": 3, ""gt_label"": -1, ""iou"": 0.0}, {""pred_label"": 4, ""gt_label"": -1, ""iou"": 0.0}, {""pred_label"": 5, ""gt_label"": -1, ""iou"": 0.0}]",fpn_2,fpn_2,72x72,1,3,3,24x24,pooled_avg_pool_multi_way,False,False,False,silhouette,0.3271811306476593,"{""2"": 0.2796381711959839, ""3"": 0.2698602080345154, ""4"": 0.30831682682037354, ""5"": 0.3175264000892639, ""6"": 0.3271811306476593, ""7"": 0.30968910455703735, ""8"": 0.3084799349308014}","[51675, 51200, 26125, 26350, 24600, 8450]",jpeg_color_clustering_bic,-1,6,44026,0.2336836518046709,8,2,15594,"{""1"": -361801.6967870054, ""2"": -615915.8437028045, ""3"": -700624.9638372639, ""4"": -772594.7982003756, ""5"": -809469.9419860084, ""6"": -947587.3057167344, ""7"": -951229.0691034968, ""8"": -1021267.1089712278}","[79068, 65306, 18555, 14476, 4234, 3600, 2925, 236]","[79068, 65306]","[2, 3, 4, 5, 6, 7]","[18555, 14476, 4234, 3600, 2925, 236]",bic,-1021267.1089712278,ok
detexture_ade20k_multi,feature_cluster_coarse_global_pooled_predicted_k,training,352,training_ADE_train_00014819,detexture_multi_partition_v1,multi_partition_invariant,0.6140664784866028,0.7013374534164649,0.6849442605716437,3,8,4,0.0,0.9358013817715959,327246,349696,22450,4,3,True,hungarian_iou_assignment,"[0.8524016502136438, 0.6765460556756712, 0.9273182080570959, 0.0]","[{""pred_label"": 0, ""gt_label"": 0, ""iou"": 0.8524016502136438}, {""pred_label"": 1, ""gt_label"": 1, ""iou"": 0.6765460556756712}, {""pred_label"": 2, ""gt_label"": 2, ""iou"": 0.9273182080570959}, {""pred_label"": 3, ""gt_label"": -1, ""iou"": 0.0}]",fpn_2,fpn_2,72x72,1,3,3,24x24,pooled_avg_pool_multi_way,False,False,False,silhouette,0.3603922426700592,"{""2"": 0.24943296611309052, ""3"": 0.32083332538604736, ""4"": 0.3603922426700592, ""5"": 0.2873057723045349, ""6"": 0.2860640287399292, ""7"": 0.2825108766555786, ""8"": 0.275458961725235}","[139650, 94374, 66627, 49045]",jpeg_color_clustering_bic,-1,5,22450,0.0641986182284041,8,3,14390,"{""1"": -866799.8194237957, ""2"": -943565.7171073552, ""3"": -1547959.9393126706, ""4"": -1558495.3005830655, ""5"": -1672905.2614353343, ""6"": -2505400.3034790736, ""7"": -2513939.1187977483, ""8"": -2541978.847092392}","[162797, 108802, 55647, 11155, 6287, 3323, 1608, 77]","[162797, 108802, 55647]","[3, 4, 5, 6, 7]","[11155, 6287, 3323, 1608, 77]",bic,-2541978.847092392,ok
detexture_ade20k_multi,feature_cluster_coarse_global_pooled_predicted_k,training,353,training_ADE_train_00014825,detexture_multi_partition_v1,multi_partition_invariant,0.6224040232525577,0.6864695357188981,0.6513452914353017,3,8,4,0.0,0.9372916666666666,224950,240000,15050,4,3,True,hungarian_iou_assignment,"[0.8014282556250781, 0.806221452954469, 0.8819663844306836, 0.0]","[{""pred_label"": 0, ""gt_label"": 1, ""iou"": 0.8014282556250781}, {""pred_label"": 1, ""gt_label"": 0, ""iou"": 0.806221452954469}, {""pred_label"": 2, ""gt_label"": 2, ""iou"": 0.8819663844306836}, {""pred_label"": 3, ""gt_label"": -1, ""iou"": 0.0}]",fpn_2,fpn_2,72x72,1,3,3,24x24,pooled_avg_pool_multi_way,False,False,False,silhouette,0.34708112478256226,"{""2"": 0.33787813782691956, ""3"": 0.3437478244304657, ""4"": 0.34708112478256226, ""5"": 0.2949737310409546, ""6"": 0.29946190118789673, ""7"": 0.29583609104156494, ""8"": 0.2745087444782257}","[102525, 86650, 31250, 19575]",jpeg_color_clustering_bic,-1,5,15050,0.06270833333333334,8,3,15088,"{""1"": -503567.2918035986, ""2"": -524179.0404850246, ""3"": -869762.6251392335, ""4"": -881025.7183903333, ""5"": -924897.2267432426, ""6"": -1359430.2813413753, ""7"": -1404141.119538676, ""8"": -1482539.5978619666}","[103281, 90803, 30866, 5782, 3624, 2474, 1934, 1236]","[103281, 90803, 30866]","[3, 4, 5, 6, 7]","[5782, 3624, 2474, 1934, 1236]",bic,-1482539.5978619666,ok
detexture_ade20k_multi,feature_cluster_coarse_global_pooled_predicted_k,training,354,training_ADE_train_00014827,detexture_multi_partition_v1,multi_partition_invariant,0.24556178167726403,0.06093674382887936,0.03419537528757417,3,8,2,0.0,0.73054183991684,112445,153920,41475,2,3,True,hungarian_iou_assignment,"[0.5439924405318626, 0.19269290449992946, 0.0]","[{""pred_label"": 0, ""gt_label"": 0, ""iou"": 0.5439924405318626}, {""pred_label"": 1, ""gt_label"": 2, ""iou"": 0.19269290449992946}, {""pred_label"": -1, ""gt_label"": 1, ""iou"": 0.0}]",fpn_2,fpn_2,72x72,1,3,3,24x24,pooled_avg_pool_multi_way,False,False,False,silhouette,0.35462823510169983,"{""2"": 0.35462823510169983, ""3"": 0.257370263338089, ""4"": 0.25261735916137695, ""5"": 0.24989598989486694, ""6"": 0.27120378613471985, ""7"": 0.2583038806915283, ""8"": 0.2552817761898041}","[112260, 41660]",jpeg_color_clustering_bic,-1,5,41475,0.2694581600831601,8,3,15233,"{""1"": -318816.2089384789, ""2"": -456204.2859986667, ""3"": -476180.9385641451, ""4"": -544254.9668168798, ""5"": -594875.4821559022, ""6"": -628284.2353121826, ""7"": -678081.7623510492, ""8"": -834647.8529933938}","[60132, 30941, 21372, 13120, 12745, 10893, 2617, 2100]","[60132, 30941, 21372]","[3, 4, 5, 6, 7]","[13120, 12745, 10893, 2617, 2100]",bic,-834647.8529933938,ok
detexture_ade20k_multi,feature_cluster_coarse_global_pooled_predicted_k,training,355,training_ADE_train_00014831,detexture_multi_partition_v1,multi_partition_invariant,0.6277987760479322,0.603818875537079,0.6788578995713269,4,8,5,0.0,0.9687162948080786,183223,189140,5917,5,4,True,hungarian_iou_assignment,"[0.6016936232727675, 0.6408436459923138, 0.92851682842649, 0.0, 0.9679397825480903]","[{""pred_label"": 0, ""gt_label"": 0, ""iou"": 0.6016936232727675}, {""pred_label"": 1, ""gt_label"": 1, ""iou"": 0.6408436459923138}, {""pred_label"": 2, ""gt_label"": 2, ""iou"": 0.92851682842649}, {""pred_label"": 3, ""gt_label"": -1, ""iou"": 0.0}, {""pred_label"": 4, ""gt_label"": 3, ""iou"": 0.9679397825480903}]",fpn_2,fpn_2,72x72,1,3,3,24x24,pooled_avg_pool_multi_way,False,False,False,silhouette,0.3319409191608429,"{""2"": 0.29829445481300354, ""3"": 0.2958715856075287, ""4"": 0.3036945164203644, ""5"": 0.3319409191608429, ""6"": 0.33137577772140503, ""7"": 0.32986095547676086, ""8"": 0.3195173442363739}","[45045, 44571, 42298, 29466, 27760]",jpeg_color_clustering_bic,-1,4,5917,0.03128370519192133,8,4,9974,"{""1"": -381528.1132402936, ""2"": -407401.54783298116, ""3"": -550483.1078155607, ""4"": -663119.0740334437, ""5"": -1108781.9235712881, ""6"": -1244969.0245340762, ""7"": -1268398.4014310243, ""8"": -1274304.485043889}","[70729, 46798, 41326, 24370, 2760, 2510, 446, 201]","[70729, 46798, 41326, 24370]","[4, 5, 6, 7]","[2760, 2510, 446, 201]",bic,-1274304.485043889,ok
detexture_ade20k_multi,feature_cluster_coarse_global_pooled_predicted_k,training,356,training_ADE_train_00014836,detexture_multi_partition_v1,multi_partition_invariant,0.9871007566956731,0.9749508100455881,0.9502250305720797,2,8,2,1.0,0.8216450524071771,115626,140725,25099,2,2,True,hungarian_iou_assignment,"[0.9848702121911175, 0.9893313012002286]","[{""pred_label"": 0, ""gt_label"": 1, ""iou"": 0.9848702121911175}, {""pred_label"": 1, ""gt_label"": 0, ""iou"": 0.9893313012002286}]",fpn_2,fpn_2,72x72,1,3,3,24x24,pooled_avg_pool_multi_way,False,False,False,silhouette,0.2865770161151886,"{""2"": 0.2865770161151886, ""3"": 0.27055034041404724, ""4"": 0.19707125425338745, ""5"": 0.19446119666099548, ""6"": 0.1852884292602539, ""7"": 0.2097175419330597, ""8"": 0.20110870897769928}","[71263, 69462]",jpeg_color_clustering_bic,-1,6,25099,0.1783549475928229,8,2,7625,"{""1"": -305985.4149236329, ""2"": -344458.6265193244, ""3"": -390194.2793162751, ""4"": -762419.126550295, ""5"": -687580.1375779106, ""6"": -1019352.148196992, ""7"": -1042961.2783874029, ""8"": -1086260.2999640773}","[68237, 47389, 13689, 4218, 3661, 1733, 983, 815]","[68237, 47389]","[2, 3, 4, 5, 6, 7]","[13689, 4218, 3661, 1733, 983, 815]",bic,-1086260.2999640773,ok
detexture_ade20k_multi,feature_cluster_coarse_global_pooled_predicted_k,training,357,training_ADE_train_00014890,detexture_multi_partition_v1,multi_partition_invariant,0.3029033434580943,0.1812039476514017,0.2019913670111255,3,8,2,0.0,0.787483986090776,275380,349696,74316,2,3,True,hungarian_iou_assignment,"[0.5339848527754849, 0.374725177598798, 0.0]","[{""pred_label"": 0, ""gt_label"": 1, ""iou"": 0.5339848527754849}, {""pred_label"": 1, ""gt_label"": 0, ""iou"": 0.374725177598798}, {""pred_label"": -1, ""gt_label"": 2, ""iou"": 0.0}]",fpn_2,fpn_2,72x72,1,3,3,24x24,pooled_avg_pool_multi_way,False,False,False,silhouette,0.2997245192527771,"{""2"": 0.2997245192527771, ""3"": 0.24087773263454437, ""4"": 0.2145010381937027, ""5"": 0.22468778491020203, ""6"": 0.24057194590568542, ""7"": 0.24616429209709167, ""8"": 0.2264447808265686}","[200633, 149063]",jpeg_color_clustering_bic,-1,5,74316,0.212516013909224,8,3,34149,"{""1"": -703613.3623142565, ""2"": -869012.166376115, ""3"": -930110.1466977926, ""4"": -1067144.9151216634, ""5"": -1169911.165425304, ""6"": -1130935.6864596144, ""7"": -1232267.6555435173, ""8"": -1349939.5106236637}","[128286, 99792, 47302, 29369, 19949, 12120, 6960, 5918]","[128286, 99792, 47302]","[3, 4, 5, 6, 7]","[29369, 19949, 12120, 6960, 5918]",bic,-1349939.5106236637,ok
detexture_ade20k_multi,feature_cluster_coarse_global_pooled_predicted_k,training,358,training_ADE_train_00014924,detexture_multi_partition_v1,multi_partition_invariant,0.6540432442574732,0.7426002605206312,0.7632790694100717,4,8,5,0.0,0.9680998115989515,378194,390656,12462,5,4,True,hungarian_iou_assignment,"[0.7864860494516802, 0.7072013445515941, 0.8425242680135743, 0.9340045592705167, 0.0]","[{""pred_label"": 0, ""gt_label"": 0, ""iou"": 0.7864860494516802}, {""pred_label"": 1, ""gt_label"": 3, ""iou"": 0.7072013445515941}, {""pred_label"": 2, ""gt_label"": 1, ""iou"": 0.8425242680135743}, {""pred_label"": 3, ""gt_label"": 2, ""iou"": 0.9340045592705167}, {""pred_label"": 4, ""gt_label"": -1, ""iou"": 0.0}]",fpn_2,fpn_2,72x72,1,3,3,24x24,pooled_avg_pool_multi_way,False,False,False,silhouette,0.3006857931613922,"{""2"": 0.23741742968559265, ""3"": 0.24674929678440094, ""4"": 0.24236123263835907, ""5"": 0.3006857931613922, ""6"": 0.2855924367904663, ""7"": 0.300179660320282, ""8"": 0.2852576673030853}","[111724, 99913, 88853, 77355, 12811]",jpeg_color_clustering_bic,-1,4,12462,0.031900188401048496,8,4,8595,"{""1"": -840349.0851220853, ""2"": -1229334.7560373568, ""3"": -1316951.1741067849, ""4"": -1568528.7544750457, ""5"": -2462056.731982875, ""6"": -2485768.208262624, ""7"": -3109452.144844587, ""8"": -3208493.787191782}","[133533, 99689, 75964, 69008, 5358, 3823, 2523, 758]","[133533, 99689, 75964, 69008]","[4, 5, 6, 7]","[5358, 3823, 2523, 758]",bic,-3208493.787191782,ok
detexture_ade20k_multi,feature_cluster_coarse_global_pooled_predicted_k,training,359,training_ADE_train_00014929,detexture_multi_partition_v1,multi_partition_invariant,0.33232782471529376,0.37169227467882426,0.49445753155173,4,8,2,0.0,0.9118415637860082,88631,97200,8569,2,4,True,hungarian_iou_assignment,"[0.5381485081635007, 0.7911627906976744, 0.0, 0.0]","[{""pred_label"": 0, ""gt_label"": 0, ""iou"": 0.5381485081635007}, {""pred_label"": 1, ""gt_label"": 1, ""iou"": 0.7911627906976744}, {""pred_label"": -1, ""gt_label"": 2, ""iou"": 0.0}, {""pred_label"": -1, ""gt_label"": 3, ""iou"": 0.0}]",fpn_2,fpn_2,72x72,1,3,3,24x24,pooled_avg_pool_multi_way,False,False,False,silhouette,0.30261707305908203,"{""2"": 0.30261707305908203, ""3"": 0.28653690218925476, ""4"": 0.2801233232021332, ""5"": 0.2435207962989807, ""6"": 0.2628771662712097, ""7"": 0.2099851667881012, ""8"": 0.22090527415275574}","[64230, 32970]",jpeg_color_clustering_bic,-1,4,8569,0.08815843621399178,8,4,8642,"{""1"": -167929.27596874072, ""2"": -242333.07218933417, ""3"": -253408.25207784044, ""4"": -359959.6073876625, ""5"": -430060.08350205823, ""6"": -439601.90233355714, ""7"": -622657.6763776504, ""8"": -625802.66946924}","[32680, 22113, 17990, 15848, 5596, 1723, 1092, 158]","[32680, 22113, 17990, 15848]","[4, 5, 6, 7]","[5596, 1723, 1092, 158]",bic,-625802.66946924,ok
detexture_ade20k_multi,feature_cluster_coarse_global_pooled_predicted_k,training,360,training_ADE_train_00014931,detexture_multi_partition_v1,multi_partition_invariant,0.4596796725694123,0.44945072652128776,0.4702899272097311,3,7,2,0.0,0.8343339195110702,231531,277504,45973,2,3,True,hungarian_iou_assignment,"[0.5987664062705489, 0.780272611437688, 0.0]","[{""pred_label"": 0, ""gt_label"": 0, ""iou"": 0.5987664062705489}, {""pred_label"": 1, ""gt_label"": 1, ""iou"": 0.780272611437688}, {""pred_label"": -1, ""gt_label"": 2, ""iou"": 0.0}]",fpn_2,fpn_2,72x72,1,3,3,24x24,pooled_avg_pool_multi_way,False,False,False,silhouette,0.2593754231929779,"{""2"": 0.2593754231929779, ""3"": 0.24363943934440613, ""4"": 0.23892270028591156, ""5"": 0.22620540857315063, ""6"": 0.23020945489406586, ""7"": 0.209157332777977, ""8"": 0.20459195971488953}","[172151, 105353]",jpeg_color_clustering_bic,-1,4,45973,0.1656660804889299,7,3,17912,"{""1"": -570543.1773722563, ""2"": -668413.8738408803, ""3"": -869660.2455476525, ""4"": -903602.8377219809, ""5"": -960874.1527830646, ""6"": -1388617.616561772, ""7"": -1568505.5698980144, ""8"": -1393459.5666045265}","[104905, 72963, 53663, 15434, 12314, 11583, 6642]","[104905, 72963, 53663]","[3, 4, 5, 6]","[15434, 12314, 11583, 6642]",bic,-1568505.5698980144,ok
detexture_ade20k_multi,feature_cluster_coarse_global_pooled_predicted_k,training,361,training_ADE_train_00014933,detexture_multi_partition_v1,multi_partition_invariant,0.27577596511045266,0.15426000194878864,0.31743558682882433,3,8,2,0.0,0.8999574468085106,42298,47000,4702,2,3,True,hungarian_iou_assignment,"[0.4400768245838668, 0.38725107074749116, 0.0]","[{""pred_label"": 0, ""gt_label"": 1, ""iou"": 0.4400768245838668}, {""pred_label"": 1, ""gt_label"": 0, ""iou"": 0.38725107074749116}, {""pred_label"": -1, ""gt_label"": 2, ""iou"": 0.0}]",fpn_2,fpn_2,72x72,1,3,3,24x24,pooled_avg_pool_multi_way,False,False,False,silhouette,0.2964509129524231,"{""2"": 0.2964509129524231, ""3"": 0.2476106733083725, ""4"": 0.280272513628006, ""5"": 0.29415032267570496, ""6"": 0.2916654348373413, ""7"": 0.2901310324668884, ""8"": 0.25134196877479553}","[24791, 22209]",jpeg_color_clustering_bic,-1,5,4702,0.10004255319148936,8,3,6403,"{""1"": -109408.9771291481, ""2"": -116125.99788963106, ""3"": -121955.9437011213, ""4"": -191159.43243106263, ""5"": -262615.9968468825, ""6"": -270988.0522132087, ""7"": -277138.23624051415, ""8"": -289826.8264198094}","[25404, 10413, 6481, 2230, 981, 643, 438, 410]","[25404, 10413, 6481]","[3, 4, 5, 6, 7]","[2230, 981, 643, 438, 410]",bic,-289826.8264198094,ok
detexture_ade20k_multi,feature_cluster_coarse_global_pooled_predicted_k,training,362,training_ADE_train_00014935,detexture_multi_partition_v1,multi_partition_invariant,0.3939613229359714,0.6508437479551068,0.6950731937468714,3,8,4,0.0,0.75314208984375,308487,409600,101113,4,3,True,hungarian_iou_assignment,"[0.6106523753592993, 0.9397094695452725, 0.02548344683931394, 0.0]","[{""pred_label"": 0, ""gt_label"": 1, ""iou"": 0.6106523753592993}, {""pred_label"": 1, ""gt_label"": 0, ""iou"": 0.9397094695452725}, {""pred_label"": 2, ""gt_label"": 2, ""iou"": 0.02548344683931394}, {""pred_label"": 3, ""gt_label"": -1, ""iou"": 0.0}]",fpn_2,fpn_2,72x72,1,3,3,24x24,pooled_avg_pool_multi_way,False,False,False,silhouette,0.39044633507728577,"{""2"": 0.35817697644233704, ""3"": 0.3748135566711426, ""4"": 0.39044633507728577, ""5"": 0.3845256567001343, ""6"": 0.38578858971595764, ""7"": 0.37513467669487, ""8"": 0.37243226170539856}","[158205, 130422, 68288, 52685]",jpeg_color_clustering_bic,-1,5,101113,0.24685791015625,8,3,12997,"{""1"": -731414.9446881055, ""2"": -910071.1463886264, ""3"": -1027795.0951526782, ""4"": -1558112.5404488554, ""5"": -1919230.492680015, ""6"": -2151112.5326784477, ""7"": -2873911.0129670226, ""8"": -2879986.848051925}","[137335, 119077, 52075, 34637, 31215, 22478, 8986, 3797]","[137335, 119077, 52075]","[3, 4, 5, 6, 7]","[34637, 31215, 22478, 8986, 3797]",bic,-2879986.848051925,ok
detexture_ade20k_multi,feature_cluster_coarse_global_pooled_predicted_k,training,363,training_ADE_train_00015008,detexture_multi_partition_v1,multi_partition_invariant,0.5431029099138797,0.6968537092699859,0.7416066979633816,4,8,4,1.0,0.9375142981332357,327845,349696,21851,4,4,True,hungarian_iou_assignment,"[0.557743296310807, 0.9533499471108163, 0.6611627169332548, 0.0001556793006406802]","[{""pred_label"": 0, ""gt_label"": 2, ""iou"": 0.557743296310807}, {""pred_label"": 1, ""gt_label"": 0, ""iou"": 0.9533499471108163}, {""pred_label"": 2, ""gt_label"": 1, ""iou"": 0.6611627169332548}, {""pred_label"": 3, ""gt_label"": 3, ""iou"": 0.0001556793006406802}]",fpn_2,fpn_2,72x72,1,3,3,24x24,pooled_avg_pool_multi_way,False,False,False,silhouette,0.33744674921035767,"{""2"": 0.310258150100708, ""3"": 0.3373246192932129, ""4"": 0.33744674921035767, ""5"": 0.2743767499923706, ""6"": 0.23750458657741547, ""7"": 0.2623623311519623, ""8"": 0.24712048470973969}","[116167, 108917, 75807, 48805]",jpeg_color_clustering_bic,-1,4,21851,0.062485701866764276,8,4,12889,"{""1"": -835551.310365882, ""2"": -952526.4067559429, ""3"": -977447.3243867306, ""4"": -985349.9336336543, ""5"": -1315096.6720885714, ""6"": -1529630.831483398, ""7"": -2440398.793135929, ""8"": -2541673.615176668}","[110168, 108270, 65855, 43552, 9283, 8334, 3123, 1111]","[110168, 108270, 65855, 43552]","[4, 5, 6, 7]","[9283, 8334, 3123, 1111]",bic,-2541673.615176668,ok
detexture_ade20k_multi,feature_cluster_coarse_global_pooled_predicted_k,training,364,training_ADE_train_00015017,detexture_multi_partition_v1,multi_partition_invariant,0.5582241035527917,0.6932604689893566,0.677778952098258,3,8,2,0.0,0.9054893393118595,316646,349696,33050,2,3,True,hungarian_iou_assignment,"[0.7367221489319897, 0.9379501617263855, 0.0]","[{""pred_label"": 0, ""gt_label"": 1, ""iou"": 0.7367221489319897}, {""pred_label"": 1, ""gt_label"": 0, ""iou"": 0.9379501617263855}, {""pred_label"": -1, ""gt_label"": 2, ""iou"": 0.0}]",fpn_2,fpn_2,72x72,1,3,3,24x24,pooled_avg_pool_multi_way,False,False,False,silhouette,0.3019344210624695,"{""2"": 0.3019344210624695, ""3"": 0.26651445031166077, ""4"": 0.2879819869995117, ""5"": 0.28020963072776794, ""6"": 0.20243212580680847, ""7"": 0.22459949553012848, ""8"": 0.22090455889701843}","[204798, 144898]",jpeg_color_clustering_bic,-1,5,33050,0.09451066068814055,8,3,20721,"{""1"": -873046.7810904335, ""2"": -932872.569175485, ""3"": -1155963.5395676135, ""4"": -1595556.4083806581, ""5"": -1675033.0018756634, ""6"": -1701225.8411527115, ""7"": -2063348.2358477474, ""8"": -2085432.6172008582}","[138709, 131420, 46517, 10928, 9819, 6179, 4009, 2115]","[138709, 131420, 46517]","[3, 4, 5, 6, 7]","[10928, 9819, 6179, 4009, 2115]",bic,-2085432.6172008582,ok
detexture_ade20k_multi,feature_cluster_coarse_global_pooled_predicted_k,training,365,training_ADE_train_00015038,detexture_multi_partition_v1,multi_partition_invariant,0.7641574166832321,0.558579586225347,0.4890095958405955,2,8,2,1.0,0.8941737966691069,312689,349696,37007,2,2,True,hungarian_iou_assignment,"[0.8180014338243796, 0.7103133995420847]","[{""pred_label"": 0, ""gt_label"": 0, ""iou"": 0.8180014338243796}, {""pred_label"": 1, ""gt_label"": 1, ""iou"": 0.7103133995420847}]",fpn_2,fpn_2,72x72,1,3,3,24x24,pooled_avg_pool_multi_way,False,False,False,silhouette,0.322976678609848,"{""2"": 0.322976678609848, ""3"": 0.2288743108510971, ""4"": 0.2710168659687042, ""5"": 0.2752246558666229, ""6"": 0.28446975350379944, ""7"": 0.2826957106590271, ""8"": 0.27671799063682556}","[241923, 107773]",jpeg_color_clustering_bic,-1,6,37007,0.10582620333089311,8,2,15906,"{""1"": -775428.7911387741, ""2"": -836211.5167589678, ""3"": -1503679.5438670055, ""4"": -1544688.5077986675, ""5"": -2095687.9959410762, ""6"": -2176170.653134413, ""7"": -2214338.005770245, ""8"": -2304033.6458547427}","[181092, 131597, 20584, 6385, 4771, 2447, 1906, 914]","[181092, 131597]","[2, 3, 4, 5, 6, 7]","[20584, 6385, 4771, 2447, 1906, 914]",bic,-2304033.6458547427,ok
detexture_ade20k_multi,feature_cluster_coarse_global_pooled_predicted_k,training,366,training_ADE_train_00015048,detexture_multi_partition_v1,multi_partition_invariant,0.5498465941548568,0.8013514805917237,0.7272712897044404,3,8,2,0.0,0.9377831030380673,327939,349696,21757,2,3,True,hungarian_iou_assignment,"[0.9606004779924318, 0.6889393044721385, 0.0]","[{""pred_label"": 0, ""gt_label"": 0, ""iou"": 0.9606004779924318}, {""pred_label"": 1, ""gt_label"": 1, ""iou"": 0.6889393044721385}, {""pred_label"": -1, ""gt_label"": 2, ""iou"": 0.0}]",fpn_2,fpn_2,72x72,1,3,3,24x24,pooled_avg_pool_multi_way,False,False,False,silhouette,0.35840579867362976,"{""2"": 0.35840579867362976, ""3"": 0.330159455537796, ""4"": 0.25614869594573975, ""5"": 0.21672043204307556, ""6"": 0.24830235540866852, ""7"": 0.24369771778583527, ""8"": 0.23463013768196106}","[216825, 132871]",jpeg_color_clustering_bic,-1,5,21757,0.06221689696193265,8,3,11674,"{""1"": -908492.6066238998, ""2"": -998538.1178828668, ""3"": -1509686.6816072892, ""4"": -1597627.2737343148, ""5"": -1714402.7139619063, ""6"": -1718172.524109459, ""7"": -2582187.59814722, ""8"": -2747759.2726012957}","[194188, 89020, 44731, 7601, 6206, 4401, 3040, 509]","[194188, 89020, 44731]","[3, 4, 5, 6, 7]","[7601, 6206, 4401, 3040, 509]",bic,-2747759.2726012957,ok
detexture_ade20k_multi,feature_cluster_coarse_global_pooled_predicted_k,training,367,training_ADE_train_00015066,detexture_multi_partition_v1,multi_partition_invariant,0.45583445535948447,0.6843986169560308,0.6703988080218155,3,8,5,0.0,0.9658932329795022,337769,349696,11927,5,3,True,hungarian_iou_assignment,"[0.8698264753600352, 0.5727763986558218, 0.8365694027815653, 0.0, 0.0]","[{""pred_label"": 0, ""gt_label"": 0, ""iou"": 0.8698264753600352}, {""pred_label"": 1, ""gt_label"": 1, ""iou"": 0.5727763986558218}, {""pred_label"": 2, ""gt_label"": 2, ""iou"": 0.8365694027815653}, {""pred_label"": 3, ""gt_label"": -1, ""iou"": 0.0}, {""pred_label"": 4, ""gt_label"": -1, ""iou"": 0.0}]",fpn_2,fpn_2,72x72,1,3,3,24x24,pooled_avg_pool_multi_way,False,False,False,silhouette,0.36154207587242126,"{""2"": 0.3178738057613373, ""3"": 0.30994096398353577, ""4"": 0.34538158774375916, ""5"": 0.36154207587242126, ""6"": 0.30049070715904236, ""7"": 0.2985000014305115, ""8"": 0.24040266871452332}","[130463, 81389, 65254, 45646, 26944]",jpeg_color_clustering_bic,-1,5,11927,0.0341067670204978,8,3,14217,"{""1"": -668674.5202004372, ""2"": -678991.2973100235, ""3"": -857249.7646993562, ""4"": -1995403.5448104076, ""5"": -2175516.823010597, ""6"": -2216794.9028788353, ""7"": -2257491.9099132707, ""8"": -2275163.9901209637}","[149765, 117373, 70631, 6028, 1866, 1618, 1476, 939]","[149765, 117373, 70631]","[3, 4, 5, 6, 7]","[6028, 1866, 1618, 1476, 939]",bic,-2275163.9901209637,ok
detexture_ade20k_multi,feature_cluster_coarse_global_pooled_predicted_k,training,368,training_ADE_train_00015075,detexture_multi_partition_v1,multi_partition_invariant,0.5581340565181522,0.5923928031688765,0.6118827277970821,3,8,2,0.0,0.964752197265625,63226,65536,2310,2,3,True,hungarian_iou_assignment,"[0.7698438411196786, 0.904558328434778, 0.0]","[{""pred_label"": 0, ""gt_label"": 0, ""iou"": 0.7698438411196786}, {""pred_label"": 1, ""gt_label"": 1, ""iou"": 0.904558328434778}, {""pred_label"": -1, ""gt_label"": 2, ""iou"": 0.0}]",fpn_2,fpn_2,72x72,1,3,3,24x24,pooled_avg_pool_multi_way,False,False,False,silhouette,0.35309696197509766,"{""2"": 0.35309696197509766, ""3"": 0.31377899646759033, ""4"": 0.3469160795211792, ""5"": 0.31073105335235596, ""6"": 0.2868553698062897, ""7"": 0.2769690752029419, ""8"": 0.280691534280777}","[46748, 18788]",jpeg_color_clustering_bic,-1,5,2310,0.035247802734375,8,3,5947,"{""1"": -159527.86476964172, ""2"": -228799.67564561145, ""3"": -264835.89965543454, ""4"": -404296.2762433546, ""5"": -421988.67582456116, ""6"": -435191.0512376488, ""7"": -450580.549499437, ""8"": -454964.97598555166}","[36575, 17781, 8870, 1051, 526, 436, 271, 26]","[36575, 17781, 8870]","[3, 4, 5, 6, 7]","[1051, 526, 436, 271, 26]",bic,-454964.97598555166,ok
detexture_ade20k_multi,feature_cluster_coarse_global_pooled_predicted_k,training,369,training_ADE_train_00015077,detexture_multi_partition_v1,multi_partition_invariant,0.5598038012890316,0.7246533319603676,0.7579746383213991,3,8,2,0.0,0.8733367919921875,57235,65536,8301,2,3,True,hungarian_iou_assignment,"[0.6946339316588601, 0.9847774722082349, 0.0]","[{""pred_label"": 0, ""gt_label"": 1, ""iou"": 0.6946339316588601}, {""pred_label"": 1, ""gt_label"": 0, ""iou"": 0.9847774722082349}, {""pred_label"": -1, ""gt_label"": 2, ""iou"": 0.0}]",fpn_2,fpn_2,72x72,1,3,3,24x24,pooled_avg_pool_multi_way,False,False,False,silhouette,0.37272390723228455,"{""2"": 0.37272390723228455, ""3"": 0.2922934293746948, ""4"": 0.26330819725990295, ""5"": 0.24332809448242188, ""6"": 0.2458803951740265, ""7"": 0.24874141812324524, ""8"": 0.2318589687347412}","[36035, 29501]",jpeg_color_clustering_bic,-1,5,8301,0.1266632080078125,8,3,10457,"{""1"": -155369.10298523997, ""2"": -177791.05544462884, ""3"": -218114.72586974181, ""4"": -301737.25025757926, ""5"": -311058.3780782261, ""6"": -342843.9500320124, ""7"": -348377.99156073324, ""8"": -385768.2535153418}","[25578, 22336, 9321, 3835, 1617, 1417, 904, 528]","[25578, 22336, 9321]","[3, 4, 5, 6, 7]","[3835, 1617, 1417, 904, 528]",bic,-385768.2535153418,ok
detexture_ade20k_multi,feature_cluster_coarse_global_pooled_predicted_k,training,370,training_ADE_train_00015238,detexture_multi_partition_v1,multi_partition_invariant,0.907043296180078,0.8844656203942752,0.8569669900572381,3,8,3,1.0,0.939117431640625,61546,65536,3990,3,3,True,hungarian_iou_assignment,"[0.9238452750122409, 0.9847801578354002, 0.8125044556925929]","[{""pred_label"": 0, ""gt_label"": 0, ""iou"": 0.9238452750122409}, {""pred_label"": 1, ""gt_label"": 1, ""iou"": 0.9847801578354002}, {""pred_label"": 2, ""gt_label"": 2, ""iou"": 0.8125044556925929}]",fpn_2,fpn_2,72x72,1,3,3,24x24,pooled_avg_pool_multi_way,False,False,False,silhouette,0.36281436681747437,"{""2"": 0.3027398884296417, ""3"": 0.36281436681747437, ""4"": 0.3561335802078247, ""5"": 0.2791287302970886, ""6"": 0.2737676203250885, ""7"": 0.26755422353744507, ""8"": 0.3234193027019501}","[28729, 20345, 16462]",jpeg_color_clustering_bic,-1,5,3990,0.060882568359375,8,3,3862,"{""1"": -148466.5155933885, ""2"": -157984.50824391923, ""3"": -187402.51174469304, ""4"": -360607.9011418737, ""5"": -366598.5314957515, ""6"": -469970.40324501134, ""7"": -483417.9831378337, ""8"": -489237.16865138104}","[30575, 19447, 11524, 1618, 1125, 563, 529, 155]","[30575, 19447, 11524]","[3, 4, 5, 6, 7]","[1618, 1125, 563, 529, 155]",bic,-489237.16865138104,ok
detexture_ade20k_multi,feature_cluster_coarse_global_pooled_predicted_k,training,371,training_ADE_train_00015251,detexture_multi_partition_v1,multi_partition_invariant,0.5037350663143785,0.5104510296151983,0.6052919148625121,3,8,2,0.0,0.9012378246753247,355304,394240,38936,2,3,True,hungarian_iou_assignment,"[0.591334008113824, 0.9198711908293115, 0.0]","[{""pred_label"": 0, ""gt_label"": 0, ""iou"": 0.591334008113824}, {""pred_label"": 1, ""gt_label"": 1, ""iou"": 0.9198711908293115}, {""pred_label"": -1, ""gt_label"": 2, ""iou"": 0.0}]",fpn_2,fpn_2,72x72,1,3,3,24x24,pooled_avg_pool_multi_way,False,False,False,silhouette,0.27358973026275635,"{""2"": 0.27358973026275635, ""3"": 0.26111796498298645, ""4"": 0.2512330412864685, ""5"": 0.24395251274108887, ""6"": 0.23492275178432465, ""7"": 0.23757614195346832, ""8"": 0.24409447610378265}","[259713, 134527]",jpeg_color_clustering_bic,-1,5,38936,0.09876217532467532,8,3,11866,"{""1"": -785809.7049622821, ""2"": -962604.7047662219, ""3"": -1352326.3507065834, ""4"": -2106689.8974401737, ""5"": -2514684.546155623, ""6"": -2732635.8120240495, ""7"": -2740680.2443551007, ""8"": -2764121.905801568}","[145898, 119862, 89544, 21021, 12624, 3652, 1047, 592]","[145898, 119862, 89544]","[3, 4, 5, 6, 7]","[21021, 12624, 3652, 1047, 592]",bic,-2764121.905801568,ok
detexture_ade20k_multi,feature_cluster_coarse_global_pooled_predicted_k,training,372,training_ADE_train_00015265,detexture_multi_partition_v1,multi_partition_invariant,0.5073283095151292,0.6315222113570701,0.681910017510461,3,8,3,1.0,0.9319609031844802,325903,349696,23793,3,3,True,hungarian_iou_assignment,"[0.6084253691257582, 0.8568914677066489, 0.05666809171298067]","[{""pred_label"": 0, ""gt_label"": 1, ""iou"": 0.6084253691257582}, {""pred_label"": 1, ""gt_label"": 0, ""iou"": 0.8568914677066489}, {""pred_label"": 2, ""gt_label"": 2, ""iou"": 0.05666809171298067}]",fpn_2,fpn_2,72x72,1,3,3,24x24,pooled_avg_pool_multi_way,False,False,False,silhouette,0.3299155831336975,"{""2"": 0.31203532218933105, ""3"": 0.3299155831336975, ""4"": 0.3209780752658844, ""5"": 0.28415969014167786, ""6"": 0.2514279782772064, ""7"": 0.2281085103750229, ""8"": 0.23117701709270477}","[158111, 146647, 44938]",jpeg_color_clustering_bic,-1,5,23793,0.06803909681551977,8,3,9047,"{""1"": -651543.416610286, ""2"": -759940.3458565234, ""3"": -1194283.2632857638, ""4"": -2618149.6305774683, ""5"": -2719894.7199931405, ""6"": -2867360.289971409, ""7"": -3012915.920694368, ""8"": -3054963.905216209}","[168208, 92881, 64814, 16742, 2445, 2042, 1570, 994]","[168208, 92881, 64814]","[3, 4, 5, 6, 7]","[16742, 2445, 2042, 1570, 994]",bic,-3054963.905216209,ok
detexture_ade20k_multi,feature_cluster_coarse_global_pooled_predicted_k,training,373,training_ADE_train_00015286,detexture_multi_partition_v1,multi_partition_invariant,0.6909890714890544,0.8873270509030353,0.8553398882976806,3,8,4,0.0,0.9800483848828697,342719,349696,6977,4,3,True,hungarian_iou_assignment,"[0.9179536873057774, 0.9647997859627219, 0.8812028126877186, 0.0]","[{""pred_label"": 0, ""gt_label"": 0, ""iou"": 0.9179536873057774}, {""pred_label"": 1, ""gt_label"": 1, ""iou"": 0.9647997859627219}, {""pred_label"": 2, ""gt_label"": 2, ""iou"": 0.8812028126877186}, {""pred_label"": 3, ""gt_label"": -1, ""iou"": 0.0}]",fpn_2,fpn_2,72x72,1,3,3,24x24,pooled_avg_pool_multi_way,False,False,False,silhouette,0.41540706157684326,"{""2"": 0.2747694253921509, ""3"": 0.3955688178539276, ""4"": 0.41540706157684326, ""5"": 0.38773494958877563, ""6"": 0.34282201528549194, ""7"": 0.33426010608673096, ""8"": 0.28637993335723877}","[139515, 110729, 79145, 20307]",jpeg_color_clustering_bic,-1,5,6977,0.019951615117130308,8,3,8053,"{""1"": -607261.6948948307, ""2"": -620681.1942825546, ""3"": -1308937.3782483481, ""4"": -2434596.7313129087, ""5"": -2540872.8626141953, ""6"": -2692446.4710458163, ""7"": -2848713.0138943386, ""8"": -2861493.3968309434}","[149635, 110814, 82270, 2678, 1548, 1299, 1257, 195]","[149635, 110814, 82270]","[3, 4, 5, 6, 7]","[2678, 1548, 1299, 1257, 195]",bic,-2861493.3968309434,ok
detexture_ade20k_multi,feature_cluster_coarse_global_pooled_predicted_k,training,374,training_ADE_train_00015635,detexture_multi_partition_v1,multi_partition_invariant,0.8900290439768247,0.8414065727343896,0.7894528243046998,3,8,3,1.0,0.9235898905016552,116062,125664,9602,3,3,True,hungarian_iou_assignment,"[0.9177341581023818, 0.8717273221075502, 0.8806256517205422]","[{""pred_label"": 0, ""gt_label"": 0, ""iou"": 0.9177341581023818}, {""pred_label"": 1, ""gt_label"": 1, ""iou"": 0.8717273221075502}, {""pred_label"": 2, ""gt_label"": 2, ""iou"": 0.8806256517205422}]",fpn_2,fpn_2,72x72,1,3,3,24x24,pooled_avg_pool_multi_way,False,False,False,silhouette,0.32083258032798767,"{""2"": 0.30698442459106445, ""3"": 0.32083258032798767, ""4"": 0.2775661051273346, ""5"": 0.28459039330482483, ""6"": 0.26506131887435913, ""7"": 0.27660417556762695, ""8"": 0.29006585478782654}","[63121, 37672, 24871]",jpeg_color_clustering_bic,-1,5,9602,0.07641010949834479,8,3,6720,"{""1"": -301259.97617385286, ""2"": -326689.943587308, ""3"": -390939.9535976881, ""4"": -645299.3454138899, ""5"": -650561.9040316095, ""6"": -830557.0364558371, ""7"": -846657.3557723397, ""8"": -962478.7797251422}","[61517, 33231, 21314, 3086, 2237, 1898, 1860, 521]","[61517, 33231, 21314]","[3, 4, 5, 6, 7]","[3086, 2237, 1898, 1860, 521]",bic,-962478.7797251422,ok
detexture_ade20k_multi,feature_cluster_coarse_global_pooled_predicted_k,training,375,training_ADE_train_00015648,detexture_multi_partition_v1,multi_partition_invariant,0.33406282798768855,0.5785406692096281,0.5896799722486258,4,8,2,0.0,0.9563248005319149,345195,360960,15765,2,4,True,hungarian_iou_assignment,"[0.8886104239899318, 0.44764088796082235, 0.0, 0.0]","[{""pred_label"": 0, ""gt_label"": 0, ""iou"": 0.8886104239899318}, {""pred_label"": 1, ""gt_label"": 1, ""iou"": 0.44764088796082235}, {""pred_label"": -1, ""gt_label"": 2, ""iou"": 0.0}, {""pred_label"": -1, ""gt_label"": 3, ""iou"": 0.0}]",fpn_2,fpn_2,72x72,1,3,3,24x24,pooled_avg_pool_multi_way,False,False,False,silhouette,0.30580100417137146,"{""2"": 0.30580100417137146, ""3"": 0.27344512939453125, ""4"": 0.2529510259628296, ""5"": 0.24773035943508148, ""6"": 0.23184500634670258, ""7"": 0.2613036036491394, ""8"": 0.2616979479789734}","[187792, 173168]",jpeg_color_clustering_bic,-1,4,15765,0.0436751994680851,8,4,11197,"{""1"": -676772.2809889949, ""2"": -713577.4808063532, ""3"": -971890.6678597971, ""4"": -1456793.1332981456, ""5"": -2006919.0344292796, ""6"": -2275063.9475013753, ""7"": -2382938.1293151723, ""8"": -2423676.591463949}","[163829, 72067, 61766, 47533, 8267, 4184, 1992, 1322]","[163829, 72067, 61766, 47533]","[4, 5, 6, 7]","[8267, 4184, 1992, 1322]",bic,-2423676.591463949,ok
detexture_ade20k_multi,feature_cluster_coarse_global_pooled_predicted_k,training,376,training_ADE_train_00015665,detexture_multi_partition_v1,multi_partition_invariant,0.17757655154405547,0.30458549356371334,0.3982076474228234,3,8,8,0.0,0.7378132530120481,122477,166000,43523,8,3,True,hungarian_iou_assignment,"[0.6460884353741496, 0.0, 0.3436723023371457, 0.0, 0.0, 0.0, 0.4308516746411483, 0.0]","[{""pred_label"": 0, ""gt_label"": 1, ""iou"": 0.6460884353741496}, {""pred_label"": 1, ""gt_label"": -1, ""iou"": 0.0}, {""pred_label"": 2, ""gt_label"": 0, ""iou"": 0.3436723023371457}, {""pred_label"": 3, ""gt_label"": -1, ""iou"": 0.0}, {""pred_label"": 4, ""gt_label"": -1, ""iou"": 0.0}, {""pred_label"": 5, ""gt_label"": -1, ""iou"": 0.0}, {""pred_label"": 6, ""gt_label"": 2, ""iou"": 0.4308516746411483}, {""pred_label"": 7, ""gt_label"": -1, ""iou"": 0.0}]",fpn_2,fpn_2,72x72,1,3,3,24x24,pooled_avg_pool_multi_way,False,False,False,silhouette,0.2087012231349945,"{""2"": 0.19604769349098206, ""3"": 0.19140025973320007, ""4"": 0.1726749688386917, ""5"": 0.18641240894794464, ""6"": 0.17812758684158325, ""7"": 0.2036493420600891, ""8"": 0.2087012231349945}","[24965, 24628, 23858, 23711, 20373, 17787, 16815, 13863]",jpeg_color_clustering_bic,-1,5,43523,0.2621867469879518,8,3,24325,"{""1"": -341609.526222389, ""2"": -412689.10040471127, ""3"": -491076.1153916347, ""4"": -543965.3146400948, ""5"": -566745.5804345346, ""6"": -647379.962457991, ""7"": -658254.5583790737, ""8"": -661970.4348554104}","[63791, 33930, 24756, 17835, 10841, 6889, 4702, 3256]","[63791, 33930, 24756]","[3, 4, 5, 6, 7]","[17835, 10841, 6889, 4702, 3256]",bic,-661970.4348554104,ok
detexture_ade20k_multi,feature_cluster_coarse_global_pooled_predicted_k,training,377,training_ADE_train_00015678,detexture_multi_partition_v1,multi_partition_invariant,0.30517039238372495,0.6441619994408492,0.6886950866590159,3,8,7,0.0,0.8826027397260274,115974,131400,15426,7,3,True,hungarian_iou_assignment,"[0.7427436464587189, 0.9271541179668388, 0.46629498226051697, 0.0, 0.0, 0.0, 0.0]","[{""pred_label"": 0, ""gt_label"": 0, ""iou"": 0.7427436464587189}, {""pred_label"": 1, ""gt_label"": 2, ""iou"": 0.9271541179668388}, {""pred_label"": 2, ""gt_label"": 1, ""iou"": 0.46629498226051697}, {""pred_label"": 3, ""gt_label"": -1, ""iou"": 0.0}, {""pred_label"": 4, ""gt_label"": -1, ""iou"": 0.0}, {""pred_label"": 5, ""gt_label"": -1, ""iou"": 0.0}, {""pred_label"": 6, ""gt_label"": -1, ""iou"": 0.0}]",fpn_2,fpn_2,72x72,1,3,3,24x24,pooled_avg_pool_multi_way,False,False,False,silhouette,0.3641122281551361,"{""2"": 0.3122592568397522, ""3"": 0.3385867476463318, ""4"": 0.32547229528427124, ""5"": 0.3221687376499176, ""6"": 0.35136666893959045, ""7"": 0.3641122281551361, ""8"": 0.36368390917778015}","[34139, 33244, 22034, 21372, 9167, 6796, 4648]",jpeg_color_clustering_bic,-1,5,15426,0.1173972602739726,8,3,8492,"{""1"": -205840.73596827374, ""2"": -258793.42077377037, ""3"": -480963.791853332, ""4"": -832453.4004050231, ""5"": -855082.839932343, ""6"": -899882.7846026403, ""7"": -966773.1226499986, ""8"": -973738.2746866868}","[44306, 40267, 31401, 11159, 2078, 1397, 526, 266]","[44306, 40267, 31401]","[3, 4, 5, 6, 7]","[11159, 2078, 1397, 526, 266]",bic,-973738.2746866868,ok
detexture_ade20k_multi,feature_cluster_coarse_global_pooled_predicted_k,training,378,training_ADE_train_00015864,detexture_multi_partition_v1,multi_partition_invariant,0.2646134584549063,0.2854331450001763,0.35952265963586666,4,8,2,0.0,0.859466552734375,56326,65536,9210,2,4,True,hungarian_iou_assignment,"[0.46405383381962517, 0.5944, 0.0, 0.0]","[{""pred_label"": 0, ""gt_label"": 0, ""iou"": 0.46405383381962517}, {""pred_label"": 1, ""gt_label"": 2, ""iou"": 0.5944}, {""pred_label"": -1, ""gt_label"": 1, ""iou"": 0.0}, {""pred_label"": -1, ""gt_label"": 3, ""iou"": 0.0}]",fpn_2,fpn_2,72x72,1,3,3,24x24,pooled_avg_pool_multi_way,False,False,False,silhouette,0.3223157525062561,"{""2"": 0.3223157525062561, ""3"": 0.27298352122306824, ""4"": 0.25332170724868774, ""5"": 0.23372942209243774, ""6"": 0.2828769087791443, ""7"": 0.28527218103408813, ""8"": 0.2920719087123871}","[40511, 25025]",jpeg_color_clustering_bic,-1,4,9210,0.140533447265625,8,4,13794,"{""1"": -144228.36428058147, ""2"": -178674.3419829967, ""3"": -196905.3228629548, ""4"": -225024.5667073792, ""5"": -224851.92338308494, ""6"": -248437.58277027932, ""7"": -275568.74869330425, ""8"": -287792.40358154924}","[17690, 15912, 11576, 11148, 3815, 2653, 1738, 1004]","[17690, 15912, 11576, 11148]","[4, 5, 6, 7]","[3815, 2653, 1738, 1004]",bic,-287792.40358154924,ok
detexture_ade20k_multi,feature_cluster_coarse_global_pooled_predicted_k,training,379,training_ADE_train_00015868,detexture_multi_partition_v1,multi_partition_invariant,0.941145774901925,0.9289177828279598,0.887876934260084,3,8,3,1.0,0.9357452392578125,61325,65536,4211,3,3,True,hungarian_iou_assignment,"[0.964824120603015, 0.8836524300441826, 0.9749607740585774]","[{""pred_label"": 0, ""gt_label"": 0, ""iou"": 0.964824120603015}, {""pred_label"": 1, ""gt_label"": 2, ""iou"": 0.8836524300441826}, {""pred_label"": 2, ""gt_label"": 1, ""iou"": 0.9749607740585774}]",fpn_2,fpn_2,72x72,1,3,3,24x24,pooled_avg_pool_multi_way,False,False,False,silhouette,0.3265485167503357,"{""2"": 0.3070090711116791, ""3"": 0.3265485167503357, ""4"": 0.29833146929740906, ""5"": 0.3019213378429413, ""6"": 0.23677730560302734, ""7"": 0.2254733294248581, ""8"": 0.23275083303451538}","[33465, 16096, 15975]",jpeg_color_clustering_bic,-1,5,4211,0.0642547607421875,8,3,3747,"{""1"": -113013.57622517813, ""2"": -125718.16409547253, ""3"": -248643.16834704144, ""4"": -428065.2881026973, ""5"": -447811.49749053153, ""6"": -476008.09262183827, ""7"": -487628.3212477093, ""8"": -494621.1977954621}","[33952, 15146, 12227, 2483, 580, 521, 439, 188]","[33952, 15146, 12227]","[3, 4, 5, 6, 7]","[2483, 580, 521, 439, 188]",bic,-494621.1977954621,ok
detexture_ade20k_multi,feature_cluster_coarse_global_pooled_predicted_k,training,380,training_ADE_train_00015869,detexture_multi_partition_v1,multi_partition_invariant,0.9858566704896954,0.9799127184170705,0.9456683854091357,2,8,2,1.0,0.6955718994140625,45585,65536,19951,2,2,True,hungarian_iou_assignment,"[0.994946405298295, 0.9767669356810956]","[{""pred_label"": 0, ""gt_label"": 0, ""iou"": 0.994946405298295}, {""pred_label"": 1, ""gt_label"": 1, ""iou"": 0.9767669356810956}]",fpn_2,fpn_2,72x72,1,3,3,24x24,pooled_avg_pool_multi_way,False,False,False,silhouette,0.324775367975235,"{""2"": 0.324775367975235, ""3"": 0.25560706853866577, ""4"": 0.27952706813812256, ""5"": 0.2948787808418274, ""6"": 0.30817997455596924, ""7"": 0.2765454053878784, ""8"": 0.24257929623126984}","[45984, 19552]",jpeg_color_clustering_bic,-1,6,19951,0.3044281005859375,8,2,4857,"{""1"": -167948.3283922826, ""2"": -185787.49447145496, ""3"": -235679.37742684956, ""4"": -290237.92333002755, ""5"": -253797.9866517424, ""6"": -323742.6559159809, ""7"": -397238.6752217151, ""8"": -460167.90329175617}","[37547, 8038, 7839, 7437, 1605, 1582, 1265, 223]","[37547, 8038]","[2, 3, 4, 5, 6, 7]","[7839, 7437, 1605, 1582, 1265, 223]",bic,-460167.90329175617,ok
detexture_ade20k_multi,feature_cluster_coarse_global_pooled_predicted_k,training,381,training_ADE_train_00015872,detexture_multi_partition_v1,multi_partition_invariant,0.6881160888652869,0.8741041143963448,0.8234927312710719,3,8,4,0.0,0.8516204352292892,91183,107070,15887,4,3,True,hungarian_iou_assignment,"[0.948418340145726, 0.8584565676649684, 0.0, 0.9455894476504534]","[{""pred_label"": 0, ""gt_label"": 0, ""iou"": 0.948418340145726}, {""pred_label"": 1, ""gt_label"": 1, ""iou"": 0.8584565676649684}, {""pred_label"": 2, ""gt_label"": -1, ""iou"": 0.0}, {""pred_label"": 3, ""gt_label"": 2, ""iou"": 0.9455894476504534}]",fpn_2,fpn_2,72x72,1,3,3,24x24,pooled_avg_pool_multi_way,False,False,False,silhouette,0.38176625967025757,"{""2"": 0.3013356029987335, ""3"": 0.35687410831451416, ""4"": 0.38176625967025757, ""5"": 0.34856194257736206, ""6"": 0.3030996024608612, ""7"": 0.26851746439933777, ""8"": 0.26730877161026}","[43326, 31308, 16766, 15670]",jpeg_color_clustering_bic,-1,5,15887,0.14837956477071074,8,3,8326,"{""1"": -206215.72767028643, ""2"": -210315.8681518615, ""3"": -322526.76551815757, ""4"": -480254.54036492965, ""5"": -491865.32027202146, ""6"": -498208.2588433883, ""7"": -742329.2137568602, ""8"": -761357.8508588139}","[44965, 30625, 15593, 11559, 1822, 1091, 744, 671]","[44965, 30625, 15593]","[3, 4, 5, 6, 7]","[11559, 1822, 1091, 744, 671]",bic,-761357.8508588139,ok
detexture_ade20k_multi,feature_cluster_coarse_global_pooled_predicted_k,training,382,training_ADE_train_00015874,detexture_multi_partition_v1,multi_partition_invariant,0.619068562665271,0.7527640177215873,0.759726239617051,4,8,5,0.0,0.8364722501830161,292511,349696,57185,5,4,True,hungarian_iou_assignment,"[0.8640130839621127, 0.7846854105706572, 0.9153956216912291, 0.5312486971023557, 0.0]","[{""pred_label"": 0, ""gt_label"": 0, ""iou"": 0.8640130839621127}, {""pred_label"": 1, ""gt_label"": 3, ""iou"": 0.7846854105706572}, {""pred_label"": 2, ""gt_label"": 2, ""iou"": 0.9153956216912291}, {""pred_label"": 3, ""gt_label"": 1, ""iou"": 0.5312486971023557}, {""pred_label"": 4, ""gt_label"": -1, ""iou"": 0.0}]",fpn_2,fpn_2,72x72,1,3,3,24x24,pooled_avg_pool_multi_way,False,False,False,silhouette,0.2909649610519409,"{""2"": 0.27740585803985596, ""3"": 0.2377043515443802, ""4"": 0.211931049823761, ""5"": 0.2909649610519409, ""6"": 0.28391578793525696, ""7"": 0.25934064388275146, ""8"": 0.25157487392425537}","[114513, 90171, 68058, 40185, 36769]",jpeg_color_clustering_bic,-1,4,57185,0.1635277498169839,8,4,15528,"{""1"": -519215.7076292564, ""2"": -697052.8869952474, ""3"": -1167638.2328485204, ""4"": -1337056.7042495962, ""5"": -1438723.21771031, ""6"": -2335242.393178951, ""7"": -2424198.9315563575, ""8"": -2532261.4960413435}","[97603, 71137, 67891, 55880, 36386, 16265, 2827, 1707]","[97603, 71137, 67891, 55880]","[4, 5, 6, 7]","[36386, 16265, 2827, 1707]",bic,-2532261.4960413435,ok
detexture_ade20k_multi,feature_cluster_coarse_global_pooled_predicted_k,training,383,training_ADE_train_00015875,detexture_multi_partition_v1,multi_partition_invariant,0.625573200183425,0.661985534445526,0.6801113159224852,4,8,4,1.0,0.8485870361328125,55613,65536,9923,4,4,True,hungarian_iou_assignment,"[0.6184175707859222, 0.9003937492309585, 0.921008785216601, 0.06247269550021844]","[{""pred_label"": 0, ""gt_label"": 0, ""iou"": 0.6184175707859222}, {""pred_label"": 1, ""gt_label"": 1, ""iou"": 0.9003937492309585}, {""pred_label"": 2, ""gt_label"": 2, ""iou"": 0.921008785216601}, {""pred_label"": 3, ""gt_label"": 3, ""iou"": 0.06247269550021844}]",fpn_2,fpn_2,72x72,1,3,3,24x24,pooled_avg_pool_multi_way,False,False,False,silhouette,0.3168390393257141,"{""2"": 0.2683855891227722, ""3"": 0.3079894185066223, ""4"": 0.3168390393257141, ""5"": 0.2713008224964142, ""6"": 0.25501325726509094, ""7"": 0.26154008507728577, ""8"": 0.23235803842544556}","[25447, 16249, 13443, 10397]",jpeg_color_clustering_bic,-1,4,9923,0.1514129638671875,8,4,7222,"{""1"": -125624.74604163441, ""2"": -145160.01123855606, ""3"": -198180.86878923973, ""4"": -233232.0703948312, ""5"": -270816.02024253894, ""6"": -362520.681199722, ""7"": -406832.16028498235, ""8"": -409028.19903624227}","[18397, 15102, 12837, 9277, 4698, 2869, 2324, 32]","[18397, 15102, 12837, 9277]","[4, 5, 6, 7]","[4698, 2869, 2324, 32]",bic,-409028.19903624227,ok
detexture_ade20k_multi,feature_cluster_coarse_global_pooled_predicted_k,training,384,training_ADE_train_00015876,detexture_multi_partition_v1,multi_partition_invariant,0.36495567045554467,0.7245261933186032,0.7420782770646756,4,8,8,0.0,0.8990844444444445,101147,112500,11353,8,4,True,hungarian_iou_assignment,"[0.9264462541773466, 0.810323237066604, 0.4798394135102112, 0.7030364588901956, 0.0, 0.0, 0.0, 0.0]","[{""pred_label"": 0, ""gt_label"": 0, ""iou"": 0.9264462541773466}, {""pred_label"": 1, ""gt_label"": 2, ""iou"": 0.810323237066604}, {""pred_label"": 2, ""gt_label"": 1, ""iou"": 0.4798394135102112}, {""pred_label"": 3, ""gt_label"": 3, ""iou"": 0.7030364588901956}, {""pred_label"": 4, ""gt_label"": -1, ""iou"": 0.0}, {""pred_label"": 5, ""gt_label"": -1, ""iou"": 0.0}, {""pred_label"": 6, ""gt_label"": -1, ""iou"": 0.0}, {""pred_label"": 7, ""gt_label"": -1, ""iou"": 0.0}]",fpn_2,fpn_2,72x72,1,3,3,24x24,pooled_avg_pool_multi_way,False,False,False,silhouette,0.32909196615219116,"{""2"": 0.2816343307495117, ""3"": 0.2995151877403259, ""4"": 0.3027484118938446, ""5"": 0.3087824583053589, ""6"": 0.31314483284950256, ""7"": 0.3174458146095276, ""8"": 0.32909196615219116}","[28730, 21012, 15529, 15213, 15247, 7498, 7296, 1975]",jpeg_color_clustering_bic,-1,4,11353,0.10091555555555555,8,4,8798,"{""1"": -228570.64127677694, ""2"": -247623.15275260527, ""3"": -348714.9147669597, ""4"": -465356.1425422661, ""5"": -529208.0386512813, ""6"": -533571.5928031213, ""7"": -796062.8071345545, ""8"": -820022.0807277822}","[30809, 27776, 25554, 17008, 7317, 2612, 769, 655]","[30809, 27776, 25554, 17008]","[4, 5, 6, 7]","[7317, 2612, 769, 655]",bic,-820022.0807277822,ok
detexture_ade20k_multi,feature_cluster_coarse_global_pooled_predicted_k,training,385,training_ADE_train_00015877,detexture_multi_partition_v1,multi_partition_invariant,0.7201992774314038,0.8500579318340171,0.8293039645362965,4,8,5,0.0,0.934967041015625,61274,65536,4262,5,4,True,hungarian_iou_assignment,"[0.912275290800141, 0.8187733853912478, 0.9673866276568281, 0.9025610833088019, 0.0]","[{""pred_label"": 0, ""gt_label"": 0, ""iou"": 0.912275290800141}, {""pred_label"": 1, ""gt_label"": 1, ""iou"": 0.8187733853912478}, {""pred_label"": 2, ""gt_label"": 2, ""iou"": 0.9673866276568281}, {""pred_label"": 3, ""gt_label"": 3, ""iou"": 0.9025610833088019}, {""pred_label"": 4, ""gt_label"": -1, ""iou"": 0.0}]",fpn_2,fpn_2,72x72,1,3,3,24x24,pooled_avg_pool_multi_way,False,False,False,silhouette,0.3170355260372162,"{""2"": 0.27193862199783325, ""3"": 0.25453072786331177, ""4"": 0.24993003904819489, ""5"": 0.3170355260372162, ""6"": 0.3018907308578491, ""7"": 0.2922024130821228, ""8"": 0.2837353050708771}","[21109, 15812, 12064, 10251, 6300]",jpeg_color_clustering_bic,-1,4,4262,0.065032958984375,8,4,5423,"{""1"": -142419.32416724486, ""2"": -151152.25260474105, ""3"": -189585.67179227236, ""4"": -258550.46753700858, ""5"": -366112.55602304364, ""6"": -372701.3827121661, ""7"": -375804.8646902942, ""8"": -459791.28390864073}","[22357, 17861, 11612, 9444, 2451, 794, 670, 347]","[22357, 17861, 11612, 9444]","[4, 5, 6, 7]","[2451, 794, 670, 347]",bic,-459791.28390864073,ok
detexture_ade20k_multi,feature_cluster_coarse_global_pooled_predicted_k,training,386,training_ADE_train_00015883,detexture_multi_partition_v1,multi_partition_invariant,0.944571319028145,0.9020356062717276,0.8900747935761013,3,8,3,1.0,0.8006591796875,52472,65536,13064,3,3,True,hungarian_iou_assignment,"[0.931740614334471, 0.9100354054210923, 0.9919379373288714]","[{""pred_label"": 0, ""gt_label"": 0, ""iou"": 0.931740614334471}, {""pred_label"": 1, ""gt_label"": 1, ""iou"": 0.9100354054210923}, {""pred_label"": 2, ""gt_label"": 2, ""iou"": 0.9919379373288714}]",fpn_2,fpn_2,72x72,1,3,3,24x24,pooled_avg_pool_multi_way,False,False,False,silhouette,0.3196755647659302,"{""2"": 0.26696109771728516, ""3"": 0.3196755647659302, ""4"": 0.27581244707107544, ""5"": 0.2551017999649048, ""6"": 0.22534142434597015, ""7"": 0.22969982028007507, ""8"": 0.26173755526542664}","[25916, 20203, 19417]",jpeg_color_clustering_bic,-1,5,13064,0.1993408203125,8,3,7828,"{""1"": -144064.334098808, ""2"": -156304.58099598865, ""3"": -188831.0858440122, ""4"": -197069.04796045317, ""5"": -306421.17333689565, ""6"": -307492.2414768184, ""7"": -396637.3932678995, ""8"": -427390.7742293955}","[23637, 15707, 13128, 7001, 2721, 1618, 1427, 297]","[23637, 15707, 13128]","[3, 4, 5, 6, 7]","[7001, 2721, 1618, 1427, 297]",bic,-427390.7742293955,ok
detexture_ade20k_multi,feature_cluster_coarse_global_pooled_predicted_k,training,387,training_ADE_train_00015887,detexture_multi_partition_v1,multi_partition_invariant,0.9661276509255232,0.9392877781363146,0.8903351419425121,2,8,2,1.0,0.8207785467128028,284646,346800,62154,2,2,True,hungarian_iou_assignment,"[0.9776878779747776, 0.9545674238762687]","[{""pred_label"": 0, ""gt_label"": 0, ""iou"": 0.9776878779747776}, {""pred_label"": 1, ""gt_label"": 1, ""iou"": 0.9545674238762687}]",fpn_2,fpn_2,72x72,1,3,3,24x24,pooled_avg_pool_multi_way,False,False,False,silhouette,0.3317655920982361,"{""2"": 0.3317655920982361, ""3"": 0.3185020089149475, ""4"": 0.3123835325241089, ""5"": 0.32058656215667725, ""6"": 0.26075002551078796, ""7"": 0.24194447696208954, ""8"": 0.22578324377536774}","[193637, 153163]",jpeg_color_clustering_bic,-1,6,62154,0.17922145328719724,8,2,8233,"{""1"": -671542.516499261, ""2"": -815776.7549725658, ""3"": -1241134.5827914563, ""4"": -2457693.157862591, ""5"": -2536435.196462579, ""6"": -2667212.7174854255, ""7"": -2836654.330168736, ""8"": -2882203.0690978398}","[193670, 90976, 38144, 18429, 2460, 1649, 930, 542]","[193670, 90976]","[2, 3, 4, 5, 6, 7]","[38144, 18429, 2460, 1649, 930, 542]",bic,-2882203.0690978398,ok
detexture_ade20k_multi,feature_cluster_coarse_global_pooled_predicted_k,training,388,training_ADE_train_00015891,detexture_multi_partition_v1,multi_partition_invariant,0.9330356527364702,0.9106856935853679,0.871675712209214,3,8,3,1.0,0.92730712890625,60772,65536,4764,3,3,True,hungarian_iou_assignment,"[0.9736320052901306, 0.9000160059755642, 0.925458946943716]","[{""pred_label"": 0, ""gt_label"": 0, ""iou"": 0.9736320052901306}, {""pred_label"": 1, ""gt_label"": 2, ""iou"": 0.9000160059755642}, {""pred_label"": 2, ""gt_label"": 1, ""iou"": 0.925458946943716}]",fpn_2,fpn_2,72x72,1,3,3,24x24,pooled_avg_pool_multi_way,False,False,False,silhouette,0.35029786825180054,"{""2"": 0.29568737745285034, ""3"": 0.35029786825180054, ""4"": 0.31714949011802673, ""5"": 0.2297879308462143, ""6"": 0.2698698341846466, ""7"": 0.261080265045166, ""8"": 0.2695118188858032}","[26724, 19811, 19001]",jpeg_color_clustering_bic,-1,5,4764,0.07269287109375,8,3,6806,"{""1"": -114219.7614515474, ""2"": -119805.05840494788, ""3"": -193453.09829918438, ""4"": -200942.61526419595, ""5"": -366194.11047622154, ""6"": -398442.9512641776, ""7"": -418992.41011253523, ""8"": -424792.64119485667}","[23763, 19651, 17358, 1536, 1147, 910, 773, 398]","[23763, 19651, 17358]","[3, 4, 5, 6, 7]","[1536, 1147, 910, 773, 398]",bic,-424792.64119485667,ok
detexture_ade20k_multi,feature_cluster_coarse_global_pooled_predicted_k,training,389,training_ADE_train_00015893,detexture_multi_partition_v1,multi_partition_invariant,0.30351862803010693,0.5328604697243003,0.6495502670933934,4,8,2,0.0,0.92254638671875,60460,65536,5076,2,4,True,hungarian_iou_assignment,"[0.6987146684326179, 0.5153598436878098, 0.0, 0.0]","[{""pred_label"": 0, ""gt_label"": 0, ""iou"": 0.6987146684326179}, {""pred_label"": 1, ""gt_label"": 1, ""iou"": 0.5153598436878098}, {""pred_label"": -1, ""gt_label"": 2, ""iou"": 0.0}, {""pred_label"": -1, ""gt_label"": 3, ""iou"": 0.0}]",fpn_2,fpn_2,72x72,1,3,3,24x24,pooled_avg_pool_multi_way,False,False,False,silhouette,0.3649732768535614,"{""2"": 0.3649732768535614, ""3"": 0.32186248898506165, ""4"": 0.350582480430603, ""5"": 0.33429309725761414, ""6"": 0.2888730764389038, ""7"": 0.3056134581565857, ""8"": 0.3073376715183258}","[35584, 29952]",jpeg_color_clustering_bic,-1,4,5076,0.07745361328125,8,4,7289,"{""1"": -131516.34825963504, ""2"": -139269.0841230634, ""3"": -187593.87496999564, ""4"": -260659.86019476462, ""5"": -270543.78682837874, ""6"": -271563.5172832853, ""7"": -411197.1870954496, ""8"": -436082.23981691484}","[23610, 14243, 12996, 9611, 2538, 1168, 870, 500]","[23610, 14243, 12996, 9611]","[4, 5, 6, 7]","[2538, 1168, 870, 500]",bic,-436082.23981691484,ok
detexture_ade20k_multi,feature_cluster_coarse_global_pooled_predicted_k,training,390,training_ADE_train_00015895,detexture_multi_partition_v1,multi_partition_invariant,0.6561163898914301,0.9685258731071114,0.9318411043885985,2,8,3,0.0,0.86187744140625,56484,65536,9052,3,2,True,hungarian_iou_assignment,"[0.9819729594391587, 0.9863762102351314, 0.0]","[{""pred_label"": 0, ""gt_label"": 1, ""iou"": 0.9819729594391587}, {""pred_label"": 1, ""gt_label"": 0, ""iou"": 0.9863762102351314}, {""pred_label"": 2, ""gt_label"": -1, ""iou"": 0.0}]",fpn_2,fpn_2,72x72,1,3,3,24x24,pooled_avg_pool_multi_way,False,False,False,silhouette,0.35416483879089355,"{""2"": 0.3440231680870056, ""3"": 0.35416483879089355, ""4"": 0.340280681848526, ""5"": 0.32526400685310364, ""6"": 0.2457095831632614, ""7"": 0.2305459976196289, ""8"": 0.2420981526374817}","[29318, 29017, 7201]",jpeg_color_clustering_bic,-1,6,9052,0.13812255859375,8,2,4091,"{""1"": -147406.23919553668, ""2"": -153641.56927975285, ""3"": -221679.734894128, ""4"": -419115.49548281153, ""5"": -441946.62260285544, ""6"": -474591.4020604571, ""7"": -484737.9282955267, ""8"": -494634.06805904163}","[28669, 27815, 6734, 718, 596, 554, 240, 210]","[28669, 27815]","[2, 3, 4, 5, 6, 7]","[6734, 718, 596, 554, 240, 210]",bic,-494634.06805904163,ok
detexture_ade20k_multi,feature_cluster_coarse_global_pooled_predicted_k,training,391,training_ADE_train_00015898,detexture_multi_partition_v1,multi_partition_invariant,0.565191311121535,0.6520834796024936,0.7152295222429017,4,8,3,0.0,0.845733642578125,55426,65536,10110,3,4,True,hungarian_iou_assignment,"[0.49152476630076414, 0.8377263350905341, 0.9315141430948419, 0.0]","[{""pred_label"": 0, ""gt_label"": 2, ""iou"": 0.49152476630076414}, {""pred_label"": 1, ""gt_label"": 0, ""iou"": 0.8377263350905341}, {""pred_label"": 2, ""gt_label"": 1, ""iou"": 0.9315141430948419}, {""pred_label"": -1, ""gt_label"": 3, ""iou"": 0.0}]",fpn_2,fpn_2,72x72,1,3,3,24x24,pooled_avg_pool_multi_way,False,False,False,silhouette,0.3200345039367676,"{""2"": 0.3086017370223999, ""3"": 0.3200345039367676, ""4"": 0.29797694087028503, ""5"": 0.27004000544548035, ""6"": 0.3147070109844208, ""7"": 0.3153177797794342, ""8"": 0.2929782271385193}","[26461, 23829, 15246]",jpeg_color_clustering_bic,-1,4,10110,0.154266357421875,8,4,6339,"{""1"": -126087.87663223848, ""2"": -137786.08193284523, ""3"": -199525.2385290118, ""4"": -222657.22304779664, ""5"": -271327.54211543564, ""6"": -294858.0710981497, ""7"": -295877.6326662348, ""8"": -424811.6428916756}","[15868, 14249, 14003, 11306, 4158, 4097, 1764, 91]","[15868, 14249, 14003, 11306]","[4, 5, 6, 7]","[4158, 4097, 1764, 91]",bic,-424811.6428916756,ok
detexture_ade20k_multi,feature_cluster_coarse_global_pooled_predicted_k,training,392,training_ADE_train_00015901,detexture_multi_partition_v1,multi_partition_invariant,0.30044826214862697,0.493438136813723,0.5995528198846413,4,8,2,0.0,0.9329376220703125,61141,65536,4395,2,4,True,hungarian_iou_assignment,"[0.5963444175291785, 0.6054486310653293, 0.0, 0.0]","[{""pred_label"": 0, ""gt_label"": 0, ""iou"": 0.5963444175291785}, {""pred_label"": 1, ""gt_label"": 1, ""iou"": 0.6054486310653293}, {""pred_label"": -1, ""gt_label"": 2, ""iou"": 0.0}, {""pred_label"": -1, ""gt_label"": 3, ""iou"": 0.0}]",fpn_2,fpn_2,72x72,1,3,3,24x24,pooled_avg_pool_multi_way,False,False,False,silhouette,0.32530781626701355,"{""2"": 0.32530781626701355, ""3"": 0.31690841913223267, ""4"": 0.27946600317955017, ""5"": 0.3179243803024292, ""6"": 0.27305495738983154, ""7"": 0.2984338104724884, ""8"": 0.30419766902923584}","[33738, 31798]",jpeg_color_clustering_bic,-1,4,4395,0.0670623779296875,8,4,9980,"{""1"": -123811.34515324357, ""2"": -135242.00379123265, ""3"": -228652.4676315312, ""4"": -257890.21932452687, ""5"": -265441.55988309503, ""6"": -281968.541354663, ""7"": -364358.9836457606, ""8"": -377213.7604323374}","[19114, 17868, 12975, 11184, 1920, 1008, 754, 713]","[19114, 17868, 12975, 11184]","[4, 5, 6, 7]","[1920, 1008, 754, 713]",bic,-377213.7604323374,ok
detexture_ade20k_multi,feature_cluster_coarse_global_pooled_predicted_k,training,393,training_ADE_train_00015906,detexture_multi_partition_v1,multi_partition_invariant,0.9595062766254494,0.9487822349698428,0.906127597985144,3,8,3,1.0,0.9249245283018868,98042,106000,7958,3,3,True,hungarian_iou_assignment,"[0.9681600510801319, 0.9745088988049444, 0.9358498799912721]","[{""pred_label"": 0, ""gt_label"": 0, ""iou"": 0.9681600510801319}, {""pred_label"": 1, ""gt_label"": 1, ""iou"": 0.9745088988049444}, {""pred_label"": 2, ""gt_label"": 2, ""iou"": 0.9358498799912721}]",fpn_2,fpn_2,72x72,1,3,3,24x24,pooled_avg_pool_multi_way,False,False,False,silhouette,0.3107040226459503,"{""2"": 0.2814006209373474, ""3"": 0.3107040226459503, ""4"": 0.26631367206573486, ""5"": 0.2885810136795044, ""6"": 0.303436279296875, ""7"": 0.26805368065834045, ""8"": 0.2721902132034302}","[47502, 40216, 18282]",jpeg_color_clustering_bic,-1,5,7958,0.07507547169811321,8,3,5752,"{""1"": -182920.5887531121, ""2"": -188025.83374716374, ""3"": -417055.2112162606, ""4"": -574361.7797115657, ""5"": -585759.5385785658, ""6"": -711683.0749218566, ""7"": -762754.3928359166, ""8"": -784099.2784545211}","[46555, 38210, 13277, 4723, 1153, 806, 757, 519]","[46555, 38210, 13277]","[3, 4, 5, 6, 7]","[4723, 1153, 806, 757, 519]",bic,-784099.2784545211,ok
detexture_ade20k_multi,feature_cluster_coarse_global_pooled_predicted_k,training,394,training_ADE_train_00015908,detexture_multi_partition_v1,multi_partition_invariant,0.1865856340280608,0.3039957279711203,0.45890092230042406,2,8,6,0.0,0.9035073839662447,274088,303360,29272,6,2,True,hungarian_iou_assignment,"[0.48197290654354896, 0.0, 0.6375408976248158, 0.0, 0.0, 0.0]","[{""pred_label"": 0, ""gt_label"": 0, ""iou"": 0.48197290654354896}, {""pred_label"": 1, ""gt_label"": -1, ""iou"": 0.0}, {""pred_label"": 2, ""gt_label"": 1, ""iou"": 0.6375408976248158}, {""pred_label"": 3, ""gt_label"": -1, ""iou"": 0.0}, {""pred_label"": 4, ""gt_label"": -1, ""iou"": 0.0}, {""pred_label"": 5, ""gt_label"": -1, ""iou"": 0.0}]",fpn_2,fpn_2,72x72,1,3,3,24x24,pooled_avg_pool_multi_way,False,False,False,silhouette,0.34108561277389526,"{""2"": 0.27252814173698425, ""3"": 0.28750431537628174, ""4"": 0.3238898813724518, ""5"": 0.30267593264579773, ""6"": 0.34108561277389526, ""7"": 0.3382115960121155, ""8"": 0.3104183077812195}","[93660, 55228, 52499, 41520, 36352, 24101]",jpeg_color_clustering_bic,-1,6,29272,0.09649261603375528,8,2,11244,"{""1"": -845407.4715429804, ""2"": -1280614.2786508799, ""3"": -888512.4353167788, ""4"": -1463884.3719332118, ""5"": -1473504.484256509, ""6"": -1474795.793509953, ""7"": -1695947.4125590161, ""8"": -1699494.8522019638}","[194050, 80038, 22442, 2958, 2539, 537, 445, 351]","[194050, 80038]","[2, 3, 4, 5, 6, 7]","[22442, 2958, 2539, 537, 445, 351]",bic,-1699494.8522019638,ok
detexture_ade20k_multi,feature_cluster_coarse_global_pooled_predicted_k,training,395,training_ADE_train_00015911,detexture_multi_partition_v1,multi_partition_invariant,0.24470683255515158,0.39310248803083225,0.5239579488399976,2,8,6,0.0,0.7430779804503403,136227,183328,47101,6,2,True,hungarian_iou_assignment,"[0.5165269284918784, 0.9517140668390309, 0.0, 0.0, 0.0, 0.0]","[{""pred_label"": 0, ""gt_label"": 0, ""iou"": 0.5165269284918784}, {""pred_label"": 1, ""gt_label"": 1, ""iou"": 0.9517140668390309}, {""pred_label"": 2, ""gt_label"": -1, ""iou"": 0.0}, {""pred_label"": 3, ""gt_label"": -1, ""iou"": 0.0}, {""pred_label"": 4, ""gt_label"": -1, ""iou"": 0.0}, {""pred_label"": 5, ""gt_label"": -1, ""iou"": 0.0}]",fpn_2,fpn_2,72x72,1,3,3,24x24,pooled_avg_pool_multi_way,False,False,False,silhouette,0.303719699382782,"{""2"": 0.2245481312274933, ""3"": 0.23620706796646118, ""4"": 0.2370937466621399, ""5"": 0.2799161672592163, ""6"": 0.303719699382782, ""7"": 0.27602845430374146, ""8"": 0.2772177755832672}","[51058, 42726, 32606, 25130, 20650, 11158]",jpeg_color_clustering_bic,-1,6,47101,0.25692201954965965,8,2,8939,"{""1"": -364804.1037611063, ""2"": -596467.2335771209, ""3"": -411435.6833478955, ""4"": -828535.275520148, ""5"": -879083.8482842731, ""6"": -883768.4822615299, ""7"": -1317950.1858189213, ""8"": -1356330.8669174458}","[94772, 41455, 19659, 13644, 9941, 1576, 1495, 786]","[94772, 41455]","[2, 3, 4, 5, 6, 7]","[19659, 13644, 9941, 1576, 1495, 786]",bic,-1356330.8669174458,ok
detexture_ade20k_multi,feature_cluster_coarse_global_pooled_predicted_k,training,396,training_ADE_train_00015916,detexture_multi_partition_v1,multi_partition_invariant,0.6184543619928419,0.7401446633349827,0.744827046085594,3,8,4,0.0,0.9064178466796875,59403,65536,6133,4,3,True,hungarian_iou_assignment,"[0.9479016690662827, 0.879293317239109, 0.6466224616659759, 0.0]","[{""pred_label"": 0, ""gt_label"": 1, ""iou"": 0.9479016690662827}, {""pred_label"": 1, ""gt_label"": 2, ""iou"": 0.879293317239109}, {""pred_label"": 2, ""gt_label"": 0, ""iou"": 0.6466224616659759}, {""pred_label"": 3, ""gt_label"": -1, ""iou"": 0.0}]",fpn_2,fpn_2,72x72,1,3,3,24x24,pooled_avg_pool_multi_way,False,False,False,silhouette,0.31283125281333923,"{""2"": 0.26858222484588623, ""3"": 0.2717975378036499, ""4"": 0.31283125281333923, ""5"": 0.2533072233200073, ""6"": 0.2698019742965698, ""7"": 0.23052842915058136, ""8"": 0.220660001039505}","[20135, 17629, 16330, 11442]",jpeg_color_clustering_bic,-1,5,6133,0.0935821533203125,8,3,6477,"{""1"": -140157.53555145918, ""2"": -144073.29386064483, ""3"": -188207.03866877416, ""4"": -326116.12616212695, ""5"": -335646.14131000853, ""6"": -339256.4822506406, ""7"": -377720.4009606688, ""8"": -464217.24135854543}","[23609, 18287, 17507, 2378, 2016, 832, 540, 367]","[23609, 18287, 17507]","[3, 4, 5, 6, 7]","[2378, 2016, 832, 540, 367]",bic,-464217.24135854543,ok
detexture_ade20k_multi,feature_cluster_coarse_global_pooled_predicted_k,training,397,training_ADE_train_00015917,detexture_multi_partition_v1,multi_partition_invariant,0.6317154090897799,0.7720353243685487,0.7224701064429775,3,8,4,0.0,0.8378333333333333,60324,72000,11676,4,3,True,hungarian_iou_assignment,"[0.8217448652722819, 0.9084970129367774, 0.7966197581500601, 0.0]","[{""pred_label"": 0, ""gt_label"": 0, ""iou"": 0.8217448652722819}, {""pred_label"": 1, ""gt_label"": 1, ""iou"": 0.9084970129367774}, {""pred_label"": 2, ""gt_label"": 2, ""iou"": 0.7966197581500601}, {""pred_label"": 3, ""gt_label"": -1, ""iou"": 0.0}]",fpn_2,fpn_2,72x72,1,3,3,24x24,pooled_avg_pool_multi_way,False,False,False,silhouette,0.31267523765563965,"{""2"": 0.2882826626300812, ""3"": 0.29403677582740784, ""4"": 0.31267523765563965, ""5"": 0.2909359931945801, ""6"": 0.28375422954559326, ""7"": 0.26496657729148865, ""8"": 0.26534196734428406}","[23290, 21870, 14890, 11950]",jpeg_color_clustering_bic,-1,5,11676,0.16216666666666665,8,3,7179,"{""1"": -171032.5689452344, ""2"": -184622.7911295861, ""3"": -260568.89639425042, ""4"": -284454.6947081202, ""5"": -303589.43619065266, ""6"": -441708.97648383817, ""7"": -441719.8368469426, ""8"": -459477.4093425095}","[25890, 22860, 11574, 6639, 3232, 1265, 539, 1]","[25890, 22860, 11574]","[3, 4, 5, 6, 7]","[6639, 3232, 1265, 539, 1]",bic,-459477.4093425095,ok
detexture_ade20k_multi,feature_cluster_coarse_global_pooled_predicted_k,training,398,training_ADE_train_00015922,detexture_multi_partition_v1,multi_partition_invariant,0.3428367741416403,0.3652089946413709,0.48962548336852507,4,8,2,0.0,0.9839832311493412,344095,349696,5601,2,4,True,hungarian_iou_assignment,"[0.49848901939193735, 0.8728580771746239, 0.0, 0.0]","[{""pred_label"": 0, ""gt_label"": 0, ""iou"": 0.49848901939193735}, {""pred_label"": 1, ""gt_label"": 2, ""iou"": 0.8728580771746239}, {""pred_label"": -1, ""gt_label"": 1, ""iou"": 0.0}, {""pred_label"": -1, ""gt_label"": 3, ""iou"": 0.0}]",fpn_2,fpn_2,72x72,1,3,3,24x24,pooled_avg_pool_multi_way,False,False,False,silhouette,0.2945270240306854,"{""2"": 0.2945270240306854, ""3"": 0.2100132256746292, ""4"": 0.2866631746292114, ""5"": 0.2726750373840332, ""6"": 0.2548910677433014, ""7"": 0.27570268511772156, ""8"": 0.2818770706653595}","[248481, 101215]",jpeg_color_clustering_bic,-1,4,5601,0.016016768850658857,8,4,10664,"{""1"": -697241.7781936849, ""2"": -1112195.1024607592, ""3"": -1161879.3450153046, ""4"": -1380661.5512192494, ""5"": -2484389.4433391467, ""6"": -2577103.7699373662, ""7"": -2665094.68430789, ""8"": -2679280.437002106}","[122347, 91886, 87129, 42733, 2283, 1643, 1117, 558]","[122347, 91886, 87129, 42733]","[4, 5, 6, 7]","[2283, 1643, 1117, 558]",bic,-2679280.437002106,ok
detexture_ade20k_multi,feature_cluster_coarse_global_pooled_predicted_k,training,399,training_ADE_train_00016002,detexture_multi_partition_v1,multi_partition_invariant,0.7331365238659385,0.6893584781367147,0.6920106068027527,3,8,3,1.0,0.8276851851851852,71512,86400,14888,3,3,True,hungarian_iou_assignment,"[0.9059078926965421, 0.5791537667698659, 0.7143479121314071]","[{""pred_label"": 0, ""gt_label"": 0, ""iou"": 0.9059078926965421}, {""pred_label"": 1, ""gt_label"": 1, ""iou"": 0.5791537667698659}, {""pred_label"": 2, ""gt_label"": 2, ""iou"": 0.7143479121314071}]",fpn_2,fpn_2,72x72,1,3,3,24x24,pooled_avg_pool_multi_way,False,False,False,silhouette,0.3389909863471985,"{""2"": 0.3312363028526306, ""3"": 0.3389909863471985, ""4"": 0.3163568675518036, ""5"": 0.30331289768218994, ""6"": 0.3192093074321747, ""7"": 0.28638991713523865, ""8"": 0.2566585838794708}","[33750, 26550, 26100]",jpeg_color_clustering_bic,-1,5,14888,0.1723148148148148,8,3,12499,"{""1"": -169409.05638674984, ""2"": -226370.9044185121, ""3"": -242792.10636214752, ""4"": -246883.46430693218, ""5"": -363218.55859496293, ""6"": -421705.0252477474, ""7"": -454036.0260979129, ""8"": -487838.09132881457}","[32245, 21209, 18058, 4912, 3436, 3057, 2497, 986]","[32245, 21209, 18058]","[3, 4, 5, 6, 7]","[4912, 3436, 3057, 2497, 986]",bic,-487838.09132881457,ok
detexture_ade20k_multi,feature_cluster_coarse_global_pooled_predicted_k,training,400,training_ADE_train_00016071,detexture_multi_partition_v1,multi_partition_invariant,0.9481068208382046,0.8963563075347838,0.823501305158394,2,8,2,1.0,0.7022013860578883,186030,264924,78894,2,2,True,hungarian_iou_assignment,"[0.9494523666132473, 0.9467612750631619]","[{""pred_label"": 0, ""gt_label"": 0, ""iou"": 0.9494523666132473}, {""pred_label"": 1, ""gt_label"": 1, ""iou"": 0.9467612750631619}]",fpn_2,fpn_2,72x72,1,3,3,24x24,pooled_avg_pool_multi_way,False,False,False,silhouette,0.3622007668018341,"{""2"": 0.3622007668018341, ""3"": 0.30860960483551025, ""4"": 0.29105108976364136, ""5"": 0.23052674531936646, ""6"": 0.23160549998283386, ""7"": 0.24231205880641937, ""8"": 0.25437310338020325}","[144118, 120806]",jpeg_color_clustering_bic,-1,6,78894,0.2977986139421117,8,2,19597,"{""1"": -439198.50333427085, ""2"": -621712.8553790859, ""3"": -749299.1468173356, ""4"": -1232556.7280764282, ""5"": -1257218.1265241457, ""6"": -1414324.1986359837, ""7"": -1426428.2842397655, ""8"": -1454720.388552653}","[95977, 90053, 31288, 30214, 11326, 3434, 1531, 1101]","[95977, 90053]","[2, 3, 4, 5, 6, 7]","[31288, 30214, 11326, 3434, 1531, 1101]",bic,-1454720.388552653,ok
detexture_ade20k_multi,feature_cluster_coarse_global_pooled_predicted_k,training,401,training_ADE_train_00016081,detexture_multi_partition_v1,multi_partition_invariant,0.531972370027057,0.6530954310563774,0.7244666953956543,3,8,2,0.0,0.9802800146412884,342800,349696,6896,2,3,True,hungarian_iou_assignment,"[0.6172817105166368, 0.9786353995645342, 0.0]","[{""pred_label"": 0, ""gt_label"": 1, ""iou"": 0.6172817105166368}, {""pred_label"": 1, ""gt_label"": 0, ""iou"": 0.9786353995645342}, {""pred_label"": -1, ""gt_label"": 2, ""iou"": 0.0}]",fpn_2,fpn_2,72x72,1,3,3,24x24,pooled_avg_pool_multi_way,False,False,False,silhouette,0.3271605372428894,"{""2"": 0.3271605372428894, ""3"": 0.26036933064460754, ""4"": 0.2672044336795807, ""5"": 0.2615729570388794, ""6"": 0.23949912190437317, ""7"": 0.26261815428733826, ""8"": 0.2758863568305969}","[204826, 144870]",jpeg_color_clustering_bic,-1,5,6896,0.019719985358711566,8,3,3851,"{""1"": -670918.3544288593, ""2"": -691721.5566527044, ""3"": -1235763.5079291954, ""4"": -2601625.5360574936, ""5"": -2699143.419269232, ""6"": -2822556.359214503, ""7"": -2834838.8169448515, ""8"": -2971081.599438674}","[139395, 128395, 75010, 3392, 1412, 1149, 859, 84]","[139395, 128395, 75010]","[3, 4, 5, 6, 7]","[3392, 1412, 1149, 859, 84]",bic,-2971081.599438674,ok
detexture_ade20k_multi,feature_cluster_coarse_global_pooled_predicted_k,training,402,training_ADE_train_00016085,detexture_multi_partition_v1,multi_partition_invariant,0.505542433631414,0.7910425827097997,0.7273580628814755,3,8,2,0.0,0.9671448663853727,68764,71100,2336,2,3,True,hungarian_iou_assignment,"[0.9607435182221409, 0.5558837826721011, 0.0]","[{""pred_label"": 0, ""gt_label"": 0, ""iou"": 0.9607435182221409}, {""pred_label"": 1, ""gt_label"": 1, ""iou"": 0.5558837826721011}, {""pred_label"": -1, ""gt_label"": 2, ""iou"": 0.0}]",fpn_2,fpn_2,72x72,1,3,3,24x24,pooled_avg_pool_multi_way,False,False,False,silhouette,0.3601246178150177,"{""2"": 0.3601246178150177, ""3"": 0.34499692916870117, ""4"": 0.25323641300201416, ""5"": 0.2813493609428406, ""6"": 0.26338672637939453, ""7"": 0.27422791719436646, ""8"": 0.28145402669906616}","[44700, 26400]",jpeg_color_clustering_bic,-1,5,2336,0.03285513361462729,8,3,1672,"{""1"": -127921.05824986866, ""2"": -130488.84026219333, ""3"": -302787.3083330524, ""4"": -495126.3105508294, ""5"": -516324.8038926334, ""6"": -548244.546329636, ""7"": -573318.2295226983, ""8"": -591582.0034743709}","[42021, 16583, 10160, 649, 649, 467, 428, 143]","[42021, 16583, 10160]","[3, 4, 5, 6, 7]","[649, 649, 467, 428, 143]",bic,-591582.0034743709,ok
detexture_ade20k_multi,feature_cluster_coarse_global_pooled_predicted_k,training,403,training_ADE_train_00016156,detexture_multi_partition_v1,multi_partition_invariant,0.9355464539929406,0.9249685180587702,0.869214391268337,3,8,3,1.0,0.9789188323572474,342324,349696,7372,3,3,True,hungarian_iou_assignment,"[0.9710699426363534, 0.9264844250897192, 0.9090849942527489]","[{""pred_label"": 0, ""gt_label"": 0, ""iou"": 0.9710699426363534}, {""pred_label"": 1, ""gt_label"": 1, ""iou"": 0.9264844250897192}, {""pred_label"": 2, ""gt_label"": 2, ""iou"": 0.9090849942527489}]",fpn_2,fpn_2,72x72,1,3,3,24x24,pooled_avg_pool_multi_way,False,False,False,silhouette,0.332019180059433,"{""2"": 0.29434889554977417, ""3"": 0.332019180059433, ""4"": 0.2951759099960327, ""5"": 0.26880550384521484, ""6"": 0.24574393033981323, ""7"": 0.2476692497730255, ""8"": 0.24655257165431976}","[183965, 119583, 46148]",jpeg_color_clustering_bic,-1,5,7372,0.02108116764275256,8,3,7096,"{""1"": -703509.8863920873, ""2"": -1403878.597338201, ""3"": -1665581.3166251641, ""4"": -2433838.588964686, ""5"": -2608776.524720269, ""6"": -2767858.208907191, ""7"": -2782393.27205994, ""8"": -2812640.4017835613}","[184815, 113239, 44270, 4026, 1835, 1004, 407, 100]","[184815, 113239, 44270]","[3, 4, 5, 6, 7]","[4026, 1835, 1004, 407, 100]",bic,-2812640.4017835613,ok
detexture_ade20k_multi,feature_cluster_coarse_global_pooled_predicted_k,training,404,training_ADE_train_00016162,detexture_multi_partition_v1,multi_partition_invariant,0.2513051929744165,0.43300722445799494,0.5445074924594131,4,8,2,0.0,0.9735541727672035,340448,349696,9248,2,4,True,hungarian_iou_assignment,"[0.5324800484619303, 0.4727407234357357, 0.0, 0.0]","[{""pred_label"": 0, ""gt_label"": 0, ""iou"": 0.5324800484619303}, {""pred_label"": 1, ""gt_label"": 2, ""iou"": 0.4727407234357357}, {""pred_label"": -1, ""gt_label"": 1, ""iou"": 0.0}, {""pred_label"": -1, ""gt_label"": 3, ""iou"": 0.0}]",fpn_2,fpn_2,72x72,1,3,3,24x24,pooled_avg_pool_multi_way,False,False,False,silhouette,0.34213465452194214,"{""2"": 0.34213465452194214, ""3"": 0.29186806082725525, ""4"": 0.26499807834625244, ""5"": 0.25100210309028625, ""6"": 0.26105281710624695, ""7"": 0.26135584712028503, ""8"": 0.26322951912879944}","[217695, 132001]",jpeg_color_clustering_bic,-1,4,9248,0.026445827232796485,8,4,7184,"{""1"": -670629.3791306922, ""2"": -696504.3354169604, ""3"": -1093359.2746646306, ""4"": -1680657.1208652663, ""5"": -2440900.158347756, ""6"": -2512655.4828702165, ""7"": -2724541.8228453314, ""8"": -2808955.5122683276}","[121730, 99767, 60876, 58075, 4368, 1877, 1590, 1413]","[121730, 99767, 60876, 58075]","[4, 5, 6, 7]","[4368, 1877, 1590, 1413]",bic,-2808955.5122683276,ok
detexture_ade20k_multi,feature_cluster_coarse_global_pooled_predicted_k,training,405,training_ADE_train_00016317,detexture_multi_partition_v1,multi_partition_invariant,0.23579349211866307,0.31993864524060955,0.44347250418509354,3,8,7,0.0,0.9572766012396694,148263,154880,6617,7,3,True,hungarian_iou_assignment,"[0.5091795391238289, 0.36360620266858995, 0.0, 0.7777687030382228, 0.0, 0.0, 0.0]","[{""pred_label"": 0, ""gt_label"": 1, ""iou"": 0.5091795391238289}, {""pred_label"": 1, ""gt_label"": 0, ""iou"": 0.36360620266858995}, {""pred_label"": 2, ""gt_label"": -1, ""iou"": 0.0}, {""pred_label"": 3, ""gt_label"": 2, ""iou"": 0.7777687030382228}, {""pred_label"": 4, ""gt_label"": -1, ""iou"": 0.0}, {""pred_label"": 5, ""gt_label"": -1, ""iou"": 0.0}, {""pred_label"": 6, ""gt_label"": -1, ""iou"": 0.0}]",fpn_2,fpn_2,72x72,1,3,3,24x24,pooled_avg_pool_multi_way,False,False,False,silhouette,0.230490043759346,"{""2"": 0.223321333527565, ""3"": 0.19599266350269318, ""4"": 0.20472556352615356, ""5"": 0.19982706010341644, ""6"": 0.22698698937892914, ""7"": 0.230490043759346, ""8"": 0.22161321341991425}","[38047, 29677, 19399, 19360, 16918, 16809, 14670]",jpeg_color_clustering_bic,-1,5,6617,0.04272339876033058,8,3,6923,"{""1"": -271101.4448816292, ""2"": -288490.7062761812, ""3"": -621965.5367194264, ""4"": -624526.0642025153, ""5"": -1088523.3328031944, ""6"": -1171078.9706359426, ""7"": -1194520.7145935127, ""8"": -1206559.4644658384}","[65616, 58342, 24305, 3050, 1876, 849, 437, 405]","[65616, 58342, 24305]","[3, 4, 5, 6, 7]","[3050, 1876, 849, 437, 405]",bic,-1206559.4644658384,ok
detexture_ade20k_multi,feature_cluster_coarse_global_pooled_predicted_k,training,406,training_ADE_train_00016341,detexture_multi_partition_v1,multi_partition_invariant,0.4407318604633459,0.6858215633193367,0.6622208923688346,3,8,5,0.0,0.8603787289531479,300871,349696,48825,5,3,True,hungarian_iou_assignment,"[0.8677378686773787, 0.8889980972542497, 0.44692333638510096, 0.0, 0.0]","[{""pred_label"": 0, ""gt_label"": 0, ""iou"": 0.8677378686773787}, {""pred_label"": 1, ""gt_label"": 2, ""iou"": 0.8889980972542497}, {""pred_label"": 2, ""gt_label"": 1, ""iou"": 0.44692333638510096}, {""pred_label"": 3, ""gt_label"": -1, ""iou"": 0.0}, {""pred_label"": 4, ""gt_label"": -1, ""iou"": 0.0}]",fpn_2,fpn_2,72x72,1,3,3,24x24,pooled_avg_pool_multi_way,False,False,False,silhouette,0.27243250608444214,"{""2"": 0.27137041091918945, ""3"": 0.2697063386440277, ""4"": 0.2688302993774414, ""5"": 0.27243250608444214, ""6"": 0.25785744190216064, ""7"": 0.26490703225135803, ""8"": 0.24434471130371094}","[113744, 73591, 56046, 54039, 52276]",jpeg_color_clustering_bic,-1,5,48825,0.13962127104685212,8,3,13993,"{""1"": -682568.6436207423, ""2"": -819962.6791686498, ""3"": -1260709.473331943, ""4"": -1599051.9304225012, ""5"": -1611287.556067486, ""6"": -1620220.9365252163, ""7"": -2192270.1460295715, ""8"": -2455894.214050895}","[124218, 97597, 79056, 21757, 18473, 4124, 2589, 1882]","[124218, 97597, 79056]","[3, 4, 5, 6, 7]","[21757, 18473, 4124, 2589, 1882]",bic,-2455894.214050895,ok
detexture_ade20k_multi,feature_cluster_coarse_global_pooled_predicted_k,training,407,training_ADE_train_00016352,detexture_multi_partition_v1,multi_partition_invariant,0.8252202434118833,0.6903443171148482,0.633569491494247,2,8,2,1.0,0.8757225285947713,343003,391680,48677,2,2,True,hungarian_iou_assignment,"[0.8871739208225485, 0.763266566001218]","[{""pred_label"": 0, ""gt_label"": 0, ""iou"": 0.8871739208225485}, {""pred_label"": 1, ""gt_label"": 1, ""iou"": 0.763266566001218}]",fpn_2,fpn_2,72x72,1,3,3,24x24,pooled_avg_pool_multi_way,False,False,False,silhouette,0.25868532061576843,"{""2"": 0.25868532061576843, ""3"": 0.2514039874076843, ""4"": 0.1821250021457672, ""5"": 0.20692147314548492, ""6"": 0.19769331812858582, ""7"": 0.19512701034545898, ""8"": 0.19834646582603455}","[224745, 166935]",jpeg_color_clustering_bic,-1,6,48677,0.12427747140522875,8,2,5898,"{""1"": -799776.4861028037, ""2"": -827171.9753999565, ""3"": -1484109.8098188955, ""4"": -2471966.956682805, ""5"": -3045503.646501192, ""6"": -3189399.212547804, ""7"": -3383476.661295525, ""8"": -3417917.6337597906}","[251511, 91492, 39473, 3006, 2884, 1630, 1259, 425]","[251511, 91492]","[2, 3, 4, 5, 6, 7]","[39473, 3006, 2884, 1630, 1259, 425]",bic,-3417917.6337597906,ok
detexture_ade20k_multi,feature_cluster_coarse_global_pooled_predicted_k,training,408,training_ADE_train_00016363,detexture_multi_partition_v1,multi_partition_invariant,0.588639489876238,0.7738458549560999,0.6939106592552488,2,8,3,0.0,0.8255598958333333,253612,307200,53588,3,2,True,hungarian_iou_assignment,"[0.9324298996878998, 0.8334885699408145, 0.0]","[{""pred_label"": 0, ""gt_label"": 1, ""iou"": 0.9324298996878998}, {""pred_label"": 1, ""gt_label"": 0, ""iou"": 0.8334885699408145}, {""pred_label"": 2, ""gt_label"": -1, ""iou"": 0.0}]",fpn_2,fpn_2,72x72,1,3,3,24x24,pooled_avg_pool_multi_way,False,False,False,silhouette,0.3155907392501831,"{""2"": 0.22363975644111633, ""3"": 0.3155907392501831, ""4"": 0.26550403237342834, ""5"": 0.2298099249601364, ""6"": 0.20771268010139465, ""7"": 0.2046268731355667, ""8"": 0.2087966501712799}","[121740, 117380, 68080]",jpeg_color_clustering_bic,-1,6,53588,0.17444010416666667,8,2,8669,"{""1"": -684913.1584874353, ""2"": -705452.7192796557, ""3"": -1295672.8568242379, ""4"": -1559992.08880641, ""5"": -1567439.5103135256, ""6"": -2272464.625936356, ""7"": -2410423.5763987927, ""8"": -2448126.5752708972}","[133995, 119617, 26104, 20896, 2573, 2088, 1370, 557]","[133995, 119617]","[2, 3, 4, 5, 6, 7]","[26104, 20896, 2573, 2088, 1370, 557]",bic,-2448126.5752708972,ok
detexture_ade20k_multi,feature_cluster_coarse_global_pooled_predicted_k,training,409,training_ADE_train_00016365,detexture_multi_partition_v1,multi_partition_invariant,0.5186001220144286,0.6505487494273733,0.6451321164963051,3,8,2,0.0,0.9176788330078125,60141,65536,5395,2,3,True,hungarian_iou_assignment,"[0.6224270167035498, 0.9333733493397359, 0.0]","[{""pred_label"": 0, ""gt_label"": 1, ""iou"": 0.6224270167035498}, {""pred_label"": 1, ""gt_label"": 0, ""iou"": 0.9333733493397359}, {""pred_label"": -1, ""gt_label"": 2, ""iou"": 0.0}]",fpn_2,fpn_2,72x72,1,3,3,24x24,pooled_avg_pool_multi_way,False,False,False,silhouette,0.31092122197151184,"{""2"": 0.31092122197151184, ""3"": 0.24708673357963562, ""4"": 0.2099267691373825, ""5"": 0.21722714602947235, ""6"": 0.2375328242778778, ""7"": 0.2644730806350708, ""8"": 0.28738269209861755}","[33529, 32007]",jpeg_color_clustering_bic,-1,5,5395,0.0823211669921875,8,3,3329,"{""1"": -113840.67394545264, ""2"": -117404.16270702993, ""3"": -242359.7750442084, ""4"": -257027.10213779783, ""5"": -258612.69612224138, ""6"": -457920.9095588892, ""7"": -463612.2470278032, ""8"": -476175.8031651543}","[26602, 21533, 12006, 3552, 666, 636, 396, 145]","[26602, 21533, 12006]","[3, 4, 5, 6, 7]","[3552, 666, 636, 396, 145]",bic,-476175.8031651543,ok
detexture_ade20k_multi,feature_cluster_coarse_global_pooled_predicted_k,training,410,training_ADE_train_00016437,detexture_multi_partition_v1,multi_partition_invariant,0.5639392528416171,0.7124882425907754,0.7084821569481027,3,8,2,0.0,0.9193878173828125,60253,65536,5283,2,3,True,hungarian_iou_assignment,"[0.7325444136221448, 0.9592733449027065, 0.0]","[{""pred_label"": 0, ""gt_label"": 1, ""iou"": 0.7325444136221448}, {""pred_label"": 1, ""gt_label"": 0, ""iou"": 0.9592733449027065}, {""pred_label"": -1, ""gt_label"": 2, ""iou"": 0.0}]",fpn_2,fpn_2,72x72,1,3,3,24x24,pooled_avg_pool_multi_way,False,False,False,silhouette,0.31949499249458313,"{""2"": 0.31949499249458313, ""3"": 0.2863454222679138, ""4"": 0.2616049349308014, ""5"": 0.27861011028289795, ""6"": 0.2808169424533844, ""7"": 0.2872656285762787, ""8"": 0.2232043445110321}","[35488, 30048]",jpeg_color_clustering_bic,-1,5,5283,0.0806121826171875,8,3,2584,"{""1"": -183429.1070232579, ""2"": -202398.33230341444, ""3"": -215295.77665306613, ""4"": -312080.2396360908, ""5"": -312077.8863122266, ""6"": -479999.54766230495, ""7"": -503491.63813667366, ""8"": -515695.1358251197}","[26566, 24953, 8734, 3391, 1030, 538, 322, 2]","[26566, 24953, 8734]","[3, 4, 5, 6, 7]","[3391, 1030, 538, 322, 2]",bic,-515695.1358251197,ok
detexture_ade20k_multi,feature_cluster_coarse_global_pooled_predicted_k,training,411,training_ADE_train_00016454,detexture_multi_partition_v1,multi_partition_invariant,0.8001291219848049,0.7648009099639508,0.7120104536473109,3,8,3,1.0,0.9004669189453125,59013,65536,6523,3,3,True,hungarian_iou_assignment,"[0.9140995914762062, 0.8212969462969463, 0.6649908281812623]","[{""pred_label"": 0, ""gt_label"": 0, ""iou"": 0.9140995914762062}, {""pred_label"": 1, ""gt_label"": 1, ""iou"": 0.8212969462969463}, {""pred_label"": 2, ""gt_label"": 2, ""iou"": 0.6649908281812623}]",fpn_2,fpn_2,72x72,1,3,3,24x24,pooled_avg_pool_multi_way,False,False,False,silhouette,0.31493857502937317,"{""2"": 0.24449189007282257, ""3"": 0.31493857502937317, ""4"": 0.3066146969795227, ""5"": 0.2889503240585327, ""6"": 0.28400444984436035, ""7"": 0.27129724621772766, ""8"": 0.24974828958511353}","[26837, 19601, 19098]",jpeg_color_clustering_bic,-1,5,6523,0.0995330810546875,8,3,7548,"{""1"": -147280.99496237957, ""2"": -155753.25759900318, ""3"": -264213.9690147047, ""4"": -282572.6158661266, ""5"": -378389.89677067363, ""6"": -403769.5709908836, ""7"": -424254.39049189206, ""8"": -436133.7462951911}","[26727, 22478, 9808, 2421, 1508, 1053, 961, 580]","[26727, 22478, 9808]","[3, 4, 5, 6, 7]","[2421, 1508, 1053, 961, 580]",bic,-436133.7462951911,ok
detexture_ade20k_multi,feature_cluster_coarse_global_pooled_predicted_k,training,412,training_ADE_train_00016568,detexture_multi_partition_v1,multi_partition_invariant,0.5820697204188927,0.6349329313821014,0.6360690861328675,4,8,3,0.0,0.9511260986328125,62333,65536,3203,3,4,True,hungarian_iou_assignment,"[0.6498882213217829, 0.8706258167562073, 0.8077648435975808, 0.0]","[{""pred_label"": 0, ""gt_label"": 0, ""iou"": 0.6498882213217829}, {""pred_label"": 1, ""gt_label"": 1, ""iou"": 0.8706258167562073}, {""pred_label"": 2, ""gt_label"": 2, ""iou"": 0.8077648435975808}, {""pred_label"": -1, ""gt_label"": 3, ""iou"": 0.0}]",fpn_2,fpn_2,72x72,1,3,3,24x24,pooled_avg_pool_multi_way,False,False,False,silhouette,0.29405415058135986,"{""2"": 0.24394120275974274, ""3"": 0.29405415058135986, ""4"": 0.24790607392787933, ""5"": 0.2555449604988098, ""6"": 0.23317718505859375, ""7"": 0.22759883105754852, ""8"": 0.23532067239284515}","[27064, 22724, 15748]",jpeg_color_clustering_bic,-1,4,3203,0.0488739013671875,8,4,6927,"{""1"": -122084.01894793974, ""2"": -127213.14782119937, ""3"": -227661.1519362104, ""4"": -259096.90287674274, ""5"": -262125.8174005652, ""6"": -431251.32350252656, ""7"": -439284.18418127496, ""8"": -452983.9914875866}","[20527, 18360, 12460, 10986, 1300, 996, 594, 313]","[20527, 18360, 12460, 10986]","[4, 5, 6, 7]","[1300, 996, 594, 313]",bic,-452983.9914875866,ok
detexture_ade20k_multi,feature_cluster_coarse_global_pooled_predicted_k,training,413,training_ADE_train_00016627,detexture_multi_partition_v1,multi_partition_invariant,0.2579130163555417,0.5404230432747462,0.611334242235699,3,8,8,0.0,0.8184356689453125,53637,65536,11899,8,3,True,hungarian_iou_assignment,"[0.8369147573644514, 0.6644823066841415, 0.5619070667957405, 0.0, 0.0, 0.0, 0.0, 0.0]","[{""pred_label"": 0, ""gt_label"": 2, ""iou"": 0.8369147573644514}, {""pred_label"": 1, ""gt_label"": 1, ""iou"": 0.6644823066841415}, {""pred_label"": 2, ""gt_label"": 0, ""iou"": 0.5619070667957405}, {""pred_label"": 3, ""gt_label"": -1, ""iou"": 0.0}, {""pred_label"": 4, ""gt_label"": -1, ""iou"": 0.0}, {""pred_label"": 5, ""gt_label"": -1, ""iou"": 0.0}, {""pred_label"": 6, ""gt_label"": -1, ""iou"": 0.0}, {""pred_label"": 7, ""gt_label"": -1, ""iou"": 0.0}]",fpn_2,fpn_2,72x72,1,3,3,24x24,pooled_avg_pool_multi_way,False,False,False,silhouette,0.29479891061782837,"{""2"": 0.24696612358093262, ""3"": 0.2825131118297577, ""4"": 0.2796897292137146, ""5"": 0.28368228673934937, ""6"": 0.2936829924583435, ""7"": 0.29307493567466736, ""8"": 0.29479891061782837}","[16029, 13928, 11609, 7196, 5329, 4096, 3595, 3754]",jpeg_color_clustering_bic,-1,5,11899,0.1815643310546875,8,3,7711,"{""1"": -135114.32656711113, ""2"": -204597.09274817514, ""3"": -168418.0141297033, ""4"": -239799.2323328205, ""5"": -308874.9225142428, ""6"": -375043.8106723194, ""7"": -382329.8660918664, ""8"": -383835.49769318994}","[20660, 20592, 12385, 5135, 4667, 721, 709, 667]","[20660, 20592, 12385]","[3, 4, 5, 6, 7]","[5135, 4667, 721, 709, 667]",bic,-383835.49769318994,ok
detexture_ade20k_multi,feature_cluster_coarse_global_pooled_predicted_k,training,414,training_ADE_train_00016705,detexture_multi_partition_v1,multi_partition_invariant,0.6232103612863811,0.7939354314197186,0.7737970808291537,3,8,4,0.0,0.9738340122199592,382522,392800,10278,4,3,True,hungarian_iou_assignment,"[0.9717834890965732, 0.9165802875298571, 0.6044776685190941, 0.0]","[{""pred_label"": 0, ""gt_label"": 2, ""iou"": 0.9717834890965732}, {""pred_label"": 1, ""gt_label"": 0, ""iou"": 0.9165802875298571}, {""pred_label"": 2, ""gt_label"": 1, ""iou"": 0.6044776685190941}, {""pred_label"": 3, ""gt_label"": -1, ""iou"": 0.0}]",fpn_2,fpn_2,72x72,1,3,3,24x24,pooled_avg_pool_multi_way,False,False,False,silhouette,0.3353416323661804,"{""2"": 0.30907100439071655, ""3"": 0.2926419973373413, ""4"": 0.3353416323661804, ""5"": 0.3352237343788147, ""6"": 0.3137906789779663, ""7"": 0.3211125135421753, ""8"": 0.3138291537761688}","[130620, 128519, 85987, 47674]",jpeg_color_clustering_bic,-1,5,10278,0.02616598778004073,8,3,8620,"{""1"": -687912.2394965336, ""2"": -709619.1639732786, ""3"": -1447174.0064785306, ""4"": -2744748.0892956164, ""5"": -2865589.449831843, ""6"": -3049414.6392307663, ""7"": -3115959.5735123144, ""8"": -3191966.527988955}","[128811, 128064, 125647, 3888, 3168, 1689, 885, 648]","[128811, 128064, 125647]","[3, 4, 5, 6, 7]","[3888, 3168, 1689, 885, 648]",bic,-3191966.527988955,ok
detexture_ade20k_multi,feature_cluster_coarse_global_pooled_predicted_k,training,415,training_ADE_train_00016721,detexture_multi_partition_v1,multi_partition_invariant,0.4018358908406193,0.5984948560717616,0.6583931831738323,4,8,7,0.0,0.9310240464344942,224563,241200,16637,7,4,True,hungarian_iou_assignment,"[0.9544891272980359, 0.6083805603467018, 0.4909023086169022, 0.759079239622696, 0.0, 0.0, 0.0]","[{""pred_label"": 0, ""gt_label"": 2, ""iou"": 0.9544891272980359}, {""pred_label"": 1, ""gt_label"": 1, ""iou"": 0.6083805603467018}, {""pred_label"": 2, ""gt_label"": 0, ""iou"": 0.4909023086169022}, {""pred_label"": 3, ""gt_label"": 3, ""iou"": 0.759079239622696}, {""pred_label"": 4, ""gt_label"": -1, ""iou"": 0.0}, {""pred_label"": 5, ""gt_label"": -1, ""iou"": 0.0}, {""pred_label"": 6, ""gt_label"": -1, ""iou"": 0.0}]",fpn_2,fpn_2,72x72,1,3,3,24x24,pooled_avg_pool_multi_way,False,False,False,silhouette,0.31022700667381287,"{""2"": 0.24418003857135773, ""3"": 0.26293277740478516, ""4"": 0.2649696171283722, ""5"": 0.28077003359794617, ""6"": 0.28262853622436523, ""7"": 0.31022700667381287, ""8"": 0.2810620665550232}","[57200, 44325, 39375, 35600, 26100, 20125, 18475]",jpeg_color_clustering_bic,-1,4,16637,0.0689759535655058,8,4,13940,"{""1"": -487196.2630852255, ""2"": -521715.82237712253, ""3"": -786358.1027984374, ""4"": -963543.3221095229, ""5"": -1002258.2237672205, ""6"": -1464565.9332312339, ""7"": -1609496.18266719, ""8"": -1611963.3055291495}","[70018, 66913, 58541, 29091, 7175, 5472, 3963, 27]","[70018, 66913, 58541, 29091]","[4, 5, 6, 7]","[7175, 5472, 3963, 27]",bic,-1611963.3055291495,ok
detexture_ade20k_multi,feature_cluster_coarse_global_pooled_predicted_k,training,416,training_ADE_train_00016847,detexture_multi_partition_v1,multi_partition_invariant,0.6485288730265086,0.8193147834819633,0.7626275215351357,3,8,4,0.0,0.7460199004975124,44985,60300,15315,4,3,True,hungarian_iou_assignment,"[0.9078350410358362, 0.8718277650733448, 0.8144526859968533, 0.0]","[{""pred_label"": 0, ""gt_label"": 0, ""iou"": 0.9078350410358362}, {""pred_label"": 1, ""gt_label"": 1, ""iou"": 0.8718277650733448}, {""pred_label"": 2, ""gt_label"": 2, ""iou"": 0.8144526859968533}, {""pred_label"": 3, ""gt_label"": -1, ""iou"": 0.0}]",fpn_2,fpn_2,72x72,1,3,3,24x24,pooled_avg_pool_multi_way,False,False,False,silhouette,0.3268105089664459,"{""2"": 0.2864488363265991, ""3"": 0.3172588348388672, ""4"": 0.3268105089664459, ""5"": 0.3218546509742737, ""6"": 0.28239625692367554, ""7"": 0.2638993561267853, ""8"": 0.2337665557861328}","[17876, 17392, 14863, 10169]",jpeg_color_clustering_bic,-1,5,15315,0.25398009950248757,8,3,8291,"{""1"": -129207.70203594542, ""2"": -179143.45753885878, ""3"": -193223.81562547068, ""4"": -206777.63882530865, ""5"": -234052.97563739016, ""6"": -264012.84079240693, ""7"": -281168.32621536416, ""8"": -366467.8605104231}","[19592, 17212, 8181, 6085, 4038, 2654, 1830, 708]","[19592, 17212, 8181]","[3, 4, 5, 6, 7]","[6085, 4038, 2654, 1830, 708]",bic,-366467.8605104231,ok
detexture_ade20k_multi,feature_cluster_coarse_global_pooled_predicted_k,training,417,training_ADE_train_00016848,detexture_multi_partition_v1,multi_partition_invariant,0.594982214807762,0.7914754648801668,0.7071960248521959,2,8,3,0.0,0.8177333333333333,55197,67500,12303,3,2,True,hungarian_iou_assignment,"[0.8830102091716272, 0.901936435251659, 0.0]","[{""pred_label"": 0, ""gt_label"": 0, ""iou"": 0.8830102091716272}, {""pred_label"": 1, ""gt_label"": 1, ""iou"": 0.901936435251659}, {""pred_label"": 2, ""gt_label"": -1, ""iou"": 0.0}]",fpn_2,fpn_2,72x72,1,3,3,24x24,pooled_avg_pool_multi_way,False,False,False,silhouette,0.25810718536376953,"{""2"": 0.2149280309677124, ""3"": 0.25810718536376953, ""4"": 0.20425473153591156, ""5"": 0.19434703886508942, ""6"": 0.19530270993709564, ""7"": 0.20093867182731628, ""8"": 0.20182493329048157}","[28651, 23787, 15062]",jpeg_color_clustering_bic,-1,6,12303,0.18226666666666666,8,2,6983,"{""1"": -185521.9206675728, ""2"": -198138.25503469357, ""3"": -255605.7071787566, ""4"": -218937.81316810727, ""5"": -227555.00344985622, ""6"": -284701.8993864803, ""7"": -295044.6750082329, ""8"": -348370.8166526491}","[29603, 25594, 5655, 3120, 2200, 701, 616, 11]","[29603, 25594]","[2, 3, 4, 5, 6, 7]","[5655, 3120, 2200, 701, 616, 11]",bic,-348370.8166526491,ok
detexture_ade20k_multi,feature_cluster_coarse_global_pooled_predicted_k,training,418,training_ADE_train_00016849,detexture_multi_partition_v1,multi_partition_invariant,0.5382957596637428,0.8509406939985986,0.7941606257937698,3,8,5,0.0,0.8135807291666667,62483,76800,14317,5,3,True,hungarian_iou_assignment,"[0.9093636833936886, 0.9057064826793157, 0.8764086322457096, 0.0, 0.0]","[{""pred_label"": 0, ""gt_label"": 0, ""iou"": 0.9093636833936886}, {""pred_label"": 1, ""gt_label"": 1, ""iou"": 0.9057064826793157}, {""pred_label"": 2, ""gt_label"": 2, ""iou"": 0.8764086322457096}, {""pred_label"": 3, ""gt_label"": -1, ""iou"": 0.0}, {""pred_label"": 4, ""gt_label"": -1, ""iou"": 0.0}]",fpn_2,fpn_2,72x72,1,3,3,24x24,pooled_avg_pool_multi_way,False,False,False,silhouette,0.3206448554992676,"{""2"": 0.29510578513145447, ""3"": 0.3138081729412079, ""4"": 0.29452425241470337, ""5"": 0.3206448554992676, ""6"": 0.3135513365268707, ""7"": 0.2837672233581543, ""8"": 0.2830348312854767}","[27330, 19450, 12250, 11620, 6150]",jpeg_color_clustering_bic,-1,5,14317,0.18641927083333334,8,3,8811,"{""1"": -156711.17317878164, ""2"": -162547.15721964402, ""3"": -243644.78879655575, ""4"": -307683.7367347099, ""5"": -319705.7984561402, ""6"": -348695.6181584466, ""7"": -394270.7386782922, ""8"": -455479.02788064384}","[28599, 20606, 13278, 4740, 4439, 3305, 1061, 772]","[28599, 20606, 13278]","[3, 4, 5, 6, 7]","[4740, 4439, 3305, 1061, 772]",bic,-455479.02788064384,ok
detexture_ade20k_multi,feature_cluster_coarse_global_pooled_predicted_k,training,419,training_ADE_train_00016857,detexture_multi_partition_v1,multi_partition_invariant,0.8015477241728828,0.6977227123520353,0.6506894211015608,3,8,3,1.0,0.9427003450920245,314696,333824,19128,3,3,True,hungarian_iou_assignment,"[0.8008868857225938, 0.8119273711118333, 0.7918289156842209]","[{""pred_label"": 0, ""gt_label"": 0, ""iou"": 0.8008868857225938}, {""pred_label"": 1, ""gt_label"": 2, ""iou"": 0.8119273711118333}, {""pred_label"": 2, ""gt_label"": 1, ""iou"": 0.7918289156842209}]",fpn_2,fpn_2,72x72,1,3,3,24x24,pooled_avg_pool_multi_way,False,False,False,silhouette,0.24570925533771515,"{""2"": 0.21859116852283478, ""3"": 0.24570925533771515, ""4"": 0.21368956565856934, ""5"": 0.2249910831451416, ""6"": 0.21558505296707153, ""7"": 0.22916020452976227, ""8"": 0.22720320522785187}","[116980, 114348, 102496]",jpeg_color_clustering_bic,-1,5,19128,0.05729965490797546,8,3,15168,"{""1"": -580500.1096367008, ""2"": -600713.2935180025, ""3"": -1187882.470466084, ""4"": -1748770.8322906075, ""5"": -2103929.814380626, ""6"": -2210388.616833959, ""7"": -2234224.206737791, ""8"": -2286261.704332821}","[111398, 107976, 95322, 9738, 4018, 2879, 1655, 838]","[111398, 107976, 95322]","[3, 4, 5, 6, 7]","[9738, 4018, 2879, 1655, 838]",bic,-2286261.704332821,ok
detexture_ade20k_multi,feature_cluster_coarse_global_pooled_predicted_k,training,420,training_ADE_train_00017338,detexture_multi_partition_v1,multi_partition_invariant,0.22356826854217782,0.38802829262119276,0.4786513250931593,5,8,2,0.0,0.9542945872986823,333713,349696,15983,2,5,True,hungarian_iou_assignment,"[0.5195901541402796, 0.5982511885706094, 0.0, 0.0, 0.0]","[{""pred_label"": 0, ""gt_label"": 1, ""iou"": 0.5195901541402796}, {""pred_label"": 1, ""gt_label"": 0, ""iou"": 0.5982511885706094}, {""pred_label"": -1, ""gt_label"": 2, ""iou"": 0.0}, {""pred_label"": -1, ""gt_label"": 3, ""iou"": 0.0}, {""pred_label"": -1, ""gt_label"": 4, ""iou"": 0.0}]",fpn_2,fpn_2,72x72,1,3,3,24x24,pooled_avg_pool_multi_way,False,False,False,silhouette,0.3275108337402344,"{""2"": 0.3275108337402344, ""3"": 0.3096361756324768, ""4"": 0.2968825399875641, ""5"": 0.2995862364768982, ""6"": 0.2647953927516937, ""7"": 0.2607570290565491, ""8"": 0.2588721811771393}","[177972, 171724]",jpeg_color_clustering_bic,-1,3,15983,0.04570541270131771,8,5,22001,"{""1"": -695061.7208629127, ""2"": -727580.2988079285, ""3"": -944346.9112460468, ""4"": -1238288.5573797075, ""5"": -1391173.3319320434, ""6"": -1679377.8396457324, ""7"": -1748235.6464041844, ""8"": -1820536.4652058715}","[101259, 86969, 49714, 48081, 47690, 6509, 4829, 4645]","[101259, 86969, 49714, 48081, 47690]","[5, 6, 7]","[6509, 4829, 4645]",bic,-1820536.4652058715,ok
detexture_ade20k_multi,feature_cluster_coarse_global_pooled_predicted_k,training,421,training_ADE_train_00018905,detexture_multi_partition_v1,multi_partition_invariant,0.19899856115107914,0.0,0.0,1,8,3,0.0,0.8006617267566173,86875,108504,21629,3,1,True,hungarian_iou_assignment,"[0.5969956834532374, 0.0, 0.0]","[{""pred_label"": 0, ""gt_label"": 0, ""iou"": 0.5969956834532374}, {""pred_label"": 1, ""gt_label"": -1, ""iou"": 0.0}, {""pred_label"": 2, ""gt_label"": -1, ""iou"": 0.0}]",fpn_2,fpn_2,72x72,1,3,3,24x24,pooled_avg_pool_multi_way,False,False,False,silhouette,0.25379815697669983,"{""2"": 0.23733067512512207, ""3"": 0.25379815697669983, ""4"": 0.22748412191867828, ""5"": 0.2268550992012024, ""6"": 0.22811657190322876, ""7"": 0.23456904292106628, ""8"": 0.23494669795036316}","[61831, 30569, 16104]",jpeg_color_clustering_bic,-1,7,21629,0.19933827324338274,8,1,4917,"{""1"": -300773.5742576925, ""2"": -315412.6386772922, ""3"": -460511.86211975064, ""4"": -699211.5190772472, ""5"": -734315.2864043589, ""6"": -760510.6375019988, ""7"": -762134.6942670078, ""8"": -842743.531763727}","[86875, 8681, 8620, 2145, 831, 754, 445, 153]",[86875],"[1, 2, 3, 4, 5, 6, 7]","[8681, 8620, 2145, 831, 754, 445, 153]",bic,-842743.531763727,ok
detexture_ade20k_multi,feature_cluster_coarse_global_pooled_predicted_k,training,422,training_ADE_train_00019008,detexture_multi_partition_v1,multi_partition_invariant,0.5289839866295597,0.15380107405933688,0.16303405164300142,2,8,2,1.0,0.6707520457779886,180985,269824,88839,2,2,True,hungarian_iou_assignment,"[0.47929302501895377, 0.5786749482401656]","[{""pred_label"": 0, ""gt_label"": 1, ""iou"": 0.47929302501895377}, {""pred_label"": 1, ""gt_label"": 0, ""iou"": 0.5786749482401656}]",fpn_2,fpn_2,72x72,1,3,3,24x24,pooled_avg_pool_multi_way,False,False,False,silhouette,0.2683691084384918,"{""2"": 0.2683691084384918, ""3"": 0.2607342302799225, ""4"": 0.25526905059814453, ""5"": 0.2268369495868683, ""6"": 0.23808200657367706, ""7"": 0.2034037858247757, ""8"": 0.18675249814987183}","[169950, 99874]",jpeg_color_clustering_bic,-1,6,88839,0.32924795422201136,8,2,26430,"{""1"": -583498.9330410062, ""2"": -639722.0615424332, ""3"": -721249.8577995768, ""4"": -746092.7490671332, ""5"": -937083.8004238455, ""6"": -955192.5079573278, ""7"": -1005348.7758188742, ""8"": -1085812.0198201318}","[121774, 59211, 24453, 16702, 15985, 14632, 10100, 6967]","[121774, 59211]","[2, 3, 4, 5, 6, 7]","[24453, 16702, 15985, 14632, 10100, 6967]",bic,-1085812.0198201318,ok
detexture_ade20k_multi,feature_cluster_coarse_global_pooled_predicted_k,training,423,training_ADE_train_00019011,detexture_multi_partition_v1,multi_partition_invariant,0.38351861511161917,0.32901735929557435,0.45049164474014275,3,8,2,0.0,0.8779479258605473,198943,226600,27657,2,3,True,hungarian_iou_assignment,"[0.5278892933691696, 0.622666551965688, 0.0]","[{""pred_label"": 0, ""gt_label"": 1, ""iou"": 0.5278892933691696}, {""pred_label"": 1, ""gt_label"": 2, ""iou"": 0.622666551965688}, {""pred_label"": -1, ""gt_label"": 0, ""iou"": 0.0}]",fpn_2,fpn_2,72x72,1,3,3,24x24,pooled_avg_pool_multi_way,False,False,False,silhouette,0.27065473794937134,"{""2"": 0.27065473794937134, ""3"": 0.268280029296875, ""4"": 0.22610490024089813, ""5"": 0.2453596293926239, ""6"": 0.2385832518339157, ""7"": 0.25128382444381714, ""8"": 0.2551835775375366}","[132332, 94268]",jpeg_color_clustering_bic,-1,5,27657,0.12205207413945278,8,3,10237,"{""1"": -463834.45844797994, ""2"": -493961.9651769569, ""3"": -654459.4216498758, ""4"": -1069650.2447024365, ""5"": -1226184.3278440952, ""6"": -1485923.3982441486, ""7"": -1521215.4429315003, ""8"": -1545007.378468358}","[86211, 62065, 50667, 12081, 9437, 3437, 1656, 1046]","[86211, 62065, 50667]","[3, 4, 5, 6, 7]","[12081, 9437, 3437, 1656, 1046]",bic,-1545007.378468358,ok
detexture_ade20k_multi,feature_cluster_coarse_global_pooled_predicted_k,training,424,training_ADE_train_00019013,detexture_multi_partition_v1,multi_partition_invariant,0.597839836822404,0.6402177869401923,0.6653486744265469,3,8,4,0.0,0.9064244372254758,316973,349696,32723,4,3,True,hungarian_iou_assignment,"[0.7132971111014739, 0.8934224689819273, 0.7846397672062148, 0.0]","[{""pred_label"": 0, ""gt_label"": 0, ""iou"": 0.7132971111014739}, {""pred_label"": 1, ""gt_label"": 1, ""iou"": 0.8934224689819273}, {""pred_label"": 2, ""gt_label"": 2, ""iou"": 0.7846397672062148}, {""pred_label"": 3, ""gt_label"": -1, ""iou"": 0.0}]",fpn_2,fpn_2,72x72,1,3,3,24x24,pooled_avg_pool_multi_way,False,False,False,silhouette,0.2863839566707611,"{""2"": 0.27426496148109436, ""3"": 0.282559335231781, ""4"": 0.2863839566707611, ""5"": 0.28211498260498047, ""6"": 0.28629568219184875, ""7"": 0.2658487856388092, ""8"": 0.2505245804786682}","[122921, 105040, 66627, 55108]",jpeg_color_clustering_bic,-1,5,32723,0.09357556277452415,8,3,10921,"{""1"": -798058.9936826364, ""2"": -834372.8206306401, ""3"": -1043436.0236901721, ""4"": -1240251.0111656466, ""5"": -1347871.6376626731, ""6"": -2526326.564352652, ""7"": -2598422.562928607, ""8"": -2713604.3056232375}","[160280, 81341, 75352, 15817, 10396, 3680, 2062, 768]","[160280, 81341, 75352]","[3, 4, 5, 6, 7]","[15817, 10396, 3680, 2062, 768]",bic,-2713604.3056232375,ok
detexture_ade20k_multi,feature_cluster_coarse_global_pooled_predicted_k,training,425,training_ADE_train_00019015,detexture_multi_partition_v1,multi_partition_invariant,0.484800476773922,0.7081251331209943,0.697446364142587,3,8,5,0.0,0.7452,50301,67500,17199,5,3,True,hungarian_iou_assignment,"[0.8259381083439619, 0.769927536231884, 0.8281367392937641, 0.0, 0.0]","[{""pred_label"": 0, ""gt_label"": 0, ""iou"": 0.8259381083439619}, {""pred_label"": 1, ""gt_label"": 1, ""iou"": 0.769927536231884}, {""pred_label"": 2, ""gt_label"": 2, ""iou"": 0.8281367392937641}, {""pred_label"": 3, ""gt_label"": -1, ""iou"": 0.0}, {""pred_label"": 4, ""gt_label"": -1, ""iou"": 0.0}]",fpn_2,fpn_2,72x72,1,3,3,24x24,pooled_avg_pool_multi_way,False,False,False,silhouette,0.2974458932876587,"{""2"": 0.2827759385108948, ""3"": 0.25610896944999695, ""4"": 0.27336108684539795, ""5"": 0.2974458932876587, ""6"": 0.28851354122161865, ""7"": 0.2902601361274719, ""8"": 0.27605485916137695}","[26391, 14649, 10095, 8375, 7990]",jpeg_color_clustering_bic,-1,5,17199,0.2548,8,3,7983,"{""1"": -129684.51728421103, ""2"": -142769.262613399, ""3"": -211790.22477368265, ""4"": -245471.55712070334, ""5"": -286396.1875584292, ""6"": -294291.80559480214, ""7"": -297911.3809794593, ""8"": -436296.5926525594}","[29014, 10701, 10586, 8050, 5091, 1879, 1281, 898]","[29014, 10701, 10586]","[3, 4, 5, 6, 7]","[8050, 5091, 1879, 1281, 898]",bic,-436296.5926525594,ok
detexture_ade20k_multi,feature_cluster_coarse_global_pooled_predicted_k,training,426,training_ADE_train_00019016,detexture_multi_partition_v1,multi_partition_invariant,0.38892938768422497,0.30986596814501544,0.38383174863297,3,8,2,0.0,0.9802213541666667,301124,307200,6076,2,3,True,hungarian_iou_assignment,"[0.6041648083064243, 0.5626233547462507, 0.0]","[{""pred_label"": 0, ""gt_label"": 0, ""iou"": 0.6041648083064243}, {""pred_label"": 1, ""gt_label"": 2, ""iou"": 0.5626233547462507}, {""pred_label"": -1, ""gt_label"": 1, ""iou"": 0.0}]",fpn_2,fpn_2,72x72,1,3,3,24x24,pooled_avg_pool_multi_way,False,False,False,silhouette,0.30790531635284424,"{""2"": 0.30790531635284424, ""3"": 0.2666930556297302, ""4"": 0.21411970257759094, ""5"": 0.22868472337722778, ""6"": 0.25346654653549194, ""7"": 0.25657641887664795, ""8"": 0.24800841510295868}","[224520, 82680]",jpeg_color_clustering_bic,-1,5,6076,0.019778645833333334,8,3,9823,"{""1"": -654491.6617704742, ""2"": -993306.2393963806, ""3"": -1060737.7312398397, ""4"": -2105222.2190811927, ""5"": -2208311.988391505, ""6"": -2315301.80020812, ""7"": -2332959.583038769, ""8"": -2346268.4656238337}","[138096, 118273, 44755, 2600, 2116, 942, 239, 179]","[138096, 118273, 44755]","[3, 4, 5, 6, 7]","[2600, 2116, 942, 239, 179]",bic,-2346268.4656238337,ok
detexture_ade20k_multi,feature_cluster_coarse_global_pooled_predicted_k,training,427,training_ADE_train_00019224,detexture_multi_partition_v1,multi_partition_invariant,0.22738195115168186,0.304567096202557,0.43449570240072555,4,8,8,0.0,0.9098625,218367,240000,21633,8,4,True,hungarian_iou_assignment,"[0.4346625546869397, 0.3368357421553003, 0.46193820489164206, 0.0, 0.5856191074795726, 0.0, 0.0, 0.0]","[{""pred_label"": 0, ""gt_label"": 2, ""iou"": 0.4346625546869397}, {""pred_label"": 1, ""gt_label"": 0, ""iou"": 0.3368357421553003}, {""pred_label"": 2, ""gt_label"": 1, ""iou"": 0.46193820489164206}, {""pred_label"": 3, ""gt_label"": -1, ""iou"": 0.0}, {""pred_label"": 4, ""gt_label"": 3, ""iou"": 0.5856191074795726}, {""pred_label"": 5, ""gt_label"": -1, ""iou"": 0.0}, {""pred_label"": 6, ""gt_label"": -1, ""iou"": 0.0}, {""pred_label"": 7, ""gt_label"": -1, ""iou"": 0.0}]",fpn_2,fpn_2,72x72,1,3,3,24x24,pooled_avg_pool_multi_way,False,False,False,silhouette,0.2245209515094757,"{""2"": 0.21093924343585968, ""3"": 0.20204922556877136, ""4"": 0.17994433641433716, ""5"": 0.19192387163639069, ""6"": 0.21252880990505219, ""7"": 0.20312529802322388, ""8"": 0.2245209515094757}","[40325, 40375, 31600, 31250, 26200, 24600, 23575, 22075]",jpeg_color_clustering_bic,-1,4,21633,0.0901375,8,4,18983,"{""1"": -592778.1447381396, ""2"": -645872.4020706273, ""3"": -808088.979103194, ""4"": -825706.4192774334, ""5"": -876660.0104301122, ""6"": -893709.7887291505, ""7"": -924843.7047674306, ""8"": -1103886.4184584576}","[85778, 48700, 46526, 37363, 7599, 5192, 4446, 4396]","[85778, 48700, 46526, 37363]","[4, 5, 6, 7]","[7599, 5192, 4446, 4396]",bic,-1103886.4184584576,ok
detexture_ade20k_multi,feature_cluster_coarse_global_pooled_predicted_k,training,428,training_ADE_train_00019227,detexture_multi_partition_v1,multi_partition_invariant,0.6532941079871165,0.7102454339784784,0.6700205859060603,3,8,3,1.0,0.9518922298950574,70025,73564,3539,3,3,True,hungarian_iou_assignment,"[0.9217547048759623, 0.6402583083950228, 0.3978693106903644]","[{""pred_label"": 0, ""gt_label"": 0, ""iou"": 0.9217547048759623}, {""pred_label"": 1, ""gt_label"": 2, ""iou"": 0.6402583083950228}, {""pred_label"": 2, ""gt_label"": 1, ""iou"": 0.3978693106903644}]",fpn_2,fpn_2,72x72,1,3,3,24x24,pooled_avg_pool_multi_way,False,False,False,silhouette,0.3915633261203766,"{""2"": 0.346050500869751, ""3"": 0.3915633261203766, ""4"": 0.38338950276374817, ""5"": 0.28708416223526, ""6"": 0.2849633991718292, ""7"": 0.26660895347595215, ""8"": 0.26973316073417664}","[34619, 26473, 12472]",jpeg_color_clustering_bic,-1,5,3539,0.04810777010494263,8,3,5730,"{""1"": -141471.09724390344, ""2"": -143758.38933207683, ""3"": -218642.49186274118, ""4"": -418634.16321482335, ""5"": -431270.9655730801, ""6"": -441666.9133411167, ""7"": -498323.0587870173, ""8"": -515061.4590643844}","[37400, 16365, 16260, 1910, 625, 402, 402, 200]","[37400, 16365, 16260]","[3, 4, 5, 6, 7]","[1910, 625, 402, 402, 200]",bic,-515061.4590643844,ok
detexture_ade20k_multi,feature_cluster_coarse_global_pooled_predicted_k,training,429,training_ADE_train_00019229,detexture_multi_partition_v1,multi_partition_invariant,0.29902457263724846,0.35497373904492074,0.5408860482461083,3,8,7,0.0,0.9252186992835372,116869,126315,9446,7,3,True,hungarian_iou_assignment,"[0.36459752039426574, 0.8124324147196644, 0.0, 0.9161420733468091, 0.0, 0.0, 0.0]","[{""pred_label"": 0, ""gt_label"": 0, ""iou"": 0.36459752039426574}, {""pred_label"": 1, ""gt_label"": 1, ""iou"": 0.8124324147196644}, {""pred_label"": 2, ""gt_label"": -1, ""iou"": 0.0}, {""pred_label"": 3, ""gt_label"": 2, ""iou"": 0.9161420733468091}, {""pred_label"": 4, ""gt_label"": -1, ""iou"": 0.0}, {""pred_label"": 5, ""gt_label"": -1, ""iou"": 0.0}, {""pred_label"": 6, ""gt_label"": -1, ""iou"": 0.0}]",fpn_2,fpn_2,72x72,1,3,3,24x24,pooled_avg_pool_multi_way,False,False,False,silhouette,0.28708624839782715,"{""2"": 0.27152130007743835, ""3"": 0.27071666717529297, ""4"": 0.2322520613670349, ""5"": 0.26025450229644775, ""6"": 0.26474374532699585, ""7"": 0.28708624839782715, ""8"": 0.267985075712204}","[27270, 25377, 19375, 17160, 16200, 10982, 9951]",jpeg_color_clustering_bic,-1,5,9446,0.07478130071646281,8,3,9159,"{""1"": -349538.86147696903, ""2"": -403148.9016054398, ""3"": -459756.10166365735, ""4"": -592176.7706145692, ""5"": -412637.69640165806, ""6"": -547614.350005477, ""7"": -506409.6620202227, ""8"": -833701.0454202294}","[70224, 30020, 16625, 3376, 2428, 2058, 860, 724]","[70224, 30020, 16625]","[3, 4, 5, 6, 7]","[3376, 2428, 2058, 860, 724]",bic,-833701.0454202294,ok
detexture_ade20k_multi,feature_cluster_coarse_global_pooled_predicted_k,training,430,training_ADE_train_00019348,detexture_multi_partition_v1,multi_partition_invariant,0.61826366800199,0.8136039611885881,0.7982302471130621,3,8,4,0.0,0.9494689028651293,135869,143100,7231,4,3,True,hungarian_iou_assignment,"[0.9255911254414249, 0.97493217076734, 0.5725313757991949, 0.0]","[{""pred_label"": 0, ""gt_label"": 0, ""iou"": 0.9255911254414249}, {""pred_label"": 1, ""gt_label"": 1, ""iou"": 0.97493217076734}, {""pred_label"": 2, ""gt_label"": 2, ""iou"": 0.5725313757991949}, {""pred_label"": 3, ""gt_label"": -1, ""iou"": 0.0}]",fpn_2,fpn_2,72x72,1,3,3,24x24,pooled_avg_pool_multi_way,False,False,False,silhouette,0.3765701949596405,"{""2"": 0.23950736224651337, ""3"": 0.3668292462825775, ""4"": 0.3765701949596405, ""5"": 0.37197792530059814, ""6"": 0.31333649158477783, ""7"": 0.264350950717926, ""8"": 0.269001305103302}","[49650, 44294, 27046, 22110]",jpeg_color_clustering_bic,-1,5,7231,0.05053109713487072,8,3,7389,"{""1"": -301232.4835583886, ""2"": -312212.18341299234, ""3"": -485598.4038560419, ""4"": -867905.7791173714, ""5"": -915287.2054811637, ""6"": -960155.3987526087, ""7"": -1000716.4372212649, ""8"": -1035847.9387114039}","[51862, 42669, 41338, 2356, 1632, 1491, 1145, 607]","[51862, 42669, 41338]","[3, 4, 5, 6, 7]","[2356, 1632, 1491, 1145, 607]",bic,-1035847.9387114039,ok
detexture_ade20k_multi,feature_cluster_coarse_global_pooled_predicted_k,training,431,training_ADE_train_00019349,detexture_multi_partition_v1,multi_partition_invariant,0.41512124551761104,0.39460099848107794,0.354050668738492,3,7,2,0.0,0.8876432432432433,164214,185000,20786,2,3,True,hungarian_iou_assignment,"[0.482608936996947, 0.7627547995558861, 0.0]","[{""pred_label"": 0, ""gt_label"": 1, ""iou"": 0.482608936996947}, {""pred_label"": 1, ""gt_label"": 0, ""iou"": 0.7627547995558861}, {""pred_label"": -1, ""gt_label"": 2, ""iou"": 0.0}]",fpn_2,fpn_2,72x72,1,3,3,24x24,pooled_avg_pool_multi_way,False,False,False,silhouette,0.22914059460163116,"{""2"": 0.22914059460163116, ""3"": 0.20712216198444366, ""4"": 0.18067002296447754, ""5"": 0.18092648684978485, ""6"": 0.1727636456489563, ""7"": 0.16742673516273499, ""8"": 0.16598600149154663}","[103988, 81012]",jpeg_color_clustering_bic,-1,4,20786,0.11235675675675676,7,3,13339,"{""1"": -438019.54211511026, ""2"": -552197.135531204, ""3"": -616346.9252898133, ""4"": -621237.7464264575, ""5"": -729502.8803444038, ""6"": -753591.9800019986, ""7"": -858747.6679952568, ""8"": -787625.7051259076}","[84664, 48197, 31353, 9319, 5246, 4240, 1981]","[84664, 48197, 31353]","[3, 4, 5, 6]","[9319, 5246, 4240, 1981]",bic,-858747.6679952568,ok
detexture_ade20k_multi,feature_cluster_coarse_global_pooled_predicted_k,training,432,training_ADE_train_00019350,detexture_multi_partition_v1,multi_partition_invariant,0.9474683362560126,0.8966013462739267,0.8232634795819281,2,8,2,1.0,0.9516557863501484,160354,168500,8146,2,2,True,hungarian_iou_assignment,"[0.9539903160261122, 0.9409463564859128]","[{""pred_label"": 0, ""gt_label"": 0, ""iou"": 0.9539903160261122}, {""pred_label"": 1, ""gt_label"": 1, ""iou"": 0.9409463564859128}]",fpn_2,fpn_2,72x72,1,3,3,24x24,pooled_avg_pool_multi_way,False,False,False,silhouette,0.330062597990036,"{""2"": 0.330062597990036, ""3"": 0.30786338448524475, ""4"": 0.2570514976978302, ""5"": 0.27661845088005066, ""6"": 0.20102007687091827, ""7"": 0.23830090463161469, ""8"": 0.2111770361661911}","[92676, 75824]",jpeg_color_clustering_bic,-1,6,8146,0.048344213649851635,8,2,7302,"{""1"": -317281.3511901738, ""2"": -325171.21572151413, ""3"": -870532.8524729939, ""4"": -994048.1219937655, ""5"": -1031700.601520018, ""6"": -1063453.8408118817, ""7"": -1105913.415116438, ""8"": -1120532.1153610756}","[89740, 70614, 2072, 1941, 1441, 1083, 1026, 583]","[89740, 70614]","[2, 3, 4, 5, 6, 7]","[2072, 1941, 1441, 1083, 1026, 583]",bic,-1120532.1153610756,ok
detexture_ade20k_multi,feature_cluster_coarse_global_pooled_predicted_k,training,433,training_ADE_train_00019396,detexture_multi_partition_v1,multi_partition_invariant,0.5279014431761843,0.5545848758025634,0.564306222907653,3,8,4,0.0,0.9134185185185185,246623,270000,23377,4,3,True,hungarian_iou_assignment,"[0.6646750797959948, 0.7989313253635564, 0.647999367545186, 0.0]","[{""pred_label"": 0, ""gt_label"": 1, ""iou"": 0.6646750797959948}, {""pred_label"": 1, ""gt_label"": 2, ""iou"": 0.7989313253635564}, {""pred_label"": 2, ""gt_label"": 0, ""iou"": 0.647999367545186}, {""pred_label"": 3, ""gt_label"": -1, ""iou"": 0.0}]",fpn_2,fpn_2,72x72,1,3,3,24x24,pooled_avg_pool_multi_way,False,False,False,silhouette,0.2553483545780182,"{""2"": 0.2183925211429596, ""3"": 0.2374105453491211, ""4"": 0.2553483545780182, ""5"": 0.2428826540708542, ""6"": 0.23996679484844208, ""7"": 0.24121522903442383, ""8"": 0.2414383888244629}","[80450, 75475, 69525, 44550]",jpeg_color_clustering_bic,-1,5,23377,0.08658148148148148,8,3,11326,"{""1"": -485474.8146418994, ""2"": -513318.6124802674, ""3"": -756187.6395106743, ""4"": -1266592.2075377614, ""5"": -1322526.867544865, ""6"": -1414260.920395855, ""7"": -1430348.049317516, ""8"": -1444852.1521534037}","[99860, 81824, 64939, 7418, 6819, 4672, 3224, 1244]","[99860, 81824, 64939]","[3, 4, 5, 6, 7]","[7418, 6819, 4672, 3224, 1244]",bic,-1444852.1521534037,ok
detexture_ade20k_multi,feature_cluster_coarse_global_pooled_predicted_k,training,434,training_ADE_train_00019437,detexture_multi_partition_v1,multi_partition_invariant,0.47508172065935556,0.6840054361947647,0.647480793342988,3,8,2,0.0,0.82025146484375,53756,65536,11780,2,3,True,hungarian_iou_assignment,"[0.9367670054730258, 0.4884781565050408, 0.0]","[{""pred_label"": 0, ""gt_label"": 0, ""iou"": 0.9367670054730258}, {""pred_label"": 1, ""gt_label"": 1, ""iou"": 0.4884781565050408}, {""pred_label"": -1, ""gt_label"": 2, ""iou"": 0.0}]",fpn_2,fpn_2,72x72,1,3,3,24x24,pooled_avg_pool_multi_way,False,False,False,silhouette,0.267380028963089,"{""2"": 0.267380028963089, ""3"": 0.2154957801103592, ""4"": 0.23245027661323547, ""5"": 0.2509688436985016, ""6"": 0.25943121314048767, ""7"": 0.24448193609714508, ""8"": 0.25079837441444397}","[39427, 26109]",jpeg_color_clustering_bic,-1,5,11780,0.17974853515625,8,3,8878,"{""1"": -127074.17645335609, ""2"": -155280.69240708117, ""3"": -201742.9003536732, ""4"": -255463.054105015, ""5"": -295530.70274964866, ""6"": -305304.22912040196, ""7"": -315161.98065876774, ""8"": -321877.0885100684}","[30283, 12618, 10855, 7137, 1781, 1549, 717, 596]","[30283, 12618, 10855]","[3, 4, 5, 6, 7]","[7137, 1781, 1549, 717, 596]",bic,-321877.0885100684,ok
detexture_ade20k_multi,feature_cluster_coarse_global_pooled_predicted_k,training,435,training_ADE_train_00019438,detexture_multi_partition_v1,multi_partition_invariant,0.3052807094156101,0.4369749694793367,0.5119497226343426,4,8,2,0.0,0.9500579833984375,62263,65536,3273,2,4,True,hungarian_iou_assignment,"[0.4046893941633896, 0.8164334434990507, 0.0, 0.0]","[{""pred_label"": 0, ""gt_label"": 2, ""iou"": 0.4046893941633896}, {""pred_label"": 1, ""gt_label"": 0, ""iou"": 0.8164334434990507}, {""pred_label"": -1, ""gt_label"": 1, ""iou"": 0.0}, {""pred_label"": -1, ""gt_label"": 3, ""iou"": 0.0}]",fpn_2,fpn_2,72x72,1,3,3,24x24,pooled_avg_pool_multi_way,False,False,False,silhouette,0.392303466796875,"{""2"": 0.392303466796875, ""3"": 0.3390568494796753, ""4"": 0.311362624168396, ""5"": 0.31412529945373535, ""6"": 0.2994343638420105, ""7"": 0.2654961943626404, ""8"": 0.2641197144985199}","[35691, 29845]",jpeg_color_clustering_bic,-1,4,3273,0.0499420166015625,8,4,6190,"{""1"": -118998.33235194786, ""2"": -126825.5287335119, ""3"": -239219.81182619615, ""4"": -306530.8652472889, ""5"": -422710.81177881424, ""6"": -438978.4216227891, ""7"": -447084.503352487, ""8"": -450262.3939865334}","[23221, 14166, 13687, 11189, 1562, 1063, 595, 53]","[23221, 14166, 13687, 11189]","[4, 5, 6, 7]","[1562, 1063, 595, 53]",bic,-450262.3939865334,ok
detexture_ade20k_multi,feature_cluster_coarse_global_pooled_predicted_k,training,436,training_ADE_train_00019441,detexture_multi_partition_v1,multi_partition_invariant,0.5954017562531801,0.8477529534627244,0.8055331189107229,3,8,4,0.0,0.82366943359375,53980,65536,11556,4,3,True,hungarian_iou_assignment,"[0.9721671525753158, 0.9359221859221859, 0.0, 0.47351768651521864]","[{""pred_label"": 0, ""gt_label"": 0, ""iou"": 0.9721671525753158}, {""pred_label"": 1, ""gt_label"": 2, ""iou"": 0.9359221859221859}, {""pred_label"": 2, ""gt_label"": -1, ""iou"": 0.0}, {""pred_label"": 3, ""gt_label"": 1, ""iou"": 0.47351768651521864}]",fpn_2,fpn_2,72x72,1,3,3,24x24,pooled_avg_pool_multi_way,False,False,False,silhouette,0.3270387053489685,"{""2"": 0.31770414113998413, ""3"": 0.3077525496482849, ""4"": 0.3270387053489685, ""5"": 0.2935658097267151, ""6"": 0.2877857983112335, ""7"": 0.3018781840801239, ""8"": 0.3074851632118225}","[26247, 18005, 13223, 8061]",jpeg_color_clustering_bic,-1,5,11556,0.17633056640625,8,3,6886,"{""1"": -125312.38635881737, ""2"": -131580.63077960012, ""3"": -203800.96703283678, ""4"": -256608.42213864595, ""5"": -305457.3881918105, ""6"": -307595.01487204706, ""7"": -342113.76570288494, ""8"": -344047.52509811945}","[25566, 15432, 12982, 4965, 4692, 778, 728, 393]","[25566, 15432, 12982]","[3, 4, 5, 6, 7]","[4965, 4692, 778, 728, 393]",bic,-344047.52509811945,ok
detexture_ade20k_multi,feature_cluster_coarse_global_pooled_predicted_k,training,437,training_ADE_train_00019453,detexture_multi_partition_v1,multi_partition_invariant,0.4551562264431627,0.46897310770345346,0.5190131837614379,3,8,2,0.0,0.8578033447265625,56217,65536,9319,2,3,True,hungarian_iou_assignment,"[0.6511282552790757, 0.7143404240504125, 0.0]","[{""pred_label"": 0, ""gt_label"": 1, ""iou"": 0.6511282552790757}, {""pred_label"": 1, ""gt_label"": 0, ""iou"": 0.7143404240504125}, {""pred_label"": -1, ""gt_label"": 2, ""iou"": 0.0}]",fpn_2,fpn_2,72x72,1,3,3,24x24,pooled_avg_pool_multi_way,False,False,False,silhouette,0.31585824489593506,"{""2"": 0.31585824489593506, ""3"": 0.272368848323822, ""4"": 0.2544688880443573, ""5"": 0.24583107233047485, ""6"": 0.2260562777519226, ""7"": 0.22575876116752625, ""8"": 0.21918079257011414}","[34528, 31008]",jpeg_color_clustering_bic,-1,5,9319,0.1421966552734375,8,3,5181,"{""1"": -121230.8512049621, ""2"": -126184.5194321841, ""3"": -196876.66080575922, ""4"": -200739.7095965536, ""5"": -381257.1842877138, ""6"": -428660.97078889026, ""7"": -440585.76732237876, ""8"": -446029.59397990524}","[20633, 17977, 17607, 5382, 2081, 966, 601, 289]","[20633, 17977, 17607]","[3, 4, 5, 6, 7]","[5382, 2081, 966, 601, 289]",bic,-446029.59397990524,ok
detexture_ade20k_multi,feature_cluster_coarse_global_pooled_predicted_k,training,438,training_ADE_train_00019461,detexture_multi_partition_v1,multi_partition_invariant,0.8431789931704585,0.689184240989711,0.6582668272593912,2,8,2,1.0,0.7845916748046875,51419,65536,14117,2,2,True,hungarian_iou_assignment,"[0.836418134132634, 0.8499398522082832]","[{""pred_label"": 0, ""gt_label"": 0, ""iou"": 0.836418134132634}, {""pred_label"": 1, ""gt_label"": 1, ""iou"": 0.8499398522082832}]",fpn_2,fpn_2,72x72,1,3,3,24x24,pooled_avg_pool_multi_way,False,False,False,silhouette,0.37668371200561523,"{""2"": 0.37668371200561523, ""3"": 0.34510117769241333, ""4"": 0.2796555161476135, ""5"": 0.30878543853759766, ""6"": 0.3117873966693878, ""7"": 0.30502021312713623, ""8"": 0.2826860547065735}","[34841, 30695]",jpeg_color_clustering_bic,-1,6,14117,0.2154083251953125,8,2,5661,"{""1"": -111915.69542325828, ""2"": -117296.5961936817, ""3"": -264417.06560414203, ""4"": -342222.1250553717, ""5"": -347454.9452541871, ""6"": -360140.5783727465, ""7"": -435611.3589039267, ""8"": -458921.7793503221}","[26690, 24729, 7283, 2583, 1558, 1299, 804, 590]","[26690, 24729]","[2, 3, 4, 5, 6, 7]","[7283, 2583, 1558, 1299, 804, 590]",bic,-458921.7793503221,ok
detexture_ade20k_multi,feature_cluster_coarse_global_pooled_predicted_k,training,439,training_ADE_train_00019462,detexture_multi_partition_v1,multi_partition_invariant,0.34101273279836053,0.5429454721095304,0.5861719080754169,4,8,2,0.0,0.934417724609375,61238,65536,4298,2,4,True,hungarian_iou_assignment,"[0.7966890001951473, 0.5673619309982947, 0.0, 0.0]","[{""pred_label"": 0, ""gt_label"": 0, ""iou"": 0.7966890001951473}, {""pred_label"": 1, ""gt_label"": 1, ""iou"": 0.5673619309982947}, {""pred_label"": -1, ""gt_label"": 2, ""iou"": 0.0}, {""pred_label"": -1, ""gt_label"": 3, ""iou"": 0.0}]",fpn_2,fpn_2,72x72,1,3,3,24x24,pooled_avg_pool_multi_way,False,False,False,silhouette,0.3806115686893463,"{""2"": 0.3806115686893463, ""3"": 0.3692948520183563, ""4"": 0.3685620129108429, ""5"": 0.37141168117523193, ""6"": 0.3669474422931671, ""7"": 0.3245607614517212, ""8"": 0.33163630962371826}","[34368, 31168]",jpeg_color_clustering_bic,-1,4,4298,0.065582275390625,8,4,7105,"{""1"": -119306.90454396248, ""2"": -129015.66499012614, ""3"": -224580.66815014454, ""4"": -296198.7456509477, ""5"": -371114.5676880455, ""6"": -402949.2839234875, ""7"": -406659.7998430376, ""8"": -430580.3190128512}","[24495, 17300, 10974, 8469, 1856, 1399, 1040, 3]","[24495, 17300, 10974, 8469]","[4, 5, 6, 7]","[1856, 1399, 1040, 3]",bic,-430580.3190128512,ok
detexture_ade20k_multi,feature_cluster_coarse_global_pooled_predicted_k,training,440,training_ADE_train_00019479,detexture_multi_partition_v1,multi_partition_invariant,0.4785811934473772,0.5494182030359089,0.5400324928858083,3,8,2,0.0,0.839627993489886,180562,215050,34488,2,3,True,hungarian_iou_assignment,"[0.8501515479541026, 0.5855920323880289, 0.0]","[{""pred_label"": 0, ""gt_label"": 0, ""iou"": 0.8501515479541026}, {""pred_label"": 1, ""gt_label"": 1, ""iou"": 0.5855920323880289}, {""pred_label"": -1, ""gt_label"": 2, ""iou"": 0.0}]",fpn_2,fpn_2,72x72,1,3,3,24x24,pooled_avg_pool_multi_way,False,False,False,silhouette,0.23655761778354645,"{""2"": 0.23655761778354645, ""3"": 0.1909114569425583, ""4"": 0.1841779500246048, ""5"": 0.18685466051101685, ""6"": 0.18644832074642181, ""7"": 0.1931249350309372, ""8"": 0.19845716655254364}","[109210, 105840]",jpeg_color_clustering_bic,-1,5,34488,0.16037200651011393,8,3,18389,"{""1"": -432174.6448339743, ""2"": -494576.6272109872, ""3"": -660224.3546235253, ""4"": -827280.8734122362, ""5"": -863857.9158415645, ""6"": -898086.717122058, ""7"": -903172.8528377983, ""8"": -1008278.9215677028}","[80626, 71480, 28456, 12423, 7672, 7430, 5148, 1815]","[80626, 71480, 28456]","[3, 4, 5, 6, 7]","[12423, 7672, 7430, 5148, 1815]",bic,-1008278.9215677028,ok
detexture_ade20k_multi,feature_cluster_coarse_global_pooled_predicted_k,training,441,training_ADE_train_00019558,detexture_multi_partition_v1,multi_partition_invariant,0.3421254820920877,0.34135240613104006,0.5074815571230596,4,8,2,0.0,0.9018707275390625,59105,65536,6431,2,4,True,hungarian_iou_assignment,"[0.4568286315011206, 0.9116732968672302, 0.0, 0.0]","[{""pred_label"": 0, ""gt_label"": 0, ""iou"": 0.4568286315011206}, {""pred_label"": 1, ""gt_label"": 2, ""iou"": 0.9116732968672302}, {""pred_label"": -1, ""gt_label"": 1, ""iou"": 0.0}, {""pred_label"": -1, ""gt_label"": 3, ""iou"": 0.0}]",fpn_2,fpn_2,72x72,1,3,3,24x24,pooled_avg_pool_multi_way,False,False,False,silhouette,0.281137615442276,"{""2"": 0.281137615442276, ""3"": 0.2591337561607361, ""4"": 0.23189957439899445, ""5"": 0.275052547454834, ""6"": 0.26942846179008484, ""7"": 0.2802024483680725, ""8"": 0.2733154296875}","[45063, 20473]",jpeg_color_clustering_bic,-1,4,6431,0.0981292724609375,8,4,5321,"{""1"": -116523.44785662979, ""2"": -152237.94380096902, ""3"": -195755.39081980166, ""4"": -291690.64604925754, ""5"": -293349.02927995333, ""6"": -428554.658554019, ""7"": -459194.1806102477, ""8"": -461364.46484421304}","[19772, 16263, 14931, 8139, 5297, 743, 342, 49]","[19772, 16263, 14931, 8139]","[4, 5, 6, 7]","[5297, 743, 342, 49]",bic,-461364.46484421304,ok
detexture_ade20k_multi,feature_cluster_coarse_global_pooled_predicted_k,training,442,training_ADE_train_00019579,detexture_multi_partition_v1,multi_partition_invariant,0.558006750462322,0.727026763077996,0.6789559892271876,3,8,2,0.0,0.9744270833333334,74836,76800,1964,2,3,True,hungarian_iou_assignment,"[0.9136252118268964, 0.7603950395600696, 0.0]","[{""pred_label"": 0, ""gt_label"": 0, ""iou"": 0.9136252118268964}, {""pred_label"": 1, ""gt_label"": 1, ""iou"": 0.7603950395600696}, {""pred_label"": -1, ""gt_label"": 2, ""iou"": 0.0}]",fpn_2,fpn_2,72x72,1,3,3,24x24,pooled_avg_pool_multi_way,False,False,False,silhouette,0.35604503750801086,"{""2"": 0.35604503750801086, ""3"": 0.25972187519073486, ""4"": 0.27450358867645264, ""5"": 0.2713377773761749, ""6"": 0.24704112112522125, ""7"": 0.24573077261447906, ""8"": 0.2373402863740921}","[40270, 36530]",jpeg_color_clustering_bic,-1,5,1964,0.025572916666666667,8,3,4141,"{""1"": -136740.5571624885, ""2"": -139111.21364785673, ""3"": -315957.9267646005, ""4"": -318296.5959385694, ""5"": -513673.3119537264, ""6"": -549540.2857949561, ""7"": -559365.379389094, ""8"": -565995.9540724434}","[36385, 27182, 11269, 608, 525, 396, 289, 146]","[36385, 27182, 11269]","[3, 4, 5, 6, 7]","[608, 525, 396, 289, 146]",bic,-565995.9540724434,ok
detexture_ade20k_multi,feature_cluster_coarse_global_pooled_predicted_k,training,443,training_ADE_train_00019808,detexture_multi_partition_v1,multi_partition_invariant,0.5339601459263914,0.6907581983444678,0.711251667883462,3,8,2,0.0,0.9055808473645681,316678,349696,33018,2,3,True,hungarian_iou_assignment,"[0.6350822147945655, 0.9667982229846086, 0.0]","[{""pred_label"": 0, ""gt_label"": 1, ""iou"": 0.6350822147945655}, {""pred_label"": 1, ""gt_label"": 0, ""iou"": 0.9667982229846086}, {""pred_label"": -1, ""gt_label"": 2, ""iou"": 0.0}]",fpn_2,fpn_2,72x72,1,3,3,24x24,pooled_avg_pool_multi_way,False,False,False,silhouette,0.3156203627586365,"{""2"": 0.3156203627586365, ""3"": 0.31413623690605164, ""4"": 0.22698408365249634, ""5"": 0.24368323385715485, ""6"": 0.24500352144241333, ""7"": 0.26690590381622314, ""8"": 0.21719560027122498}","[191050, 158646]",jpeg_color_clustering_bic,-1,5,33018,0.09441915263543192,8,3,15557,"{""1"": -886428.3294086669, ""2"": -929200.4010889372, ""3"": -1278067.9602723382, ""4"": -1314826.1498186013, ""5"": -1747399.4716754486, ""6"": -1862917.9092316881, ""7"": -1896887.3879820646, ""8"": -2130738.7052936084}","[147588, 108583, 60507, 14876, 6746, 5949, 3616, 1831]","[147588, 108583, 60507]","[3, 4, 5, 6, 7]","[14876, 6746, 5949, 3616, 1831]",bic,-2130738.7052936084,ok
detexture_ade20k_multi,feature_cluster_coarse_global_pooled_predicted_k,training,444,training_ADE_train_00019814,detexture_multi_partition_v1,multi_partition_invariant,0.5747667721411895,0.7272928941981529,0.6545351859727493,3,8,4,0.0,0.9350178440702782,326972,349696,22724,4,3,True,hungarian_iou_assignment,"[0.8422804490947566, 0.8840868847599131, 0.5726997547100882, 0.0]","[{""pred_label"": 0, ""gt_label"": 0, ""iou"": 0.8422804490947566}, {""pred_label"": 1, ""gt_label"": 1, ""iou"": 0.8840868847599131}, {""pred_label"": 2, ""gt_label"": 2, ""iou"": 0.5726997547100882}, {""pred_label"": 3, ""gt_label"": -1, ""iou"": 0.0}]",fpn_2,fpn_2,72x72,1,3,3,24x24,pooled_avg_pool_multi_way,False,False,False,silhouette,0.3003518581390381,"{""2"": 0.27575501799583435, ""3"": 0.29538828134536743, ""4"": 0.3003518581390381, ""5"": 0.28825804591178894, ""6"": 0.27807867527008057, ""7"": 0.28023916482925415, ""8"": 0.28791719675064087}","[117344, 116444, 61471, 54437]",jpeg_color_clustering_bic,-1,5,22724,0.06498215592972181,8,3,6566,"{""1"": -667764.8152146216, ""2"": -762221.7471523635, ""3"": -1238341.2686430702, ""4"": -2163250.424845234, ""5"": -2494922.9340586746, ""6"": -2518458.281059168, ""7"": -2736554.6394716906, ""8"": -2806526.7319961977}","[134162, 121537, 71273, 13126, 5490, 2223, 957, 928]","[134162, 121537, 71273]","[3, 4, 5, 6, 7]","[13126, 5490, 2223, 957, 928]",bic,-2806526.7319961977,ok
detexture_ade20k_multi,feature_cluster_coarse_global_pooled_predicted_k,training,445,training_ADE_train_00019815,detexture_multi_partition_v1,multi_partition_invariant,0.3816772456695398,0.4891664444738211,0.5385765874351766,5,8,3,0.0,0.88592529296875,58060,65536,7476,3,5,True,hungarian_iou_assignment,"[0.3563524666000518, 0.9402742793171005, 0.6117594824305468, 0.0, 0.0]","[{""pred_label"": 0, ""gt_label"": 1, ""iou"": 0.3563524666000518}, {""pred_label"": 1, ""gt_label"": 0, ""iou"": 0.9402742793171005}, {""pred_label"": 2, ""gt_label"": 3, ""iou"": 0.6117594824305468}, {""pred_label"": -1, ""gt_label"": 2, ""iou"": 0.0}, {""pred_label"": -1, ""gt_label"": 4, ""iou"": 0.0}]",fpn_2,fpn_2,72x72,1,3,3,24x24,pooled_avg_pool_multi_way,False,False,False,silhouette,0.30435433983802795,"{""2"": 0.24964594841003418, ""3"": 0.30435433983802795, ""4"": 0.2904067635536194, ""5"": 0.24892780184745789, ""6"": 0.24455219507217407, ""7"": 0.2525440752506256, ""8"": 0.2470124065876007}","[31304, 17565, 16667]",jpeg_color_clustering_bic,-1,3,7476,0.11407470703125,8,5,10102,"{""1"": -135090.6528864376, ""2"": -191285.68178987675, ""3"": -194458.98044185687, ""4"": -198465.2012231934, ""5"": -219903.34451497043, ""6"": -252985.1032033775, ""7"": -321988.29578463046, ""8"": -385705.39406716684}","[17217, 11235, 10410, 10212, 8986, 5699, 1498, 279]","[17217, 11235, 10410, 10212, 8986]","[5, 6, 7]","[5699, 1498, 279]",bic,-385705.39406716684,ok
detexture_ade20k_multi,feature_cluster_coarse_global_pooled_predicted_k,training,446,training_ADE_train_00019816,detexture_multi_partition_v1,multi_partition_invariant,0.49271412424597805,0.5415193744761344,0.4916723875557365,2,8,3,0.0,0.8547515869140625,56017,65536,9519,3,2,True,hungarian_iou_assignment,"[0.7880225108837999, 0.6901198618541342, 0.0]","[{""pred_label"": 0, ""gt_label"": 1, ""iou"": 0.7880225108837999}, {""pred_label"": 1, ""gt_label"": 0, ""iou"": 0.6901198618541342}, {""pred_label"": 2, ""gt_label"": -1, ""iou"": 0.0}]",fpn_2,fpn_2,72x72,1,3,3,24x24,pooled_avg_pool_multi_way,False,False,False,silhouette,0.3435218036174774,"{""2"": 0.2606933116912842, ""3"": 0.3435218036174774, ""4"": 0.2799781560897827, ""5"": 0.2671651840209961, ""6"": 0.22977961599826813, ""7"": 0.21351617574691772, ""8"": 0.22876037657260895}","[23058, 22968, 19510]",jpeg_color_clustering_bic,-1,6,9519,0.1452484130859375,8,2,5592,"{""1"": -156005.03299078028, ""2"": -166558.86100389634, ""3"": -253299.00991376967, ""4"": -258599.96426736418, ""5"": -415180.53714905586, ""6"": -436940.8684014093, ""7"": -447635.6061691516, ""8"": -452823.55003437493}","[28135, 27882, 6011, 1192, 1088, 618, 378, 232]","[28135, 27882]","[2, 3, 4, 5, 6, 7]","[6011, 1192, 1088, 618, 378, 232]",bic,-452823.55003437493,ok
detexture_ade20k_multi,feature_cluster_coarse_global_pooled_predicted_k,training,447,training_ADE_train_00019819,detexture_multi_partition_v1,multi_partition_invariant,0.2720033666727282,0.20526700128593228,0.34439335384562497,4,8,2,0.0,0.9283294677734375,60839,65536,4697,2,4,True,hungarian_iou_assignment,"[0.39116249093692096, 0.6968509757539917, 0.0, 0.0]","[{""pred_label"": 0, ""gt_label"": 0, ""iou"": 0.39116249093692096}, {""pred_label"": 1, ""gt_label"": 3, ""iou"": 0.6968509757539917}, {""pred_label"": -1, ""gt_label"": 1, ""iou"": 0.0}, {""pred_label"": -1, ""gt_label"": 2, ""iou"": 0.0}]",fpn_2,fpn_2,72x72,1,3,3,24x24,pooled_avg_pool_multi_way,False,False,False,silhouette,0.30139604210853577,"{""2"": 0.30139604210853577, ""3"": 0.2644990086555481, ""4"": 0.2757398188114166, ""5"": 0.2553706169128418, ""6"": 0.25124454498291016, ""7"": 0.2835891544818878, ""8"": 0.27846670150756836}","[47986, 17550]",jpeg_color_clustering_bic,-1,4,4697,0.0716705322265625,8,4,4010,"{""1"": -134179.7484726409, ""2"": -137364.19013177181, ""3"": -191499.01904866297, ""4"": -274399.0446767676, ""5"": -274794.8723499029, ""6"": -294621.22317463614, ""7"": -464974.0127296644, ""8"": -466466.09816935525}","[21763, 16363, 13286, 9427, 3915, 470, 290, 22]","[21763, 16363, 13286, 9427]","[4, 5, 6, 7]","[3915, 470, 290, 22]",bic,-466466.09816935525,ok
detexture_ade20k_multi,feature_cluster_coarse_global_pooled_predicted_k,training,448,training_ADE_train_00019820,detexture_multi_partition_v1,multi_partition_invariant,0.36652636412854617,0.610202452746368,0.6613093552634878,3,8,6,0.0,0.8480072021484375,55575,65536,9961,6,3,True,hungarian_iou_assignment,"[0.7571492480814894, 0.0, 0.9627659574468085, 0.47924297924297926, 0.0, 0.0]","[{""pred_label"": 0, ""gt_label"": 0, ""iou"": 0.7571492480814894}, {""pred_label"": 1, ""gt_label"": -1, ""iou"": 0.0}, {""pred_label"": 2, ""gt_label"": 2, ""iou"": 0.9627659574468085}, {""pred_label"": 3, ""gt_label"": 1, ""iou"": 0.47924297924297926}, {""pred_label"": 4, ""gt_label"": -1, ""iou"": 0.0}, {""pred_label"": 5, ""gt_label"": -1, ""iou"": 0.0}]",fpn_2,fpn_2,72x72,1,3,3,24x24,pooled_avg_pool_multi_way,False,False,False,silhouette,0.3161580264568329,"{""2"": 0.27682721614837646, ""3"": 0.2940300703048706, ""4"": 0.3022283911705017, ""5"": 0.31533172726631165, ""6"": 0.3161580264568329, ""7"": 0.25816845893859863, ""8"": 0.2495504766702652}","[22013, 12110, 11008, 8554, 7755, 4096]",jpeg_color_clustering_bic,-1,5,9961,0.1519927978515625,8,3,6349,"{""1"": -124743.69413032666, ""2"": -128659.85778260665, ""3"": -165222.113606946, ""4"": -192328.81463803575, ""5"": -344564.96271739854, ""6"": -360050.46847230673, ""7"": -421398.1953866141, ""8"": -435475.590125346}","[29059, 16380, 10136, 5769, 2269, 941, 648, 334]","[29059, 16380, 10136]","[3, 4, 5, 6, 7]","[5769, 2269, 941, 648, 334]",bic,-435475.590125346,ok
detexture_ade20k_multi,feature_cluster_coarse_global_pooled_predicted_k,training,449,training_ADE_train_00019826,detexture_multi_partition_v1,multi_partition_invariant,0.21708809921575714,0.3415980221296604,0.4963777098073643,3,8,8,0.0,0.9671173095703125,63381,65536,2155,8,3,True,hungarian_iou_assignment,"[0.4533514246947083, 0.0, 0.4722819791494291, 0.8110713898819196, 0.0, 0.0, 0.0, 0.0]","[{""pred_label"": 0, ""gt_label"": 0, ""iou"": 0.4533514246947083}, {""pred_label"": 1, ""gt_label"": -1, ""iou"": 0.0}, {""pred_label"": 2, ""gt_label"": 1, ""iou"": 0.4722819791494291}, {""pred_label"": 3, ""gt_label"": 2, ""iou"": 0.8110713898819196}, {""pred_label"": 4, ""gt_label"": -1, ""iou"": 0.0}, {""pred_label"": 5, ""gt_label"": -1, ""iou"": 0.0}, {""pred_label"": 6, ""gt_label"": -1, ""iou"": 0.0}, {""pred_label"": 7, ""gt_label"": -1, ""iou"": 0.0}]",fpn_2,fpn_2,72x72,1,3,3,24x24,pooled_avg_pool_multi_way,False,False,False,silhouette,0.2836824655532837,"{""2"": 0.25306108593940735, ""3"": 0.25382936000823975, ""4"": 0.2706567347049713, ""5"": 0.26217710971832275, ""6"": 0.26934126019477844, ""7"": 0.2680758833885193, ""8"": 0.2836824655532837}","[17100, 11682, 9140, 8288, 7916, 4857, 3264, 3289]",jpeg_color_clustering_bic,-1,5,2155,0.0328826904296875,8,3,4750,"{""1"": -159636.7043609196, ""2"": -166923.33282198146, ""3"": -215690.21810501386, ""4"": -217369.57929003818, ""5"": -429165.67000053084, ""6"": -433059.18483584054, ""7"": -439796.16214451176, ""8"": -452325.7062907426}","[36662, 17962, 8757, 766, 599, 316, 308, 166]","[36662, 17962, 8757]","[3, 4, 5, 6, 7]","[766, 599, 316, 308, 166]",bic,-452325.7062907426,ok
detexture_ade20k_multi,feature_cluster_coarse_global_pooled_predicted_k,training,450,training_ADE_train_00019832,detexture_multi_partition_v1,multi_partition_invariant,0.33701183127827283,0.4412435228611257,0.5713742205595227,4,8,2,0.0,0.9671844601167315,63633,65792,2159,2,4,True,hungarian_iou_assignment,"[0.3984258052054662, 0.9496215199076252, 0.0, 0.0]","[{""pred_label"": 0, ""gt_label"": 1, ""iou"": 0.3984258052054662}, {""pred_label"": 1, ""gt_label"": 0, ""iou"": 0.9496215199076252}, {""pred_label"": -1, ""gt_label"": 2, ""iou"": 0.0}, {""pred_label"": -1, ""gt_label"": 3, ""iou"": 0.0}]",fpn_2,fpn_2,72x72,1,3,3,24x24,pooled_avg_pool_multi_way,False,False,False,silhouette,0.2453662008047104,"{""2"": 0.2453662008047104, ""3"": 0.23463715612888336, ""4"": 0.24351565539836884, ""5"": 0.21063460409641266, ""6"": 0.20465564727783203, ""7"": 0.20892541110515594, ""8"": 0.244550883769989}","[42453, 23339]",jpeg_color_clustering_bic,-1,4,2159,0.032815539883268484,8,4,6281,"{""1"": -126516.88024245105, ""2"": -129522.20707490371, ""3"": -160674.2606367054, ""4"": -247579.85318646353, ""5"": -370394.7021103206, ""6"": -374163.3444738951, ""7"": -428979.398482204, ""8"": -433654.67608518974}","[22678, 17197, 13822, 9936, 1072, 413, 385, 289]","[22678, 17197, 13822, 9936]","[4, 5, 6, 7]","[1072, 413, 385, 289]",bic,-433654.67608518974,ok
detexture_ade20k_multi,feature_cluster_coarse_global_pooled_predicted_k,training,451,training_ADE_train_00019837,detexture_multi_partition_v1,multi_partition_invariant,0.4632781787761715,0.4743451321436928,0.468950298981994,3,8,2,0.0,0.8836491902669271,347465,393216,45751,2,3,True,hungarian_iou_assignment,"[0.6219132464422792, 0.7679212898862353, 0.0]","[{""pred_label"": 0, ""gt_label"": 0, ""iou"": 0.6219132464422792}, {""pred_label"": 1, ""gt_label"": 1, ""iou"": 0.7679212898862353}, {""pred_label"": -1, ""gt_label"": 2, ""iou"": 0.0}]",fpn_2,fpn_2,72x72,1,3,3,24x24,pooled_avg_pool_multi_way,False,False,False,silhouette,0.3312678039073944,"{""2"": 0.3312678039073944, ""3"": 0.24309910833835602, ""4"": 0.20432841777801514, ""5"": 0.21814972162246704, ""6"": 0.19921213388442993, ""7"": 0.19592949748039246, ""8"": 0.20728646218776703}","[226976, 166240]",jpeg_color_clustering_bic,-1,5,45751,0.11635080973307292,8,3,22745,"{""1"": -805868.2524706323, ""2"": -876297.7430880377, ""3"": -1381135.8008741175, ""4"": -1402028.8167373138, ""5"": -1650903.9210245672, ""6"": -2233139.7010030183, ""7"": -2248052.2452411894, ""8"": -2266266.4455256807}","[128092, 123949, 95424, 29932, 7575, 5321, 1799, 1124]","[128092, 123949, 95424]","[3, 4, 5, 6, 7]","[29932, 7575, 5321, 1799, 1124]",bic,-2266266.4455256807,ok
detexture_ade20k_multi,feature_cluster_coarse_global_pooled_predicted_k,training,452,training_ADE_train_00019839,detexture_multi_partition_v1,multi_partition_invariant,0.41684508504614787,0.5609412145209391,0.4662591164505075,3,8,2,0.0,0.880157470703125,57682,65536,7854,2,3,True,hungarian_iou_assignment,"[0.8586347738890112, 0.3919004812494325, 0.0]","[{""pred_label"": 0, ""gt_label"": 0, ""iou"": 0.8586347738890112}, {""pred_label"": 1, ""gt_label"": 1, ""iou"": 0.3919004812494325}, {""pred_label"": -1, ""gt_label"": 2, ""iou"": 0.0}]",fpn_2,fpn_2,72x72,1,3,3,24x24,pooled_avg_pool_multi_way,False,False,False,silhouette,0.245611771941185,"{""2"": 0.245611771941185, ""3"": 0.21985435485839844, ""4"": 0.21383874118328094, ""5"": 0.21306739747524261, ""6"": 0.2215244024991989, ""7"": 0.21367305517196655, ""8"": 0.22712619602680206}","[37580, 27956]",jpeg_color_clustering_bic,-1,5,7854,0.119842529296875,8,3,5656,"{""1"": -176427.37154545198, ""2"": -184906.58999201, ""3"": -221682.90456501566, ""4"": -240109.13827074284, ""5"": -355590.7014467907, ""6"": -356698.0305862786, ""7"": -358044.30604238185, ""8"": -360695.5754831285}","[40100, 8870, 8712, 6460, 489, 411, 248, 246]","[40100, 8870, 8712]","[3, 4, 5, 6, 7]","[6460, 489, 411, 248, 246]",bic,-360695.5754831285,ok
detexture_ade20k_multi,feature_cluster_coarse_global_pooled_predicted_k,training,453,training_ADE_train_00019845,detexture_multi_partition_v1,multi_partition_invariant,0.6195024530863912,0.7581955810788765,0.7484558396791153,3,8,4,0.0,0.952258064516129,81180,85250,4070,4,3,True,hungarian_iou_assignment,"[0.948005138819499, 0.9014866040001657, 0.6285180695259002, 0.0]","[{""pred_label"": 0, ""gt_label"": 1, ""iou"": 0.948005138819499}, {""pred_label"": 1, ""gt_label"": 2, ""iou"": 0.9014866040001657}, {""pred_label"": 2, ""gt_label"": 0, ""iou"": 0.6285180695259002}, {""pred_label"": 3, ""gt_label"": -1, ""iou"": 0.0}]",fpn_2,fpn_2,72x72,1,3,3,24x24,pooled_avg_pool_multi_way,False,False,False,silhouette,0.3211030960083008,"{""2"": 0.24179546535015106, ""3"": 0.2853323519229889, ""4"": 0.3211030960083008, ""5"": 0.2809200882911682, ""6"": 0.2650538682937622, ""7"": 0.22644557058811188, ""8"": 0.22908633947372437}","[27617, 22759, 21390, 13484]",jpeg_color_clustering_bic,-1,5,4070,0.04774193548387097,8,3,5736,"{""1"": -146850.31150452912, ""2"": -152611.24846537737, ""3"": -316412.05159570643, ""4"": -539601.4569972092, ""5"": -564450.8778717191, ""6"": -603312.3750222892, ""7"": -619627.4749893746, ""8"": -636942.6937997176}","[29373, 27916, 23891, 1389, 951, 814, 536, 380]","[29373, 27916, 23891]","[3, 4, 5, 6, 7]","[1389, 951, 814, 536, 380]",bic,-636942.6937997176,ok
detexture_ade20k_multi,feature_cluster_coarse_global_pooled_predicted_k,training,454,training_ADE_train_00019846,detexture_multi_partition_v1,multi_partition_invariant,0.14485198081904307,0.2440384845746497,0.37483739906973945,2,8,8,0.0,0.7354530792459737,257185,349696,92511,8,2,True,hungarian_iou_assignment,"[0.8314219780477233, 0.3273938685046213, 0.0, 0.0, 0.0, 0.0, 0.0, 0.0]","[{""pred_label"": 0, ""gt_label"": 1, ""iou"": 0.8314219780477233}, {""pred_label"": 1, ""gt_label"": 0, ""iou"": 0.3273938685046213}, {""pred_label"": 2, ""gt_label"": -1, ""iou"": 0.0}, {""pred_label"": 3, ""gt_label"": -1, ""iou"": 0.0}, {""pred_label"": 4, ""gt_label"": -1, ""iou"": 0.0}, {""pred_label"": 5, ""gt_label"": -1, ""iou"": 0.0}, {""pred_label"": 6, ""gt_label"": -1, ""iou"": 0.0}, {""pred_label"": 7, ""gt_label"": -1, ""iou"": 0.0}]",fpn_2,fpn_2,72x72,1,3,3,24x24,pooled_avg_pool_multi_way,False,False,False,silhouette,0.30789074301719666,"{""2"": 0.23118039965629578, ""3"": 0.22165554761886597, ""4"": 0.24426743388175964, ""5"": 0.25824204087257385, ""6"": 0.2922138571739197, ""7"": 0.2939912676811218, ""8"": 0.30789074301719666}","[81482, 62682, 53968, 40220, 36862, 36381, 28319, 9782]",jpeg_color_clustering_bic,-1,6,92511,0.26454692075402636,8,2,10268,"{""1"": -880212.7417077717, ""2"": -931851.0836955783, ""3"": -1197653.859784982, ""4"": -1293838.5019418912, ""5"": -1410015.7741977747, ""6"": -1521702.4608140187, ""7"": -2593752.542735208, ""8"": -2615425.635326787}","[182324, 74861, 30082, 27861, 21053, 8903, 3654, 958]","[182324, 74861]","[2, 3, 4, 5, 6, 7]","[30082, 27861, 21053, 8903, 3654, 958]",bic,-2615425.635326787,ok
detexture_ade20k_multi,feature_cluster_coarse_global_pooled_predicted_k,training,455,training_ADE_train_00019849,detexture_multi_partition_v1,multi_partition_invariant,0.3497553638641496,0.4159390090941772,0.5698014622809732,4,8,7,0.0,0.9628260869565217,115154,119600,4446,7,4,True,hungarian_iou_assignment,"[0.4442470620388084, 0.7586109276210248, 0.9050685500623182, 0.0, 0.340361007326896, 0.0, 0.0]","[{""pred_label"": 0, ""gt_label"": 1, ""iou"": 0.4442470620388084}, {""pred_label"": 1, ""gt_label"": 3, ""iou"": 0.7586109276210248}, {""pred_label"": 2, ""gt_label"": 2, ""iou"": 0.9050685500623182}, {""pred_label"": 3, ""gt_label"": -1, ""iou"": 0.0}, {""pred_label"": 4, ""gt_label"": 0, ""iou"": 0.340361007326896}, {""pred_label"": 5, ""gt_label"": -1, ""iou"": 0.0}, {""pred_label"": 6, ""gt_label"": -1, ""iou"": 0.0}]",fpn_2,fpn_2,72x72,1,3,3,24x24,pooled_avg_pool_multi_way,False,False,False,silhouette,0.2535547614097595,"{""2"": 0.21977615356445312, ""3"": 0.18576550483703613, ""4"": 0.18108521401882172, ""5"": 0.2277323454618454, ""6"": 0.2417498677968979, ""7"": 0.2535547614097595, ""8"": 0.2394895851612091}","[24700, 20433, 18879, 14688, 14745, 13505, 12650]",jpeg_color_clustering_bic,-1,4,4446,0.03717391304347826,8,4,11210,"{""1"": -249326.40302814887, ""2"": -270251.5657602264, ""3"": -365979.4276267231, ""4"": -386615.32784766547, ""5"": -464789.94127461227, ""6"": -469323.31405565905, ""7"": -565472.8878155109, ""8"": -566902.0405768886}","[41037, 39064, 18006, 17047, 2564, 1124, 456, 302]","[41037, 39064, 18006, 17047]","[4, 5, 6, 7]","[2564, 1124, 456, 302]",bic,-566902.0405768886,ok
detexture_ade20k_multi,feature_cluster_coarse_global_pooled_predicted_k,training,456,training_ADE_train_00019851,detexture_multi_partition_v1,multi_partition_invariant,0.5346198527164535,0.5935337789893218,0.5590986656854797,3,8,4,0.0,0.9481353759765625,62137,65536,3399,4,3,True,hungarian_iou_assignment,"[0.7572932140712412, 0.7178365692340516, 0.6633496275605214, 0.0]","[{""pred_label"": 0, ""gt_label"": 0, ""iou"": 0.7572932140712412}, {""pred_label"": 1, ""gt_label"": 1, ""iou"": 0.7178365692340516}, {""pred_label"": 2, ""gt_label"": 2, ""iou"": 0.6633496275605214}, {""pred_label"": 3, ""gt_label"": -1, ""iou"": 0.0}]",fpn_2,fpn_2,72x72,1,3,3,24x24,pooled_avg_pool_multi_way,False,False,False,silhouette,0.23805008828639984,"{""2"": 0.21568533778190613, ""3"": 0.22655078768730164, ""4"": 0.23805008828639984, ""5"": 0.22782962024211884, ""6"": 0.22659927606582642, ""7"": 0.22075894474983215, ""8"": 0.23074394464492798}","[27421, 15843, 12682, 9590]",jpeg_color_clustering_bic,-1,5,3399,0.0518646240234375,8,3,5550,"{""1"": -143499.3359312033, ""2"": -160774.17877254778, ""3"": -200020.36484272633, ""4"": -371778.4442402924, ""5"": -425138.2747150927, ""6"": -431198.3751333844, ""7"": -449459.50914103084, ""8"": -472933.15059903805}","[28918, 16894, 16325, 1233, 1063, 884, 154, 65]","[28918, 16894, 16325]","[3, 4, 5, 6, 7]","[1233, 1063, 884, 154, 65]",bic,-472933.15059903805,ok
detexture_ade20k_multi,feature_cluster_coarse_global_pooled_predicted_k,training,457,training_ADE_train_00019852,detexture_multi_partition_v1,multi_partition_invariant,0.9727519256616713,0.9551015426084798,0.9279776433028674,3,8,3,1.0,0.9694671630859375,63535,65536,2001,3,3,True,hungarian_iou_assignment,"[0.9678457729041386, 0.9709111430330392, 0.979498861047836]","[{""pred_label"": 0, ""gt_label"": 0, ""iou"": 0.9678457729041386}, {""pred_label"": 1, ""gt_label"": 1, ""iou"": 0.9709111430330392}, {""pred_label"": 2, ""gt_label"": 2, ""iou"": 0.979498861047836}]",fpn_2,fpn_2,72x72,1,3,3,24x24,pooled_avg_pool_multi_way,False,False,False,silhouette,0.31935229897499084,"{""2"": 0.2650980055332184, ""3"": 0.31935229897499084, ""4"": 0.3085022568702698, ""5"": 0.29331034421920776, ""6"": 0.27916187047958374, ""7"": 0.26515334844589233, ""8"": 0.2495223730802536}","[28708, 20234, 16594]",jpeg_color_clustering_bic,-1,5,2001,0.0305328369140625,8,3,3694,"{""1"": -115832.59069065744, ""2"": -118708.50443996076, ""3"": -242451.75321160123, ""4"": -432760.93423630163, ""5"": -456115.51360058965, ""6"": -488923.4432087557, ""7"": -497296.4549457222, ""8"": -510124.19085345196}","[27772, 19122, 16641, 657, 526, 445, 203, 170]","[27772, 19122, 16641]","[3, 4, 5, 6, 7]","[657, 526, 445, 203, 170]",bic,-510124.19085345196,ok
detexture_ade20k_multi,feature_cluster_coarse_global_pooled_predicted_k,training,458,training_ADE_train_00019855,detexture_multi_partition_v1,multi_partition_invariant,0.5907441183286961,0.7640994545444454,0.6952633403578472,3,8,4,0.0,0.8450814814814814,57043,67500,10457,4,3,True,hungarian_iou_assignment,"[0.9341262995414719, 0.8324712019126277, 0.0, 0.5963789718606849]","[{""pred_label"": 0, ""gt_label"": 1, ""iou"": 0.9341262995414719}, {""pred_label"": 1, ""gt_label"": 0, ""iou"": 0.8324712019126277}, {""pred_label"": 2, ""gt_label"": -1, ""iou"": 0.0}, {""pred_label"": 3, ""gt_label"": 2, ""iou"": 0.5963789718606849}]",fpn_2,fpn_2,72x72,1,3,3,24x24,pooled_avg_pool_multi_way,False,False,False,silhouette,0.2552603483200073,"{""2"": 0.19035370647907257, ""3"": 0.2488727867603302, ""4"": 0.2552603483200073, ""5"": 0.2542545795440674, ""6"": 0.21473053097724915, ""7"": 0.21074965596199036, ""8"": 0.21740028262138367}","[21283, 21268, 15865, 9084]",jpeg_color_clustering_bic,-1,5,10457,0.1549185185185185,8,3,5954,"{""1"": -150430.326134507, ""2"": -157053.23130980716, ""3"": -217783.03298117398, ""4"": -316428.3482203217, ""5"": -318892.8186915488, ""6"": -383285.61744323774, ""7"": -383534.51740766247, ""8"": -483076.4421161618}","[22157, 21493, 13393, 7368, 2415, 557, 87, 30]","[22157, 21493, 13393]","[3, 4, 5, 6, 7]","[7368, 2415, 557, 87, 30]",bic,-483076.4421161618,ok
detexture_ade20k_multi,feature_cluster_coarse_global_pooled_predicted_k,training,459,training_ADE_train_00019856,detexture_multi_partition_v1,multi_partition_invariant,0.3869587739716876,0.4900424436719622,0.5471324806446879,4,8,6,0.0,0.8289234203296704,386212,465920,79708,6,4,True,hungarian_iou_assignment,"[0.42543440793377224, 0.845339276961351, 0.18224620525144955, 0.8687327536835528, 0.0, 0.0]","[{""pred_label"": 0, ""gt_label"": 0, ""iou"": 0.42543440793377224}, {""pred_label"": 1, ""gt_label"": 1, ""iou"": 0.845339276961351}, {""pred_label"": 2, ""gt_label"": 3, ""iou"": 0.18224620525144955}, {""pred_label"": 3, ""gt_label"": 2, ""iou"": 0.8687327536835528}, {""pred_label"": 4, ""gt_label"": -1, ""iou"": 0.0}, {""pred_label"": 5, ""gt_label"": -1, ""iou"": 0.0}]",fpn_2,fpn_2,72x72,1,3,3,24x24,pooled_avg_pool_multi_way,False,False,False,silhouette,0.24157088994979858,"{""2"": 0.2276376634836197, ""3"": 0.2314499169588089, ""4"": 0.22091875970363617, ""5"": 0.2259669303894043, ""6"": 0.24157088994979858, ""7"": 0.2402428537607193, ""8"": 0.22353720664978027}","[118211, 93470, 71108, 69325, 59888, 53918]",jpeg_color_clustering_bic,-1,4,79708,0.17107657967032966,8,4,26723,"{""1"": -894755.2707512266, ""2"": -991229.1626598542, ""3"": -1175549.1468935492, ""4"": -1593101.3651931796, ""5"": -1656737.0939147372, ""6"": -1778017.1298624487, ""7"": -1836500.6285734335, ""8"": -2108269.558490044}","[139091, 107179, 75513, 64429, 45777, 21297, 6807, 5827]","[139091, 107179, 75513, 64429]","[4, 5, 6, 7]","[45777, 21297, 6807, 5827]",bic,-2108269.558490044,ok
detexture_ade20k_multi,feature_cluster_coarse_global_pooled_predicted_k,training,460,training_ADE_train_00019857,detexture_multi_partition_v1,multi_partition_invariant,0.48777665265475095,0.5741409551426278,0.5967320913380211,5,8,6,0.0,0.984375,64512,65536,1024,6,5,True,hungarian_iou_assignment,"[0.9347425411818915, 0.6352550640200528, 0.5611327175498299, 0.44056603773584907, 0.0, 0.35496355544088243]","[{""pred_label"": 0, ""gt_label"": 0, ""iou"": 0.9347425411818915}, {""pred_label"": 1, ""gt_label"": 3, ""iou"": 0.6352550640200528}, {""pred_label"": 2, ""gt_label"": 1, ""iou"": 0.5611327175498299}, {""pred_label"": 3, ""gt_label"": 4, ""iou"": 0.44056603773584907}, {""pred_label"": 4, ""gt_label"": -1, ""iou"": 0.0}, {""pred_label"": 5, ""gt_label"": 2, ""iou"": 0.35496355544088243}]",fpn_2,fpn_2,72x72,1,3,3,24x24,pooled_avg_pool_multi_way,False,False,False,silhouette,0.2721289396286011,"{""2"": 0.22953960299491882, ""3"": 0.26583969593048096, ""4"": 0.2709852457046509, ""5"": 0.2691171169281006, ""6"": 0.2721289396286011, ""7"": 0.2186507135629654, ""8"": 0.23090696334838867}","[17002, 13807, 9920, 8952, 7997, 7858]",jpeg_color_clustering_bic,-1,3,1024,0.015625,8,5,6283,"{""1"": -129986.58345316812, ""2"": -132028.99590902586, ""3"": -213013.16014289352, ""4"": -270718.16303617216, ""5"": -318889.36462381715, ""6"": -321810.23677264736, ""7"": -439693.3706583058, ""8"": -444122.4627666929}","[17078, 15997, 13222, 10331, 7884, 643, 224, 157]","[17078, 15997, 13222, 10331, 7884]","[5, 6, 7]","[643, 224, 157]",bic,-444122.4627666929,ok
detexture_ade20k_multi,feature_cluster_coarse_global_pooled_predicted_k,training,461,training_ADE_train_00019858,detexture_multi_partition_v1,multi_partition_invariant,0.5049149662623643,0.47412392976720225,0.53434324990111,2,8,3,0.0,0.8367462158203125,54837,65536,10699,3,2,True,hungarian_iou_assignment,"[0.6947674418604651, 0.8199774569266277, 0.0]","[{""pred_label"": 0, ""gt_label"": 0, ""iou"": 0.6947674418604651}, {""pred_label"": 1, ""gt_label"": 1, ""iou"": 0.8199774569266277}, {""pred_label"": 2, ""gt_label"": -1, ""iou"": 0.0}]",fpn_2,fpn_2,72x72,1,3,3,24x24,pooled_avg_pool_multi_way,False,False,False,silhouette,0.2758302390575409,"{""2"": 0.26737284660339355, ""3"": 0.2758302390575409, ""4"": 0.2680862843990326, ""5"": 0.27483972907066345, ""6"": 0.25808826088905334, ""7"": 0.26462307572364807, ""8"": 0.2724738121032715}","[28830, 20576, 16130]",jpeg_color_clustering_bic,-1,6,10699,0.1632537841796875,8,2,6462,"{""1"": -131686.29845477824, ""2"": -135957.243718869, ""3"": -264998.9634105273, ""4"": -282665.46476325294, ""5"": -286751.20574716496, ""6"": -390556.7472585398, ""7"": -402100.86701771873, ""8"": -418718.2584031415}","[39504, 15333, 6531, 1807, 1005, 625, 480, 251]","[39504, 15333]","[2, 3, 4, 5, 6, 7]","[6531, 1807, 1005, 625, 480, 251]",bic,-418718.2584031415,ok
detexture_ade20k_multi,feature_cluster_coarse_global_pooled_predicted_k,training,462,training_ADE_train_00019861,detexture_multi_partition_v1,multi_partition_invariant,0.26028524899209604,0.3455357494232885,0.4770033473974627,2,8,5,0.0,0.83599853515625,54788,65536,10748,5,2,True,hungarian_iou_assignment,"[0.8965409946585075, 0.40488525030197287, 0.0, 0.0, 0.0]","[{""pred_label"": 0, ""gt_label"": 1, ""iou"": 0.8965409946585075}, {""pred_label"": 1, ""gt_label"": 0, ""iou"": 0.40488525030197287}, {""pred_label"": 2, ""gt_label"": -1, ""iou"": 0.0}, {""pred_label"": 3, ""gt_label"": -1, ""iou"": 0.0}, {""pred_label"": 4, ""gt_label"": -1, ""iou"": 0.0}]",fpn_2,fpn_2,72x72,1,3,3,24x24,pooled_avg_pool_multi_way,False,False,False,silhouette,0.2545621395111084,"{""2"": 0.22658507525920868, ""3"": 0.2352134883403778, ""4"": 0.22171860933303833, ""5"": 0.2545621395111084, ""6"": 0.2416171282529831, ""7"": 0.21874432265758514, ""8"": 0.22209523618221283}","[19633, 15545, 11123, 10528, 8707]",jpeg_color_clustering_bic,-1,6,10748,0.16400146484375,8,2,6644,"{""1"": -159858.22098904577, ""2"": -165724.0677303167, ""3"": -224088.64982864345, ""4"": -321982.9975363754, ""5"": -325310.6993691008, ""6"": -329755.95971804485, ""7"": -332470.5844064769, ""8"": -333361.9189740022}","[37065, 17723, 7645, 926, 816, 763, 426, 172]","[37065, 17723]","[2, 3, 4, 5, 6, 7]","[7645, 926, 816, 763, 426, 172]",bic,-333361.9189740022,ok
detexture_ade20k_multi,feature_cluster_coarse_global_pooled_predicted_k,training,463,training_ADE_train_00019863,detexture_multi_partition_v1,multi_partition_invariant,0.9467550903112344,0.9240541717375282,0.8815911348254222,3,8,3,1.0,0.8531646728515625,55913,65536,9623,3,3,True,hungarian_iou_assignment,"[0.9480918499353169, 0.9225763514013163, 0.9695970695970696]","[{""pred_label"": 0, ""gt_label"": 0, ""iou"": 0.9480918499353169}, {""pred_label"": 1, ""gt_label"": 2, ""iou"": 0.9225763514013163}, {""pred_label"": 2, ""gt_label"": 1, ""iou"": 0.9695970695970696}]",fpn_2,fpn_2,72x72,1,3,3,24x24,pooled_avg_pool_multi_way,False,False,False,silhouette,0.3228456676006317,"{""2"": 0.2795240879058838, ""3"": 0.3228456676006317, ""4"": 0.25688618421554565, ""5"": 0.2501661479473114, ""6"": 0.27312082052230835, ""7"": 0.26845017075538635, ""8"": 0.22432292997837067}","[24644, 20857, 20035]",jpeg_color_clustering_bic,-1,5,9623,0.1468353271484375,8,3,5443,"{""1"": -161076.8775328891, ""2"": -178773.957815962, ""3"": -257366.37639264055, ""4"": -263687.4241876119, ""5"": -316364.127289586, ""6"": -316723.37005194416, ""7"": -455230.86546278547, ""8"": -461851.7702398025}","[24431, 18896, 12586, 7279, 1456, 510, 268, 110]","[24431, 18896, 12586]","[3, 4, 5, 6, 7]","[7279, 1456, 510, 268, 110]",bic,-461851.7702398025,ok
detexture_ade20k_multi,feature_cluster_coarse_global_pooled_predicted_k,training,464,training_ADE_train_00019864,detexture_multi_partition_v1,multi_partition_invariant,0.5534681830739583,0.6554782421948108,0.6800770362610438,3,8,4,0.0,0.9328460693359375,61135,65536,4401,4,3,True,hungarian_iou_assignment,"[0.9454042847270214, 0.8091619509566155, 0.4593064966121961, 0.0]","[{""pred_label"": 0, ""gt_label"": 1, ""iou"": 0.9454042847270214}, {""pred_label"": 1, ""gt_label"": 2, ""iou"": 0.8091619509566155}, {""pred_label"": 2, ""gt_label"": 0, ""iou"": 0.4593064966121961}, {""pred_label"": 3, ""gt_label"": -1, ""iou"": 0.0}]",fpn_2,fpn_2,72x72,1,3,3,24x24,pooled_avg_pool_multi_way,False,False,False,silhouette,0.26962387561798096,"{""2"": 0.24995435774326324, ""3"": 0.22941769659519196, ""4"": 0.26962387561798096, ""5"": 0.24842432141304016, ""6"": 0.23768912255764008, ""7"": 0.2339697927236557, ""8"": 0.23024892807006836}","[23175, 19822, 12224, 10315]",jpeg_color_clustering_bic,-1,5,4401,0.0671539306640625,8,3,4863,"{""1"": -120043.13291932343, ""2"": -125510.83668556357, ""3"": -187658.68866763546, ""4"": -359264.1348463994, ""5"": -366680.5450110321, ""6"": -408795.6996917742, ""7"": -439430.25892664655, ""8"": -448557.38445886987}","[24674, 21016, 15445, 1740, 881, 810, 679, 291]","[24674, 21016, 15445]","[3, 4, 5, 6, 7]","[1740, 881, 810, 679, 291]",bic,-448557.38445886987,ok
detexture_ade20k_multi,feature_cluster_coarse_global_pooled_predicted_k,training,465,training_ADE_train_00019874,detexture_multi_partition_v1,multi_partition_invariant,0.3370449818005073,0.19737604021428143,0.3323491449299834,3,8,2,0.0,0.7931115222953217,277754,350208,72454,2,3,True,hungarian_iou_assignment,"[0.5232836151077607, 0.4878513302937612, 0.0]","[{""pred_label"": 0, ""gt_label"": 0, ""iou"": 0.5232836151077607}, {""pred_label"": 1, ""gt_label"": 2, ""iou"": 0.4878513302937612}, {""pred_label"": -1, ""gt_label"": 1, ""iou"": 0.0}]",fpn_2,fpn_2,72x72,1,3,3,24x24,pooled_avg_pool_multi_way,False,False,False,silhouette,0.2507057785987854,"{""2"": 0.2507057785987854, ""3"": 0.24214699864387512, ""4"": 0.23242026567459106, ""5"": 0.20285749435424805, ""6"": 0.1971881091594696, ""7"": 0.19278128445148468, ""8"": 0.20840533077716827}","[230661, 119547]",jpeg_color_clustering_bic,-1,5,72454,0.20688847770467836,8,3,22490,"{""1"": -608000.0290933838, ""2"": -885965.7398917472, ""3"": -1003575.5708295354, ""4"": -1334199.4255187754, ""5"": -1469803.9859422185, ""6"": -1623281.5747811159, ""7"": -1727726.8616649127, ""8"": -1869824.3029408199}","[166649, 68548, 42557, 24011, 15559, 11667, 10816, 10401]","[166649, 68548, 42557]","[3, 4, 5, 6, 7]","[24011, 15559, 11667, 10816, 10401]",bic,-1869824.3029408199,ok
detexture_ade20k_multi,feature_cluster_coarse_global_pooled_predicted_k,training,466,training_ADE_train_00019875,detexture_multi_partition_v1,multi_partition_invariant,0.5063481942597461,0.7022802631936531,0.695299103967556,4,8,6,0.0,0.96990966796875,63564,65536,1972,6,4,True,hungarian_iou_assignment,"[0.8127865796831314, 0.854001976284585, 0.5231493591420351, 0.8481512504487256, 0.0, 0.0]","[{""pred_label"": 0, ""gt_label"": 0, ""iou"": 0.8127865796831314}, {""pred_label"": 1, ""gt_label"": 2, ""iou"": 0.854001976284585}, {""pred_label"": 2, ""gt_label"": 1, ""iou"": 0.5231493591420351}, {""pred_label"": 3, ""gt_label"": 3, ""iou"": 0.8481512504487256}, {""pred_label"": 4, ""gt_label"": -1, ""iou"": 0.0}, {""pred_label"": 5, ""gt_label"": -1, ""iou"": 0.0}]",fpn_2,fpn_2,72x72,1,3,3,24x24,pooled_avg_pool_multi_way,False,False,False,silhouette,0.2807520627975464,"{""2"": 0.24475277960300446, ""3"": 0.22171945869922638, ""4"": 0.2368154227733612, ""5"": 0.24495837092399597, ""6"": 0.2807520627975464, ""7"": 0.2732079029083252, ""8"": 0.253273606300354}","[22585, 15996, 9121, 7473, 5319, 5042]",jpeg_color_clustering_bic,-1,4,1972,0.03009033203125,8,4,5913,"{""1"": -129828.80739899757, ""2"": -132882.92839478733, ""3"": -214883.7487819911, ""4"": -270790.8160296806, ""5"": -398138.7850108223, ""6"": -408822.0578422586, ""7"": -432908.52724343963, ""8"": -433437.5785046848}","[26532, 14528, 14497, 8007, 1072, 452, 405, 43]","[26532, 14528, 14497, 8007]","[4, 5, 6, 7]","[1072, 452, 405, 43]",bic,-433437.5785046848,ok
detexture_ade20k_multi,feature_cluster_coarse_global_pooled_predicted_k,training,467,training_ADE_train_00019878,detexture_multi_partition_v1,multi_partition_invariant,0.2684587619230177,0.3898118354323177,0.4653541209503812,3,8,6,0.0,0.8617542093704246,301352,349696,48344,6,3,True,hungarian_iou_assignment,"[0.6013689118143042, 0.5707300420695403, 0.0, 0.43865361765426164, 0.0, 0.0]","[{""pred_label"": 0, ""gt_label"": 1, ""iou"": 0.6013689118143042}, {""pred_label"": 1, ""gt_label"": 2, ""iou"": 0.5707300420695403}, {""pred_label"": 2, ""gt_label"": -1, ""iou"": 0.0}, {""pred_label"": 3, ""gt_label"": 0, ""iou"": 0.43865361765426164}, {""pred_label"": 4, ""gt_label"": -1, ""iou"": 0.0}, {""pred_label"": 5, ""gt_label"": -1, ""iou"": 0.0}]",fpn_2,fpn_2,72x72,1,3,3,24x24,pooled_avg_pool_multi_way,False,False,False,silhouette,0.2632274627685547,"{""2"": 0.1706639975309372, ""3"": 0.19312070310115814, ""4"": 0.2274990677833557, ""5"": 0.25743329524993896, ""6"": 0.2632274627685547, ""7"": 0.2529614567756653, ""8"": 0.2532874643802643}","[82750, 64446, 64203, 61236, 44710, 32351]",jpeg_color_clustering_bic,-1,5,48344,0.1382457906295754,8,3,18951,"{""1"": -857258.2688429948, ""2"": -914542.3201116213, ""3"": -1044940.0074372805, ""4"": -1087004.1350365845, ""5"": -1371905.516281795, ""6"": -1235727.1140748004, ""7"": -1244823.133633693, ""8"": -1688607.56082061}","[106517, 99129, 95706, 25604, 11044, 6457, 3693, 1546]","[106517, 99129, 95706]","[3, 4, 5, 6, 7]","[25604, 11044, 6457, 3693, 1546]",bic,-1688607.56082061,ok
detexture_ade20k_multi,feature_cluster_coarse_global_pooled_predicted_k,training,468,training_ADE_train_00019880,detexture_multi_partition_v1,multi_partition_invariant,0.38166088861981456,0.7022974568504184,0.6952709696763548,3,8,6,0.0,0.8446908171669106,295385,349696,54311,6,3,True,hungarian_iou_assignment,"[0.9545675285960836, 0.0, 0.4807483707489782, 0.8546494323738254, 0.0, 0.0]","[{""pred_label"": 0, ""gt_label"": 0, ""iou"": 0.9545675285960836}, {""pred_label"": 1, ""gt_label"": -1, ""iou"": 0.0}, {""pred_label"": 2, ""gt_label"": 1, ""iou"": 0.4807483707489782}, {""pred_label"": 3, ""gt_label"": 2, ""iou"": 0.8546494323738254}, {""pred_label"": 4, ""gt_label"": -1, ""iou"": 0.0}, {""pred_label"": 5, ""gt_label"": -1, ""iou"": 0.0}]",fpn_2,fpn_2,72x72,1,3,3,24x24,pooled_avg_pool_multi_way,False,False,False,silhouette,0.3175910711288452,"{""2"": 0.30351734161376953, ""3"": 0.26509904861450195, ""4"": 0.30151665210723877, ""5"": 0.3164379298686981, ""6"": 0.3175910711288452, ""7"": 0.3039349317550659, ""8"": 0.22226649522781372}","[128133, 62928, 58325, 41743, 31360, 27207]",jpeg_color_clustering_bic,-1,5,54311,0.1553091828330893,8,3,14187,"{""1"": -584061.0320513508, ""2"": -702295.4741969663, ""3"": -1026632.4157400344, ""4"": -1450236.169203849, ""5"": -1645348.4659216297, ""6"": -1709635.0548438989, ""7"": -1788870.1855651182, ""8"": -1796515.5314111824}","[133790, 114810, 46785, 21939, 20368, 5843, 5401, 760]","[133790, 114810, 46785]","[3, 4, 5, 6, 7]","[21939, 20368, 5843, 5401, 760]",bic,-1796515.5314111824,ok
detexture_ade20k_multi,feature_cluster_coarse_global_pooled_predicted_k,training,469,training_ADE_train_00019882,detexture_multi_partition_v1,multi_partition_invariant,0.21597208682315408,0.21358858635997777,0.2797812485790487,4,8,2,0.0,0.9140592592592592,61699,67500,5801,2,4,True,hungarian_iou_assignment,"[0.460493366721722, 0.40339498057089435, 0.0, 0.0]","[{""pred_label"": 0, ""gt_label"": 1, ""iou"": 0.460493366721722}, {""pred_label"": 1, ""gt_label"": 0, ""iou"": 0.40339498057089435}, {""pred_label"": -1, ""gt_label"": 2, ""iou"": 0.0}, {""pred_label"": -1, ""gt_label"": 3, ""iou"": 0.0}]",fpn_2,fpn_2,72x72,1,3,3,24x24,pooled_avg_pool_multi_way,False,False,False,silhouette,0.2783240079879761,"{""2"": 0.2783240079879761, ""3"": 0.21820302307605743, ""4"": 0.19194254279136658, ""5"": 0.20173826813697815, ""6"": 0.2198609858751297, ""7"": 0.2371966540813446, ""8"": 0.21965612471103668}","[35814, 31686]",jpeg_color_clustering_bic,-1,4,5801,0.08594074074074073,8,4,10758,"{""1"": -140989.20709936458, ""2"": -178864.02090223512, ""3"": -193323.62548815322, ""4"": -216535.95822574076, ""5"": -287566.60101631255, ""6"": -303210.47709279315, ""7"": -322280.4332948538, ""8"": -328773.330066961}","[21349, 19810, 11332, 9208, 2227, 1814, 1176, 584]","[21349, 19810, 11332, 9208]","[4, 5, 6, 7]","[2227, 1814, 1176, 584]",bic,-328773.330066961,ok
detexture_ade20k_multi,feature_cluster_coarse_global_pooled_predicted_k,training,470,training_ADE_train_00019885,detexture_multi_partition_v1,multi_partition_invariant,0.5029107745268012,0.6214795323065777,0.6498137851659702,3,8,2,0.0,0.7653994197733918,268049,350208,82159,2,3,True,hungarian_iou_assignment,"[0.5676237597705082, 0.9411085638098955, 0.0]","[{""pred_label"": 0, ""gt_label"": 1, ""iou"": 0.5676237597705082}, {""pred_label"": 1, ""gt_label"": 0, ""iou"": 0.9411085638098955}, {""pred_label"": -1, ""gt_label"": 2, ""iou"": 0.0}]",fpn_2,fpn_2,72x72,1,3,3,24x24,pooled_avg_pool_multi_way,False,False,False,silhouette,0.2992461919784546,"{""2"": 0.2992461919784546, ""3"": 0.28073954582214355, ""4"": 0.25048860907554626, ""5"": 0.2520483434200287, ""6"": 0.25310787558555603, ""7"": 0.26538243889808655, ""8"": 0.25947701930999756}","[186379, 163829]",jpeg_color_clustering_bic,-1,5,82159,0.23460058022660818,8,3,18710,"{""1"": -726067.636829001, ""2"": -867446.1572488016, ""3"": -942361.7598903901, ""4"": -1083605.9204977877, ""5"": -1330790.2097264538, ""6"": -1216967.4971302089, ""7"": -1662859.7822812737, ""8"": -1668751.2942017904}","[120877, 88102, 59070, 38223, 34188, 6262, 1810, 1676]","[120877, 88102, 59070]","[3, 4, 5, 6, 7]","[38223, 34188, 6262, 1810, 1676]",bic,-1668751.2942017904,ok
detexture_ade20k_multi,feature_cluster_coarse_global_pooled_predicted_k,training,471,training_ADE_train_00019962,detexture_multi_partition_v1,multi_partition_invariant,0.928346839101722,0.8840856464367373,0.8133115286592182,2,8,2,1.0,0.8502842468887262,297341,349696,52355,2,2,True,hungarian_iou_assignment,"[0.9637386272542896, 0.8929550509491543]","[{""pred_label"": 0, ""gt_label"": 0, ""iou"": 0.9637386272542896}, {""pred_label"": 1, ""gt_label"": 1, ""iou"": 0.8929550509491543}]",fpn_2,fpn_2,72x72,1,3,3,24x24,pooled_avg_pool_multi_way,False,False,False,silhouette,0.3073594272136688,"{""2"": 0.3073594272136688, ""3"": 0.22921697795391083, ""4"": 0.19471988081932068, ""5"": 0.233822762966156, ""6"": 0.2295897752046585, ""7"": 0.242009699344635, ""8"": 0.23085063695907593}","[228703, 120993]",jpeg_color_clustering_bic,-1,6,52355,0.1497157531112738,8,2,9159,"{""1"": -677412.477156424, ""2"": -744583.1932574887, ""3"": -1215900.5555340552, ""4"": -2422491.487247362, ""5"": -2481564.09540494, ""6"": -2596627.3786060577, ""7"": -2670645.1529311533, ""8"": -2712728.1739489078}","[228287, 69054, 38497, 9674, 1289, 1273, 1089, 533]","[228287, 69054]","[2, 3, 4, 5, 6, 7]","[38497, 9674, 1289, 1273, 1089, 533]",bic,-2712728.1739489078,ok
detexture_ade20k_multi,feature_cluster_coarse_global_pooled_predicted_k,training,472,training_ADE_train_00020092,detexture_multi_partition_v1,multi_partition_invariant,0.677483242103901,0.8365331004467087,0.8091760016505547,3,8,4,0.0,0.9523520923520924,32999,34650,1651,4,3,True,hungarian_iou_assignment,"[0.9024450942574503, 0.8811224928983387, 0.926365381259815, 0.0]","[{""pred_label"": 0, ""gt_label"": 0, ""iou"": 0.9024450942574503}, {""pred_label"": 1, ""gt_label"": 1, ""iou"": 0.8811224928983387}, {""pred_label"": 2, ""gt_label"": 2, ""iou"": 0.926365381259815}, {""pred_label"": 3, ""gt_label"": -1, ""iou"": 0.0}]",fpn_2,fpn_2,72x72,1,3,3,24x24,pooled_avg_pool_multi_way,False,False,False,silhouette,0.36835378408432007,"{""2"": 0.3347490429878235, ""3"": 0.3673548400402069, ""4"": 0.36835378408432007, ""5"": 0.31691476702690125, ""6"": 0.25972115993499756, ""7"": 0.2710402309894562, ""8"": 0.2822447419166565}","[15412, 10370, 6022, 2846]",jpeg_color_clustering_bic,-1,5,1651,0.04764790764790765,8,3,3780,"{""1"": -71591.84939895367, ""2"": -74544.95461416597, ""3"": -119674.0925625185, ""4"": -120441.75285767799, ""5"": -221427.204304241, ""6"": -240815.97223312015, ""7"": -247290.13874583656, ""8"": -251324.6977693529}","[15852, 11617, 5530, 515, 469, 349, 227, 91]","[15852, 11617, 5530]","[3, 4, 5, 6, 7]","[515, 469, 349, 227, 91]",bic,-251324.6977693529,ok
detexture_ade20k_multi,feature_cluster_coarse_global_pooled_predicted_k,training,473,training_ADE_train_00020125,detexture_multi_partition_v1,multi_partition_invariant,0.4012121214540958,0.37944292054055934,0.43391861498643164,3,8,4,0.0,0.7324036288826684,86866,118604,31738,4,3,True,hungarian_iou_assignment,"[0.3863926223879133, 0.7095089044792229, 0.5089469589492471, 0.0]","[{""pred_label"": 0, ""gt_label"": 2, ""iou"": 0.3863926223879133}, {""pred_label"": 1, ""gt_label"": 0, ""iou"": 0.7095089044792229}, {""pred_label"": 2, ""gt_label"": 1, ""iou"": 0.5089469589492471}, {""pred_label"": 3, ""gt_label"": -1, ""iou"": 0.0}]",fpn_2,fpn_2,72x72,1,3,3,24x24,pooled_avg_pool_multi_way,False,False,False,silhouette,0.30497559905052185,"{""2"": 0.24424521625041962, ""3"": 0.2635798454284668, ""4"": 0.30497559905052185, ""5"": 0.2636314630508423, ""6"": 0.25089576840400696, ""7"": 0.2615644633769989, ""8"": 0.28521832823753357}","[48899, 34228, 18590, 16887]",jpeg_color_clustering_bic,-1,5,31738,0.26759637111733164,8,3,8508,"{""1"": -242774.83023634178, ""2"": -266712.0278823368, ""3"": -323204.2921870655, ""4"": -363111.88224934327, ""5"": -386261.53698753094, ""6"": -410214.10197080416, ""7"": -533934.5164683943, ""8"": -534433.0530286971}","[46325, 20735, 19806, 14089, 8470, 6479, 2448, 252]","[46325, 20735, 19806]","[3, 4, 5, 6, 7]","[14089, 8470, 6479, 2448, 252]",bic,-534433.0530286971,ok
detexture_ade20k_multi,feature_cluster_coarse_global_pooled_predicted_k,validation,474,validation_ADE_val_00000233,detexture_multi_partition_v1,multi_partition_invariant,0.615068727940329,0.5312271919680434,0.49207873834077115,3,8,3,1.0,0.8501451646959459,322103,378880,56777,3,3,True,hungarian_iou_assignment,"[0.8080078746655035, 0.45819377687832025, 0.5790045322771631]","[{""pred_label"": 0, ""gt_label"": 0, ""iou"": 0.8080078746655035}, {""pred_label"": 1, ""gt_label"": 2, ""iou"": 0.45819377687832025}, {""pred_label"": 2, ""gt_label"": 1, ""iou"": 0.5790045322771631}]",fpn_2,fpn_2,72x72,1,3,3,24x24,pooled_avg_pool_multi_way,False,False,False,silhouette,0.2455555647611618,"{""2"": 0.2409617155790329, ""3"": 0.2455555647611618, ""4"": 0.2454749196767807, ""5"": 0.20036210119724274, ""6"": 0.2124267965555191, ""7"": 0.19673827290534973, ""8"": 0.19915813207626343}","[149865, 140528, 88487]",jpeg_color_clustering_bic,-1,5,56777,0.14985483530405405,8,3,31296,"{""1"": -689241.2136132795, ""2"": -1087877.2370324528, ""3"": -1180891.3162666706, ""4"": -1263503.7067688815, ""5"": -1315492.6572057386, ""6"": -1369187.941845939, ""7"": -1395082.8651866168, ""8"": -1669618.615568852}","[166487, 109493, 46123, 17805, 12827, 10714, 8308, 7123]","[166487, 109493, 46123]","[3, 4, 5, 6, 7]","[17805, 12827, 10714, 8308, 7123]",bic,-1669618.615568852,ok
detexture_ade20k_multi,feature_cluster_coarse_global_pooled_predicted_k,validation,475,validation_ADE_val_00000289,detexture_multi_partition_v1,multi_partition_invariant,0.4803605547735921,0.38064317470087167,0.4541617066836172,5,8,5,1.0,0.9597683937306579,38456,40068,1612,5,5,True,hungarian_iou_assignment,"[0.6099325768788029, 0.46665931885815054, 0.18527633244269442, 0.6573062261753494, 0.48262831951296314]","[{""pred_label"": 0, ""gt_label"": 0, ""iou"": 0.6099325768788029}, {""pred_label"": 1, ""gt_label"": 4, ""iou"": 0.46665931885815054}, {""pred_label"": 2, ""gt_label"": 1, ""iou"": 0.18527633244269442}, {""pred_label"": 3, ""gt_label"": 3, ""iou"": 0.6573062261753494}, {""pred_label"": 4, ""gt_label"": 2, ""iou"": 0.48262831951296314}]",fpn_2,fpn_2,72x72,1,3,3,24x24,pooled_avg_pool_multi_way,False,False,False,silhouette,0.20202311873435974,"{""2"": 0.18723195791244507, ""3"": 0.19727148115634918, ""4"": 0.16865113377571106, ""5"": 0.20202311873435974, ""6"": 0.19732020795345306, ""7"": 0.1891280561685562, ""8"": 0.18796925246715546}","[9927, 8606, 7477, 7280, 6778]",jpeg_color_clustering_bic,-1,3,1612,0.04023160626934212,8,5,9856,"{""1"": -79158.54288791299, ""2"": -85445.32403553833, ""3"": -115951.09691191379, ""4"": -117133.5847610268, ""5"": -142859.50703299505, ""6"": -160204.37858495803, ""7"": -162836.15279198624, ""8"": -218269.51032402628}","[10212, 10012, 7446, 5925, 4861, 955, 395, 262]","[10212, 10012, 7446, 5925, 4861]","[5, 6, 7]","[955, 395, 262]",bic,-218269.51032402628,ok
detexture_ade20k_multi,feature_cluster_coarse_global_pooled_predicted_k,validation,476,validation_ADE_val_00000345,detexture_multi_partition_v1,multi_partition_invariant,0.4439258422321067,0.5117354758888248,0.5174091862577517,3,8,2,0.0,0.9080544244143485,317543,349696,32153,2,3,True,hungarian_iou_assignment,"[0.493305197871187, 0.838472328825133, 0.0]","[{""pred_label"": 0, ""gt_label"": 2, ""iou"": 0.493305197871187}, {""pred_label"": 1, ""gt_label"": 0, ""iou"": 0.838472328825133}, {""pred_label"": -1, ""gt_label"": 1, ""iou"": 0.0}]",fpn_2,fpn_2,72x72,1,3,3,24x24,pooled_avg_pool_multi_way,False,False,False,silhouette,0.2733512222766876,"{""2"": 0.2733512222766876, ""3"": 0.24589212238788605, ""4"": 0.26054647564888, ""5"": 0.2368069738149643, ""6"": 0.25113213062286377, ""7"": 0.2486816793680191, ""8"": 0.26552894711494446}","[183569, 166127]",jpeg_color_clustering_bic,-1,5,32153,0.09194557558565154,8,3,21798,"{""1"": -960390.3260899053, ""2"": -1094493.3491837778, ""3"": -1156113.1716131393, ""4"": -1181090.1588657643, ""5"": -1629013.6954847658, ""6"": -1716644.8842972494, ""7"": -1763737.3677014522, ""8"": -1814181.61739212}","[129945, 101056, 86542, 15287, 6859, 4518, 3988, 1501]","[129945, 101056, 86542]","[3, 4, 5, 6, 7]","[15287, 6859, 4518, 3988, 1501]",bic,-1814181.61739212,ok
detexture_ade20k_multi,feature_cluster_coarse_global_pooled_predicted_k,validation,477,validation_ADE_val_00000365,detexture_multi_partition_v1,multi_partition_invariant,0.9016499029828738,0.8714697922163014,0.8180829141482916,3,8,3,1.0,0.9249114990234375,60615,65536,4921,3,3,True,hungarian_iou_assignment,"[0.9413758292471878, 0.9435175530066041, 0.82005632669483]","[{""pred_label"": 0, ""gt_label"": 0, ""iou"": 0.9413758292471878}, {""pred_label"": 1, ""gt_label"": 1, ""iou"": 0.9435175530066041}, {""pred_label"": 2, ""gt_label"": 2, ""iou"": 0.82005632669483}]",fpn_2,fpn_2,72x72,1,3,3,24x24,pooled_avg_pool_multi_way,False,False,False,silhouette,0.32685455679893494,"{""2"": 0.2998206913471222, ""3"": 0.32685455679893494, ""4"": 0.28600046038627625, ""5"": 0.2563052475452423, ""6"": 0.2758813500404358, ""7"": 0.2808333933353424, ""8"": 0.2627636790275574}","[41997, 12388, 11151]",jpeg_color_clustering_bic,-1,5,4921,0.0750885009765625,8,3,6386,"{""1"": -142086.87758908066, ""2"": -159439.82201980043, ""3"": -250394.99937794424, ""4"": -405068.343902981, ""5"": -431522.21208217874, ""6"": -454877.1026404758, ""7"": -463175.052204363, ""8"": -471720.68853900034}","[41423, 10872, 8320, 1839, 1742, 673, 419, 248]","[41423, 10872, 8320]","[3, 4, 5, 6, 7]","[1839, 1742, 673, 419, 248]",bic,-471720.68853900034,ok
detexture_ade20k_multi,feature_cluster_coarse_global_pooled_predicted_k,validation,478,validation_ADE_val_00000389,detexture_multi_partition_v1,multi_partition_invariant,0.6077117950894076,0.815165078345965,0.7944546938486661,2,8,3,0.0,0.7951563643850659,278063,349696,71633,3,2,True,hungarian_iou_assignment,"[0.9690219626552603, 0.8541134226129626, 0.0]","[{""pred_label"": 0, ""gt_label"": 1, ""iou"": 0.9690219626552603}, {""pred_label"": 1, ""gt_label"": 0, ""iou"": 0.8541134226129626}, {""pred_label"": 2, ""gt_label"": -1, ""iou"": 0.0}]",fpn_2,fpn_2,72x72,1,3,3,24x24,pooled_avg_pool_multi_way,False,False,False,silhouette,0.3948546051979065,"{""2"": 0.20530681312084198, ""3"": 0.3948546051979065, ""4"": 0.3715323209762573, ""5"": 0.3844923973083496, ""6"": 0.3606526553630829, ""7"": 0.3608558475971222, ""8"": 0.3745616674423218}","[150950, 141909, 56837]",jpeg_color_clustering_bic,-1,6,71633,0.20484363561493413,8,2,16831,"{""1"": -632947.1446012039, ""2"": -643052.3569038041, ""3"": -1279278.0916891983, ""4"": -1302545.086448473, ""5"": -1429747.8298226518, ""6"": -1768513.2331079505, ""7"": -2093922.585444589, ""8"": -2246015.7892580545}","[156512, 121551, 32083, 13976, 12865, 7327, 3204, 2178]","[156512, 121551]","[2, 3, 4, 5, 6, 7]","[32083, 13976, 12865, 7327, 3204, 2178]",bic,-2246015.7892580545,ok
detexture_ade20k_multi,feature_cluster_coarse_global_pooled_predicted_k,validation,479,validation_ADE_val_00000394,detexture_multi_partition_v1,multi_partition_invariant,0.22239794118393008,0.1012055194505921,0.23503563263187413,2,8,4,0.0,0.8643407407407407,58343,67500,9157,4,2,True,hungarian_iou_assignment,"[0.43706934321105667, 0.45252242152466365, 0.0, 0.0]","[{""pred_label"": 0, ""gt_label"": 0, ""iou"": 0.43706934321105667}, {""pred_label"": 1, ""gt_label"": 1, ""iou"": 0.45252242152466365}, {""pred_label"": 2, ""gt_label"": -1, ""iou"": 0.0}, {""pred_label"": 3, ""gt_label"": -1, ""iou"": 0.0}]",fpn_2,fpn_2,72x72,1,3,3,24x24,pooled_avg_pool_multi_way,False,False,False,silhouette,0.31053003668785095,"{""2"": 0.21793133020401, ""3"": 0.27260711789131165, ""4"": 0.31053003668785095, ""5"": 0.3026137948036194, ""6"": 0.25129953026771545, ""7"": 0.25165870785713196, ""8"": 0.24730470776557922}","[22625, 18359, 17979, 8537]",jpeg_color_clustering_bic,-1,6,9157,0.13565925925925926,8,2,4359,"{""1"": -160212.20436706507, ""2"": -175807.13573004986, ""3"": -294252.6421322297, ""4"": -295399.84337277414, ""5"": -465741.76540577837, ""6"": -498337.389182693, ""7"": -516136.52030861366, ""8"": -517482.6634420427}","[50214, 8129, 5785, 1335, 1198, 575, 248, 16]","[50214, 8129]","[2, 3, 4, 5, 6, 7]","[5785, 1335, 1198, 575, 248, 16]",bic,-517482.6634420427,ok
detexture_ade20k_multi,feature_cluster_coarse_global_pooled_predicted_k,validation,480,validation_ADE_val_00000402,detexture_multi_partition_v1,multi_partition_invariant,0.955998447253195,0.9421648598752456,0.9071445100950267,3,8,3,1.0,0.9575489457831325,325536,339968,14432,3,3,True,hungarian_iou_assignment,"[0.9698946639761247, 0.9771875198576603, 0.9209131579258]","[{""pred_label"": 0, ""gt_label"": 0, ""iou"": 0.9698946639761247}, {""pred_label"": 1, ""gt_label"": 1, ""iou"": 0.9771875198576603}, {""pred_label"": 2, ""gt_label"": 2, ""iou"": 0.9209131579258}]",fpn_2,fpn_2,72x72,1,3,3,24x24,pooled_avg_pool_multi_way,False,False,False,silhouette,0.4163680374622345,"{""2"": 0.3682519495487213, ""3"": 0.4163680374622345, ""4"": 0.38718146085739136, ""5"": 0.37032705545425415, ""6"": 0.299587607383728, ""7"": 0.24623434245586395, ""8"": 0.24612314999103546}","[151178, 98936, 89854]",jpeg_color_clustering_bic,-1,5,14432,0.04245105421686747,8,3,8947,"{""1"": -724668.4214698852, ""2"": -747816.0807434984, ""3"": -1439534.4436549668, ""4"": -2001299.9419730308, ""5"": -2025585.941322125, ""6"": -1529310.5038081997, ""7"": -2287347.7820602413, ""8"": -2741016.9965417357}","[152763, 93394, 79379, 4187, 3247, 3247, 1940, 1811]","[152763, 93394, 79379]","[3, 4, 5, 6, 7]","[4187, 3247, 3247, 1940, 1811]",bic,-2741016.9965417357,ok
detexture_ade20k_multi,feature_cluster_coarse_global_pooled_predicted_k,validation,481,validation_ADE_val_00000554,detexture_multi_partition_v1,multi_partition_invariant,0.2600811956058431,0.31089088362369505,0.4835722152332151,3,8,7,0.0,0.9088592529296875,59563,65536,5973,7,3,True,hungarian_iou_assignment,"[0.7893129770992366, 0.33606130711393867, 0.6951940850277264, 0.0, 0.0, 0.0, 0.0]","[{""pred_label"": 0, ""gt_label"": 1, ""iou"": 0.7893129770992366}, {""pred_label"": 1, ""gt_label"": 0, ""iou"": 0.33606130711393867}, {""pred_label"": 2, ""gt_label"": 2, ""iou"": 0.6951940850277264}, {""pred_label"": 3, ""gt_label"": -1, ""iou"": 0.0}, {""pred_label"": 4, ""gt_label"": -1, ""iou"": 0.0}, {""pred_label"": 5, ""gt_label"": -1, ""iou"": 0.0}, {""pred_label"": 6, ""gt_label"": -1, ""iou"": 0.0}]",fpn_2,fpn_2,72x72,1,3,3,24x24,pooled_avg_pool_multi_way,False,False,False,silhouette,0.3339853286743164,"{""2"": 0.25994300842285156, ""3"": 0.26653966307640076, ""4"": 0.2512258291244507, ""5"": 0.2537417411804199, ""6"": 0.28331258893013, ""7"": 0.3339853286743164, ""8"": 0.2901018559932709}","[14168, 11637, 10407, 10176, 8487, 6507, 4154]",jpeg_color_clustering_bic,-1,5,5973,0.0911407470703125,8,3,9251,"{""1"": -154116.52853251668, ""2"": -165311.90437641676, ""3"": -252919.89851003487, ""4"": -258077.6284943643, ""5"": -261130.08582733484, ""6"": -383929.93327293854, ""7"": -407156.08579890366, ""8"": -420041.99890447076}","[34566, 16984, 8013, 2663, 1218, 958, 593, 541]","[34566, 16984, 8013]","[3, 4, 5, 6, 7]","[2663, 1218, 958, 593, 541]",bic,-420041.99890447076,ok
detexture_ade20k_multi,feature_cluster_coarse_global_pooled_predicted_k,validation,482,validation_ADE_val_00000559,detexture_multi_partition_v1,multi_partition_invariant,0.9404802886307775,0.9224133295724999,0.87614883816496,3,8,3,1.0,0.95318603515625,62468,65536,3068,3,3,True,hungarian_iou_assignment,"[0.9633354755784062, 0.9623302402753027, 0.8957751500386238]","[{""pred_label"": 0, ""gt_label"": 0, ""iou"": 0.9633354755784062}, {""pred_label"": 1, ""gt_label"": 2, ""iou"": 0.9623302402753027}, {""pred_label"": 2, ""gt_label"": 1, ""iou"": 0.8957751500386238}]",fpn_2,fpn_2,72x72,1,3,3,24x24,pooled_avg_pool_multi_way,False,False,False,silhouette,0.391532301902771,"{""2"": 0.3501807153224945, ""3"": 0.391532301902771, ""4"": 0.3068901598453522, ""5"": 0.33051905035972595, ""6"": 0.3271956443786621, ""7"": 0.31461775302886963, ""8"": 0.31740325689315796}","[32078, 16942, 16516]",jpeg_color_clustering_bic,-1,5,3068,0.04681396484375,8,3,5030,"{""1"": -121200.46583285445, ""2"": -130004.62285556746, ""3"": -240563.0153042042, ""4"": -411439.228273454, ""5"": -431034.499108747, ""6"": -458085.67361140606, ""7"": -459438.1145794596, ""8"": -463520.4985434871}","[30218, 16219, 16031, 1577, 651, 615, 190, 35]","[30218, 16219, 16031]","[3, 4, 5, 6, 7]","[1577, 651, 615, 190, 35]",bic,-463520.4985434871,ok
detexture_ade20k_multi,feature_cluster_coarse_global_pooled_predicted_k,validation,483,validation_ADE_val_00000625,detexture_multi_partition_v1,multi_partition_invariant,0.2711855808455951,0.45485696149238214,0.5790176004054788,4,8,2,0.0,0.9644504504504504,160581,166500,5919,2,4,True,hungarian_iou_assignment,"[0.5110000431797573, 0.573742280202623, 0.0, 0.0]","[{""pred_label"": 0, ""gt_label"": 0, ""iou"": 0.5110000431797573}, {""pred_label"": 1, ""gt_label"": 1, ""iou"": 0.573742280202623}, {""pred_label"": -1, ""gt_label"": 2, ""iou"": 0.0}, {""pred_label"": -1, ""gt_label"": 3, ""iou"": 0.0}]",fpn_2,fpn_2,72x72,1,3,3,24x24,pooled_avg_pool_multi_way,False,False,False,silhouette,0.29516860842704773,"{""2"": 0.29516860842704773, ""3"": 0.28778839111328125, ""4"": 0.29070135951042175, ""5"": 0.2789776623249054, ""6"": 0.29449209570884705, ""7"": 0.29224497079849243, ""8"": 0.25053566694259644}","[92544, 73956]",jpeg_color_clustering_bic,-1,4,5919,0.03554954954954955,8,4,9010,"{""1"": -335685.06844290637, ""2"": -355682.9367419166, ""3"": -593032.3658851479, ""4"": -682180.3614977113, ""5"": -685987.7092396993, ""6"": -1160217.9472648657, ""7"": -1191678.8413627087, ""8"": -1205046.2548769584}","[51434, 41354, 41066, 26727, 3022, 1304, 1152, 441]","[51434, 41354, 41066, 26727]","[4, 5, 6, 7]","[3022, 1304, 1152, 441]",bic,-1205046.2548769584,ok
detexture_ade20k_multi,feature_cluster_coarse_global_pooled_predicted_k,validation,484,validation_ADE_val_00000626,detexture_multi_partition_v1,multi_partition_invariant,0.13125657247588843,0.19881209639285555,0.3678784474408467,2,8,8,0.0,0.7955474853515625,52137,65536,13399,8,2,True,hungarian_iou_assignment,"[0.7713936430317848, 0.27865893677532266, 0.0, 0.0, 0.0, 0.0, 0.0, 0.0]","[{""pred_label"": 0, ""gt_label"": 1, ""iou"": 0.7713936430317848}, {""pred_label"": 1, ""gt_label"": 0, ""iou"": 0.27865893677532266}, {""pred_label"": 2, ""gt_label"": -1, ""iou"": 0.0}, {""pred_label"": 3, ""gt_label"": -1, ""iou"": 0.0}, {""pred_label"": 4, ""gt_label"": -1, ""iou"": 0.0}, {""pred_label"": 5, ""gt_label"": -1, ""iou"": 0.0}, {""pred_label"": 6, ""gt_label"": -1, ""iou"": 0.0}, {""pred_label"": 7, ""gt_label"": -1, ""iou"": 0.0}]",fpn_2,fpn_2,72x72,1,3,3,24x24,pooled_avg_pool_multi_way,False,False,False,silhouette,0.216390460729599,"{""2"": 0.19619567692279816, ""3"": 0.20564155280590057, ""4"": 0.20223303139209747, ""5"": 0.20671376585960388, ""6"": 0.20823393762111664, ""7"": 0.2024121731519699, ""8"": 0.216390460729599}","[14404, 10591, 9712, 7674, 6306, 6261, 5950, 4638]",jpeg_color_clustering_bic,-1,6,13399,0.2044525146484375,8,2,7665,"{""1"": -144965.38396312777, ""2"": -165165.0547388259, ""3"": -248047.00148229988, ""4"": -260633.07937349813, ""5"": -302610.2716956326, ""6"": -339527.846754296, ""7"": -345165.0984280288, ""8"": -347711.04778977274}","[36320, 15817, 6789, 3213, 1833, 918, 413, 233]","[36320, 15817]","[2, 3, 4, 5, 6, 7]","[6789, 3213, 1833, 918, 413, 233]",bic,-347711.04778977274,ok
detexture_ade20k_multi,feature_cluster_coarse_global_pooled_predicted_k,validation,485,validation_ADE_val_00000692,detexture_multi_partition_v1,multi_partition_invariant,0.5411695150298502,0.5805450389148786,0.632403127802127,3,8,2,0.0,0.9635254621156661,336941,349696,12755,2,3,True,hungarian_iou_assignment,"[0.6967402156331881, 0.9267683294563626, 0.0]","[{""pred_label"": 0, ""gt_label"": 0, ""iou"": 0.6967402156331881}, {""pred_label"": 1, ""gt_label"": 1, ""iou"": 0.9267683294563626}, {""pred_label"": -1, ""gt_label"": 2, ""iou"": 0.0}]",fpn_2,fpn_2,72x72,1,3,3,24x24,pooled_avg_pool_multi_way,False,False,False,silhouette,0.34132274985313416,"{""2"": 0.34132274985313416, ""3"": 0.2602802813053131, ""4"": 0.2821563184261322, ""5"": 0.2485312819480896, ""6"": 0.28631889820098877, ""7"": 0.2661827504634857, ""8"": 0.23663432896137238}","[233586, 116110]",jpeg_color_clustering_bic,-1,5,12755,0.03647453788433382,8,3,15709,"{""1"": -733107.9707200556, ""2"": -772873.8741910579, ""3"": -1310770.7188892632, ""4"": -2036373.2195459777, ""5"": -2184569.2756097247, ""6"": -2272000.3601781824, ""7"": -2461219.624079558, ""8"": -2482022.784827474}","[165376, 110506, 61059, 5362, 3127, 1737, 1359, 1170]","[165376, 110506, 61059]","[3, 4, 5, 6, 7]","[5362, 3127, 1737, 1359, 1170]",bic,-2482022.784827474,ok
detexture_ade20k_multi,feature_cluster_coarse_global_pooled_predicted_k,validation,486,validation_ADE_val_00000733,detexture_multi_partition_v1,multi_partition_invariant,0.8868997277451176,0.8256402883698081,0.7069558646337211,2,8,2,1.0,0.7121046749665776,272719,382976,110257,2,2,True,hungarian_iou_assignment,"[0.9508822814112899, 0.8229171740789453]","[{""pred_label"": 0, ""gt_label"": 0, ""iou"": 0.9508822814112899}, {""pred_label"": 1, ""gt_label"": 1, ""iou"": 0.8229171740789453}]",fpn_2,fpn_2,72x72,1,3,3,24x24,pooled_avg_pool_multi_way,False,False,False,silhouette,0.3084656000137329,"{""2"": 0.3084656000137329, ""3"": 0.18493063747882843, ""4"": 0.22229713201522827, ""5"": 0.2431773543357849, ""6"": 0.23004940152168274, ""7"": 0.22171227633953094, ""8"": 0.21368320286273956}","[291395, 91581]",jpeg_color_clustering_bic,-1,6,110257,0.28789532503342247,8,2,14494,"{""1"": -891927.6956959185, ""2"": -1053259.5072130742, ""3"": -1158287.4739079988, ""4"": -1203901.492747871, ""5"": -1416291.02615266, ""6"": -2076483.1385210478, ""7"": -2153153.2486008178, ""8"": -2733438.9431678806}","[220394, 52325, 38973, 38887, 19111, 4941, 4293, 4052]","[220394, 52325]","[2, 3, 4, 5, 6, 7]","[38973, 38887, 19111, 4941, 4293, 4052]",bic,-2733438.9431678806,ok
detexture_ade20k_multi,feature_cluster_coarse_global_pooled_predicted_k,validation,487,validation_ADE_val_00000918,detexture_multi_partition_v1,multi_partition_invariant,0.39932102914957324,0.5181050904280088,0.6166230438682402,4,8,6,0.0,0.9616066526354319,336270,349696,13426,6,4,True,hungarian_iou_assignment,"[0.6126601824571368, 0.7287824078592108, 0.5835064395513087, 0.0, 0.4709771450297833, 0.0]","[{""pred_label"": 0, ""gt_label"": 0, ""iou"": 0.6126601824571368}, {""pred_label"": 1, ""gt_label"": 3, ""iou"": 0.7287824078592108}, {""pred_label"": 2, ""gt_label"": 1, ""iou"": 0.5835064395513087}, {""pred_label"": 3, ""gt_label"": -1, ""iou"": 0.0}, {""pred_label"": 4, ""gt_label"": 2, ""iou"": 0.4709771450297833}, {""pred_label"": 5, ""gt_label"": -1, ""iou"": 0.0}]",fpn_2,fpn_2,72x72,1,3,3,24x24,pooled_avg_pool_multi_way,False,False,False,silhouette,0.2794382870197296,"{""2"": 0.22328752279281616, ""3"": 0.22219549119472504, ""4"": 0.2689918279647827, ""5"": 0.26762643456459045, ""6"": 0.2794382870197296, ""7"": 0.26415368914604187, ""8"": 0.25435519218444824}","[78450, 64133, 62095, 48699, 48378, 47941]",jpeg_color_clustering_bic,-1,4,13426,0.038393347364568085,8,4,11406,"{""1"": -664920.2301858272, ""2"": -700793.8410351607, ""3"": -1246143.155069509, ""4"": -1502855.6137648176, ""5"": -2391382.8142998386, ""6"": -2484125.9791398174, ""7"": -2525153.586427876, ""8"": -2682897.8724510134}","[106133, 92366, 92327, 45444, 5202, 5167, 1974, 1083]","[106133, 92366, 92327, 45444]","[4, 5, 6, 7]","[5202, 5167, 1974, 1083]",bic,-2682897.8724510134,ok
detexture_ade20k_multi,feature_cluster_coarse_global_pooled_predicted_k,validation,488,validation_ADE_val_00000953,detexture_multi_partition_v1,multi_partition_invariant,0.6142759429043982,0.8220272766959703,0.7593215477975035,2,8,3,0.0,0.8803253173828125,57693,65536,7843,3,2,True,hungarian_iou_assignment,"[0.923030140851923, 0.9197976878612717, 0.0]","[{""pred_label"": 0, ""gt_label"": 0, ""iou"": 0.923030140851923}, {""pred_label"": 1, ""gt_label"": 1, ""iou"": 0.9197976878612717}, {""pred_label"": 2, ""gt_label"": -1, ""iou"": 0.0}]",fpn_2,fpn_2,72x72,1,3,3,24x24,pooled_avg_pool_multi_way,False,False,False,silhouette,0.37951231002807617,"{""2"": 0.3399568200111389, ""3"": 0.37951231002807617, ""4"": 0.2895401120185852, ""5"": 0.288875937461853, ""6"": 0.2554003894329071, ""7"": 0.2885080575942993, ""8"": 0.27728402614593506}","[38123, 19253, 8160]",jpeg_color_clustering_bic,-1,6,7843,0.1196746826171875,8,2,4383,"{""1"": -166652.6138518458, ""2"": -175207.65604166006, ""3"": -190210.60614345866, ""4"": -404565.9087379003, ""5"": -457399.2070708782, ""6"": -481404.9581087696, ""7"": -487310.9059219676, ""8"": -495599.91187360627}","[41107, 16586, 5864, 576, 545, 474, 206, 178]","[41107, 16586]","[2, 3, 4, 5, 6, 7]","[5864, 576, 545, 474, 206, 178]",bic,-495599.91187360627,ok
detexture_ade20k_multi,feature_cluster_coarse_global_pooled_predicted_k,validation,489,validation_ADE_val_00000964,detexture_multi_partition_v1,multi_partition_invariant,0.5056966359426144,0.48218979638521586,0.6211296442415645,3,8,2,0.0,0.9305185185185185,62810,67500,4690,2,3,True,hungarian_iou_assignment,"[0.5680434923866664, 0.9490464154411765, 0.0]","[{""pred_label"": 0, ""gt_label"": 0, ""iou"": 0.5680434923866664}, {""pred_label"": 1, ""gt_label"": 2, ""iou"": 0.9490464154411765}, {""pred_label"": -1, ""gt_label"": 1, ""iou"": 0.0}]",fpn_2,fpn_2,72x72,1,3,3,24x24,pooled_avg_pool_multi_way,False,False,False,silhouette,0.3672809600830078,"{""2"": 0.3672809600830078, ""3"": 0.2210974395275116, ""4"": 0.1853148639202118, ""5"": 0.18937785923480988, ""6"": 0.21116410195827484, ""7"": 0.22194832563400269, ""8"": 0.20851761102676392}","[46772, 20728]",jpeg_color_clustering_bic,-1,5,4690,0.06948148148148148,8,3,7486,"{""1"": -176218.44916140352, ""2"": -209707.98118486308, ""3"": -221021.71502028618, ""4"": -263188.4416135814, ""5"": -274798.57084762317, ""6"": -277950.36677727144, ""7"": -279236.1221565841, ""8"": -419418.89752627956}","[26889, 19296, 16625, 1427, 1372, 919, 795, 177]","[26889, 19296, 16625]","[3, 4, 5, 6, 7]","[1427, 1372, 919, 795, 177]",bic,-419418.89752627956,ok
detexture_ade20k_multi,feature_cluster_coarse_global_pooled_predicted_k,validation,490,validation_ADE_val_00000975,detexture_multi_partition_v1,multi_partition_invariant,0.23587578669236187,0.2590253922874199,0.48714848585100856,3,8,8,0.0,0.9021453857421875,59123,65536,6413,8,3,True,hungarian_iou_assignment,"[0.9609921248252006, 0.24701121942247564, 0.6790029492912187, 0.0, 0.0, 0.0, 0.0, 0.0]","[{""pred_label"": 0, ""gt_label"": 1, ""iou"": 0.9609921248252006}, {""pred_label"": 1, ""gt_label"": 0, ""iou"": 0.24701121942247564}, {""pred_label"": 2, ""gt_label"": 2, ""iou"": 0.6790029492912187}, {""pred_label"": 3, ""gt_label"": -1, ""iou"": 0.0}, {""pred_label"": 4, ""gt_label"": -1, ""iou"": 0.0}, {""pred_label"": 5, ""gt_label"": -1, ""iou"": 0.0}, {""pred_label"": 6, ""gt_label"": -1, ""iou"": 0.0}, {""pred_label"": 7, ""gt_label"": -1, ""iou"": 0.0}]",fpn_2,fpn_2,72x72,1,3,3,24x24,pooled_avg_pool_multi_way,False,False,False,silhouette,0.3100953698158264,"{""2"": 0.2748605012893677, ""3"": 0.27897679805755615, ""4"": 0.2804883122444153, ""5"": 0.2788470983505249, ""6"": 0.28396204113960266, ""7"": 0.3070431649684906, ""8"": 0.3100953698158264}","[13970, 10392, 9688, 9549, 9163, 5161, 4932, 2681]",jpeg_color_clustering_bic,-1,5,6413,0.0978546142578125,8,3,5252,"{""1"": -156080.34673982926, ""2"": -169999.27706447715, ""3"": -194442.5582092065, ""4"": -325254.54343641683, ""5"": -428763.2065715164, ""6"": -442564.22365904885, ""7"": -452680.14058978914, ""8"": -463526.6598199177}","[37482, 13489, 8152, 4184, 1040, 598, 301, 290]","[37482, 13489, 8152]","[3, 4, 5, 6, 7]","[4184, 1040, 598, 301, 290]",bic,-463526.6598199177,ok
detexture_ade20k_multi,feature_cluster_coarse_global_pooled_predicted_k,validation,491,validation_ADE_val_00000980,detexture_multi_partition_v1,multi_partition_invariant,0.5193030952898484,0.7521409976255385,0.7925437963683519,3,8,2,0.0,0.978240966796875,64110,65536,1426,2,3,True,hungarian_iou_assignment,"[0.9973915473713629, 0.5605177384981823, 0.0]","[{""pred_label"": 0, ""gt_label"": 0, ""iou"": 0.9973915473713629}, {""pred_label"": 1, ""gt_label"": 1, ""iou"": 0.5605177384981823}, {""pred_label"": -1, ""gt_label"": 2, ""iou"": 0.0}]",fpn_2,fpn_2,72x72,1,3,3,24x24,pooled_avg_pool_multi_way,False,False,False,silhouette,0.3878036141395569,"{""2"": 0.3878036141395569, ""3"": 0.31321588158607483, ""4"": 0.30833518505096436, ""5"": 0.31350013613700867, ""6"": 0.2922850549221039, ""7"": 0.2859915494918823, ""8"": 0.3076726496219635}","[32889, 32647]",jpeg_color_clustering_bic,-1,5,1426,0.021759033203125,8,3,1531,"{""1"": -109946.10081516864, ""2"": -112095.9895169208, ""3"": -260055.35497108742, ""4"": -460675.6525543213, ""5"": -474990.0774658054, ""6"": -487792.4020199968, ""7"": -491913.3866028862, ""8"": -526078.4005389236}","[32120, 17885, 14105, 454, 405, 361, 113, 93]","[32120, 17885, 14105]","[3, 4, 5, 6, 7]","[454, 405, 361, 113, 93]",bic,-526078.4005389236,ok
detexture_ade20k_multi,feature_cluster_coarse_global_pooled_predicted_k,validation,492,validation_ADE_val_00000986,detexture_multi_partition_v1,multi_partition_invariant,0.5110984577517217,0.671598916955899,0.6764592173082621,4,8,6,0.0,0.9566436781609196,41614,43500,1886,6,4,True,hungarian_iou_assignment,"[0.8150598170302604, 0.7361865942028986, 0.6190182154986107, 0.8963261197785607, 0.0, 0.0]","[{""pred_label"": 0, ""gt_label"": 0, ""iou"": 0.8150598170302604}, {""pred_label"": 1, ""gt_label"": 1, ""iou"": 0.7361865942028986}, {""pred_label"": 2, ""gt_label"": 2, ""iou"": 0.6190182154986107}, {""pred_label"": 3, ""gt_label"": 3, ""iou"": 0.8963261197785607}, {""pred_label"": 4, ""gt_label"": -1, ""iou"": 0.0}, {""pred_label"": 5, ""gt_label"": -1, ""iou"": 0.0}]",fpn_2,fpn_2,72x72,1,3,3,24x24,pooled_avg_pool_multi_way,False,False,False,silhouette,0.29895272850990295,"{""2"": 0.2568305432796478, ""3"": 0.2319384217262268, ""4"": 0.2912774384021759, ""5"": 0.2451983094215393, ""6"": 0.29895272850990295, ""7"": 0.2939724326133728, ""8"": 0.28911399841308594}","[11942, 9770, 7532, 5920, 4762, 3574]",jpeg_color_clustering_bic,-1,4,1886,0.04335632183908046,8,4,4372,"{""1"": -94699.1111065389, ""2"": -102220.74075788553, ""3"": -133831.7560753771, ""4"": -172247.83530675352, ""5"": -173352.10974939814, ""6"": -297987.07391256007, ""7"": -306872.7925525597, ""8"": -311226.0309553503}","[14103, 13231, 8532, 5748, 885, 373, 336, 292]","[14103, 13231, 8532, 5748]","[4, 5, 6, 7]","[885, 373, 336, 292]",bic,-311226.0309553503,ok
detexture_ade20k_multi,feature_cluster_coarse_global_pooled_predicted_k,validation,493,validation_ADE_val_00000989,detexture_multi_partition_v1,multi_partition_invariant,0.3363285710709909,0.4156642583367621,0.5468309460181832,3,8,6,0.0,0.8817596435546875,57787,65536,7749,6,3,True,hungarian_iou_assignment,"[0.4557593454390607, 0.0, 0.6783555018137848, 0.8838565791731, 0.0, 0.0]","[{""pred_label"": 0, ""gt_label"": 0, ""iou"": 0.4557593454390607}, {""pred_label"": 1, ""gt_label"": -1, ""iou"": 0.0}, {""pred_label"": 2, ""gt_label"": 1, ""iou"": 0.6783555018137848}, {""pred_label"": 3, ""gt_label"": 2, ""iou"": 0.8838565791731}, {""pred_label"": 4, ""gt_label"": -1, ""iou"": 0.0}, {""pred_label"": 5, ""gt_label"": -1, ""iou"": 0.0}]",fpn_2,fpn_2,72x72,1,3,3,24x24,pooled_avg_pool_multi_way,False,False,False,silhouette,0.24819864332675934,"{""2"": 0.17963603138923645, ""3"": 0.19885298609733582, ""4"": 0.20081979036331177, ""5"": 0.2325734794139862, ""6"": 0.24819864332675934, ""7"": 0.23536570370197296, ""8"": 0.22542449831962585}","[18663, 12185, 11641, 10777, 8537, 3733]",jpeg_color_clustering_bic,-1,5,7749,0.1182403564453125,8,3,8084,"{""1"": -124318.66568640276, ""2"": -133734.24163270363, ""3"": -228387.84309399602, ""4"": -299100.27346801007, ""5"": -300408.13808058866, ""6"": -358292.8017282171, ""7"": -403019.3133968024, ""8"": -404614.8346658423}","[29711, 16447, 11629, 3428, 2400, 1474, 344, 103]","[29711, 16447, 11629]","[3, 4, 5, 6, 7]","[3428, 2400, 1474, 344, 103]",bic,-404614.8346658423,ok
detexture_ade20k_multi,feature_cluster_coarse_global_pooled_predicted_k,validation,494,validation_ADE_val_00001112,detexture_multi_partition_v1,multi_partition_invariant,0.48303686128903695,0.5403348183715516,0.46705972120173717,2,8,3,0.0,0.659332275390625,43210,65536,22326,3,2,True,hungarian_iou_assignment,"[0.8440710953375884, 0.6050394885295224, 0.0]","[{""pred_label"": 0, ""gt_label"": 0, ""iou"": 0.8440710953375884}, {""pred_label"": 1, ""gt_label"": 1, ""iou"": 0.6050394885295224}, {""pred_label"": 2, ""gt_label"": -1, ""iou"": 0.0}]",fpn_2,fpn_2,72x72,1,3,3,24x24,pooled_avg_pool_multi_way,False,False,False,silhouette,0.31235581636428833,"{""2"": 0.26792022585868835, ""3"": 0.31235581636428833, ""4"": 0.29093775153160095, ""5"": 0.27858954668045044, ""6"": 0.2157437652349472, ""7"": 0.21944524347782135, ""8"": 0.23177391290664673}","[30088, 19633, 15815]",jpeg_color_clustering_bic,-1,6,22326,0.340667724609375,8,2,8026,"{""1"": -146417.22033048002, ""2"": -198859.2058484874, ""3"": -215531.09272858384, ""4"": -266549.40781960514, ""5"": -310382.5925835331, ""6"": -332102.1152290692, ""7"": -332388.5669042861, ""8"": -395570.6642180381}","[34918, 8292, 7462, 6520, 6074, 1352, 899, 19]","[34918, 8292]","[2, 3, 4, 5, 6, 7]","[7462, 6520, 6074, 1352, 899, 19]",bic,-395570.6642180381,ok
detexture_ade20k_multi,feature_cluster_coarse_global_pooled_predicted_k,validation,495,validation_ADE_val_00001193,detexture_multi_partition_v1,multi_partition_invariant,0.40398211256855615,0.45103173291421683,0.5560250884824924,3,8,5,0.0,0.9332362459546926,144185,154500,10315,5,3,True,hungarian_iou_assignment,"[0.41385474568751796, 0.7226808828410223, 0.8833749343142406, 0.0, 0.0]","[{""pred_label"": 0, ""gt_label"": 0, ""iou"": 0.41385474568751796}, {""pred_label"": 1, ""gt_label"": 1, ""iou"": 0.7226808828410223}, {""pred_label"": 2, ""gt_label"": 2, ""iou"": 0.8833749343142406}, {""pred_label"": 3, ""gt_label"": -1, ""iou"": 0.0}, {""pred_label"": 4, ""gt_label"": -1, ""iou"": 0.0}]",fpn_2,fpn_2,72x72,1,3,3,24x24,pooled_avg_pool_multi_way,False,False,False,silhouette,0.3246649205684662,"{""2"": 0.28975552320480347, ""3"": 0.27580609917640686, ""4"": 0.31082406640052795, ""5"": 0.3246649205684662, ""6"": 0.3033810555934906, ""7"": 0.2933900058269501, ""8"": 0.28498637676239014}","[46054, 36129, 28490, 25895, 17932]",jpeg_color_clustering_bic,-1,5,10315,0.06676375404530745,8,3,13864,"{""1"": -258133.19758548884, ""2"": -373792.5082999223, ""3"": -675138.5335860698, ""4"": -812705.1301766861, ""5"": -863209.2761182191, ""6"": -864558.3258411605, ""7"": -952418.919977012, ""8"": -955985.3165412041}","[66171, 48146, 29868, 6173, 2875, 1019, 211, 37]","[66171, 48146, 29868]","[3, 4, 5, 6, 7]","[6173, 2875, 1019, 211, 37]",bic,-955985.3165412041,ok
detexture_ade20k_multi,feature_cluster_coarse_global_pooled_predicted_k,validation,496,validation_ADE_val_00001261,detexture_multi_partition_v1,multi_partition_invariant,0.38314867084013154,0.2430160241477443,0.35501787996485973,3,8,2,0.0,0.8759918212890625,57409,65536,8127,2,3,True,hungarian_iou_assignment,"[0.6169360665551908, 0.532509945965204, 0.0]","[{""pred_label"": 0, ""gt_label"": 0, ""iou"": 0.6169360665551908}, {""pred_label"": 1, ""gt_label"": 2, ""iou"": 0.532509945965204}, {""pred_label"": -1, ""gt_label"": 1, ""iou"": 0.0}]",fpn_2,fpn_2,72x72,1,3,3,24x24,pooled_avg_pool_multi_way,False,False,False,silhouette,0.3647409677505493,"{""2"": 0.3647409677505493, ""3"": 0.34530434012413025, ""4"": 0.2334672063589096, ""5"": 0.2519516348838806, ""6"": 0.2538337707519531, ""7"": 0.24726036190986633, ""8"": 0.23595677316188812}","[42589, 22947]",jpeg_color_clustering_bic,-1,5,8127,0.1240081787109375,8,3,6615,"{""1"": -128896.27579141808, ""2"": -150451.32159456678, ""3"": -257343.01674271416, ""4"": -318155.4171802405, ""5"": -322001.48739666346, ""6"": -380596.2996242189, ""7"": -422649.6654654269, ""8"": -436597.59952920314}","[37706, 10683, 9020, 2786, 2131, 1452, 1431, 327]","[37706, 10683, 9020]","[3, 4, 5, 6, 7]","[2786, 2131, 1452, 1431, 327]",bic,-436597.59952920314,ok
detexture_ade20k_multi,feature_cluster_coarse_global_pooled_predicted_k,validation,497,validation_ADE_val_00001288,detexture_multi_partition_v1,multi_partition_invariant,0.37188878729672165,0.2705746307525536,0.2709052074634256,3,8,2,0.0,0.8413848876953125,55141,65536,10395,2,3,True,hungarian_iou_assignment,"[0.6533301389554385, 0.46233622293472665, 0.0]","[{""pred_label"": 0, ""gt_label"": 0, ""iou"": 0.6533301389554385}, {""pred_label"": 1, ""gt_label"": 1, ""iou"": 0.46233622293472665}, {""pred_label"": -1, ""gt_label"": 2, ""iou"": 0.0}]",fpn_2,fpn_2,72x72,1,3,3,24x24,pooled_avg_pool_multi_way,False,False,False,silhouette,0.2370750606060028,"{""2"": 0.2370750606060028, ""3"": 0.20515483617782593, ""4"": 0.21706373989582062, ""5"": 0.21118585765361786, ""6"": 0.22677844762802124, ""7"": 0.21128840744495392, ""8"": 0.20786793529987335}","[36657, 28879]",jpeg_color_clustering_bic,-1,5,10395,0.1586151123046875,8,3,13342,"{""1"": -127264.6627325867, ""2"": -134142.94376756603, ""3"": -187232.60400755345, ""4"": -240330.80900650972, ""5"": -250739.49453708582, ""6"": -276929.55856483453, ""7"": -277486.8313286173, ""8"": -281125.77525148826}","[32200, 11711, 11230, 4225, 4181, 858, 832, 299]","[32200, 11711, 11230]","[3, 4, 5, 6, 7]","[4225, 4181, 858, 832, 299]",bic,-281125.77525148826,ok
detexture_ade20k_multi,feature_cluster_coarse_global_pooled_predicted_k,validation,498,validation_ADE_val_00001289,detexture_multi_partition_v1,multi_partition_invariant,0.7334890218992132,0.6235281651815429,0.5948829855620105,4,8,4,1.0,0.8592071533203125,56309,65536,9227,4,4,True,hungarian_iou_assignment,"[0.6905277956768789, 0.7498335183129856, 0.6437525508716693, 0.8498422227353191]","[{""pred_label"": 0, ""gt_label"": 2, ""iou"": 0.6905277956768789}, {""pred_label"": 1, ""gt_label"": 0, ""iou"": 0.7498335183129856}, {""pred_label"": 2, ""gt_label"": 1, ""iou"": 0.6437525508716693}, {""pred_label"": 3, ""gt_label"": 3, ""iou"": 0.8498422227353191}]",fpn_2,fpn_2,72x72,1,3,3,24x24,pooled_avg_pool_multi_way,False,False,False,silhouette,0.24734105169773102,"{""2"": 0.2047538161277771, ""3"": 0.21222826838493347, ""4"": 0.24734105169773102, ""5"": 0.22945281863212585, ""6"": 0.1818438321352005, ""7"": 0.20113931596279144, ""8"": 0.19434158504009247}","[19794, 16856, 14759, 14127]",jpeg_color_clustering_bic,-1,4,9227,0.1407928466796875,8,4,10660,"{""1"": -123358.83690041665, ""2"": -160971.8927250441, ""3"": -166130.7877936277, ""4"": -214956.16985910697, ""5"": -281841.25382098026, ""6"": -290124.25351982436, ""7"": -327191.66822846694, ""8"": -356876.35881676775}","[16250, 15008, 13122, 11929, 4417, 2298, 1321, 1191]","[16250, 15008, 13122, 11929]","[4, 5, 6, 7]","[4417, 2298, 1321, 1191]",bic,-356876.35881676775,ok
detexture_ade20k_multi,feature_cluster_coarse_global_pooled_predicted_k,validation,499,validation_ADE_val_00001326,detexture_multi_partition_v1,multi_partition_invariant,0.2701940866838513,0.4458767500352056,0.5792112481959935,3,8,7,0.0,0.8023916083916084,57371,71500,14129,7,3,True,hungarian_iou_assignment,"[0.4901341314710121, 0.0, 0.7634843818741751, 0.0, 0.637740093441772, 0.0, 0.0]","[{""pred_label"": 0, ""gt_label"": 0, ""iou"": 0.4901341314710121}, {""pred_label"": 1, ""gt_label"": -1, ""iou"": 0.0}, {""pred_label"": 2, ""gt_label"": 2, ""iou"": 0.7634843818741751}, {""pred_label"": 3, ""gt_label"": -1, ""iou"": 0.0}, {""pred_label"": 4, ""gt_label"": 1, ""iou"": 0.637740093441772}, {""pred_label"": 5, ""gt_label"": -1, ""iou"": 0.0}, {""pred_label"": 6, ""gt_label"": -1, ""iou"": 0.0}]",fpn_2,fpn_2,72x72,1,3,3,24x24,pooled_avg_pool_multi_way,False,False,False,silhouette,0.3133185803890228,"{""2"": 0.2521657347679138, ""3"": 0.2883259356021881, ""4"": 0.2919219136238098, ""5"": 0.30312594771385193, ""6"": 0.3068894147872925, ""7"": 0.3133185803890228, ""8"": 0.305306613445282}","[18098, 15709, 10368, 7855, 7803, 6758, 4909]",jpeg_color_clustering_bic,-1,5,14129,0.1976083916083916,8,3,6292,"{""1"": -165277.25833008756, ""2"": -171626.99617925056, ""3"": -236645.1872306965, ""4"": -296962.59698167106, ""5"": -375376.1401969519, ""6"": -378701.4869141974, ""7"": -465738.2215438815, ""8"": -467939.56981313287}","[35964, 11293, 10114, 6757, 6097, 690, 399, 186]","[35964, 11293, 10114]","[3, 4, 5, 6, 7]","[6757, 6097, 690, 399, 186]",bic,-467939.56981313287,ok
detexture_ade20k_multi,feature_cluster_coarse_global_pooled_predicted_k,validation,500,validation_ADE_val_00001354,detexture_multi_partition_v1,multi_partition_invariant,0.8843948632141044,0.8418663434066342,0.7937254617125183,3,8,3,1.0,0.9079759414225942,69442,76480,7038,3,3,True,hungarian_iou_assignment,"[0.9309441275213582, 0.8209729047382895, 0.9012675573826653]","[{""pred_label"": 0, ""gt_label"": 0, ""iou"": 0.9309441275213582}, {""pred_label"": 1, ""gt_label"": 1, ""iou"": 0.8209729047382895}, {""pred_label"": 2, ""gt_label"": 2, ""iou"": 0.9012675573826653}]",fpn_2,fpn_2,72x72,1,3,3,24x24,pooled_avg_pool_multi_way,False,False,False,silhouette,0.23223955929279327,"{""2"": 0.23210644721984863, ""3"": 0.23223955929279327, ""4"": 0.19358721375465393, ""5"": 0.18604259192943573, ""6"": 0.19448572397232056, ""7"": 0.203414648771286, ""8"": 0.19736348092556}","[38420, 24374, 13686]",jpeg_color_clustering_bic,-1,5,7038,0.09202405857740585,8,3,5921,"{""1"": -145253.63842664854, ""2"": -164424.71051626376, ""3"": -277447.5143907821, ""4"": -429639.44233287673, ""5"": -435539.08787908946, ""6"": -533206.2196510099, ""7"": -535608.0060911423, ""8"": -552563.7584189856}","[36437, 18589, 14416, 2752, 2412, 1425, 327, 122]","[36437, 18589, 14416]","[3, 4, 5, 6, 7]","[2752, 2412, 1425, 327, 122]",bic,-552563.7584189856,ok
detexture_ade20k_multi,feature_cluster_coarse_global_pooled_predicted_k,validation,501,validation_ADE_val_00001365,detexture_multi_partition_v1,multi_partition_invariant,0.3716106688372054,0.5680697821827041,0.5863965614263422,2,8,4,0.0,0.8269805908203125,54197,65536,11339,4,2,True,hungarian_iou_assignment,"[0.9064735872499036, 0.5799690880989181, 0.0, 0.0]","[{""pred_label"": 0, ""gt_label"": 1, ""iou"": 0.9064735872499036}, {""pred_label"": 1, ""gt_label"": 0, ""iou"": 0.5799690880989181}, {""pred_label"": 2, ""gt_label"": -1, ""iou"": 0.0}, {""pred_label"": 3, ""gt_label"": -1, ""iou"": 0.0}]",fpn_2,fpn_2,72x72,1,3,3,24x24,pooled_avg_pool_multi_way,False,False,False,silhouette,0.36285290122032166,"{""2"": 0.2876860201358795, ""3"": 0.3176873028278351, ""4"": 0.36285290122032166, ""5"": 0.3318224549293518, ""6"": 0.24679654836654663, ""7"": 0.23158656060695648, ""8"": 0.23365360498428345}","[22770, 22019, 14379, 6368]",jpeg_color_clustering_bic,-1,6,11339,0.1730194091796875,8,2,7402,"{""1"": -165121.4810583062, ""2"": -195360.80745407665, ""3"": -206566.2585103571, ""4"": -373299.7968140246, ""5"": -383923.8413302027, ""6"": -389186.09933312173, ""7"": -403389.3065222168, ""8"": -459250.4191580976}","[30919, 23278, 6046, 1598, 1435, 957, 828, 475]","[30919, 23278]","[2, 3, 4, 5, 6, 7]","[6046, 1598, 1435, 957, 828, 475]",bic,-459250.4191580976,ok
detexture_ade20k_multi,feature_cluster_coarse_global_pooled_predicted_k,validation,502,validation_ADE_val_00001388,detexture_multi_partition_v1,multi_partition_invariant,0.8793784271734508,0.8814180969916797,0.8319813474781945,3,8,3,1.0,0.9791590409956076,342408,349696,7288,3,3,True,hungarian_iou_assignment,"[0.9402375058507892, 0.9636593527571586, 0.7342384229124047]","[{""pred_label"": 0, ""gt_label"": 0, ""iou"": 0.9402375058507892}, {""pred_label"": 1, ""gt_label"": 1, ""iou"": 0.9636593527571586}, {""pred_label"": 2, ""gt_label"": 2, ""iou"": 0.7342384229124047}]",fpn_2,fpn_2,72x72,1,3,3,24x24,pooled_avg_pool_multi_way,False,False,False,silhouette,0.3191263973712921,"{""2"": 0.3030328154563904, ""3"": 0.3191263973712921, ""4"": 0.23527193069458008, ""5"": 0.24124448001384735, ""6"": 0.24242258071899414, ""7"": 0.2312818169593811, ""8"": 0.19104531407356262}","[197140, 90039, 62517]",jpeg_color_clustering_bic,-1,5,7288,0.020840959004392385,8,3,9023,"{""1"": -670474.9082987643, ""2"": -687137.6269728858, ""3"": -769608.4855714339, ""4"": -2410098.96165727, ""5"": -2470207.7330335523, ""6"": -2605259.74423164, ""7"": -2635495.438429379, ""8"": -2765270.731930056}","[206975, 91168, 44265, 2814, 1653, 1619, 980, 222]","[206975, 91168, 44265]","[3, 4, 5, 6, 7]","[2814, 1653, 1619, 980, 222]",bic,-2765270.731930056,ok
detexture_ade20k_multi,feature_cluster_coarse_global_pooled_predicted_k,validation,503,validation_ADE_val_00001419,detexture_multi_partition_v1,multi_partition_invariant,0.5467395539054489,0.677634473747161,0.7104446367490087,2,8,3,0.0,0.82684326171875,54188,65536,11348,3,2,True,hungarian_iou_assignment,"[0.9622399726624237, 0.6779786890539231, 0.0]","[{""pred_label"": 0, ""gt_label"": 1, ""iou"": 0.9622399726624237}, {""pred_label"": 1, ""gt_label"": 0, ""iou"": 0.6779786890539231}, {""pred_label"": 2, ""gt_label"": -1, ""iou"": 0.0}]",fpn_2,fpn_2,72x72,1,3,3,24x24,pooled_avg_pool_multi_way,False,False,False,silhouette,0.35247868299484253,"{""2"": 0.35166990756988525, ""3"": 0.35247868299484253, ""4"": 0.3223670423030853, ""5"": 0.32053717970848083, ""6"": 0.31015661358833313, ""7"": 0.3051646649837494, ""8"": 0.3055271804332733}","[23296, 22090, 20150]",jpeg_color_clustering_bic,-1,6,11348,0.17315673828125,8,2,8255,"{""1"": -154502.34748858088, ""2"": -204299.38331896547, ""3"": -222875.3844131714, ""4"": -312084.2273148176, ""5"": -338264.35802721855, ""6"": -360051.1317439073, ""7"": -366232.4663018567, ""8"": -381699.33513037727}","[30970, 23218, 5255, 3195, 953, 897, 854, 194]","[30970, 23218]","[2, 3, 4, 5, 6, 7]","[5255, 3195, 953, 897, 854, 194]",bic,-381699.33513037727,ok
detexture_ade20k_multi,feature_cluster_coarse_global_pooled_predicted_k,validation,504,validation_ADE_val_00001445,detexture_multi_partition_v1,multi_partition_invariant,0.6637702202157064,0.7125280942692288,0.7436713629069737,4,8,5,0.0,0.9750869533518319,227362,233171,5809,5,4,True,hungarian_iou_assignment,"[0.7313440624543386, 0.8505723574570391, 0.7698632112892757, 0.9670714698778787, 0.0]","[{""pred_label"": 0, ""gt_label"": 0, ""iou"": 0.7313440624543386}, {""pred_label"": 1, ""gt_label"": 1, ""iou"": 0.8505723574570391}, {""pred_label"": 2, ""gt_label"": 2, ""iou"": 0.7698632112892757}, {""pred_label"": 3, ""gt_label"": 3, ""iou"": 0.9670714698778787}, {""pred_label"": 4, ""gt_label"": -1, ""iou"": 0.0}]",fpn_2,fpn_2,72x72,1,3,3,24x24,pooled_avg_pool_multi_way,False,False,False,silhouette,0.3574116826057434,"{""2"": 0.3102574944496155, ""3"": 0.28864148259162903, ""4"": 0.3449026644229889, ""5"": 0.3574116826057434, ""6"": 0.3520020842552185, ""7"": 0.3348703384399414, ""8"": 0.29345178604125977}","[76046, 63705, 39096, 29628, 24696]",jpeg_color_clustering_bic,-1,4,5809,0.024913046648168083,8,4,7432,"{""1"": -538942.43140682, ""2"": -572568.5698897155, ""3"": -766976.1949873351, ""4"": -1085158.1396050095, ""5"": -1086166.8685531463, ""6"": -1101157.100589198, ""7"": -1785561.0295955844, ""8"": -1793200.4623044683}","[90721, 73002, 34887, 28752, 3343, 1703, 670, 93]","[90721, 73002, 34887, 28752]","[4, 5, 6, 7]","[3343, 1703, 670, 93]",bic,-1793200.4623044683,ok
detexture_ade20k_multi,feature_cluster_coarse_global_pooled_predicted_k,validation,505,validation_ADE_val_00001490,detexture_multi_partition_v1,multi_partition_invariant,0.28476264487651215,0.34583180795802376,0.5190060853192461,4,8,8,0.0,0.9672744326500732,338252,349696,11444,8,4,True,hungarian_iou_assignment,"[0.4519040123712479, 0.0, 0.0, 0.7071225932081047, 0.7602923598455901, 0.0, 0.3587821935871543, 0.0]","[{""pred_label"": 0, ""gt_label"": 0, ""iou"": 0.4519040123712479}, {""pred_label"": 1, ""gt_label"": -1, ""iou"": 0.0}, {""pred_label"": 2, ""gt_label"": -1, ""iou"": 0.0}, {""pred_label"": 3, ""gt_label"": 1, ""iou"": 0.7071225932081047}, {""pred_label"": 4, ""gt_label"": 2, ""iou"": 0.7602923598455901}, {""pred_label"": 5, ""gt_label"": -1, ""iou"": 0.0}, {""pred_label"": 6, ""gt_label"": 3, ""iou"": 0.3587821935871543}, {""pred_label"": 7, ""gt_label"": -1, ""iou"": 0.0}]",fpn_2,fpn_2,72x72,1,3,3,24x24,pooled_avg_pool_multi_way,False,False,False,silhouette,0.26991355419158936,"{""2"": 0.2463105469942093, ""3"": 0.24175599217414856, ""4"": 0.24084120988845825, ""5"": 0.2566722631454468, ""6"": 0.26915276050567627, ""7"": 0.2503052353858948, ""8"": 0.26991355419158936}","[82098, 44599, 43563, 43102, 40545, 38172, 34842, 22775]",jpeg_color_clustering_bic,-1,4,11444,0.03272556734992679,8,4,19929,"{""1"": -803762.0805233706, ""2"": -1035071.639536146, ""3"": -1147158.566834757, ""4"": -1103679.5348523853, ""5"": -1333783.3051216856, ""6"": -1432189.7193657986, ""7"": -1456851.5614716501, ""8"": -1468368.2397499098}","[180998, 58832, 49709, 48713, 5789, 3650, 1294, 711]","[180998, 58832, 49709, 48713]","[4, 5, 6, 7]","[5789, 3650, 1294, 711]",bic,-1468368.2397499098,ok
detexture_ade20k_multi,feature_cluster_coarse_global_pooled_predicted_k,validation,506,validation_ADE_val_00001543,detexture_multi_partition_v1,multi_partition_invariant,0.5950426785985347,0.858489927996844,0.8072032465260296,3,8,4,0.0,0.801808,50113,62500,12387,4,3,True,hungarian_iou_assignment,"[0.9400741557270268, 0.9573268064275833, 0.0, 0.48276975223952867]","[{""pred_label"": 0, ""gt_label"": 0, ""iou"": 0.9400741557270268}, {""pred_label"": 1, ""gt_label"": 1, ""iou"": 0.9573268064275833}, {""pred_label"": 2, ""gt_label"": -1, ""iou"": 0.0}, {""pred_label"": 3, ""gt_label"": 2, ""iou"": 0.48276975223952867}]",fpn_2,fpn_2,72x72,1,3,3,24x24,pooled_avg_pool_multi_way,False,False,False,silhouette,0.309378981590271,"{""2"": 0.27413004636764526, ""3"": 0.3003333806991577, ""4"": 0.309378981590271, ""5"": 0.2566078007221222, ""6"": 0.2587970197200775, ""7"": 0.23432199656963348, ""8"": 0.24472546577453613}","[19493, 18975, 12334, 11698]",jpeg_color_clustering_bic,-1,5,12387,0.198192,8,3,5708,"{""1"": -130426.44797222779, ""2"": -164468.56835807854, ""3"": -258724.42988220032, ""4"": -274639.5935667468, ""5"": -310497.2568644041, ""6"": -414971.8496820508, ""7"": -436086.0859957211, ""8"": -442203.5042475862}","[19675, 18353, 12085, 5849, 5187, 553, 507, 291]","[19675, 18353, 12085]","[3, 4, 5, 6, 7]","[5849, 5187, 553, 507, 291]",bic,-442203.5042475862,ok
detexture_ade20k_multi,feature_cluster_coarse_global_pooled_predicted_k,validation,507,validation_ADE_val_00001552,detexture_multi_partition_v1,multi_partition_invariant,0.7082564246008176,0.7968378626940562,0.8084563695271655,4,8,5,0.0,0.91094970703125,59700,65536,5836,5,4,True,hungarian_iou_assignment,"[0.7986640439308254, 0.9306461580718258, 0.8672593737920371, 0.9447125472093999, 0.0]","[{""pred_label"": 0, ""gt_label"": 0, ""iou"": 0.7986640439308254}, {""pred_label"": 1, ""gt_label"": 1, ""iou"": 0.9306461580718258}, {""pred_label"": 2, ""gt_label"": 2, ""iou"": 0.8672593737920371}, {""pred_label"": 3, ""gt_label"": 3, ""iou"": 0.9447125472093999}, {""pred_label"": 4, ""gt_label"": -1, ""iou"": 0.0}]",fpn_2,fpn_2,72x72,1,3,3,24x24,pooled_avg_pool_multi_way,False,False,False,silhouette,0.29774120450019836,"{""2"": 0.24928563833236694, ""3"": 0.2365807741880417, ""4"": 0.284512460231781, ""5"": 0.29774120450019836, ""6"": 0.2904127538204193, ""7"": 0.284725546836853, ""8"": 0.287209153175354}","[20642, 16014, 12947, 10152, 5781]",jpeg_color_clustering_bic,-1,4,5836,0.08905029296875,8,4,7947,"{""1"": -127736.75746445202, ""2"": -137388.38604847676, ""3"": -209786.73171056822, ""4"": -241680.75522465847, ""5"": -242532.22686491822, ""6"": -362099.6036344525, ""7"": -411046.0244139524, ""8"": -440105.54814298137}","[24311, 14297, 11908, 9184, 2237, 1577, 1540, 482]","[24311, 14297, 11908, 9184]","[4, 5, 6, 7]","[2237, 1577, 1540, 482]",bic,-440105.54814298137,ok
detexture_ade20k_multi,feature_cluster_coarse_global_pooled_predicted_k,validation,508,validation_ADE_val_00001553,detexture_multi_partition_v1,multi_partition_invariant,0.5806662534612463,0.23110706594852282,0.34353999061843843,2,8,2,1.0,0.8069305419921875,52883,65536,12653,2,2,True,hungarian_iou_assignment,"[0.6379205539551233, 0.5234119529673694]","[{""pred_label"": 0, ""gt_label"": 0, ""iou"": 0.6379205539551233}, {""pred_label"": 1, ""gt_label"": 1, ""iou"": 0.5234119529673694}]",fpn_2,fpn_2,72x72,1,3,3,24x24,pooled_avg_pool_multi_way,False,False,False,silhouette,0.31567519903182983,"{""2"": 0.31567519903182983, ""3"": 0.25294578075408936, ""4"": 0.29065045714378357, ""5"": 0.2640599012374878, ""6"": 0.2512986958026886, ""7"": 0.21167819201946259, ""8"": 0.20685608685016632}","[35082, 30454]",jpeg_color_clustering_bic,-1,6,12653,0.1930694580078125,8,2,4875,"{""1"": -129810.55878119399, ""2"": -135363.41989209258, ""3"": -249840.58574409227, ""4"": -312941.32102930645, ""5"": -315824.154703834, ""6"": -321821.1774856942, ""7"": -442430.5671567838, ""8"": -457848.8946496264}","[37837, 15046, 5996, 3402, 938, 935, 757, 625]","[37837, 15046]","[2, 3, 4, 5, 6, 7]","[5996, 3402, 938, 935, 757, 625]",bic,-457848.8946496264,ok
detexture_ade20k_multi,feature_cluster_coarse_global_pooled_predicted_k,validation,509,validation_ADE_val_00001604,detexture_multi_partition_v1,multi_partition_invariant,0.3940397902761248,0.37500981887567425,0.3729086570340703,2,8,3,0.0,0.819793701171875,53726,65536,11810,3,2,True,hungarian_iou_assignment,"[0.7756442051064031, 0.40647516572197134, 0.0]","[{""pred_label"": 0, ""gt_label"": 0, ""iou"": 0.7756442051064031}, {""pred_label"": 1, ""gt_label"": 1, ""iou"": 0.40647516572197134}, {""pred_label"": 2, ""gt_label"": -1, ""iou"": 0.0}]",fpn_2,fpn_2,72x72,1,3,3,24x24,pooled_avg_pool_multi_way,False,False,False,silhouette,0.36033895611763,"{""2"": 0.3413185477256775, ""3"": 0.36033895611763, ""4"": 0.35751014947891235, ""5"": 0.3264530897140503, ""6"": 0.3021630346775055, ""7"": 0.3180847465991974, ""8"": 0.23394356667995453}","[43004, 17365, 5167]",jpeg_color_clustering_bic,-1,6,11810,0.180206298828125,8,2,4221,"{""1"": -104460.12219150978, ""2"": -112640.25328266104, ""3"": -272436.58036465925, ""4"": -380711.93663627503, ""5"": -418942.97918825765, ""6"": -437791.3444584794, ""7"": -450919.68654063, ""8"": -464269.6600937967}","[32908, 20818, 7626, 2062, 1143, 396, 296, 287]","[32908, 20818]","[2, 3, 4, 5, 6, 7]","[7626, 2062, 1143, 396, 296, 287]",bic,-464269.6600937967,ok
detexture_ade20k_multi,feature_cluster_coarse_global_pooled_predicted_k,validation,510,validation_ADE_val_00001613,detexture_multi_partition_v1,multi_partition_invariant,0.5889681707523705,0.7736547887211774,0.7647315003004516,3,8,4,0.0,0.9472783406575521,372485,393216,20731,4,3,True,hungarian_iou_assignment,"[0.968870234347674, 0.5848089402609943, 0.8021935084008138, 0.0]","[{""pred_label"": 0, ""gt_label"": 0, ""iou"": 0.968870234347674}, {""pred_label"": 1, ""gt_label"": 1, ""iou"": 0.5848089402609943}, {""pred_label"": 2, ""gt_label"": 2, ""iou"": 0.8021935084008138}, {""pred_label"": 3, ""gt_label"": -1, ""iou"": 0.0}]",fpn_2,fpn_2,72x72,1,3,3,24x24,pooled_avg_pool_multi_way,False,False,False,silhouette,0.29855024814605713,"{""2"": 0.27988937497138977, ""3"": 0.2939493954181671, ""4"": 0.29855024814605713, ""5"": 0.28723838925361633, ""6"": 0.28547096252441406, ""7"": 0.24761658906936646, ""8"": 0.25035715103149414}","[164352, 83072, 78880, 66912]",jpeg_color_clustering_bic,-1,5,20731,0.052721659342447914,8,3,14646,"{""1"": -801185.3899482103, ""2"": -1350100.741358829, ""3"": -1710231.08168642, ""4"": -1578777.6435145186, ""5"": -2250326.479076895, ""6"": -2401157.593611763, ""7"": -2527907.5689223837, ""8"": -2644805.3386808196}","[168670, 140846, 62969, 9635, 3445, 3373, 2172, 2106]","[168670, 140846, 62969]","[3, 4, 5, 6, 7]","[9635, 3445, 3373, 2172, 2106]",bic,-2644805.3386808196,ok
detexture_ade20k_multi,feature_cluster_coarse_global_pooled_predicted_k,validation,511,validation_ADE_val_00001616,detexture_multi_partition_v1,multi_partition_invariant,0.3252997529857009,0.5172450765646439,0.6176907623781119,4,8,2,0.0,0.952911376953125,62450,65536,3086,2,4,True,hungarian_iou_assignment,"[0.6322696093050999, 0.6689294026377036, 0.0, 0.0]","[{""pred_label"": 0, ""gt_label"": 0, ""iou"": 0.6322696093050999}, {""pred_label"": 1, ""gt_label"": 1, ""iou"": 0.6689294026377036}, {""pred_label"": -1, ""gt_label"": 2, ""iou"": 0.0}, {""pred_label"": -1, ""gt_label"": 3, ""iou"": 0.0}]",fpn_2,fpn_2,72x72,1,3,3,24x24,pooled_avg_pool_multi_way,False,False,False,silhouette,0.3177509009838104,"{""2"": 0.3177509009838104, ""3"": 0.26366227865219116, ""4"": 0.2428009808063507, ""5"": 0.2838580012321472, ""6"": 0.2817835807800293, ""7"": 0.28282085061073303, ""8"": 0.26245439052581787}","[37934, 27602]",jpeg_color_clustering_bic,-1,4,3086,0.047088623046875,8,4,5331,"{""1"": -119410.40596917241, ""2"": -129836.44981791028, ""3"": -231987.93954053335, ""4"": -322653.73633347475, ""5"": -450646.6423939022, ""6"": -461107.87986890954, ""7"": -467516.42692528875, ""8"": -486398.9381783194}","[23533, 17245, 13321, 8351, 1539, 575, 544, 428]","[23533, 17245, 13321, 8351]","[4, 5, 6, 7]","[1539, 575, 544, 428]",bic,-486398.9381783194,ok
detexture_ade20k_multi,feature_cluster_coarse_global_pooled_predicted_k,validation,512,validation_ADE_val_00001623,detexture_multi_partition_v1,multi_partition_invariant,0.37673783824980994,0.7031274941286738,0.7203599403958435,3,8,6,0.0,0.81781005859375,53596,65536,11940,6,3,True,hungarian_iou_assignment,"[0.7387131560028757, 0.9708045845925757, 0.0, 0.0, 0.5509092889034085, 0.0]","[{""pred_label"": 0, ""gt_label"": 0, ""iou"": 0.7387131560028757}, {""pred_label"": 1, ""gt_label"": 1, ""iou"": 0.9708045845925757}, {""pred_label"": 2, ""gt_label"": -1, ""iou"": 0.0}, {""pred_label"": 3, ""gt_label"": -1, ""iou"": 0.0}, {""pred_label"": 4, ""gt_label"": 2, ""iou"": 0.5509092889034085}, {""pred_label"": 5, ""gt_label"": -1, ""iou"": 0.0}]",fpn_2,fpn_2,72x72,1,3,3,24x24,pooled_avg_pool_multi_way,False,False,False,silhouette,0.3229774236679077,"{""2"": 0.29244619607925415, ""3"": 0.24497058987617493, ""4"": 0.31982675194740295, ""5"": 0.3178391456604004, ""6"": 0.3229774236679077, ""7"": 0.2786341905593872, ""8"": 0.24366214871406555}","[21540, 17845, 8543, 7588, 6286, 3734]",jpeg_color_clustering_bic,-1,5,11940,0.18218994140625,8,3,8131,"{""1"": -120139.05873332133, ""2"": -130130.87084528117, ""3"": -222955.31025951152, ""4"": -296183.30826645764, ""5"": -379751.7921839519, ""6"": -403678.4526448709, ""7"": -423715.8398992319, ""8"": -437332.5708342755}","[27602, 17536, 8458, 6966, 2018, 1720, 659, 577]","[27602, 17536, 8458]","[3, 4, 5, 6, 7]","[6966, 2018, 1720, 659, 577]",bic,-437332.5708342755,ok
detexture_ade20k_multi,feature_cluster_coarse_global_pooled_predicted_k,validation,513,validation_ADE_val_00001627,detexture_multi_partition_v1,multi_partition_invariant,0.8304717503003213,0.7127512842102115,0.5765094649192396,2,8,2,1.0,0.8536834716796875,55947,65536,9589,2,2,True,hungarian_iou_assignment,"[0.9038836755551426, 0.7570598250455]","[{""pred_label"": 0, ""gt_label"": 0, ""iou"": 0.9038836755551426}, {""pred_label"": 1, ""gt_label"": 1, ""iou"": 0.7570598250455}]",fpn_2,fpn_2,72x72,1,3,3,24x24,pooled_avg_pool_multi_way,False,False,False,silhouette,0.26261845231056213,"{""2"": 0.26261845231056213, ""3"": 0.19163811206817627, ""4"": 0.18744860589504242, ""5"": 0.1894499659538269, ""6"": 0.1931542605161667, ""7"": 0.19761855900287628, ""8"": 0.18119454383850098}","[40793, 24743]",jpeg_color_clustering_bic,-1,6,9589,0.1463165283203125,8,2,5328,"{""1"": -118144.24730883366, ""2"": -132815.80534582448, ""3"": -305212.2243212093, ""4"": -307212.3780031311, ""5"": -446489.57601693826, ""6"": -467784.2861602233, ""7"": -479542.7181422703, ""8"": -495827.9224993534}","[41992, 13955, 4896, 2484, 748, 589, 563, 309]","[41992, 13955]","[2, 3, 4, 5, 6, 7]","[4896, 2484, 748, 589, 563, 309]",bic,-495827.9224993534,ok
detexture_ade20k_multi,feature_cluster_coarse_global_pooled_predicted_k,validation,514,validation_ADE_val_00001682,detexture_multi_partition_v1,multi_partition_invariant,0.3561826010007409,0.4515020480636668,0.5924012668476707,4,8,7,0.0,0.8339661016949153,49204,59000,9796,7,4,True,hungarian_iou_assignment,"[0.48673778589514755, 0.8524943644026267, 0.0, 0.802674852006139, 0.0, 0.0, 0.35137120470127325]","[{""pred_label"": 0, ""gt_label"": 0, ""iou"": 0.48673778589514755}, {""pred_label"": 1, ""gt_label"": 1, ""iou"": 0.8524943644026267}, {""pred_label"": 2, ""gt_label"": -1, ""iou"": 0.0}, {""pred_label"": 3, ""gt_label"": 2, ""iou"": 0.802674852006139}, {""pred_label"": 4, ""gt_label"": -1, ""iou"": 0.0}, {""pred_label"": 5, ""gt_label"": -1, ""iou"": 0.0}, {""pred_label"": 6, ""gt_label"": 3, ""iou"": 0.35137120470127325}]",fpn_2,fpn_2,72x72,1,3,3,24x24,pooled_avg_pool_multi_way,False,False,False,silhouette,0.26262104511260986,"{""2"": 0.2567470371723175, ""3"": 0.23622608184814453, ""4"": 0.23089228570461273, ""5"": 0.24459844827651978, ""6"": 0.25393614172935486, ""7"": 0.26262104511260986, ""8"": 0.25338852405548096}","[11931, 10348, 8383, 8142, 7434, 7458, 5304]",jpeg_color_clustering_bic,-1,4,9796,0.16603389830508475,8,4,8125,"{""1"": -112840.13088282837, ""2"": -125323.29582866246, ""3"": -172620.44997592442, ""4"": -168585.54035311702, ""5"": -224071.63019591206, ""6"": -247333.13708359006, ""7"": -260289.1881256196, ""8"": -260607.90356121358}","[24091, 8911, 8549, 7653, 4959, 2875, 1925, 37]","[24091, 8911, 8549, 7653]","[4, 5, 6, 7]","[4959, 2875, 1925, 37]",bic,-260607.90356121358,ok
detexture_ade20k_multi,feature_cluster_coarse_global_pooled_predicted_k,validation,515,validation_ADE_val_00001686,detexture_multi_partition_v1,multi_partition_invariant,0.29164015500728874,0.10681895360607552,0.18606813381459802,3,8,2,0.0,0.8665553745928338,212826,245600,32774,2,3,True,hungarian_iou_assignment,"[0.4308902664945105, 0.44403019852735576, 0.0]","[{""pred_label"": 0, ""gt_label"": 1, ""iou"": 0.4308902664945105}, {""pred_label"": 1, ""gt_label"": 0, ""iou"": 0.44403019852735576}, {""pred_label"": -1, ""gt_label"": 2, ""iou"": 0.0}]",fpn_2,fpn_2,72x72,1,3,3,24x24,pooled_avg_pool_multi_way,False,False,False,silhouette,0.28971344232559204,"{""2"": 0.28971344232559204, ""3"": 0.25228118896484375, ""4"": 0.24634382128715515, ""5"": 0.23816268146038055, ""6"": 0.2374873161315918, ""7"": 0.255673348903656, ""8"": 0.23838792741298676}","[142195, 103405]",jpeg_color_clustering_bic,-1,5,32774,0.13344462540716612,8,3,13279,"{""1"": -608303.7632031078, ""2"": -763304.2034303689, ""3"": -710065.5436818901, ""4"": -837563.9149526331, ""5"": -950788.35577629, ""6"": -1001911.7555899554, ""7"": -1052078.3962068849, ""8"": -1054392.3346363297}","[127430, 55068, 30328, 14576, 13014, 2217, 1616, 1351]","[127430, 55068, 30328]","[3, 4, 5, 6, 7]","[14576, 13014, 2217, 1616, 1351]",bic,-1054392.3346363297,ok
detexture_ade20k_multi,feature_cluster_coarse_global_pooled_predicted_k,validation,516,validation_ADE_val_00001899,detexture_multi_partition_v1,multi_partition_invariant,0.7406323989066244,0.6673163585181334,0.6446881165366637,3,8,3,1.0,0.78350830078125,51348,65536,14188,3,3,True,hungarian_iou_assignment,"[0.9381318628162337, 0.6136594663278272, 0.6701058675758119]","[{""pred_label"": 0, ""gt_label"": 1, ""iou"": 0.9381318628162337}, {""pred_label"": 1, ""gt_label"": 2, ""iou"": 0.6136594663278272}, {""pred_label"": 2, ""gt_label"": 0, ""iou"": 0.6701058675758119}]",fpn_2,fpn_2,72x72,1,3,3,24x24,pooled_avg_pool_multi_way,False,False,False,silhouette,0.339749813079834,"{""2"": 0.3316415846347809, ""3"": 0.339749813079834, ""4"": 0.31188228726387024, ""5"": 0.3196631968021393, ""6"": 0.3319447338581085, ""7"": 0.3229798674583435, ""8"": 0.3325616121292114}","[22016, 21760, 21760]",jpeg_color_clustering_bic,-1,5,14188,0.21649169921875,8,3,9499,"{""1"": -127640.33512749316, ""2"": -138759.3963832771, ""3"": -213254.5192308731, ""4"": -264659.77454880445, ""5"": -313929.18497580837, ""6"": -311902.8840320931, ""7"": -324460.31934171176, ""8"": -370911.7773940235}","[20298, 19394, 11656, 7555, 2874, 2128, 957, 674]","[20298, 19394, 11656]","[3, 4, 5, 6, 7]","[7555, 2874, 2128, 957, 674]",bic,-370911.7773940235,ok
detexture_ade20k_multi,feature_cluster_coarse_global_pooled_predicted_k,validation,517,validation_ADE_val_00001900,detexture_multi_partition_v1,multi_partition_invariant,0.9990413625586061,0.99813693825044,0.994065412346031,2,8,2,1.0,0.7537994384765625,49401,65536,16135,2,2,True,hungarian_iou_assignment,"[0.9992049500501227, 0.9988777750670895]","[{""pred_label"": 0, ""gt_label"": 0, ""iou"": 0.9992049500501227}, {""pred_label"": 1, ""gt_label"": 1, ""iou"": 0.9988777750670895}]",fpn_2,fpn_2,72x72,1,3,3,24x24,pooled_avg_pool_multi_way,False,False,False,silhouette,0.38904252648353577,"{""2"": 0.38904252648353577, ""3"": 0.3577432632446289, ""4"": 0.3377946615219116, ""5"": 0.29582643508911133, ""6"": 0.2911333739757538, ""7"": 0.29731497168540955, ""8"": 0.2976044714450836}","[34528, 31008]",jpeg_color_clustering_bic,-1,6,16135,0.2462005615234375,8,2,7126,"{""1"": -113168.05633639332, ""2"": -118508.10471488304, ""3"": -240872.74403213907, ""4"": -292786.17733247095, ""5"": -327376.06640007935, ""6"": -328783.0346379228, ""7"": -332048.681045719, ""8"": -356079.2910505214}","[28919, 20482, 7579, 5110, 1258, 1048, 682, 458]","[28919, 20482]","[2, 3, 4, 5, 6, 7]","[7579, 5110, 1258, 1048, 682, 458]",bic,-356079.2910505214,ok
detexture_ade20k_multi,feature_cluster_coarse_global_pooled_predicted_k,validation,518,validation_ADE_val_00001917,detexture_multi_partition_v1,multi_partition_invariant,0.3049504442144666,-0.08215686641835186,0.13295591160630893,2,8,2,1.0,0.7483978271484375,49047,65536,16489,2,2,True,hungarian_iou_assignment,"[0.29119834935114297, 0.3187025390777902]","[{""pred_label"": 0, ""gt_label"": 1, ""iou"": 0.29119834935114297}, {""pred_label"": 1, ""gt_label"": 0, ""iou"": 0.3187025390777902}]",fpn_2,fpn_2,72x72,1,3,3,24x24,pooled_avg_pool_multi_way,False,False,False,silhouette,0.22148185968399048,"{""2"": 0.22148185968399048, ""3"": 0.19907458126544952, ""4"": 0.19272947311401367, ""5"": 0.17984183132648468, ""6"": 0.18467682600021362, ""7"": 0.2072845846414566, ""8"": 0.21662463247776031}","[38073, 27463]",jpeg_color_clustering_bic,-1,6,16489,0.2516021728515625,8,2,6605,"{""1"": -142070.72175913356, ""2"": -145616.51029554568, ""3"": -226751.85998208966, ""4"": -292486.18048715004, ""5"": -295566.2234532924, ""6"": -299651.1717448068, ""7"": -299854.08231176005, ""8"": -441356.4824354382}","[38321, 10726, 6577, 4576, 4218, 624, 379, 115]","[38321, 10726]","[2, 3, 4, 5, 6, 7]","[6577, 4576, 4218, 624, 379, 115]",bic,-441356.4824354382,ok
detexture_ade20k_multi,feature_cluster_coarse_global_pooled_predicted_k,validation,519,validation_ADE_val_00001952,detexture_multi_partition_v1,multi_partition_invariant,0.4718942233360361,0.8950446092608701,0.8219600141806519,2,8,4,0.0,0.7883676107247438,275689,349696,74007,4,2,True,hungarian_iou_assignment,"[0.9611479570948989, 0.9264289362492455, 0.0, 0.0]","[{""pred_label"": 0, ""gt_label"": 0, ""iou"": 0.9611479570948989}, {""pred_label"": 1, ""gt_label"": 1, ""iou"": 0.9264289362492455}, {""pred_label"": 2, ""gt_label"": -1, ""iou"": 0.0}, {""pred_label"": 3, ""gt_label"": -1, ""iou"": 0.0}]",fpn_2,fpn_2,72x72,1,3,3,24x24,pooled_avg_pool_multi_way,False,False,False,silhouette,0.39809924364089966,"{""2"": 0.31856706738471985, ""3"": 0.39172598719596863, ""4"": 0.39809924364089966, ""5"": 0.3023962080478668, ""6"": 0.30244675278663635, ""7"": 0.2951330542564392, ""8"": 0.3002367913722992}","[143349, 121268, 47509, 37570]",jpeg_color_clustering_bic,-1,6,74007,0.2116323892752562,8,2,9044,"{""1"": -739203.1577329967, ""2"": -764152.5166123346, ""3"": -1413363.4186533184, ""4"": -1721497.3985086917, ""5"": -1732299.6064241217, ""6"": -2732790.5211249143, ""7"": -2775925.094794339, ""8"": -2828951.7089914544}","[146467, 129222, 34747, 32801, 2803, 1782, 1132, 742]","[146467, 129222]","[2, 3, 4, 5, 6, 7]","[34747, 32801, 2803, 1782, 1132, 742]",bic,-2828951.7089914544,ok
detexture_ade20k_multi,feature_cluster_coarse_global_pooled_predicted_k,validation,520,validation_ADE_val_00001953,detexture_multi_partition_v1,multi_partition_invariant,0.9559185397141624,0.9353092236921169,0.8971291965891922,3,8,3,1.0,0.9435272216796875,61835,65536,3701,3,3,True,hungarian_iou_assignment,"[0.9677363995194783, 0.9670815341630683, 0.9329376854599406]","[{""pred_label"": 0, ""gt_label"": 0, ""iou"": 0.9677363995194783}, {""pred_label"": 1, ""gt_label"": 2, ""iou"": 0.9670815341630683}, {""pred_label"": 2, ""gt_label"": 1, ""iou"": 0.9329376854599406}]",fpn_2,fpn_2,72x72,1,3,3,24x24,pooled_avg_pool_multi_way,False,False,False,silhouette,0.3179663419723511,"{""2"": 0.28597164154052734, ""3"": 0.3179663419723511, ""4"": 0.31038030982017517, ""5"": 0.31595900654792786, ""6"": 0.30407291650772095, ""7"": 0.30366331338882446, ""8"": 0.2857431471347809}","[23872, 21248, 20416]",jpeg_color_clustering_bic,-1,5,3701,0.0564727783203125,8,3,4458,"{""1"": -113338.64408317729, ""2"": -119877.00254780284, ""3"": -239149.6332333875, ""4"": -419420.5147006302, ""5"": -441625.70134754485, ""6"": -469856.14694783837, ""7"": -479493.0136622708, ""8"": -487630.5509113555}","[22746, 19763, 19326, 1443, 892, 625, 495, 246]","[22746, 19763, 19326]","[3, 4, 5, 6, 7]","[1443, 892, 625, 495, 246]",bic,-487630.5509113555,ok
detexture_ade20k_multi,feature_cluster_coarse_global_pooled_predicted_k,validation,521,validation_ADE_val_00001975,detexture_multi_partition_v1,multi_partition_invariant,0.47146539964463835,0.4349307543625077,0.4632970504579768,2,8,3,0.0,0.8476104736328125,55549,65536,9987,3,2,True,hungarian_iou_assignment,"[0.7389857369255151, 0.6754104620084002, 0.0]","[{""pred_label"": 0, ""gt_label"": 0, ""iou"": 0.7389857369255151}, {""pred_label"": 1, ""gt_label"": 1, ""iou"": 0.6754104620084002}, {""pred_label"": 2, ""gt_label"": -1, ""iou"": 0.0}]",fpn_2,fpn_2,72x72,1,3,3,24x24,pooled_avg_pool_multi_way,False,False,False,silhouette,0.27091020345687866,"{""2"": 0.2624709904193878, ""3"": 0.27091020345687866, ""4"": 0.25398990511894226, ""5"": 0.26392948627471924, ""6"": 0.23984521627426147, ""7"": 0.22810891270637512, ""8"": 0.22523266077041626}","[28862, 27288, 9386]",jpeg_color_clustering_bic,-1,6,9987,0.1523895263671875,8,2,5079,"{""1"": -145589.62553759804, ""2"": -155690.38060460216, ""3"": -232521.46445410134, ""4"": -410964.1222450031, ""5"": -429709.26244008815, ""6"": -461844.2898710521, ""7"": -472222.57693362195, ""8"": -487111.4391932654}","[37859, 17690, 6615, 1277, 841, 646, 340, 268]","[37859, 17690]","[2, 3, 4, 5, 6, 7]","[6615, 1277, 841, 646, 340, 268]",bic,-487111.4391932654,ok
detexture_ade20k_multi,feature_cluster_coarse_global_pooled_predicted_k,validation,522,validation_ADE_val_00001986,detexture_multi_partition_v1,multi_partition_invariant,0.19081869363059017,0.34487782402854555,0.4915144398319493,5,7,2,0.0,0.9694992221815519,339030,349696,10666,2,5,True,hungarian_iou_assignment,"[0.44983662051294104, 0.5042568476400098, 0.0, 0.0, 0.0]","[{""pred_label"": 0, ""gt_label"": 0, ""iou"": 0.44983662051294104}, {""pred_label"": 1, ""gt_label"": 1, ""iou"": 0.5042568476400098}, {""pred_label"": -1, ""gt_label"": 2, ""iou"": 0.0}, {""pred_label"": -1, ""gt_label"": 3, ""iou"": 0.0}, {""pred_label"": -1, ""gt_label"": 4, ""iou"": 0.0}]",fpn_2,fpn_2,72x72,1,3,3,24x24,pooled_avg_pool_multi_way,False,False,False,silhouette,0.30208343267440796,"{""2"": 0.30208343267440796, ""3"": 0.3013424277305603, ""4"": 0.24309052526950836, ""5"": 0.2650483250617981, ""6"": 0.2583397328853607, ""7"": 0.2734065055847168, ""8"": 0.26829278469085693}","[214402, 135294]",jpeg_color_clustering_bic,-1,2,10666,0.030500777818448024,7,5,20866,"{""1"": -814207.0966887574, ""2"": -879331.7264662364, ""3"": -1039781.5013201081, ""4"": -1263776.429531099, ""5"": -1613138.9253316533, ""6"": -1865759.511447019, ""7"": -2001756.6977921322, ""8"": -1944342.705428699}","[97896, 68276, 62072, 59190, 51596, 7483, 3183]","[97896, 68276, 62072, 59190, 51596]","[5, 6]","[7483, 3183]",bic,-2001756.6977921322,ok
detexture_ade20k_multi,feature_cluster_coarse_global_pooled_predicted_k,validation,523,validation_ADE_val_00001996,detexture_multi_partition_v1,multi_partition_invariant,0.9254396420995791,0.9167853375653231,0.8624942074979175,3,8,3,1.0,0.9651953125,74127,76800,2673,3,3,True,hungarian_iou_assignment,"[0.9710290827740492, 0.9353353991979585, 0.8699544443267295]","[{""pred_label"": 0, ""gt_label"": 0, ""iou"": 0.9710290827740492}, {""pred_label"": 1, ""gt_label"": 1, ""iou"": 0.9353353991979585}, {""pred_label"": 2, ""gt_label"": 2, ""iou"": 0.8699544443267295}]",fpn_2,fpn_2,72x72,1,3,3,24x24,pooled_avg_pool_multi_way,False,False,False,silhouette,0.3824436664581299,"{""2"": 0.35974380373954773, ""3"": 0.3824436664581299, ""4"": 0.34446415305137634, ""5"": 0.3465489447116852, ""6"": 0.2555440068244934, ""7"": 0.23448175191879272, ""8"": 0.22971950471401215}","[35050, 23720, 18030]",jpeg_color_clustering_bic,-1,5,2673,0.0348046875,8,3,4355,"{""1"": -219619.43693047581, ""2"": -226103.25371732705, ""3"": -265490.1984770652, ""4"": -279295.1864631675, ""5"": -346309.9715974989, ""6"": -569660.1426465145, ""7"": -583080.5293069542, ""8"": -586040.021335629}","[35588, 20951, 17588, 1428, 635, 361, 216, 33]","[35588, 20951, 17588]","[3, 4, 5, 6, 7]","[1428, 635, 361, 216, 33]",bic,-586040.021335629,ok
detexture_ade20k_multi,feature_cluster_coarse_global_pooled_predicted_k,validation,524,validation_ADE_val_00001998,detexture_multi_partition_v1,multi_partition_invariant,0.3984188285156949,0.7172948803894887,0.706196747742133,3,8,6,0.0,0.8970999513618677,59022,65792,6770,6,3,True,hungarian_iou_assignment,"[0.9744588306696338, 0.771520598472648, 0.6445335419518874, 0.0, 0.0, 0.0]","[{""pred_label"": 0, ""gt_label"": 1, ""iou"": 0.9744588306696338}, {""pred_label"": 1, ""gt_label"": 2, ""iou"": 0.771520598472648}, {""pred_label"": 2, ""gt_label"": 0, ""iou"": 0.6445335419518874}, {""pred_label"": 3, ""gt_label"": -1, ""iou"": 0.0}, {""pred_label"": 4, ""gt_label"": -1, ""iou"": 0.0}, {""pred_label"": 5, ""gt_label"": -1, ""iou"": 0.0}]",fpn_2,fpn_2,72x72,1,3,3,24x24,pooled_avg_pool_multi_way,False,False,False,silhouette,0.3439825177192688,"{""2"": 0.31030431389808655, ""3"": 0.34259071946144104, ""4"": 0.3206147253513336, ""5"": 0.3415777385234833, ""6"": 0.3439825177192688, ""7"": 0.29920753836631775, ""8"": 0.30985960364341736}","[19737, 15370, 13390, 7940, 4886, 4469]",jpeg_color_clustering_bic,-1,5,6770,0.10290004863813229,8,3,5337,"{""1"": -130907.12366978682, ""2"": -136086.8213816168, ""3"": -204733.25598584846, ""4"": -298246.111996187, ""5"": -300209.5013806445, ""6"": -389836.39339077356, ""7"": -398241.35583029693, ""8"": -470345.20214777015}","[20322, 19646, 19054, 2677, 2403, 806, 578, 306]","[20322, 19646, 19054]","[3, 4, 5, 6, 7]","[2677, 2403, 806, 578, 306]",bic,-470345.20214777015,ok
