{
  "edge/AP": 0.4356304702588606,
  "edge/ODS_threshold": 0.01,
  "edge/ODS_recall": 0.5199922404546181,
  "edge/ODS_precision": 0.6781353472971464,
  "edge/ODS_f1": 0.5886269912776146,
  "edge/OIS_recall": 0.5102471643426068,
  "edge/OIS_precision": 0.7256219268779515,
  "edge/OIS_f1": 0.5991678782234668
}