variant,split,sample_index,crop_name,assignment_used,direct_eval_miou,direct_eval_ari,swapped_eval_miou,swapped_eval_ari,selected_level_names_json,coarsest_level_name,raw_level_names_json,raw_level_shapes_json,aligned_level_shapes_json,coarsest_grid_height,coarsest_grid_width,probe_projection_dim,probe_embedding_dim,learnable_gates,gate_logits_json,gate_weights_json,final_gate_weights_compact,kmeans_backend,kmeans_metric,kmeans_num_clusters,checkpoint_path,evaluation_view,evaluation_contract,eval_miou,eval_ari
learned_global_gates_coarse_plus_next_finer,test,0,1,"cluster_1->texture_a,cluster_0->texture_b",0.007474339333829618,0.929267029596648,0.9509901033424439,0.929267029596648,"[""fpn_2"", ""fpn_1""]",fpn_2,"[""fpn_2"", ""fpn_1"", ""fpn_0""]","{""fpn_0"": [256, 288, 288], ""fpn_1"": [256, 144, 144], ""fpn_2"": [256, 72, 72]}","{""fpn_1"": [256, 72, 72], ""fpn_2"": [256, 72, 72]}",72,72,64,32,True,"[0.15416643023490906, -0.15416641533374786]","{""fpn_1"": 0.4235217273235321, ""fpn_2"": 0.5764782428741455}","fpn_2=0.576,fpn_1=0.424",deterministic_kmeans,cosine,2,outputs/rwtd_sam3_auto/coarse_vs_fine_sam_scales/stage2/train_learned_global_gates_coarse_plus_next_finer_test/checkpoint.pt,permutation_invariant_binary_partition,architexture_binary_v1,0.9509901033424439,0.929267029596648
learned_global_gates_coarse_plus_next_finer,test,1,101,"cluster_1->texture_a,cluster_0->texture_b",0.03609744067998059,0.7341277848972221,0.8631530541807291,0.7341277848972221,"[""fpn_2"", ""fpn_1""]",fpn_2,"[""fpn_2"", ""fpn_1"", ""fpn_0""]","{""fpn_0"": [256, 288, 288], ""fpn_1"": [256, 144, 144], ""fpn_2"": [256, 72, 72]}","{""fpn_1"": [256, 72, 72], ""fpn_2"": [256, 72, 72]}",72,72,64,32,True,"[0.15416643023490906, -0.15416641533374786]","{""fpn_1"": 0.4235217273235321, ""fpn_2"": 0.5764782428741455}","fpn_2=0.576,fpn_1=0.424",deterministic_kmeans,cosine,2,outputs/rwtd_sam3_auto/coarse_vs_fine_sam_scales/stage2/train_learned_global_gates_coarse_plus_next_finer_test/checkpoint.pt,permutation_invariant_binary_partition,architexture_binary_v1,0.8631530541807291,0.7341277848972221
learned_global_gates_coarse_plus_next_finer,test,2,102,"cluster_1->texture_a,cluster_0->texture_b",0.026417359490043642,0.8019023114264451,0.8994535167404372,0.8019023114264451,"[""fpn_2"", ""fpn_1""]",fpn_2,"[""fpn_2"", ""fpn_1"", ""fpn_0""]","{""fpn_0"": [256, 288, 288], ""fpn_1"": [256, 144, 144], ""fpn_2"": [256, 72, 72]}","{""fpn_1"": [256, 72, 72], ""fpn_2"": [256, 72, 72]}",72,72,64,32,True,"[0.15416643023490906, -0.15416641533374786]","{""fpn_1"": 0.4235217273235321, ""fpn_2"": 0.5764782428741455}","fpn_2=0.576,fpn_1=0.424",deterministic_kmeans,cosine,2,outputs/rwtd_sam3_auto/coarse_vs_fine_sam_scales/stage2/train_learned_global_gates_coarse_plus_next_finer_test/checkpoint.pt,permutation_invariant_binary_partition,architexture_binary_v1,0.8994535167404372,0.8019023114264451
learned_global_gates_coarse_plus_next_finer,test,3,103,"cluster_0->texture_a,cluster_1->texture_b",0.9009651669528512,0.8295586440040058,0.022005664087169006,0.8295586440040058,"[""fpn_2"", ""fpn_1""]",fpn_2,"[""fpn_2"", ""fpn_1"", ""fpn_0""]","{""fpn_0"": [256, 288, 288], ""fpn_1"": [256, 144, 144], ""fpn_2"": [256, 72, 72]}","{""fpn_1"": [256, 72, 72], ""fpn_2"": [256, 72, 72]}",72,72,64,32,True,"[0.15416643023490906, -0.15416641533374786]","{""fpn_1"": 0.4235217273235321, ""fpn_2"": 0.5764782428741455}","fpn_2=0.576,fpn_1=0.424",deterministic_kmeans,cosine,2,outputs/rwtd_sam3_auto/coarse_vs_fine_sam_scales/stage2/train_learned_global_gates_coarse_plus_next_finer_test/checkpoint.pt,permutation_invariant_binary_partition,architexture_binary_v1,0.9009651669528512,0.8295586440040058
learned_global_gates_coarse_plus_next_finer,test,4,104,"cluster_0->texture_a,cluster_1->texture_b",0.7164029293959503,0.5986305148870615,0.017194589798770508,0.5986305148870615,"[""fpn_2"", ""fpn_1""]",fpn_2,"[""fpn_2"", ""fpn_1"", ""fpn_0""]","{""fpn_0"": [256, 288, 288], ""fpn_1"": [256, 144, 144], ""fpn_2"": [256, 72, 72]}","{""fpn_1"": [256, 72, 72], ""fpn_2"": [256, 72, 72]}",72,72,64,32,True,"[0.15416643023490906, -0.15416641533374786]","{""fpn_1"": 0.4235217273235321, ""fpn_2"": 0.5764782428741455}","fpn_2=0.576,fpn_1=0.424",deterministic_kmeans,cosine,2,outputs/rwtd_sam3_auto/coarse_vs_fine_sam_scales/stage2/train_learned_global_gates_coarse_plus_next_finer_test/checkpoint.pt,permutation_invariant_binary_partition,architexture_binary_v1,0.7164029293959503,0.5986305148870615
learned_global_gates_coarse_plus_next_finer,test,5,106,"cluster_0->texture_a,cluster_1->texture_b",0.7851237184593212,0.6694177488206547,0.037636998277762915,0.6694177488206547,"[""fpn_2"", ""fpn_1""]",fpn_2,"[""fpn_2"", ""fpn_1"", ""fpn_0""]","{""fpn_0"": [256, 288, 288], ""fpn_1"": [256, 144, 144], ""fpn_2"": [256, 72, 72]}","{""fpn_1"": [256, 72, 72], ""fpn_2"": [256, 72, 72]}",72,72,64,32,True,"[0.15416643023490906, -0.15416641533374786]","{""fpn_1"": 0.4235217273235321, ""fpn_2"": 0.5764782428741455}","fpn_2=0.576,fpn_1=0.424",deterministic_kmeans,cosine,2,outputs/rwtd_sam3_auto/coarse_vs_fine_sam_scales/stage2/train_learned_global_gates_coarse_plus_next_finer_test/checkpoint.pt,permutation_invariant_binary_partition,architexture_binary_v1,0.7851237184593212,0.6694177488206547
learned_global_gates_coarse_plus_next_finer,test,6,12,"cluster_1->texture_a,cluster_0->texture_b",0.02670233530708558,0.8011114700427064,0.9002591106608167,0.8011114700427064,"[""fpn_2"", ""fpn_1""]",fpn_2,"[""fpn_2"", ""fpn_1"", ""fpn_0""]","{""fpn_0"": [256, 288, 288], ""fpn_1"": [256, 144, 144], ""fpn_2"": [256, 72, 72]}","{""fpn_1"": [256, 72, 72], ""fpn_2"": [256, 72, 72]}",72,72,64,32,True,"[0.15416643023490906, -0.15416641533374786]","{""fpn_1"": 0.4235217273235321, ""fpn_2"": 0.5764782428741455}","fpn_2=0.576,fpn_1=0.424",deterministic_kmeans,cosine,2,outputs/rwtd_sam3_auto/coarse_vs_fine_sam_scales/stage2/train_learned_global_gates_coarse_plus_next_finer_test/checkpoint.pt,permutation_invariant_binary_partition,architexture_binary_v1,0.9002591106608167,0.8011114700427064
learned_global_gates_coarse_plus_next_finer,test,7,121,"cluster_1->texture_a,cluster_0->texture_b",0.014851472036796196,0.8858986242475787,0.940484369662705,0.8858986242475787,"[""fpn_2"", ""fpn_1""]",fpn_2,"[""fpn_2"", ""fpn_1"", ""fpn_0""]","{""fpn_0"": [256, 288, 288], ""fpn_1"": [256, 144, 144], ""fpn_2"": [256, 72, 72]}","{""fpn_1"": [256, 72, 72], ""fpn_2"": [256, 72, 72]}",72,72,64,32,True,"[0.15416643023490906, -0.15416641533374786]","{""fpn_1"": 0.4235217273235321, ""fpn_2"": 0.5764782428741455}","fpn_2=0.576,fpn_1=0.424",deterministic_kmeans,cosine,2,outputs/rwtd_sam3_auto/coarse_vs_fine_sam_scales/stage2/train_learned_global_gates_coarse_plus_next_finer_test/checkpoint.pt,permutation_invariant_binary_partition,architexture_binary_v1,0.940484369662705,0.8858986242475787
learned_global_gates_coarse_plus_next_finer,test,8,122,"cluster_1->texture_a,cluster_0->texture_b",0.020002983131829594,0.8468154370042402,0.92323508535214,0.8468154370042402,"[""fpn_2"", ""fpn_1""]",fpn_2,"[""fpn_2"", ""fpn_1"", ""fpn_0""]","{""fpn_0"": [256, 288, 288], ""fpn_1"": [256, 144, 144], ""fpn_2"": [256, 72, 72]}","{""fpn_1"": [256, 72, 72], ""fpn_2"": [256, 72, 72]}",72,72,64,32,True,"[0.15416643023490906, -0.15416641533374786]","{""fpn_1"": 0.4235217273235321, ""fpn_2"": 0.5764782428741455}","fpn_2=0.576,fpn_1=0.424",deterministic_kmeans,cosine,2,outputs/rwtd_sam3_auto/coarse_vs_fine_sam_scales/stage2/train_learned_global_gates_coarse_plus_next_finer_test/checkpoint.pt,permutation_invariant_binary_partition,architexture_binary_v1,0.92323508535214,0.8468154370042402
learned_global_gates_coarse_plus_next_finer,test,9,125,"cluster_1->texture_a,cluster_0->texture_b",0.008397427878911769,0.9327290383084393,0.9612859644928315,0.9327290383084393,"[""fpn_2"", ""fpn_1""]",fpn_2,"[""fpn_2"", ""fpn_1"", ""fpn_0""]","{""fpn_0"": [256, 288, 288], ""fpn_1"": [256, 144, 144], ""fpn_2"": [256, 72, 72]}","{""fpn_1"": [256, 72, 72], ""fpn_2"": [256, 72, 72]}",72,72,64,32,True,"[0.15416643023490906, -0.15416641533374786]","{""fpn_1"": 0.4235217273235321, ""fpn_2"": 0.5764782428741455}","fpn_2=0.576,fpn_1=0.424",deterministic_kmeans,cosine,2,outputs/rwtd_sam3_auto/coarse_vs_fine_sam_scales/stage2/train_learned_global_gates_coarse_plus_next_finer_test/checkpoint.pt,permutation_invariant_binary_partition,architexture_binary_v1,0.9612859644928315,0.9327290383084393
learned_global_gates_coarse_plus_next_finer,test,10,128,"cluster_1->texture_a,cluster_0->texture_b",0.010621564922230039,0.9147274143344437,0.9498978019941184,0.9147274143344437,"[""fpn_2"", ""fpn_1""]",fpn_2,"[""fpn_2"", ""fpn_1"", ""fpn_0""]","{""fpn_0"": [256, 288, 288], ""fpn_1"": [256, 144, 144], ""fpn_2"": [256, 72, 72]}","{""fpn_1"": [256, 72, 72], ""fpn_2"": [256, 72, 72]}",72,72,64,32,True,"[0.15416643023490906, -0.15416641533374786]","{""fpn_1"": 0.4235217273235321, ""fpn_2"": 0.5764782428741455}","fpn_2=0.576,fpn_1=0.424",deterministic_kmeans,cosine,2,outputs/rwtd_sam3_auto/coarse_vs_fine_sam_scales/stage2/train_learned_global_gates_coarse_plus_next_finer_test/checkpoint.pt,permutation_invariant_binary_partition,architexture_binary_v1,0.9498978019941184,0.9147274143344437
learned_global_gates_coarse_plus_next_finer,test,11,129,"cluster_1->texture_a,cluster_0->texture_b",0.013941747964948906,0.8926851516445983,0.9442295354491476,0.8926851516445983,"[""fpn_2"", ""fpn_1""]",fpn_2,"[""fpn_2"", ""fpn_1"", ""fpn_0""]","{""fpn_0"": [256, 288, 288], ""fpn_1"": [256, 144, 144], ""fpn_2"": [256, 72, 72]}","{""fpn_1"": [256, 72, 72], ""fpn_2"": [256, 72, 72]}",72,72,64,32,True,"[0.15416643023490906, -0.15416641533374786]","{""fpn_1"": 0.4235217273235321, ""fpn_2"": 0.5764782428741455}","fpn_2=0.576,fpn_1=0.424",deterministic_kmeans,cosine,2,outputs/rwtd_sam3_auto/coarse_vs_fine_sam_scales/stage2/train_learned_global_gates_coarse_plus_next_finer_test/checkpoint.pt,permutation_invariant_binary_partition,architexture_binary_v1,0.9442295354491476,0.8926851516445983
learned_global_gates_coarse_plus_next_finer,test,12,13,"cluster_1->texture_a,cluster_0->texture_b",0.040916519418733366,0.7057581211307379,0.8501683629916607,0.7057581211307379,"[""fpn_2"", ""fpn_1""]",fpn_2,"[""fpn_2"", ""fpn_1"", ""fpn_0""]","{""fpn_0"": [256, 288, 288], ""fpn_1"": [256, 144, 144], ""fpn_2"": [256, 72, 72]}","{""fpn_1"": [256, 72, 72], ""fpn_2"": [256, 72, 72]}",72,72,64,32,True,"[0.15416643023490906, -0.15416641533374786]","{""fpn_1"": 0.4235217273235321, ""fpn_2"": 0.5764782428741455}","fpn_2=0.576,fpn_1=0.424",deterministic_kmeans,cosine,2,outputs/rwtd_sam3_auto/coarse_vs_fine_sam_scales/stage2/train_learned_global_gates_coarse_plus_next_finer_test/checkpoint.pt,permutation_invariant_binary_partition,architexture_binary_v1,0.8501683629916607,0.7057581211307379
learned_global_gates_coarse_plus_next_finer,test,13,134,"cluster_1->texture_a,cluster_0->texture_b",0.007974686787617749,0.9377064694996063,0.9687488073057504,0.9377064694996063,"[""fpn_2"", ""fpn_1""]",fpn_2,"[""fpn_2"", ""fpn_1"", ""fpn_0""]","{""fpn_0"": [256, 288, 288], ""fpn_1"": [256, 144, 144], ""fpn_2"": [256, 72, 72]}","{""fpn_1"": [256, 72, 72], ""fpn_2"": [256, 72, 72]}",72,72,64,32,True,"[0.15416643023490906, -0.15416641533374786]","{""fpn_1"": 0.4235217273235321, ""fpn_2"": 0.5764782428741455}","fpn_2=0.576,fpn_1=0.424",deterministic_kmeans,cosine,2,outputs/rwtd_sam3_auto/coarse_vs_fine_sam_scales/stage2/train_learned_global_gates_coarse_plus_next_finer_test/checkpoint.pt,permutation_invariant_binary_partition,architexture_binary_v1,0.9687488073057504,0.9377064694996063
learned_global_gates_coarse_plus_next_finer,test,14,139,"cluster_0->texture_a,cluster_1->texture_b",0.9074103678574794,0.81987856862905,0.023954861234909697,0.81987856862905,"[""fpn_2"", ""fpn_1""]",fpn_2,"[""fpn_2"", ""fpn_1"", ""fpn_0""]","{""fpn_0"": [256, 288, 288], ""fpn_1"": [256, 144, 144], ""fpn_2"": [256, 72, 72]}","{""fpn_1"": [256, 72, 72], ""fpn_2"": [256, 72, 72]}",72,72,64,32,True,"[0.15416643023490906, -0.15416641533374786]","{""fpn_1"": 0.4235217273235321, ""fpn_2"": 0.5764782428741455}","fpn_2=0.576,fpn_1=0.424",deterministic_kmeans,cosine,2,outputs/rwtd_sam3_auto/coarse_vs_fine_sam_scales/stage2/train_learned_global_gates_coarse_plus_next_finer_test/checkpoint.pt,permutation_invariant_binary_partition,architexture_binary_v1,0.9074103678574794,0.81987856862905
learned_global_gates_coarse_plus_next_finer,test,15,14,"cluster_1->texture_a,cluster_0->texture_b",0.009095269805201096,0.9289786708706529,0.9643233008932051,0.9289786708706529,"[""fpn_2"", ""fpn_1""]",fpn_2,"[""fpn_2"", ""fpn_1"", ""fpn_0""]","{""fpn_0"": [256, 288, 288], ""fpn_1"": [256, 144, 144], ""fpn_2"": [256, 72, 72]}","{""fpn_1"": [256, 72, 72], ""fpn_2"": [256, 72, 72]}",72,72,64,32,True,"[0.15416643023490906, -0.15416641533374786]","{""fpn_1"": 0.4235217273235321, ""fpn_2"": 0.5764782428741455}","fpn_2=0.576,fpn_1=0.424",deterministic_kmeans,cosine,2,outputs/rwtd_sam3_auto/coarse_vs_fine_sam_scales/stage2/train_learned_global_gates_coarse_plus_next_finer_test/checkpoint.pt,permutation_invariant_binary_partition,architexture_binary_v1,0.9643233008932051,0.9289786708706529
learned_global_gates_coarse_plus_next_finer,test,16,142,"cluster_0->texture_a,cluster_1->texture_b",0.8160660819451562,0.7433136464336284,0.021649151173587358,0.7433136464336284,"[""fpn_2"", ""fpn_1""]",fpn_2,"[""fpn_2"", ""fpn_1"", ""fpn_0""]","{""fpn_0"": [256, 288, 288], ""fpn_1"": [256, 144, 144], ""fpn_2"": [256, 72, 72]}","{""fpn_1"": [256, 72, 72], ""fpn_2"": [256, 72, 72]}",72,72,64,32,True,"[0.15416643023490906, -0.15416641533374786]","{""fpn_1"": 0.4235217273235321, ""fpn_2"": 0.5764782428741455}","fpn_2=0.576,fpn_1=0.424",deterministic_kmeans,cosine,2,outputs/rwtd_sam3_auto/coarse_vs_fine_sam_scales/stage2/train_learned_global_gates_coarse_plus_next_finer_test/checkpoint.pt,permutation_invariant_binary_partition,architexture_binary_v1,0.8160660819451562,0.7433136464336284
learned_global_gates_coarse_plus_next_finer,test,17,149,"cluster_0->texture_a,cluster_1->texture_b",0.8586486652908982,0.7192923763046141,0.03864742176304824,0.7192923763046141,"[""fpn_2"", ""fpn_1""]",fpn_2,"[""fpn_2"", ""fpn_1"", ""fpn_0""]","{""fpn_0"": [256, 288, 288], ""fpn_1"": [256, 144, 144], ""fpn_2"": [256, 72, 72]}","{""fpn_1"": [256, 72, 72], ""fpn_2"": [256, 72, 72]}",72,72,64,32,True,"[0.15416643023490906, -0.15416641533374786]","{""fpn_1"": 0.4235217273235321, ""fpn_2"": 0.5764782428741455}","fpn_2=0.576,fpn_1=0.424",deterministic_kmeans,cosine,2,outputs/rwtd_sam3_auto/coarse_vs_fine_sam_scales/stage2/train_learned_global_gates_coarse_plus_next_finer_test/checkpoint.pt,permutation_invariant_binary_partition,architexture_binary_v1,0.8586486652908982,0.7192923763046141
learned_global_gates_coarse_plus_next_finer,test,18,15,"cluster_0->texture_a,cluster_1->texture_b",0.9459095068368226,0.8976448320694539,0.013202664749916666,0.8976448320694539,"[""fpn_2"", ""fpn_1""]",fpn_2,"[""fpn_2"", ""fpn_1"", ""fpn_0""]","{""fpn_0"": [256, 288, 288], ""fpn_1"": [256, 144, 144], ""fpn_2"": [256, 72, 72]}","{""fpn_1"": [256, 72, 72], ""fpn_2"": [256, 72, 72]}",72,72,64,32,True,"[0.15416643023490906, -0.15416641533374786]","{""fpn_1"": 0.4235217273235321, ""fpn_2"": 0.5764782428741455}","fpn_2=0.576,fpn_1=0.424",deterministic_kmeans,cosine,2,outputs/rwtd_sam3_auto/coarse_vs_fine_sam_scales/stage2/train_learned_global_gates_coarse_plus_next_finer_test/checkpoint.pt,permutation_invariant_binary_partition,architexture_binary_v1,0.9459095068368226,0.8976448320694539
learned_global_gates_coarse_plus_next_finer,test,19,175,"cluster_0->texture_a,cluster_1->texture_b",0.8911375409814859,0.8000459091061569,0.02679743168551698,0.8000459091061569,"[""fpn_2"", ""fpn_1""]",fpn_2,"[""fpn_2"", ""fpn_1"", ""fpn_0""]","{""fpn_0"": [256, 288, 288], ""fpn_1"": [256, 144, 144], ""fpn_2"": [256, 72, 72]}","{""fpn_1"": [256, 72, 72], ""fpn_2"": [256, 72, 72]}",72,72,64,32,True,"[0.15416643023490906, -0.15416641533374786]","{""fpn_1"": 0.4235217273235321, ""fpn_2"": 0.5764782428741455}","fpn_2=0.576,fpn_1=0.424",deterministic_kmeans,cosine,2,outputs/rwtd_sam3_auto/coarse_vs_fine_sam_scales/stage2/train_learned_global_gates_coarse_plus_next_finer_test/checkpoint.pt,permutation_invariant_binary_partition,architexture_binary_v1,0.8911375409814859,0.8000459091061569
learned_global_gates_coarse_plus_next_finer,test,20,176,"cluster_1->texture_a,cluster_0->texture_b",0.02478298307579279,0.7075357851554107,0.7931985498738188,0.7075357851554107,"[""fpn_2"", ""fpn_1""]",fpn_2,"[""fpn_2"", ""fpn_1"", ""fpn_0""]","{""fpn_0"": [256, 288, 288], ""fpn_1"": [256, 144, 144], ""fpn_2"": [256, 72, 72]}","{""fpn_1"": [256, 72, 72], ""fpn_2"": [256, 72, 72]}",72,72,64,32,True,"[0.15416643023490906, -0.15416641533374786]","{""fpn_1"": 0.4235217273235321, ""fpn_2"": 0.5764782428741455}","fpn_2=0.576,fpn_1=0.424",deterministic_kmeans,cosine,2,outputs/rwtd_sam3_auto/coarse_vs_fine_sam_scales/stage2/train_learned_global_gates_coarse_plus_next_finer_test/checkpoint.pt,permutation_invariant_binary_partition,architexture_binary_v1,0.7931985498738188,0.7075357851554107
learned_global_gates_coarse_plus_next_finer,test,21,18,"cluster_1->texture_a,cluster_0->texture_b",0.01267184024255694,0.8957947986358568,0.9360733589458656,0.8957947986358568,"[""fpn_2"", ""fpn_1""]",fpn_2,"[""fpn_2"", ""fpn_1"", ""fpn_0""]","{""fpn_0"": [256, 288, 288], ""fpn_1"": [256, 144, 144], ""fpn_2"": [256, 72, 72]}","{""fpn_1"": [256, 72, 72], ""fpn_2"": [256, 72, 72]}",72,72,64,32,True,"[0.15416643023490906, -0.15416641533374786]","{""fpn_1"": 0.4235217273235321, ""fpn_2"": 0.5764782428741455}","fpn_2=0.576,fpn_1=0.424",deterministic_kmeans,cosine,2,outputs/rwtd_sam3_auto/coarse_vs_fine_sam_scales/stage2/train_learned_global_gates_coarse_plus_next_finer_test/checkpoint.pt,permutation_invariant_binary_partition,architexture_binary_v1,0.9360733589458656,0.8957947986358568
learned_global_gates_coarse_plus_next_finer,test,22,181,"cluster_0->texture_a,cluster_1->texture_b",0.978465213629514,0.9577735505868059,0.005345287154353279,0.9577735505868059,"[""fpn_2"", ""fpn_1""]",fpn_2,"[""fpn_2"", ""fpn_1"", ""fpn_0""]","{""fpn_0"": [256, 288, 288], ""fpn_1"": [256, 144, 144], ""fpn_2"": [256, 72, 72]}","{""fpn_1"": [256, 72, 72], ""fpn_2"": [256, 72, 72]}",72,72,64,32,True,"[0.15416643023490906, -0.15416641533374786]","{""fpn_1"": 0.4235217273235321, ""fpn_2"": 0.5764782428741455}","fpn_2=0.576,fpn_1=0.424",deterministic_kmeans,cosine,2,outputs/rwtd_sam3_auto/coarse_vs_fine_sam_scales/stage2/train_learned_global_gates_coarse_plus_next_finer_test/checkpoint.pt,permutation_invariant_binary_partition,architexture_binary_v1,0.978465213629514,0.9577735505868059
learned_global_gates_coarse_plus_next_finer,test,23,182,"cluster_1->texture_a,cluster_0->texture_b",0.019577840591345205,0.850301265118993,0.9250351681225741,0.850301265118993,"[""fpn_2"", ""fpn_1""]",fpn_2,"[""fpn_2"", ""fpn_1"", ""fpn_0""]","{""fpn_0"": [256, 288, 288], ""fpn_1"": [256, 144, 144], ""fpn_2"": [256, 72, 72]}","{""fpn_1"": [256, 72, 72], ""fpn_2"": [256, 72, 72]}",72,72,64,32,True,"[0.15416643023490906, -0.15416641533374786]","{""fpn_1"": 0.4235217273235321, ""fpn_2"": 0.5764782428741455}","fpn_2=0.576,fpn_1=0.424",deterministic_kmeans,cosine,2,outputs/rwtd_sam3_auto/coarse_vs_fine_sam_scales/stage2/train_learned_global_gates_coarse_plus_next_finer_test/checkpoint.pt,permutation_invariant_binary_partition,architexture_binary_v1,0.9250351681225741,0.850301265118993
learned_global_gates_coarse_plus_next_finer,test,24,183,"cluster_0->texture_a,cluster_1->texture_b",0.9786307514380399,0.957725926233051,0.005356103188665599,0.957725926233051,"[""fpn_2"", ""fpn_1""]",fpn_2,"[""fpn_2"", ""fpn_1"", ""fpn_0""]","{""fpn_0"": [256, 288, 288], ""fpn_1"": [256, 144, 144], ""fpn_2"": [256, 72, 72]}","{""fpn_1"": [256, 72, 72], ""fpn_2"": [256, 72, 72]}",72,72,64,32,True,"[0.15416643023490906, -0.15416641533374786]","{""fpn_1"": 0.4235217273235321, ""fpn_2"": 0.5764782428741455}","fpn_2=0.576,fpn_1=0.424",deterministic_kmeans,cosine,2,outputs/rwtd_sam3_auto/coarse_vs_fine_sam_scales/stage2/train_learned_global_gates_coarse_plus_next_finer_test/checkpoint.pt,permutation_invariant_binary_partition,architexture_binary_v1,0.9786307514380399,0.957725926233051
learned_global_gates_coarse_plus_next_finer,test,25,184,"cluster_0->texture_a,cluster_1->texture_b",0.9615135964669266,0.9233399322578808,0.009867338984351347,0.9233399322578808,"[""fpn_2"", ""fpn_1""]",fpn_2,"[""fpn_2"", ""fpn_1"", ""fpn_0""]","{""fpn_0"": [256, 288, 288], ""fpn_1"": [256, 144, 144], ""fpn_2"": [256, 72, 72]}","{""fpn_1"": [256, 72, 72], ""fpn_2"": [256, 72, 72]}",72,72,64,32,True,"[0.15416643023490906, -0.15416641533374786]","{""fpn_1"": 0.4235217273235321, ""fpn_2"": 0.5764782428741455}","fpn_2=0.576,fpn_1=0.424",deterministic_kmeans,cosine,2,outputs/rwtd_sam3_auto/coarse_vs_fine_sam_scales/stage2/train_learned_global_gates_coarse_plus_next_finer_test/checkpoint.pt,permutation_invariant_binary_partition,architexture_binary_v1,0.9615135964669266,0.9233399322578808
learned_global_gates_coarse_plus_next_finer,test,26,185,"cluster_0->texture_a,cluster_1->texture_b",0.9108850508188934,0.8251689385703626,0.02289581298828125,0.8251689385703626,"[""fpn_2"", ""fpn_1""]",fpn_2,"[""fpn_2"", ""fpn_1"", ""fpn_0""]","{""fpn_0"": [256, 288, 288], ""fpn_1"": [256, 144, 144], ""fpn_2"": [256, 72, 72]}","{""fpn_1"": [256, 72, 72], ""fpn_2"": [256, 72, 72]}",72,72,64,32,True,"[0.15416643023490906, -0.15416641533374786]","{""fpn_1"": 0.4235217273235321, ""fpn_2"": 0.5764782428741455}","fpn_2=0.576,fpn_1=0.424",deterministic_kmeans,cosine,2,outputs/rwtd_sam3_auto/coarse_vs_fine_sam_scales/stage2/train_learned_global_gates_coarse_plus_next_finer_test/checkpoint.pt,permutation_invariant_binary_partition,architexture_binary_v1,0.9108850508188934,0.8251689385703626
learned_global_gates_coarse_plus_next_finer,test,27,186,"cluster_0->texture_a,cluster_1->texture_b",0.7207723576337437,0.4602678604960264,0.08446259448601232,0.4602678604960264,"[""fpn_2"", ""fpn_1""]",fpn_2,"[""fpn_2"", ""fpn_1"", ""fpn_0""]","{""fpn_0"": [256, 288, 288], ""fpn_1"": [256, 144, 144], ""fpn_2"": [256, 72, 72]}","{""fpn_1"": [256, 72, 72], ""fpn_2"": [256, 72, 72]}",72,72,64,32,True,"[0.15416643023490906, -0.15416641533374786]","{""fpn_1"": 0.4235217273235321, ""fpn_2"": 0.5764782428741455}","fpn_2=0.576,fpn_1=0.424",deterministic_kmeans,cosine,2,outputs/rwtd_sam3_auto/coarse_vs_fine_sam_scales/stage2/train_learned_global_gates_coarse_plus_next_finer_test/checkpoint.pt,permutation_invariant_binary_partition,architexture_binary_v1,0.7207723576337437,0.4602678604960264
learned_global_gates_coarse_plus_next_finer,test,28,189,"cluster_0->texture_a,cluster_1->texture_b",0.8909907113267086,0.8644181667706446,0.00759124755859375,0.8644181667706446,"[""fpn_2"", ""fpn_1""]",fpn_2,"[""fpn_2"", ""fpn_1"", ""fpn_0""]","{""fpn_0"": [256, 288, 288], ""fpn_1"": [256, 144, 144], ""fpn_2"": [256, 72, 72]}","{""fpn_1"": [256, 72, 72], ""fpn_2"": [256, 72, 72]}",72,72,64,32,True,"[0.15416643023490906, -0.15416641533374786]","{""fpn_1"": 0.4235217273235321, ""fpn_2"": 0.5764782428741455}","fpn_2=0.576,fpn_1=0.424",deterministic_kmeans,cosine,2,outputs/rwtd_sam3_auto/coarse_vs_fine_sam_scales/stage2/train_learned_global_gates_coarse_plus_next_finer_test/checkpoint.pt,permutation_invariant_binary_partition,architexture_binary_v1,0.8909907113267086,0.8644181667706446
learned_global_gates_coarse_plus_next_finer,test,29,194,"cluster_0->texture_a,cluster_1->texture_b",0.9726351857639886,0.9452877427493906,0.006946132471714271,0.9452877427493906,"[""fpn_2"", ""fpn_1""]",fpn_2,"[""fpn_2"", ""fpn_1"", ""fpn_0""]","{""fpn_0"": [256, 288, 288], ""fpn_1"": [256, 144, 144], ""fpn_2"": [256, 72, 72]}","{""fpn_1"": [256, 72, 72], ""fpn_2"": [256, 72, 72]}",72,72,64,32,True,"[0.15416643023490906, -0.15416641533374786]","{""fpn_1"": 0.4235217273235321, ""fpn_2"": 0.5764782428741455}","fpn_2=0.576,fpn_1=0.424",deterministic_kmeans,cosine,2,outputs/rwtd_sam3_auto/coarse_vs_fine_sam_scales/stage2/train_learned_global_gates_coarse_plus_next_finer_test/checkpoint.pt,permutation_invariant_binary_partition,architexture_binary_v1,0.9726351857639886,0.9452877427493906
learned_global_gates_coarse_plus_next_finer,test,30,197,"cluster_1->texture_a,cluster_0->texture_b",0.008471522298231334,0.9333734784140378,0.9655346906323519,0.9333734784140378,"[""fpn_2"", ""fpn_1""]",fpn_2,"[""fpn_2"", ""fpn_1"", ""fpn_0""]","{""fpn_0"": [256, 288, 288], ""fpn_1"": [256, 144, 144], ""fpn_2"": [256, 72, 72]}","{""fpn_1"": [256, 72, 72], ""fpn_2"": [256, 72, 72]}",72,72,64,32,True,"[0.15416643023490906, -0.15416641533374786]","{""fpn_1"": 0.4235217273235321, ""fpn_2"": 0.5764782428741455}","fpn_2=0.576,fpn_1=0.424",deterministic_kmeans,cosine,2,outputs/rwtd_sam3_auto/coarse_vs_fine_sam_scales/stage2/train_learned_global_gates_coarse_plus_next_finer_test/checkpoint.pt,permutation_invariant_binary_partition,architexture_binary_v1,0.9655346906323519,0.9333734784140378
learned_global_gates_coarse_plus_next_finer,test,31,2,"cluster_0->texture_a,cluster_1->texture_b",0.9616931769792116,0.9240972031763081,0.009739445622690593,0.9240972031763081,"[""fpn_2"", ""fpn_1""]",fpn_2,"[""fpn_2"", ""fpn_1"", ""fpn_0""]","{""fpn_0"": [256, 288, 288], ""fpn_1"": [256, 144, 144], ""fpn_2"": [256, 72, 72]}","{""fpn_1"": [256, 72, 72], ""fpn_2"": [256, 72, 72]}",72,72,64,32,True,"[0.15416643023490906, -0.15416641533374786]","{""fpn_1"": 0.4235217273235321, ""fpn_2"": 0.5764782428741455}","fpn_2=0.576,fpn_1=0.424",deterministic_kmeans,cosine,2,outputs/rwtd_sam3_auto/coarse_vs_fine_sam_scales/stage2/train_learned_global_gates_coarse_plus_next_finer_test/checkpoint.pt,permutation_invariant_binary_partition,architexture_binary_v1,0.9616931769792116,0.9240972031763081
learned_global_gates_coarse_plus_next_finer,test,32,200,"cluster_0->texture_a,cluster_1->texture_b",0.958498807912723,0.9272756470785648,0.009096515757241122,0.9272756470785648,"[""fpn_2"", ""fpn_1""]",fpn_2,"[""fpn_2"", ""fpn_1"", ""fpn_0""]","{""fpn_0"": [256, 288, 288], ""fpn_1"": [256, 144, 144], ""fpn_2"": [256, 72, 72]}","{""fpn_1"": [256, 72, 72], ""fpn_2"": [256, 72, 72]}",72,72,64,32,True,"[0.15416643023490906, -0.15416641533374786]","{""fpn_1"": 0.4235217273235321, ""fpn_2"": 0.5764782428741455}","fpn_2=0.576,fpn_1=0.424",deterministic_kmeans,cosine,2,outputs/rwtd_sam3_auto/coarse_vs_fine_sam_scales/stage2/train_learned_global_gates_coarse_plus_next_finer_test/checkpoint.pt,permutation_invariant_binary_partition,architexture_binary_v1,0.958498807912723,0.9272756470785648
learned_global_gates_coarse_plus_next_finer,test,33,201,"cluster_1->texture_a,cluster_0->texture_b",0.00530242919921875,0.9580297654893539,0.9789988330734597,0.9580297654893539,"[""fpn_2"", ""fpn_1""]",fpn_2,"[""fpn_2"", ""fpn_1"", ""fpn_0""]","{""fpn_0"": [256, 288, 288], ""fpn_1"": [256, 144, 144], ""fpn_2"": [256, 72, 72]}","{""fpn_1"": [256, 72, 72], ""fpn_2"": [256, 72, 72]}",72,72,64,32,True,"[0.15416643023490906, -0.15416641533374786]","{""fpn_1"": 0.4235217273235321, ""fpn_2"": 0.5764782428741455}","fpn_2=0.576,fpn_1=0.424",deterministic_kmeans,cosine,2,outputs/rwtd_sam3_auto/coarse_vs_fine_sam_scales/stage2/train_learned_global_gates_coarse_plus_next_finer_test/checkpoint.pt,permutation_invariant_binary_partition,architexture_binary_v1,0.9789988330734597,0.9580297654893539
learned_global_gates_coarse_plus_next_finer,test,34,202,"cluster_0->texture_a,cluster_1->texture_b",0.9697417745168944,0.9465016990783764,0.006685733038576662,0.9465016990783764,"[""fpn_2"", ""fpn_1""]",fpn_2,"[""fpn_2"", ""fpn_1"", ""fpn_0""]","{""fpn_0"": [256, 288, 288], ""fpn_1"": [256, 144, 144], ""fpn_2"": [256, 72, 72]}","{""fpn_1"": [256, 72, 72], ""fpn_2"": [256, 72, 72]}",72,72,64,32,True,"[0.15416643023490906, -0.15416641533374786]","{""fpn_1"": 0.4235217273235321, ""fpn_2"": 0.5764782428741455}","fpn_2=0.576,fpn_1=0.424",deterministic_kmeans,cosine,2,outputs/rwtd_sam3_auto/coarse_vs_fine_sam_scales/stage2/train_learned_global_gates_coarse_plus_next_finer_test/checkpoint.pt,permutation_invariant_binary_partition,architexture_binary_v1,0.9697417745168944,0.9465016990783764
learned_global_gates_coarse_plus_next_finer,test,35,205,"cluster_0->texture_a,cluster_1->texture_b",0.9746191503843931,0.9497386262122518,0.006403632638126849,0.9497386262122518,"[""fpn_2"", ""fpn_1""]",fpn_2,"[""fpn_2"", ""fpn_1"", ""fpn_0""]","{""fpn_0"": [256, 288, 288], ""fpn_1"": [256, 144, 144], ""fpn_2"": [256, 72, 72]}","{""fpn_1"": [256, 72, 72], ""fpn_2"": [256, 72, 72]}",72,72,64,32,True,"[0.15416643023490906, -0.15416641533374786]","{""fpn_1"": 0.4235217273235321, ""fpn_2"": 0.5764782428741455}","fpn_2=0.576,fpn_1=0.424",deterministic_kmeans,cosine,2,outputs/rwtd_sam3_auto/coarse_vs_fine_sam_scales/stage2/train_learned_global_gates_coarse_plus_next_finer_test/checkpoint.pt,permutation_invariant_binary_partition,architexture_binary_v1,0.9746191503843931,0.9497386262122518
learned_global_gates_coarse_plus_next_finer,test,36,207,"cluster_0->texture_a,cluster_1->texture_b",0.9754200963960515,0.9509928394231788,0.00620269775390625,0.9509928394231788,"[""fpn_2"", ""fpn_1""]",fpn_2,"[""fpn_2"", ""fpn_1"", ""fpn_0""]","{""fpn_0"": [256, 288, 288], ""fpn_1"": [256, 144, 144], ""fpn_2"": [256, 72, 72]}","{""fpn_1"": [256, 72, 72], ""fpn_2"": [256, 72, 72]}",72,72,64,32,True,"[0.15416643023490906, -0.15416641533374786]","{""fpn_1"": 0.4235217273235321, ""fpn_2"": 0.5764782428741455}","fpn_2=0.576,fpn_1=0.424",deterministic_kmeans,cosine,2,outputs/rwtd_sam3_auto/coarse_vs_fine_sam_scales/stage2/train_learned_global_gates_coarse_plus_next_finer_test/checkpoint.pt,permutation_invariant_binary_partition,architexture_binary_v1,0.9754200963960515,0.9509928394231788
learned_global_gates_coarse_plus_next_finer,test,37,210,"cluster_0->texture_a,cluster_1->texture_b",0.9717361105911801,0.9439780278834548,0.007153626888969098,0.9439780278834548,"[""fpn_2"", ""fpn_1""]",fpn_2,"[""fpn_2"", ""fpn_1"", ""fpn_0""]","{""fpn_0"": [256, 288, 288], ""fpn_1"": [256, 144, 144], ""fpn_2"": [256, 72, 72]}","{""fpn_1"": [256, 72, 72], ""fpn_2"": [256, 72, 72]}",72,72,64,32,True,"[0.15416643023490906, -0.15416641533374786]","{""fpn_1"": 0.4235217273235321, ""fpn_2"": 0.5764782428741455}","fpn_2=0.576,fpn_1=0.424",deterministic_kmeans,cosine,2,outputs/rwtd_sam3_auto/coarse_vs_fine_sam_scales/stage2/train_learned_global_gates_coarse_plus_next_finer_test/checkpoint.pt,permutation_invariant_binary_partition,architexture_binary_v1,0.9717361105911801,0.9439780278834548
learned_global_gates_coarse_plus_next_finer,test,38,213,"cluster_0->texture_a,cluster_1->texture_b",0.9896230463255764,0.9796493017258762,0.0025593892037087114,0.9796493017258762,"[""fpn_2"", ""fpn_1""]",fpn_2,"[""fpn_2"", ""fpn_1"", ""fpn_0""]","{""fpn_0"": [256, 288, 288], ""fpn_1"": [256, 144, 144], ""fpn_2"": [256, 72, 72]}","{""fpn_1"": [256, 72, 72], ""fpn_2"": [256, 72, 72]}",72,72,64,32,True,"[0.15416643023490906, -0.15416641533374786]","{""fpn_1"": 0.4235217273235321, ""fpn_2"": 0.5764782428741455}","fpn_2=0.576,fpn_1=0.424",deterministic_kmeans,cosine,2,outputs/rwtd_sam3_auto/coarse_vs_fine_sam_scales/stage2/train_learned_global_gates_coarse_plus_next_finer_test/checkpoint.pt,permutation_invariant_binary_partition,architexture_binary_v1,0.9896230463255764,0.9796493017258762
learned_global_gates_coarse_plus_next_finer,test,39,214,"cluster_0->texture_a,cluster_1->texture_b",0.9787846495044825,0.9580248283563272,0.005302753631836881,0.9580248283563272,"[""fpn_2"", ""fpn_1""]",fpn_2,"[""fpn_2"", ""fpn_1"", ""fpn_0""]","{""fpn_0"": [256, 288, 288], ""fpn_1"": [256, 144, 144], ""fpn_2"": [256, 72, 72]}","{""fpn_1"": [256, 72, 72], ""fpn_2"": [256, 72, 72]}",72,72,64,32,True,"[0.15416643023490906, -0.15416641533374786]","{""fpn_1"": 0.4235217273235321, ""fpn_2"": 0.5764782428741455}","fpn_2=0.576,fpn_1=0.424",deterministic_kmeans,cosine,2,outputs/rwtd_sam3_auto/coarse_vs_fine_sam_scales/stage2/train_learned_global_gates_coarse_plus_next_finer_test/checkpoint.pt,permutation_invariant_binary_partition,architexture_binary_v1,0.9787846495044825,0.9580248283563272
learned_global_gates_coarse_plus_next_finer,test,40,215,"cluster_0->texture_a,cluster_1->texture_b",0.9855771714794116,0.9719186711190542,0.00353240966796875,0.9719186711190542,"[""fpn_2"", ""fpn_1""]",fpn_2,"[""fpn_2"", ""fpn_1"", ""fpn_0""]","{""fpn_0"": [256, 288, 288], ""fpn_1"": [256, 144, 144], ""fpn_2"": [256, 72, 72]}","{""fpn_1"": [256, 72, 72], ""fpn_2"": [256, 72, 72]}",72,72,64,32,True,"[0.15416643023490906, -0.15416641533374786]","{""fpn_1"": 0.4235217273235321, ""fpn_2"": 0.5764782428741455}","fpn_2=0.576,fpn_1=0.424",deterministic_kmeans,cosine,2,outputs/rwtd_sam3_auto/coarse_vs_fine_sam_scales/stage2/train_learned_global_gates_coarse_plus_next_finer_test/checkpoint.pt,permutation_invariant_binary_partition,architexture_binary_v1,0.9855771714794116,0.9719186711190542
learned_global_gates_coarse_plus_next_finer,test,41,216,"cluster_0->texture_a,cluster_1->texture_b",0.8854224727182289,0.7722567907452537,0.031157873119262394,0.7722567907452537,"[""fpn_2"", ""fpn_1""]",fpn_2,"[""fpn_2"", ""fpn_1"", ""fpn_0""]","{""fpn_0"": [256, 288, 288], ""fpn_1"": [256, 144, 144], ""fpn_2"": [256, 72, 72]}","{""fpn_1"": [256, 72, 72], ""fpn_2"": [256, 72, 72]}",72,72,64,32,True,"[0.15416643023490906, -0.15416641533374786]","{""fpn_1"": 0.4235217273235321, ""fpn_2"": 0.5764782428741455}","fpn_2=0.576,fpn_1=0.424",deterministic_kmeans,cosine,2,outputs/rwtd_sam3_auto/coarse_vs_fine_sam_scales/stage2/train_learned_global_gates_coarse_plus_next_finer_test/checkpoint.pt,permutation_invariant_binary_partition,architexture_binary_v1,0.8854224727182289,0.7722567907452537
learned_global_gates_coarse_plus_next_finer,test,42,219,"cluster_0->texture_a,cluster_1->texture_b",0.9771321717099064,0.9545070256964056,0.005762610874255061,0.9545070256964056,"[""fpn_2"", ""fpn_1""]",fpn_2,"[""fpn_2"", ""fpn_1"", ""fpn_0""]","{""fpn_0"": [256, 288, 288], ""fpn_1"": [256, 144, 144], ""fpn_2"": [256, 72, 72]}","{""fpn_1"": [256, 72, 72], ""fpn_2"": [256, 72, 72]}",72,72,64,32,True,"[0.15416643023490906, -0.15416641533374786]","{""fpn_1"": 0.4235217273235321, ""fpn_2"": 0.5764782428741455}","fpn_2=0.576,fpn_1=0.424",deterministic_kmeans,cosine,2,outputs/rwtd_sam3_auto/coarse_vs_fine_sam_scales/stage2/train_learned_global_gates_coarse_plus_next_finer_test/checkpoint.pt,permutation_invariant_binary_partition,architexture_binary_v1,0.9771321717099064,0.9545070256964056
learned_global_gates_coarse_plus_next_finer,test,43,22,"cluster_0->texture_a,cluster_1->texture_b",0.9278767393802977,0.8566699795029178,0.01880778250296105,0.8566699795029178,"[""fpn_2"", ""fpn_1""]",fpn_2,"[""fpn_2"", ""fpn_1"", ""fpn_0""]","{""fpn_0"": [256, 288, 288], ""fpn_1"": [256, 144, 144], ""fpn_2"": [256, 72, 72]}","{""fpn_1"": [256, 72, 72], ""fpn_2"": [256, 72, 72]}",72,72,64,32,True,"[0.15416643023490906, -0.15416641533374786]","{""fpn_1"": 0.4235217273235321, ""fpn_2"": 0.5764782428741455}","fpn_2=0.576,fpn_1=0.424",deterministic_kmeans,cosine,2,outputs/rwtd_sam3_auto/coarse_vs_fine_sam_scales/stage2/train_learned_global_gates_coarse_plus_next_finer_test/checkpoint.pt,permutation_invariant_binary_partition,architexture_binary_v1,0.9278767393802977,0.8566699795029178
learned_global_gates_coarse_plus_next_finer,test,44,221,"cluster_0->texture_a,cluster_1->texture_b",0.9901156909076791,0.9802615984132239,0.0024852334764365654,0.9802615984132239,"[""fpn_2"", ""fpn_1""]",fpn_2,"[""fpn_2"", ""fpn_1"", ""fpn_0""]","{""fpn_0"": [256, 288, 288], ""fpn_1"": [256, 144, 144], ""fpn_2"": [256, 72, 72]}","{""fpn_1"": [256, 72, 72], ""fpn_2"": [256, 72, 72]}",72,72,64,32,True,"[0.15416643023490906, -0.15416641533374786]","{""fpn_1"": 0.4235217273235321, ""fpn_2"": 0.5764782428741455}","fpn_2=0.576,fpn_1=0.424",deterministic_kmeans,cosine,2,outputs/rwtd_sam3_auto/coarse_vs_fine_sam_scales/stage2/train_learned_global_gates_coarse_plus_next_finer_test/checkpoint.pt,permutation_invariant_binary_partition,architexture_binary_v1,0.9901156909076791,0.9802615984132239
learned_global_gates_coarse_plus_next_finer,test,45,222,"cluster_1->texture_a,cluster_0->texture_b",0.008056392386209855,0.932394719424557,0.957828905300462,0.932394719424557,"[""fpn_2"", ""fpn_1""]",fpn_2,"[""fpn_2"", ""fpn_1"", ""fpn_0""]","{""fpn_0"": [256, 288, 288], ""fpn_1"": [256, 144, 144], ""fpn_2"": [256, 72, 72]}","{""fpn_1"": [256, 72, 72], ""fpn_2"": [256, 72, 72]}",72,72,64,32,True,"[0.15416643023490906, -0.15416641533374786]","{""fpn_1"": 0.4235217273235321, ""fpn_2"": 0.5764782428741455}","fpn_2=0.576,fpn_1=0.424",deterministic_kmeans,cosine,2,outputs/rwtd_sam3_auto/coarse_vs_fine_sam_scales/stage2/train_learned_global_gates_coarse_plus_next_finer_test/checkpoint.pt,permutation_invariant_binary_partition,architexture_binary_v1,0.957828905300462,0.932394719424557
learned_global_gates_coarse_plus_next_finer,test,46,224,"cluster_0->texture_a,cluster_1->texture_b",0.9629447153177109,0.9259821707794561,0.009434236900116293,0.9259821707794561,"[""fpn_2"", ""fpn_1""]",fpn_2,"[""fpn_2"", ""fpn_1"", ""fpn_0""]","{""fpn_0"": [256, 288, 288], ""fpn_1"": [256, 144, 144], ""fpn_2"": [256, 72, 72]}","{""fpn_1"": [256, 72, 72], ""fpn_2"": [256, 72, 72]}",72,72,64,32,True,"[0.15416643023490906, -0.15416641533374786]","{""fpn_1"": 0.4235217273235321, ""fpn_2"": 0.5764782428741455}","fpn_2=0.576,fpn_1=0.424",deterministic_kmeans,cosine,2,outputs/rwtd_sam3_auto/coarse_vs_fine_sam_scales/stage2/train_learned_global_gates_coarse_plus_next_finer_test/checkpoint.pt,permutation_invariant_binary_partition,architexture_binary_v1,0.9629447153177109,0.9259821707794561
learned_global_gates_coarse_plus_next_finer,test,47,229,"cluster_0->texture_a,cluster_1->texture_b",0.9754962877709376,0.9521550648538432,0.006050849176398051,0.9521550648538432,"[""fpn_2"", ""fpn_1""]",fpn_2,"[""fpn_2"", ""fpn_1"", ""fpn_0""]","{""fpn_0"": [256, 288, 288], ""fpn_1"": [256, 144, 144], ""fpn_2"": [256, 72, 72]}","{""fpn_1"": [256, 72, 72], ""fpn_2"": [256, 72, 72]}",72,72,64,32,True,"[0.15416643023490906, -0.15416641533374786]","{""fpn_1"": 0.4235217273235321, ""fpn_2"": 0.5764782428741455}","fpn_2=0.576,fpn_1=0.424",deterministic_kmeans,cosine,2,outputs/rwtd_sam3_auto/coarse_vs_fine_sam_scales/stage2/train_learned_global_gates_coarse_plus_next_finer_test/checkpoint.pt,permutation_invariant_binary_partition,architexture_binary_v1,0.9754962877709376,0.9521550648538432
learned_global_gates_coarse_plus_next_finer,test,48,237,"cluster_0->texture_a,cluster_1->texture_b",0.9753241327650175,0.9506956368760362,0.006246737857265459,0.9506956368760362,"[""fpn_2"", ""fpn_1""]",fpn_2,"[""fpn_2"", ""fpn_1"", ""fpn_0""]","{""fpn_0"": [256, 288, 288], ""fpn_1"": [256, 144, 144], ""fpn_2"": [256, 72, 72]}","{""fpn_1"": [256, 72, 72], ""fpn_2"": [256, 72, 72]}",72,72,64,32,True,"[0.15416643023490906, -0.15416641533374786]","{""fpn_1"": 0.4235217273235321, ""fpn_2"": 0.5764782428741455}","fpn_2=0.576,fpn_1=0.424",deterministic_kmeans,cosine,2,outputs/rwtd_sam3_auto/coarse_vs_fine_sam_scales/stage2/train_learned_global_gates_coarse_plus_next_finer_test/checkpoint.pt,permutation_invariant_binary_partition,architexture_binary_v1,0.9753241327650175,0.9506956368760362
learned_global_gates_coarse_plus_next_finer,test,49,24,"cluster_0->texture_a,cluster_1->texture_b",0.930352639260026,0.899566502336476,0.010524009079430888,0.899566502336476,"[""fpn_2"", ""fpn_1""]",fpn_2,"[""fpn_2"", ""fpn_1"", ""fpn_0""]","{""fpn_0"": [256, 288, 288], ""fpn_1"": [256, 144, 144], ""fpn_2"": [256, 72, 72]}","{""fpn_1"": [256, 72, 72], ""fpn_2"": [256, 72, 72]}",72,72,64,32,True,"[0.15416643023490906, -0.15416641533374786]","{""fpn_1"": 0.4235217273235321, ""fpn_2"": 0.5764782428741455}","fpn_2=0.576,fpn_1=0.424",deterministic_kmeans,cosine,2,outputs/rwtd_sam3_auto/coarse_vs_fine_sam_scales/stage2/train_learned_global_gates_coarse_plus_next_finer_test/checkpoint.pt,permutation_invariant_binary_partition,architexture_binary_v1,0.930352639260026,0.899566502336476
learned_global_gates_coarse_plus_next_finer,test,50,240,"cluster_1->texture_a,cluster_0->texture_b",0.0028352611424730945,0.9774682095695746,0.988440728530233,0.9774682095695746,"[""fpn_2"", ""fpn_1""]",fpn_2,"[""fpn_2"", ""fpn_1"", ""fpn_0""]","{""fpn_0"": [256, 288, 288], ""fpn_1"": [256, 144, 144], ""fpn_2"": [256, 72, 72]}","{""fpn_1"": [256, 72, 72], ""fpn_2"": [256, 72, 72]}",72,72,64,32,True,"[0.15416643023490906, -0.15416641533374786]","{""fpn_1"": 0.4235217273235321, ""fpn_2"": 0.5764782428741455}","fpn_2=0.576,fpn_1=0.424",deterministic_kmeans,cosine,2,outputs/rwtd_sam3_auto/coarse_vs_fine_sam_scales/stage2/train_learned_global_gates_coarse_plus_next_finer_test/checkpoint.pt,permutation_invariant_binary_partition,architexture_binary_v1,0.988440728530233,0.9774682095695746
learned_global_gates_coarse_plus_next_finer,test,51,244,"cluster_0->texture_a,cluster_1->texture_b",0.8373635858632962,0.7212138432538001,0.03624983488536153,0.7212138432538001,"[""fpn_2"", ""fpn_1""]",fpn_2,"[""fpn_2"", ""fpn_1"", ""fpn_0""]","{""fpn_0"": [256, 288, 288], ""fpn_1"": [256, 144, 144], ""fpn_2"": [256, 72, 72]}","{""fpn_1"": [256, 72, 72], ""fpn_2"": [256, 72, 72]}",72,72,64,32,True,"[0.15416643023490906, -0.15416641533374786]","{""fpn_1"": 0.4235217273235321, ""fpn_2"": 0.5764782428741455}","fpn_2=0.576,fpn_1=0.424",deterministic_kmeans,cosine,2,outputs/rwtd_sam3_auto/coarse_vs_fine_sam_scales/stage2/train_learned_global_gates_coarse_plus_next_finer_test/checkpoint.pt,permutation_invariant_binary_partition,architexture_binary_v1,0.8373635858632962,0.7212138432538001
learned_global_gates_coarse_plus_next_finer,test,52,245,"cluster_1->texture_a,cluster_0->texture_b",0.008583940047825667,0.9322583964596982,0.9631840365581052,0.9322583964596982,"[""fpn_2"", ""fpn_1""]",fpn_2,"[""fpn_2"", ""fpn_1"", ""fpn_0""]","{""fpn_0"": [256, 288, 288], ""fpn_1"": [256, 144, 144], ""fpn_2"": [256, 72, 72]}","{""fpn_1"": [256, 72, 72], ""fpn_2"": [256, 72, 72]}",72,72,64,32,True,"[0.15416643023490906, -0.15416641533374786]","{""fpn_1"": 0.4235217273235321, ""fpn_2"": 0.5764782428741455}","fpn_2=0.576,fpn_1=0.424",deterministic_kmeans,cosine,2,outputs/rwtd_sam3_auto/coarse_vs_fine_sam_scales/stage2/train_learned_global_gates_coarse_plus_next_finer_test/checkpoint.pt,permutation_invariant_binary_partition,architexture_binary_v1,0.9631840365581052,0.9322583964596982
learned_global_gates_coarse_plus_next_finer,test,53,246,"cluster_1->texture_a,cluster_0->texture_b",0.004567047877910018,0.9639530725676327,0.9819288497107512,0.9639530725676327,"[""fpn_2"", ""fpn_1""]",fpn_2,"[""fpn_2"", ""fpn_1"", ""fpn_0""]","{""fpn_0"": [256, 288, 288], ""fpn_1"": [256, 144, 144], ""fpn_2"": [256, 72, 72]}","{""fpn_1"": [256, 72, 72], ""fpn_2"": [256, 72, 72]}",72,72,64,32,True,"[0.15416643023490906, -0.15416641533374786]","{""fpn_1"": 0.4235217273235321, ""fpn_2"": 0.5764782428741455}","fpn_2=0.576,fpn_1=0.424",deterministic_kmeans,cosine,2,outputs/rwtd_sam3_auto/coarse_vs_fine_sam_scales/stage2/train_learned_global_gates_coarse_plus_next_finer_test/checkpoint.pt,permutation_invariant_binary_partition,architexture_binary_v1,0.9819288497107512,0.9639530725676327
learned_global_gates_coarse_plus_next_finer,test,54,247,"cluster_0->texture_a,cluster_1->texture_b",0.8934842796239527,0.7877273377212447,0.02811431884765625,0.7877273377212447,"[""fpn_2"", ""fpn_1""]",fpn_2,"[""fpn_2"", ""fpn_1"", ""fpn_0""]","{""fpn_0"": [256, 288, 288], ""fpn_1"": [256, 144, 144], ""fpn_2"": [256, 72, 72]}","{""fpn_1"": [256, 72, 72], ""fpn_2"": [256, 72, 72]}",72,72,64,32,True,"[0.15416643023490906, -0.15416641533374786]","{""fpn_1"": 0.4235217273235321, ""fpn_2"": 0.5764782428741455}","fpn_2=0.576,fpn_1=0.424",deterministic_kmeans,cosine,2,outputs/rwtd_sam3_auto/coarse_vs_fine_sam_scales/stage2/train_learned_global_gates_coarse_plus_next_finer_test/checkpoint.pt,permutation_invariant_binary_partition,architexture_binary_v1,0.8934842796239527,0.7877273377212447
learned_global_gates_coarse_plus_next_finer,test,55,25,"cluster_0->texture_a,cluster_1->texture_b",0.9546612887608551,0.9131578025773079,0.011178318396481974,0.9131578025773079,"[""fpn_2"", ""fpn_1""]",fpn_2,"[""fpn_2"", ""fpn_1"", ""fpn_0""]","{""fpn_0"": [256, 288, 288], ""fpn_1"": [256, 144, 144], ""fpn_2"": [256, 72, 72]}","{""fpn_1"": [256, 72, 72], ""fpn_2"": [256, 72, 72]}",72,72,64,32,True,"[0.15416643023490906, -0.15416641533374786]","{""fpn_1"": 0.4235217273235321, ""fpn_2"": 0.5764782428741455}","fpn_2=0.576,fpn_1=0.424",deterministic_kmeans,cosine,2,outputs/rwtd_sam3_auto/coarse_vs_fine_sam_scales/stage2/train_learned_global_gates_coarse_plus_next_finer_test/checkpoint.pt,permutation_invariant_binary_partition,architexture_binary_v1,0.9546612887608551,0.9131578025773079
learned_global_gates_coarse_plus_next_finer,test,56,250,"cluster_1->texture_a,cluster_0->texture_b",0.010692351259392146,0.9151279625723064,0.9515549450933609,0.9151279625723064,"[""fpn_2"", ""fpn_1""]",fpn_2,"[""fpn_2"", ""fpn_1"", ""fpn_0""]","{""fpn_0"": [256, 288, 288], ""fpn_1"": [256, 144, 144], ""fpn_2"": [256, 72, 72]}","{""fpn_1"": [256, 72, 72], ""fpn_2"": [256, 72, 72]}",72,72,64,32,True,"[0.15416643023490906, -0.15416641533374786]","{""fpn_1"": 0.4235217273235321, ""fpn_2"": 0.5764782428741455}","fpn_2=0.576,fpn_1=0.424",deterministic_kmeans,cosine,2,outputs/rwtd_sam3_auto/coarse_vs_fine_sam_scales/stage2/train_learned_global_gates_coarse_plus_next_finer_test/checkpoint.pt,permutation_invariant_binary_partition,architexture_binary_v1,0.9515549450933609,0.9151279625723064
learned_global_gates_coarse_plus_next_finer,test,57,251,"cluster_0->texture_a,cluster_1->texture_b",0.9684316819111788,0.9368798244416402,0.00801849365234375,0.9368798244416402,"[""fpn_2"", ""fpn_1""]",fpn_2,"[""fpn_2"", ""fpn_1"", ""fpn_0""]","{""fpn_0"": [256, 288, 288], ""fpn_1"": [256, 144, 144], ""fpn_2"": [256, 72, 72]}","{""fpn_1"": [256, 72, 72], ""fpn_2"": [256, 72, 72]}",72,72,64,32,True,"[0.15416643023490906, -0.15416641533374786]","{""fpn_1"": 0.4235217273235321, ""fpn_2"": 0.5764782428741455}","fpn_2=0.576,fpn_1=0.424",deterministic_kmeans,cosine,2,outputs/rwtd_sam3_auto/coarse_vs_fine_sam_scales/stage2/train_learned_global_gates_coarse_plus_next_finer_test/checkpoint.pt,permutation_invariant_binary_partition,architexture_binary_v1,0.9684316819111788,0.9368798244416402
learned_global_gates_coarse_plus_next_finer,test,58,253,"cluster_0->texture_a,cluster_1->texture_b",0.9617632079190845,0.9259023386156972,0.009481907948559203,0.9259023386156972,"[""fpn_2"", ""fpn_1""]",fpn_2,"[""fpn_2"", ""fpn_1"", ""fpn_0""]","{""fpn_0"": [256, 288, 288], ""fpn_1"": [256, 144, 144], ""fpn_2"": [256, 72, 72]}","{""fpn_1"": [256, 72, 72], ""fpn_2"": [256, 72, 72]}",72,72,64,32,True,"[0.15416643023490906, -0.15416641533374786]","{""fpn_1"": 0.4235217273235321, ""fpn_2"": 0.5764782428741455}","fpn_2=0.576,fpn_1=0.424",deterministic_kmeans,cosine,2,outputs/rwtd_sam3_auto/coarse_vs_fine_sam_scales/stage2/train_learned_global_gates_coarse_plus_next_finer_test/checkpoint.pt,permutation_invariant_binary_partition,architexture_binary_v1,0.9617632079190845,0.9259023386156972
learned_global_gates_coarse_plus_next_finer,test,59,254,"cluster_0->texture_a,cluster_1->texture_b",0.9744010229894056,0.9493802753989574,0.00640869140625,0.9493802753989574,"[""fpn_2"", ""fpn_1""]",fpn_2,"[""fpn_2"", ""fpn_1"", ""fpn_0""]","{""fpn_0"": [256, 288, 288], ""fpn_1"": [256, 144, 144], ""fpn_2"": [256, 72, 72]}","{""fpn_1"": [256, 72, 72], ""fpn_2"": [256, 72, 72]}",72,72,64,32,True,"[0.15416643023490906, -0.15416641533374786]","{""fpn_1"": 0.4235217273235321, ""fpn_2"": 0.5764782428741455}","fpn_2=0.576,fpn_1=0.424",deterministic_kmeans,cosine,2,outputs/rwtd_sam3_auto/coarse_vs_fine_sam_scales/stage2/train_learned_global_gates_coarse_plus_next_finer_test/checkpoint.pt,permutation_invariant_binary_partition,architexture_binary_v1,0.9744010229894056,0.9493802753989574
learned_global_gates_coarse_plus_next_finer,test,60,256,"cluster_0->texture_a,cluster_1->texture_b",0.9808969393300757,0.9617971907853665,0.004823518034598883,0.9617971907853665,"[""fpn_2"", ""fpn_1""]",fpn_2,"[""fpn_2"", ""fpn_1"", ""fpn_0""]","{""fpn_0"": [256, 288, 288], ""fpn_1"": [256, 144, 144], ""fpn_2"": [256, 72, 72]}","{""fpn_1"": [256, 72, 72], ""fpn_2"": [256, 72, 72]}",72,72,64,32,True,"[0.15416643023490906, -0.15416641533374786]","{""fpn_1"": 0.4235217273235321, ""fpn_2"": 0.5764782428741455}","fpn_2=0.576,fpn_1=0.424",deterministic_kmeans,cosine,2,outputs/rwtd_sam3_auto/coarse_vs_fine_sam_scales/stage2/train_learned_global_gates_coarse_plus_next_finer_test/checkpoint.pt,permutation_invariant_binary_partition,architexture_binary_v1,0.9808969393300757,0.9617971907853665
learned_global_gates_coarse_plus_next_finer,test,61,257,"cluster_0->texture_a,cluster_1->texture_b",0.9662610950647512,0.9366518716228617,0.008073526558119853,0.9366518716228617,"[""fpn_2"", ""fpn_1""]",fpn_2,"[""fpn_2"", ""fpn_1"", ""fpn_0""]","{""fpn_0"": [256, 288, 288], ""fpn_1"": [256, 144, 144], ""fpn_2"": [256, 72, 72]}","{""fpn_1"": [256, 72, 72], ""fpn_2"": [256, 72, 72]}",72,72,64,32,True,"[0.15416643023490906, -0.15416641533374786]","{""fpn_1"": 0.4235217273235321, ""fpn_2"": 0.5764782428741455}","fpn_2=0.576,fpn_1=0.424",deterministic_kmeans,cosine,2,outputs/rwtd_sam3_auto/coarse_vs_fine_sam_scales/stage2/train_learned_global_gates_coarse_plus_next_finer_test/checkpoint.pt,permutation_invariant_binary_partition,architexture_binary_v1,0.9662610950647512,0.9366518716228617
learned_global_gates_coarse_plus_next_finer,test,62,258,"cluster_0->texture_a,cluster_1->texture_b",0.9693127361763494,0.9388298218760193,0.007816366702900042,0.9388298218760193,"[""fpn_2"", ""fpn_1""]",fpn_2,"[""fpn_2"", ""fpn_1"", ""fpn_0""]","{""fpn_0"": [256, 288, 288], ""fpn_1"": [256, 144, 144], ""fpn_2"": [256, 72, 72]}","{""fpn_1"": [256, 72, 72], ""fpn_2"": [256, 72, 72]}",72,72,64,32,True,"[0.15416643023490906, -0.15416641533374786]","{""fpn_1"": 0.4235217273235321, ""fpn_2"": 0.5764782428741455}","fpn_2=0.576,fpn_1=0.424",deterministic_kmeans,cosine,2,outputs/rwtd_sam3_auto/coarse_vs_fine_sam_scales/stage2/train_learned_global_gates_coarse_plus_next_finer_test/checkpoint.pt,permutation_invariant_binary_partition,architexture_binary_v1,0.9693127361763494,0.9388298218760193
learned_global_gates_coarse_plus_next_finer,test,63,259,"cluster_0->texture_a,cluster_1->texture_b",0.9746262561098722,0.956850133731405,0.005294119331299526,0.956850133731405,"[""fpn_2"", ""fpn_1""]",fpn_2,"[""fpn_2"", ""fpn_1"", ""fpn_0""]","{""fpn_0"": [256, 288, 288], ""fpn_1"": [256, 144, 144], ""fpn_2"": [256, 72, 72]}","{""fpn_1"": [256, 72, 72], ""fpn_2"": [256, 72, 72]}",72,72,64,32,True,"[0.15416643023490906, -0.15416641533374786]","{""fpn_1"": 0.4235217273235321, ""fpn_2"": 0.5764782428741455}","fpn_2=0.576,fpn_1=0.424",deterministic_kmeans,cosine,2,outputs/rwtd_sam3_auto/coarse_vs_fine_sam_scales/stage2/train_learned_global_gates_coarse_plus_next_finer_test/checkpoint.pt,permutation_invariant_binary_partition,architexture_binary_v1,0.9746262561098722,0.956850133731405
learned_global_gates_coarse_plus_next_finer,test,64,260,"cluster_1->texture_a,cluster_0->texture_b",0.0031671198199008776,0.9748906762180639,0.9874365877442299,0.9748906762180639,"[""fpn_2"", ""fpn_1""]",fpn_2,"[""fpn_2"", ""fpn_1"", ""fpn_0""]","{""fpn_0"": [256, 288, 288], ""fpn_1"": [256, 144, 144], ""fpn_2"": [256, 72, 72]}","{""fpn_1"": [256, 72, 72], ""fpn_2"": [256, 72, 72]}",72,72,64,32,True,"[0.15416643023490906, -0.15416641533374786]","{""fpn_1"": 0.4235217273235321, ""fpn_2"": 0.5764782428741455}","fpn_2=0.576,fpn_1=0.424",deterministic_kmeans,cosine,2,outputs/rwtd_sam3_auto/coarse_vs_fine_sam_scales/stage2/train_learned_global_gates_coarse_plus_next_finer_test/checkpoint.pt,permutation_invariant_binary_partition,architexture_binary_v1,0.9874365877442299,0.9748906762180639
learned_global_gates_coarse_plus_next_finer,test,65,261,"cluster_0->texture_a,cluster_1->texture_b",0.9821941402479455,0.9650782717115175,0.0044125955783320455,0.9650782717115175,"[""fpn_2"", ""fpn_1""]",fpn_2,"[""fpn_2"", ""fpn_1"", ""fpn_0""]","{""fpn_0"": [256, 288, 288], ""fpn_1"": [256, 144, 144], ""fpn_2"": [256, 72, 72]}","{""fpn_1"": [256, 72, 72], ""fpn_2"": [256, 72, 72]}",72,72,64,32,True,"[0.15416643023490906, -0.15416641533374786]","{""fpn_1"": 0.4235217273235321, ""fpn_2"": 0.5764782428741455}","fpn_2=0.576,fpn_1=0.424",deterministic_kmeans,cosine,2,outputs/rwtd_sam3_auto/coarse_vs_fine_sam_scales/stage2/train_learned_global_gates_coarse_plus_next_finer_test/checkpoint.pt,permutation_invariant_binary_partition,architexture_binary_v1,0.9821941402479455,0.9650782717115175
learned_global_gates_coarse_plus_next_finer,test,66,262,"cluster_0->texture_a,cluster_1->texture_b",0.9526272862689893,0.9061707801169517,0.01201629638671875,0.9061707801169517,"[""fpn_2"", ""fpn_1""]",fpn_2,"[""fpn_2"", ""fpn_1"", ""fpn_0""]","{""fpn_0"": [256, 288, 288], ""fpn_1"": [256, 144, 144], ""fpn_2"": [256, 72, 72]}","{""fpn_1"": [256, 72, 72], ""fpn_2"": [256, 72, 72]}",72,72,64,32,True,"[0.15416643023490906, -0.15416641533374786]","{""fpn_1"": 0.4235217273235321, ""fpn_2"": 0.5764782428741455}","fpn_2=0.576,fpn_1=0.424",deterministic_kmeans,cosine,2,outputs/rwtd_sam3_auto/coarse_vs_fine_sam_scales/stage2/train_learned_global_gates_coarse_plus_next_finer_test/checkpoint.pt,permutation_invariant_binary_partition,architexture_binary_v1,0.9526272862689893,0.9061707801169517
learned_global_gates_coarse_plus_next_finer,test,67,263,"cluster_0->texture_a,cluster_1->texture_b",0.9796813086391245,0.9594638882065897,0.005121626628644074,0.9594638882065897,"[""fpn_2"", ""fpn_1""]",fpn_2,"[""fpn_2"", ""fpn_1"", ""fpn_0""]","{""fpn_0"": [256, 288, 288], ""fpn_1"": [256, 144, 144], ""fpn_2"": [256, 72, 72]}","{""fpn_1"": [256, 72, 72], ""fpn_2"": [256, 72, 72]}",72,72,64,32,True,"[0.15416643023490906, -0.15416641533374786]","{""fpn_1"": 0.4235217273235321, ""fpn_2"": 0.5764782428741455}","fpn_2=0.576,fpn_1=0.424",deterministic_kmeans,cosine,2,outputs/rwtd_sam3_auto/coarse_vs_fine_sam_scales/stage2/train_learned_global_gates_coarse_plus_next_finer_test/checkpoint.pt,permutation_invariant_binary_partition,architexture_binary_v1,0.9796813086391245,0.9594638882065897
learned_global_gates_coarse_plus_next_finer,test,68,265,"cluster_1->texture_a,cluster_0->texture_b",0.09091949462890625,0.39172496974594295,0.6466854453186491,0.39172496974594295,"[""fpn_2"", ""fpn_1""]",fpn_2,"[""fpn_2"", ""fpn_1"", ""fpn_0""]","{""fpn_0"": [256, 288, 288], ""fpn_1"": [256, 144, 144], ""fpn_2"": [256, 72, 72]}","{""fpn_1"": [256, 72, 72], ""fpn_2"": [256, 72, 72]}",72,72,64,32,True,"[0.15416643023490906, -0.15416641533374786]","{""fpn_1"": 0.4235217273235321, ""fpn_2"": 0.5764782428741455}","fpn_2=0.576,fpn_1=0.424",deterministic_kmeans,cosine,2,outputs/rwtd_sam3_auto/coarse_vs_fine_sam_scales/stage2/train_learned_global_gates_coarse_plus_next_finer_test/checkpoint.pt,permutation_invariant_binary_partition,architexture_binary_v1,0.6466854453186491,0.39172496974594295
learned_global_gates_coarse_plus_next_finer,test,69,268,"cluster_1->texture_a,cluster_0->texture_b",0.020184200734532726,0.8469272274207368,0.9231596183357215,0.8469272274207368,"[""fpn_2"", ""fpn_1""]",fpn_2,"[""fpn_2"", ""fpn_1"", ""fpn_0""]","{""fpn_0"": [256, 288, 288], ""fpn_1"": [256, 144, 144], ""fpn_2"": [256, 72, 72]}","{""fpn_1"": [256, 72, 72], ""fpn_2"": [256, 72, 72]}",72,72,64,32,True,"[0.15416643023490906, -0.15416641533374786]","{""fpn_1"": 0.4235217273235321, ""fpn_2"": 0.5764782428741455}","fpn_2=0.576,fpn_1=0.424",deterministic_kmeans,cosine,2,outputs/rwtd_sam3_auto/coarse_vs_fine_sam_scales/stage2/train_learned_global_gates_coarse_plus_next_finer_test/checkpoint.pt,permutation_invariant_binary_partition,architexture_binary_v1,0.9231596183357215,0.8469272274207368
learned_global_gates_coarse_plus_next_finer,test,70,269,"cluster_1->texture_a,cluster_0->texture_b",0.018228869678770337,0.8601793952479577,0.9299489714069683,0.8601793952479577,"[""fpn_2"", ""fpn_1""]",fpn_2,"[""fpn_2"", ""fpn_1"", ""fpn_0""]","{""fpn_0"": [256, 288, 288], ""fpn_1"": [256, 144, 144], ""fpn_2"": [256, 72, 72]}","{""fpn_1"": [256, 72, 72], ""fpn_2"": [256, 72, 72]}",72,72,64,32,True,"[0.15416643023490906, -0.15416641533374786]","{""fpn_1"": 0.4235217273235321, ""fpn_2"": 0.5764782428741455}","fpn_2=0.576,fpn_1=0.424",deterministic_kmeans,cosine,2,outputs/rwtd_sam3_auto/coarse_vs_fine_sam_scales/stage2/train_learned_global_gates_coarse_plus_next_finer_test/checkpoint.pt,permutation_invariant_binary_partition,architexture_binary_v1,0.9299489714069683,0.8601793952479577
learned_global_gates_coarse_plus_next_finer,test,71,27,"cluster_0->texture_a,cluster_1->texture_b",0.9189334035256831,0.8467480585591514,0.020205615169662114,0.8467480585591514,"[""fpn_2"", ""fpn_1""]",fpn_2,"[""fpn_2"", ""fpn_1"", ""fpn_0""]","{""fpn_0"": [256, 288, 288], ""fpn_1"": [256, 144, 144], ""fpn_2"": [256, 72, 72]}","{""fpn_1"": [256, 72, 72], ""fpn_2"": [256, 72, 72]}",72,72,64,32,True,"[0.15416643023490906, -0.15416641533374786]","{""fpn_1"": 0.4235217273235321, ""fpn_2"": 0.5764782428741455}","fpn_2=0.576,fpn_1=0.424",deterministic_kmeans,cosine,2,outputs/rwtd_sam3_auto/coarse_vs_fine_sam_scales/stage2/train_learned_global_gates_coarse_plus_next_finer_test/checkpoint.pt,permutation_invariant_binary_partition,architexture_binary_v1,0.9189334035256831,0.8467480585591514
learned_global_gates_coarse_plus_next_finer,test,72,270,"cluster_1->texture_a,cluster_0->texture_b",0.1847034325534338,0.06744967275071675,0.4289173536121167,0.06744967275071675,"[""fpn_2"", ""fpn_1""]",fpn_2,"[""fpn_2"", ""fpn_1"", ""fpn_0""]","{""fpn_0"": [256, 288, 288], ""fpn_1"": [256, 144, 144], ""fpn_2"": [256, 72, 72]}","{""fpn_1"": [256, 72, 72], ""fpn_2"": [256, 72, 72]}",72,72,64,32,True,"[0.15416643023490906, -0.15416641533374786]","{""fpn_1"": 0.4235217273235321, ""fpn_2"": 0.5764782428741455}","fpn_2=0.576,fpn_1=0.424",deterministic_kmeans,cosine,2,outputs/rwtd_sam3_auto/coarse_vs_fine_sam_scales/stage2/train_learned_global_gates_coarse_plus_next_finer_test/checkpoint.pt,permutation_invariant_binary_partition,architexture_binary_v1,0.4289173536121167,0.06744967275071675
learned_global_gates_coarse_plus_next_finer,test,73,274,"cluster_0->texture_a,cluster_1->texture_b",0.9607053449287488,0.92221924321187,0.009920945516677885,0.92221924321187,"[""fpn_2"", ""fpn_1""]",fpn_2,"[""fpn_2"", ""fpn_1"", ""fpn_0""]","{""fpn_0"": [256, 288, 288], ""fpn_1"": [256, 144, 144], ""fpn_2"": [256, 72, 72]}","{""fpn_1"": [256, 72, 72], ""fpn_2"": [256, 72, 72]}",72,72,64,32,True,"[0.15416643023490906, -0.15416641533374786]","{""fpn_1"": 0.4235217273235321, ""fpn_2"": 0.5764782428741455}","fpn_2=0.576,fpn_1=0.424",deterministic_kmeans,cosine,2,outputs/rwtd_sam3_auto/coarse_vs_fine_sam_scales/stage2/train_learned_global_gates_coarse_plus_next_finer_test/checkpoint.pt,permutation_invariant_binary_partition,architexture_binary_v1,0.9607053449287488,0.92221924321187
learned_global_gates_coarse_plus_next_finer,test,74,276,"cluster_0->texture_a,cluster_1->texture_b",0.9532488864337691,0.9159146500279784,0.010694711330488781,0.9159146500279784,"[""fpn_2"", ""fpn_1""]",fpn_2,"[""fpn_2"", ""fpn_1"", ""fpn_0""]","{""fpn_0"": [256, 288, 288], ""fpn_1"": [256, 144, 144], ""fpn_2"": [256, 72, 72]}","{""fpn_1"": [256, 72, 72], ""fpn_2"": [256, 72, 72]}",72,72,64,32,True,"[0.15416643023490906, -0.15416641533374786]","{""fpn_1"": 0.4235217273235321, ""fpn_2"": 0.5764782428741455}","fpn_2=0.576,fpn_1=0.424",deterministic_kmeans,cosine,2,outputs/rwtd_sam3_auto/coarse_vs_fine_sam_scales/stage2/train_learned_global_gates_coarse_plus_next_finer_test/checkpoint.pt,permutation_invariant_binary_partition,architexture_binary_v1,0.9532488864337691,0.9159146500279784
learned_global_gates_coarse_plus_next_finer,test,75,28,"cluster_1->texture_a,cluster_0->texture_b",0.02031895702810914,0.8468716552282346,0.9233139984015124,0.8468716552282346,"[""fpn_2"", ""fpn_1""]",fpn_2,"[""fpn_2"", ""fpn_1"", ""fpn_0""]","{""fpn_0"": [256, 288, 288], ""fpn_1"": [256, 144, 144], ""fpn_2"": [256, 72, 72]}","{""fpn_1"": [256, 72, 72], ""fpn_2"": [256, 72, 72]}",72,72,64,32,True,"[0.15416643023490906, -0.15416641533374786]","{""fpn_1"": 0.4235217273235321, ""fpn_2"": 0.5764782428741455}","fpn_2=0.576,fpn_1=0.424",deterministic_kmeans,cosine,2,outputs/rwtd_sam3_auto/coarse_vs_fine_sam_scales/stage2/train_learned_global_gates_coarse_plus_next_finer_test/checkpoint.pt,permutation_invariant_binary_partition,architexture_binary_v1,0.9233139984015124,0.8468716552282346
learned_global_gates_coarse_plus_next_finer,test,76,280,"cluster_0->texture_a,cluster_1->texture_b",0.8149515863313842,0.6345047936156439,0.051307723634823305,0.6345047936156439,"[""fpn_2"", ""fpn_1""]",fpn_2,"[""fpn_2"", ""fpn_1"", ""fpn_0""]","{""fpn_0"": [256, 288, 288], ""fpn_1"": [256, 144, 144], ""fpn_2"": [256, 72, 72]}","{""fpn_1"": [256, 72, 72], ""fpn_2"": [256, 72, 72]}",72,72,64,32,True,"[0.15416643023490906, -0.15416641533374786]","{""fpn_1"": 0.4235217273235321, ""fpn_2"": 0.5764782428741455}","fpn_2=0.576,fpn_1=0.424",deterministic_kmeans,cosine,2,outputs/rwtd_sam3_auto/coarse_vs_fine_sam_scales/stage2/train_learned_global_gates_coarse_plus_next_finer_test/checkpoint.pt,permutation_invariant_binary_partition,architexture_binary_v1,0.8149515863313842,0.6345047936156439
learned_global_gates_coarse_plus_next_finer,test,77,281,"cluster_1->texture_a,cluster_0->texture_b",0.01415524449503646,0.890442649364992,0.9450033162995939,0.890442649364992,"[""fpn_2"", ""fpn_1""]",fpn_2,"[""fpn_2"", ""fpn_1"", ""fpn_0""]","{""fpn_0"": [256, 288, 288], ""fpn_1"": [256, 144, 144], ""fpn_2"": [256, 72, 72]}","{""fpn_1"": [256, 72, 72], ""fpn_2"": [256, 72, 72]}",72,72,64,32,True,"[0.15416643023490906, -0.15416641533374786]","{""fpn_1"": 0.4235217273235321, ""fpn_2"": 0.5764782428741455}","fpn_2=0.576,fpn_1=0.424",deterministic_kmeans,cosine,2,outputs/rwtd_sam3_auto/coarse_vs_fine_sam_scales/stage2/train_learned_global_gates_coarse_plus_next_finer_test/checkpoint.pt,permutation_invariant_binary_partition,architexture_binary_v1,0.9450033162995939,0.890442649364992
learned_global_gates_coarse_plus_next_finer,test,78,282,"cluster_1->texture_a,cluster_0->texture_b",0.011892758038232584,0.9080938581237078,0.9537690599206522,0.9080938581237078,"[""fpn_2"", ""fpn_1""]",fpn_2,"[""fpn_2"", ""fpn_1"", ""fpn_0""]","{""fpn_0"": [256, 288, 288], ""fpn_1"": [256, 144, 144], ""fpn_2"": [256, 72, 72]}","{""fpn_1"": [256, 72, 72], ""fpn_2"": [256, 72, 72]}",72,72,64,32,True,"[0.15416643023490906, -0.15416641533374786]","{""fpn_1"": 0.4235217273235321, ""fpn_2"": 0.5764782428741455}","fpn_2=0.576,fpn_1=0.424",deterministic_kmeans,cosine,2,outputs/rwtd_sam3_auto/coarse_vs_fine_sam_scales/stage2/train_learned_global_gates_coarse_plus_next_finer_test/checkpoint.pt,permutation_invariant_binary_partition,architexture_binary_v1,0.9537690599206522,0.9080938581237078
learned_global_gates_coarse_plus_next_finer,test,79,288,"cluster_1->texture_a,cluster_0->texture_b",0.019059401124936943,0.8462578742253621,0.9062895010426091,0.8462578742253621,"[""fpn_2"", ""fpn_1""]",fpn_2,"[""fpn_2"", ""fpn_1"", ""fpn_0""]","{""fpn_0"": [256, 288, 288], ""fpn_1"": [256, 144, 144], ""fpn_2"": [256, 72, 72]}","{""fpn_1"": [256, 72, 72], ""fpn_2"": [256, 72, 72]}",72,72,64,32,True,"[0.15416643023490906, -0.15416641533374786]","{""fpn_1"": 0.4235217273235321, ""fpn_2"": 0.5764782428741455}","fpn_2=0.576,fpn_1=0.424",deterministic_kmeans,cosine,2,outputs/rwtd_sam3_auto/coarse_vs_fine_sam_scales/stage2/train_learned_global_gates_coarse_plus_next_finer_test/checkpoint.pt,permutation_invariant_binary_partition,architexture_binary_v1,0.9062895010426091,0.8462578742253621
learned_global_gates_coarse_plus_next_finer,test,80,293,"cluster_1->texture_a,cluster_0->texture_b",0.012678139048188312,0.8728546755720805,0.9100227250035897,0.8728546755720805,"[""fpn_2"", ""fpn_1""]",fpn_2,"[""fpn_2"", ""fpn_1"", ""fpn_0""]","{""fpn_0"": [256, 288, 288], ""fpn_1"": [256, 144, 144], ""fpn_2"": [256, 72, 72]}","{""fpn_1"": [256, 72, 72], ""fpn_2"": [256, 72, 72]}",72,72,64,32,True,"[0.15416643023490906, -0.15416641533374786]","{""fpn_1"": 0.4235217273235321, ""fpn_2"": 0.5764782428741455}","fpn_2=0.576,fpn_1=0.424",deterministic_kmeans,cosine,2,outputs/rwtd_sam3_auto/coarse_vs_fine_sam_scales/stage2/train_learned_global_gates_coarse_plus_next_finer_test/checkpoint.pt,permutation_invariant_binary_partition,architexture_binary_v1,0.9100227250035897,0.8728546755720805
learned_global_gates_coarse_plus_next_finer,test,81,294,"cluster_0->texture_a,cluster_1->texture_b",0.9711455472037098,0.9431398161223231,0.0072231929875759,0.9431398161223231,"[""fpn_2"", ""fpn_1""]",fpn_2,"[""fpn_2"", ""fpn_1"", ""fpn_0""]","{""fpn_0"": [256, 288, 288], ""fpn_1"": [256, 144, 144], ""fpn_2"": [256, 72, 72]}","{""fpn_1"": [256, 72, 72], ""fpn_2"": [256, 72, 72]}",72,72,64,32,True,"[0.15416643023490906, -0.15416641533374786]","{""fpn_1"": 0.4235217273235321, ""fpn_2"": 0.5764782428741455}","fpn_2=0.576,fpn_1=0.424",deterministic_kmeans,cosine,2,outputs/rwtd_sam3_auto/coarse_vs_fine_sam_scales/stage2/train_learned_global_gates_coarse_plus_next_finer_test/checkpoint.pt,permutation_invariant_binary_partition,architexture_binary_v1,0.9711455472037098,0.9431398161223231
learned_global_gates_coarse_plus_next_finer,test,82,299,"cluster_0->texture_a,cluster_1->texture_b",0.9568921971680842,0.9143278571479881,0.011063605630148111,0.9143278571479881,"[""fpn_2"", ""fpn_1""]",fpn_2,"[""fpn_2"", ""fpn_1"", ""fpn_0""]","{""fpn_0"": [256, 288, 288], ""fpn_1"": [256, 144, 144], ""fpn_2"": [256, 72, 72]}","{""fpn_1"": [256, 72, 72], ""fpn_2"": [256, 72, 72]}",72,72,64,32,True,"[0.15416643023490906, -0.15416641533374786]","{""fpn_1"": 0.4235217273235321, ""fpn_2"": 0.5764782428741455}","fpn_2=0.576,fpn_1=0.424",deterministic_kmeans,cosine,2,outputs/rwtd_sam3_auto/coarse_vs_fine_sam_scales/stage2/train_learned_global_gates_coarse_plus_next_finer_test/checkpoint.pt,permutation_invariant_binary_partition,architexture_binary_v1,0.9568921971680842,0.9143278571479881
learned_global_gates_coarse_plus_next_finer,test,83,3,"cluster_1->texture_a,cluster_0->texture_b",0.048720483494864644,0.6432004144896518,0.7967135194230888,0.6432004144896518,"[""fpn_2"", ""fpn_1""]",fpn_2,"[""fpn_2"", ""fpn_1"", ""fpn_0""]","{""fpn_0"": [256, 288, 288], ""fpn_1"": [256, 144, 144], ""fpn_2"": [256, 72, 72]}","{""fpn_1"": [256, 72, 72], ""fpn_2"": [256, 72, 72]}",72,72,64,32,True,"[0.15416643023490906, -0.15416641533374786]","{""fpn_1"": 0.4235217273235321, ""fpn_2"": 0.5764782428741455}","fpn_2=0.576,fpn_1=0.424",deterministic_kmeans,cosine,2,outputs/rwtd_sam3_auto/coarse_vs_fine_sam_scales/stage2/train_learned_global_gates_coarse_plus_next_finer_test/checkpoint.pt,permutation_invariant_binary_partition,architexture_binary_v1,0.7967135194230888,0.6432004144896518
learned_global_gates_coarse_plus_next_finer,test,84,30,"cluster_0->texture_a,cluster_1->texture_b",0.9263567329244486,0.8537886508997479,0.019358536710981387,0.8537886508997479,"[""fpn_2"", ""fpn_1""]",fpn_2,"[""fpn_2"", ""fpn_1"", ""fpn_0""]","{""fpn_0"": [256, 288, 288], ""fpn_1"": [256, 144, 144], ""fpn_2"": [256, 72, 72]}","{""fpn_1"": [256, 72, 72], ""fpn_2"": [256, 72, 72]}",72,72,64,32,True,"[0.15416643023490906, -0.15416641533374786]","{""fpn_1"": 0.4235217273235321, ""fpn_2"": 0.5764782428741455}","fpn_2=0.576,fpn_1=0.424",deterministic_kmeans,cosine,2,outputs/rwtd_sam3_auto/coarse_vs_fine_sam_scales/stage2/train_learned_global_gates_coarse_plus_next_finer_test/checkpoint.pt,permutation_invariant_binary_partition,architexture_binary_v1,0.9263567329244486,0.8537886508997479
learned_global_gates_coarse_plus_next_finer,test,85,300,"cluster_0->texture_a,cluster_1->texture_b",0.9878674458026421,0.9760323175652734,0.0030141559138751888,0.9760323175652734,"[""fpn_2"", ""fpn_1""]",fpn_2,"[""fpn_2"", ""fpn_1"", ""fpn_0""]","{""fpn_0"": [256, 288, 288], ""fpn_1"": [256, 144, 144], ""fpn_2"": [256, 72, 72]}","{""fpn_1"": [256, 72, 72], ""fpn_2"": [256, 72, 72]}",72,72,64,32,True,"[0.15416643023490906, -0.15416641533374786]","{""fpn_1"": 0.4235217273235321, ""fpn_2"": 0.5764782428741455}","fpn_2=0.576,fpn_1=0.424",deterministic_kmeans,cosine,2,outputs/rwtd_sam3_auto/coarse_vs_fine_sam_scales/stage2/train_learned_global_gates_coarse_plus_next_finer_test/checkpoint.pt,permutation_invariant_binary_partition,architexture_binary_v1,0.9878674458026421,0.9760323175652734
learned_global_gates_coarse_plus_next_finer,test,86,302,"cluster_0->texture_a,cluster_1->texture_b",0.9769003756816362,0.9542065802023922,0.005794003215741278,0.9542065802023922,"[""fpn_2"", ""fpn_1""]",fpn_2,"[""fpn_2"", ""fpn_1"", ""fpn_0""]","{""fpn_0"": [256, 288, 288], ""fpn_1"": [256, 144, 144], ""fpn_2"": [256, 72, 72]}","{""fpn_1"": [256, 72, 72], ""fpn_2"": [256, 72, 72]}",72,72,64,32,True,"[0.15416643023490906, -0.15416641533374786]","{""fpn_1"": 0.4235217273235321, ""fpn_2"": 0.5764782428741455}","fpn_2=0.576,fpn_1=0.424",deterministic_kmeans,cosine,2,outputs/rwtd_sam3_auto/coarse_vs_fine_sam_scales/stage2/train_learned_global_gates_coarse_plus_next_finer_test/checkpoint.pt,permutation_invariant_binary_partition,architexture_binary_v1,0.9769003756816362,0.9542065802023922
learned_global_gates_coarse_plus_next_finer,test,87,303,"cluster_1->texture_a,cluster_0->texture_b",0.0044744793383391605,0.9643171967957117,0.9807364297745936,0.9643171967957117,"[""fpn_2"", ""fpn_1""]",fpn_2,"[""fpn_2"", ""fpn_1"", ""fpn_0""]","{""fpn_0"": [256, 288, 288], ""fpn_1"": [256, 144, 144], ""fpn_2"": [256, 72, 72]}","{""fpn_1"": [256, 72, 72], ""fpn_2"": [256, 72, 72]}",72,72,64,32,True,"[0.15416643023490906, -0.15416641533374786]","{""fpn_1"": 0.4235217273235321, ""fpn_2"": 0.5764782428741455}","fpn_2=0.576,fpn_1=0.424",deterministic_kmeans,cosine,2,outputs/rwtd_sam3_auto/coarse_vs_fine_sam_scales/stage2/train_learned_global_gates_coarse_plus_next_finer_test/checkpoint.pt,permutation_invariant_binary_partition,architexture_binary_v1,0.9807364297745936,0.9643171967957117
learned_global_gates_coarse_plus_next_finer,test,88,304,"cluster_1->texture_a,cluster_0->texture_b",0.04940748216624684,0.6475692759882812,0.8008150202440958,0.6475692759882812,"[""fpn_2"", ""fpn_1""]",fpn_2,"[""fpn_2"", ""fpn_1"", ""fpn_0""]","{""fpn_0"": [256, 288, 288], ""fpn_1"": [256, 144, 144], ""fpn_2"": [256, 72, 72]}","{""fpn_1"": [256, 72, 72], ""fpn_2"": [256, 72, 72]}",72,72,64,32,True,"[0.15416643023490906, -0.15416641533374786]","{""fpn_1"": 0.4235217273235321, ""fpn_2"": 0.5764782428741455}","fpn_2=0.576,fpn_1=0.424",deterministic_kmeans,cosine,2,outputs/rwtd_sam3_auto/coarse_vs_fine_sam_scales/stage2/train_learned_global_gates_coarse_plus_next_finer_test/checkpoint.pt,permutation_invariant_binary_partition,architexture_binary_v1,0.8008150202440958,0.6475692759882812
learned_global_gates_coarse_plus_next_finer,test,89,308,"cluster_0->texture_a,cluster_1->texture_b",0.9246529731262183,0.8864566457698051,0.012785483384268076,0.8864566457698051,"[""fpn_2"", ""fpn_1""]",fpn_2,"[""fpn_2"", ""fpn_1"", ""fpn_0""]","{""fpn_0"": [256, 288, 288], ""fpn_1"": [256, 144, 144], ""fpn_2"": [256, 72, 72]}","{""fpn_1"": [256, 72, 72], ""fpn_2"": [256, 72, 72]}",72,72,64,32,True,"[0.15416643023490906, -0.15416641533374786]","{""fpn_1"": 0.4235217273235321, ""fpn_2"": 0.5764782428741455}","fpn_2=0.576,fpn_1=0.424",deterministic_kmeans,cosine,2,outputs/rwtd_sam3_auto/coarse_vs_fine_sam_scales/stage2/train_learned_global_gates_coarse_plus_next_finer_test/checkpoint.pt,permutation_invariant_binary_partition,architexture_binary_v1,0.9246529731262183,0.8864566457698051
learned_global_gates_coarse_plus_next_finer,test,90,310,"cluster_0->texture_a,cluster_1->texture_b",0.9234583884505195,0.9023324438640286,0.007205973365938258,0.9023324438640286,"[""fpn_2"", ""fpn_1""]",fpn_2,"[""fpn_2"", ""fpn_1"", ""fpn_0""]","{""fpn_0"": [256, 288, 288], ""fpn_1"": [256, 144, 144], ""fpn_2"": [256, 72, 72]}","{""fpn_1"": [256, 72, 72], ""fpn_2"": [256, 72, 72]}",72,72,64,32,True,"[0.15416643023490906, -0.15416641533374786]","{""fpn_1"": 0.4235217273235321, ""fpn_2"": 0.5764782428741455}","fpn_2=0.576,fpn_1=0.424",deterministic_kmeans,cosine,2,outputs/rwtd_sam3_auto/coarse_vs_fine_sam_scales/stage2/train_learned_global_gates_coarse_plus_next_finer_test/checkpoint.pt,permutation_invariant_binary_partition,architexture_binary_v1,0.9234583884505195,0.9023324438640286
learned_global_gates_coarse_plus_next_finer,test,91,311,"cluster_0->texture_a,cluster_1->texture_b",0.87275652067509,0.8293302299963415,0.013765600718843432,0.8293302299963415,"[""fpn_2"", ""fpn_1""]",fpn_2,"[""fpn_2"", ""fpn_1"", ""fpn_0""]","{""fpn_0"": [256, 288, 288], ""fpn_1"": [256, 144, 144], ""fpn_2"": [256, 72, 72]}","{""fpn_1"": [256, 72, 72], ""fpn_2"": [256, 72, 72]}",72,72,64,32,True,"[0.15416643023490906, -0.15416641533374786]","{""fpn_1"": 0.4235217273235321, ""fpn_2"": 0.5764782428741455}","fpn_2=0.576,fpn_1=0.424",deterministic_kmeans,cosine,2,outputs/rwtd_sam3_auto/coarse_vs_fine_sam_scales/stage2/train_learned_global_gates_coarse_plus_next_finer_test/checkpoint.pt,permutation_invariant_binary_partition,architexture_binary_v1,0.87275652067509,0.8293302299963415
learned_global_gates_coarse_plus_next_finer,test,92,315,"cluster_0->texture_a,cluster_1->texture_b",0.9371002259930423,0.9212723783207281,0.005540194164136982,0.9212723783207281,"[""fpn_2"", ""fpn_1""]",fpn_2,"[""fpn_2"", ""fpn_1"", ""fpn_0""]","{""fpn_0"": [256, 288, 288], ""fpn_1"": [256, 144, 144], ""fpn_2"": [256, 72, 72]}","{""fpn_1"": [256, 72, 72], ""fpn_2"": [256, 72, 72]}",72,72,64,32,True,"[0.15416643023490906, -0.15416641533374786]","{""fpn_1"": 0.4235217273235321, ""fpn_2"": 0.5764782428741455}","fpn_2=0.576,fpn_1=0.424",deterministic_kmeans,cosine,2,outputs/rwtd_sam3_auto/coarse_vs_fine_sam_scales/stage2/train_learned_global_gates_coarse_plus_next_finer_test/checkpoint.pt,permutation_invariant_binary_partition,architexture_binary_v1,0.9371002259930423,0.9212723783207281
learned_global_gates_coarse_plus_next_finer,test,93,318,"cluster_0->texture_a,cluster_1->texture_b",0.9552125411569092,0.9299462295803724,0.00818252450121581,0.9299462295803724,"[""fpn_2"", ""fpn_1""]",fpn_2,"[""fpn_2"", ""fpn_1"", ""fpn_0""]","{""fpn_0"": [256, 288, 288], ""fpn_1"": [256, 144, 144], ""fpn_2"": [256, 72, 72]}","{""fpn_1"": [256, 72, 72], ""fpn_2"": [256, 72, 72]}",72,72,64,32,True,"[0.15416643023490906, -0.15416641533374786]","{""fpn_1"": 0.4235217273235321, ""fpn_2"": 0.5764782428741455}","fpn_2=0.576,fpn_1=0.424",deterministic_kmeans,cosine,2,outputs/rwtd_sam3_auto/coarse_vs_fine_sam_scales/stage2/train_learned_global_gates_coarse_plus_next_finer_test/checkpoint.pt,permutation_invariant_binary_partition,architexture_binary_v1,0.9552125411569092,0.9299462295803724
learned_global_gates_coarse_plus_next_finer,test,94,319,"cluster_1->texture_a,cluster_0->texture_b",0.16077424761256254,0.13344568458146824,0.5104561120523926,0.13344568458146824,"[""fpn_2"", ""fpn_1""]",fpn_2,"[""fpn_2"", ""fpn_1"", ""fpn_0""]","{""fpn_0"": [256, 288, 288], ""fpn_1"": [256, 144, 144], ""fpn_2"": [256, 72, 72]}","{""fpn_1"": [256, 72, 72], ""fpn_2"": [256, 72, 72]}",72,72,64,32,True,"[0.15416643023490906, -0.15416641533374786]","{""fpn_1"": 0.4235217273235321, ""fpn_2"": 0.5764782428741455}","fpn_2=0.576,fpn_1=0.424",deterministic_kmeans,cosine,2,outputs/rwtd_sam3_auto/coarse_vs_fine_sam_scales/stage2/train_learned_global_gates_coarse_plus_next_finer_test/checkpoint.pt,permutation_invariant_binary_partition,architexture_binary_v1,0.5104561120523926,0.13344568458146824
learned_global_gates_coarse_plus_next_finer,test,95,322,"cluster_1->texture_a,cluster_0->texture_b",0.009449451182922175,0.9263231188698746,0.9620523696910246,0.9263231188698746,"[""fpn_2"", ""fpn_1""]",fpn_2,"[""fpn_2"", ""fpn_1"", ""fpn_0""]","{""fpn_0"": [256, 288, 288], ""fpn_1"": [256, 144, 144], ""fpn_2"": [256, 72, 72]}","{""fpn_1"": [256, 72, 72], ""fpn_2"": [256, 72, 72]}",72,72,64,32,True,"[0.15416643023490906, -0.15416641533374786]","{""fpn_1"": 0.4235217273235321, ""fpn_2"": 0.5764782428741455}","fpn_2=0.576,fpn_1=0.424",deterministic_kmeans,cosine,2,outputs/rwtd_sam3_auto/coarse_vs_fine_sam_scales/stage2/train_learned_global_gates_coarse_plus_next_finer_test/checkpoint.pt,permutation_invariant_binary_partition,architexture_binary_v1,0.9620523696910246,0.9263231188698746
learned_global_gates_coarse_plus_next_finer,test,96,323,"cluster_1->texture_a,cluster_0->texture_b",0.02085428637779566,0.8427762007977109,0.9211821059695666,0.8427762007977109,"[""fpn_2"", ""fpn_1""]",fpn_2,"[""fpn_2"", ""fpn_1"", ""fpn_0""]","{""fpn_0"": [256, 288, 288], ""fpn_1"": [256, 144, 144], ""fpn_2"": [256, 72, 72]}","{""fpn_1"": [256, 72, 72], ""fpn_2"": [256, 72, 72]}",72,72,64,32,True,"[0.15416643023490906, -0.15416641533374786]","{""fpn_1"": 0.4235217273235321, ""fpn_2"": 0.5764782428741455}","fpn_2=0.576,fpn_1=0.424",deterministic_kmeans,cosine,2,outputs/rwtd_sam3_auto/coarse_vs_fine_sam_scales/stage2/train_learned_global_gates_coarse_plus_next_finer_test/checkpoint.pt,permutation_invariant_binary_partition,architexture_binary_v1,0.9211821059695666,0.8427762007977109
learned_global_gates_coarse_plus_next_finer,test,97,324,"cluster_0->texture_a,cluster_1->texture_b",0.9555487068958539,0.9115299130752593,0.011442191274177001,0.9115299130752593,"[""fpn_2"", ""fpn_1""]",fpn_2,"[""fpn_2"", ""fpn_1"", ""fpn_0""]","{""fpn_0"": [256, 288, 288], ""fpn_1"": [256, 144, 144], ""fpn_2"": [256, 72, 72]}","{""fpn_1"": [256, 72, 72], ""fpn_2"": [256, 72, 72]}",72,72,64,32,True,"[0.15416643023490906, -0.15416641533374786]","{""fpn_1"": 0.4235217273235321, ""fpn_2"": 0.5764782428741455}","fpn_2=0.576,fpn_1=0.424",deterministic_kmeans,cosine,2,outputs/rwtd_sam3_auto/coarse_vs_fine_sam_scales/stage2/train_learned_global_gates_coarse_plus_next_finer_test/checkpoint.pt,permutation_invariant_binary_partition,architexture_binary_v1,0.9555487068958539,0.9115299130752593
learned_global_gates_coarse_plus_next_finer,test,98,325,"cluster_0->texture_a,cluster_1->texture_b",0.92063785153156,0.8421579837927493,0.02085571250013488,0.8421579837927493,"[""fpn_2"", ""fpn_1""]",fpn_2,"[""fpn_2"", ""fpn_1"", ""fpn_0""]","{""fpn_0"": [256, 288, 288], ""fpn_1"": [256, 144, 144], ""fpn_2"": [256, 72, 72]}","{""fpn_1"": [256, 72, 72], ""fpn_2"": [256, 72, 72]}",72,72,64,32,True,"[0.15416643023490906, -0.15416641533374786]","{""fpn_1"": 0.4235217273235321, ""fpn_2"": 0.5764782428741455}","fpn_2=0.576,fpn_1=0.424",deterministic_kmeans,cosine,2,outputs/rwtd_sam3_auto/coarse_vs_fine_sam_scales/stage2/train_learned_global_gates_coarse_plus_next_finer_test/checkpoint.pt,permutation_invariant_binary_partition,architexture_binary_v1,0.92063785153156,0.8421579837927493
learned_global_gates_coarse_plus_next_finer,test,99,327,"cluster_0->texture_a,cluster_1->texture_b",0.9438185946697946,0.8888197826264694,0.014488763709658303,0.8888197826264694,"[""fpn_2"", ""fpn_1""]",fpn_2,"[""fpn_2"", ""fpn_1"", ""fpn_0""]","{""fpn_0"": [256, 288, 288], ""fpn_1"": [256, 144, 144], ""fpn_2"": [256, 72, 72]}","{""fpn_1"": [256, 72, 72], ""fpn_2"": [256, 72, 72]}",72,72,64,32,True,"[0.15416643023490906, -0.15416641533374786]","{""fpn_1"": 0.4235217273235321, ""fpn_2"": 0.5764782428741455}","fpn_2=0.576,fpn_1=0.424",deterministic_kmeans,cosine,2,outputs/rwtd_sam3_auto/coarse_vs_fine_sam_scales/stage2/train_learned_global_gates_coarse_plus_next_finer_test/checkpoint.pt,permutation_invariant_binary_partition,architexture_binary_v1,0.9438185946697946,0.8888197826264694
learned_global_gates_coarse_plus_next_finer,test,100,328,"cluster_1->texture_a,cluster_0->texture_b",0.013772245882240294,0.893613606215375,0.9429029768023728,0.893613606215375,"[""fpn_2"", ""fpn_1""]",fpn_2,"[""fpn_2"", ""fpn_1"", ""fpn_0""]","{""fpn_0"": [256, 288, 288], ""fpn_1"": [256, 144, 144], ""fpn_2"": [256, 72, 72]}","{""fpn_1"": [256, 72, 72], ""fpn_2"": [256, 72, 72]}",72,72,64,32,True,"[0.15416643023490906, -0.15416641533374786]","{""fpn_1"": 0.4235217273235321, ""fpn_2"": 0.5764782428741455}","fpn_2=0.576,fpn_1=0.424",deterministic_kmeans,cosine,2,outputs/rwtd_sam3_auto/coarse_vs_fine_sam_scales/stage2/train_learned_global_gates_coarse_plus_next_finer_test/checkpoint.pt,permutation_invariant_binary_partition,architexture_binary_v1,0.9429029768023728,0.893613606215375
learned_global_gates_coarse_plus_next_finer,test,101,329,"cluster_0->texture_a,cluster_1->texture_b",0.9010787428713306,0.8026962252435713,0.026335372659095566,0.8026962252435713,"[""fpn_2"", ""fpn_1""]",fpn_2,"[""fpn_2"", ""fpn_1"", ""fpn_0""]","{""fpn_0"": [256, 288, 288], ""fpn_1"": [256, 144, 144], ""fpn_2"": [256, 72, 72]}","{""fpn_1"": [256, 72, 72], ""fpn_2"": [256, 72, 72]}",72,72,64,32,True,"[0.15416643023490906, -0.15416641533374786]","{""fpn_1"": 0.4235217273235321, ""fpn_2"": 0.5764782428741455}","fpn_2=0.576,fpn_1=0.424",deterministic_kmeans,cosine,2,outputs/rwtd_sam3_auto/coarse_vs_fine_sam_scales/stage2/train_learned_global_gates_coarse_plus_next_finer_test/checkpoint.pt,permutation_invariant_binary_partition,architexture_binary_v1,0.9010787428713306,0.8026962252435713
learned_global_gates_coarse_plus_next_finer,test,102,33,"cluster_0->texture_a,cluster_1->texture_b",0.9592054155333052,0.9430657925311442,0.005684395074636153,0.9430657925311442,"[""fpn_2"", ""fpn_1""]",fpn_2,"[""fpn_2"", ""fpn_1"", ""fpn_0""]","{""fpn_0"": [256, 288, 288], ""fpn_1"": [256, 144, 144], ""fpn_2"": [256, 72, 72]}","{""fpn_1"": [256, 72, 72], ""fpn_2"": [256, 72, 72]}",72,72,64,32,True,"[0.15416643023490906, -0.15416641533374786]","{""fpn_1"": 0.4235217273235321, ""fpn_2"": 0.5764782428741455}","fpn_2=0.576,fpn_1=0.424",deterministic_kmeans,cosine,2,outputs/rwtd_sam3_auto/coarse_vs_fine_sam_scales/stage2/train_learned_global_gates_coarse_plus_next_finer_test/checkpoint.pt,permutation_invariant_binary_partition,architexture_binary_v1,0.9592054155333052,0.9430657925311442
learned_global_gates_coarse_plus_next_finer,test,103,330,"cluster_0->texture_a,cluster_1->texture_b",0.9421649133348393,0.8902174818086288,0.014180634427822353,0.8902174818086288,"[""fpn_2"", ""fpn_1""]",fpn_2,"[""fpn_2"", ""fpn_1"", ""fpn_0""]","{""fpn_0"": [256, 288, 288], ""fpn_1"": [256, 144, 144], ""fpn_2"": [256, 72, 72]}","{""fpn_1"": [256, 72, 72], ""fpn_2"": [256, 72, 72]}",72,72,64,32,True,"[0.15416643023490906, -0.15416641533374786]","{""fpn_1"": 0.4235217273235321, ""fpn_2"": 0.5764782428741455}","fpn_2=0.576,fpn_1=0.424",deterministic_kmeans,cosine,2,outputs/rwtd_sam3_auto/coarse_vs_fine_sam_scales/stage2/train_learned_global_gates_coarse_plus_next_finer_test/checkpoint.pt,permutation_invariant_binary_partition,architexture_binary_v1,0.9421649133348393,0.8902174818086288
learned_global_gates_coarse_plus_next_finer,test,104,331,"cluster_1->texture_a,cluster_0->texture_b",0.01991254816371133,0.8439640679576471,0.9085516953387898,0.8439640679576471,"[""fpn_2"", ""fpn_1""]",fpn_2,"[""fpn_2"", ""fpn_1"", ""fpn_0""]","{""fpn_0"": [256, 288, 288], ""fpn_1"": [256, 144, 144], ""fpn_2"": [256, 72, 72]}","{""fpn_1"": [256, 72, 72], ""fpn_2"": [256, 72, 72]}",72,72,64,32,True,"[0.15416643023490906, -0.15416641533374786]","{""fpn_1"": 0.4235217273235321, ""fpn_2"": 0.5764782428741455}","fpn_2=0.576,fpn_1=0.424",deterministic_kmeans,cosine,2,outputs/rwtd_sam3_auto/coarse_vs_fine_sam_scales/stage2/train_learned_global_gates_coarse_plus_next_finer_test/checkpoint.pt,permutation_invariant_binary_partition,architexture_binary_v1,0.9085516953387898,0.8439640679576471
learned_global_gates_coarse_plus_next_finer,test,105,332,"cluster_1->texture_a,cluster_0->texture_b",0.013993698937113866,0.8917655313031884,0.941934202308401,0.8917655313031884,"[""fpn_2"", ""fpn_1""]",fpn_2,"[""fpn_2"", ""fpn_1"", ""fpn_0""]","{""fpn_0"": [256, 288, 288], ""fpn_1"": [256, 144, 144], ""fpn_2"": [256, 72, 72]}","{""fpn_1"": [256, 72, 72], ""fpn_2"": [256, 72, 72]}",72,72,64,32,True,"[0.15416643023490906, -0.15416641533374786]","{""fpn_1"": 0.4235217273235321, ""fpn_2"": 0.5764782428741455}","fpn_2=0.576,fpn_1=0.424",deterministic_kmeans,cosine,2,outputs/rwtd_sam3_auto/coarse_vs_fine_sam_scales/stage2/train_learned_global_gates_coarse_plus_next_finer_test/checkpoint.pt,permutation_invariant_binary_partition,architexture_binary_v1,0.941934202308401,0.8917655313031884
learned_global_gates_coarse_plus_next_finer,test,106,334,"cluster_1->texture_a,cluster_0->texture_b",0.01480034168532406,0.8856524572305201,0.9387319077626834,0.8856524572305201,"[""fpn_2"", ""fpn_1""]",fpn_2,"[""fpn_2"", ""fpn_1"", ""fpn_0""]","{""fpn_0"": [256, 288, 288], ""fpn_1"": [256, 144, 144], ""fpn_2"": [256, 72, 72]}","{""fpn_1"": [256, 72, 72], ""fpn_2"": [256, 72, 72]}",72,72,64,32,True,"[0.15416643023490906, -0.15416641533374786]","{""fpn_1"": 0.4235217273235321, ""fpn_2"": 0.5764782428741455}","fpn_2=0.576,fpn_1=0.424",deterministic_kmeans,cosine,2,outputs/rwtd_sam3_auto/coarse_vs_fine_sam_scales/stage2/train_learned_global_gates_coarse_plus_next_finer_test/checkpoint.pt,permutation_invariant_binary_partition,architexture_binary_v1,0.9387319077626834,0.8856524572305201
learned_global_gates_coarse_plus_next_finer,test,107,337,"cluster_1->texture_a,cluster_0->texture_b",0.007075599178999492,0.9360852030028635,0.9571698988456879,0.9360852030028635,"[""fpn_2"", ""fpn_1""]",fpn_2,"[""fpn_2"", ""fpn_1"", ""fpn_0""]","{""fpn_0"": [256, 288, 288], ""fpn_1"": [256, 144, 144], ""fpn_2"": [256, 72, 72]}","{""fpn_1"": [256, 72, 72], ""fpn_2"": [256, 72, 72]}",72,72,64,32,True,"[0.15416643023490906, -0.15416641533374786]","{""fpn_1"": 0.4235217273235321, ""fpn_2"": 0.5764782428741455}","fpn_2=0.576,fpn_1=0.424",deterministic_kmeans,cosine,2,outputs/rwtd_sam3_auto/coarse_vs_fine_sam_scales/stage2/train_learned_global_gates_coarse_plus_next_finer_test/checkpoint.pt,permutation_invariant_binary_partition,architexture_binary_v1,0.9571698988456879,0.9360852030028635
learned_global_gates_coarse_plus_next_finer,test,108,34,"cluster_1->texture_a,cluster_0->texture_b",0.05617121126739266,0.5980372187618875,0.7797182558996316,0.5980372187618875,"[""fpn_2"", ""fpn_1""]",fpn_2,"[""fpn_2"", ""fpn_1"", ""fpn_0""]","{""fpn_0"": [256, 288, 288], ""fpn_1"": [256, 144, 144], ""fpn_2"": [256, 72, 72]}","{""fpn_1"": [256, 72, 72], ""fpn_2"": [256, 72, 72]}",72,72,64,32,True,"[0.15416643023490906, -0.15416641533374786]","{""fpn_1"": 0.4235217273235321, ""fpn_2"": 0.5764782428741455}","fpn_2=0.576,fpn_1=0.424",deterministic_kmeans,cosine,2,outputs/rwtd_sam3_auto/coarse_vs_fine_sam_scales/stage2/train_learned_global_gates_coarse_plus_next_finer_test/checkpoint.pt,permutation_invariant_binary_partition,architexture_binary_v1,0.7797182558996316,0.5980372187618875
learned_global_gates_coarse_plus_next_finer,test,109,342,"cluster_1->texture_a,cluster_0->texture_b",0.009350345714078705,0.9270879646444151,0.9631066956959531,0.9270879646444151,"[""fpn_2"", ""fpn_1""]",fpn_2,"[""fpn_2"", ""fpn_1"", ""fpn_0""]","{""fpn_0"": [256, 288, 288], ""fpn_1"": [256, 144, 144], ""fpn_2"": [256, 72, 72]}","{""fpn_1"": [256, 72, 72], ""fpn_2"": [256, 72, 72]}",72,72,64,32,True,"[0.15416643023490906, -0.15416641533374786]","{""fpn_1"": 0.4235217273235321, ""fpn_2"": 0.5764782428741455}","fpn_2=0.576,fpn_1=0.424",deterministic_kmeans,cosine,2,outputs/rwtd_sam3_auto/coarse_vs_fine_sam_scales/stage2/train_learned_global_gates_coarse_plus_next_finer_test/checkpoint.pt,permutation_invariant_binary_partition,architexture_binary_v1,0.9631066956959531,0.9270879646444151
learned_global_gates_coarse_plus_next_finer,test,110,343,"cluster_0->texture_a,cluster_1->texture_b",0.9567454429659581,0.9314853742316487,0.008096053361466026,0.9314853742316487,"[""fpn_2"", ""fpn_1""]",fpn_2,"[""fpn_2"", ""fpn_1"", ""fpn_0""]","{""fpn_0"": [256, 288, 288], ""fpn_1"": [256, 144, 144], ""fpn_2"": [256, 72, 72]}","{""fpn_1"": [256, 72, 72], ""fpn_2"": [256, 72, 72]}",72,72,64,32,True,"[0.15416643023490906, -0.15416641533374786]","{""fpn_1"": 0.4235217273235321, ""fpn_2"": 0.5764782428741455}","fpn_2=0.576,fpn_1=0.424",deterministic_kmeans,cosine,2,outputs/rwtd_sam3_auto/coarse_vs_fine_sam_scales/stage2/train_learned_global_gates_coarse_plus_next_finer_test/checkpoint.pt,permutation_invariant_binary_partition,architexture_binary_v1,0.9567454429659581,0.9314853742316487
learned_global_gates_coarse_plus_next_finer,test,111,344,"cluster_0->texture_a,cluster_1->texture_b",0.959568584787098,0.9324548351270803,0.008281236753073655,0.9324548351270803,"[""fpn_2"", ""fpn_1""]",fpn_2,"[""fpn_2"", ""fpn_1"", ""fpn_0""]","{""fpn_0"": [256, 288, 288], ""fpn_1"": [256, 144, 144], ""fpn_2"": [256, 72, 72]}","{""fpn_1"": [256, 72, 72], ""fpn_2"": [256, 72, 72]}",72,72,64,32,True,"[0.15416643023490906, -0.15416641533374786]","{""fpn_1"": 0.4235217273235321, ""fpn_2"": 0.5764782428741455}","fpn_2=0.576,fpn_1=0.424",deterministic_kmeans,cosine,2,outputs/rwtd_sam3_auto/coarse_vs_fine_sam_scales/stage2/train_learned_global_gates_coarse_plus_next_finer_test/checkpoint.pt,permutation_invariant_binary_partition,architexture_binary_v1,0.959568584787098,0.9324548351270803
learned_global_gates_coarse_plus_next_finer,test,112,345,"cluster_1->texture_a,cluster_0->texture_b",0.013284756645200142,0.8960279874182041,0.9415736763491214,0.8960279874182041,"[""fpn_2"", ""fpn_1""]",fpn_2,"[""fpn_2"", ""fpn_1"", ""fpn_0""]","{""fpn_0"": [256, 288, 288], ""fpn_1"": [256, 144, 144], ""fpn_2"": [256, 72, 72]}","{""fpn_1"": [256, 72, 72], ""fpn_2"": [256, 72, 72]}",72,72,64,32,True,"[0.15416643023490906, -0.15416641533374786]","{""fpn_1"": 0.4235217273235321, ""fpn_2"": 0.5764782428741455}","fpn_2=0.576,fpn_1=0.424",deterministic_kmeans,cosine,2,outputs/rwtd_sam3_auto/coarse_vs_fine_sam_scales/stage2/train_learned_global_gates_coarse_plus_next_finer_test/checkpoint.pt,permutation_invariant_binary_partition,architexture_binary_v1,0.9415736763491214,0.8960279874182041
learned_global_gates_coarse_plus_next_finer,test,113,346,"cluster_0->texture_a,cluster_1->texture_b",0.9642060406979844,0.9354594035752384,0.008160784027060447,0.9354594035752384,"[""fpn_2"", ""fpn_1""]",fpn_2,"[""fpn_2"", ""fpn_1"", ""fpn_0""]","{""fpn_0"": [256, 288, 288], ""fpn_1"": [256, 144, 144], ""fpn_2"": [256, 72, 72]}","{""fpn_1"": [256, 72, 72], ""fpn_2"": [256, 72, 72]}",72,72,64,32,True,"[0.15416643023490906, -0.15416641533374786]","{""fpn_1"": 0.4235217273235321, ""fpn_2"": 0.5764782428741455}","fpn_2=0.576,fpn_1=0.424",deterministic_kmeans,cosine,2,outputs/rwtd_sam3_auto/coarse_vs_fine_sam_scales/stage2/train_learned_global_gates_coarse_plus_next_finer_test/checkpoint.pt,permutation_invariant_binary_partition,architexture_binary_v1,0.9642060406979844,0.9354594035752384
learned_global_gates_coarse_plus_next_finer,test,114,347,"cluster_1->texture_a,cluster_0->texture_b",0.008560240645424183,0.9331712781867617,0.965699659757892,0.9331712781867617,"[""fpn_2"", ""fpn_1""]",fpn_2,"[""fpn_2"", ""fpn_1"", ""fpn_0""]","{""fpn_0"": [256, 288, 288], ""fpn_1"": [256, 144, 144], ""fpn_2"": [256, 72, 72]}","{""fpn_1"": [256, 72, 72], ""fpn_2"": [256, 72, 72]}",72,72,64,32,True,"[0.15416643023490906, -0.15416641533374786]","{""fpn_1"": 0.4235217273235321, ""fpn_2"": 0.5764782428741455}","fpn_2=0.576,fpn_1=0.424",deterministic_kmeans,cosine,2,outputs/rwtd_sam3_auto/coarse_vs_fine_sam_scales/stage2/train_learned_global_gates_coarse_plus_next_finer_test/checkpoint.pt,permutation_invariant_binary_partition,architexture_binary_v1,0.965699659757892,0.9331712781867617
learned_global_gates_coarse_plus_next_finer,test,115,349,"cluster_1->texture_a,cluster_0->texture_b",0.01086306597072438,0.9129145223398596,0.9493618454960642,0.9129145223398596,"[""fpn_2"", ""fpn_1""]",fpn_2,"[""fpn_2"", ""fpn_1"", ""fpn_0""]","{""fpn_0"": [256, 288, 288], ""fpn_1"": [256, 144, 144], ""fpn_2"": [256, 72, 72]}","{""fpn_1"": [256, 72, 72], ""fpn_2"": [256, 72, 72]}",72,72,64,32,True,"[0.15416643023490906, -0.15416641533374786]","{""fpn_1"": 0.4235217273235321, ""fpn_2"": 0.5764782428741455}","fpn_2=0.576,fpn_1=0.424",deterministic_kmeans,cosine,2,outputs/rwtd_sam3_auto/coarse_vs_fine_sam_scales/stage2/train_learned_global_gates_coarse_plus_next_finer_test/checkpoint.pt,permutation_invariant_binary_partition,architexture_binary_v1,0.9493618454960642,0.9129145223398596
learned_global_gates_coarse_plus_next_finer,test,116,350,"cluster_1->texture_a,cluster_0->texture_b",0.0086212158203125,0.9297433771530421,0.9585730376793447,0.9297433771530421,"[""fpn_2"", ""fpn_1""]",fpn_2,"[""fpn_2"", ""fpn_1"", ""fpn_0""]","{""fpn_0"": [256, 288, 288], ""fpn_1"": [256, 144, 144], ""fpn_2"": [256, 72, 72]}","{""fpn_1"": [256, 72, 72], ""fpn_2"": [256, 72, 72]}",72,72,64,32,True,"[0.15416643023490906, -0.15416641533374786]","{""fpn_1"": 0.4235217273235321, ""fpn_2"": 0.5764782428741455}","fpn_2=0.576,fpn_1=0.424",deterministic_kmeans,cosine,2,outputs/rwtd_sam3_auto/coarse_vs_fine_sam_scales/stage2/train_learned_global_gates_coarse_plus_next_finer_test/checkpoint.pt,permutation_invariant_binary_partition,architexture_binary_v1,0.9585730376793447,0.9297433771530421
learned_global_gates_coarse_plus_next_finer,test,117,351,"cluster_0->texture_a,cluster_1->texture_b",0.978223988220833,0.9564771197986115,0.00550079345703125,0.9564771197986115,"[""fpn_2"", ""fpn_1""]",fpn_2,"[""fpn_2"", ""fpn_1"", ""fpn_0""]","{""fpn_0"": [256, 288, 288], ""fpn_1"": [256, 144, 144], ""fpn_2"": [256, 72, 72]}","{""fpn_1"": [256, 72, 72], ""fpn_2"": [256, 72, 72]}",72,72,64,32,True,"[0.15416643023490906, -0.15416641533374786]","{""fpn_1"": 0.4235217273235321, ""fpn_2"": 0.5764782428741455}","fpn_2=0.576,fpn_1=0.424",deterministic_kmeans,cosine,2,outputs/rwtd_sam3_auto/coarse_vs_fine_sam_scales/stage2/train_learned_global_gates_coarse_plus_next_finer_test/checkpoint.pt,permutation_invariant_binary_partition,architexture_binary_v1,0.978223988220833,0.9564771197986115
learned_global_gates_coarse_plus_next_finer,test,118,352,"cluster_1->texture_a,cluster_0->texture_b",0.026837629866832184,0.7863383293128927,0.8719717679496055,0.7863383293128927,"[""fpn_2"", ""fpn_1""]",fpn_2,"[""fpn_2"", ""fpn_1"", ""fpn_0""]","{""fpn_0"": [256, 288, 288], ""fpn_1"": [256, 144, 144], ""fpn_2"": [256, 72, 72]}","{""fpn_1"": [256, 72, 72], ""fpn_2"": [256, 72, 72]}",72,72,64,32,True,"[0.15416643023490906, -0.15416641533374786]","{""fpn_1"": 0.4235217273235321, ""fpn_2"": 0.5764782428741455}","fpn_2=0.576,fpn_1=0.424",deterministic_kmeans,cosine,2,outputs/rwtd_sam3_auto/coarse_vs_fine_sam_scales/stage2/train_learned_global_gates_coarse_plus_next_finer_test/checkpoint.pt,permutation_invariant_binary_partition,architexture_binary_v1,0.8719717679496055,0.7863383293128927
learned_global_gates_coarse_plus_next_finer,test,119,357,"cluster_1->texture_a,cluster_0->texture_b",0.016474880729198407,0.872615966738552,0.9343546632709416,0.872615966738552,"[""fpn_2"", ""fpn_1""]",fpn_2,"[""fpn_2"", ""fpn_1"", ""fpn_0""]","{""fpn_0"": [256, 288, 288], ""fpn_1"": [256, 144, 144], ""fpn_2"": [256, 72, 72]}","{""fpn_1"": [256, 72, 72], ""fpn_2"": [256, 72, 72]}",72,72,64,32,True,"[0.15416643023490906, -0.15416641533374786]","{""fpn_1"": 0.4235217273235321, ""fpn_2"": 0.5764782428741455}","fpn_2=0.576,fpn_1=0.424",deterministic_kmeans,cosine,2,outputs/rwtd_sam3_auto/coarse_vs_fine_sam_scales/stage2/train_learned_global_gates_coarse_plus_next_finer_test/checkpoint.pt,permutation_invariant_binary_partition,architexture_binary_v1,0.9343546632709416,0.872615966738552
learned_global_gates_coarse_plus_next_finer,test,120,358,"cluster_1->texture_a,cluster_0->texture_b",0.188629150390625,0.06023015612983183,0.40594240340282417,0.06023015612983183,"[""fpn_2"", ""fpn_1""]",fpn_2,"[""fpn_2"", ""fpn_1"", ""fpn_0""]","{""fpn_0"": [256, 288, 288], ""fpn_1"": [256, 144, 144], ""fpn_2"": [256, 72, 72]}","{""fpn_1"": [256, 72, 72], ""fpn_2"": [256, 72, 72]}",72,72,64,32,True,"[0.15416643023490906, -0.15416641533374786]","{""fpn_1"": 0.4235217273235321, ""fpn_2"": 0.5764782428741455}","fpn_2=0.576,fpn_1=0.424",deterministic_kmeans,cosine,2,outputs/rwtd_sam3_auto/coarse_vs_fine_sam_scales/stage2/train_learned_global_gates_coarse_plus_next_finer_test/checkpoint.pt,permutation_invariant_binary_partition,architexture_binary_v1,0.40594240340282417,0.06023015612983183
learned_global_gates_coarse_plus_next_finer,test,121,359,"cluster_1->texture_a,cluster_0->texture_b",0.016688415528675313,0.8714551897931272,0.9347470180132338,0.8714551897931272,"[""fpn_2"", ""fpn_1""]",fpn_2,"[""fpn_2"", ""fpn_1"", ""fpn_0""]","{""fpn_0"": [256, 288, 288], ""fpn_1"": [256, 144, 144], ""fpn_2"": [256, 72, 72]}","{""fpn_1"": [256, 72, 72], ""fpn_2"": [256, 72, 72]}",72,72,64,32,True,"[0.15416643023490906, -0.15416641533374786]","{""fpn_1"": 0.4235217273235321, ""fpn_2"": 0.5764782428741455}","fpn_2=0.576,fpn_1=0.424",deterministic_kmeans,cosine,2,outputs/rwtd_sam3_auto/coarse_vs_fine_sam_scales/stage2/train_learned_global_gates_coarse_plus_next_finer_test/checkpoint.pt,permutation_invariant_binary_partition,architexture_binary_v1,0.9347470180132338,0.8714551897931272
learned_global_gates_coarse_plus_next_finer,test,122,36,"cluster_1->texture_a,cluster_0->texture_b",0.010459031121832626,0.908588455639484,0.9402837670563788,0.908588455639484,"[""fpn_2"", ""fpn_1""]",fpn_2,"[""fpn_2"", ""fpn_1"", ""fpn_0""]","{""fpn_0"": [256, 288, 288], ""fpn_1"": [256, 144, 144], ""fpn_2"": [256, 72, 72]}","{""fpn_1"": [256, 72, 72], ""fpn_2"": [256, 72, 72]}",72,72,64,32,True,"[0.15416643023490906, -0.15416641533374786]","{""fpn_1"": 0.4235217273235321, ""fpn_2"": 0.5764782428741455}","fpn_2=0.576,fpn_1=0.424",deterministic_kmeans,cosine,2,outputs/rwtd_sam3_auto/coarse_vs_fine_sam_scales/stage2/train_learned_global_gates_coarse_plus_next_finer_test/checkpoint.pt,permutation_invariant_binary_partition,architexture_binary_v1,0.9402837670563788,0.908588455639484
learned_global_gates_coarse_plus_next_finer,test,123,362,"cluster_0->texture_a,cluster_1->texture_b",0.9388705365388551,0.877874719441574,0.016007762376187173,0.877874719441574,"[""fpn_2"", ""fpn_1""]",fpn_2,"[""fpn_2"", ""fpn_1"", ""fpn_0""]","{""fpn_0"": [256, 288, 288], ""fpn_1"": [256, 144, 144], ""fpn_2"": [256, 72, 72]}","{""fpn_1"": [256, 72, 72], ""fpn_2"": [256, 72, 72]}",72,72,64,32,True,"[0.15416643023490906, -0.15416641533374786]","{""fpn_1"": 0.4235217273235321, ""fpn_2"": 0.5764782428741455}","fpn_2=0.576,fpn_1=0.424",deterministic_kmeans,cosine,2,outputs/rwtd_sam3_auto/coarse_vs_fine_sam_scales/stage2/train_learned_global_gates_coarse_plus_next_finer_test/checkpoint.pt,permutation_invariant_binary_partition,architexture_binary_v1,0.9388705365388551,0.877874719441574
learned_global_gates_coarse_plus_next_finer,test,124,364,"cluster_0->texture_a,cluster_1->texture_b",0.9233434573430717,0.8669323709805447,0.017014477351535752,0.8669323709805447,"[""fpn_2"", ""fpn_1""]",fpn_2,"[""fpn_2"", ""fpn_1"", ""fpn_0""]","{""fpn_0"": [256, 288, 288], ""fpn_1"": [256, 144, 144], ""fpn_2"": [256, 72, 72]}","{""fpn_1"": [256, 72, 72], ""fpn_2"": [256, 72, 72]}",72,72,64,32,True,"[0.15416643023490906, -0.15416641533374786]","{""fpn_1"": 0.4235217273235321, ""fpn_2"": 0.5764782428741455}","fpn_2=0.576,fpn_1=0.424",deterministic_kmeans,cosine,2,outputs/rwtd_sam3_auto/coarse_vs_fine_sam_scales/stage2/train_learned_global_gates_coarse_plus_next_finer_test/checkpoint.pt,permutation_invariant_binary_partition,architexture_binary_v1,0.9233434573430717,0.8669323709805447
learned_global_gates_coarse_plus_next_finer,test,125,365,"cluster_1->texture_a,cluster_0->texture_b",0.021009964752561602,0.8395589980821,0.9178596482411683,0.8395589980821,"[""fpn_2"", ""fpn_1""]",fpn_2,"[""fpn_2"", ""fpn_1"", ""fpn_0""]","{""fpn_0"": [256, 288, 288], ""fpn_1"": [256, 144, 144], ""fpn_2"": [256, 72, 72]}","{""fpn_1"": [256, 72, 72], ""fpn_2"": [256, 72, 72]}",72,72,64,32,True,"[0.15416643023490906, -0.15416641533374786]","{""fpn_1"": 0.4235217273235321, ""fpn_2"": 0.5764782428741455}","fpn_2=0.576,fpn_1=0.424",deterministic_kmeans,cosine,2,outputs/rwtd_sam3_auto/coarse_vs_fine_sam_scales/stage2/train_learned_global_gates_coarse_plus_next_finer_test/checkpoint.pt,permutation_invariant_binary_partition,architexture_binary_v1,0.9178596482411683,0.8395589980821
learned_global_gates_coarse_plus_next_finer,test,126,366,"cluster_1->texture_a,cluster_0->texture_b",0.040204600764076746,0.7085649402083842,0.8531532594068929,0.7085649402083842,"[""fpn_2"", ""fpn_1""]",fpn_2,"[""fpn_2"", ""fpn_1"", ""fpn_0""]","{""fpn_0"": [256, 288, 288], ""fpn_1"": [256, 144, 144], ""fpn_2"": [256, 72, 72]}","{""fpn_1"": [256, 72, 72], ""fpn_2"": [256, 72, 72]}",72,72,64,32,True,"[0.15416643023490906, -0.15416641533374786]","{""fpn_1"": 0.4235217273235321, ""fpn_2"": 0.5764782428741455}","fpn_2=0.576,fpn_1=0.424",deterministic_kmeans,cosine,2,outputs/rwtd_sam3_auto/coarse_vs_fine_sam_scales/stage2/train_learned_global_gates_coarse_plus_next_finer_test/checkpoint.pt,permutation_invariant_binary_partition,architexture_binary_v1,0.8531532594068929,0.7085649402083842
learned_global_gates_coarse_plus_next_finer,test,127,371,"cluster_1->texture_a,cluster_0->texture_b",0.016404256349353625,0.8737378596729258,0.9352619047299296,0.8737378596729258,"[""fpn_2"", ""fpn_1""]",fpn_2,"[""fpn_2"", ""fpn_1"", ""fpn_0""]","{""fpn_0"": [256, 288, 288], ""fpn_1"": [256, 144, 144], ""fpn_2"": [256, 72, 72]}","{""fpn_1"": [256, 72, 72], ""fpn_2"": [256, 72, 72]}",72,72,64,32,True,"[0.15416643023490906, -0.15416641533374786]","{""fpn_1"": 0.4235217273235321, ""fpn_2"": 0.5764782428741455}","fpn_2=0.576,fpn_1=0.424",deterministic_kmeans,cosine,2,outputs/rwtd_sam3_auto/coarse_vs_fine_sam_scales/stage2/train_learned_global_gates_coarse_plus_next_finer_test/checkpoint.pt,permutation_invariant_binary_partition,architexture_binary_v1,0.9352619047299296,0.8737378596729258
learned_global_gates_coarse_plus_next_finer,test,128,373,"cluster_1->texture_a,cluster_0->texture_b",0.010227624559160237,0.913225828793237,0.9447997319375989,0.913225828793237,"[""fpn_2"", ""fpn_1""]",fpn_2,"[""fpn_2"", ""fpn_1"", ""fpn_0""]","{""fpn_0"": [256, 288, 288], ""fpn_1"": [256, 144, 144], ""fpn_2"": [256, 72, 72]}","{""fpn_1"": [256, 72, 72], ""fpn_2"": [256, 72, 72]}",72,72,64,32,True,"[0.15416643023490906, -0.15416641533374786]","{""fpn_1"": 0.4235217273235321, ""fpn_2"": 0.5764782428741455}","fpn_2=0.576,fpn_1=0.424",deterministic_kmeans,cosine,2,outputs/rwtd_sam3_auto/coarse_vs_fine_sam_scales/stage2/train_learned_global_gates_coarse_plus_next_finer_test/checkpoint.pt,permutation_invariant_binary_partition,architexture_binary_v1,0.9447997319375989,0.913225828793237
learned_global_gates_coarse_plus_next_finer,test,129,374,"cluster_1->texture_a,cluster_0->texture_b",0.027223920100881704,0.7915107882161011,0.8821509861164762,0.7915107882161011,"[""fpn_2"", ""fpn_1""]",fpn_2,"[""fpn_2"", ""fpn_1"", ""fpn_0""]","{""fpn_0"": [256, 288, 288], ""fpn_1"": [256, 144, 144], ""fpn_2"": [256, 72, 72]}","{""fpn_1"": [256, 72, 72], ""fpn_2"": [256, 72, 72]}",72,72,64,32,True,"[0.15416643023490906, -0.15416641533374786]","{""fpn_1"": 0.4235217273235321, ""fpn_2"": 0.5764782428741455}","fpn_2=0.576,fpn_1=0.424",deterministic_kmeans,cosine,2,outputs/rwtd_sam3_auto/coarse_vs_fine_sam_scales/stage2/train_learned_global_gates_coarse_plus_next_finer_test/checkpoint.pt,permutation_invariant_binary_partition,architexture_binary_v1,0.8821509861164762,0.7915107882161011
learned_global_gates_coarse_plus_next_finer,test,130,376,"cluster_1->texture_a,cluster_0->texture_b",0.007245923897382262,0.9422829455256887,0.9682125111713454,0.9422829455256887,"[""fpn_2"", ""fpn_1""]",fpn_2,"[""fpn_2"", ""fpn_1"", ""fpn_0""]","{""fpn_0"": [256, 288, 288], ""fpn_1"": [256, 144, 144], ""fpn_2"": [256, 72, 72]}","{""fpn_1"": [256, 72, 72], ""fpn_2"": [256, 72, 72]}",72,72,64,32,True,"[0.15416643023490906, -0.15416641533374786]","{""fpn_1"": 0.4235217273235321, ""fpn_2"": 0.5764782428741455}","fpn_2=0.576,fpn_1=0.424",deterministic_kmeans,cosine,2,outputs/rwtd_sam3_auto/coarse_vs_fine_sam_scales/stage2/train_learned_global_gates_coarse_plus_next_finer_test/checkpoint.pt,permutation_invariant_binary_partition,architexture_binary_v1,0.9682125111713454,0.9422829455256887
learned_global_gates_coarse_plus_next_finer,test,131,377,"cluster_0->texture_a,cluster_1->texture_b",0.5552694056229553,0.20829463829837772,0.14306853172965814,0.20829463829837772,"[""fpn_2"", ""fpn_1""]",fpn_2,"[""fpn_2"", ""fpn_1"", ""fpn_0""]","{""fpn_0"": [256, 288, 288], ""fpn_1"": [256, 144, 144], ""fpn_2"": [256, 72, 72]}","{""fpn_1"": [256, 72, 72], ""fpn_2"": [256, 72, 72]}",72,72,64,32,True,"[0.15416643023490906, -0.15416641533374786]","{""fpn_1"": 0.4235217273235321, ""fpn_2"": 0.5764782428741455}","fpn_2=0.576,fpn_1=0.424",deterministic_kmeans,cosine,2,outputs/rwtd_sam3_auto/coarse_vs_fine_sam_scales/stage2/train_learned_global_gates_coarse_plus_next_finer_test/checkpoint.pt,permutation_invariant_binary_partition,architexture_binary_v1,0.5552694056229553,0.20829463829837772
learned_global_gates_coarse_plus_next_finer,test,132,378,"cluster_1->texture_a,cluster_0->texture_b",0.01644808211140024,0.8471610412823007,0.8957588220942856,0.8471610412823007,"[""fpn_2"", ""fpn_1""]",fpn_2,"[""fpn_2"", ""fpn_1"", ""fpn_0""]","{""fpn_0"": [256, 288, 288], ""fpn_1"": [256, 144, 144], ""fpn_2"": [256, 72, 72]}","{""fpn_1"": [256, 72, 72], ""fpn_2"": [256, 72, 72]}",72,72,64,32,True,"[0.15416643023490906, -0.15416641533374786]","{""fpn_1"": 0.4235217273235321, ""fpn_2"": 0.5764782428741455}","fpn_2=0.576,fpn_1=0.424",deterministic_kmeans,cosine,2,outputs/rwtd_sam3_auto/coarse_vs_fine_sam_scales/stage2/train_learned_global_gates_coarse_plus_next_finer_test/checkpoint.pt,permutation_invariant_binary_partition,architexture_binary_v1,0.8957588220942856,0.8471610412823007
learned_global_gates_coarse_plus_next_finer,test,133,380,"cluster_1->texture_a,cluster_0->texture_b",0.04956214230077008,0.6362985152344232,0.795296439181198,0.6362985152344232,"[""fpn_2"", ""fpn_1""]",fpn_2,"[""fpn_2"", ""fpn_1"", ""fpn_0""]","{""fpn_0"": [256, 288, 288], ""fpn_1"": [256, 144, 144], ""fpn_2"": [256, 72, 72]}","{""fpn_1"": [256, 72, 72], ""fpn_2"": [256, 72, 72]}",72,72,64,32,True,"[0.15416643023490906, -0.15416641533374786]","{""fpn_1"": 0.4235217273235321, ""fpn_2"": 0.5764782428741455}","fpn_2=0.576,fpn_1=0.424",deterministic_kmeans,cosine,2,outputs/rwtd_sam3_auto/coarse_vs_fine_sam_scales/stage2/train_learned_global_gates_coarse_plus_next_finer_test/checkpoint.pt,permutation_invariant_binary_partition,architexture_binary_v1,0.795296439181198,0.6362985152344232
learned_global_gates_coarse_plus_next_finer,test,134,383,"cluster_1->texture_a,cluster_0->texture_b",0.01585966716355726,0.8782908629142585,0.9380099926330132,0.8782908629142585,"[""fpn_2"", ""fpn_1""]",fpn_2,"[""fpn_2"", ""fpn_1"", ""fpn_0""]","{""fpn_0"": [256, 288, 288], ""fpn_1"": [256, 144, 144], ""fpn_2"": [256, 72, 72]}","{""fpn_1"": [256, 72, 72], ""fpn_2"": [256, 72, 72]}",72,72,64,32,True,"[0.15416643023490906, -0.15416641533374786]","{""fpn_1"": 0.4235217273235321, ""fpn_2"": 0.5764782428741455}","fpn_2=0.576,fpn_1=0.424",deterministic_kmeans,cosine,2,outputs/rwtd_sam3_auto/coarse_vs_fine_sam_scales/stage2/train_learned_global_gates_coarse_plus_next_finer_test/checkpoint.pt,permutation_invariant_binary_partition,architexture_binary_v1,0.9380099926330132,0.8782908629142585
learned_global_gates_coarse_plus_next_finer,test,135,387,"cluster_1->texture_a,cluster_0->texture_b",0.0709001821061509,0.5044728184928033,0.7179436268415236,0.5044728184928033,"[""fpn_2"", ""fpn_1""]",fpn_2,"[""fpn_2"", ""fpn_1"", ""fpn_0""]","{""fpn_0"": [256, 288, 288], ""fpn_1"": [256, 144, 144], ""fpn_2"": [256, 72, 72]}","{""fpn_1"": [256, 72, 72], ""fpn_2"": [256, 72, 72]}",72,72,64,32,True,"[0.15416643023490906, -0.15416641533374786]","{""fpn_1"": 0.4235217273235321, ""fpn_2"": 0.5764782428741455}","fpn_2=0.576,fpn_1=0.424",deterministic_kmeans,cosine,2,outputs/rwtd_sam3_auto/coarse_vs_fine_sam_scales/stage2/train_learned_global_gates_coarse_plus_next_finer_test/checkpoint.pt,permutation_invariant_binary_partition,architexture_binary_v1,0.7179436268415236,0.5044728184928033
learned_global_gates_coarse_plus_next_finer,test,136,389,"cluster_1->texture_a,cluster_0->texture_b",0.016837392422028176,0.8709453659374985,0.9345579079633317,0.8709453659374985,"[""fpn_2"", ""fpn_1""]",fpn_2,"[""fpn_2"", ""fpn_1"", ""fpn_0""]","{""fpn_0"": [256, 288, 288], ""fpn_1"": [256, 144, 144], ""fpn_2"": [256, 72, 72]}","{""fpn_1"": [256, 72, 72], ""fpn_2"": [256, 72, 72]}",72,72,64,32,True,"[0.15416643023490906, -0.15416641533374786]","{""fpn_1"": 0.4235217273235321, ""fpn_2"": 0.5764782428741455}","fpn_2=0.576,fpn_1=0.424",deterministic_kmeans,cosine,2,outputs/rwtd_sam3_auto/coarse_vs_fine_sam_scales/stage2/train_learned_global_gates_coarse_plus_next_finer_test/checkpoint.pt,permutation_invariant_binary_partition,architexture_binary_v1,0.9345579079633317,0.8709453659374985
learned_global_gates_coarse_plus_next_finer,test,137,39,"cluster_0->texture_a,cluster_1->texture_b",0.808250320197669,0.6604991526744974,0.04644361674512411,0.6604991526744974,"[""fpn_2"", ""fpn_1""]",fpn_2,"[""fpn_2"", ""fpn_1"", ""fpn_0""]","{""fpn_0"": [256, 288, 288], ""fpn_1"": [256, 144, 144], ""fpn_2"": [256, 72, 72]}","{""fpn_1"": [256, 72, 72], ""fpn_2"": [256, 72, 72]}",72,72,64,32,True,"[0.15416643023490906, -0.15416641533374786]","{""fpn_1"": 0.4235217273235321, ""fpn_2"": 0.5764782428741455}","fpn_2=0.576,fpn_1=0.424",deterministic_kmeans,cosine,2,outputs/rwtd_sam3_auto/coarse_vs_fine_sam_scales/stage2/train_learned_global_gates_coarse_plus_next_finer_test/checkpoint.pt,permutation_invariant_binary_partition,architexture_binary_v1,0.808250320197669,0.6604991526744974
learned_global_gates_coarse_plus_next_finer,test,138,391,"cluster_0->texture_a,cluster_1->texture_b",0.9324210398850634,0.8954849726396787,0.012154355487202917,0.8954849726396787,"[""fpn_2"", ""fpn_1""]",fpn_2,"[""fpn_2"", ""fpn_1"", ""fpn_0""]","{""fpn_0"": [256, 288, 288], ""fpn_1"": [256, 144, 144], ""fpn_2"": [256, 72, 72]}","{""fpn_1"": [256, 72, 72], ""fpn_2"": [256, 72, 72]}",72,72,64,32,True,"[0.15416643023490906, -0.15416641533374786]","{""fpn_1"": 0.4235217273235321, ""fpn_2"": 0.5764782428741455}","fpn_2=0.576,fpn_1=0.424",deterministic_kmeans,cosine,2,outputs/rwtd_sam3_auto/coarse_vs_fine_sam_scales/stage2/train_learned_global_gates_coarse_plus_next_finer_test/checkpoint.pt,permutation_invariant_binary_partition,architexture_binary_v1,0.9324210398850634,0.8954849726396787
learned_global_gates_coarse_plus_next_finer,test,139,392,"cluster_1->texture_a,cluster_0->texture_b",0.015619257869396235,0.8802209174171095,0.9399939122413792,0.8802209174171095,"[""fpn_2"", ""fpn_1""]",fpn_2,"[""fpn_2"", ""fpn_1"", ""fpn_0""]","{""fpn_0"": [256, 288, 288], ""fpn_1"": [256, 144, 144], ""fpn_2"": [256, 72, 72]}","{""fpn_1"": [256, 72, 72], ""fpn_2"": [256, 72, 72]}",72,72,64,32,True,"[0.15416643023490906, -0.15416641533374786]","{""fpn_1"": 0.4235217273235321, ""fpn_2"": 0.5764782428741455}","fpn_2=0.576,fpn_1=0.424",deterministic_kmeans,cosine,2,outputs/rwtd_sam3_auto/coarse_vs_fine_sam_scales/stage2/train_learned_global_gates_coarse_plus_next_finer_test/checkpoint.pt,permutation_invariant_binary_partition,architexture_binary_v1,0.9399939122413792,0.8802209174171095
learned_global_gates_coarse_plus_next_finer,test,140,393,"cluster_1->texture_a,cluster_0->texture_b",0.019254515234164226,0.8524704675382357,0.9215727507560225,0.8524704675382357,"[""fpn_2"", ""fpn_1""]",fpn_2,"[""fpn_2"", ""fpn_1"", ""fpn_0""]","{""fpn_0"": [256, 288, 288], ""fpn_1"": [256, 144, 144], ""fpn_2"": [256, 72, 72]}","{""fpn_1"": [256, 72, 72], ""fpn_2"": [256, 72, 72]}",72,72,64,32,True,"[0.15416643023490906, -0.15416641533374786]","{""fpn_1"": 0.4235217273235321, ""fpn_2"": 0.5764782428741455}","fpn_2=0.576,fpn_1=0.424",deterministic_kmeans,cosine,2,outputs/rwtd_sam3_auto/coarse_vs_fine_sam_scales/stage2/train_learned_global_gates_coarse_plus_next_finer_test/checkpoint.pt,permutation_invariant_binary_partition,architexture_binary_v1,0.9215727507560225,0.8524704675382357
learned_global_gates_coarse_plus_next_finer,test,141,394,"cluster_1->texture_a,cluster_0->texture_b",0.013256763198855792,0.8974897154361335,0.9475991528480363,0.8974897154361335,"[""fpn_2"", ""fpn_1""]",fpn_2,"[""fpn_2"", ""fpn_1"", ""fpn_0""]","{""fpn_0"": [256, 288, 288], ""fpn_1"": [256, 144, 144], ""fpn_2"": [256, 72, 72]}","{""fpn_1"": [256, 72, 72], ""fpn_2"": [256, 72, 72]}",72,72,64,32,True,"[0.15416643023490906, -0.15416641533374786]","{""fpn_1"": 0.4235217273235321, ""fpn_2"": 0.5764782428741455}","fpn_2=0.576,fpn_1=0.424",deterministic_kmeans,cosine,2,outputs/rwtd_sam3_auto/coarse_vs_fine_sam_scales/stage2/train_learned_global_gates_coarse_plus_next_finer_test/checkpoint.pt,permutation_invariant_binary_partition,architexture_binary_v1,0.9475991528480363,0.8974897154361335
learned_global_gates_coarse_plus_next_finer,test,142,395,"cluster_1->texture_a,cluster_0->texture_b",0.01584455534961911,0.877855594451822,0.9357293319191744,0.877855594451822,"[""fpn_2"", ""fpn_1""]",fpn_2,"[""fpn_2"", ""fpn_1"", ""fpn_0""]","{""fpn_0"": [256, 288, 288], ""fpn_1"": [256, 144, 144], ""fpn_2"": [256, 72, 72]}","{""fpn_1"": [256, 72, 72], ""fpn_2"": [256, 72, 72]}",72,72,64,32,True,"[0.15416643023490906, -0.15416641533374786]","{""fpn_1"": 0.4235217273235321, ""fpn_2"": 0.5764782428741455}","fpn_2=0.576,fpn_1=0.424",deterministic_kmeans,cosine,2,outputs/rwtd_sam3_auto/coarse_vs_fine_sam_scales/stage2/train_learned_global_gates_coarse_plus_next_finer_test/checkpoint.pt,permutation_invariant_binary_partition,architexture_binary_v1,0.9357293319191744,0.877855594451822
learned_global_gates_coarse_plus_next_finer,test,143,398,"cluster_0->texture_a,cluster_1->texture_b",0.8865803203300784,0.8283404509580233,0.019388858609535067,0.8283404509580233,"[""fpn_2"", ""fpn_1""]",fpn_2,"[""fpn_2"", ""fpn_1"", ""fpn_0""]","{""fpn_0"": [256, 288, 288], ""fpn_1"": [256, 144, 144], ""fpn_2"": [256, 72, 72]}","{""fpn_1"": [256, 72, 72], ""fpn_2"": [256, 72, 72]}",72,72,64,32,True,"[0.15416643023490906, -0.15416641533374786]","{""fpn_1"": 0.4235217273235321, ""fpn_2"": 0.5764782428741455}","fpn_2=0.576,fpn_1=0.424",deterministic_kmeans,cosine,2,outputs/rwtd_sam3_auto/coarse_vs_fine_sam_scales/stage2/train_learned_global_gates_coarse_plus_next_finer_test/checkpoint.pt,permutation_invariant_binary_partition,architexture_binary_v1,0.8865803203300784,0.8283404509580233
learned_global_gates_coarse_plus_next_finer,test,144,4,"cluster_0->texture_a,cluster_1->texture_b",0.9395638631586538,0.9098778468016934,0.010000427692809477,0.9098778468016934,"[""fpn_2"", ""fpn_1""]",fpn_2,"[""fpn_2"", ""fpn_1"", ""fpn_0""]","{""fpn_0"": [256, 288, 288], ""fpn_1"": [256, 144, 144], ""fpn_2"": [256, 72, 72]}","{""fpn_1"": [256, 72, 72], ""fpn_2"": [256, 72, 72]}",72,72,64,32,True,"[0.15416643023490906, -0.15416641533374786]","{""fpn_1"": 0.4235217273235321, ""fpn_2"": 0.5764782428741455}","fpn_2=0.576,fpn_1=0.424",deterministic_kmeans,cosine,2,outputs/rwtd_sam3_auto/coarse_vs_fine_sam_scales/stage2/train_learned_global_gates_coarse_plus_next_finer_test/checkpoint.pt,permutation_invariant_binary_partition,architexture_binary_v1,0.9395638631586538,0.9098778468016934
learned_global_gates_coarse_plus_next_finer,test,145,40,"cluster_1->texture_a,cluster_0->texture_b",0.01943998502692733,0.836844278570305,0.8959894053065841,0.836844278570305,"[""fpn_2"", ""fpn_1""]",fpn_2,"[""fpn_2"", ""fpn_1"", ""fpn_0""]","{""fpn_0"": [256, 288, 288], ""fpn_1"": [256, 144, 144], ""fpn_2"": [256, 72, 72]}","{""fpn_1"": [256, 72, 72], ""fpn_2"": [256, 72, 72]}",72,72,64,32,True,"[0.15416643023490906, -0.15416641533374786]","{""fpn_1"": 0.4235217273235321, ""fpn_2"": 0.5764782428741455}","fpn_2=0.576,fpn_1=0.424",deterministic_kmeans,cosine,2,outputs/rwtd_sam3_auto/coarse_vs_fine_sam_scales/stage2/train_learned_global_gates_coarse_plus_next_finer_test/checkpoint.pt,permutation_invariant_binary_partition,architexture_binary_v1,0.8959894053065841,0.836844278570305
learned_global_gates_coarse_plus_next_finer,test,146,400,"cluster_0->texture_a,cluster_1->texture_b",0.9357033332711588,0.8731685771470352,0.01660847838949027,0.8731685771470352,"[""fpn_2"", ""fpn_1""]",fpn_2,"[""fpn_2"", ""fpn_1"", ""fpn_0""]","{""fpn_0"": [256, 288, 288], ""fpn_1"": [256, 144, 144], ""fpn_2"": [256, 72, 72]}","{""fpn_1"": [256, 72, 72], ""fpn_2"": [256, 72, 72]}",72,72,64,32,True,"[0.15416643023490906, -0.15416641533374786]","{""fpn_1"": 0.4235217273235321, ""fpn_2"": 0.5764782428741455}","fpn_2=0.576,fpn_1=0.424",deterministic_kmeans,cosine,2,outputs/rwtd_sam3_auto/coarse_vs_fine_sam_scales/stage2/train_learned_global_gates_coarse_plus_next_finer_test/checkpoint.pt,permutation_invariant_binary_partition,architexture_binary_v1,0.9357033332711588,0.8731685771470352
learned_global_gates_coarse_plus_next_finer,test,147,403,"cluster_1->texture_a,cluster_0->texture_b",0.01812318367649482,0.8318393751614204,0.8863995860061071,0.8318393751614204,"[""fpn_2"", ""fpn_1""]",fpn_2,"[""fpn_2"", ""fpn_1"", ""fpn_0""]","{""fpn_0"": [256, 288, 288], ""fpn_1"": [256, 144, 144], ""fpn_2"": [256, 72, 72]}","{""fpn_1"": [256, 72, 72], ""fpn_2"": [256, 72, 72]}",72,72,64,32,True,"[0.15416643023490906, -0.15416641533374786]","{""fpn_1"": 0.4235217273235321, ""fpn_2"": 0.5764782428741455}","fpn_2=0.576,fpn_1=0.424",deterministic_kmeans,cosine,2,outputs/rwtd_sam3_auto/coarse_vs_fine_sam_scales/stage2/train_learned_global_gates_coarse_plus_next_finer_test/checkpoint.pt,permutation_invariant_binary_partition,architexture_binary_v1,0.8863995860061071,0.8318393751614204
learned_global_gates_coarse_plus_next_finer,test,148,408,"cluster_1->texture_a,cluster_0->texture_b",0.03274042750801272,0.7623670494504258,0.8806552040471732,0.7623670494504258,"[""fpn_2"", ""fpn_1""]",fpn_2,"[""fpn_2"", ""fpn_1"", ""fpn_0""]","{""fpn_0"": [256, 288, 288], ""fpn_1"": [256, 144, 144], ""fpn_2"": [256, 72, 72]}","{""fpn_1"": [256, 72, 72], ""fpn_2"": [256, 72, 72]}",72,72,64,32,True,"[0.15416643023490906, -0.15416641533374786]","{""fpn_1"": 0.4235217273235321, ""fpn_2"": 0.5764782428741455}","fpn_2=0.576,fpn_1=0.424",deterministic_kmeans,cosine,2,outputs/rwtd_sam3_auto/coarse_vs_fine_sam_scales/stage2/train_learned_global_gates_coarse_plus_next_finer_test/checkpoint.pt,permutation_invariant_binary_partition,architexture_binary_v1,0.8806552040471732,0.7623670494504258
learned_global_gates_coarse_plus_next_finer,test,149,41,"cluster_0->texture_a,cluster_1->texture_b",0.8290128427405448,0.7015889734441204,0.040862180184735,0.7015889734441204,"[""fpn_2"", ""fpn_1""]",fpn_2,"[""fpn_2"", ""fpn_1"", ""fpn_0""]","{""fpn_0"": [256, 288, 288], ""fpn_1"": [256, 144, 144], ""fpn_2"": [256, 72, 72]}","{""fpn_1"": [256, 72, 72], ""fpn_2"": [256, 72, 72]}",72,72,64,32,True,"[0.15416643023490906, -0.15416641533374786]","{""fpn_1"": 0.4235217273235321, ""fpn_2"": 0.5764782428741455}","fpn_2=0.576,fpn_1=0.424",deterministic_kmeans,cosine,2,outputs/rwtd_sam3_auto/coarse_vs_fine_sam_scales/stage2/train_learned_global_gates_coarse_plus_next_finer_test/checkpoint.pt,permutation_invariant_binary_partition,architexture_binary_v1,0.8290128427405448,0.7015889734441204
learned_global_gates_coarse_plus_next_finer,test,150,410,"cluster_1->texture_a,cluster_0->texture_b",0.014336447062291105,0.8890055170121228,0.9410853772793706,0.8890055170121228,"[""fpn_2"", ""fpn_1""]",fpn_2,"[""fpn_2"", ""fpn_1"", ""fpn_0""]","{""fpn_0"": [256, 288, 288], ""fpn_1"": [256, 144, 144], ""fpn_2"": [256, 72, 72]}","{""fpn_1"": [256, 72, 72], ""fpn_2"": [256, 72, 72]}",72,72,64,32,True,"[0.15416643023490906, -0.15416641533374786]","{""fpn_1"": 0.4235217273235321, ""fpn_2"": 0.5764782428741455}","fpn_2=0.576,fpn_1=0.424",deterministic_kmeans,cosine,2,outputs/rwtd_sam3_auto/coarse_vs_fine_sam_scales/stage2/train_learned_global_gates_coarse_plus_next_finer_test/checkpoint.pt,permutation_invariant_binary_partition,architexture_binary_v1,0.9410853772793706,0.8890055170121228
learned_global_gates_coarse_plus_next_finer,test,151,411,"cluster_0->texture_a,cluster_1->texture_b",0.9311431034147588,0.8773022365059651,0.01579905919856207,0.8773022365059651,"[""fpn_2"", ""fpn_1""]",fpn_2,"[""fpn_2"", ""fpn_1"", ""fpn_0""]","{""fpn_0"": [256, 288, 288], ""fpn_1"": [256, 144, 144], ""fpn_2"": [256, 72, 72]}","{""fpn_1"": [256, 72, 72], ""fpn_2"": [256, 72, 72]}",72,72,64,32,True,"[0.15416643023490906, -0.15416641533374786]","{""fpn_1"": 0.4235217273235321, ""fpn_2"": 0.5764782428741455}","fpn_2=0.576,fpn_1=0.424",deterministic_kmeans,cosine,2,outputs/rwtd_sam3_auto/coarse_vs_fine_sam_scales/stage2/train_learned_global_gates_coarse_plus_next_finer_test/checkpoint.pt,permutation_invariant_binary_partition,architexture_binary_v1,0.9311431034147588,0.8773022365059651
learned_global_gates_coarse_plus_next_finer,test,152,412,"cluster_1->texture_a,cluster_0->texture_b",0.012577900113366128,0.8970583117217119,0.9371385096589401,0.8970583117217119,"[""fpn_2"", ""fpn_1""]",fpn_2,"[""fpn_2"", ""fpn_1"", ""fpn_0""]","{""fpn_0"": [256, 288, 288], ""fpn_1"": [256, 144, 144], ""fpn_2"": [256, 72, 72]}","{""fpn_1"": [256, 72, 72], ""fpn_2"": [256, 72, 72]}",72,72,64,32,True,"[0.15416643023490906, -0.15416641533374786]","{""fpn_1"": 0.4235217273235321, ""fpn_2"": 0.5764782428741455}","fpn_2=0.576,fpn_1=0.424",deterministic_kmeans,cosine,2,outputs/rwtd_sam3_auto/coarse_vs_fine_sam_scales/stage2/train_learned_global_gates_coarse_plus_next_finer_test/checkpoint.pt,permutation_invariant_binary_partition,architexture_binary_v1,0.9371385096589401,0.8970583117217119
learned_global_gates_coarse_plus_next_finer,test,153,414,"cluster_1->texture_a,cluster_0->texture_b",0.010011976809243666,0.9219882570101479,0.9591807469759251,0.9219882570101479,"[""fpn_2"", ""fpn_1""]",fpn_2,"[""fpn_2"", ""fpn_1"", ""fpn_0""]","{""fpn_0"": [256, 288, 288], ""fpn_1"": [256, 144, 144], ""fpn_2"": [256, 72, 72]}","{""fpn_1"": [256, 72, 72], ""fpn_2"": [256, 72, 72]}",72,72,64,32,True,"[0.15416643023490906, -0.15416641533374786]","{""fpn_1"": 0.4235217273235321, ""fpn_2"": 0.5764782428741455}","fpn_2=0.576,fpn_1=0.424",deterministic_kmeans,cosine,2,outputs/rwtd_sam3_auto/coarse_vs_fine_sam_scales/stage2/train_learned_global_gates_coarse_plus_next_finer_test/checkpoint.pt,permutation_invariant_binary_partition,architexture_binary_v1,0.9591807469759251,0.9219882570101479
learned_global_gates_coarse_plus_next_finer,test,154,416,"cluster_1->texture_a,cluster_0->texture_b",0.01884845013975025,0.8560458012536329,0.9239174130262147,0.8560458012536329,"[""fpn_2"", ""fpn_1""]",fpn_2,"[""fpn_2"", ""fpn_1"", ""fpn_0""]","{""fpn_0"": [256, 288, 288], ""fpn_1"": [256, 144, 144], ""fpn_2"": [256, 72, 72]}","{""fpn_1"": [256, 72, 72], ""fpn_2"": [256, 72, 72]}",72,72,64,32,True,"[0.15416643023490906, -0.15416641533374786]","{""fpn_1"": 0.4235217273235321, ""fpn_2"": 0.5764782428741455}","fpn_2=0.576,fpn_1=0.424",deterministic_kmeans,cosine,2,outputs/rwtd_sam3_auto/coarse_vs_fine_sam_scales/stage2/train_learned_global_gates_coarse_plus_next_finer_test/checkpoint.pt,permutation_invariant_binary_partition,architexture_binary_v1,0.9239174130262147,0.8560458012536329
learned_global_gates_coarse_plus_next_finer,test,155,417,"cluster_1->texture_a,cluster_0->texture_b",0.017970645593060403,0.8624152329267805,0.930126391026604,0.8624152329267805,"[""fpn_2"", ""fpn_1""]",fpn_2,"[""fpn_2"", ""fpn_1"", ""fpn_0""]","{""fpn_0"": [256, 288, 288], ""fpn_1"": [256, 144, 144], ""fpn_2"": [256, 72, 72]}","{""fpn_1"": [256, 72, 72], ""fpn_2"": [256, 72, 72]}",72,72,64,32,True,"[0.15416643023490906, -0.15416641533374786]","{""fpn_1"": 0.4235217273235321, ""fpn_2"": 0.5764782428741455}","fpn_2=0.576,fpn_1=0.424",deterministic_kmeans,cosine,2,outputs/rwtd_sam3_auto/coarse_vs_fine_sam_scales/stage2/train_learned_global_gates_coarse_plus_next_finer_test/checkpoint.pt,permutation_invariant_binary_partition,architexture_binary_v1,0.930126391026604,0.8624152329267805
learned_global_gates_coarse_plus_next_finer,test,156,418,"cluster_1->texture_a,cluster_0->texture_b",0.020297557190077347,0.8241890133958506,0.885372701896518,0.8241890133958506,"[""fpn_2"", ""fpn_1""]",fpn_2,"[""fpn_2"", ""fpn_1"", ""fpn_0""]","{""fpn_0"": [256, 288, 288], ""fpn_1"": [256, 144, 144], ""fpn_2"": [256, 72, 72]}","{""fpn_1"": [256, 72, 72], ""fpn_2"": [256, 72, 72]}",72,72,64,32,True,"[0.15416643023490906, -0.15416641533374786]","{""fpn_1"": 0.4235217273235321, ""fpn_2"": 0.5764782428741455}","fpn_2=0.576,fpn_1=0.424",deterministic_kmeans,cosine,2,outputs/rwtd_sam3_auto/coarse_vs_fine_sam_scales/stage2/train_learned_global_gates_coarse_plus_next_finer_test/checkpoint.pt,permutation_invariant_binary_partition,architexture_binary_v1,0.885372701896518,0.8241890133958506
learned_global_gates_coarse_plus_next_finer,test,157,422,"cluster_0->texture_a,cluster_1->texture_b",0.9824845702357479,0.9649723275831925,0.00441741943359375,0.9649723275831925,"[""fpn_2"", ""fpn_1""]",fpn_2,"[""fpn_2"", ""fpn_1"", ""fpn_0""]","{""fpn_0"": [256, 288, 288], ""fpn_1"": [256, 144, 144], ""fpn_2"": [256, 72, 72]}","{""fpn_1"": [256, 72, 72], ""fpn_2"": [256, 72, 72]}",72,72,64,32,True,"[0.15416643023490906, -0.15416641533374786]","{""fpn_1"": 0.4235217273235321, ""fpn_2"": 0.5764782428741455}","fpn_2=0.576,fpn_1=0.424",deterministic_kmeans,cosine,2,outputs/rwtd_sam3_auto/coarse_vs_fine_sam_scales/stage2/train_learned_global_gates_coarse_plus_next_finer_test/checkpoint.pt,permutation_invariant_binary_partition,architexture_binary_v1,0.9824845702357479,0.9649723275831925
learned_global_gates_coarse_plus_next_finer,test,158,423,"cluster_1->texture_a,cluster_0->texture_b",0.0065504934816550345,0.9481366512509,0.9716528460454337,0.9481366512509,"[""fpn_2"", ""fpn_1""]",fpn_2,"[""fpn_2"", ""fpn_1"", ""fpn_0""]","{""fpn_0"": [256, 288, 288], ""fpn_1"": [256, 144, 144], ""fpn_2"": [256, 72, 72]}","{""fpn_1"": [256, 72, 72], ""fpn_2"": [256, 72, 72]}",72,72,64,32,True,"[0.15416643023490906, -0.15416641533374786]","{""fpn_1"": 0.4235217273235321, ""fpn_2"": 0.5764782428741455}","fpn_2=0.576,fpn_1=0.424",deterministic_kmeans,cosine,2,outputs/rwtd_sam3_auto/coarse_vs_fine_sam_scales/stage2/train_learned_global_gates_coarse_plus_next_finer_test/checkpoint.pt,permutation_invariant_binary_partition,architexture_binary_v1,0.9716528460454337,0.9481366512509
learned_global_gates_coarse_plus_next_finer,test,159,424,"cluster_1->texture_a,cluster_0->texture_b",0.011357109983645615,0.9111533571348226,0.9535083893895815,0.9111533571348226,"[""fpn_2"", ""fpn_1""]",fpn_2,"[""fpn_2"", ""fpn_1"", ""fpn_0""]","{""fpn_0"": [256, 288, 288], ""fpn_1"": [256, 144, 144], ""fpn_2"": [256, 72, 72]}","{""fpn_1"": [256, 72, 72], ""fpn_2"": [256, 72, 72]}",72,72,64,32,True,"[0.15416643023490906, -0.15416641533374786]","{""fpn_1"": 0.4235217273235321, ""fpn_2"": 0.5764782428741455}","fpn_2=0.576,fpn_1=0.424",deterministic_kmeans,cosine,2,outputs/rwtd_sam3_auto/coarse_vs_fine_sam_scales/stage2/train_learned_global_gates_coarse_plus_next_finer_test/checkpoint.pt,permutation_invariant_binary_partition,architexture_binary_v1,0.9535083893895815,0.9111533571348226
learned_global_gates_coarse_plus_next_finer,test,160,425,"cluster_0->texture_a,cluster_1->texture_b",0.9341098167510256,0.8771960694799718,0.01599883286707417,0.8771960694799718,"[""fpn_2"", ""fpn_1""]",fpn_2,"[""fpn_2"", ""fpn_1"", ""fpn_0""]","{""fpn_0"": [256, 288, 288], ""fpn_1"": [256, 144, 144], ""fpn_2"": [256, 72, 72]}","{""fpn_1"": [256, 72, 72], ""fpn_2"": [256, 72, 72]}",72,72,64,32,True,"[0.15416643023490906, -0.15416641533374786]","{""fpn_1"": 0.4235217273235321, ""fpn_2"": 0.5764782428741455}","fpn_2=0.576,fpn_1=0.424",deterministic_kmeans,cosine,2,outputs/rwtd_sam3_auto/coarse_vs_fine_sam_scales/stage2/train_learned_global_gates_coarse_plus_next_finer_test/checkpoint.pt,permutation_invariant_binary_partition,architexture_binary_v1,0.9341098167510256,0.8771960694799718
learned_global_gates_coarse_plus_next_finer,test,161,426,"cluster_0->texture_a,cluster_1->texture_b",0.960901759634905,0.9287231163946705,0.009060699584274507,0.9287231163946705,"[""fpn_2"", ""fpn_1""]",fpn_2,"[""fpn_2"", ""fpn_1"", ""fpn_0""]","{""fpn_0"": [256, 288, 288], ""fpn_1"": [256, 144, 144], ""fpn_2"": [256, 72, 72]}","{""fpn_1"": [256, 72, 72], ""fpn_2"": [256, 72, 72]}",72,72,64,32,True,"[0.15416643023490906, -0.15416641533374786]","{""fpn_1"": 0.4235217273235321, ""fpn_2"": 0.5764782428741455}","fpn_2=0.576,fpn_1=0.424",deterministic_kmeans,cosine,2,outputs/rwtd_sam3_auto/coarse_vs_fine_sam_scales/stage2/train_learned_global_gates_coarse_plus_next_finer_test/checkpoint.pt,permutation_invariant_binary_partition,architexture_binary_v1,0.960901759634905,0.9287231163946705
learned_global_gates_coarse_plus_next_finer,test,162,428,"cluster_1->texture_a,cluster_0->texture_b",0.029026728688412752,0.7814519094167003,0.8873374529228371,0.7814519094167003,"[""fpn_2"", ""fpn_1""]",fpn_2,"[""fpn_2"", ""fpn_1"", ""fpn_0""]","{""fpn_0"": [256, 288, 288], ""fpn_1"": [256, 144, 144], ""fpn_2"": [256, 72, 72]}","{""fpn_1"": [256, 72, 72], ""fpn_2"": [256, 72, 72]}",72,72,64,32,True,"[0.15416643023490906, -0.15416641533374786]","{""fpn_1"": 0.4235217273235321, ""fpn_2"": 0.5764782428741455}","fpn_2=0.576,fpn_1=0.424",deterministic_kmeans,cosine,2,outputs/rwtd_sam3_auto/coarse_vs_fine_sam_scales/stage2/train_learned_global_gates_coarse_plus_next_finer_test/checkpoint.pt,permutation_invariant_binary_partition,architexture_binary_v1,0.8873374529228371,0.7814519094167003
learned_global_gates_coarse_plus_next_finer,test,163,429,"cluster_1->texture_a,cluster_0->texture_b",0.022880664901244775,0.8277111079654803,0.9121547691789401,0.8277111079654803,"[""fpn_2"", ""fpn_1""]",fpn_2,"[""fpn_2"", ""fpn_1"", ""fpn_0""]","{""fpn_0"": [256, 288, 288], ""fpn_1"": [256, 144, 144], ""fpn_2"": [256, 72, 72]}","{""fpn_1"": [256, 72, 72], ""fpn_2"": [256, 72, 72]}",72,72,64,32,True,"[0.15416643023490906, -0.15416641533374786]","{""fpn_1"": 0.4235217273235321, ""fpn_2"": 0.5764782428741455}","fpn_2=0.576,fpn_1=0.424",deterministic_kmeans,cosine,2,outputs/rwtd_sam3_auto/coarse_vs_fine_sam_scales/stage2/train_learned_global_gates_coarse_plus_next_finer_test/checkpoint.pt,permutation_invariant_binary_partition,architexture_binary_v1,0.9121547691789401,0.8277111079654803
learned_global_gates_coarse_plus_next_finer,test,164,431,"cluster_1->texture_a,cluster_0->texture_b",0.03605466200054147,0.7306119363690029,0.8540369847733906,0.7306119363690029,"[""fpn_2"", ""fpn_1""]",fpn_2,"[""fpn_2"", ""fpn_1"", ""fpn_0""]","{""fpn_0"": [256, 288, 288], ""fpn_1"": [256, 144, 144], ""fpn_2"": [256, 72, 72]}","{""fpn_1"": [256, 72, 72], ""fpn_2"": [256, 72, 72]}",72,72,64,32,True,"[0.15416643023490906, -0.15416641533374786]","{""fpn_1"": 0.4235217273235321, ""fpn_2"": 0.5764782428741455}","fpn_2=0.576,fpn_1=0.424",deterministic_kmeans,cosine,2,outputs/rwtd_sam3_auto/coarse_vs_fine_sam_scales/stage2/train_learned_global_gates_coarse_plus_next_finer_test/checkpoint.pt,permutation_invariant_binary_partition,architexture_binary_v1,0.8540369847733906,0.7306119363690029
learned_global_gates_coarse_plus_next_finer,test,165,432,"cluster_1->texture_a,cluster_0->texture_b",0.025374209113441515,0.8052994235908744,0.8910797719367665,0.8052994235908744,"[""fpn_2"", ""fpn_1""]",fpn_2,"[""fpn_2"", ""fpn_1"", ""fpn_0""]","{""fpn_0"": [256, 288, 288], ""fpn_1"": [256, 144, 144], ""fpn_2"": [256, 72, 72]}","{""fpn_1"": [256, 72, 72], ""fpn_2"": [256, 72, 72]}",72,72,64,32,True,"[0.15416643023490906, -0.15416641533374786]","{""fpn_1"": 0.4235217273235321, ""fpn_2"": 0.5764782428741455}","fpn_2=0.576,fpn_1=0.424",deterministic_kmeans,cosine,2,outputs/rwtd_sam3_auto/coarse_vs_fine_sam_scales/stage2/train_learned_global_gates_coarse_plus_next_finer_test/checkpoint.pt,permutation_invariant_binary_partition,architexture_binary_v1,0.8910797719367665,0.8052994235908744
learned_global_gates_coarse_plus_next_finer,test,166,434,"cluster_1->texture_a,cluster_0->texture_b",0.012167295686001448,0.9057505731088992,0.9521652091037358,0.9057505731088992,"[""fpn_2"", ""fpn_1""]",fpn_2,"[""fpn_2"", ""fpn_1"", ""fpn_0""]","{""fpn_0"": [256, 288, 288], ""fpn_1"": [256, 144, 144], ""fpn_2"": [256, 72, 72]}","{""fpn_1"": [256, 72, 72], ""fpn_2"": [256, 72, 72]}",72,72,64,32,True,"[0.15416643023490906, -0.15416641533374786]","{""fpn_1"": 0.4235217273235321, ""fpn_2"": 0.5764782428741455}","fpn_2=0.576,fpn_1=0.424",deterministic_kmeans,cosine,2,outputs/rwtd_sam3_auto/coarse_vs_fine_sam_scales/stage2/train_learned_global_gates_coarse_plus_next_finer_test/checkpoint.pt,permutation_invariant_binary_partition,architexture_binary_v1,0.9521652091037358,0.9057505731088992
learned_global_gates_coarse_plus_next_finer,test,167,44,"cluster_1->texture_a,cluster_0->texture_b",0.2230434657262907,0.008781436961445363,0.29833616670803814,0.008781436961445363,"[""fpn_2"", ""fpn_1""]",fpn_2,"[""fpn_2"", ""fpn_1"", ""fpn_0""]","{""fpn_0"": [256, 288, 288], ""fpn_1"": [256, 144, 144], ""fpn_2"": [256, 72, 72]}","{""fpn_1"": [256, 72, 72], ""fpn_2"": [256, 72, 72]}",72,72,64,32,True,"[0.15416643023490906, -0.15416641533374786]","{""fpn_1"": 0.4235217273235321, ""fpn_2"": 0.5764782428741455}","fpn_2=0.576,fpn_1=0.424",deterministic_kmeans,cosine,2,outputs/rwtd_sam3_auto/coarse_vs_fine_sam_scales/stage2/train_learned_global_gates_coarse_plus_next_finer_test/checkpoint.pt,permutation_invariant_binary_partition,architexture_binary_v1,0.29833616670803814,0.008781436961445363
learned_global_gates_coarse_plus_next_finer,test,168,440,"cluster_0->texture_a,cluster_1->texture_b",0.9308611947604637,0.905139214502877,0.008969319966698487,0.905139214502877,"[""fpn_2"", ""fpn_1""]",fpn_2,"[""fpn_2"", ""fpn_1"", ""fpn_0""]","{""fpn_0"": [256, 288, 288], ""fpn_1"": [256, 144, 144], ""fpn_2"": [256, 72, 72]}","{""fpn_1"": [256, 72, 72], ""fpn_2"": [256, 72, 72]}",72,72,64,32,True,"[0.15416643023490906, -0.15416641533374786]","{""fpn_1"": 0.4235217273235321, ""fpn_2"": 0.5764782428741455}","fpn_2=0.576,fpn_1=0.424",deterministic_kmeans,cosine,2,outputs/rwtd_sam3_auto/coarse_vs_fine_sam_scales/stage2/train_learned_global_gates_coarse_plus_next_finer_test/checkpoint.pt,permutation_invariant_binary_partition,architexture_binary_v1,0.9308611947604637,0.905139214502877
learned_global_gates_coarse_plus_next_finer,test,169,441,"cluster_1->texture_a,cluster_0->texture_b",0.010283141021679234,0.8941550967455483,0.9238834733154428,0.8941550967455483,"[""fpn_2"", ""fpn_1""]",fpn_2,"[""fpn_2"", ""fpn_1"", ""fpn_0""]","{""fpn_0"": [256, 288, 288], ""fpn_1"": [256, 144, 144], ""fpn_2"": [256, 72, 72]}","{""fpn_1"": [256, 72, 72], ""fpn_2"": [256, 72, 72]}",72,72,64,32,True,"[0.15416643023490906, -0.15416641533374786]","{""fpn_1"": 0.4235217273235321, ""fpn_2"": 0.5764782428741455}","fpn_2=0.576,fpn_1=0.424",deterministic_kmeans,cosine,2,outputs/rwtd_sam3_auto/coarse_vs_fine_sam_scales/stage2/train_learned_global_gates_coarse_plus_next_finer_test/checkpoint.pt,permutation_invariant_binary_partition,architexture_binary_v1,0.9238834733154428,0.8941550967455483
learned_global_gates_coarse_plus_next_finer,test,170,442,"cluster_1->texture_a,cluster_0->texture_b",0.009609821390364632,0.9170980871452737,0.9465769420008399,0.9170980871452737,"[""fpn_2"", ""fpn_1""]",fpn_2,"[""fpn_2"", ""fpn_1"", ""fpn_0""]","{""fpn_0"": [256, 288, 288], ""fpn_1"": [256, 144, 144], ""fpn_2"": [256, 72, 72]}","{""fpn_1"": [256, 72, 72], ""fpn_2"": [256, 72, 72]}",72,72,64,32,True,"[0.15416643023490906, -0.15416641533374786]","{""fpn_1"": 0.4235217273235321, ""fpn_2"": 0.5764782428741455}","fpn_2=0.576,fpn_1=0.424",deterministic_kmeans,cosine,2,outputs/rwtd_sam3_auto/coarse_vs_fine_sam_scales/stage2/train_learned_global_gates_coarse_plus_next_finer_test/checkpoint.pt,permutation_invariant_binary_partition,architexture_binary_v1,0.9465769420008399,0.9170980871452737
learned_global_gates_coarse_plus_next_finer,test,171,443,"cluster_1->texture_a,cluster_0->texture_b",0.049882010839294354,0.646436531220876,0.8154072433002788,0.646436531220876,"[""fpn_2"", ""fpn_1""]",fpn_2,"[""fpn_2"", ""fpn_1"", ""fpn_0""]","{""fpn_0"": [256, 288, 288], ""fpn_1"": [256, 144, 144], ""fpn_2"": [256, 72, 72]}","{""fpn_1"": [256, 72, 72], ""fpn_2"": [256, 72, 72]}",72,72,64,32,True,"[0.15416643023490906, -0.15416641533374786]","{""fpn_1"": 0.4235217273235321, ""fpn_2"": 0.5764782428741455}","fpn_2=0.576,fpn_1=0.424",deterministic_kmeans,cosine,2,outputs/rwtd_sam3_auto/coarse_vs_fine_sam_scales/stage2/train_learned_global_gates_coarse_plus_next_finer_test/checkpoint.pt,permutation_invariant_binary_partition,architexture_binary_v1,0.8154072433002788,0.646436531220876
learned_global_gates_coarse_plus_next_finer,test,172,444,"cluster_0->texture_a,cluster_1->texture_b",0.9539149698529293,0.9239760849596301,0.009256360414317011,0.9239760849596301,"[""fpn_2"", ""fpn_1""]",fpn_2,"[""fpn_2"", ""fpn_1"", ""fpn_0""]","{""fpn_0"": [256, 288, 288], ""fpn_1"": [256, 144, 144], ""fpn_2"": [256, 72, 72]}","{""fpn_1"": [256, 72, 72], ""fpn_2"": [256, 72, 72]}",72,72,64,32,True,"[0.15416643023490906, -0.15416641533374786]","{""fpn_1"": 0.4235217273235321, ""fpn_2"": 0.5764782428741455}","fpn_2=0.576,fpn_1=0.424",deterministic_kmeans,cosine,2,outputs/rwtd_sam3_auto/coarse_vs_fine_sam_scales/stage2/train_learned_global_gates_coarse_plus_next_finer_test/checkpoint.pt,permutation_invariant_binary_partition,architexture_binary_v1,0.9539149698529293,0.9239760849596301
learned_global_gates_coarse_plus_next_finer,test,173,447,"cluster_1->texture_a,cluster_0->texture_b",0.04275358664087433,0.687659314933524,0.8301983142549916,0.687659314933524,"[""fpn_2"", ""fpn_1""]",fpn_2,"[""fpn_2"", ""fpn_1"", ""fpn_0""]","{""fpn_0"": [256, 288, 288], ""fpn_1"": [256, 144, 144], ""fpn_2"": [256, 72, 72]}","{""fpn_1"": [256, 72, 72], ""fpn_2"": [256, 72, 72]}",72,72,64,32,True,"[0.15416643023490906, -0.15416641533374786]","{""fpn_1"": 0.4235217273235321, ""fpn_2"": 0.5764782428741455}","fpn_2=0.576,fpn_1=0.424",deterministic_kmeans,cosine,2,outputs/rwtd_sam3_auto/coarse_vs_fine_sam_scales/stage2/train_learned_global_gates_coarse_plus_next_finer_test/checkpoint.pt,permutation_invariant_binary_partition,architexture_binary_v1,0.8301983142549916,0.687659314933524
learned_global_gates_coarse_plus_next_finer,test,174,448,"cluster_1->texture_a,cluster_0->texture_b",0.01106899080238839,0.9140392105687564,0.9569629658061545,0.9140392105687564,"[""fpn_2"", ""fpn_1""]",fpn_2,"[""fpn_2"", ""fpn_1"", ""fpn_0""]","{""fpn_0"": [256, 288, 288], ""fpn_1"": [256, 144, 144], ""fpn_2"": [256, 72, 72]}","{""fpn_1"": [256, 72, 72], ""fpn_2"": [256, 72, 72]}",72,72,64,32,True,"[0.15416643023490906, -0.15416641533374786]","{""fpn_1"": 0.4235217273235321, ""fpn_2"": 0.5764782428741455}","fpn_2=0.576,fpn_1=0.424",deterministic_kmeans,cosine,2,outputs/rwtd_sam3_auto/coarse_vs_fine_sam_scales/stage2/train_learned_global_gates_coarse_plus_next_finer_test/checkpoint.pt,permutation_invariant_binary_partition,architexture_binary_v1,0.9569629658061545,0.9140392105687564
learned_global_gates_coarse_plus_next_finer,test,175,449,"cluster_1->texture_a,cluster_0->texture_b",0.012558539270067644,0.9025796704336813,0.9512202852244547,0.9025796704336813,"[""fpn_2"", ""fpn_1""]",fpn_2,"[""fpn_2"", ""fpn_1"", ""fpn_0""]","{""fpn_0"": [256, 288, 288], ""fpn_1"": [256, 144, 144], ""fpn_2"": [256, 72, 72]}","{""fpn_1"": [256, 72, 72], ""fpn_2"": [256, 72, 72]}",72,72,64,32,True,"[0.15416643023490906, -0.15416641533374786]","{""fpn_1"": 0.4235217273235321, ""fpn_2"": 0.5764782428741455}","fpn_2=0.576,fpn_1=0.424",deterministic_kmeans,cosine,2,outputs/rwtd_sam3_auto/coarse_vs_fine_sam_scales/stage2/train_learned_global_gates_coarse_plus_next_finer_test/checkpoint.pt,permutation_invariant_binary_partition,architexture_binary_v1,0.9512202852244547,0.9025796704336813
learned_global_gates_coarse_plus_next_finer,test,176,45,"cluster_0->texture_a,cluster_1->texture_b",0.9829165480915605,0.9679483828425278,0.004024067076013242,0.9679483828425278,"[""fpn_2"", ""fpn_1""]",fpn_2,"[""fpn_2"", ""fpn_1"", ""fpn_0""]","{""fpn_0"": [256, 288, 288], ""fpn_1"": [256, 144, 144], ""fpn_2"": [256, 72, 72]}","{""fpn_1"": [256, 72, 72], ""fpn_2"": [256, 72, 72]}",72,72,64,32,True,"[0.15416643023490906, -0.15416641533374786]","{""fpn_1"": 0.4235217273235321, ""fpn_2"": 0.5764782428741455}","fpn_2=0.576,fpn_1=0.424",deterministic_kmeans,cosine,2,outputs/rwtd_sam3_auto/coarse_vs_fine_sam_scales/stage2/train_learned_global_gates_coarse_plus_next_finer_test/checkpoint.pt,permutation_invariant_binary_partition,architexture_binary_v1,0.9829165480915605,0.9679483828425278
learned_global_gates_coarse_plus_next_finer,test,177,450,"cluster_1->texture_a,cluster_0->texture_b",0.042467652923733966,0.6898265759723367,0.8421529034037745,0.6898265759723367,"[""fpn_2"", ""fpn_1""]",fpn_2,"[""fpn_2"", ""fpn_1"", ""fpn_0""]","{""fpn_0"": [256, 288, 288], ""fpn_1"": [256, 144, 144], ""fpn_2"": [256, 72, 72]}","{""fpn_1"": [256, 72, 72], ""fpn_2"": [256, 72, 72]}",72,72,64,32,True,"[0.15416643023490906, -0.15416641533374786]","{""fpn_1"": 0.4235217273235321, ""fpn_2"": 0.5764782428741455}","fpn_2=0.576,fpn_1=0.424",deterministic_kmeans,cosine,2,outputs/rwtd_sam3_auto/coarse_vs_fine_sam_scales/stage2/train_learned_global_gates_coarse_plus_next_finer_test/checkpoint.pt,permutation_invariant_binary_partition,architexture_binary_v1,0.8421529034037745,0.6898265759723367
learned_global_gates_coarse_plus_next_finer,test,178,451,"cluster_1->texture_a,cluster_0->texture_b",0.008846926720418495,0.9267057833311255,0.9549212355942904,0.9267057833311255,"[""fpn_2"", ""fpn_1""]",fpn_2,"[""fpn_2"", ""fpn_1"", ""fpn_0""]","{""fpn_0"": [256, 288, 288], ""fpn_1"": [256, 144, 144], ""fpn_2"": [256, 72, 72]}","{""fpn_1"": [256, 72, 72], ""fpn_2"": [256, 72, 72]}",72,72,64,32,True,"[0.15416643023490906, -0.15416641533374786]","{""fpn_1"": 0.4235217273235321, ""fpn_2"": 0.5764782428741455}","fpn_2=0.576,fpn_1=0.424",deterministic_kmeans,cosine,2,outputs/rwtd_sam3_auto/coarse_vs_fine_sam_scales/stage2/train_learned_global_gates_coarse_plus_next_finer_test/checkpoint.pt,permutation_invariant_binary_partition,architexture_binary_v1,0.9549212355942904,0.9267057833311255
learned_global_gates_coarse_plus_next_finer,test,179,452,"cluster_0->texture_a,cluster_1->texture_b",0.9328393760751381,0.8700242504551353,0.016843954522377455,0.8700242504551353,"[""fpn_2"", ""fpn_1""]",fpn_2,"[""fpn_2"", ""fpn_1"", ""fpn_0""]","{""fpn_0"": [256, 288, 288], ""fpn_1"": [256, 144, 144], ""fpn_2"": [256, 72, 72]}","{""fpn_1"": [256, 72, 72], ""fpn_2"": [256, 72, 72]}",72,72,64,32,True,"[0.15416643023490906, -0.15416641533374786]","{""fpn_1"": 0.4235217273235321, ""fpn_2"": 0.5764782428741455}","fpn_2=0.576,fpn_1=0.424",deterministic_kmeans,cosine,2,outputs/rwtd_sam3_auto/coarse_vs_fine_sam_scales/stage2/train_learned_global_gates_coarse_plus_next_finer_test/checkpoint.pt,permutation_invariant_binary_partition,architexture_binary_v1,0.9328393760751381,0.8700242504551353
learned_global_gates_coarse_plus_next_finer,test,180,453,"cluster_1->texture_a,cluster_0->texture_b",0.031113951050489586,0.7667953330751414,0.8740508710091882,0.7667953330751414,"[""fpn_2"", ""fpn_1""]",fpn_2,"[""fpn_2"", ""fpn_1"", ""fpn_0""]","{""fpn_0"": [256, 288, 288], ""fpn_1"": [256, 144, 144], ""fpn_2"": [256, 72, 72]}","{""fpn_1"": [256, 72, 72], ""fpn_2"": [256, 72, 72]}",72,72,64,32,True,"[0.15416643023490906, -0.15416641533374786]","{""fpn_1"": 0.4235217273235321, ""fpn_2"": 0.5764782428741455}","fpn_2=0.576,fpn_1=0.424",deterministic_kmeans,cosine,2,outputs/rwtd_sam3_auto/coarse_vs_fine_sam_scales/stage2/train_learned_global_gates_coarse_plus_next_finer_test/checkpoint.pt,permutation_invariant_binary_partition,architexture_binary_v1,0.8740508710091882,0.7667953330751414
learned_global_gates_coarse_plus_next_finer,test,181,455,"cluster_0->texture_a,cluster_1->texture_b",0.9485406067164759,0.9221336691965709,0.008785933116837622,0.9221336691965709,"[""fpn_2"", ""fpn_1""]",fpn_2,"[""fpn_2"", ""fpn_1"", ""fpn_0""]","{""fpn_0"": [256, 288, 288], ""fpn_1"": [256, 144, 144], ""fpn_2"": [256, 72, 72]}","{""fpn_1"": [256, 72, 72], ""fpn_2"": [256, 72, 72]}",72,72,64,32,True,"[0.15416643023490906, -0.15416641533374786]","{""fpn_1"": 0.4235217273235321, ""fpn_2"": 0.5764782428741455}","fpn_2=0.576,fpn_1=0.424",deterministic_kmeans,cosine,2,outputs/rwtd_sam3_auto/coarse_vs_fine_sam_scales/stage2/train_learned_global_gates_coarse_plus_next_finer_test/checkpoint.pt,permutation_invariant_binary_partition,architexture_binary_v1,0.9485406067164759,0.9221336691965709
learned_global_gates_coarse_plus_next_finer,test,182,456,"cluster_0->texture_a,cluster_1->texture_b",0.8952633143332511,0.805126166680132,0.02588124356822979,0.805126166680132,"[""fpn_2"", ""fpn_1""]",fpn_2,"[""fpn_2"", ""fpn_1"", ""fpn_0""]","{""fpn_0"": [256, 288, 288], ""fpn_1"": [256, 144, 144], ""fpn_2"": [256, 72, 72]}","{""fpn_1"": [256, 72, 72], ""fpn_2"": [256, 72, 72]}",72,72,64,32,True,"[0.15416643023490906, -0.15416641533374786]","{""fpn_1"": 0.4235217273235321, ""fpn_2"": 0.5764782428741455}","fpn_2=0.576,fpn_1=0.424",deterministic_kmeans,cosine,2,outputs/rwtd_sam3_auto/coarse_vs_fine_sam_scales/stage2/train_learned_global_gates_coarse_plus_next_finer_test/checkpoint.pt,permutation_invariant_binary_partition,architexture_binary_v1,0.8952633143332511,0.805126166680132
learned_global_gates_coarse_plus_next_finer,test,183,457,"cluster_1->texture_a,cluster_0->texture_b",0.007663572800045466,0.9390029991457484,0.9659410497824538,0.9390029991457484,"[""fpn_2"", ""fpn_1""]",fpn_2,"[""fpn_2"", ""fpn_1"", ""fpn_0""]","{""fpn_0"": [256, 288, 288], ""fpn_1"": [256, 144, 144], ""fpn_2"": [256, 72, 72]}","{""fpn_1"": [256, 72, 72], ""fpn_2"": [256, 72, 72]}",72,72,64,32,True,"[0.15416643023490906, -0.15416641533374786]","{""fpn_1"": 0.4235217273235321, ""fpn_2"": 0.5764782428741455}","fpn_2=0.576,fpn_1=0.424",deterministic_kmeans,cosine,2,outputs/rwtd_sam3_auto/coarse_vs_fine_sam_scales/stage2/train_learned_global_gates_coarse_plus_next_finer_test/checkpoint.pt,permutation_invariant_binary_partition,architexture_binary_v1,0.9659410497824538,0.9390029991457484
learned_global_gates_coarse_plus_next_finer,test,184,461,"cluster_1->texture_a,cluster_0->texture_b",0.020878022075586193,0.8400660488449582,0.9181358294834379,0.8400660488449582,"[""fpn_2"", ""fpn_1""]",fpn_2,"[""fpn_2"", ""fpn_1"", ""fpn_0""]","{""fpn_0"": [256, 288, 288], ""fpn_1"": [256, 144, 144], ""fpn_2"": [256, 72, 72]}","{""fpn_1"": [256, 72, 72], ""fpn_2"": [256, 72, 72]}",72,72,64,32,True,"[0.15416643023490906, -0.15416641533374786]","{""fpn_1"": 0.4235217273235321, ""fpn_2"": 0.5764782428741455}","fpn_2=0.576,fpn_1=0.424",deterministic_kmeans,cosine,2,outputs/rwtd_sam3_auto/coarse_vs_fine_sam_scales/stage2/train_learned_global_gates_coarse_plus_next_finer_test/checkpoint.pt,permutation_invariant_binary_partition,architexture_binary_v1,0.9181358294834379,0.8400660488449582
learned_global_gates_coarse_plus_next_finer,test,185,463,"cluster_1->texture_a,cluster_0->texture_b",0.022278527510211116,0.8183282560140863,0.8890220881429786,0.8183282560140863,"[""fpn_2"", ""fpn_1""]",fpn_2,"[""fpn_2"", ""fpn_1"", ""fpn_0""]","{""fpn_0"": [256, 288, 288], ""fpn_1"": [256, 144, 144], ""fpn_2"": [256, 72, 72]}","{""fpn_1"": [256, 72, 72], ""fpn_2"": [256, 72, 72]}",72,72,64,32,True,"[0.15416643023490906, -0.15416641533374786]","{""fpn_1"": 0.4235217273235321, ""fpn_2"": 0.5764782428741455}","fpn_2=0.576,fpn_1=0.424",deterministic_kmeans,cosine,2,outputs/rwtd_sam3_auto/coarse_vs_fine_sam_scales/stage2/train_learned_global_gates_coarse_plus_next_finer_test/checkpoint.pt,permutation_invariant_binary_partition,architexture_binary_v1,0.8890220881429786,0.8183282560140863
learned_global_gates_coarse_plus_next_finer,test,186,464,"cluster_0->texture_a,cluster_1->texture_b",0.96233226758799,0.9271827716264894,0.009335474018771335,0.9271827716264894,"[""fpn_2"", ""fpn_1""]",fpn_2,"[""fpn_2"", ""fpn_1"", ""fpn_0""]","{""fpn_0"": [256, 288, 288], ""fpn_1"": [256, 144, 144], ""fpn_2"": [256, 72, 72]}","{""fpn_1"": [256, 72, 72], ""fpn_2"": [256, 72, 72]}",72,72,64,32,True,"[0.15416643023490906, -0.15416641533374786]","{""fpn_1"": 0.4235217273235321, ""fpn_2"": 0.5764782428741455}","fpn_2=0.576,fpn_1=0.424",deterministic_kmeans,cosine,2,outputs/rwtd_sam3_auto/coarse_vs_fine_sam_scales/stage2/train_learned_global_gates_coarse_plus_next_finer_test/checkpoint.pt,permutation_invariant_binary_partition,architexture_binary_v1,0.96233226758799,0.9271827716264894
learned_global_gates_coarse_plus_next_finer,test,187,465,"cluster_0->texture_a,cluster_1->texture_b",0.9276608122868812,0.8857379373305587,0.013539887280285542,0.8857379373305587,"[""fpn_2"", ""fpn_1""]",fpn_2,"[""fpn_2"", ""fpn_1"", ""fpn_0""]","{""fpn_0"": [256, 288, 288], ""fpn_1"": [256, 144, 144], ""fpn_2"": [256, 72, 72]}","{""fpn_1"": [256, 72, 72], ""fpn_2"": [256, 72, 72]}",72,72,64,32,True,"[0.15416643023490906, -0.15416641533374786]","{""fpn_1"": 0.4235217273235321, ""fpn_2"": 0.5764782428741455}","fpn_2=0.576,fpn_1=0.424",deterministic_kmeans,cosine,2,outputs/rwtd_sam3_auto/coarse_vs_fine_sam_scales/stage2/train_learned_global_gates_coarse_plus_next_finer_test/checkpoint.pt,permutation_invariant_binary_partition,architexture_binary_v1,0.9276608122868812,0.8857379373305587
learned_global_gates_coarse_plus_next_finer,test,188,466,"cluster_0->texture_a,cluster_1->texture_b",0.719776115667715,0.5556541193437745,0.0544098071476978,0.5556541193437745,"[""fpn_2"", ""fpn_1""]",fpn_2,"[""fpn_2"", ""fpn_1"", ""fpn_0""]","{""fpn_0"": [256, 288, 288], ""fpn_1"": [256, 144, 144], ""fpn_2"": [256, 72, 72]}","{""fpn_1"": [256, 72, 72], ""fpn_2"": [256, 72, 72]}",72,72,64,32,True,"[0.15416643023490906, -0.15416641533374786]","{""fpn_1"": 0.4235217273235321, ""fpn_2"": 0.5764782428741455}","fpn_2=0.576,fpn_1=0.424",deterministic_kmeans,cosine,2,outputs/rwtd_sam3_auto/coarse_vs_fine_sam_scales/stage2/train_learned_global_gates_coarse_plus_next_finer_test/checkpoint.pt,permutation_invariant_binary_partition,architexture_binary_v1,0.719776115667715,0.5556541193437745
learned_global_gates_coarse_plus_next_finer,test,189,467,"cluster_1->texture_a,cluster_0->texture_b",0.034343203181748994,0.7505820785815867,0.8665778510382218,0.7505820785815867,"[""fpn_2"", ""fpn_1""]",fpn_2,"[""fpn_2"", ""fpn_1"", ""fpn_0""]","{""fpn_0"": [256, 288, 288], ""fpn_1"": [256, 144, 144], ""fpn_2"": [256, 72, 72]}","{""fpn_1"": [256, 72, 72], ""fpn_2"": [256, 72, 72]}",72,72,64,32,True,"[0.15416643023490906, -0.15416641533374786]","{""fpn_1"": 0.4235217273235321, ""fpn_2"": 0.5764782428741455}","fpn_2=0.576,fpn_1=0.424",deterministic_kmeans,cosine,2,outputs/rwtd_sam3_auto/coarse_vs_fine_sam_scales/stage2/train_learned_global_gates_coarse_plus_next_finer_test/checkpoint.pt,permutation_invariant_binary_partition,architexture_binary_v1,0.8665778510382218,0.7505820785815867
learned_global_gates_coarse_plus_next_finer,test,190,468,"cluster_0->texture_a,cluster_1->texture_b",0.9481539687498448,0.8976406712398001,0.0132734489375076,0.8976406712398001,"[""fpn_2"", ""fpn_1""]",fpn_2,"[""fpn_2"", ""fpn_1"", ""fpn_0""]","{""fpn_0"": [256, 288, 288], ""fpn_1"": [256, 144, 144], ""fpn_2"": [256, 72, 72]}","{""fpn_1"": [256, 72, 72], ""fpn_2"": [256, 72, 72]}",72,72,64,32,True,"[0.15416643023490906, -0.15416641533374786]","{""fpn_1"": 0.4235217273235321, ""fpn_2"": 0.5764782428741455}","fpn_2=0.576,fpn_1=0.424",deterministic_kmeans,cosine,2,outputs/rwtd_sam3_auto/coarse_vs_fine_sam_scales/stage2/train_learned_global_gates_coarse_plus_next_finer_test/checkpoint.pt,permutation_invariant_binary_partition,architexture_binary_v1,0.9481539687498448,0.8976406712398001
learned_global_gates_coarse_plus_next_finer,test,191,469,"cluster_1->texture_a,cluster_0->texture_b",0.01637713123381189,0.8739620907349769,0.9310243530238864,0.8739620907349769,"[""fpn_2"", ""fpn_1""]",fpn_2,"[""fpn_2"", ""fpn_1"", ""fpn_0""]","{""fpn_0"": [256, 288, 288], ""fpn_1"": [256, 144, 144], ""fpn_2"": [256, 72, 72]}","{""fpn_1"": [256, 72, 72], ""fpn_2"": [256, 72, 72]}",72,72,64,32,True,"[0.15416643023490906, -0.15416641533374786]","{""fpn_1"": 0.4235217273235321, ""fpn_2"": 0.5764782428741455}","fpn_2=0.576,fpn_1=0.424",deterministic_kmeans,cosine,2,outputs/rwtd_sam3_auto/coarse_vs_fine_sam_scales/stage2/train_learned_global_gates_coarse_plus_next_finer_test/checkpoint.pt,permutation_invariant_binary_partition,architexture_binary_v1,0.9310243530238864,0.8739620907349769
learned_global_gates_coarse_plus_next_finer,test,192,47,"cluster_1->texture_a,cluster_0->texture_b",0.010936800788915669,0.9153231927228408,0.9575658894383636,0.9153231927228408,"[""fpn_2"", ""fpn_1""]",fpn_2,"[""fpn_2"", ""fpn_1"", ""fpn_0""]","{""fpn_0"": [256, 288, 288], ""fpn_1"": [256, 144, 144], ""fpn_2"": [256, 72, 72]}","{""fpn_1"": [256, 72, 72], ""fpn_2"": [256, 72, 72]}",72,72,64,32,True,"[0.15416643023490906, -0.15416641533374786]","{""fpn_1"": 0.4235217273235321, ""fpn_2"": 0.5764782428741455}","fpn_2=0.576,fpn_1=0.424",deterministic_kmeans,cosine,2,outputs/rwtd_sam3_auto/coarse_vs_fine_sam_scales/stage2/train_learned_global_gates_coarse_plus_next_finer_test/checkpoint.pt,permutation_invariant_binary_partition,architexture_binary_v1,0.9575658894383636,0.9153231927228408
learned_global_gates_coarse_plus_next_finer,test,193,471,"cluster_0->texture_a,cluster_1->texture_b",0.9130303575964311,0.8389287276067725,0.021070113121903534,0.8389287276067725,"[""fpn_2"", ""fpn_1""]",fpn_2,"[""fpn_2"", ""fpn_1"", ""fpn_0""]","{""fpn_0"": [256, 288, 288], ""fpn_1"": [256, 144, 144], ""fpn_2"": [256, 72, 72]}","{""fpn_1"": [256, 72, 72], ""fpn_2"": [256, 72, 72]}",72,72,64,32,True,"[0.15416643023490906, -0.15416641533374786]","{""fpn_1"": 0.4235217273235321, ""fpn_2"": 0.5764782428741455}","fpn_2=0.576,fpn_1=0.424",deterministic_kmeans,cosine,2,outputs/rwtd_sam3_auto/coarse_vs_fine_sam_scales/stage2/train_learned_global_gates_coarse_plus_next_finer_test/checkpoint.pt,permutation_invariant_binary_partition,architexture_binary_v1,0.9130303575964311,0.8389287276067725
learned_global_gates_coarse_plus_next_finer,test,194,472,"cluster_1->texture_a,cluster_0->texture_b",0.019351106846024018,0.8519902361505688,0.9256850020100633,0.8519902361505688,"[""fpn_2"", ""fpn_1""]",fpn_2,"[""fpn_2"", ""fpn_1"", ""fpn_0""]","{""fpn_0"": [256, 288, 288], ""fpn_1"": [256, 144, 144], ""fpn_2"": [256, 72, 72]}","{""fpn_1"": [256, 72, 72], ""fpn_2"": [256, 72, 72]}",72,72,64,32,True,"[0.15416643023490906, -0.15416641533374786]","{""fpn_1"": 0.4235217273235321, ""fpn_2"": 0.5764782428741455}","fpn_2=0.576,fpn_1=0.424",deterministic_kmeans,cosine,2,outputs/rwtd_sam3_auto/coarse_vs_fine_sam_scales/stage2/train_learned_global_gates_coarse_plus_next_finer_test/checkpoint.pt,permutation_invariant_binary_partition,architexture_binary_v1,0.9256850020100633,0.8519902361505688
learned_global_gates_coarse_plus_next_finer,test,195,473,"cluster_1->texture_a,cluster_0->texture_b",0.03937045964018135,0.6972927041679603,0.8185227157390123,0.6972927041679603,"[""fpn_2"", ""fpn_1""]",fpn_2,"[""fpn_2"", ""fpn_1"", ""fpn_0""]","{""fpn_0"": [256, 288, 288], ""fpn_1"": [256, 144, 144], ""fpn_2"": [256, 72, 72]}","{""fpn_1"": [256, 72, 72], ""fpn_2"": [256, 72, 72]}",72,72,64,32,True,"[0.15416643023490906, -0.15416641533374786]","{""fpn_1"": 0.4235217273235321, ""fpn_2"": 0.5764782428741455}","fpn_2=0.576,fpn_1=0.424",deterministic_kmeans,cosine,2,outputs/rwtd_sam3_auto/coarse_vs_fine_sam_scales/stage2/train_learned_global_gates_coarse_plus_next_finer_test/checkpoint.pt,permutation_invariant_binary_partition,architexture_binary_v1,0.8185227157390123,0.6972927041679603
learned_global_gates_coarse_plus_next_finer,test,196,474,"cluster_0->texture_a,cluster_1->texture_b",0.9022637984035851,0.8477000906532804,0.017994492091198595,0.8477000906532804,"[""fpn_2"", ""fpn_1""]",fpn_2,"[""fpn_2"", ""fpn_1"", ""fpn_0""]","{""fpn_0"": [256, 288, 288], ""fpn_1"": [256, 144, 144], ""fpn_2"": [256, 72, 72]}","{""fpn_1"": [256, 72, 72], ""fpn_2"": [256, 72, 72]}",72,72,64,32,True,"[0.15416643023490906, -0.15416641533374786]","{""fpn_1"": 0.4235217273235321, ""fpn_2"": 0.5764782428741455}","fpn_2=0.576,fpn_1=0.424",deterministic_kmeans,cosine,2,outputs/rwtd_sam3_auto/coarse_vs_fine_sam_scales/stage2/train_learned_global_gates_coarse_plus_next_finer_test/checkpoint.pt,permutation_invariant_binary_partition,architexture_binary_v1,0.9022637984035851,0.8477000906532804
learned_global_gates_coarse_plus_next_finer,test,197,476,"cluster_1->texture_a,cluster_0->texture_b",0.015053222865450033,0.8830111884205706,0.9366888697752453,0.8830111884205706,"[""fpn_2"", ""fpn_1""]",fpn_2,"[""fpn_2"", ""fpn_1"", ""fpn_0""]","{""fpn_0"": [256, 288, 288], ""fpn_1"": [256, 144, 144], ""fpn_2"": [256, 72, 72]}","{""fpn_1"": [256, 72, 72], ""fpn_2"": [256, 72, 72]}",72,72,64,32,True,"[0.15416643023490906, -0.15416641533374786]","{""fpn_1"": 0.4235217273235321, ""fpn_2"": 0.5764782428741455}","fpn_2=0.576,fpn_1=0.424",deterministic_kmeans,cosine,2,outputs/rwtd_sam3_auto/coarse_vs_fine_sam_scales/stage2/train_learned_global_gates_coarse_plus_next_finer_test/checkpoint.pt,permutation_invariant_binary_partition,architexture_binary_v1,0.9366888697752453,0.8830111884205706
learned_global_gates_coarse_plus_next_finer,test,198,478,"cluster_0->texture_a,cluster_1->texture_b",0.9364989383003343,0.8909140867130874,0.013761616727545969,0.8909140867130874,"[""fpn_2"", ""fpn_1""]",fpn_2,"[""fpn_2"", ""fpn_1"", ""fpn_0""]","{""fpn_0"": [256, 288, 288], ""fpn_1"": [256, 144, 144], ""fpn_2"": [256, 72, 72]}","{""fpn_1"": [256, 72, 72], ""fpn_2"": [256, 72, 72]}",72,72,64,32,True,"[0.15416643023490906, -0.15416641533374786]","{""fpn_1"": 0.4235217273235321, ""fpn_2"": 0.5764782428741455}","fpn_2=0.576,fpn_1=0.424",deterministic_kmeans,cosine,2,outputs/rwtd_sam3_auto/coarse_vs_fine_sam_scales/stage2/train_learned_global_gates_coarse_plus_next_finer_test/checkpoint.pt,permutation_invariant_binary_partition,architexture_binary_v1,0.9364989383003343,0.8909140867130874
learned_global_gates_coarse_plus_next_finer,test,199,479,"cluster_1->texture_a,cluster_0->texture_b",0.020786023653894824,0.7999890090078215,0.862861676707616,0.7999890090078215,"[""fpn_2"", ""fpn_1""]",fpn_2,"[""fpn_2"", ""fpn_1"", ""fpn_0""]","{""fpn_0"": [256, 288, 288], ""fpn_1"": [256, 144, 144], ""fpn_2"": [256, 72, 72]}","{""fpn_1"": [256, 72, 72], ""fpn_2"": [256, 72, 72]}",72,72,64,32,True,"[0.15416643023490906, -0.15416641533374786]","{""fpn_1"": 0.4235217273235321, ""fpn_2"": 0.5764782428741455}","fpn_2=0.576,fpn_1=0.424",deterministic_kmeans,cosine,2,outputs/rwtd_sam3_auto/coarse_vs_fine_sam_scales/stage2/train_learned_global_gates_coarse_plus_next_finer_test/checkpoint.pt,permutation_invariant_binary_partition,architexture_binary_v1,0.862861676707616,0.7999890090078215
learned_global_gates_coarse_plus_next_finer,test,200,48,"cluster_0->texture_a,cluster_1->texture_b",0.9333775359011123,0.8788019185369206,0.01569083772084212,0.8788019185369206,"[""fpn_2"", ""fpn_1""]",fpn_2,"[""fpn_2"", ""fpn_1"", ""fpn_0""]","{""fpn_0"": [256, 288, 288], ""fpn_1"": [256, 144, 144], ""fpn_2"": [256, 72, 72]}","{""fpn_1"": [256, 72, 72], ""fpn_2"": [256, 72, 72]}",72,72,64,32,True,"[0.15416643023490906, -0.15416641533374786]","{""fpn_1"": 0.4235217273235321, ""fpn_2"": 0.5764782428741455}","fpn_2=0.576,fpn_1=0.424",deterministic_kmeans,cosine,2,outputs/rwtd_sam3_auto/coarse_vs_fine_sam_scales/stage2/train_learned_global_gates_coarse_plus_next_finer_test/checkpoint.pt,permutation_invariant_binary_partition,architexture_binary_v1,0.9333775359011123,0.8788019185369206
learned_global_gates_coarse_plus_next_finer,test,201,485,"cluster_1->texture_a,cluster_0->texture_b",0.015623606869803623,0.8803464921319119,0.9390002250050403,0.8803464921319119,"[""fpn_2"", ""fpn_1""]",fpn_2,"[""fpn_2"", ""fpn_1"", ""fpn_0""]","{""fpn_0"": [256, 288, 288], ""fpn_1"": [256, 144, 144], ""fpn_2"": [256, 72, 72]}","{""fpn_1"": [256, 72, 72], ""fpn_2"": [256, 72, 72]}",72,72,64,32,True,"[0.15416643023490906, -0.15416641533374786]","{""fpn_1"": 0.4235217273235321, ""fpn_2"": 0.5764782428741455}","fpn_2=0.576,fpn_1=0.424",deterministic_kmeans,cosine,2,outputs/rwtd_sam3_auto/coarse_vs_fine_sam_scales/stage2/train_learned_global_gates_coarse_plus_next_finer_test/checkpoint.pt,permutation_invariant_binary_partition,architexture_binary_v1,0.9390002250050403,0.8803464921319119
learned_global_gates_coarse_plus_next_finer,test,202,492,"cluster_1->texture_a,cluster_0->texture_b",0.0101470947265625,0.9204527988061805,0.9596415320532745,0.9204527988061805,"[""fpn_2"", ""fpn_1""]",fpn_2,"[""fpn_2"", ""fpn_1"", ""fpn_0""]","{""fpn_0"": [256, 288, 288], ""fpn_1"": [256, 144, 144], ""fpn_2"": [256, 72, 72]}","{""fpn_1"": [256, 72, 72], ""fpn_2"": [256, 72, 72]}",72,72,64,32,True,"[0.15416643023490906, -0.15416641533374786]","{""fpn_1"": 0.4235217273235321, ""fpn_2"": 0.5764782428741455}","fpn_2=0.576,fpn_1=0.424",deterministic_kmeans,cosine,2,outputs/rwtd_sam3_auto/coarse_vs_fine_sam_scales/stage2/train_learned_global_gates_coarse_plus_next_finer_test/checkpoint.pt,permutation_invariant_binary_partition,architexture_binary_v1,0.9596415320532745,0.9204527988061805
learned_global_gates_coarse_plus_next_finer,test,203,5,"cluster_0->texture_a,cluster_1->texture_b",0.9748995563478389,0.9560687031907582,0.00545097692301948,0.9560687031907582,"[""fpn_2"", ""fpn_1""]",fpn_2,"[""fpn_2"", ""fpn_1"", ""fpn_0""]","{""fpn_0"": [256, 288, 288], ""fpn_1"": [256, 144, 144], ""fpn_2"": [256, 72, 72]}","{""fpn_1"": [256, 72, 72], ""fpn_2"": [256, 72, 72]}",72,72,64,32,True,"[0.15416643023490906, -0.15416641533374786]","{""fpn_1"": 0.4235217273235321, ""fpn_2"": 0.5764782428741455}","fpn_2=0.576,fpn_1=0.424",deterministic_kmeans,cosine,2,outputs/rwtd_sam3_auto/coarse_vs_fine_sam_scales/stage2/train_learned_global_gates_coarse_plus_next_finer_test/checkpoint.pt,permutation_invariant_binary_partition,architexture_binary_v1,0.9748995563478389,0.9560687031907582
learned_global_gates_coarse_plus_next_finer,test,204,51,"cluster_0->texture_a,cluster_1->texture_b",0.9777048762045119,0.9554625646775636,0.005655766674597944,0.9554625646775636,"[""fpn_2"", ""fpn_1""]",fpn_2,"[""fpn_2"", ""fpn_1"", ""fpn_0""]","{""fpn_0"": [256, 288, 288], ""fpn_1"": [256, 144, 144], ""fpn_2"": [256, 72, 72]}","{""fpn_1"": [256, 72, 72], ""fpn_2"": [256, 72, 72]}",72,72,64,32,True,"[0.15416643023490906, -0.15416641533374786]","{""fpn_1"": 0.4235217273235321, ""fpn_2"": 0.5764782428741455}","fpn_2=0.576,fpn_1=0.424",deterministic_kmeans,cosine,2,outputs/rwtd_sam3_auto/coarse_vs_fine_sam_scales/stage2/train_learned_global_gates_coarse_plus_next_finer_test/checkpoint.pt,permutation_invariant_binary_partition,architexture_binary_v1,0.9777048762045119,0.9554625646775636
learned_global_gates_coarse_plus_next_finer,test,205,56,"cluster_1->texture_a,cluster_0->texture_b",0.014485429732604135,0.8889372318586956,0.9439373868586491,0.8889372318586956,"[""fpn_2"", ""fpn_1""]",fpn_2,"[""fpn_2"", ""fpn_1"", ""fpn_0""]","{""fpn_0"": [256, 288, 288], ""fpn_1"": [256, 144, 144], ""fpn_2"": [256, 72, 72]}","{""fpn_1"": [256, 72, 72], ""fpn_2"": [256, 72, 72]}",72,72,64,32,True,"[0.15416643023490906, -0.15416641533374786]","{""fpn_1"": 0.4235217273235321, ""fpn_2"": 0.5764782428741455}","fpn_2=0.576,fpn_1=0.424",deterministic_kmeans,cosine,2,outputs/rwtd_sam3_auto/coarse_vs_fine_sam_scales/stage2/train_learned_global_gates_coarse_plus_next_finer_test/checkpoint.pt,permutation_invariant_binary_partition,architexture_binary_v1,0.9439373868586491,0.8889372318586956
learned_global_gates_coarse_plus_next_finer,test,206,58,"cluster_0->texture_a,cluster_1->texture_b",0.9649517004577854,0.9300977044066994,0.008952264022462068,0.9300977044066994,"[""fpn_2"", ""fpn_1""]",fpn_2,"[""fpn_2"", ""fpn_1"", ""fpn_0""]","{""fpn_0"": [256, 288, 288], ""fpn_1"": [256, 144, 144], ""fpn_2"": [256, 72, 72]}","{""fpn_1"": [256, 72, 72], ""fpn_2"": [256, 72, 72]}",72,72,64,32,True,"[0.15416643023490906, -0.15416641533374786]","{""fpn_1"": 0.4235217273235321, ""fpn_2"": 0.5764782428741455}","fpn_2=0.576,fpn_1=0.424",deterministic_kmeans,cosine,2,outputs/rwtd_sam3_auto/coarse_vs_fine_sam_scales/stage2/train_learned_global_gates_coarse_plus_next_finer_test/checkpoint.pt,permutation_invariant_binary_partition,architexture_binary_v1,0.9649517004577854,0.9300977044066994
learned_global_gates_coarse_plus_next_finer,test,207,59,"cluster_1->texture_a,cluster_0->texture_b",0.009877253663928696,0.9232790898430673,0.9613821148180822,0.9232790898430673,"[""fpn_2"", ""fpn_1""]",fpn_2,"[""fpn_2"", ""fpn_1"", ""fpn_0""]","{""fpn_0"": [256, 288, 288], ""fpn_1"": [256, 144, 144], ""fpn_2"": [256, 72, 72]}","{""fpn_1"": [256, 72, 72], ""fpn_2"": [256, 72, 72]}",72,72,64,32,True,"[0.15416643023490906, -0.15416641533374786]","{""fpn_1"": 0.4235217273235321, ""fpn_2"": 0.5764782428741455}","fpn_2=0.576,fpn_1=0.424",deterministic_kmeans,cosine,2,outputs/rwtd_sam3_auto/coarse_vs_fine_sam_scales/stage2/train_learned_global_gates_coarse_plus_next_finer_test/checkpoint.pt,permutation_invariant_binary_partition,architexture_binary_v1,0.9613821148180822,0.9232790898430673
learned_global_gates_coarse_plus_next_finer,test,208,60,"cluster_0->texture_a,cluster_1->texture_b",0.9748495633012602,0.9542182196304588,0.005732429243929838,0.9542182196304588,"[""fpn_2"", ""fpn_1""]",fpn_2,"[""fpn_2"", ""fpn_1"", ""fpn_0""]","{""fpn_0"": [256, 288, 288], ""fpn_1"": [256, 144, 144], ""fpn_2"": [256, 72, 72]}","{""fpn_1"": [256, 72, 72], ""fpn_2"": [256, 72, 72]}",72,72,64,32,True,"[0.15416643023490906, -0.15416641533374786]","{""fpn_1"": 0.4235217273235321, ""fpn_2"": 0.5764782428741455}","fpn_2=0.576,fpn_1=0.424",deterministic_kmeans,cosine,2,outputs/rwtd_sam3_auto/coarse_vs_fine_sam_scales/stage2/train_learned_global_gates_coarse_plus_next_finer_test/checkpoint.pt,permutation_invariant_binary_partition,architexture_binary_v1,0.9748495633012602,0.9542182196304588
learned_global_gates_coarse_plus_next_finer,test,209,63,"cluster_0->texture_a,cluster_1->texture_b",0.9336652568585693,0.880124290539121,0.01528408748555171,0.880124290539121,"[""fpn_2"", ""fpn_1""]",fpn_2,"[""fpn_2"", ""fpn_1"", ""fpn_0""]","{""fpn_0"": [256, 288, 288], ""fpn_1"": [256, 144, 144], ""fpn_2"": [256, 72, 72]}","{""fpn_1"": [256, 72, 72], ""fpn_2"": [256, 72, 72]}",72,72,64,32,True,"[0.15416643023490906, -0.15416641533374786]","{""fpn_1"": 0.4235217273235321, ""fpn_2"": 0.5764782428741455}","fpn_2=0.576,fpn_1=0.424",deterministic_kmeans,cosine,2,outputs/rwtd_sam3_auto/coarse_vs_fine_sam_scales/stage2/train_learned_global_gates_coarse_plus_next_finer_test/checkpoint.pt,permutation_invariant_binary_partition,architexture_binary_v1,0.9336652568585693,0.880124290539121
learned_global_gates_coarse_plus_next_finer,test,210,67,"cluster_0->texture_a,cluster_1->texture_b",0.8644533648393324,0.7388651583564613,0.03579723495609089,0.7388651583564613,"[""fpn_2"", ""fpn_1""]",fpn_2,"[""fpn_2"", ""fpn_1"", ""fpn_0""]","{""fpn_0"": [256, 288, 288], ""fpn_1"": [256, 144, 144], ""fpn_2"": [256, 72, 72]}","{""fpn_1"": [256, 72, 72], ""fpn_2"": [256, 72, 72]}",72,72,64,32,True,"[0.15416643023490906, -0.15416641533374786]","{""fpn_1"": 0.4235217273235321, ""fpn_2"": 0.5764782428741455}","fpn_2=0.576,fpn_1=0.424",deterministic_kmeans,cosine,2,outputs/rwtd_sam3_auto/coarse_vs_fine_sam_scales/stage2/train_learned_global_gates_coarse_plus_next_finer_test/checkpoint.pt,permutation_invariant_binary_partition,architexture_binary_v1,0.8644533648393324,0.7388651583564613
learned_global_gates_coarse_plus_next_finer,test,211,69,"cluster_0->texture_a,cluster_1->texture_b",0.8373728731710065,0.6773070842663564,0.0445553200745622,0.6773070842663564,"[""fpn_2"", ""fpn_1""]",fpn_2,"[""fpn_2"", ""fpn_1"", ""fpn_0""]","{""fpn_0"": [256, 288, 288], ""fpn_1"": [256, 144, 144], ""fpn_2"": [256, 72, 72]}","{""fpn_1"": [256, 72, 72], ""fpn_2"": [256, 72, 72]}",72,72,64,32,True,"[0.15416643023490906, -0.15416641533374786]","{""fpn_1"": 0.4235217273235321, ""fpn_2"": 0.5764782428741455}","fpn_2=0.576,fpn_1=0.424",deterministic_kmeans,cosine,2,outputs/rwtd_sam3_auto/coarse_vs_fine_sam_scales/stage2/train_learned_global_gates_coarse_plus_next_finer_test/checkpoint.pt,permutation_invariant_binary_partition,architexture_binary_v1,0.8373728731710065,0.6773070842663564
learned_global_gates_coarse_plus_next_finer,test,212,70,"cluster_0->texture_a,cluster_1->texture_b",0.9845751170556168,0.9693528391981232,0.0038750024801329852,0.9693528391981232,"[""fpn_2"", ""fpn_1""]",fpn_2,"[""fpn_2"", ""fpn_1"", ""fpn_0""]","{""fpn_0"": [256, 288, 288], ""fpn_1"": [256, 144, 144], ""fpn_2"": [256, 72, 72]}","{""fpn_1"": [256, 72, 72], ""fpn_2"": [256, 72, 72]}",72,72,64,32,True,"[0.15416643023490906, -0.15416641533374786]","{""fpn_1"": 0.4235217273235321, ""fpn_2"": 0.5764782428741455}","fpn_2=0.576,fpn_1=0.424",deterministic_kmeans,cosine,2,outputs/rwtd_sam3_auto/coarse_vs_fine_sam_scales/stage2/train_learned_global_gates_coarse_plus_next_finer_test/checkpoint.pt,permutation_invariant_binary_partition,architexture_binary_v1,0.9845751170556168,0.9693528391981232
learned_global_gates_coarse_plus_next_finer,test,213,71,"cluster_0->texture_a,cluster_1->texture_b",0.9354615667659574,0.9034151908190771,0.010698066721204404,0.9034151908190771,"[""fpn_2"", ""fpn_1""]",fpn_2,"[""fpn_2"", ""fpn_1"", ""fpn_0""]","{""fpn_0"": [256, 288, 288], ""fpn_1"": [256, 144, 144], ""fpn_2"": [256, 72, 72]}","{""fpn_1"": [256, 72, 72], ""fpn_2"": [256, 72, 72]}",72,72,64,32,True,"[0.15416643023490906, -0.15416641533374786]","{""fpn_1"": 0.4235217273235321, ""fpn_2"": 0.5764782428741455}","fpn_2=0.576,fpn_1=0.424",deterministic_kmeans,cosine,2,outputs/rwtd_sam3_auto/coarse_vs_fine_sam_scales/stage2/train_learned_global_gates_coarse_plus_next_finer_test/checkpoint.pt,permutation_invariant_binary_partition,architexture_binary_v1,0.9354615667659574,0.9034151908190771
learned_global_gates_coarse_plus_next_finer,test,214,73,"cluster_0->texture_a,cluster_1->texture_b",0.9739849764962714,0.9480194545828297,0.006625886566231342,0.9480194545828297,"[""fpn_2"", ""fpn_1""]",fpn_2,"[""fpn_2"", ""fpn_1"", ""fpn_0""]","{""fpn_0"": [256, 288, 288], ""fpn_1"": [256, 144, 144], ""fpn_2"": [256, 72, 72]}","{""fpn_1"": [256, 72, 72], ""fpn_2"": [256, 72, 72]}",72,72,64,32,True,"[0.15416643023490906, -0.15416641533374786]","{""fpn_1"": 0.4235217273235321, ""fpn_2"": 0.5764782428741455}","fpn_2=0.576,fpn_1=0.424",deterministic_kmeans,cosine,2,outputs/rwtd_sam3_auto/coarse_vs_fine_sam_scales/stage2/train_learned_global_gates_coarse_plus_next_finer_test/checkpoint.pt,permutation_invariant_binary_partition,architexture_binary_v1,0.9739849764962714,0.9480194545828297
learned_global_gates_coarse_plus_next_finer,test,215,74,"cluster_0->texture_a,cluster_1->texture_b",0.9356194677916637,0.8718216057576794,0.016833775136586758,0.8718216057576794,"[""fpn_2"", ""fpn_1""]",fpn_2,"[""fpn_2"", ""fpn_1"", ""fpn_0""]","{""fpn_0"": [256, 288, 288], ""fpn_1"": [256, 144, 144], ""fpn_2"": [256, 72, 72]}","{""fpn_1"": [256, 72, 72], ""fpn_2"": [256, 72, 72]}",72,72,64,32,True,"[0.15416643023490906, -0.15416641533374786]","{""fpn_1"": 0.4235217273235321, ""fpn_2"": 0.5764782428741455}","fpn_2=0.576,fpn_1=0.424",deterministic_kmeans,cosine,2,outputs/rwtd_sam3_auto/coarse_vs_fine_sam_scales/stage2/train_learned_global_gates_coarse_plus_next_finer_test/checkpoint.pt,permutation_invariant_binary_partition,architexture_binary_v1,0.9356194677916637,0.8718216057576794
learned_global_gates_coarse_plus_next_finer,test,216,76,"cluster_1->texture_a,cluster_0->texture_b",0.0029797009734141336,0.9763357347275142,0.9880639362822843,0.9763357347275142,"[""fpn_2"", ""fpn_1""]",fpn_2,"[""fpn_2"", ""fpn_1"", ""fpn_0""]","{""fpn_0"": [256, 288, 288], ""fpn_1"": [256, 144, 144], ""fpn_2"": [256, 72, 72]}","{""fpn_1"": [256, 72, 72], ""fpn_2"": [256, 72, 72]}",72,72,64,32,True,"[0.15416643023490906, -0.15416641533374786]","{""fpn_1"": 0.4235217273235321, ""fpn_2"": 0.5764782428741455}","fpn_2=0.576,fpn_1=0.424",deterministic_kmeans,cosine,2,outputs/rwtd_sam3_auto/coarse_vs_fine_sam_scales/stage2/train_learned_global_gates_coarse_plus_next_finer_test/checkpoint.pt,permutation_invariant_binary_partition,architexture_binary_v1,0.9880639362822843,0.9763357347275142
learned_global_gates_coarse_plus_next_finer,test,217,77,"cluster_1->texture_a,cluster_0->texture_b",0.02124931668495085,0.8113358288872975,0.8755541525190234,0.8113358288872975,"[""fpn_2"", ""fpn_1""]",fpn_2,"[""fpn_2"", ""fpn_1"", ""fpn_0""]","{""fpn_0"": [256, 288, 288], ""fpn_1"": [256, 144, 144], ""fpn_2"": [256, 72, 72]}","{""fpn_1"": [256, 72, 72], ""fpn_2"": [256, 72, 72]}",72,72,64,32,True,"[0.15416643023490906, -0.15416641533374786]","{""fpn_1"": 0.4235217273235321, ""fpn_2"": 0.5764782428741455}","fpn_2=0.576,fpn_1=0.424",deterministic_kmeans,cosine,2,outputs/rwtd_sam3_auto/coarse_vs_fine_sam_scales/stage2/train_learned_global_gates_coarse_plus_next_finer_test/checkpoint.pt,permutation_invariant_binary_partition,architexture_binary_v1,0.8755541525190234,0.8113358288872975
learned_global_gates_coarse_plus_next_finer,test,218,78,"cluster_0->texture_a,cluster_1->texture_b",0.952020735917938,0.911388671315761,0.011363929624412076,0.911388671315761,"[""fpn_2"", ""fpn_1""]",fpn_2,"[""fpn_2"", ""fpn_1"", ""fpn_0""]","{""fpn_0"": [256, 288, 288], ""fpn_1"": [256, 144, 144], ""fpn_2"": [256, 72, 72]}","{""fpn_1"": [256, 72, 72], ""fpn_2"": [256, 72, 72]}",72,72,64,32,True,"[0.15416643023490906, -0.15416641533374786]","{""fpn_1"": 0.4235217273235321, ""fpn_2"": 0.5764782428741455}","fpn_2=0.576,fpn_1=0.424",deterministic_kmeans,cosine,2,outputs/rwtd_sam3_auto/coarse_vs_fine_sam_scales/stage2/train_learned_global_gates_coarse_plus_next_finer_test/checkpoint.pt,permutation_invariant_binary_partition,architexture_binary_v1,0.952020735917938,0.911388671315761
learned_global_gates_coarse_plus_next_finer,test,219,79,"cluster_0->texture_a,cluster_1->texture_b",0.8588676338259094,0.7852538850775957,0.024420407257686114,0.7852538850775957,"[""fpn_2"", ""fpn_1""]",fpn_2,"[""fpn_2"", ""fpn_1"", ""fpn_0""]","{""fpn_0"": [256, 288, 288], ""fpn_1"": [256, 144, 144], ""fpn_2"": [256, 72, 72]}","{""fpn_1"": [256, 72, 72], ""fpn_2"": [256, 72, 72]}",72,72,64,32,True,"[0.15416643023490906, -0.15416641533374786]","{""fpn_1"": 0.4235217273235321, ""fpn_2"": 0.5764782428741455}","fpn_2=0.576,fpn_1=0.424",deterministic_kmeans,cosine,2,outputs/rwtd_sam3_auto/coarse_vs_fine_sam_scales/stage2/train_learned_global_gates_coarse_plus_next_finer_test/checkpoint.pt,permutation_invariant_binary_partition,architexture_binary_v1,0.8588676338259094,0.7852538850775957
learned_global_gates_coarse_plus_next_finer,test,220,8,"cluster_0->texture_a,cluster_1->texture_b",0.9240305369962996,0.8514097303554503,0.01958729620030533,0.8514097303554503,"[""fpn_2"", ""fpn_1""]",fpn_2,"[""fpn_2"", ""fpn_1"", ""fpn_0""]","{""fpn_0"": [256, 288, 288], ""fpn_1"": [256, 144, 144], ""fpn_2"": [256, 72, 72]}","{""fpn_1"": [256, 72, 72], ""fpn_2"": [256, 72, 72]}",72,72,64,32,True,"[0.15416643023490906, -0.15416641533374786]","{""fpn_1"": 0.4235217273235321, ""fpn_2"": 0.5764782428741455}","fpn_2=0.576,fpn_1=0.424",deterministic_kmeans,cosine,2,outputs/rwtd_sam3_auto/coarse_vs_fine_sam_scales/stage2/train_learned_global_gates_coarse_plus_next_finer_test/checkpoint.pt,permutation_invariant_binary_partition,architexture_binary_v1,0.9240305369962996,0.8514097303554503
learned_global_gates_coarse_plus_next_finer,test,221,84,"cluster_1->texture_a,cluster_0->texture_b",0.014676799625725486,0.8873861739138149,0.9423664630334634,0.8873861739138149,"[""fpn_2"", ""fpn_1""]",fpn_2,"[""fpn_2"", ""fpn_1"", ""fpn_0""]","{""fpn_0"": [256, 288, 288], ""fpn_1"": [256, 144, 144], ""fpn_2"": [256, 72, 72]}","{""fpn_1"": [256, 72, 72], ""fpn_2"": [256, 72, 72]}",72,72,64,32,True,"[0.15416643023490906, -0.15416641533374786]","{""fpn_1"": 0.4235217273235321, ""fpn_2"": 0.5764782428741455}","fpn_2=0.576,fpn_1=0.424",deterministic_kmeans,cosine,2,outputs/rwtd_sam3_auto/coarse_vs_fine_sam_scales/stage2/train_learned_global_gates_coarse_plus_next_finer_test/checkpoint.pt,permutation_invariant_binary_partition,architexture_binary_v1,0.9423664630334634,0.8873861739138149
learned_global_gates_coarse_plus_next_finer,test,222,85,"cluster_1->texture_a,cluster_0->texture_b",0.005216108129697759,0.958817759186034,0.9787142681250032,0.958817759186034,"[""fpn_2"", ""fpn_1""]",fpn_2,"[""fpn_2"", ""fpn_1"", ""fpn_0""]","{""fpn_0"": [256, 288, 288], ""fpn_1"": [256, 144, 144], ""fpn_2"": [256, 72, 72]}","{""fpn_1"": [256, 72, 72], ""fpn_2"": [256, 72, 72]}",72,72,64,32,True,"[0.15416643023490906, -0.15416641533374786]","{""fpn_1"": 0.4235217273235321, ""fpn_2"": 0.5764782428741455}","fpn_2=0.576,fpn_1=0.424",deterministic_kmeans,cosine,2,outputs/rwtd_sam3_auto/coarse_vs_fine_sam_scales/stage2/train_learned_global_gates_coarse_plus_next_finer_test/checkpoint.pt,permutation_invariant_binary_partition,architexture_binary_v1,0.9787142681250032,0.958817759186034
learned_global_gates_coarse_plus_next_finer,test,223,86,"cluster_0->texture_a,cluster_1->texture_b",0.9152307495350758,0.841033386120356,0.020949962026745178,0.841033386120356,"[""fpn_2"", ""fpn_1""]",fpn_2,"[""fpn_2"", ""fpn_1"", ""fpn_0""]","{""fpn_0"": [256, 288, 288], ""fpn_1"": [256, 144, 144], ""fpn_2"": [256, 72, 72]}","{""fpn_1"": [256, 72, 72], ""fpn_2"": [256, 72, 72]}",72,72,64,32,True,"[0.15416643023490906, -0.15416641533374786]","{""fpn_1"": 0.4235217273235321, ""fpn_2"": 0.5764782428741455}","fpn_2=0.576,fpn_1=0.424",deterministic_kmeans,cosine,2,outputs/rwtd_sam3_auto/coarse_vs_fine_sam_scales/stage2/train_learned_global_gates_coarse_plus_next_finer_test/checkpoint.pt,permutation_invariant_binary_partition,architexture_binary_v1,0.9152307495350758,0.841033386120356
learned_global_gates_coarse_plus_next_finer,test,224,88,"cluster_0->texture_a,cluster_1->texture_b",0.9211174419285473,0.8425521129224953,0.02069553756458949,0.8425521129224953,"[""fpn_2"", ""fpn_1""]",fpn_2,"[""fpn_2"", ""fpn_1"", ""fpn_0""]","{""fpn_0"": [256, 288, 288], ""fpn_1"": [256, 144, 144], ""fpn_2"": [256, 72, 72]}","{""fpn_1"": [256, 72, 72], ""fpn_2"": [256, 72, 72]}",72,72,64,32,True,"[0.15416643023490906, -0.15416641533374786]","{""fpn_1"": 0.4235217273235321, ""fpn_2"": 0.5764782428741455}","fpn_2=0.576,fpn_1=0.424",deterministic_kmeans,cosine,2,outputs/rwtd_sam3_auto/coarse_vs_fine_sam_scales/stage2/train_learned_global_gates_coarse_plus_next_finer_test/checkpoint.pt,permutation_invariant_binary_partition,architexture_binary_v1,0.9211174419285473,0.8425521129224953
learned_global_gates_coarse_plus_next_finer,test,225,95,"cluster_1->texture_a,cluster_0->texture_b",0.07018361467056533,0.5213261932018266,0.7549646776152052,0.5213261932018266,"[""fpn_2"", ""fpn_1""]",fpn_2,"[""fpn_2"", ""fpn_1"", ""fpn_0""]","{""fpn_0"": [256, 288, 288], ""fpn_1"": [256, 144, 144], ""fpn_2"": [256, 72, 72]}","{""fpn_1"": [256, 72, 72], ""fpn_2"": [256, 72, 72]}",72,72,64,32,True,"[0.15416643023490906, -0.15416641533374786]","{""fpn_1"": 0.4235217273235321, ""fpn_2"": 0.5764782428741455}","fpn_2=0.576,fpn_1=0.424",deterministic_kmeans,cosine,2,outputs/rwtd_sam3_auto/coarse_vs_fine_sam_scales/stage2/train_learned_global_gates_coarse_plus_next_finer_test/checkpoint.pt,permutation_invariant_binary_partition,architexture_binary_v1,0.7549646776152052,0.5213261932018266
learned_global_gates_coarse_plus_next_finer,test,226,96,"cluster_0->texture_a,cluster_1->texture_b",0.7397094612608301,0.4908696700828672,0.074798583984375,0.4908696700828672,"[""fpn_2"", ""fpn_1""]",fpn_2,"[""fpn_2"", ""fpn_1"", ""fpn_0""]","{""fpn_0"": [256, 288, 288], ""fpn_1"": [256, 144, 144], ""fpn_2"": [256, 72, 72]}","{""fpn_1"": [256, 72, 72], ""fpn_2"": [256, 72, 72]}",72,72,64,32,True,"[0.15416643023490906, -0.15416641533374786]","{""fpn_1"": 0.4235217273235321, ""fpn_2"": 0.5764782428741455}","fpn_2=0.576,fpn_1=0.424",deterministic_kmeans,cosine,2,outputs/rwtd_sam3_auto/coarse_vs_fine_sam_scales/stage2/train_learned_global_gates_coarse_plus_next_finer_test/checkpoint.pt,permutation_invariant_binary_partition,architexture_binary_v1,0.7397094612608301,0.4908696700828672
