variant,split,sample_index,crop_name,assignment_used,direct_eval_miou,direct_eval_ari,swapped_eval_miou,swapped_eval_ari,selected_level_names_json,coarsest_level_name,raw_level_names_json,raw_level_shapes_json,aligned_level_shapes_json,coarsest_grid_height,coarsest_grid_width,probe_projection_dim,probe_embedding_dim,learnable_gates,gate_logits_json,gate_weights_json,final_gate_weights_compact,kmeans_backend,kmeans_metric,kmeans_num_clusters,checkpoint_path,evaluation_view,evaluation_contract,eval_miou,eval_ari
fpn_0_only,test,0,1,"cluster_1->texture_a,cluster_0->texture_b",0.05550234668618127,0.5715494988785795,0.737466642074833,0.5715494988785795,"[""fpn_0""]",fpn_0,"[""fpn_2"", ""fpn_1"", ""fpn_0""]","{""fpn_0"": [256, 288, 288], ""fpn_1"": [256, 144, 144], ""fpn_2"": [256, 72, 72]}","{""fpn_0"": [256, 288, 288]}",288,288,64,32,False,[0.0],"{""fpn_0"": 1.0}",fpn_0=1.000,deterministic_kmeans,cosine,2,outputs/rwtd_sam3_auto/coarse_vs_fine_sam_scales/stage2/smoke_train_fpn_0_only_native/checkpoint.pt,permutation_invariant_binary_partition,architexture_binary_v1,0.737466642074833,0.5715494988785795
fpn_0_only,test,1,101,"cluster_0->texture_a,cluster_1->texture_b",0.8054263888496744,0.6175964640686045,0.05646474753069051,0.6175964640686045,"[""fpn_0""]",fpn_0,"[""fpn_2"", ""fpn_1"", ""fpn_0""]","{""fpn_0"": [256, 288, 288], ""fpn_1"": [256, 144, 144], ""fpn_2"": [256, 72, 72]}","{""fpn_0"": [256, 288, 288]}",288,288,64,32,False,[0.0],"{""fpn_0"": 1.0}",fpn_0=1.000,deterministic_kmeans,cosine,2,outputs/rwtd_sam3_auto/coarse_vs_fine_sam_scales/stage2/smoke_train_fpn_0_only_native/checkpoint.pt,permutation_invariant_binary_partition,architexture_binary_v1,0.8054263888496744,0.6175964640686045
fpn_0_only,test,2,102,"cluster_0->texture_a,cluster_1->texture_b",0.7640452896218528,0.5499888248037434,0.06840588338685401,0.5499888248037434,"[""fpn_0""]",fpn_0,"[""fpn_2"", ""fpn_1"", ""fpn_0""]","{""fpn_0"": [256, 288, 288], ""fpn_1"": [256, 144, 144], ""fpn_2"": [256, 72, 72]}","{""fpn_0"": [256, 288, 288]}",288,288,64,32,False,[0.0],"{""fpn_0"": 1.0}",fpn_0=1.000,deterministic_kmeans,cosine,2,outputs/rwtd_sam3_auto/coarse_vs_fine_sam_scales/stage2/smoke_train_fpn_0_only_native/checkpoint.pt,permutation_invariant_binary_partition,architexture_binary_v1,0.7640452896218528,0.5499888248037434
fpn_0_only,test,3,103,"cluster_1->texture_a,cluster_0->texture_b",0.15799379552743936,0.14441019364151667,0.5233368436119636,0.14441019364151667,"[""fpn_0""]",fpn_0,"[""fpn_2"", ""fpn_1"", ""fpn_0""]","{""fpn_0"": [256, 288, 288], ""fpn_1"": [256, 144, 144], ""fpn_2"": [256, 72, 72]}","{""fpn_0"": [256, 288, 288]}",288,288,64,32,False,[0.0],"{""fpn_0"": 1.0}",fpn_0=1.000,deterministic_kmeans,cosine,2,outputs/rwtd_sam3_auto/coarse_vs_fine_sam_scales/stage2/smoke_train_fpn_0_only_native/checkpoint.pt,permutation_invariant_binary_partition,architexture_binary_v1,0.5233368436119636,0.14441019364151667
fpn_0_only,test,4,104,"cluster_0->texture_a,cluster_1->texture_b",0.40124459593314066,0.07308415800388238,0.14247926563562086,0.07308415800388238,"[""fpn_0""]",fpn_0,"[""fpn_2"", ""fpn_1"", ""fpn_0""]","{""fpn_0"": [256, 288, 288], ""fpn_1"": [256, 144, 144], ""fpn_2"": [256, 72, 72]}","{""fpn_0"": [256, 288, 288]}",288,288,64,32,False,[0.0],"{""fpn_0"": 1.0}",fpn_0=1.000,deterministic_kmeans,cosine,2,outputs/rwtd_sam3_auto/coarse_vs_fine_sam_scales/stage2/smoke_train_fpn_0_only_native/checkpoint.pt,permutation_invariant_binary_partition,architexture_binary_v1,0.40124459593314066,0.07308415800388238
fpn_0_only,test,5,106,"cluster_1->texture_a,cluster_0->texture_b",0.2715425276218326,-0.03237438659498429,0.30128337851974385,-0.03237438659498429,"[""fpn_0""]",fpn_0,"[""fpn_2"", ""fpn_1"", ""fpn_0""]","{""fpn_0"": [256, 288, 288], ""fpn_1"": [256, 144, 144], ""fpn_2"": [256, 72, 72]}","{""fpn_0"": [256, 288, 288]}",288,288,64,32,False,[0.0],"{""fpn_0"": 1.0}",fpn_0=1.000,deterministic_kmeans,cosine,2,outputs/rwtd_sam3_auto/coarse_vs_fine_sam_scales/stage2/smoke_train_fpn_0_only_native/checkpoint.pt,permutation_invariant_binary_partition,architexture_binary_v1,0.30128337851974385,-0.03237438659498429
fpn_0_only,test,6,12,"cluster_0->texture_a,cluster_1->texture_b",0.33376658824991196,-8.854749046154409e-05,0.3243581181670382,-8.854749046154409e-05,"[""fpn_0""]",fpn_0,"[""fpn_2"", ""fpn_1"", ""fpn_0""]","{""fpn_0"": [256, 288, 288], ""fpn_1"": [256, 144, 144], ""fpn_2"": [256, 72, 72]}","{""fpn_0"": [256, 288, 288]}",288,288,64,32,False,[0.0],"{""fpn_0"": 1.0}",fpn_0=1.000,deterministic_kmeans,cosine,2,outputs/rwtd_sam3_auto/coarse_vs_fine_sam_scales/stage2/smoke_train_fpn_0_only_native/checkpoint.pt,permutation_invariant_binary_partition,architexture_binary_v1,0.33376658824991196,-8.854749046154409e-05
fpn_0_only,test,7,121,"cluster_0->texture_a,cluster_1->texture_b",0.8637566271008852,0.7393677595640307,0.036203979403490134,0.7393677595640307,"[""fpn_0""]",fpn_0,"[""fpn_2"", ""fpn_1"", ""fpn_0""]","{""fpn_0"": [256, 288, 288], ""fpn_1"": [256, 144, 144], ""fpn_2"": [256, 72, 72]}","{""fpn_0"": [256, 288, 288]}",288,288,64,32,False,[0.0],"{""fpn_0"": 1.0}",fpn_0=1.000,deterministic_kmeans,cosine,2,outputs/rwtd_sam3_auto/coarse_vs_fine_sam_scales/stage2/smoke_train_fpn_0_only_native/checkpoint.pt,permutation_invariant_binary_partition,architexture_binary_v1,0.8637566271008852,0.7393677595640307
fpn_0_only,test,8,122,"cluster_0->texture_a,cluster_1->texture_b",0.882491682232948,0.7659418667151018,0.032050186891483756,0.7659418667151018,"[""fpn_0""]",fpn_0,"[""fpn_2"", ""fpn_1"", ""fpn_0""]","{""fpn_0"": [256, 288, 288], ""fpn_1"": [256, 144, 144], ""fpn_2"": [256, 72, 72]}","{""fpn_0"": [256, 288, 288]}",288,288,64,32,False,[0.0],"{""fpn_0"": 1.0}",fpn_0=1.000,deterministic_kmeans,cosine,2,outputs/rwtd_sam3_auto/coarse_vs_fine_sam_scales/stage2/smoke_train_fpn_0_only_native/checkpoint.pt,permutation_invariant_binary_partition,architexture_binary_v1,0.882491682232948,0.7659418667151018
fpn_0_only,test,9,125,"cluster_0->texture_a,cluster_1->texture_b",0.9310303797460278,0.8782526834336708,0.015583675995748766,0.8782526834336708,"[""fpn_0""]",fpn_0,"[""fpn_2"", ""fpn_1"", ""fpn_0""]","{""fpn_0"": [256, 288, 288], ""fpn_1"": [256, 144, 144], ""fpn_2"": [256, 72, 72]}","{""fpn_0"": [256, 288, 288]}",288,288,64,32,False,[0.0],"{""fpn_0"": 1.0}",fpn_0=1.000,deterministic_kmeans,cosine,2,outputs/rwtd_sam3_auto/coarse_vs_fine_sam_scales/stage2/smoke_train_fpn_0_only_native/checkpoint.pt,permutation_invariant_binary_partition,architexture_binary_v1,0.9310303797460278,0.8782526834336708
fpn_0_only,test,10,128,"cluster_0->texture_a,cluster_1->texture_b",0.6259366343217423,0.3701885518118788,0.0971133821701044,0.3701885518118788,"[""fpn_0""]",fpn_0,"[""fpn_2"", ""fpn_1"", ""fpn_0""]","{""fpn_0"": [256, 288, 288], ""fpn_1"": [256, 144, 144], ""fpn_2"": [256, 72, 72]}","{""fpn_0"": [256, 288, 288]}",288,288,64,32,False,[0.0],"{""fpn_0"": 1.0}",fpn_0=1.000,deterministic_kmeans,cosine,2,outputs/rwtd_sam3_auto/coarse_vs_fine_sam_scales/stage2/smoke_train_fpn_0_only_native/checkpoint.pt,permutation_invariant_binary_partition,architexture_binary_v1,0.6259366343217423,0.3701885518118788
fpn_0_only,test,11,129,"cluster_0->texture_a,cluster_1->texture_b",0.8606349497108897,0.7288573476688096,0.037271157890724216,0.7288573476688096,"[""fpn_0""]",fpn_0,"[""fpn_2"", ""fpn_1"", ""fpn_0""]","{""fpn_0"": [256, 288, 288], ""fpn_1"": [256, 144, 144], ""fpn_2"": [256, 72, 72]}","{""fpn_0"": [256, 288, 288]}",288,288,64,32,False,[0.0],"{""fpn_0"": 1.0}",fpn_0=1.000,deterministic_kmeans,cosine,2,outputs/rwtd_sam3_auto/coarse_vs_fine_sam_scales/stage2/smoke_train_fpn_0_only_native/checkpoint.pt,permutation_invariant_binary_partition,architexture_binary_v1,0.8606349497108897,0.7288573476688096
fpn_0_only,test,12,13,"cluster_1->texture_a,cluster_0->texture_b",0.2847295108817768,0.0092892654492,0.37612953739039073,0.0092892654492,"[""fpn_0""]",fpn_0,"[""fpn_2"", ""fpn_1"", ""fpn_0""]","{""fpn_0"": [256, 288, 288], ""fpn_1"": [256, 144, 144], ""fpn_2"": [256, 72, 72]}","{""fpn_0"": [256, 288, 288]}",288,288,64,32,False,[0.0],"{""fpn_0"": 1.0}",fpn_0=1.000,deterministic_kmeans,cosine,2,outputs/rwtd_sam3_auto/coarse_vs_fine_sam_scales/stage2/smoke_train_fpn_0_only_native/checkpoint.pt,permutation_invariant_binary_partition,architexture_binary_v1,0.37612953739039073,0.0092892654492
fpn_0_only,test,13,134,"cluster_0->texture_a,cluster_1->texture_b",0.6618682972724454,0.37455059459937595,0.09834752218816174,0.37455059459937595,"[""fpn_0""]",fpn_0,"[""fpn_2"", ""fpn_1"", ""fpn_0""]","{""fpn_0"": [256, 288, 288], ""fpn_1"": [256, 144, 144], ""fpn_2"": [256, 72, 72]}","{""fpn_0"": [256, 288, 288]}",288,288,64,32,False,[0.0],"{""fpn_0"": 1.0}",fpn_0=1.000,deterministic_kmeans,cosine,2,outputs/rwtd_sam3_auto/coarse_vs_fine_sam_scales/stage2/smoke_train_fpn_0_only_native/checkpoint.pt,permutation_invariant_binary_partition,architexture_binary_v1,0.6618682972724454,0.37455059459937595
fpn_0_only,test,14,139,"cluster_1->texture_a,cluster_0->texture_b",0.06189398893905508,0.5834165938806783,0.7876324280885507,0.5834165938806783,"[""fpn_0""]",fpn_0,"[""fpn_2"", ""fpn_1"", ""fpn_0""]","{""fpn_0"": [256, 288, 288], ""fpn_1"": [256, 144, 144], ""fpn_2"": [256, 72, 72]}","{""fpn_0"": [256, 288, 288]}",288,288,64,32,False,[0.0],"{""fpn_0"": 1.0}",fpn_0=1.000,deterministic_kmeans,cosine,2,outputs/rwtd_sam3_auto/coarse_vs_fine_sam_scales/stage2/smoke_train_fpn_0_only_native/checkpoint.pt,permutation_invariant_binary_partition,architexture_binary_v1,0.7876324280885507,0.5834165938806783
fpn_0_only,test,15,14,"cluster_0->texture_a,cluster_1->texture_b",0.5639937249920246,0.20973676166418637,0.15294616851242754,0.20973676166418637,"[""fpn_0""]",fpn_0,"[""fpn_2"", ""fpn_1"", ""fpn_0""]","{""fpn_0"": [256, 288, 288], ""fpn_1"": [256, 144, 144], ""fpn_2"": [256, 72, 72]}","{""fpn_0"": [256, 288, 288]}",288,288,64,32,False,[0.0],"{""fpn_0"": 1.0}",fpn_0=1.000,deterministic_kmeans,cosine,2,outputs/rwtd_sam3_auto/coarse_vs_fine_sam_scales/stage2/smoke_train_fpn_0_only_native/checkpoint.pt,permutation_invariant_binary_partition,architexture_binary_v1,0.5639937249920246,0.20973676166418637
fpn_0_only,test,16,142,"cluster_0->texture_a,cluster_1->texture_b",0.42595843045282217,0.09924313699893239,0.1662042587292388,0.09924313699893239,"[""fpn_0""]",fpn_0,"[""fpn_2"", ""fpn_1"", ""fpn_0""]","{""fpn_0"": [256, 288, 288], ""fpn_1"": [256, 144, 144], ""fpn_2"": [256, 72, 72]}","{""fpn_0"": [256, 288, 288]}",288,288,64,32,False,[0.0],"{""fpn_0"": 1.0}",fpn_0=1.000,deterministic_kmeans,cosine,2,outputs/rwtd_sam3_auto/coarse_vs_fine_sam_scales/stage2/smoke_train_fpn_0_only_native/checkpoint.pt,permutation_invariant_binary_partition,architexture_binary_v1,0.42595843045282217,0.09924313699893239
fpn_0_only,test,17,149,"cluster_1->texture_a,cluster_0->texture_b",0.07612070742831269,0.5099025330978489,0.7495576492959847,0.5099025330978489,"[""fpn_0""]",fpn_0,"[""fpn_2"", ""fpn_1"", ""fpn_0""]","{""fpn_0"": [256, 288, 288], ""fpn_1"": [256, 144, 144], ""fpn_2"": [256, 72, 72]}","{""fpn_0"": [256, 288, 288]}",288,288,64,32,False,[0.0],"{""fpn_0"": 1.0}",fpn_0=1.000,deterministic_kmeans,cosine,2,outputs/rwtd_sam3_auto/coarse_vs_fine_sam_scales/stage2/smoke_train_fpn_0_only_native/checkpoint.pt,permutation_invariant_binary_partition,architexture_binary_v1,0.7495576492959847,0.5099025330978489
fpn_0_only,test,18,15,"cluster_1->texture_a,cluster_0->texture_b",0.1531837199894024,0.16695547343769862,0.5461088460461816,0.16695547343769862,"[""fpn_0""]",fpn_0,"[""fpn_2"", ""fpn_1"", ""fpn_0""]","{""fpn_0"": [256, 288, 288], ""fpn_1"": [256, 144, 144], ""fpn_2"": [256, 72, 72]}","{""fpn_0"": [256, 288, 288]}",288,288,64,32,False,[0.0],"{""fpn_0"": 1.0}",fpn_0=1.000,deterministic_kmeans,cosine,2,outputs/rwtd_sam3_auto/coarse_vs_fine_sam_scales/stage2/smoke_train_fpn_0_only_native/checkpoint.pt,permutation_invariant_binary_partition,architexture_binary_v1,0.5461088460461816,0.16695547343769862
fpn_0_only,test,19,175,"cluster_1->texture_a,cluster_0->texture_b",0.07634457774163081,0.5029952926000955,0.7351506726110255,0.5029952926000955,"[""fpn_0""]",fpn_0,"[""fpn_2"", ""fpn_1"", ""fpn_0""]","{""fpn_0"": [256, 288, 288], ""fpn_1"": [256, 144, 144], ""fpn_2"": [256, 72, 72]}","{""fpn_0"": [256, 288, 288]}",288,288,64,32,False,[0.0],"{""fpn_0"": 1.0}",fpn_0=1.000,deterministic_kmeans,cosine,2,outputs/rwtd_sam3_auto/coarse_vs_fine_sam_scales/stage2/smoke_train_fpn_0_only_native/checkpoint.pt,permutation_invariant_binary_partition,architexture_binary_v1,0.7351506726110255,0.5029952926000955
fpn_0_only,test,20,176,"cluster_1->texture_a,cluster_0->texture_b",0.03216592914408542,0.6687365349860163,0.7740214816677292,0.6687365349860163,"[""fpn_0""]",fpn_0,"[""fpn_2"", ""fpn_1"", ""fpn_0""]","{""fpn_0"": [256, 288, 288], ""fpn_1"": [256, 144, 144], ""fpn_2"": [256, 72, 72]}","{""fpn_0"": [256, 288, 288]}",288,288,64,32,False,[0.0],"{""fpn_0"": 1.0}",fpn_0=1.000,deterministic_kmeans,cosine,2,outputs/rwtd_sam3_auto/coarse_vs_fine_sam_scales/stage2/smoke_train_fpn_0_only_native/checkpoint.pt,permutation_invariant_binary_partition,architexture_binary_v1,0.7740214816677292,0.6687365349860163
fpn_0_only,test,21,18,"cluster_0->texture_a,cluster_1->texture_b",0.3381603692680019,-0.048826361801239455,0.2566285021484968,-0.048826361801239455,"[""fpn_0""]",fpn_0,"[""fpn_2"", ""fpn_1"", ""fpn_0""]","{""fpn_0"": [256, 288, 288], ""fpn_1"": [256, 144, 144], ""fpn_2"": [256, 72, 72]}","{""fpn_0"": [256, 288, 288]}",288,288,64,32,False,[0.0],"{""fpn_0"": 1.0}",fpn_0=1.000,deterministic_kmeans,cosine,2,outputs/rwtd_sam3_auto/coarse_vs_fine_sam_scales/stage2/smoke_train_fpn_0_only_native/checkpoint.pt,permutation_invariant_binary_partition,architexture_binary_v1,0.3381603692680019,-0.048826361801239455
fpn_0_only,test,22,181,"cluster_0->texture_a,cluster_1->texture_b",0.3310631626767922,-0.001155623319111515,0.2951779089078669,-0.001155623319111515,"[""fpn_0""]",fpn_0,"[""fpn_2"", ""fpn_1"", ""fpn_0""]","{""fpn_0"": [256, 288, 288], ""fpn_1"": [256, 144, 144], ""fpn_2"": [256, 72, 72]}","{""fpn_0"": [256, 288, 288]}",288,288,64,32,False,[0.0],"{""fpn_0"": 1.0}",fpn_0=1.000,deterministic_kmeans,cosine,2,outputs/rwtd_sam3_auto/coarse_vs_fine_sam_scales/stage2/smoke_train_fpn_0_only_native/checkpoint.pt,permutation_invariant_binary_partition,architexture_binary_v1,0.3310631626767922,-0.001155623319111515
fpn_0_only,test,23,182,"cluster_0->texture_a,cluster_1->texture_b",0.5342065612350602,0.15864890583446356,0.17564426669376854,0.15864890583446356,"[""fpn_0""]",fpn_0,"[""fpn_2"", ""fpn_1"", ""fpn_0""]","{""fpn_0"": [256, 288, 288], ""fpn_1"": [256, 144, 144], ""fpn_2"": [256, 72, 72]}","{""fpn_0"": [256, 288, 288]}",288,288,64,32,False,[0.0],"{""fpn_0"": 1.0}",fpn_0=1.000,deterministic_kmeans,cosine,2,outputs/rwtd_sam3_auto/coarse_vs_fine_sam_scales/stage2/smoke_train_fpn_0_only_native/checkpoint.pt,permutation_invariant_binary_partition,architexture_binary_v1,0.5342065612350602,0.15864890583446356
fpn_0_only,test,24,183,"cluster_1->texture_a,cluster_0->texture_b",0.2515161487074108,0.03607009460821735,0.41428718849208024,0.03607009460821735,"[""fpn_0""]",fpn_0,"[""fpn_2"", ""fpn_1"", ""fpn_0""]","{""fpn_0"": [256, 288, 288], ""fpn_1"": [256, 144, 144], ""fpn_2"": [256, 72, 72]}","{""fpn_0"": [256, 288, 288]}",288,288,64,32,False,[0.0],"{""fpn_0"": 1.0}",fpn_0=1.000,deterministic_kmeans,cosine,2,outputs/rwtd_sam3_auto/coarse_vs_fine_sam_scales/stage2/smoke_train_fpn_0_only_native/checkpoint.pt,permutation_invariant_binary_partition,architexture_binary_v1,0.41428718849208024,0.03607009460821735
fpn_0_only,test,25,184,"cluster_1->texture_a,cluster_0->texture_b",0.0789355000943408,0.4876241196867614,0.7376467650743611,0.4876241196867614,"[""fpn_0""]",fpn_0,"[""fpn_2"", ""fpn_1"", ""fpn_0""]","{""fpn_0"": [256, 288, 288], ""fpn_1"": [256, 144, 144], ""fpn_2"": [256, 72, 72]}","{""fpn_0"": [256, 288, 288]}",288,288,64,32,False,[0.0],"{""fpn_0"": 1.0}",fpn_0=1.000,deterministic_kmeans,cosine,2,outputs/rwtd_sam3_auto/coarse_vs_fine_sam_scales/stage2/smoke_train_fpn_0_only_native/checkpoint.pt,permutation_invariant_binary_partition,architexture_binary_v1,0.7376467650743611,0.4876241196867614
fpn_0_only,test,26,185,"cluster_1->texture_a,cluster_0->texture_b",0.21845425705649624,0.06710168384397201,0.4363552834688467,0.06710168384397201,"[""fpn_0""]",fpn_0,"[""fpn_2"", ""fpn_1"", ""fpn_0""]","{""fpn_0"": [256, 288, 288], ""fpn_1"": [256, 144, 144], ""fpn_2"": [256, 72, 72]}","{""fpn_0"": [256, 288, 288]}",288,288,64,32,False,[0.0],"{""fpn_0"": 1.0}",fpn_0=1.000,deterministic_kmeans,cosine,2,outputs/rwtd_sam3_auto/coarse_vs_fine_sam_scales/stage2/smoke_train_fpn_0_only_native/checkpoint.pt,permutation_invariant_binary_partition,architexture_binary_v1,0.4363552834688467,0.06710168384397201
fpn_0_only,test,27,186,"cluster_0->texture_a,cluster_1->texture_b",0.4269079118328647,0.034240912186057994,0.22211315914964802,0.034240912186057994,"[""fpn_0""]",fpn_0,"[""fpn_2"", ""fpn_1"", ""fpn_0""]","{""fpn_0"": [256, 288, 288], ""fpn_1"": [256, 144, 144], ""fpn_2"": [256, 72, 72]}","{""fpn_0"": [256, 288, 288]}",288,288,64,32,False,[0.0],"{""fpn_0"": 1.0}",fpn_0=1.000,deterministic_kmeans,cosine,2,outputs/rwtd_sam3_auto/coarse_vs_fine_sam_scales/stage2/smoke_train_fpn_0_only_native/checkpoint.pt,permutation_invariant_binary_partition,architexture_binary_v1,0.4269079118328647,0.034240912186057994
fpn_0_only,test,28,189,"cluster_0->texture_a,cluster_1->texture_b",0.4517503373400728,0.1395775451644381,0.13217319292527976,0.1395775451644381,"[""fpn_0""]",fpn_0,"[""fpn_2"", ""fpn_1"", ""fpn_0""]","{""fpn_0"": [256, 288, 288], ""fpn_1"": [256, 144, 144], ""fpn_2"": [256, 72, 72]}","{""fpn_0"": [256, 288, 288]}",288,288,64,32,False,[0.0],"{""fpn_0"": 1.0}",fpn_0=1.000,deterministic_kmeans,cosine,2,outputs/rwtd_sam3_auto/coarse_vs_fine_sam_scales/stage2/smoke_train_fpn_0_only_native/checkpoint.pt,permutation_invariant_binary_partition,architexture_binary_v1,0.4517503373400728,0.1395775451644381
fpn_0_only,test,29,194,"cluster_0->texture_a,cluster_1->texture_b",0.5554048268680979,0.1952370767453807,0.1557045989291273,0.1952370767453807,"[""fpn_0""]",fpn_0,"[""fpn_2"", ""fpn_1"", ""fpn_0""]","{""fpn_0"": [256, 288, 288], ""fpn_1"": [256, 144, 144], ""fpn_2"": [256, 72, 72]}","{""fpn_0"": [256, 288, 288]}",288,288,64,32,False,[0.0],"{""fpn_0"": 1.0}",fpn_0=1.000,deterministic_kmeans,cosine,2,outputs/rwtd_sam3_auto/coarse_vs_fine_sam_scales/stage2/smoke_train_fpn_0_only_native/checkpoint.pt,permutation_invariant_binary_partition,architexture_binary_v1,0.5554048268680979,0.1952370767453807
fpn_0_only,test,30,197,"cluster_0->texture_a,cluster_1->texture_b",0.4031388118554776,0.018532260466414825,0.24766210219406093,0.018532260466414825,"[""fpn_0""]",fpn_0,"[""fpn_2"", ""fpn_1"", ""fpn_0""]","{""fpn_0"": [256, 288, 288], ""fpn_1"": [256, 144, 144], ""fpn_2"": [256, 72, 72]}","{""fpn_0"": [256, 288, 288]}",288,288,64,32,False,[0.0],"{""fpn_0"": 1.0}",fpn_0=1.000,deterministic_kmeans,cosine,2,outputs/rwtd_sam3_auto/coarse_vs_fine_sam_scales/stage2/smoke_train_fpn_0_only_native/checkpoint.pt,permutation_invariant_binary_partition,architexture_binary_v1,0.4031388118554776,0.018532260466414825
fpn_0_only,test,31,2,"cluster_1->texture_a,cluster_0->texture_b",0.19585952922382463,0.07022348325914275,0.4541183058505059,0.07022348325914275,"[""fpn_0""]",fpn_0,"[""fpn_2"", ""fpn_1"", ""fpn_0""]","{""fpn_0"": [256, 288, 288], ""fpn_1"": [256, 144, 144], ""fpn_2"": [256, 72, 72]}","{""fpn_0"": [256, 288, 288]}",288,288,64,32,False,[0.0],"{""fpn_0"": 1.0}",fpn_0=1.000,deterministic_kmeans,cosine,2,outputs/rwtd_sam3_auto/coarse_vs_fine_sam_scales/stage2/smoke_train_fpn_0_only_native/checkpoint.pt,permutation_invariant_binary_partition,architexture_binary_v1,0.4541183058505059,0.07022348325914275
fpn_0_only,test,32,200,"cluster_1->texture_a,cluster_0->texture_b",0.257196800393941,-0.039168035063503664,0.3447449760975535,-0.039168035063503664,"[""fpn_0""]",fpn_0,"[""fpn_2"", ""fpn_1"", ""fpn_0""]","{""fpn_0"": [256, 288, 288], ""fpn_1"": [256, 144, 144], ""fpn_2"": [256, 72, 72]}","{""fpn_0"": [256, 288, 288]}",288,288,64,32,False,[0.0],"{""fpn_0"": 1.0}",fpn_0=1.000,deterministic_kmeans,cosine,2,outputs/rwtd_sam3_auto/coarse_vs_fine_sam_scales/stage2/smoke_train_fpn_0_only_native/checkpoint.pt,permutation_invariant_binary_partition,architexture_binary_v1,0.3447449760975535,-0.039168035063503664
fpn_0_only,test,33,201,"cluster_0->texture_a,cluster_1->texture_b",0.5137588719067672,0.1487953076030794,0.16925935332741027,0.1487953076030794,"[""fpn_0""]",fpn_0,"[""fpn_2"", ""fpn_1"", ""fpn_0""]","{""fpn_0"": [256, 288, 288], ""fpn_1"": [256, 144, 144], ""fpn_2"": [256, 72, 72]}","{""fpn_0"": [256, 288, 288]}",288,288,64,32,False,[0.0],"{""fpn_0"": 1.0}",fpn_0=1.000,deterministic_kmeans,cosine,2,outputs/rwtd_sam3_auto/coarse_vs_fine_sam_scales/stage2/smoke_train_fpn_0_only_native/checkpoint.pt,permutation_invariant_binary_partition,architexture_binary_v1,0.5137588719067672,0.1487953076030794
fpn_0_only,test,34,202,"cluster_0->texture_a,cluster_1->texture_b",0.3449396403069665,-0.017549499030357817,0.2328532382512573,-0.017549499030357817,"[""fpn_0""]",fpn_0,"[""fpn_2"", ""fpn_1"", ""fpn_0""]","{""fpn_0"": [256, 288, 288], ""fpn_1"": [256, 144, 144], ""fpn_2"": [256, 72, 72]}","{""fpn_0"": [256, 288, 288]}",288,288,64,32,False,[0.0],"{""fpn_0"": 1.0}",fpn_0=1.000,deterministic_kmeans,cosine,2,outputs/rwtd_sam3_auto/coarse_vs_fine_sam_scales/stage2/smoke_train_fpn_0_only_native/checkpoint.pt,permutation_invariant_binary_partition,architexture_binary_v1,0.3449396403069665,-0.017549499030357817
fpn_0_only,test,35,205,"cluster_0->texture_a,cluster_1->texture_b",0.5517905410499713,0.17925169831224597,0.16103711778662294,0.17925169831224597,"[""fpn_0""]",fpn_0,"[""fpn_2"", ""fpn_1"", ""fpn_0""]","{""fpn_0"": [256, 288, 288], ""fpn_1"": [256, 144, 144], ""fpn_2"": [256, 72, 72]}","{""fpn_0"": [256, 288, 288]}",288,288,64,32,False,[0.0],"{""fpn_0"": 1.0}",fpn_0=1.000,deterministic_kmeans,cosine,2,outputs/rwtd_sam3_auto/coarse_vs_fine_sam_scales/stage2/smoke_train_fpn_0_only_native/checkpoint.pt,permutation_invariant_binary_partition,architexture_binary_v1,0.5517905410499713,0.17925169831224597
fpn_0_only,test,36,207,"cluster_1->texture_a,cluster_0->texture_b",0.2524785257009141,0.03350347372170686,0.4184312638942696,0.03350347372170686,"[""fpn_0""]",fpn_0,"[""fpn_2"", ""fpn_1"", ""fpn_0""]","{""fpn_0"": [256, 288, 288], ""fpn_1"": [256, 144, 144], ""fpn_2"": [256, 72, 72]}","{""fpn_0"": [256, 288, 288]}",288,288,64,32,False,[0.0],"{""fpn_0"": 1.0}",fpn_0=1.000,deterministic_kmeans,cosine,2,outputs/rwtd_sam3_auto/coarse_vs_fine_sam_scales/stage2/smoke_train_fpn_0_only_native/checkpoint.pt,permutation_invariant_binary_partition,architexture_binary_v1,0.4184312638942696,0.03350347372170686
fpn_0_only,test,37,210,"cluster_0->texture_a,cluster_1->texture_b",0.3182261397716507,-0.0011416795635509215,0.29843361827914205,-0.0011416795635509215,"[""fpn_0""]",fpn_0,"[""fpn_2"", ""fpn_1"", ""fpn_0""]","{""fpn_0"": [256, 288, 288], ""fpn_1"": [256, 144, 144], ""fpn_2"": [256, 72, 72]}","{""fpn_0"": [256, 288, 288]}",288,288,64,32,False,[0.0],"{""fpn_0"": 1.0}",fpn_0=1.000,deterministic_kmeans,cosine,2,outputs/rwtd_sam3_auto/coarse_vs_fine_sam_scales/stage2/smoke_train_fpn_0_only_native/checkpoint.pt,permutation_invariant_binary_partition,architexture_binary_v1,0.3182261397716507,-0.0011416795635509215
fpn_0_only,test,38,213,"cluster_1->texture_a,cluster_0->texture_b",0.14572389176104145,0.2264242582985143,0.584844843789224,0.2264242582985143,"[""fpn_0""]",fpn_0,"[""fpn_2"", ""fpn_1"", ""fpn_0""]","{""fpn_0"": [256, 288, 288], ""fpn_1"": [256, 144, 144], ""fpn_2"": [256, 72, 72]}","{""fpn_0"": [256, 288, 288]}",288,288,64,32,False,[0.0],"{""fpn_0"": 1.0}",fpn_0=1.000,deterministic_kmeans,cosine,2,outputs/rwtd_sam3_auto/coarse_vs_fine_sam_scales/stage2/smoke_train_fpn_0_only_native/checkpoint.pt,permutation_invariant_binary_partition,architexture_binary_v1,0.584844843789224,0.2264242582985143
fpn_0_only,test,39,214,"cluster_0->texture_a,cluster_1->texture_b",0.44777337517206783,0.061978298888760955,0.2102400103626244,0.061978298888760955,"[""fpn_0""]",fpn_0,"[""fpn_2"", ""fpn_1"", ""fpn_0""]","{""fpn_0"": [256, 288, 288], ""fpn_1"": [256, 144, 144], ""fpn_2"": [256, 72, 72]}","{""fpn_0"": [256, 288, 288]}",288,288,64,32,False,[0.0],"{""fpn_0"": 1.0}",fpn_0=1.000,deterministic_kmeans,cosine,2,outputs/rwtd_sam3_auto/coarse_vs_fine_sam_scales/stage2/smoke_train_fpn_0_only_native/checkpoint.pt,permutation_invariant_binary_partition,architexture_binary_v1,0.44777337517206783,0.061978298888760955
fpn_0_only,test,40,215,"cluster_1->texture_a,cluster_0->texture_b",0.2600461693384535,0.003644391829784485,0.37030749415806297,0.003644391829784485,"[""fpn_0""]",fpn_0,"[""fpn_2"", ""fpn_1"", ""fpn_0""]","{""fpn_0"": [256, 288, 288], ""fpn_1"": [256, 144, 144], ""fpn_2"": [256, 72, 72]}","{""fpn_0"": [256, 288, 288]}",288,288,64,32,False,[0.0],"{""fpn_0"": 1.0}",fpn_0=1.000,deterministic_kmeans,cosine,2,outputs/rwtd_sam3_auto/coarse_vs_fine_sam_scales/stage2/smoke_train_fpn_0_only_native/checkpoint.pt,permutation_invariant_binary_partition,architexture_binary_v1,0.37030749415806297,0.003644391829784485
fpn_0_only,test,41,216,"cluster_1->texture_a,cluster_0->texture_b",0.18077934917800603,0.1203382249316075,0.4840973380515154,0.1203382249316075,"[""fpn_0""]",fpn_0,"[""fpn_2"", ""fpn_1"", ""fpn_0""]","{""fpn_0"": [256, 288, 288], ""fpn_1"": [256, 144, 144], ""fpn_2"": [256, 72, 72]}","{""fpn_0"": [256, 288, 288]}",288,288,64,32,False,[0.0],"{""fpn_0"": 1.0}",fpn_0=1.000,deterministic_kmeans,cosine,2,outputs/rwtd_sam3_auto/coarse_vs_fine_sam_scales/stage2/smoke_train_fpn_0_only_native/checkpoint.pt,permutation_invariant_binary_partition,architexture_binary_v1,0.4840973380515154,0.1203382249316075
fpn_0_only,test,42,219,"cluster_0->texture_a,cluster_1->texture_b",0.4458370918492336,0.059574562274117275,0.21610490150988443,0.059574562274117275,"[""fpn_0""]",fpn_0,"[""fpn_2"", ""fpn_1"", ""fpn_0""]","{""fpn_0"": [256, 288, 288], ""fpn_1"": [256, 144, 144], ""fpn_2"": [256, 72, 72]}","{""fpn_0"": [256, 288, 288]}",288,288,64,32,False,[0.0],"{""fpn_0"": 1.0}",fpn_0=1.000,deterministic_kmeans,cosine,2,outputs/rwtd_sam3_auto/coarse_vs_fine_sam_scales/stage2/smoke_train_fpn_0_only_native/checkpoint.pt,permutation_invariant_binary_partition,architexture_binary_v1,0.4458370918492336,0.059574562274117275
fpn_0_only,test,43,22,"cluster_0->texture_a,cluster_1->texture_b",0.3743707654183599,0.009689686232573332,0.26602867710531813,0.009689686232573332,"[""fpn_0""]",fpn_0,"[""fpn_2"", ""fpn_1"", ""fpn_0""]","{""fpn_0"": [256, 288, 288], ""fpn_1"": [256, 144, 144], ""fpn_2"": [256, 72, 72]}","{""fpn_0"": [256, 288, 288]}",288,288,64,32,False,[0.0],"{""fpn_0"": 1.0}",fpn_0=1.000,deterministic_kmeans,cosine,2,outputs/rwtd_sam3_auto/coarse_vs_fine_sam_scales/stage2/smoke_train_fpn_0_only_native/checkpoint.pt,permutation_invariant_binary_partition,architexture_binary_v1,0.3743707654183599,0.009689686232573332
fpn_0_only,test,44,221,"cluster_0->texture_a,cluster_1->texture_b",0.5522532548183172,0.183145347748775,0.16559115157722434,0.183145347748775,"[""fpn_0""]",fpn_0,"[""fpn_2"", ""fpn_1"", ""fpn_0""]","{""fpn_0"": [256, 288, 288], ""fpn_1"": [256, 144, 144], ""fpn_2"": [256, 72, 72]}","{""fpn_0"": [256, 288, 288]}",288,288,64,32,False,[0.0],"{""fpn_0"": 1.0}",fpn_0=1.000,deterministic_kmeans,cosine,2,outputs/rwtd_sam3_auto/coarse_vs_fine_sam_scales/stage2/smoke_train_fpn_0_only_native/checkpoint.pt,permutation_invariant_binary_partition,architexture_binary_v1,0.5522532548183172,0.183145347748775
fpn_0_only,test,45,222,"cluster_1->texture_a,cluster_0->texture_b",0.04777561112181294,0.6476082617734862,0.7943361525848005,0.6476082617734862,"[""fpn_0""]",fpn_0,"[""fpn_2"", ""fpn_1"", ""fpn_0""]","{""fpn_0"": [256, 288, 288], ""fpn_1"": [256, 144, 144], ""fpn_2"": [256, 72, 72]}","{""fpn_0"": [256, 288, 288]}",288,288,64,32,False,[0.0],"{""fpn_0"": 1.0}",fpn_0=1.000,deterministic_kmeans,cosine,2,outputs/rwtd_sam3_auto/coarse_vs_fine_sam_scales/stage2/smoke_train_fpn_0_only_native/checkpoint.pt,permutation_invariant_binary_partition,architexture_binary_v1,0.7943361525848005,0.6476082617734862
fpn_0_only,test,46,224,"cluster_1->texture_a,cluster_0->texture_b",0.11888970429606929,0.31797290656339416,0.6395637803468284,0.31797290656339416,"[""fpn_0""]",fpn_0,"[""fpn_2"", ""fpn_1"", ""fpn_0""]","{""fpn_0"": [256, 288, 288], ""fpn_1"": [256, 144, 144], ""fpn_2"": [256, 72, 72]}","{""fpn_0"": [256, 288, 288]}",288,288,64,32,False,[0.0],"{""fpn_0"": 1.0}",fpn_0=1.000,deterministic_kmeans,cosine,2,outputs/rwtd_sam3_auto/coarse_vs_fine_sam_scales/stage2/smoke_train_fpn_0_only_native/checkpoint.pt,permutation_invariant_binary_partition,architexture_binary_v1,0.6395637803468284,0.31797290656339416
fpn_0_only,test,47,229,"cluster_0->texture_a,cluster_1->texture_b",0.4382932823043959,0.04670124063542005,0.2306941146998882,0.04670124063542005,"[""fpn_0""]",fpn_0,"[""fpn_2"", ""fpn_1"", ""fpn_0""]","{""fpn_0"": [256, 288, 288], ""fpn_1"": [256, 144, 144], ""fpn_2"": [256, 72, 72]}","{""fpn_0"": [256, 288, 288]}",288,288,64,32,False,[0.0],"{""fpn_0"": 1.0}",fpn_0=1.000,deterministic_kmeans,cosine,2,outputs/rwtd_sam3_auto/coarse_vs_fine_sam_scales/stage2/smoke_train_fpn_0_only_native/checkpoint.pt,permutation_invariant_binary_partition,architexture_binary_v1,0.4382932823043959,0.04670124063542005
fpn_0_only,test,48,237,"cluster_0->texture_a,cluster_1->texture_b",0.3335015541862064,0.0005685557082200339,0.30051915310962873,0.0005685557082200339,"[""fpn_0""]",fpn_0,"[""fpn_2"", ""fpn_1"", ""fpn_0""]","{""fpn_0"": [256, 288, 288], ""fpn_1"": [256, 144, 144], ""fpn_2"": [256, 72, 72]}","{""fpn_0"": [256, 288, 288]}",288,288,64,32,False,[0.0],"{""fpn_0"": 1.0}",fpn_0=1.000,deterministic_kmeans,cosine,2,outputs/rwtd_sam3_auto/coarse_vs_fine_sam_scales/stage2/smoke_train_fpn_0_only_native/checkpoint.pt,permutation_invariant_binary_partition,architexture_binary_v1,0.3335015541862064,0.0005685557082200339
fpn_0_only,test,49,24,"cluster_1->texture_a,cluster_0->texture_b",0.0867222048652947,0.3989311518848487,0.6390435910857105,0.3989311518848487,"[""fpn_0""]",fpn_0,"[""fpn_2"", ""fpn_1"", ""fpn_0""]","{""fpn_0"": [256, 288, 288], ""fpn_1"": [256, 144, 144], ""fpn_2"": [256, 72, 72]}","{""fpn_0"": [256, 288, 288]}",288,288,64,32,False,[0.0],"{""fpn_0"": 1.0}",fpn_0=1.000,deterministic_kmeans,cosine,2,outputs/rwtd_sam3_auto/coarse_vs_fine_sam_scales/stage2/smoke_train_fpn_0_only_native/checkpoint.pt,permutation_invariant_binary_partition,architexture_binary_v1,0.6390435910857105,0.3989311518848487
fpn_0_only,test,50,240,"cluster_0->texture_a,cluster_1->texture_b",0.3563928708736731,0.004740234280979195,0.29708644530824174,0.004740234280979195,"[""fpn_0""]",fpn_0,"[""fpn_2"", ""fpn_1"", ""fpn_0""]","{""fpn_0"": [256, 288, 288], ""fpn_1"": [256, 144, 144], ""fpn_2"": [256, 72, 72]}","{""fpn_0"": [256, 288, 288]}",288,288,64,32,False,[0.0],"{""fpn_0"": 1.0}",fpn_0=1.000,deterministic_kmeans,cosine,2,outputs/rwtd_sam3_auto/coarse_vs_fine_sam_scales/stage2/smoke_train_fpn_0_only_native/checkpoint.pt,permutation_invariant_binary_partition,architexture_binary_v1,0.3563928708736731,0.004740234280979195
fpn_0_only,test,51,244,"cluster_0->texture_a,cluster_1->texture_b",0.6221491153413432,0.3274723434477201,0.10918517573424318,0.3274723434477201,"[""fpn_0""]",fpn_0,"[""fpn_2"", ""fpn_1"", ""fpn_0""]","{""fpn_0"": [256, 288, 288], ""fpn_1"": [256, 144, 144], ""fpn_2"": [256, 72, 72]}","{""fpn_0"": [256, 288, 288]}",288,288,64,32,False,[0.0],"{""fpn_0"": 1.0}",fpn_0=1.000,deterministic_kmeans,cosine,2,outputs/rwtd_sam3_auto/coarse_vs_fine_sam_scales/stage2/smoke_train_fpn_0_only_native/checkpoint.pt,permutation_invariant_binary_partition,architexture_binary_v1,0.6221491153413432,0.3274723434477201
fpn_0_only,test,52,245,"cluster_1->texture_a,cluster_0->texture_b",0.17860447937700724,0.09407711628489487,0.4915978488001119,0.09407711628489487,"[""fpn_0""]",fpn_0,"[""fpn_2"", ""fpn_1"", ""fpn_0""]","{""fpn_0"": [256, 288, 288], ""fpn_1"": [256, 144, 144], ""fpn_2"": [256, 72, 72]}","{""fpn_0"": [256, 288, 288]}",288,288,64,32,False,[0.0],"{""fpn_0"": 1.0}",fpn_0=1.000,deterministic_kmeans,cosine,2,outputs/rwtd_sam3_auto/coarse_vs_fine_sam_scales/stage2/smoke_train_fpn_0_only_native/checkpoint.pt,permutation_invariant_binary_partition,architexture_binary_v1,0.4915978488001119,0.09407711628489487
fpn_0_only,test,53,246,"cluster_0->texture_a,cluster_1->texture_b",0.7688135016014377,0.5465363124261016,0.06972158668363193,0.5465363124261016,"[""fpn_0""]",fpn_0,"[""fpn_2"", ""fpn_1"", ""fpn_0""]","{""fpn_0"": [256, 288, 288], ""fpn_1"": [256, 144, 144], ""fpn_2"": [256, 72, 72]}","{""fpn_0"": [256, 288, 288]}",288,288,64,32,False,[0.0],"{""fpn_0"": 1.0}",fpn_0=1.000,deterministic_kmeans,cosine,2,outputs/rwtd_sam3_auto/coarse_vs_fine_sam_scales/stage2/smoke_train_fpn_0_only_native/checkpoint.pt,permutation_invariant_binary_partition,architexture_binary_v1,0.7688135016014377,0.5465363124261016
fpn_0_only,test,54,247,"cluster_0->texture_a,cluster_1->texture_b",0.6746690174719387,0.37927625363288664,0.10579578302245082,0.37927625363288664,"[""fpn_0""]",fpn_0,"[""fpn_2"", ""fpn_1"", ""fpn_0""]","{""fpn_0"": [256, 288, 288], ""fpn_1"": [256, 144, 144], ""fpn_2"": [256, 72, 72]}","{""fpn_0"": [256, 288, 288]}",288,288,64,32,False,[0.0],"{""fpn_0"": 1.0}",fpn_0=1.000,deterministic_kmeans,cosine,2,outputs/rwtd_sam3_auto/coarse_vs_fine_sam_scales/stage2/smoke_train_fpn_0_only_native/checkpoint.pt,permutation_invariant_binary_partition,architexture_binary_v1,0.6746690174719387,0.37927625363288664
fpn_0_only,test,55,25,"cluster_1->texture_a,cluster_0->texture_b",0.18004440155381068,0.0883694257043643,0.4843690068012921,0.0883694257043643,"[""fpn_0""]",fpn_0,"[""fpn_2"", ""fpn_1"", ""fpn_0""]","{""fpn_0"": [256, 288, 288], ""fpn_1"": [256, 144, 144], ""fpn_2"": [256, 72, 72]}","{""fpn_0"": [256, 288, 288]}",288,288,64,32,False,[0.0],"{""fpn_0"": 1.0}",fpn_0=1.000,deterministic_kmeans,cosine,2,outputs/rwtd_sam3_auto/coarse_vs_fine_sam_scales/stage2/smoke_train_fpn_0_only_native/checkpoint.pt,permutation_invariant_binary_partition,architexture_binary_v1,0.4843690068012921,0.0883694257043643
fpn_0_only,test,56,250,"cluster_1->texture_a,cluster_0->texture_b",0.07168531701087688,0.5193294014230286,0.7411581394705624,0.5193294014230286,"[""fpn_0""]",fpn_0,"[""fpn_2"", ""fpn_1"", ""fpn_0""]","{""fpn_0"": [256, 288, 288], ""fpn_1"": [256, 144, 144], ""fpn_2"": [256, 72, 72]}","{""fpn_0"": [256, 288, 288]}",288,288,64,32,False,[0.0],"{""fpn_0"": 1.0}",fpn_0=1.000,deterministic_kmeans,cosine,2,outputs/rwtd_sam3_auto/coarse_vs_fine_sam_scales/stage2/smoke_train_fpn_0_only_native/checkpoint.pt,permutation_invariant_binary_partition,architexture_binary_v1,0.7411581394705624,0.5193294014230286
fpn_0_only,test,57,251,"cluster_0->texture_a,cluster_1->texture_b",0.4732251544925413,0.09508234192706551,0.19840854672021174,0.09508234192706551,"[""fpn_0""]",fpn_0,"[""fpn_2"", ""fpn_1"", ""fpn_0""]","{""fpn_0"": [256, 288, 288], ""fpn_1"": [256, 144, 144], ""fpn_2"": [256, 72, 72]}","{""fpn_0"": [256, 288, 288]}",288,288,64,32,False,[0.0],"{""fpn_0"": 1.0}",fpn_0=1.000,deterministic_kmeans,cosine,2,outputs/rwtd_sam3_auto/coarse_vs_fine_sam_scales/stage2/smoke_train_fpn_0_only_native/checkpoint.pt,permutation_invariant_binary_partition,architexture_binary_v1,0.4732251544925413,0.09508234192706551
fpn_0_only,test,58,253,"cluster_1->texture_a,cluster_0->texture_b",0.2528668367150677,0.03438301852501283,0.41971724256053117,0.03438301852501283,"[""fpn_0""]",fpn_0,"[""fpn_2"", ""fpn_1"", ""fpn_0""]","{""fpn_0"": [256, 288, 288], ""fpn_1"": [256, 144, 144], ""fpn_2"": [256, 72, 72]}","{""fpn_0"": [256, 288, 288]}",288,288,64,32,False,[0.0],"{""fpn_0"": 1.0}",fpn_0=1.000,deterministic_kmeans,cosine,2,outputs/rwtd_sam3_auto/coarse_vs_fine_sam_scales/stage2/smoke_train_fpn_0_only_native/checkpoint.pt,permutation_invariant_binary_partition,architexture_binary_v1,0.41971724256053117,0.03438301852501283
fpn_0_only,test,59,254,"cluster_1->texture_a,cluster_0->texture_b",0.06419627511511951,0.561769077671667,0.7773346413631628,0.561769077671667,"[""fpn_0""]",fpn_0,"[""fpn_2"", ""fpn_1"", ""fpn_0""]","{""fpn_0"": [256, 288, 288], ""fpn_1"": [256, 144, 144], ""fpn_2"": [256, 72, 72]}","{""fpn_0"": [256, 288, 288]}",288,288,64,32,False,[0.0],"{""fpn_0"": 1.0}",fpn_0=1.000,deterministic_kmeans,cosine,2,outputs/rwtd_sam3_auto/coarse_vs_fine_sam_scales/stage2/smoke_train_fpn_0_only_native/checkpoint.pt,permutation_invariant_binary_partition,architexture_binary_v1,0.7773346413631628,0.561769077671667
fpn_0_only,test,60,256,"cluster_1->texture_a,cluster_0->texture_b",0.1565346074972458,0.1827442243670876,0.5435030172521349,0.1827442243670876,"[""fpn_0""]",fpn_0,"[""fpn_2"", ""fpn_1"", ""fpn_0""]","{""fpn_0"": [256, 288, 288], ""fpn_1"": [256, 144, 144], ""fpn_2"": [256, 72, 72]}","{""fpn_0"": [256, 288, 288]}",288,288,64,32,False,[0.0],"{""fpn_0"": 1.0}",fpn_0=1.000,deterministic_kmeans,cosine,2,outputs/rwtd_sam3_auto/coarse_vs_fine_sam_scales/stage2/smoke_train_fpn_0_only_native/checkpoint.pt,permutation_invariant_binary_partition,architexture_binary_v1,0.5435030172521349,0.1827442243670876
fpn_0_only,test,61,257,"cluster_1->texture_a,cluster_0->texture_b",0.1368328181414489,0.2271497456380487,0.5855723752353212,0.2271497456380487,"[""fpn_0""]",fpn_0,"[""fpn_2"", ""fpn_1"", ""fpn_0""]","{""fpn_0"": [256, 288, 288], ""fpn_1"": [256, 144, 144], ""fpn_2"": [256, 72, 72]}","{""fpn_0"": [256, 288, 288]}",288,288,64,32,False,[0.0],"{""fpn_0"": 1.0}",fpn_0=1.000,deterministic_kmeans,cosine,2,outputs/rwtd_sam3_auto/coarse_vs_fine_sam_scales/stage2/smoke_train_fpn_0_only_native/checkpoint.pt,permutation_invariant_binary_partition,architexture_binary_v1,0.5855723752353212,0.2271497456380487
fpn_0_only,test,62,258,"cluster_0->texture_a,cluster_1->texture_b",0.5395200221612249,0.17231493022273658,0.1678015114607625,0.17231493022273658,"[""fpn_0""]",fpn_0,"[""fpn_2"", ""fpn_1"", ""fpn_0""]","{""fpn_0"": [256, 288, 288], ""fpn_1"": [256, 144, 144], ""fpn_2"": [256, 72, 72]}","{""fpn_0"": [256, 288, 288]}",288,288,64,32,False,[0.0],"{""fpn_0"": 1.0}",fpn_0=1.000,deterministic_kmeans,cosine,2,outputs/rwtd_sam3_auto/coarse_vs_fine_sam_scales/stage2/smoke_train_fpn_0_only_native/checkpoint.pt,permutation_invariant_binary_partition,architexture_binary_v1,0.5395200221612249,0.17231493022273658
fpn_0_only,test,63,259,"cluster_0->texture_a,cluster_1->texture_b",0.6479904222771744,0.35339551313589024,0.10456286108687722,0.35339551313589024,"[""fpn_0""]",fpn_0,"[""fpn_2"", ""fpn_1"", ""fpn_0""]","{""fpn_0"": [256, 288, 288], ""fpn_1"": [256, 144, 144], ""fpn_2"": [256, 72, 72]}","{""fpn_0"": [256, 288, 288]}",288,288,64,32,False,[0.0],"{""fpn_0"": 1.0}",fpn_0=1.000,deterministic_kmeans,cosine,2,outputs/rwtd_sam3_auto/coarse_vs_fine_sam_scales/stage2/smoke_train_fpn_0_only_native/checkpoint.pt,permutation_invariant_binary_partition,architexture_binary_v1,0.6479904222771744,0.35339551313589024
fpn_0_only,test,64,260,"cluster_0->texture_a,cluster_1->texture_b",0.48545241146627716,0.09461401930814352,0.20932473714657407,0.09461401930814352,"[""fpn_0""]",fpn_0,"[""fpn_2"", ""fpn_1"", ""fpn_0""]","{""fpn_0"": [256, 288, 288], ""fpn_1"": [256, 144, 144], ""fpn_2"": [256, 72, 72]}","{""fpn_0"": [256, 288, 288]}",288,288,64,32,False,[0.0],"{""fpn_0"": 1.0}",fpn_0=1.000,deterministic_kmeans,cosine,2,outputs/rwtd_sam3_auto/coarse_vs_fine_sam_scales/stage2/smoke_train_fpn_0_only_native/checkpoint.pt,permutation_invariant_binary_partition,architexture_binary_v1,0.48545241146627716,0.09461401930814352
fpn_0_only,test,65,261,"cluster_0->texture_a,cluster_1->texture_b",0.4190263849669098,0.03275050125051346,0.25285956729414105,0.03275050125051346,"[""fpn_0""]",fpn_0,"[""fpn_2"", ""fpn_1"", ""fpn_0""]","{""fpn_0"": [256, 288, 288], ""fpn_1"": [256, 144, 144], ""fpn_2"": [256, 72, 72]}","{""fpn_0"": [256, 288, 288]}",288,288,64,32,False,[0.0],"{""fpn_0"": 1.0}",fpn_0=1.000,deterministic_kmeans,cosine,2,outputs/rwtd_sam3_auto/coarse_vs_fine_sam_scales/stage2/smoke_train_fpn_0_only_native/checkpoint.pt,permutation_invariant_binary_partition,architexture_binary_v1,0.4190263849669098,0.03275050125051346
fpn_0_only,test,66,262,"cluster_1->texture_a,cluster_0->texture_b",0.06688298658208881,0.5510446506468579,0.7641911724526065,0.5510446506468579,"[""fpn_0""]",fpn_0,"[""fpn_2"", ""fpn_1"", ""fpn_0""]","{""fpn_0"": [256, 288, 288], ""fpn_1"": [256, 144, 144], ""fpn_2"": [256, 72, 72]}","{""fpn_0"": [256, 288, 288]}",288,288,64,32,False,[0.0],"{""fpn_0"": 1.0}",fpn_0=1.000,deterministic_kmeans,cosine,2,outputs/rwtd_sam3_auto/coarse_vs_fine_sam_scales/stage2/smoke_train_fpn_0_only_native/checkpoint.pt,permutation_invariant_binary_partition,architexture_binary_v1,0.7641911724526065,0.5510446506468579
fpn_0_only,test,67,263,"cluster_1->texture_a,cluster_0->texture_b",0.08415592797329405,0.4463837411056204,0.7136126892770474,0.4463837411056204,"[""fpn_0""]",fpn_0,"[""fpn_2"", ""fpn_1"", ""fpn_0""]","{""fpn_0"": [256, 288, 288], ""fpn_1"": [256, 144, 144], ""fpn_2"": [256, 72, 72]}","{""fpn_0"": [256, 288, 288]}",288,288,64,32,False,[0.0],"{""fpn_0"": 1.0}",fpn_0=1.000,deterministic_kmeans,cosine,2,outputs/rwtd_sam3_auto/coarse_vs_fine_sam_scales/stage2/smoke_train_fpn_0_only_native/checkpoint.pt,permutation_invariant_binary_partition,architexture_binary_v1,0.7136126892770474,0.4463837411056204
fpn_0_only,test,68,265,"cluster_1->texture_a,cluster_0->texture_b",0.14965228209222015,0.16474948724928498,0.5131806398100254,0.16474948724928498,"[""fpn_0""]",fpn_0,"[""fpn_2"", ""fpn_1"", ""fpn_0""]","{""fpn_0"": [256, 288, 288], ""fpn_1"": [256, 144, 144], ""fpn_2"": [256, 72, 72]}","{""fpn_0"": [256, 288, 288]}",288,288,64,32,False,[0.0],"{""fpn_0"": 1.0}",fpn_0=1.000,deterministic_kmeans,cosine,2,outputs/rwtd_sam3_auto/coarse_vs_fine_sam_scales/stage2/smoke_train_fpn_0_only_native/checkpoint.pt,permutation_invariant_binary_partition,architexture_binary_v1,0.5131806398100254,0.16474948724928498
fpn_0_only,test,69,268,"cluster_1->texture_a,cluster_0->texture_b",0.07964543265648147,0.49128802885778505,0.7395300382459928,0.49128802885778505,"[""fpn_0""]",fpn_0,"[""fpn_2"", ""fpn_1"", ""fpn_0""]","{""fpn_0"": [256, 288, 288], ""fpn_1"": [256, 144, 144], ""fpn_2"": [256, 72, 72]}","{""fpn_0"": [256, 288, 288]}",288,288,64,32,False,[0.0],"{""fpn_0"": 1.0}",fpn_0=1.000,deterministic_kmeans,cosine,2,outputs/rwtd_sam3_auto/coarse_vs_fine_sam_scales/stage2/smoke_train_fpn_0_only_native/checkpoint.pt,permutation_invariant_binary_partition,architexture_binary_v1,0.7395300382459928,0.49128802885778505
fpn_0_only,test,70,269,"cluster_1->texture_a,cluster_0->texture_b",0.11078398594656408,0.3363956992823165,0.6422012936965606,0.3363956992823165,"[""fpn_0""]",fpn_0,"[""fpn_2"", ""fpn_1"", ""fpn_0""]","{""fpn_0"": [256, 288, 288], ""fpn_1"": [256, 144, 144], ""fpn_2"": [256, 72, 72]}","{""fpn_0"": [256, 288, 288]}",288,288,64,32,False,[0.0],"{""fpn_0"": 1.0}",fpn_0=1.000,deterministic_kmeans,cosine,2,outputs/rwtd_sam3_auto/coarse_vs_fine_sam_scales/stage2/smoke_train_fpn_0_only_native/checkpoint.pt,permutation_invariant_binary_partition,architexture_binary_v1,0.6422012936965606,0.3363956992823165
fpn_0_only,test,71,27,"cluster_1->texture_a,cluster_0->texture_b",0.1689449086400429,0.11214144293897002,0.5063573021660072,0.11214144293897002,"[""fpn_0""]",fpn_0,"[""fpn_2"", ""fpn_1"", ""fpn_0""]","{""fpn_0"": [256, 288, 288], ""fpn_1"": [256, 144, 144], ""fpn_2"": [256, 72, 72]}","{""fpn_0"": [256, 288, 288]}",288,288,64,32,False,[0.0],"{""fpn_0"": 1.0}",fpn_0=1.000,deterministic_kmeans,cosine,2,outputs/rwtd_sam3_auto/coarse_vs_fine_sam_scales/stage2/smoke_train_fpn_0_only_native/checkpoint.pt,permutation_invariant_binary_partition,architexture_binary_v1,0.5063573021660072,0.11214144293897002
fpn_0_only,test,72,270,"cluster_0->texture_a,cluster_1->texture_b",0.3423594725978121,-0.03722262406127865,0.2251795450100461,-0.03722262406127865,"[""fpn_0""]",fpn_0,"[""fpn_2"", ""fpn_1"", ""fpn_0""]","{""fpn_0"": [256, 288, 288], ""fpn_1"": [256, 144, 144], ""fpn_2"": [256, 72, 72]}","{""fpn_0"": [256, 288, 288]}",288,288,64,32,False,[0.0],"{""fpn_0"": 1.0}",fpn_0=1.000,deterministic_kmeans,cosine,2,outputs/rwtd_sam3_auto/coarse_vs_fine_sam_scales/stage2/smoke_train_fpn_0_only_native/checkpoint.pt,permutation_invariant_binary_partition,architexture_binary_v1,0.3423594725978121,-0.03722262406127865
fpn_0_only,test,73,274,"cluster_0->texture_a,cluster_1->texture_b",0.46948837740649796,0.09303548052941307,0.20552971219218835,0.09303548052941307,"[""fpn_0""]",fpn_0,"[""fpn_2"", ""fpn_1"", ""fpn_0""]","{""fpn_0"": [256, 288, 288], ""fpn_1"": [256, 144, 144], ""fpn_2"": [256, 72, 72]}","{""fpn_0"": [256, 288, 288]}",288,288,64,32,False,[0.0],"{""fpn_0"": 1.0}",fpn_0=1.000,deterministic_kmeans,cosine,2,outputs/rwtd_sam3_auto/coarse_vs_fine_sam_scales/stage2/smoke_train_fpn_0_only_native/checkpoint.pt,permutation_invariant_binary_partition,architexture_binary_v1,0.46948837740649796,0.09303548052941307
fpn_0_only,test,74,276,"cluster_0->texture_a,cluster_1->texture_b",0.5341923400930554,0.1581361339158041,0.16130695765117736,0.1581361339158041,"[""fpn_0""]",fpn_0,"[""fpn_2"", ""fpn_1"", ""fpn_0""]","{""fpn_0"": [256, 288, 288], ""fpn_1"": [256, 144, 144], ""fpn_2"": [256, 72, 72]}","{""fpn_0"": [256, 288, 288]}",288,288,64,32,False,[0.0],"{""fpn_0"": 1.0}",fpn_0=1.000,deterministic_kmeans,cosine,2,outputs/rwtd_sam3_auto/coarse_vs_fine_sam_scales/stage2/smoke_train_fpn_0_only_native/checkpoint.pt,permutation_invariant_binary_partition,architexture_binary_v1,0.5341923400930554,0.1581361339158041
fpn_0_only,test,75,28,"cluster_0->texture_a,cluster_1->texture_b",0.5389723121951405,0.18189897745294298,0.15217926063854156,0.18189897745294298,"[""fpn_0""]",fpn_0,"[""fpn_2"", ""fpn_1"", ""fpn_0""]","{""fpn_0"": [256, 288, 288], ""fpn_1"": [256, 144, 144], ""fpn_2"": [256, 72, 72]}","{""fpn_0"": [256, 288, 288]}",288,288,64,32,False,[0.0],"{""fpn_0"": 1.0}",fpn_0=1.000,deterministic_kmeans,cosine,2,outputs/rwtd_sam3_auto/coarse_vs_fine_sam_scales/stage2/smoke_train_fpn_0_only_native/checkpoint.pt,permutation_invariant_binary_partition,architexture_binary_v1,0.5389723121951405,0.18189897745294298
fpn_0_only,test,76,280,"cluster_1->texture_a,cluster_0->texture_b",0.14254771720159726,0.2359662449625314,0.5733905458241173,0.2359662449625314,"[""fpn_0""]",fpn_0,"[""fpn_2"", ""fpn_1"", ""fpn_0""]","{""fpn_0"": [256, 288, 288], ""fpn_1"": [256, 144, 144], ""fpn_2"": [256, 72, 72]}","{""fpn_0"": [256, 288, 288]}",288,288,64,32,False,[0.0],"{""fpn_0"": 1.0}",fpn_0=1.000,deterministic_kmeans,cosine,2,outputs/rwtd_sam3_auto/coarse_vs_fine_sam_scales/stage2/smoke_train_fpn_0_only_native/checkpoint.pt,permutation_invariant_binary_partition,architexture_binary_v1,0.5733905458241173,0.2359662449625314
fpn_0_only,test,77,281,"cluster_0->texture_a,cluster_1->texture_b",0.3224698697935745,-0.0009047000340952461,0.3210061249528754,-0.0009047000340952461,"[""fpn_0""]",fpn_0,"[""fpn_2"", ""fpn_1"", ""fpn_0""]","{""fpn_0"": [256, 288, 288], ""fpn_1"": [256, 144, 144], ""fpn_2"": [256, 72, 72]}","{""fpn_0"": [256, 288, 288]}",288,288,64,32,False,[0.0],"{""fpn_0"": 1.0}",fpn_0=1.000,deterministic_kmeans,cosine,2,outputs/rwtd_sam3_auto/coarse_vs_fine_sam_scales/stage2/smoke_train_fpn_0_only_native/checkpoint.pt,permutation_invariant_binary_partition,architexture_binary_v1,0.3224698697935745,-0.0009047000340952461
fpn_0_only,test,78,282,"cluster_0->texture_a,cluster_1->texture_b",0.6966831656083279,0.4141663441087832,0.09306417735924825,0.4141663441087832,"[""fpn_0""]",fpn_0,"[""fpn_2"", ""fpn_1"", ""fpn_0""]","{""fpn_0"": [256, 288, 288], ""fpn_1"": [256, 144, 144], ""fpn_2"": [256, 72, 72]}","{""fpn_0"": [256, 288, 288]}",288,288,64,32,False,[0.0],"{""fpn_0"": 1.0}",fpn_0=1.000,deterministic_kmeans,cosine,2,outputs/rwtd_sam3_auto/coarse_vs_fine_sam_scales/stage2/smoke_train_fpn_0_only_native/checkpoint.pt,permutation_invariant_binary_partition,architexture_binary_v1,0.6966831656083279,0.4141663441087832
fpn_0_only,test,79,288,"cluster_0->texture_a,cluster_1->texture_b",0.39452782003048614,2.8140594053401412e-05,0.22532973384134036,2.8140594053401412e-05,"[""fpn_0""]",fpn_0,"[""fpn_2"", ""fpn_1"", ""fpn_0""]","{""fpn_0"": [256, 288, 288], ""fpn_1"": [256, 144, 144], ""fpn_2"": [256, 72, 72]}","{""fpn_0"": [256, 288, 288]}",288,288,64,32,False,[0.0],"{""fpn_0"": 1.0}",fpn_0=1.000,deterministic_kmeans,cosine,2,outputs/rwtd_sam3_auto/coarse_vs_fine_sam_scales/stage2/smoke_train_fpn_0_only_native/checkpoint.pt,permutation_invariant_binary_partition,architexture_binary_v1,0.39452782003048614,2.8140594053401412e-05
fpn_0_only,test,80,293,"cluster_0->texture_a,cluster_1->texture_b",0.31911613636219627,-0.009033335614401094,0.2649193526521641,-0.009033335614401094,"[""fpn_0""]",fpn_0,"[""fpn_2"", ""fpn_1"", ""fpn_0""]","{""fpn_0"": [256, 288, 288], ""fpn_1"": [256, 144, 144], ""fpn_2"": [256, 72, 72]}","{""fpn_0"": [256, 288, 288]}",288,288,64,32,False,[0.0],"{""fpn_0"": 1.0}",fpn_0=1.000,deterministic_kmeans,cosine,2,outputs/rwtd_sam3_auto/coarse_vs_fine_sam_scales/stage2/smoke_train_fpn_0_only_native/checkpoint.pt,permutation_invariant_binary_partition,architexture_binary_v1,0.31911613636219627,-0.009033335614401094
fpn_0_only,test,81,294,"cluster_0->texture_a,cluster_1->texture_b",0.7631571601686336,0.5548981434034871,0.06474775664627015,0.5548981434034871,"[""fpn_0""]",fpn_0,"[""fpn_2"", ""fpn_1"", ""fpn_0""]","{""fpn_0"": [256, 288, 288], ""fpn_1"": [256, 144, 144], ""fpn_2"": [256, 72, 72]}","{""fpn_0"": [256, 288, 288]}",288,288,64,32,False,[0.0],"{""fpn_0"": 1.0}",fpn_0=1.000,deterministic_kmeans,cosine,2,outputs/rwtd_sam3_auto/coarse_vs_fine_sam_scales/stage2/smoke_train_fpn_0_only_native/checkpoint.pt,permutation_invariant_binary_partition,architexture_binary_v1,0.7631571601686336,0.5548981434034871
fpn_0_only,test,82,299,"cluster_0->texture_a,cluster_1->texture_b",0.558072966264809,0.19534668255505244,0.16053542264203685,0.19534668255505244,"[""fpn_0""]",fpn_0,"[""fpn_2"", ""fpn_1"", ""fpn_0""]","{""fpn_0"": [256, 288, 288], ""fpn_1"": [256, 144, 144], ""fpn_2"": [256, 72, 72]}","{""fpn_0"": [256, 288, 288]}",288,288,64,32,False,[0.0],"{""fpn_0"": 1.0}",fpn_0=1.000,deterministic_kmeans,cosine,2,outputs/rwtd_sam3_auto/coarse_vs_fine_sam_scales/stage2/smoke_train_fpn_0_only_native/checkpoint.pt,permutation_invariant_binary_partition,architexture_binary_v1,0.558072966264809,0.19534668255505244
fpn_0_only,test,83,3,"cluster_0->texture_a,cluster_1->texture_b",0.3010917003728596,-0.07595152493949633,0.2729326158558528,-0.07595152493949633,"[""fpn_0""]",fpn_0,"[""fpn_2"", ""fpn_1"", ""fpn_0""]","{""fpn_0"": [256, 288, 288], ""fpn_1"": [256, 144, 144], ""fpn_2"": [256, 72, 72]}","{""fpn_0"": [256, 288, 288]}",288,288,64,32,False,[0.0],"{""fpn_0"": 1.0}",fpn_0=1.000,deterministic_kmeans,cosine,2,outputs/rwtd_sam3_auto/coarse_vs_fine_sam_scales/stage2/smoke_train_fpn_0_only_native/checkpoint.pt,permutation_invariant_binary_partition,architexture_binary_v1,0.3010917003728596,-0.07595152493949633
fpn_0_only,test,84,30,"cluster_1->texture_a,cluster_0->texture_b",0.15779945735886908,0.17097934756284966,0.5421913847774442,0.17097934756284966,"[""fpn_0""]",fpn_0,"[""fpn_2"", ""fpn_1"", ""fpn_0""]","{""fpn_0"": [256, 288, 288], ""fpn_1"": [256, 144, 144], ""fpn_2"": [256, 72, 72]}","{""fpn_0"": [256, 288, 288]}",288,288,64,32,False,[0.0],"{""fpn_0"": 1.0}",fpn_0=1.000,deterministic_kmeans,cosine,2,outputs/rwtd_sam3_auto/coarse_vs_fine_sam_scales/stage2/smoke_train_fpn_0_only_native/checkpoint.pt,permutation_invariant_binary_partition,architexture_binary_v1,0.5421913847774442,0.17097934756284966
fpn_0_only,test,85,300,"cluster_0->texture_a,cluster_1->texture_b",0.6287563668581821,0.2964815198466217,0.1223568897515935,0.2964815198466217,"[""fpn_0""]",fpn_0,"[""fpn_2"", ""fpn_1"", ""fpn_0""]","{""fpn_0"": [256, 288, 288], ""fpn_1"": [256, 144, 144], ""fpn_2"": [256, 72, 72]}","{""fpn_0"": [256, 288, 288]}",288,288,64,32,False,[0.0],"{""fpn_0"": 1.0}",fpn_0=1.000,deterministic_kmeans,cosine,2,outputs/rwtd_sam3_auto/coarse_vs_fine_sam_scales/stage2/smoke_train_fpn_0_only_native/checkpoint.pt,permutation_invariant_binary_partition,architexture_binary_v1,0.6287563668581821,0.2964815198466217
fpn_0_only,test,86,302,"cluster_1->texture_a,cluster_0->texture_b",0.06062701545550206,0.5927794737644575,0.7929245110065655,0.5927794737644575,"[""fpn_0""]",fpn_0,"[""fpn_2"", ""fpn_1"", ""fpn_0""]","{""fpn_0"": [256, 288, 288], ""fpn_1"": [256, 144, 144], ""fpn_2"": [256, 72, 72]}","{""fpn_0"": [256, 288, 288]}",288,288,64,32,False,[0.0],"{""fpn_0"": 1.0}",fpn_0=1.000,deterministic_kmeans,cosine,2,outputs/rwtd_sam3_auto/coarse_vs_fine_sam_scales/stage2/smoke_train_fpn_0_only_native/checkpoint.pt,permutation_invariant_binary_partition,architexture_binary_v1,0.7929245110065655,0.5927794737644575
fpn_0_only,test,87,303,"cluster_0->texture_a,cluster_1->texture_b",0.8151657212298827,0.6508815803087136,0.04994922848527417,0.6508815803087136,"[""fpn_0""]",fpn_0,"[""fpn_2"", ""fpn_1"", ""fpn_0""]","{""fpn_0"": [256, 288, 288], ""fpn_1"": [256, 144, 144], ""fpn_2"": [256, 72, 72]}","{""fpn_0"": [256, 288, 288]}",288,288,64,32,False,[0.0],"{""fpn_0"": 1.0}",fpn_0=1.000,deterministic_kmeans,cosine,2,outputs/rwtd_sam3_auto/coarse_vs_fine_sam_scales/stage2/smoke_train_fpn_0_only_native/checkpoint.pt,permutation_invariant_binary_partition,architexture_binary_v1,0.8151657212298827,0.6508815803087136
fpn_0_only,test,88,304,"cluster_0->texture_a,cluster_1->texture_b",0.493169127417391,0.10244474293984016,0.17259191943276678,0.10244474293984016,"[""fpn_0""]",fpn_0,"[""fpn_2"", ""fpn_1"", ""fpn_0""]","{""fpn_0"": [256, 288, 288], ""fpn_1"": [256, 144, 144], ""fpn_2"": [256, 72, 72]}","{""fpn_0"": [256, 288, 288]}",288,288,64,32,False,[0.0],"{""fpn_0"": 1.0}",fpn_0=1.000,deterministic_kmeans,cosine,2,outputs/rwtd_sam3_auto/coarse_vs_fine_sam_scales/stage2/smoke_train_fpn_0_only_native/checkpoint.pt,permutation_invariant_binary_partition,architexture_binary_v1,0.493169127417391,0.10244474293984016
fpn_0_only,test,89,308,"cluster_1->texture_a,cluster_0->texture_b",0.08782386180651255,0.4094933912822377,0.6531130415001711,0.4094933912822377,"[""fpn_0""]",fpn_0,"[""fpn_2"", ""fpn_1"", ""fpn_0""]","{""fpn_0"": [256, 288, 288], ""fpn_1"": [256, 144, 144], ""fpn_2"": [256, 72, 72]}","{""fpn_0"": [256, 288, 288]}",288,288,64,32,False,[0.0],"{""fpn_0"": 1.0}",fpn_0=1.000,deterministic_kmeans,cosine,2,outputs/rwtd_sam3_auto/coarse_vs_fine_sam_scales/stage2/smoke_train_fpn_0_only_native/checkpoint.pt,permutation_invariant_binary_partition,architexture_binary_v1,0.6531130415001711,0.4094933912822377
fpn_0_only,test,90,310,"cluster_0->texture_a,cluster_1->texture_b",0.8055405452576496,0.7277342039311828,0.02270838987335441,0.7277342039311828,"[""fpn_0""]",fpn_0,"[""fpn_2"", ""fpn_1"", ""fpn_0""]","{""fpn_0"": [256, 288, 288], ""fpn_1"": [256, 144, 144], ""fpn_2"": [256, 72, 72]}","{""fpn_0"": [256, 288, 288]}",288,288,64,32,False,[0.0],"{""fpn_0"": 1.0}",fpn_0=1.000,deterministic_kmeans,cosine,2,outputs/rwtd_sam3_auto/coarse_vs_fine_sam_scales/stage2/smoke_train_fpn_0_only_native/checkpoint.pt,permutation_invariant_binary_partition,architexture_binary_v1,0.8055405452576496,0.7277342039311828
fpn_0_only,test,91,311,"cluster_1->texture_a,cluster_0->texture_b",0.08812219678439895,0.3247039034868398,0.5767810499001258,0.3247039034868398,"[""fpn_0""]",fpn_0,"[""fpn_2"", ""fpn_1"", ""fpn_0""]","{""fpn_0"": [256, 288, 288], ""fpn_1"": [256, 144, 144], ""fpn_2"": [256, 72, 72]}","{""fpn_0"": [256, 288, 288]}",288,288,64,32,False,[0.0],"{""fpn_0"": 1.0}",fpn_0=1.000,deterministic_kmeans,cosine,2,outputs/rwtd_sam3_auto/coarse_vs_fine_sam_scales/stage2/smoke_train_fpn_0_only_native/checkpoint.pt,permutation_invariant_binary_partition,architexture_binary_v1,0.5767810499001258,0.3247039034868398
fpn_0_only,test,92,315,"cluster_1->texture_a,cluster_0->texture_b",0.1891427788461407,0.05812522660018082,0.387163105758779,0.05812522660018082,"[""fpn_0""]",fpn_0,"[""fpn_2"", ""fpn_1"", ""fpn_0""]","{""fpn_0"": [256, 288, 288], ""fpn_1"": [256, 144, 144], ""fpn_2"": [256, 72, 72]}","{""fpn_0"": [256, 288, 288]}",288,288,64,32,False,[0.0],"{""fpn_0"": 1.0}",fpn_0=1.000,deterministic_kmeans,cosine,2,outputs/rwtd_sam3_auto/coarse_vs_fine_sam_scales/stage2/smoke_train_fpn_0_only_native/checkpoint.pt,permutation_invariant_binary_partition,architexture_binary_v1,0.387163105758779,0.05812522660018082
fpn_0_only,test,93,318,"cluster_1->texture_a,cluster_0->texture_b",0.1008112101659575,0.357894758848958,0.6348816113881037,0.357894758848958,"[""fpn_0""]",fpn_0,"[""fpn_2"", ""fpn_1"", ""fpn_0""]","{""fpn_0"": [256, 288, 288], ""fpn_1"": [256, 144, 144], ""fpn_2"": [256, 72, 72]}","{""fpn_0"": [256, 288, 288]}",288,288,64,32,False,[0.0],"{""fpn_0"": 1.0}",fpn_0=1.000,deterministic_kmeans,cosine,2,outputs/rwtd_sam3_auto/coarse_vs_fine_sam_scales/stage2/smoke_train_fpn_0_only_native/checkpoint.pt,permutation_invariant_binary_partition,architexture_binary_v1,0.6348816113881037,0.357894758848958
fpn_0_only,test,94,319,"cluster_0->texture_a,cluster_1->texture_b",0.5569088813162708,0.18920187728807444,0.1494462828459643,0.18920187728807444,"[""fpn_0""]",fpn_0,"[""fpn_2"", ""fpn_1"", ""fpn_0""]","{""fpn_0"": [256, 288, 288], ""fpn_1"": [256, 144, 144], ""fpn_2"": [256, 72, 72]}","{""fpn_0"": [256, 288, 288]}",288,288,64,32,False,[0.0],"{""fpn_0"": 1.0}",fpn_0=1.000,deterministic_kmeans,cosine,2,outputs/rwtd_sam3_auto/coarse_vs_fine_sam_scales/stage2/smoke_train_fpn_0_only_native/checkpoint.pt,permutation_invariant_binary_partition,architexture_binary_v1,0.5569088813162708,0.18920187728807444
fpn_0_only,test,95,322,"cluster_0->texture_a,cluster_1->texture_b",0.9420454909446624,0.8876752534484057,0.014606994656771063,0.8876752534484057,"[""fpn_0""]",fpn_0,"[""fpn_2"", ""fpn_1"", ""fpn_0""]","{""fpn_0"": [256, 288, 288], ""fpn_1"": [256, 144, 144], ""fpn_2"": [256, 72, 72]}","{""fpn_0"": [256, 288, 288]}",288,288,64,32,False,[0.0],"{""fpn_0"": 1.0}",fpn_0=1.000,deterministic_kmeans,cosine,2,outputs/rwtd_sam3_auto/coarse_vs_fine_sam_scales/stage2/smoke_train_fpn_0_only_native/checkpoint.pt,permutation_invariant_binary_partition,architexture_binary_v1,0.9420454909446624,0.8876752534484057
fpn_0_only,test,96,323,"cluster_0->texture_a,cluster_1->texture_b",0.4959449575968813,0.11498596068010099,0.1847333888249297,0.11498596068010099,"[""fpn_0""]",fpn_0,"[""fpn_2"", ""fpn_1"", ""fpn_0""]","{""fpn_0"": [256, 288, 288], ""fpn_1"": [256, 144, 144], ""fpn_2"": [256, 72, 72]}","{""fpn_0"": [256, 288, 288]}",288,288,64,32,False,[0.0],"{""fpn_0"": 1.0}",fpn_0=1.000,deterministic_kmeans,cosine,2,outputs/rwtd_sam3_auto/coarse_vs_fine_sam_scales/stage2/smoke_train_fpn_0_only_native/checkpoint.pt,permutation_invariant_binary_partition,architexture_binary_v1,0.4959449575968813,0.11498596068010099
fpn_0_only,test,97,324,"cluster_1->texture_a,cluster_0->texture_b",0.1721877122060013,0.12451582425225081,0.5005098986663067,0.12451582425225081,"[""fpn_0""]",fpn_0,"[""fpn_2"", ""fpn_1"", ""fpn_0""]","{""fpn_0"": [256, 288, 288], ""fpn_1"": [256, 144, 144], ""fpn_2"": [256, 72, 72]}","{""fpn_0"": [256, 288, 288]}",288,288,64,32,False,[0.0],"{""fpn_0"": 1.0}",fpn_0=1.000,deterministic_kmeans,cosine,2,outputs/rwtd_sam3_auto/coarse_vs_fine_sam_scales/stage2/smoke_train_fpn_0_only_native/checkpoint.pt,permutation_invariant_binary_partition,architexture_binary_v1,0.5005098986663067,0.12451582425225081
fpn_0_only,test,98,325,"cluster_1->texture_a,cluster_0->texture_b",0.030738402086397776,0.7756282643372573,0.8866583839510054,0.7756282643372573,"[""fpn_0""]",fpn_0,"[""fpn_2"", ""fpn_1"", ""fpn_0""]","{""fpn_0"": [256, 288, 288], ""fpn_1"": [256, 144, 144], ""fpn_2"": [256, 72, 72]}","{""fpn_0"": [256, 288, 288]}",288,288,64,32,False,[0.0],"{""fpn_0"": 1.0}",fpn_0=1.000,deterministic_kmeans,cosine,2,outputs/rwtd_sam3_auto/coarse_vs_fine_sam_scales/stage2/smoke_train_fpn_0_only_native/checkpoint.pt,permutation_invariant_binary_partition,architexture_binary_v1,0.8866583839510054,0.7756282643372573
fpn_0_only,test,99,327,"cluster_1->texture_a,cluster_0->texture_b",0.04077147141127506,0.7064099297868118,0.8518466896865164,0.7064099297868118,"[""fpn_0""]",fpn_0,"[""fpn_2"", ""fpn_1"", ""fpn_0""]","{""fpn_0"": [256, 288, 288], ""fpn_1"": [256, 144, 144], ""fpn_2"": [256, 72, 72]}","{""fpn_0"": [256, 288, 288]}",288,288,64,32,False,[0.0],"{""fpn_0"": 1.0}",fpn_0=1.000,deterministic_kmeans,cosine,2,outputs/rwtd_sam3_auto/coarse_vs_fine_sam_scales/stage2/smoke_train_fpn_0_only_native/checkpoint.pt,permutation_invariant_binary_partition,architexture_binary_v1,0.8518466896865164,0.7064099297868118
fpn_0_only,test,100,328,"cluster_0->texture_a,cluster_1->texture_b",0.9196039261848175,0.8490233593053368,0.019850157441668407,0.8490233593053368,"[""fpn_0""]",fpn_0,"[""fpn_2"", ""fpn_1"", ""fpn_0""]","{""fpn_0"": [256, 288, 288], ""fpn_1"": [256, 144, 144], ""fpn_2"": [256, 72, 72]}","{""fpn_0"": [256, 288, 288]}",288,288,64,32,False,[0.0],"{""fpn_0"": 1.0}",fpn_0=1.000,deterministic_kmeans,cosine,2,outputs/rwtd_sam3_auto/coarse_vs_fine_sam_scales/stage2/smoke_train_fpn_0_only_native/checkpoint.pt,permutation_invariant_binary_partition,architexture_binary_v1,0.9196039261848175,0.8490233593053368
fpn_0_only,test,101,329,"cluster_1->texture_a,cluster_0->texture_b",0.04137787814450153,0.7073839054613245,0.8525238668568107,0.7073839054613245,"[""fpn_0""]",fpn_0,"[""fpn_2"", ""fpn_1"", ""fpn_0""]","{""fpn_0"": [256, 288, 288], ""fpn_1"": [256, 144, 144], ""fpn_2"": [256, 72, 72]}","{""fpn_0"": [256, 288, 288]}",288,288,64,32,False,[0.0],"{""fpn_0"": 1.0}",fpn_0=1.000,deterministic_kmeans,cosine,2,outputs/rwtd_sam3_auto/coarse_vs_fine_sam_scales/stage2/smoke_train_fpn_0_only_native/checkpoint.pt,permutation_invariant_binary_partition,architexture_binary_v1,0.8525238668568107,0.7073839054613245
fpn_0_only,test,102,33,"cluster_0->texture_a,cluster_1->texture_b",0.3078198315000792,-0.060904644502283785,0.2552073137724416,-0.060904644502283785,"[""fpn_0""]",fpn_0,"[""fpn_2"", ""fpn_1"", ""fpn_0""]","{""fpn_0"": [256, 288, 288], ""fpn_1"": [256, 144, 144], ""fpn_2"": [256, 72, 72]}","{""fpn_0"": [256, 288, 288]}",288,288,64,32,False,[0.0],"{""fpn_0"": 1.0}",fpn_0=1.000,deterministic_kmeans,cosine,2,outputs/rwtd_sam3_auto/coarse_vs_fine_sam_scales/stage2/smoke_train_fpn_0_only_native/checkpoint.pt,permutation_invariant_binary_partition,architexture_binary_v1,0.3078198315000792,-0.060904644502283785
fpn_0_only,test,103,330,"cluster_1->texture_a,cluster_0->texture_b",0.047147178694123375,0.663892470564873,0.816864413680171,0.663892470564873,"[""fpn_0""]",fpn_0,"[""fpn_2"", ""fpn_1"", ""fpn_0""]","{""fpn_0"": [256, 288, 288], ""fpn_1"": [256, 144, 144], ""fpn_2"": [256, 72, 72]}","{""fpn_0"": [256, 288, 288]}",288,288,64,32,False,[0.0],"{""fpn_0"": 1.0}",fpn_0=1.000,deterministic_kmeans,cosine,2,outputs/rwtd_sam3_auto/coarse_vs_fine_sam_scales/stage2/smoke_train_fpn_0_only_native/checkpoint.pt,permutation_invariant_binary_partition,architexture_binary_v1,0.816864413680171,0.663892470564873
fpn_0_only,test,104,331,"cluster_0->texture_a,cluster_1->texture_b",0.8951704308619752,0.8200112017700495,0.02328788726228497,0.8200112017700495,"[""fpn_0""]",fpn_0,"[""fpn_2"", ""fpn_1"", ""fpn_0""]","{""fpn_0"": [256, 288, 288], ""fpn_1"": [256, 144, 144], ""fpn_2"": [256, 72, 72]}","{""fpn_0"": [256, 288, 288]}",288,288,64,32,False,[0.0],"{""fpn_0"": 1.0}",fpn_0=1.000,deterministic_kmeans,cosine,2,outputs/rwtd_sam3_auto/coarse_vs_fine_sam_scales/stage2/smoke_train_fpn_0_only_native/checkpoint.pt,permutation_invariant_binary_partition,architexture_binary_v1,0.8951704308619752,0.8200112017700495
fpn_0_only,test,105,332,"cluster_0->texture_a,cluster_1->texture_b",0.9282813218082548,0.8663986154677952,0.017440946560716864,0.8663986154677952,"[""fpn_0""]",fpn_0,"[""fpn_2"", ""fpn_1"", ""fpn_0""]","{""fpn_0"": [256, 288, 288], ""fpn_1"": [256, 144, 144], ""fpn_2"": [256, 72, 72]}","{""fpn_0"": [256, 288, 288]}",288,288,64,32,False,[0.0],"{""fpn_0"": 1.0}",fpn_0=1.000,deterministic_kmeans,cosine,2,outputs/rwtd_sam3_auto/coarse_vs_fine_sam_scales/stage2/smoke_train_fpn_0_only_native/checkpoint.pt,permutation_invariant_binary_partition,architexture_binary_v1,0.9282813218082548,0.8663986154677952
fpn_0_only,test,106,334,"cluster_0->texture_a,cluster_1->texture_b",0.7737130557916666,0.5920683664847921,0.059060203624192786,0.5920683664847921,"[""fpn_0""]",fpn_0,"[""fpn_2"", ""fpn_1"", ""fpn_0""]","{""fpn_0"": [256, 288, 288], ""fpn_1"": [256, 144, 144], ""fpn_2"": [256, 72, 72]}","{""fpn_0"": [256, 288, 288]}",288,288,64,32,False,[0.0],"{""fpn_0"": 1.0}",fpn_0=1.000,deterministic_kmeans,cosine,2,outputs/rwtd_sam3_auto/coarse_vs_fine_sam_scales/stage2/smoke_train_fpn_0_only_native/checkpoint.pt,permutation_invariant_binary_partition,architexture_binary_v1,0.7737130557916666,0.5920683664847921
fpn_0_only,test,107,337,"cluster_0->texture_a,cluster_1->texture_b",0.9219241603735723,0.8817543924368653,0.01338692050501627,0.8817543924368653,"[""fpn_0""]",fpn_0,"[""fpn_2"", ""fpn_1"", ""fpn_0""]","{""fpn_0"": [256, 288, 288], ""fpn_1"": [256, 144, 144], ""fpn_2"": [256, 72, 72]}","{""fpn_0"": [256, 288, 288]}",288,288,64,32,False,[0.0],"{""fpn_0"": 1.0}",fpn_0=1.000,deterministic_kmeans,cosine,2,outputs/rwtd_sam3_auto/coarse_vs_fine_sam_scales/stage2/smoke_train_fpn_0_only_native/checkpoint.pt,permutation_invariant_binary_partition,architexture_binary_v1,0.9219241603735723,0.8817543924368653
fpn_0_only,test,108,34,"cluster_1->texture_a,cluster_0->texture_b",0.29227247682849733,-0.015603407182324138,0.3321310899100287,-0.015603407182324138,"[""fpn_0""]",fpn_0,"[""fpn_2"", ""fpn_1"", ""fpn_0""]","{""fpn_0"": [256, 288, 288], ""fpn_1"": [256, 144, 144], ""fpn_2"": [256, 72, 72]}","{""fpn_0"": [256, 288, 288]}",288,288,64,32,False,[0.0],"{""fpn_0"": 1.0}",fpn_0=1.000,deterministic_kmeans,cosine,2,outputs/rwtd_sam3_auto/coarse_vs_fine_sam_scales/stage2/smoke_train_fpn_0_only_native/checkpoint.pt,permutation_invariant_binary_partition,architexture_binary_v1,0.3321310899100287,-0.015603407182324138
fpn_0_only,test,109,342,"cluster_0->texture_a,cluster_1->texture_b",0.6783644292851643,0.3803734670729902,0.10195105415712613,0.3803734670729902,"[""fpn_0""]",fpn_0,"[""fpn_2"", ""fpn_1"", ""fpn_0""]","{""fpn_0"": [256, 288, 288], ""fpn_1"": [256, 144, 144], ""fpn_2"": [256, 72, 72]}","{""fpn_0"": [256, 288, 288]}",288,288,64,32,False,[0.0],"{""fpn_0"": 1.0}",fpn_0=1.000,deterministic_kmeans,cosine,2,outputs/rwtd_sam3_auto/coarse_vs_fine_sam_scales/stage2/smoke_train_fpn_0_only_native/checkpoint.pt,permutation_invariant_binary_partition,architexture_binary_v1,0.6783644292851643,0.3803734670729902
fpn_0_only,test,110,343,"cluster_1->texture_a,cluster_0->texture_b",0.10371701168305521,0.34776598924798163,0.632922112190275,0.34776598924798163,"[""fpn_0""]",fpn_0,"[""fpn_2"", ""fpn_1"", ""fpn_0""]","{""fpn_0"": [256, 288, 288], ""fpn_1"": [256, 144, 144], ""fpn_2"": [256, 72, 72]}","{""fpn_0"": [256, 288, 288]}",288,288,64,32,False,[0.0],"{""fpn_0"": 1.0}",fpn_0=1.000,deterministic_kmeans,cosine,2,outputs/rwtd_sam3_auto/coarse_vs_fine_sam_scales/stage2/smoke_train_fpn_0_only_native/checkpoint.pt,permutation_invariant_binary_partition,architexture_binary_v1,0.632922112190275,0.34776598924798163
fpn_0_only,test,111,344,"cluster_1->texture_a,cluster_0->texture_b",0.1537957619317063,0.15946478140559966,0.5298817769275778,0.15946478140559966,"[""fpn_0""]",fpn_0,"[""fpn_2"", ""fpn_1"", ""fpn_0""]","{""fpn_0"": [256, 288, 288], ""fpn_1"": [256, 144, 144], ""fpn_2"": [256, 72, 72]}","{""fpn_0"": [256, 288, 288]}",288,288,64,32,False,[0.0],"{""fpn_0"": 1.0}",fpn_0=1.000,deterministic_kmeans,cosine,2,outputs/rwtd_sam3_auto/coarse_vs_fine_sam_scales/stage2/smoke_train_fpn_0_only_native/checkpoint.pt,permutation_invariant_binary_partition,architexture_binary_v1,0.5298817769275778,0.15946478140559966
fpn_0_only,test,112,345,"cluster_0->texture_a,cluster_1->texture_b",0.7887031218813917,0.610448612123777,0.05619164760915859,0.610448612123777,"[""fpn_0""]",fpn_0,"[""fpn_2"", ""fpn_1"", ""fpn_0""]","{""fpn_0"": [256, 288, 288], ""fpn_1"": [256, 144, 144], ""fpn_2"": [256, 72, 72]}","{""fpn_0"": [256, 288, 288]}",288,288,64,32,False,[0.0],"{""fpn_0"": 1.0}",fpn_0=1.000,deterministic_kmeans,cosine,2,outputs/rwtd_sam3_auto/coarse_vs_fine_sam_scales/stage2/smoke_train_fpn_0_only_native/checkpoint.pt,permutation_invariant_binary_partition,architexture_binary_v1,0.7887031218813917,0.610448612123777
fpn_0_only,test,113,346,"cluster_1->texture_a,cluster_0->texture_b",0.21658644350944178,0.018307654851996813,0.4207395895353747,0.018307654851996813,"[""fpn_0""]",fpn_0,"[""fpn_2"", ""fpn_1"", ""fpn_0""]","{""fpn_0"": [256, 288, 288], ""fpn_1"": [256, 144, 144], ""fpn_2"": [256, 72, 72]}","{""fpn_0"": [256, 288, 288]}",288,288,64,32,False,[0.0],"{""fpn_0"": 1.0}",fpn_0=1.000,deterministic_kmeans,cosine,2,outputs/rwtd_sam3_auto/coarse_vs_fine_sam_scales/stage2/smoke_train_fpn_0_only_native/checkpoint.pt,permutation_invariant_binary_partition,architexture_binary_v1,0.4207395895353747,0.018307654851996813
fpn_0_only,test,114,347,"cluster_0->texture_a,cluster_1->texture_b",0.601124440746353,0.2516050166499447,0.12578802492917762,0.2516050166499447,"[""fpn_0""]",fpn_0,"[""fpn_2"", ""fpn_1"", ""fpn_0""]","{""fpn_0"": [256, 288, 288], ""fpn_1"": [256, 144, 144], ""fpn_2"": [256, 72, 72]}","{""fpn_0"": [256, 288, 288]}",288,288,64,32,False,[0.0],"{""fpn_0"": 1.0}",fpn_0=1.000,deterministic_kmeans,cosine,2,outputs/rwtd_sam3_auto/coarse_vs_fine_sam_scales/stage2/smoke_train_fpn_0_only_native/checkpoint.pt,permutation_invariant_binary_partition,architexture_binary_v1,0.601124440746353,0.2516050166499447
fpn_0_only,test,115,349,"cluster_1->texture_a,cluster_0->texture_b",0.041205225934112924,0.701384217288128,0.832861085519137,0.701384217288128,"[""fpn_0""]",fpn_0,"[""fpn_2"", ""fpn_1"", ""fpn_0""]","{""fpn_0"": [256, 288, 288], ""fpn_1"": [256, 144, 144], ""fpn_2"": [256, 72, 72]}","{""fpn_0"": [256, 288, 288]}",288,288,64,32,False,[0.0],"{""fpn_0"": 1.0}",fpn_0=1.000,deterministic_kmeans,cosine,2,outputs/rwtd_sam3_auto/coarse_vs_fine_sam_scales/stage2/smoke_train_fpn_0_only_native/checkpoint.pt,permutation_invariant_binary_partition,architexture_binary_v1,0.832861085519137,0.701384217288128
fpn_0_only,test,116,350,"cluster_0->texture_a,cluster_1->texture_b",0.5175275543172069,0.176421410364984,0.1608495528283724,0.176421410364984,"[""fpn_0""]",fpn_0,"[""fpn_2"", ""fpn_1"", ""fpn_0""]","{""fpn_0"": [256, 288, 288], ""fpn_1"": [256, 144, 144], ""fpn_2"": [256, 72, 72]}","{""fpn_0"": [256, 288, 288]}",288,288,64,32,False,[0.0],"{""fpn_0"": 1.0}",fpn_0=1.000,deterministic_kmeans,cosine,2,outputs/rwtd_sam3_auto/coarse_vs_fine_sam_scales/stage2/smoke_train_fpn_0_only_native/checkpoint.pt,permutation_invariant_binary_partition,architexture_binary_v1,0.5175275543172069,0.176421410364984
fpn_0_only,test,117,351,"cluster_1->texture_a,cluster_0->texture_b",0.045601989072640806,0.6775214249569486,0.8373000425764856,0.6775214249569486,"[""fpn_0""]",fpn_0,"[""fpn_2"", ""fpn_1"", ""fpn_0""]","{""fpn_0"": [256, 288, 288], ""fpn_1"": [256, 144, 144], ""fpn_2"": [256, 72, 72]}","{""fpn_0"": [256, 288, 288]}",288,288,64,32,False,[0.0],"{""fpn_0"": 1.0}",fpn_0=1.000,deterministic_kmeans,cosine,2,outputs/rwtd_sam3_auto/coarse_vs_fine_sam_scales/stage2/smoke_train_fpn_0_only_native/checkpoint.pt,permutation_invariant_binary_partition,architexture_binary_v1,0.8373000425764856,0.6775214249569486
fpn_0_only,test,118,352,"cluster_0->texture_a,cluster_1->texture_b",0.9081391125948755,0.8504588652256737,0.018324485952646803,0.8504588652256737,"[""fpn_0""]",fpn_0,"[""fpn_2"", ""fpn_1"", ""fpn_0""]","{""fpn_0"": [256, 288, 288], ""fpn_1"": [256, 144, 144], ""fpn_2"": [256, 72, 72]}","{""fpn_0"": [256, 288, 288]}",288,288,64,32,False,[0.0],"{""fpn_0"": 1.0}",fpn_0=1.000,deterministic_kmeans,cosine,2,outputs/rwtd_sam3_auto/coarse_vs_fine_sam_scales/stage2/smoke_train_fpn_0_only_native/checkpoint.pt,permutation_invariant_binary_partition,architexture_binary_v1,0.9081391125948755,0.8504588652256737
fpn_0_only,test,119,357,"cluster_0->texture_a,cluster_1->texture_b",0.49350719909601587,0.13216461525621778,0.18288113607287126,0.13216461525621778,"[""fpn_0""]",fpn_0,"[""fpn_2"", ""fpn_1"", ""fpn_0""]","{""fpn_0"": [256, 288, 288], ""fpn_1"": [256, 144, 144], ""fpn_2"": [256, 72, 72]}","{""fpn_0"": [256, 288, 288]}",288,288,64,32,False,[0.0],"{""fpn_0"": 1.0}",fpn_0=1.000,deterministic_kmeans,cosine,2,outputs/rwtd_sam3_auto/coarse_vs_fine_sam_scales/stage2/smoke_train_fpn_0_only_native/checkpoint.pt,permutation_invariant_binary_partition,architexture_binary_v1,0.49350719909601587,0.13216461525621778
fpn_0_only,test,120,358,"cluster_0->texture_a,cluster_1->texture_b",0.504522303777714,0.19504110656432,0.1247721069642284,0.19504110656432,"[""fpn_0""]",fpn_0,"[""fpn_2"", ""fpn_1"", ""fpn_0""]","{""fpn_0"": [256, 288, 288], ""fpn_1"": [256, 144, 144], ""fpn_2"": [256, 72, 72]}","{""fpn_0"": [256, 288, 288]}",288,288,64,32,False,[0.0],"{""fpn_0"": 1.0}",fpn_0=1.000,deterministic_kmeans,cosine,2,outputs/rwtd_sam3_auto/coarse_vs_fine_sam_scales/stage2/smoke_train_fpn_0_only_native/checkpoint.pt,permutation_invariant_binary_partition,architexture_binary_v1,0.504522303777714,0.19504110656432
fpn_0_only,test,121,359,"cluster_0->texture_a,cluster_1->texture_b",0.8071777525849256,0.6309929617287049,0.05336015227420013,0.6309929617287049,"[""fpn_0""]",fpn_0,"[""fpn_2"", ""fpn_1"", ""fpn_0""]","{""fpn_0"": [256, 288, 288], ""fpn_1"": [256, 144, 144], ""fpn_2"": [256, 72, 72]}","{""fpn_0"": [256, 288, 288]}",288,288,64,32,False,[0.0],"{""fpn_0"": 1.0}",fpn_0=1.000,deterministic_kmeans,cosine,2,outputs/rwtd_sam3_auto/coarse_vs_fine_sam_scales/stage2/smoke_train_fpn_0_only_native/checkpoint.pt,permutation_invariant_binary_partition,architexture_binary_v1,0.8071777525849256,0.6309929617287049
fpn_0_only,test,122,36,"cluster_0->texture_a,cluster_1->texture_b",0.8407313189143958,0.7435296981916201,0.031758747551293036,0.7435296981916201,"[""fpn_0""]",fpn_0,"[""fpn_2"", ""fpn_1"", ""fpn_0""]","{""fpn_0"": [256, 288, 288], ""fpn_1"": [256, 144, 144], ""fpn_2"": [256, 72, 72]}","{""fpn_0"": [256, 288, 288]}",288,288,64,32,False,[0.0],"{""fpn_0"": 1.0}",fpn_0=1.000,deterministic_kmeans,cosine,2,outputs/rwtd_sam3_auto/coarse_vs_fine_sam_scales/stage2/smoke_train_fpn_0_only_native/checkpoint.pt,permutation_invariant_binary_partition,architexture_binary_v1,0.8407313189143958,0.7435296981916201
fpn_0_only,test,123,362,"cluster_1->texture_a,cluster_0->texture_b",0.04966730051248036,0.6486943331091028,0.8221682478099446,0.6486943331091028,"[""fpn_0""]",fpn_0,"[""fpn_2"", ""fpn_1"", ""fpn_0""]","{""fpn_0"": [256, 288, 288], ""fpn_1"": [256, 144, 144], ""fpn_2"": [256, 72, 72]}","{""fpn_0"": [256, 288, 288]}",288,288,64,32,False,[0.0],"{""fpn_0"": 1.0}",fpn_0=1.000,deterministic_kmeans,cosine,2,outputs/rwtd_sam3_auto/coarse_vs_fine_sam_scales/stage2/smoke_train_fpn_0_only_native/checkpoint.pt,permutation_invariant_binary_partition,architexture_binary_v1,0.8221682478099446,0.6486943331091028
fpn_0_only,test,124,364,"cluster_1->texture_a,cluster_0->texture_b",0.030673859153392158,0.7706428295324831,0.8703446459102151,0.7706428295324831,"[""fpn_0""]",fpn_0,"[""fpn_2"", ""fpn_1"", ""fpn_0""]","{""fpn_0"": [256, 288, 288], ""fpn_1"": [256, 144, 144], ""fpn_2"": [256, 72, 72]}","{""fpn_0"": [256, 288, 288]}",288,288,64,32,False,[0.0],"{""fpn_0"": 1.0}",fpn_0=1.000,deterministic_kmeans,cosine,2,outputs/rwtd_sam3_auto/coarse_vs_fine_sam_scales/stage2/smoke_train_fpn_0_only_native/checkpoint.pt,permutation_invariant_binary_partition,architexture_binary_v1,0.8703446459102151,0.7706428295324831
fpn_0_only,test,125,365,"cluster_0->texture_a,cluster_1->texture_b",0.8464411045201945,0.7049541681383542,0.04167296745310991,0.7049541681383542,"[""fpn_0""]",fpn_0,"[""fpn_2"", ""fpn_1"", ""fpn_0""]","{""fpn_0"": [256, 288, 288], ""fpn_1"": [256, 144, 144], ""fpn_2"": [256, 72, 72]}","{""fpn_0"": [256, 288, 288]}",288,288,64,32,False,[0.0],"{""fpn_0"": 1.0}",fpn_0=1.000,deterministic_kmeans,cosine,2,outputs/rwtd_sam3_auto/coarse_vs_fine_sam_scales/stage2/smoke_train_fpn_0_only_native/checkpoint.pt,permutation_invariant_binary_partition,architexture_binary_v1,0.8464411045201945,0.7049541681383542
fpn_0_only,test,126,366,"cluster_0->texture_a,cluster_1->texture_b",0.7299193559985295,0.47373886107083857,0.0843515226381353,0.47373886107083857,"[""fpn_0""]",fpn_0,"[""fpn_2"", ""fpn_1"", ""fpn_0""]","{""fpn_0"": [256, 288, 288], ""fpn_1"": [256, 144, 144], ""fpn_2"": [256, 72, 72]}","{""fpn_0"": [256, 288, 288]}",288,288,64,32,False,[0.0],"{""fpn_0"": 1.0}",fpn_0=1.000,deterministic_kmeans,cosine,2,outputs/rwtd_sam3_auto/coarse_vs_fine_sam_scales/stage2/smoke_train_fpn_0_only_native/checkpoint.pt,permutation_invariant_binary_partition,architexture_binary_v1,0.7299193559985295,0.47373886107083857
fpn_0_only,test,127,371,"cluster_0->texture_a,cluster_1->texture_b",0.9074215817787336,0.8193570235740408,0.024045507846205932,0.8193570235740408,"[""fpn_0""]",fpn_0,"[""fpn_2"", ""fpn_1"", ""fpn_0""]","{""fpn_0"": [256, 288, 288], ""fpn_1"": [256, 144, 144], ""fpn_2"": [256, 72, 72]}","{""fpn_0"": [256, 288, 288]}",288,288,64,32,False,[0.0],"{""fpn_0"": 1.0}",fpn_0=1.000,deterministic_kmeans,cosine,2,outputs/rwtd_sam3_auto/coarse_vs_fine_sam_scales/stage2/smoke_train_fpn_0_only_native/checkpoint.pt,permutation_invariant_binary_partition,architexture_binary_v1,0.9074215817787336,0.8193570235740408
fpn_0_only,test,128,373,"cluster_0->texture_a,cluster_1->texture_b",0.7541937676535169,0.5771974197021602,0.05867089468126011,0.5771974197021602,"[""fpn_0""]",fpn_0,"[""fpn_2"", ""fpn_1"", ""fpn_0""]","{""fpn_0"": [256, 288, 288], ""fpn_1"": [256, 144, 144], ""fpn_2"": [256, 72, 72]}","{""fpn_0"": [256, 288, 288]}",288,288,64,32,False,[0.0],"{""fpn_0"": 1.0}",fpn_0=1.000,deterministic_kmeans,cosine,2,outputs/rwtd_sam3_auto/coarse_vs_fine_sam_scales/stage2/smoke_train_fpn_0_only_native/checkpoint.pt,permutation_invariant_binary_partition,architexture_binary_v1,0.7541937676535169,0.5771974197021602
fpn_0_only,test,129,374,"cluster_0->texture_a,cluster_1->texture_b",0.9037744695187151,0.8310076775548013,0.0217315483895233,0.8310076775548013,"[""fpn_0""]",fpn_0,"[""fpn_2"", ""fpn_1"", ""fpn_0""]","{""fpn_0"": [256, 288, 288], ""fpn_1"": [256, 144, 144], ""fpn_2"": [256, 72, 72]}","{""fpn_0"": [256, 288, 288]}",288,288,64,32,False,[0.0],"{""fpn_0"": 1.0}",fpn_0=1.000,deterministic_kmeans,cosine,2,outputs/rwtd_sam3_auto/coarse_vs_fine_sam_scales/stage2/smoke_train_fpn_0_only_native/checkpoint.pt,permutation_invariant_binary_partition,architexture_binary_v1,0.9037744695187151,0.8310076775548013
fpn_0_only,test,130,376,"cluster_0->texture_a,cluster_1->texture_b",0.5758231164110719,0.28596997432753674,0.11685132542442722,0.28596997432753674,"[""fpn_0""]",fpn_0,"[""fpn_2"", ""fpn_1"", ""fpn_0""]","{""fpn_0"": [256, 288, 288], ""fpn_1"": [256, 144, 144], ""fpn_2"": [256, 72, 72]}","{""fpn_0"": [256, 288, 288]}",288,288,64,32,False,[0.0],"{""fpn_0"": 1.0}",fpn_0=1.000,deterministic_kmeans,cosine,2,outputs/rwtd_sam3_auto/coarse_vs_fine_sam_scales/stage2/smoke_train_fpn_0_only_native/checkpoint.pt,permutation_invariant_binary_partition,architexture_binary_v1,0.5758231164110719,0.28596997432753674
fpn_0_only,test,131,377,"cluster_1->texture_a,cluster_0->texture_b",0.1423653902868449,0.20506395065142557,0.5549490755722937,0.20506395065142557,"[""fpn_0""]",fpn_0,"[""fpn_2"", ""fpn_1"", ""fpn_0""]","{""fpn_0"": [256, 288, 288], ""fpn_1"": [256, 144, 144], ""fpn_2"": [256, 72, 72]}","{""fpn_0"": [256, 288, 288]}",288,288,64,32,False,[0.0],"{""fpn_0"": 1.0}",fpn_0=1.000,deterministic_kmeans,cosine,2,outputs/rwtd_sam3_auto/coarse_vs_fine_sam_scales/stage2/smoke_train_fpn_0_only_native/checkpoint.pt,permutation_invariant_binary_partition,architexture_binary_v1,0.5549490755722937,0.20506395065142557
fpn_0_only,test,132,378,"cluster_1->texture_a,cluster_0->texture_b",0.03614691595610647,0.6967236842636222,0.8058236870128876,0.6967236842636222,"[""fpn_0""]",fpn_0,"[""fpn_2"", ""fpn_1"", ""fpn_0""]","{""fpn_0"": [256, 288, 288], ""fpn_1"": [256, 144, 144], ""fpn_2"": [256, 72, 72]}","{""fpn_0"": [256, 288, 288]}",288,288,64,32,False,[0.0],"{""fpn_0"": 1.0}",fpn_0=1.000,deterministic_kmeans,cosine,2,outputs/rwtd_sam3_auto/coarse_vs_fine_sam_scales/stage2/smoke_train_fpn_0_only_native/checkpoint.pt,permutation_invariant_binary_partition,architexture_binary_v1,0.8058236870128876,0.6967236842636222
fpn_0_only,test,133,380,"cluster_0->texture_a,cluster_1->texture_b",0.8252914988347141,0.6943715101947093,0.04091642861352506,0.6943715101947093,"[""fpn_0""]",fpn_0,"[""fpn_2"", ""fpn_1"", ""fpn_0""]","{""fpn_0"": [256, 288, 288], ""fpn_1"": [256, 144, 144], ""fpn_2"": [256, 72, 72]}","{""fpn_0"": [256, 288, 288]}",288,288,64,32,False,[0.0],"{""fpn_0"": 1.0}",fpn_0=1.000,deterministic_kmeans,cosine,2,outputs/rwtd_sam3_auto/coarse_vs_fine_sam_scales/stage2/smoke_train_fpn_0_only_native/checkpoint.pt,permutation_invariant_binary_partition,architexture_binary_v1,0.8252914988347141,0.6943715101947093
fpn_0_only,test,134,383,"cluster_0->texture_a,cluster_1->texture_b",0.7896747434686882,0.5980503833892848,0.059353796676638496,0.5980503833892848,"[""fpn_0""]",fpn_0,"[""fpn_2"", ""fpn_1"", ""fpn_0""]","{""fpn_0"": [256, 288, 288], ""fpn_1"": [256, 144, 144], ""fpn_2"": [256, 72, 72]}","{""fpn_0"": [256, 288, 288]}",288,288,64,32,False,[0.0],"{""fpn_0"": 1.0}",fpn_0=1.000,deterministic_kmeans,cosine,2,outputs/rwtd_sam3_auto/coarse_vs_fine_sam_scales/stage2/smoke_train_fpn_0_only_native/checkpoint.pt,permutation_invariant_binary_partition,architexture_binary_v1,0.7896747434686882,0.5980503833892848
fpn_0_only,test,135,387,"cluster_0->texture_a,cluster_1->texture_b",0.7727982454249427,0.6254019729857597,0.05008970989158333,0.6254019729857597,"[""fpn_0""]",fpn_0,"[""fpn_2"", ""fpn_1"", ""fpn_0""]","{""fpn_0"": [256, 288, 288], ""fpn_1"": [256, 144, 144], ""fpn_2"": [256, 72, 72]}","{""fpn_0"": [256, 288, 288]}",288,288,64,32,False,[0.0],"{""fpn_0"": 1.0}",fpn_0=1.000,deterministic_kmeans,cosine,2,outputs/rwtd_sam3_auto/coarse_vs_fine_sam_scales/stage2/smoke_train_fpn_0_only_native/checkpoint.pt,permutation_invariant_binary_partition,architexture_binary_v1,0.7727982454249427,0.6254019729857597
fpn_0_only,test,136,389,"cluster_0->texture_a,cluster_1->texture_b",0.9455774602851439,0.8931156999247336,0.013919097794638936,0.8931156999247336,"[""fpn_0""]",fpn_0,"[""fpn_2"", ""fpn_1"", ""fpn_0""]","{""fpn_0"": [256, 288, 288], ""fpn_1"": [256, 144, 144], ""fpn_2"": [256, 72, 72]}","{""fpn_0"": [256, 288, 288]}",288,288,64,32,False,[0.0],"{""fpn_0"": 1.0}",fpn_0=1.000,deterministic_kmeans,cosine,2,outputs/rwtd_sam3_auto/coarse_vs_fine_sam_scales/stage2/smoke_train_fpn_0_only_native/checkpoint.pt,permutation_invariant_binary_partition,architexture_binary_v1,0.9455774602851439,0.8931156999247336
fpn_0_only,test,137,39,"cluster_1->texture_a,cluster_0->texture_b",0.15996463972045272,0.17703779438736847,0.5462298009566731,0.17703779438736847,"[""fpn_0""]",fpn_0,"[""fpn_2"", ""fpn_1"", ""fpn_0""]","{""fpn_0"": [256, 288, 288], ""fpn_1"": [256, 144, 144], ""fpn_2"": [256, 72, 72]}","{""fpn_0"": [256, 288, 288]}",288,288,64,32,False,[0.0],"{""fpn_0"": 1.0}",fpn_0=1.000,deterministic_kmeans,cosine,2,outputs/rwtd_sam3_auto/coarse_vs_fine_sam_scales/stage2/smoke_train_fpn_0_only_native/checkpoint.pt,permutation_invariant_binary_partition,architexture_binary_v1,0.5462298009566731,0.17703779438736847
fpn_0_only,test,138,391,"cluster_1->texture_a,cluster_0->texture_b",0.029350208879651746,0.7640088777236168,0.854089882939618,0.7640088777236168,"[""fpn_0""]",fpn_0,"[""fpn_2"", ""fpn_1"", ""fpn_0""]","{""fpn_0"": [256, 288, 288], ""fpn_1"": [256, 144, 144], ""fpn_2"": [256, 72, 72]}","{""fpn_0"": [256, 288, 288]}",288,288,64,32,False,[0.0],"{""fpn_0"": 1.0}",fpn_0=1.000,deterministic_kmeans,cosine,2,outputs/rwtd_sam3_auto/coarse_vs_fine_sam_scales/stage2/smoke_train_fpn_0_only_native/checkpoint.pt,permutation_invariant_binary_partition,architexture_binary_v1,0.854089882939618,0.7640088777236168
fpn_0_only,test,139,392,"cluster_0->texture_a,cluster_1->texture_b",0.9188972144112539,0.8381878481903593,0.021440370085538007,0.8381878481903593,"[""fpn_0""]",fpn_0,"[""fpn_2"", ""fpn_1"", ""fpn_0""]","{""fpn_0"": [256, 288, 288], ""fpn_1"": [256, 144, 144], ""fpn_2"": [256, 72, 72]}","{""fpn_0"": [256, 288, 288]}",288,288,64,32,False,[0.0],"{""fpn_0"": 1.0}",fpn_0=1.000,deterministic_kmeans,cosine,2,outputs/rwtd_sam3_auto/coarse_vs_fine_sam_scales/stage2/smoke_train_fpn_0_only_native/checkpoint.pt,permutation_invariant_binary_partition,architexture_binary_v1,0.9188972144112539,0.8381878481903593
fpn_0_only,test,140,393,"cluster_0->texture_a,cluster_1->texture_b",0.93820276762836,0.8847652418711329,0.014947941521095676,0.8847652418711329,"[""fpn_0""]",fpn_0,"[""fpn_2"", ""fpn_1"", ""fpn_0""]","{""fpn_0"": [256, 288, 288], ""fpn_1"": [256, 144, 144], ""fpn_2"": [256, 72, 72]}","{""fpn_0"": [256, 288, 288]}",288,288,64,32,False,[0.0],"{""fpn_0"": 1.0}",fpn_0=1.000,deterministic_kmeans,cosine,2,outputs/rwtd_sam3_auto/coarse_vs_fine_sam_scales/stage2/smoke_train_fpn_0_only_native/checkpoint.pt,permutation_invariant_binary_partition,architexture_binary_v1,0.93820276762836,0.8847652418711329
fpn_0_only,test,141,394,"cluster_0->texture_a,cluster_1->texture_b",0.9451950040080218,0.8930815219901983,0.013910871398699457,0.8930815219901983,"[""fpn_0""]",fpn_0,"[""fpn_2"", ""fpn_1"", ""fpn_0""]","{""fpn_0"": [256, 288, 288], ""fpn_1"": [256, 144, 144], ""fpn_2"": [256, 72, 72]}","{""fpn_0"": [256, 288, 288]}",288,288,64,32,False,[0.0],"{""fpn_0"": 1.0}",fpn_0=1.000,deterministic_kmeans,cosine,2,outputs/rwtd_sam3_auto/coarse_vs_fine_sam_scales/stage2/smoke_train_fpn_0_only_native/checkpoint.pt,permutation_invariant_binary_partition,architexture_binary_v1,0.9451950040080218,0.8930815219901983
fpn_0_only,test,142,395,"cluster_0->texture_a,cluster_1->texture_b",0.922172762178821,0.8520090947919453,0.01942294629375813,0.8520090947919453,"[""fpn_0""]",fpn_0,"[""fpn_2"", ""fpn_1"", ""fpn_0""]","{""fpn_0"": [256, 288, 288], ""fpn_1"": [256, 144, 144], ""fpn_2"": [256, 72, 72]}","{""fpn_0"": [256, 288, 288]}",288,288,64,32,False,[0.0],"{""fpn_0"": 1.0}",fpn_0=1.000,deterministic_kmeans,cosine,2,outputs/rwtd_sam3_auto/coarse_vs_fine_sam_scales/stage2/smoke_train_fpn_0_only_native/checkpoint.pt,permutation_invariant_binary_partition,architexture_binary_v1,0.922172762178821,0.8520090947919453
fpn_0_only,test,143,398,"cluster_1->texture_a,cluster_0->texture_b",0.0909212045244214,0.38909314364058956,0.6372251428571022,0.38909314364058956,"[""fpn_0""]",fpn_0,"[""fpn_2"", ""fpn_1"", ""fpn_0""]","{""fpn_0"": [256, 288, 288], ""fpn_1"": [256, 144, 144], ""fpn_2"": [256, 72, 72]}","{""fpn_0"": [256, 288, 288]}",288,288,64,32,False,[0.0],"{""fpn_0"": 1.0}",fpn_0=1.000,deterministic_kmeans,cosine,2,outputs/rwtd_sam3_auto/coarse_vs_fine_sam_scales/stage2/smoke_train_fpn_0_only_native/checkpoint.pt,permutation_invariant_binary_partition,architexture_binary_v1,0.6372251428571022,0.38909314364058956
fpn_0_only,test,144,4,"cluster_1->texture_a,cluster_0->texture_b",0.017692912881764892,0.8458879255752803,0.8993727645850724,0.8458879255752803,"[""fpn_0""]",fpn_0,"[""fpn_2"", ""fpn_1"", ""fpn_0""]","{""fpn_0"": [256, 288, 288], ""fpn_1"": [256, 144, 144], ""fpn_2"": [256, 72, 72]}","{""fpn_0"": [256, 288, 288]}",288,288,64,32,False,[0.0],"{""fpn_0"": 1.0}",fpn_0=1.000,deterministic_kmeans,cosine,2,outputs/rwtd_sam3_auto/coarse_vs_fine_sam_scales/stage2/smoke_train_fpn_0_only_native/checkpoint.pt,permutation_invariant_binary_partition,architexture_binary_v1,0.8993727645850724,0.8458879255752803
fpn_0_only,test,145,40,"cluster_1->texture_a,cluster_0->texture_b",0.18750838479269924,0.08128692022234923,0.4543455883067615,0.08128692022234923,"[""fpn_0""]",fpn_0,"[""fpn_2"", ""fpn_1"", ""fpn_0""]","{""fpn_0"": [256, 288, 288], ""fpn_1"": [256, 144, 144], ""fpn_2"": [256, 72, 72]}","{""fpn_0"": [256, 288, 288]}",288,288,64,32,False,[0.0],"{""fpn_0"": 1.0}",fpn_0=1.000,deterministic_kmeans,cosine,2,outputs/rwtd_sam3_auto/coarse_vs_fine_sam_scales/stage2/smoke_train_fpn_0_only_native/checkpoint.pt,permutation_invariant_binary_partition,architexture_binary_v1,0.4543455883067615,0.08128692022234923
fpn_0_only,test,146,400,"cluster_1->texture_a,cluster_0->texture_b",0.16995827254226117,0.15097642379776688,0.5315306331933096,0.15097642379776688,"[""fpn_0""]",fpn_0,"[""fpn_2"", ""fpn_1"", ""fpn_0""]","{""fpn_0"": [256, 288, 288], ""fpn_1"": [256, 144, 144], ""fpn_2"": [256, 72, 72]}","{""fpn_0"": [256, 288, 288]}",288,288,64,32,False,[0.0],"{""fpn_0"": 1.0}",fpn_0=1.000,deterministic_kmeans,cosine,2,outputs/rwtd_sam3_auto/coarse_vs_fine_sam_scales/stage2/smoke_train_fpn_0_only_native/checkpoint.pt,permutation_invariant_binary_partition,architexture_binary_v1,0.5315306331933096,0.15097642379776688
fpn_0_only,test,147,403,"cluster_0->texture_a,cluster_1->texture_b",0.7590350042696052,0.6327794931256516,0.04085700149121091,0.6327794931256516,"[""fpn_0""]",fpn_0,"[""fpn_2"", ""fpn_1"", ""fpn_0""]","{""fpn_0"": [256, 288, 288], ""fpn_1"": [256, 144, 144], ""fpn_2"": [256, 72, 72]}","{""fpn_0"": [256, 288, 288]}",288,288,64,32,False,[0.0],"{""fpn_0"": 1.0}",fpn_0=1.000,deterministic_kmeans,cosine,2,outputs/rwtd_sam3_auto/coarse_vs_fine_sam_scales/stage2/smoke_train_fpn_0_only_native/checkpoint.pt,permutation_invariant_binary_partition,architexture_binary_v1,0.7590350042696052,0.6327794931256516
fpn_0_only,test,148,408,"cluster_0->texture_a,cluster_1->texture_b",0.7588497275685601,0.5299176434886526,0.07181026215657257,0.5299176434886526,"[""fpn_0""]",fpn_0,"[""fpn_2"", ""fpn_1"", ""fpn_0""]","{""fpn_0"": [256, 288, 288], ""fpn_1"": [256, 144, 144], ""fpn_2"": [256, 72, 72]}","{""fpn_0"": [256, 288, 288]}",288,288,64,32,False,[0.0],"{""fpn_0"": 1.0}",fpn_0=1.000,deterministic_kmeans,cosine,2,outputs/rwtd_sam3_auto/coarse_vs_fine_sam_scales/stage2/smoke_train_fpn_0_only_native/checkpoint.pt,permutation_invariant_binary_partition,architexture_binary_v1,0.7588497275685601,0.5299176434886526
fpn_0_only,test,149,41,"cluster_1->texture_a,cluster_0->texture_b",0.08930881773051089,0.42488925149441675,0.6653931826315819,0.42488925149441675,"[""fpn_0""]",fpn_0,"[""fpn_2"", ""fpn_1"", ""fpn_0""]","{""fpn_0"": [256, 288, 288], ""fpn_1"": [256, 144, 144], ""fpn_2"": [256, 72, 72]}","{""fpn_0"": [256, 288, 288]}",288,288,64,32,False,[0.0],"{""fpn_0"": 1.0}",fpn_0=1.000,deterministic_kmeans,cosine,2,outputs/rwtd_sam3_auto/coarse_vs_fine_sam_scales/stage2/smoke_train_fpn_0_only_native/checkpoint.pt,permutation_invariant_binary_partition,architexture_binary_v1,0.6653931826315819,0.42488925149441675
fpn_0_only,test,150,410,"cluster_0->texture_a,cluster_1->texture_b",0.9242758818073875,0.8579019098297098,0.018672334978520517,0.8579019098297098,"[""fpn_0""]",fpn_0,"[""fpn_2"", ""fpn_1"", ""fpn_0""]","{""fpn_0"": [256, 288, 288], ""fpn_1"": [256, 144, 144], ""fpn_2"": [256, 72, 72]}","{""fpn_0"": [256, 288, 288]}",288,288,64,32,False,[0.0],"{""fpn_0"": 1.0}",fpn_0=1.000,deterministic_kmeans,cosine,2,outputs/rwtd_sam3_auto/coarse_vs_fine_sam_scales/stage2/smoke_train_fpn_0_only_native/checkpoint.pt,permutation_invariant_binary_partition,architexture_binary_v1,0.9242758818073875,0.8579019098297098
fpn_0_only,test,151,411,"cluster_1->texture_a,cluster_0->texture_b",0.03629378856119772,0.734924314380912,0.8545704503147207,0.734924314380912,"[""fpn_0""]",fpn_0,"[""fpn_2"", ""fpn_1"", ""fpn_0""]","{""fpn_0"": [256, 288, 288], ""fpn_1"": [256, 144, 144], ""fpn_2"": [256, 72, 72]}","{""fpn_0"": [256, 288, 288]}",288,288,64,32,False,[0.0],"{""fpn_0"": 1.0}",fpn_0=1.000,deterministic_kmeans,cosine,2,outputs/rwtd_sam3_auto/coarse_vs_fine_sam_scales/stage2/smoke_train_fpn_0_only_native/checkpoint.pt,permutation_invariant_binary_partition,architexture_binary_v1,0.8545704503147207,0.734924314380912
fpn_0_only,test,152,412,"cluster_0->texture_a,cluster_1->texture_b",0.8029588872670229,0.6625639028358792,0.04590279968081797,0.6625639028358792,"[""fpn_0""]",fpn_0,"[""fpn_2"", ""fpn_1"", ""fpn_0""]","{""fpn_0"": [256, 288, 288], ""fpn_1"": [256, 144, 144], ""fpn_2"": [256, 72, 72]}","{""fpn_0"": [256, 288, 288]}",288,288,64,32,False,[0.0],"{""fpn_0"": 1.0}",fpn_0=1.000,deterministic_kmeans,cosine,2,outputs/rwtd_sam3_auto/coarse_vs_fine_sam_scales/stage2/smoke_train_fpn_0_only_native/checkpoint.pt,permutation_invariant_binary_partition,architexture_binary_v1,0.8029588872670229,0.6625639028358792
fpn_0_only,test,153,414,"cluster_0->texture_a,cluster_1->texture_b",0.8491422318594393,0.7078504869457218,0.040914112824203375,0.7078504869457218,"[""fpn_0""]",fpn_0,"[""fpn_2"", ""fpn_1"", ""fpn_0""]","{""fpn_0"": [256, 288, 288], ""fpn_1"": [256, 144, 144], ""fpn_2"": [256, 72, 72]}","{""fpn_0"": [256, 288, 288]}",288,288,64,32,False,[0.0],"{""fpn_0"": 1.0}",fpn_0=1.000,deterministic_kmeans,cosine,2,outputs/rwtd_sam3_auto/coarse_vs_fine_sam_scales/stage2/smoke_train_fpn_0_only_native/checkpoint.pt,permutation_invariant_binary_partition,architexture_binary_v1,0.8491422318594393,0.7078504869457218
fpn_0_only,test,154,416,"cluster_0->texture_a,cluster_1->texture_b",0.9101823359517949,0.8309155134627995,0.022480815691023767,0.8309155134627995,"[""fpn_0""]",fpn_0,"[""fpn_2"", ""fpn_1"", ""fpn_0""]","{""fpn_0"": [256, 288, 288], ""fpn_1"": [256, 144, 144], ""fpn_2"": [256, 72, 72]}","{""fpn_0"": [256, 288, 288]}",288,288,64,32,False,[0.0],"{""fpn_0"": 1.0}",fpn_0=1.000,deterministic_kmeans,cosine,2,outputs/rwtd_sam3_auto/coarse_vs_fine_sam_scales/stage2/smoke_train_fpn_0_only_native/checkpoint.pt,permutation_invariant_binary_partition,architexture_binary_v1,0.9101823359517949,0.8309155134627995
fpn_0_only,test,155,417,"cluster_0->texture_a,cluster_1->texture_b",0.6373621185135725,0.3274435039051727,0.11847558128970215,0.3274435039051727,"[""fpn_0""]",fpn_0,"[""fpn_2"", ""fpn_1"", ""fpn_0""]","{""fpn_0"": [256, 288, 288], ""fpn_1"": [256, 144, 144], ""fpn_2"": [256, 72, 72]}","{""fpn_0"": [256, 288, 288]}",288,288,64,32,False,[0.0],"{""fpn_0"": 1.0}",fpn_0=1.000,deterministic_kmeans,cosine,2,outputs/rwtd_sam3_auto/coarse_vs_fine_sam_scales/stage2/smoke_train_fpn_0_only_native/checkpoint.pt,permutation_invariant_binary_partition,architexture_binary_v1,0.6373621185135725,0.3274435039051727
fpn_0_only,test,156,418,"cluster_0->texture_a,cluster_1->texture_b",0.6785236382382748,0.4557795130336927,0.07796138490026742,0.4557795130336927,"[""fpn_0""]",fpn_0,"[""fpn_2"", ""fpn_1"", ""fpn_0""]","{""fpn_0"": [256, 288, 288], ""fpn_1"": [256, 144, 144], ""fpn_2"": [256, 72, 72]}","{""fpn_0"": [256, 288, 288]}",288,288,64,32,False,[0.0],"{""fpn_0"": 1.0}",fpn_0=1.000,deterministic_kmeans,cosine,2,outputs/rwtd_sam3_auto/coarse_vs_fine_sam_scales/stage2/smoke_train_fpn_0_only_native/checkpoint.pt,permutation_invariant_binary_partition,architexture_binary_v1,0.6785236382382748,0.4557795130336927
fpn_0_only,test,157,422,"cluster_0->texture_a,cluster_1->texture_b",0.7621347735782067,0.5384882123403418,0.06792725627462487,0.5384882123403418,"[""fpn_0""]",fpn_0,"[""fpn_2"", ""fpn_1"", ""fpn_0""]","{""fpn_0"": [256, 288, 288], ""fpn_1"": [256, 144, 144], ""fpn_2"": [256, 72, 72]}","{""fpn_0"": [256, 288, 288]}",288,288,64,32,False,[0.0],"{""fpn_0"": 1.0}",fpn_0=1.000,deterministic_kmeans,cosine,2,outputs/rwtd_sam3_auto/coarse_vs_fine_sam_scales/stage2/smoke_train_fpn_0_only_native/checkpoint.pt,permutation_invariant_binary_partition,architexture_binary_v1,0.7621347735782067,0.5384882123403418
fpn_0_only,test,158,423,"cluster_1->texture_a,cluster_0->texture_b",0.08245791610057505,0.4755309755312261,0.7201151058681488,0.4755309755312261,"[""fpn_0""]",fpn_0,"[""fpn_2"", ""fpn_1"", ""fpn_0""]","{""fpn_0"": [256, 288, 288], ""fpn_1"": [256, 144, 144], ""fpn_2"": [256, 72, 72]}","{""fpn_0"": [256, 288, 288]}",288,288,64,32,False,[0.0],"{""fpn_0"": 1.0}",fpn_0=1.000,deterministic_kmeans,cosine,2,outputs/rwtd_sam3_auto/coarse_vs_fine_sam_scales/stage2/smoke_train_fpn_0_only_native/checkpoint.pt,permutation_invariant_binary_partition,architexture_binary_v1,0.7201151058681488,0.4755309755312261
fpn_0_only,test,159,424,"cluster_0->texture_a,cluster_1->texture_b",0.7147204379211047,0.47591892933953467,0.08241319728371663,0.47591892933953467,"[""fpn_0""]",fpn_0,"[""fpn_2"", ""fpn_1"", ""fpn_0""]","{""fpn_0"": [256, 288, 288], ""fpn_1"": [256, 144, 144], ""fpn_2"": [256, 72, 72]}","{""fpn_0"": [256, 288, 288]}",288,288,64,32,False,[0.0],"{""fpn_0"": 1.0}",fpn_0=1.000,deterministic_kmeans,cosine,2,outputs/rwtd_sam3_auto/coarse_vs_fine_sam_scales/stage2/smoke_train_fpn_0_only_native/checkpoint.pt,permutation_invariant_binary_partition,architexture_binary_v1,0.7147204379211047,0.47591892933953467
fpn_0_only,test,160,425,"cluster_1->texture_a,cluster_0->texture_b",0.07302695768865286,0.5153768935925858,0.7472357715332637,0.5153768935925858,"[""fpn_0""]",fpn_0,"[""fpn_2"", ""fpn_1"", ""fpn_0""]","{""fpn_0"": [256, 288, 288], ""fpn_1"": [256, 144, 144], ""fpn_2"": [256, 72, 72]}","{""fpn_0"": [256, 288, 288]}",288,288,64,32,False,[0.0],"{""fpn_0"": 1.0}",fpn_0=1.000,deterministic_kmeans,cosine,2,outputs/rwtd_sam3_auto/coarse_vs_fine_sam_scales/stage2/smoke_train_fpn_0_only_native/checkpoint.pt,permutation_invariant_binary_partition,architexture_binary_v1,0.7472357715332637,0.5153768935925858
fpn_0_only,test,161,426,"cluster_1->texture_a,cluster_0->texture_b",0.015767006032466082,0.8784451850666865,0.9338118670749196,0.8784451850666865,"[""fpn_0""]",fpn_0,"[""fpn_2"", ""fpn_1"", ""fpn_0""]","{""fpn_0"": [256, 288, 288], ""fpn_1"": [256, 144, 144], ""fpn_2"": [256, 72, 72]}","{""fpn_0"": [256, 288, 288]}",288,288,64,32,False,[0.0],"{""fpn_0"": 1.0}",fpn_0=1.000,deterministic_kmeans,cosine,2,outputs/rwtd_sam3_auto/coarse_vs_fine_sam_scales/stage2/smoke_train_fpn_0_only_native/checkpoint.pt,permutation_invariant_binary_partition,architexture_binary_v1,0.9338118670749196,0.8784451850666865
fpn_0_only,test,162,428,"cluster_0->texture_a,cluster_1->texture_b",0.8756691792354538,0.7596161494982513,0.03257547185735954,0.7596161494982513,"[""fpn_0""]",fpn_0,"[""fpn_2"", ""fpn_1"", ""fpn_0""]","{""fpn_0"": [256, 288, 288], ""fpn_1"": [256, 144, 144], ""fpn_2"": [256, 72, 72]}","{""fpn_0"": [256, 288, 288]}",288,288,64,32,False,[0.0],"{""fpn_0"": 1.0}",fpn_0=1.000,deterministic_kmeans,cosine,2,outputs/rwtd_sam3_auto/coarse_vs_fine_sam_scales/stage2/smoke_train_fpn_0_only_native/checkpoint.pt,permutation_invariant_binary_partition,architexture_binary_v1,0.8756691792354538,0.7596161494982513
fpn_0_only,test,163,429,"cluster_0->texture_a,cluster_1->texture_b",0.6916110063415777,0.42640481086891535,0.0928340154905834,0.42640481086891535,"[""fpn_0""]",fpn_0,"[""fpn_2"", ""fpn_1"", ""fpn_0""]","{""fpn_0"": [256, 288, 288], ""fpn_1"": [256, 144, 144], ""fpn_2"": [256, 72, 72]}","{""fpn_0"": [256, 288, 288]}",288,288,64,32,False,[0.0],"{""fpn_0"": 1.0}",fpn_0=1.000,deterministic_kmeans,cosine,2,outputs/rwtd_sam3_auto/coarse_vs_fine_sam_scales/stage2/smoke_train_fpn_0_only_native/checkpoint.pt,permutation_invariant_binary_partition,architexture_binary_v1,0.6916110063415777,0.42640481086891535
fpn_0_only,test,164,431,"cluster_0->texture_a,cluster_1->texture_b",0.8418715398669695,0.7103661289989194,0.03969030579326006,0.7103661289989194,"[""fpn_0""]",fpn_0,"[""fpn_2"", ""fpn_1"", ""fpn_0""]","{""fpn_0"": [256, 288, 288], ""fpn_1"": [256, 144, 144], ""fpn_2"": [256, 72, 72]}","{""fpn_0"": [256, 288, 288]}",288,288,64,32,False,[0.0],"{""fpn_0"": 1.0}",fpn_0=1.000,deterministic_kmeans,cosine,2,outputs/rwtd_sam3_auto/coarse_vs_fine_sam_scales/stage2/smoke_train_fpn_0_only_native/checkpoint.pt,permutation_invariant_binary_partition,architexture_binary_v1,0.8418715398669695,0.7103661289989194
fpn_0_only,test,165,432,"cluster_0->texture_a,cluster_1->texture_b",0.8865956789652818,0.7994292547332192,0.026429163556881782,0.7994292547332192,"[""fpn_0""]",fpn_0,"[""fpn_2"", ""fpn_1"", ""fpn_0""]","{""fpn_0"": [256, 288, 288], ""fpn_1"": [256, 144, 144], ""fpn_2"": [256, 72, 72]}","{""fpn_0"": [256, 288, 288]}",288,288,64,32,False,[0.0],"{""fpn_0"": 1.0}",fpn_0=1.000,deterministic_kmeans,cosine,2,outputs/rwtd_sam3_auto/coarse_vs_fine_sam_scales/stage2/smoke_train_fpn_0_only_native/checkpoint.pt,permutation_invariant_binary_partition,architexture_binary_v1,0.8865956789652818,0.7994292547332192
fpn_0_only,test,166,434,"cluster_0->texture_a,cluster_1->texture_b",0.8906522567814597,0.7841317235751577,0.029455616220008224,0.7841317235751577,"[""fpn_0""]",fpn_0,"[""fpn_2"", ""fpn_1"", ""fpn_0""]","{""fpn_0"": [256, 288, 288], ""fpn_1"": [256, 144, 144], ""fpn_2"": [256, 72, 72]}","{""fpn_0"": [256, 288, 288]}",288,288,64,32,False,[0.0],"{""fpn_0"": 1.0}",fpn_0=1.000,deterministic_kmeans,cosine,2,outputs/rwtd_sam3_auto/coarse_vs_fine_sam_scales/stage2/smoke_train_fpn_0_only_native/checkpoint.pt,permutation_invariant_binary_partition,architexture_binary_v1,0.8906522567814597,0.7841317235751577
fpn_0_only,test,167,44,"cluster_0->texture_a,cluster_1->texture_b",0.5312523207168849,0.2342797578748164,0.056355564617282285,0.2342797578748164,"[""fpn_0""]",fpn_0,"[""fpn_2"", ""fpn_1"", ""fpn_0""]","{""fpn_0"": [256, 288, 288], ""fpn_1"": [256, 144, 144], ""fpn_2"": [256, 72, 72]}","{""fpn_0"": [256, 288, 288]}",288,288,64,32,False,[0.0],"{""fpn_0"": 1.0}",fpn_0=1.000,deterministic_kmeans,cosine,2,outputs/rwtd_sam3_auto/coarse_vs_fine_sam_scales/stage2/smoke_train_fpn_0_only_native/checkpoint.pt,permutation_invariant_binary_partition,architexture_binary_v1,0.5312523207168849,0.2342797578748164
fpn_0_only,test,168,440,"cluster_1->texture_a,cluster_0->texture_b",0.12124541271120115,0.24179207195090832,0.538400151612353,0.24179207195090832,"[""fpn_0""]",fpn_0,"[""fpn_2"", ""fpn_1"", ""fpn_0""]","{""fpn_0"": [256, 288, 288], ""fpn_1"": [256, 144, 144], ""fpn_2"": [256, 72, 72]}","{""fpn_0"": [256, 288, 288]}",288,288,64,32,False,[0.0],"{""fpn_0"": 1.0}",fpn_0=1.000,deterministic_kmeans,cosine,2,outputs/rwtd_sam3_auto/coarse_vs_fine_sam_scales/stage2/smoke_train_fpn_0_only_native/checkpoint.pt,permutation_invariant_binary_partition,architexture_binary_v1,0.538400151612353,0.24179207195090832
fpn_0_only,test,169,441,"cluster_1->texture_a,cluster_0->texture_b",0.011200329135781532,0.8855987896041432,0.9182145764547702,0.8855987896041432,"[""fpn_0""]",fpn_0,"[""fpn_2"", ""fpn_1"", ""fpn_0""]","{""fpn_0"": [256, 288, 288], ""fpn_1"": [256, 144, 144], ""fpn_2"": [256, 72, 72]}","{""fpn_0"": [256, 288, 288]}",288,288,64,32,False,[0.0],"{""fpn_0"": 1.0}",fpn_0=1.000,deterministic_kmeans,cosine,2,outputs/rwtd_sam3_auto/coarse_vs_fine_sam_scales/stage2/smoke_train_fpn_0_only_native/checkpoint.pt,permutation_invariant_binary_partition,architexture_binary_v1,0.9182145764547702,0.8855987896041432
fpn_0_only,test,170,442,"cluster_0->texture_a,cluster_1->texture_b",0.7133122494713044,0.506999649130376,0.0701728538259731,0.506999649130376,"[""fpn_0""]",fpn_0,"[""fpn_2"", ""fpn_1"", ""fpn_0""]","{""fpn_0"": [256, 288, 288], ""fpn_1"": [256, 144, 144], ""fpn_2"": [256, 72, 72]}","{""fpn_0"": [256, 288, 288]}",288,288,64,32,False,[0.0],"{""fpn_0"": 1.0}",fpn_0=1.000,deterministic_kmeans,cosine,2,outputs/rwtd_sam3_auto/coarse_vs_fine_sam_scales/stage2/smoke_train_fpn_0_only_native/checkpoint.pt,permutation_invariant_binary_partition,architexture_binary_v1,0.7133122494713044,0.506999649130376
fpn_0_only,test,171,443,"cluster_0->texture_a,cluster_1->texture_b",0.63258780303808,0.33485793037790457,0.11621773028308262,0.33485793037790457,"[""fpn_0""]",fpn_0,"[""fpn_2"", ""fpn_1"", ""fpn_0""]","{""fpn_0"": [256, 288, 288], ""fpn_1"": [256, 144, 144], ""fpn_2"": [256, 72, 72]}","{""fpn_0"": [256, 288, 288]}",288,288,64,32,False,[0.0],"{""fpn_0"": 1.0}",fpn_0=1.000,deterministic_kmeans,cosine,2,outputs/rwtd_sam3_auto/coarse_vs_fine_sam_scales/stage2/smoke_train_fpn_0_only_native/checkpoint.pt,permutation_invariant_binary_partition,architexture_binary_v1,0.63258780303808,0.33485793037790457
fpn_0_only,test,172,444,"cluster_1->texture_a,cluster_0->texture_b",0.04111512907809497,0.6932455255997816,0.8237448859664984,0.6932455255997816,"[""fpn_0""]",fpn_0,"[""fpn_2"", ""fpn_1"", ""fpn_0""]","{""fpn_0"": [256, 288, 288], ""fpn_1"": [256, 144, 144], ""fpn_2"": [256, 72, 72]}","{""fpn_0"": [256, 288, 288]}",288,288,64,32,False,[0.0],"{""fpn_0"": 1.0}",fpn_0=1.000,deterministic_kmeans,cosine,2,outputs/rwtd_sam3_auto/coarse_vs_fine_sam_scales/stage2/smoke_train_fpn_0_only_native/checkpoint.pt,permutation_invariant_binary_partition,architexture_binary_v1,0.8237448859664984,0.6932455255997816
fpn_0_only,test,173,447,"cluster_0->texture_a,cluster_1->texture_b",0.8885552703362011,0.8002114580385843,0.026441452668884025,0.8002114580385843,"[""fpn_0""]",fpn_0,"[""fpn_2"", ""fpn_1"", ""fpn_0""]","{""fpn_0"": [256, 288, 288], ""fpn_1"": [256, 144, 144], ""fpn_2"": [256, 72, 72]}","{""fpn_0"": [256, 288, 288]}",288,288,64,32,False,[0.0],"{""fpn_0"": 1.0}",fpn_0=1.000,deterministic_kmeans,cosine,2,outputs/rwtd_sam3_auto/coarse_vs_fine_sam_scales/stage2/smoke_train_fpn_0_only_native/checkpoint.pt,permutation_invariant_binary_partition,architexture_binary_v1,0.8885552703362011,0.8002114580385843
fpn_0_only,test,174,448,"cluster_0->texture_a,cluster_1->texture_b",0.9293935481328455,0.8591604690866046,0.018607336808137323,0.8591604690866046,"[""fpn_0""]",fpn_0,"[""fpn_2"", ""fpn_1"", ""fpn_0""]","{""fpn_0"": [256, 288, 288], ""fpn_1"": [256, 144, 144], ""fpn_2"": [256, 72, 72]}","{""fpn_0"": [256, 288, 288]}",288,288,64,32,False,[0.0],"{""fpn_0"": 1.0}",fpn_0=1.000,deterministic_kmeans,cosine,2,outputs/rwtd_sam3_auto/coarse_vs_fine_sam_scales/stage2/smoke_train_fpn_0_only_native/checkpoint.pt,permutation_invariant_binary_partition,architexture_binary_v1,0.9293935481328455,0.8591604690866046
fpn_0_only,test,175,449,"cluster_0->texture_a,cluster_1->texture_b",0.9097429987045579,0.8200145873940833,0.024081307338008107,0.8200145873940833,"[""fpn_0""]",fpn_0,"[""fpn_2"", ""fpn_1"", ""fpn_0""]","{""fpn_0"": [256, 288, 288], ""fpn_1"": [256, 144, 144], ""fpn_2"": [256, 72, 72]}","{""fpn_0"": [256, 288, 288]}",288,288,64,32,False,[0.0],"{""fpn_0"": 1.0}",fpn_0=1.000,deterministic_kmeans,cosine,2,outputs/rwtd_sam3_auto/coarse_vs_fine_sam_scales/stage2/smoke_train_fpn_0_only_native/checkpoint.pt,permutation_invariant_binary_partition,architexture_binary_v1,0.9097429987045579,0.8200145873940833
fpn_0_only,test,176,45,"cluster_0->texture_a,cluster_1->texture_b",0.645247113592246,0.329882352911188,0.11359102628148005,0.329882352911188,"[""fpn_0""]",fpn_0,"[""fpn_2"", ""fpn_1"", ""fpn_0""]","{""fpn_0"": [256, 288, 288], ""fpn_1"": [256, 144, 144], ""fpn_2"": [256, 72, 72]}","{""fpn_0"": [256, 288, 288]}",288,288,64,32,False,[0.0],"{""fpn_0"": 1.0}",fpn_0=1.000,deterministic_kmeans,cosine,2,outputs/rwtd_sam3_auto/coarse_vs_fine_sam_scales/stage2/smoke_train_fpn_0_only_native/checkpoint.pt,permutation_invariant_binary_partition,architexture_binary_v1,0.645247113592246,0.329882352911188
fpn_0_only,test,177,450,"cluster_0->texture_a,cluster_1->texture_b",0.6423893530024175,0.34471349067964924,0.11305761423325197,0.34471349067964924,"[""fpn_0""]",fpn_0,"[""fpn_2"", ""fpn_1"", ""fpn_0""]","{""fpn_0"": [256, 288, 288], ""fpn_1"": [256, 144, 144], ""fpn_2"": [256, 72, 72]}","{""fpn_0"": [256, 288, 288]}",288,288,64,32,False,[0.0],"{""fpn_0"": 1.0}",fpn_0=1.000,deterministic_kmeans,cosine,2,outputs/rwtd_sam3_auto/coarse_vs_fine_sam_scales/stage2/smoke_train_fpn_0_only_native/checkpoint.pt,permutation_invariant_binary_partition,architexture_binary_v1,0.6423893530024175,0.34471349067964924
fpn_0_only,test,178,451,"cluster_0->texture_a,cluster_1->texture_b",0.8486881431883673,0.7493768389707469,0.03237984062251144,0.7493768389707469,"[""fpn_0""]",fpn_0,"[""fpn_2"", ""fpn_1"", ""fpn_0""]","{""fpn_0"": [256, 288, 288], ""fpn_1"": [256, 144, 144], ""fpn_2"": [256, 72, 72]}","{""fpn_0"": [256, 288, 288]}",288,288,64,32,False,[0.0],"{""fpn_0"": 1.0}",fpn_0=1.000,deterministic_kmeans,cosine,2,outputs/rwtd_sam3_auto/coarse_vs_fine_sam_scales/stage2/smoke_train_fpn_0_only_native/checkpoint.pt,permutation_invariant_binary_partition,architexture_binary_v1,0.8486881431883673,0.7493768389707469
fpn_0_only,test,179,452,"cluster_1->texture_a,cluster_0->texture_b",0.08367745483126764,0.47566172743213897,0.7206769243920348,0.47566172743213897,"[""fpn_0""]",fpn_0,"[""fpn_2"", ""fpn_1"", ""fpn_0""]","{""fpn_0"": [256, 288, 288], ""fpn_1"": [256, 144, 144], ""fpn_2"": [256, 72, 72]}","{""fpn_0"": [256, 288, 288]}",288,288,64,32,False,[0.0],"{""fpn_0"": 1.0}",fpn_0=1.000,deterministic_kmeans,cosine,2,outputs/rwtd_sam3_auto/coarse_vs_fine_sam_scales/stage2/smoke_train_fpn_0_only_native/checkpoint.pt,permutation_invariant_binary_partition,architexture_binary_v1,0.7206769243920348,0.47566172743213897
fpn_0_only,test,180,453,"cluster_0->texture_a,cluster_1->texture_b",0.7371906926767293,0.5193686318552602,0.07386337007290618,0.5193686318552602,"[""fpn_0""]",fpn_0,"[""fpn_2"", ""fpn_1"", ""fpn_0""]","{""fpn_0"": [256, 288, 288], ""fpn_1"": [256, 144, 144], ""fpn_2"": [256, 72, 72]}","{""fpn_0"": [256, 288, 288]}",288,288,64,32,False,[0.0],"{""fpn_0"": 1.0}",fpn_0=1.000,deterministic_kmeans,cosine,2,outputs/rwtd_sam3_auto/coarse_vs_fine_sam_scales/stage2/smoke_train_fpn_0_only_native/checkpoint.pt,permutation_invariant_binary_partition,architexture_binary_v1,0.7371906926767293,0.5193686318552602
fpn_0_only,test,181,455,"cluster_1->texture_a,cluster_0->texture_b",0.20936435966550448,0.037542807351991184,0.41651271734300466,0.037542807351991184,"[""fpn_0""]",fpn_0,"[""fpn_2"", ""fpn_1"", ""fpn_0""]","{""fpn_0"": [256, 288, 288], ""fpn_1"": [256, 144, 144], ""fpn_2"": [256, 72, 72]}","{""fpn_0"": [256, 288, 288]}",288,288,64,32,False,[0.0],"{""fpn_0"": 1.0}",fpn_0=1.000,deterministic_kmeans,cosine,2,outputs/rwtd_sam3_auto/coarse_vs_fine_sam_scales/stage2/smoke_train_fpn_0_only_native/checkpoint.pt,permutation_invariant_binary_partition,architexture_binary_v1,0.41651271734300466,0.037542807351991184
fpn_0_only,test,182,456,"cluster_1->texture_a,cluster_0->texture_b",0.021832116425257068,0.8337140040618166,0.9107313770775884,0.8337140040618166,"[""fpn_0""]",fpn_0,"[""fpn_2"", ""fpn_1"", ""fpn_0""]","{""fpn_0"": [256, 288, 288], ""fpn_1"": [256, 144, 144], ""fpn_2"": [256, 72, 72]}","{""fpn_0"": [256, 288, 288]}",288,288,64,32,False,[0.0],"{""fpn_0"": 1.0}",fpn_0=1.000,deterministic_kmeans,cosine,2,outputs/rwtd_sam3_auto/coarse_vs_fine_sam_scales/stage2/smoke_train_fpn_0_only_native/checkpoint.pt,permutation_invariant_binary_partition,architexture_binary_v1,0.9107313770775884,0.8337140040618166
fpn_0_only,test,183,457,"cluster_1->texture_a,cluster_0->texture_b",0.015383091581070995,0.8808474437827737,0.9339438882940119,0.8808474437827737,"[""fpn_0""]",fpn_0,"[""fpn_2"", ""fpn_1"", ""fpn_0""]","{""fpn_0"": [256, 288, 288], ""fpn_1"": [256, 144, 144], ""fpn_2"": [256, 72, 72]}","{""fpn_0"": [256, 288, 288]}",288,288,64,32,False,[0.0],"{""fpn_0"": 1.0}",fpn_0=1.000,deterministic_kmeans,cosine,2,outputs/rwtd_sam3_auto/coarse_vs_fine_sam_scales/stage2/smoke_train_fpn_0_only_native/checkpoint.pt,permutation_invariant_binary_partition,architexture_binary_v1,0.9339438882940119,0.8808474437827737
fpn_0_only,test,184,461,"cluster_0->texture_a,cluster_1->texture_b",0.8180215758293141,0.6489135805629743,0.05098134078538777,0.6489135805629743,"[""fpn_0""]",fpn_0,"[""fpn_2"", ""fpn_1"", ""fpn_0""]","{""fpn_0"": [256, 288, 288], ""fpn_1"": [256, 144, 144], ""fpn_2"": [256, 72, 72]}","{""fpn_0"": [256, 288, 288]}",288,288,64,32,False,[0.0],"{""fpn_0"": 1.0}",fpn_0=1.000,deterministic_kmeans,cosine,2,outputs/rwtd_sam3_auto/coarse_vs_fine_sam_scales/stage2/smoke_train_fpn_0_only_native/checkpoint.pt,permutation_invariant_binary_partition,architexture_binary_v1,0.8180215758293141,0.6489135805629743
fpn_0_only,test,185,463,"cluster_0->texture_a,cluster_1->texture_b",0.8688636480238605,0.7869661427702322,0.026555837391279462,0.7869661427702322,"[""fpn_0""]",fpn_0,"[""fpn_2"", ""fpn_1"", ""fpn_0""]","{""fpn_0"": [256, 288, 288], ""fpn_1"": [256, 144, 144], ""fpn_2"": [256, 72, 72]}","{""fpn_0"": [256, 288, 288]}",288,288,64,32,False,[0.0],"{""fpn_0"": 1.0}",fpn_0=1.000,deterministic_kmeans,cosine,2,outputs/rwtd_sam3_auto/coarse_vs_fine_sam_scales/stage2/smoke_train_fpn_0_only_native/checkpoint.pt,permutation_invariant_binary_partition,architexture_binary_v1,0.8688636480238605,0.7869661427702322
fpn_0_only,test,186,464,"cluster_0->texture_a,cluster_1->texture_b",0.8821596371060199,0.7727882927707291,0.03112095016366822,0.7727882927707291,"[""fpn_0""]",fpn_0,"[""fpn_2"", ""fpn_1"", ""fpn_0""]","{""fpn_0"": [256, 288, 288], ""fpn_1"": [256, 144, 144], ""fpn_2"": [256, 72, 72]}","{""fpn_0"": [256, 288, 288]}",288,288,64,32,False,[0.0],"{""fpn_0"": 1.0}",fpn_0=1.000,deterministic_kmeans,cosine,2,outputs/rwtd_sam3_auto/coarse_vs_fine_sam_scales/stage2/smoke_train_fpn_0_only_native/checkpoint.pt,permutation_invariant_binary_partition,architexture_binary_v1,0.8821596371060199,0.7727882927707291
fpn_0_only,test,187,465,"cluster_1->texture_a,cluster_0->texture_b",0.18080153345600258,0.0959771316304647,0.46839829914186026,0.0959771316304647,"[""fpn_0""]",fpn_0,"[""fpn_2"", ""fpn_1"", ""fpn_0""]","{""fpn_0"": [256, 288, 288], ""fpn_1"": [256, 144, 144], ""fpn_2"": [256, 72, 72]}","{""fpn_0"": [256, 288, 288]}",288,288,64,32,False,[0.0],"{""fpn_0"": 1.0}",fpn_0=1.000,deterministic_kmeans,cosine,2,outputs/rwtd_sam3_auto/coarse_vs_fine_sam_scales/stage2/smoke_train_fpn_0_only_native/checkpoint.pt,permutation_invariant_binary_partition,architexture_binary_v1,0.46839829914186026,0.0959771316304647
fpn_0_only,test,188,466,"cluster_1->texture_a,cluster_0->texture_b",0.232273555727804,0.0015670427564425302,0.3496865661886196,0.0015670427564425302,"[""fpn_0""]",fpn_0,"[""fpn_2"", ""fpn_1"", ""fpn_0""]","{""fpn_0"": [256, 288, 288], ""fpn_1"": [256, 144, 144], ""fpn_2"": [256, 72, 72]}","{""fpn_0"": [256, 288, 288]}",288,288,64,32,False,[0.0],"{""fpn_0"": 1.0}",fpn_0=1.000,deterministic_kmeans,cosine,2,outputs/rwtd_sam3_auto/coarse_vs_fine_sam_scales/stage2/smoke_train_fpn_0_only_native/checkpoint.pt,permutation_invariant_binary_partition,architexture_binary_v1,0.3496865661886196,0.0015670427564425302
fpn_0_only,test,189,467,"cluster_0->texture_a,cluster_1->texture_b",0.37073383910026836,-0.007200422431731226,0.2563684569208839,-0.007200422431731226,"[""fpn_0""]",fpn_0,"[""fpn_2"", ""fpn_1"", ""fpn_0""]","{""fpn_0"": [256, 288, 288], ""fpn_1"": [256, 144, 144], ""fpn_2"": [256, 72, 72]}","{""fpn_0"": [256, 288, 288]}",288,288,64,32,False,[0.0],"{""fpn_0"": 1.0}",fpn_0=1.000,deterministic_kmeans,cosine,2,outputs/rwtd_sam3_auto/coarse_vs_fine_sam_scales/stage2/smoke_train_fpn_0_only_native/checkpoint.pt,permutation_invariant_binary_partition,architexture_binary_v1,0.37073383910026836,-0.007200422431731226
fpn_0_only,test,190,468,"cluster_1->texture_a,cluster_0->texture_b",0.14927618610343496,0.22491554015709736,0.583649513977236,0.22491554015709736,"[""fpn_0""]",fpn_0,"[""fpn_2"", ""fpn_1"", ""fpn_0""]","{""fpn_0"": [256, 288, 288], ""fpn_1"": [256, 144, 144], ""fpn_2"": [256, 72, 72]}","{""fpn_0"": [256, 288, 288]}",288,288,64,32,False,[0.0],"{""fpn_0"": 1.0}",fpn_0=1.000,deterministic_kmeans,cosine,2,outputs/rwtd_sam3_auto/coarse_vs_fine_sam_scales/stage2/smoke_train_fpn_0_only_native/checkpoint.pt,permutation_invariant_binary_partition,architexture_binary_v1,0.583649513977236,0.22491554015709736
fpn_0_only,test,191,469,"cluster_0->texture_a,cluster_1->texture_b",0.9336777085570925,0.8786317175254053,0.015745182344586835,0.8786317175254053,"[""fpn_0""]",fpn_0,"[""fpn_2"", ""fpn_1"", ""fpn_0""]","{""fpn_0"": [256, 288, 288], ""fpn_1"": [256, 144, 144], ""fpn_2"": [256, 72, 72]}","{""fpn_0"": [256, 288, 288]}",288,288,64,32,False,[0.0],"{""fpn_0"": 1.0}",fpn_0=1.000,deterministic_kmeans,cosine,2,outputs/rwtd_sam3_auto/coarse_vs_fine_sam_scales/stage2/smoke_train_fpn_0_only_native/checkpoint.pt,permutation_invariant_binary_partition,architexture_binary_v1,0.9336777085570925,0.8786317175254053
fpn_0_only,test,192,47,"cluster_0->texture_a,cluster_1->texture_b",0.6587017098347356,0.3575918677044746,0.10746321739881495,0.3575918677044746,"[""fpn_0""]",fpn_0,"[""fpn_2"", ""fpn_1"", ""fpn_0""]","{""fpn_0"": [256, 288, 288], ""fpn_1"": [256, 144, 144], ""fpn_2"": [256, 72, 72]}","{""fpn_0"": [256, 288, 288]}",288,288,64,32,False,[0.0],"{""fpn_0"": 1.0}",fpn_0=1.000,deterministic_kmeans,cosine,2,outputs/rwtd_sam3_auto/coarse_vs_fine_sam_scales/stage2/smoke_train_fpn_0_only_native/checkpoint.pt,permutation_invariant_binary_partition,architexture_binary_v1,0.6587017098347356,0.3575918677044746
fpn_0_only,test,193,471,"cluster_1->texture_a,cluster_0->texture_b",0.026281791147188052,0.8046159406929032,0.8958626733226479,0.8046159406929032,"[""fpn_0""]",fpn_0,"[""fpn_2"", ""fpn_1"", ""fpn_0""]","{""fpn_0"": [256, 288, 288], ""fpn_1"": [256, 144, 144], ""fpn_2"": [256, 72, 72]}","{""fpn_0"": [256, 288, 288]}",288,288,64,32,False,[0.0],"{""fpn_0"": 1.0}",fpn_0=1.000,deterministic_kmeans,cosine,2,outputs/rwtd_sam3_auto/coarse_vs_fine_sam_scales/stage2/smoke_train_fpn_0_only_native/checkpoint.pt,permutation_invariant_binary_partition,architexture_binary_v1,0.8958626733226479,0.8046159406929032
fpn_0_only,test,194,472,"cluster_0->texture_a,cluster_1->texture_b",0.8587343082434746,0.7209848544308186,0.03919648799929053,0.7209848544308186,"[""fpn_0""]",fpn_0,"[""fpn_2"", ""fpn_1"", ""fpn_0""]","{""fpn_0"": [256, 288, 288], ""fpn_1"": [256, 144, 144], ""fpn_2"": [256, 72, 72]}","{""fpn_0"": [256, 288, 288]}",288,288,64,32,False,[0.0],"{""fpn_0"": 1.0}",fpn_0=1.000,deterministic_kmeans,cosine,2,outputs/rwtd_sam3_auto/coarse_vs_fine_sam_scales/stage2/smoke_train_fpn_0_only_native/checkpoint.pt,permutation_invariant_binary_partition,architexture_binary_v1,0.8587343082434746,0.7209848544308186
fpn_0_only,test,195,473,"cluster_0->texture_a,cluster_1->texture_b",0.7599236704130228,0.5968236500271946,0.05526402389937476,0.5968236500271946,"[""fpn_0""]",fpn_0,"[""fpn_2"", ""fpn_1"", ""fpn_0""]","{""fpn_0"": [256, 288, 288], ""fpn_1"": [256, 144, 144], ""fpn_2"": [256, 72, 72]}","{""fpn_0"": [256, 288, 288]}",288,288,64,32,False,[0.0],"{""fpn_0"": 1.0}",fpn_0=1.000,deterministic_kmeans,cosine,2,outputs/rwtd_sam3_auto/coarse_vs_fine_sam_scales/stage2/smoke_train_fpn_0_only_native/checkpoint.pt,permutation_invariant_binary_partition,architexture_binary_v1,0.7599236704130228,0.5968236500271946
fpn_0_only,test,196,474,"cluster_1->texture_a,cluster_0->texture_b",0.08488251466101414,0.4334448889956287,0.6719182116226332,0.4334448889956287,"[""fpn_0""]",fpn_0,"[""fpn_2"", ""fpn_1"", ""fpn_0""]","{""fpn_0"": [256, 288, 288], ""fpn_1"": [256, 144, 144], ""fpn_2"": [256, 72, 72]}","{""fpn_0"": [256, 288, 288]}",288,288,64,32,False,[0.0],"{""fpn_0"": 1.0}",fpn_0=1.000,deterministic_kmeans,cosine,2,outputs/rwtd_sam3_auto/coarse_vs_fine_sam_scales/stage2/smoke_train_fpn_0_only_native/checkpoint.pt,permutation_invariant_binary_partition,architexture_binary_v1,0.6719182116226332,0.4334448889956287
fpn_0_only,test,197,476,"cluster_0->texture_a,cluster_1->texture_b",0.9164941861009523,0.8456803535497236,0.02022656893519735,0.8456803535497236,"[""fpn_0""]",fpn_0,"[""fpn_2"", ""fpn_1"", ""fpn_0""]","{""fpn_0"": [256, 288, 288], ""fpn_1"": [256, 144, 144], ""fpn_2"": [256, 72, 72]}","{""fpn_0"": [256, 288, 288]}",288,288,64,32,False,[0.0],"{""fpn_0"": 1.0}",fpn_0=1.000,deterministic_kmeans,cosine,2,outputs/rwtd_sam3_auto/coarse_vs_fine_sam_scales/stage2/smoke_train_fpn_0_only_native/checkpoint.pt,permutation_invariant_binary_partition,architexture_binary_v1,0.9164941861009523,0.8456803535497236
fpn_0_only,test,198,478,"cluster_1->texture_a,cluster_0->texture_b",0.01776727194125901,0.8607420685959084,0.9199393952339401,0.8607420685959084,"[""fpn_0""]",fpn_0,"[""fpn_2"", ""fpn_1"", ""fpn_0""]","{""fpn_0"": [256, 288, 288], ""fpn_1"": [256, 144, 144], ""fpn_2"": [256, 72, 72]}","{""fpn_0"": [256, 288, 288]}",288,288,64,32,False,[0.0],"{""fpn_0"": 1.0}",fpn_0=1.000,deterministic_kmeans,cosine,2,outputs/rwtd_sam3_auto/coarse_vs_fine_sam_scales/stage2/smoke_train_fpn_0_only_native/checkpoint.pt,permutation_invariant_binary_partition,architexture_binary_v1,0.9199393952339401,0.8607420685959084
fpn_0_only,test,199,479,"cluster_0->texture_a,cluster_1->texture_b",0.31378102057083523,-0.03438215778546896,0.2565640924149368,-0.03438215778546896,"[""fpn_0""]",fpn_0,"[""fpn_2"", ""fpn_1"", ""fpn_0""]","{""fpn_0"": [256, 288, 288], ""fpn_1"": [256, 144, 144], ""fpn_2"": [256, 72, 72]}","{""fpn_0"": [256, 288, 288]}",288,288,64,32,False,[0.0],"{""fpn_0"": 1.0}",fpn_0=1.000,deterministic_kmeans,cosine,2,outputs/rwtd_sam3_auto/coarse_vs_fine_sam_scales/stage2/smoke_train_fpn_0_only_native/checkpoint.pt,permutation_invariant_binary_partition,architexture_binary_v1,0.31378102057083523,-0.03438215778546896
fpn_0_only,test,200,48,"cluster_0->texture_a,cluster_1->texture_b",0.9117866633346204,0.8368174775661485,0.021260574861813306,0.8368174775661485,"[""fpn_0""]",fpn_0,"[""fpn_2"", ""fpn_1"", ""fpn_0""]","{""fpn_0"": [256, 288, 288], ""fpn_1"": [256, 144, 144], ""fpn_2"": [256, 72, 72]}","{""fpn_0"": [256, 288, 288]}",288,288,64,32,False,[0.0],"{""fpn_0"": 1.0}",fpn_0=1.000,deterministic_kmeans,cosine,2,outputs/rwtd_sam3_auto/coarse_vs_fine_sam_scales/stage2/smoke_train_fpn_0_only_native/checkpoint.pt,permutation_invariant_binary_partition,architexture_binary_v1,0.9117866633346204,0.8368174775661485
fpn_0_only,test,201,485,"cluster_0->texture_a,cluster_1->texture_b",0.895655487127561,0.7952637234205229,0.027784204086515725,0.7952637234205229,"[""fpn_0""]",fpn_0,"[""fpn_2"", ""fpn_1"", ""fpn_0""]","{""fpn_0"": [256, 288, 288], ""fpn_1"": [256, 144, 144], ""fpn_2"": [256, 72, 72]}","{""fpn_0"": [256, 288, 288]}",288,288,64,32,False,[0.0],"{""fpn_0"": 1.0}",fpn_0=1.000,deterministic_kmeans,cosine,2,outputs/rwtd_sam3_auto/coarse_vs_fine_sam_scales/stage2/smoke_train_fpn_0_only_native/checkpoint.pt,permutation_invariant_binary_partition,architexture_binary_v1,0.895655487127561,0.7952637234205229
fpn_0_only,test,202,492,"cluster_0->texture_a,cluster_1->texture_b",0.9573478682737782,0.9160041807185861,0.010773083507927623,0.9160041807185861,"[""fpn_0""]",fpn_0,"[""fpn_2"", ""fpn_1"", ""fpn_0""]","{""fpn_0"": [256, 288, 288], ""fpn_1"": [256, 144, 144], ""fpn_2"": [256, 72, 72]}","{""fpn_0"": [256, 288, 288]}",288,288,64,32,False,[0.0],"{""fpn_0"": 1.0}",fpn_0=1.000,deterministic_kmeans,cosine,2,outputs/rwtd_sam3_auto/coarse_vs_fine_sam_scales/stage2/smoke_train_fpn_0_only_native/checkpoint.pt,permutation_invariant_binary_partition,architexture_binary_v1,0.9573478682737782,0.9160041807185861
fpn_0_only,test,203,5,"cluster_0->texture_a,cluster_1->texture_b",0.7268946531750091,0.49074191027160924,0.07659779865446217,0.49074191027160924,"[""fpn_0""]",fpn_0,"[""fpn_2"", ""fpn_1"", ""fpn_0""]","{""fpn_0"": [256, 288, 288], ""fpn_1"": [256, 144, 144], ""fpn_2"": [256, 72, 72]}","{""fpn_0"": [256, 288, 288]}",288,288,64,32,False,[0.0],"{""fpn_0"": 1.0}",fpn_0=1.000,deterministic_kmeans,cosine,2,outputs/rwtd_sam3_auto/coarse_vs_fine_sam_scales/stage2/smoke_train_fpn_0_only_native/checkpoint.pt,permutation_invariant_binary_partition,architexture_binary_v1,0.7268946531750091,0.49074191027160924
fpn_0_only,test,204,51,"cluster_0->texture_a,cluster_1->texture_b",0.5029073912603469,0.12255240333966648,0.1831745786635528,0.12255240333966648,"[""fpn_0""]",fpn_0,"[""fpn_2"", ""fpn_1"", ""fpn_0""]","{""fpn_0"": [256, 288, 288], ""fpn_1"": [256, 144, 144], ""fpn_2"": [256, 72, 72]}","{""fpn_0"": [256, 288, 288]}",288,288,64,32,False,[0.0],"{""fpn_0"": 1.0}",fpn_0=1.000,deterministic_kmeans,cosine,2,outputs/rwtd_sam3_auto/coarse_vs_fine_sam_scales/stage2/smoke_train_fpn_0_only_native/checkpoint.pt,permutation_invariant_binary_partition,architexture_binary_v1,0.5029073912603469,0.12255240333966648
fpn_0_only,test,205,56,"cluster_0->texture_a,cluster_1->texture_b",0.8062310909344728,0.6200236208148379,0.05612035131841167,0.6200236208148379,"[""fpn_0""]",fpn_0,"[""fpn_2"", ""fpn_1"", ""fpn_0""]","{""fpn_0"": [256, 288, 288], ""fpn_1"": [256, 144, 144], ""fpn_2"": [256, 72, 72]}","{""fpn_0"": [256, 288, 288]}",288,288,64,32,False,[0.0],"{""fpn_0"": 1.0}",fpn_0=1.000,deterministic_kmeans,cosine,2,outputs/rwtd_sam3_auto/coarse_vs_fine_sam_scales/stage2/smoke_train_fpn_0_only_native/checkpoint.pt,permutation_invariant_binary_partition,architexture_binary_v1,0.8062310909344728,0.6200236208148379
fpn_0_only,test,206,58,"cluster_1->texture_a,cluster_0->texture_b",0.052427617598700425,0.6326494135001771,0.8123202982217946,0.6326494135001771,"[""fpn_0""]",fpn_0,"[""fpn_2"", ""fpn_1"", ""fpn_0""]","{""fpn_0"": [256, 288, 288], ""fpn_1"": [256, 144, 144], ""fpn_2"": [256, 72, 72]}","{""fpn_0"": [256, 288, 288]}",288,288,64,32,False,[0.0],"{""fpn_0"": 1.0}",fpn_0=1.000,deterministic_kmeans,cosine,2,outputs/rwtd_sam3_auto/coarse_vs_fine_sam_scales/stage2/smoke_train_fpn_0_only_native/checkpoint.pt,permutation_invariant_binary_partition,architexture_binary_v1,0.8123202982217946,0.6326494135001771
fpn_0_only,test,207,59,"cluster_1->texture_a,cluster_0->texture_b",0.0711319294271303,0.5273160832380855,0.7535394432813233,0.5273160832380855,"[""fpn_0""]",fpn_0,"[""fpn_2"", ""fpn_1"", ""fpn_0""]","{""fpn_0"": [256, 288, 288], ""fpn_1"": [256, 144, 144], ""fpn_2"": [256, 72, 72]}","{""fpn_0"": [256, 288, 288]}",288,288,64,32,False,[0.0],"{""fpn_0"": 1.0}",fpn_0=1.000,deterministic_kmeans,cosine,2,outputs/rwtd_sam3_auto/coarse_vs_fine_sam_scales/stage2/smoke_train_fpn_0_only_native/checkpoint.pt,permutation_invariant_binary_partition,architexture_binary_v1,0.7535394432813233,0.5273160832380855
fpn_0_only,test,208,60,"cluster_0->texture_a,cluster_1->texture_b",0.4449655198494561,0.04311225872268253,0.20568491038899506,0.04311225872268253,"[""fpn_0""]",fpn_0,"[""fpn_2"", ""fpn_1"", ""fpn_0""]","{""fpn_0"": [256, 288, 288], ""fpn_1"": [256, 144, 144], ""fpn_2"": [256, 72, 72]}","{""fpn_0"": [256, 288, 288]}",288,288,64,32,False,[0.0],"{""fpn_0"": 1.0}",fpn_0=1.000,deterministic_kmeans,cosine,2,outputs/rwtd_sam3_auto/coarse_vs_fine_sam_scales/stage2/smoke_train_fpn_0_only_native/checkpoint.pt,permutation_invariant_binary_partition,architexture_binary_v1,0.4449655198494561,0.04311225872268253
fpn_0_only,test,209,63,"cluster_1->texture_a,cluster_0->texture_b",0.2371668835221333,-0.02278785312710589,0.3743867676871501,-0.02278785312710589,"[""fpn_0""]",fpn_0,"[""fpn_2"", ""fpn_1"", ""fpn_0""]","{""fpn_0"": [256, 288, 288], ""fpn_1"": [256, 144, 144], ""fpn_2"": [256, 72, 72]}","{""fpn_0"": [256, 288, 288]}",288,288,64,32,False,[0.0],"{""fpn_0"": 1.0}",fpn_0=1.000,deterministic_kmeans,cosine,2,outputs/rwtd_sam3_auto/coarse_vs_fine_sam_scales/stage2/smoke_train_fpn_0_only_native/checkpoint.pt,permutation_invariant_binary_partition,architexture_binary_v1,0.3743867676871501,-0.02278785312710589
fpn_0_only,test,210,67,"cluster_1->texture_a,cluster_0->texture_b",0.08482655940065839,0.47050384906008563,0.7173099569208468,0.47050384906008563,"[""fpn_0""]",fpn_0,"[""fpn_2"", ""fpn_1"", ""fpn_0""]","{""fpn_0"": [256, 288, 288], ""fpn_1"": [256, 144, 144], ""fpn_2"": [256, 72, 72]}","{""fpn_0"": [256, 288, 288]}",288,288,64,32,False,[0.0],"{""fpn_0"": 1.0}",fpn_0=1.000,deterministic_kmeans,cosine,2,outputs/rwtd_sam3_auto/coarse_vs_fine_sam_scales/stage2/smoke_train_fpn_0_only_native/checkpoint.pt,permutation_invariant_binary_partition,architexture_binary_v1,0.7173099569208468,0.47050384906008563
fpn_0_only,test,211,69,"cluster_0->texture_a,cluster_1->texture_b",0.4250640825552068,0.0474628116445175,0.21681824131465915,0.0474628116445175,"[""fpn_0""]",fpn_0,"[""fpn_2"", ""fpn_1"", ""fpn_0""]","{""fpn_0"": [256, 288, 288], ""fpn_1"": [256, 144, 144], ""fpn_2"": [256, 72, 72]}","{""fpn_0"": [256, 288, 288]}",288,288,64,32,False,[0.0],"{""fpn_0"": 1.0}",fpn_0=1.000,deterministic_kmeans,cosine,2,outputs/rwtd_sam3_auto/coarse_vs_fine_sam_scales/stage2/smoke_train_fpn_0_only_native/checkpoint.pt,permutation_invariant_binary_partition,architexture_binary_v1,0.4250640825552068,0.0474628116445175
fpn_0_only,test,212,70,"cluster_0->texture_a,cluster_1->texture_b",0.34318901504960025,0.0022266925773750156,0.30240757095372994,0.0022266925773750156,"[""fpn_0""]",fpn_0,"[""fpn_2"", ""fpn_1"", ""fpn_0""]","{""fpn_0"": [256, 288, 288], ""fpn_1"": [256, 144, 144], ""fpn_2"": [256, 72, 72]}","{""fpn_0"": [256, 288, 288]}",288,288,64,32,False,[0.0],"{""fpn_0"": 1.0}",fpn_0=1.000,deterministic_kmeans,cosine,2,outputs/rwtd_sam3_auto/coarse_vs_fine_sam_scales/stage2/smoke_train_fpn_0_only_native/checkpoint.pt,permutation_invariant_binary_partition,architexture_binary_v1,0.34318901504960025,0.0022266925773750156
fpn_0_only,test,213,71,"cluster_0->texture_a,cluster_1->texture_b",0.5869847343886094,0.2936116910816946,0.11346640252386726,0.2936116910816946,"[""fpn_0""]",fpn_0,"[""fpn_2"", ""fpn_1"", ""fpn_0""]","{""fpn_0"": [256, 288, 288], ""fpn_1"": [256, 144, 144], ""fpn_2"": [256, 72, 72]}","{""fpn_0"": [256, 288, 288]}",288,288,64,32,False,[0.0],"{""fpn_0"": 1.0}",fpn_0=1.000,deterministic_kmeans,cosine,2,outputs/rwtd_sam3_auto/coarse_vs_fine_sam_scales/stage2/smoke_train_fpn_0_only_native/checkpoint.pt,permutation_invariant_binary_partition,architexture_binary_v1,0.5869847343886094,0.2936116910816946
fpn_0_only,test,214,73,"cluster_0->texture_a,cluster_1->texture_b",0.7139458114925196,0.4442969617737907,0.08992151579202323,0.4442969617737907,"[""fpn_0""]",fpn_0,"[""fpn_2"", ""fpn_1"", ""fpn_0""]","{""fpn_0"": [256, 288, 288], ""fpn_1"": [256, 144, 144], ""fpn_2"": [256, 72, 72]}","{""fpn_0"": [256, 288, 288]}",288,288,64,32,False,[0.0],"{""fpn_0"": 1.0}",fpn_0=1.000,deterministic_kmeans,cosine,2,outputs/rwtd_sam3_auto/coarse_vs_fine_sam_scales/stage2/smoke_train_fpn_0_only_native/checkpoint.pt,permutation_invariant_binary_partition,architexture_binary_v1,0.7139458114925196,0.4442969617737907
fpn_0_only,test,215,74,"cluster_0->texture_a,cluster_1->texture_b",0.31187134557340107,-0.0018486877249119962,0.2927553417713027,-0.0018486877249119962,"[""fpn_0""]",fpn_0,"[""fpn_2"", ""fpn_1"", ""fpn_0""]","{""fpn_0"": [256, 288, 288], ""fpn_1"": [256, 144, 144], ""fpn_2"": [256, 72, 72]}","{""fpn_0"": [256, 288, 288]}",288,288,64,32,False,[0.0],"{""fpn_0"": 1.0}",fpn_0=1.000,deterministic_kmeans,cosine,2,outputs/rwtd_sam3_auto/coarse_vs_fine_sam_scales/stage2/smoke_train_fpn_0_only_native/checkpoint.pt,permutation_invariant_binary_partition,architexture_binary_v1,0.31187134557340107,-0.0018486877249119962
fpn_0_only,test,216,76,"cluster_0->texture_a,cluster_1->texture_b",0.5207002178654926,0.13988059996229565,0.17431654006427097,0.13988059996229565,"[""fpn_0""]",fpn_0,"[""fpn_2"", ""fpn_1"", ""fpn_0""]","{""fpn_0"": [256, 288, 288], ""fpn_1"": [256, 144, 144], ""fpn_2"": [256, 72, 72]}","{""fpn_0"": [256, 288, 288]}",288,288,64,32,False,[0.0],"{""fpn_0"": 1.0}",fpn_0=1.000,deterministic_kmeans,cosine,2,outputs/rwtd_sam3_auto/coarse_vs_fine_sam_scales/stage2/smoke_train_fpn_0_only_native/checkpoint.pt,permutation_invariant_binary_partition,architexture_binary_v1,0.5207002178654926,0.13988059996229565
fpn_0_only,test,217,77,"cluster_0->texture_a,cluster_1->texture_b",0.3659690747214468,-0.019737969084288397,0.20970554257264715,-0.019737969084288397,"[""fpn_0""]",fpn_0,"[""fpn_2"", ""fpn_1"", ""fpn_0""]","{""fpn_0"": [256, 288, 288], ""fpn_1"": [256, 144, 144], ""fpn_2"": [256, 72, 72]}","{""fpn_0"": [256, 288, 288]}",288,288,64,32,False,[0.0],"{""fpn_0"": 1.0}",fpn_0=1.000,deterministic_kmeans,cosine,2,outputs/rwtd_sam3_auto/coarse_vs_fine_sam_scales/stage2/smoke_train_fpn_0_only_native/checkpoint.pt,permutation_invariant_binary_partition,architexture_binary_v1,0.3659690747214468,-0.019737969084288397
fpn_0_only,test,218,78,"cluster_1->texture_a,cluster_0->texture_b",0.22541845540306035,-0.015006592712176263,0.3819065825014089,-0.015006592712176263,"[""fpn_0""]",fpn_0,"[""fpn_2"", ""fpn_1"", ""fpn_0""]","{""fpn_0"": [256, 288, 288], ""fpn_1"": [256, 144, 144], ""fpn_2"": [256, 72, 72]}","{""fpn_0"": [256, 288, 288]}",288,288,64,32,False,[0.0],"{""fpn_0"": 1.0}",fpn_0=1.000,deterministic_kmeans,cosine,2,outputs/rwtd_sam3_auto/coarse_vs_fine_sam_scales/stage2/smoke_train_fpn_0_only_native/checkpoint.pt,permutation_invariant_binary_partition,architexture_binary_v1,0.3819065825014089,-0.015006592712176263
fpn_0_only,test,219,79,"cluster_1->texture_a,cluster_0->texture_b",0.03532597560675653,0.7048709607896263,0.8128124895554593,0.7048709607896263,"[""fpn_0""]",fpn_0,"[""fpn_2"", ""fpn_1"", ""fpn_0""]","{""fpn_0"": [256, 288, 288], ""fpn_1"": [256, 144, 144], ""fpn_2"": [256, 72, 72]}","{""fpn_0"": [256, 288, 288]}",288,288,64,32,False,[0.0],"{""fpn_0"": 1.0}",fpn_0=1.000,deterministic_kmeans,cosine,2,outputs/rwtd_sam3_auto/coarse_vs_fine_sam_scales/stage2/smoke_train_fpn_0_only_native/checkpoint.pt,permutation_invariant_binary_partition,architexture_binary_v1,0.8128124895554593,0.7048709607896263
fpn_0_only,test,220,8,"cluster_1->texture_a,cluster_0->texture_b",0.15983195235356323,0.1849564964138962,0.5566583158922855,0.1849564964138962,"[""fpn_0""]",fpn_0,"[""fpn_2"", ""fpn_1"", ""fpn_0""]","{""fpn_0"": [256, 288, 288], ""fpn_1"": [256, 144, 144], ""fpn_2"": [256, 72, 72]}","{""fpn_0"": [256, 288, 288]}",288,288,64,32,False,[0.0],"{""fpn_0"": 1.0}",fpn_0=1.000,deterministic_kmeans,cosine,2,outputs/rwtd_sam3_auto/coarse_vs_fine_sam_scales/stage2/smoke_train_fpn_0_only_native/checkpoint.pt,permutation_invariant_binary_partition,architexture_binary_v1,0.5566583158922855,0.1849564964138962
fpn_0_only,test,221,84,"cluster_0->texture_a,cluster_1->texture_b",0.8344611355371774,0.6759931014559388,0.04614697474439693,0.6759931014559388,"[""fpn_0""]",fpn_0,"[""fpn_2"", ""fpn_1"", ""fpn_0""]","{""fpn_0"": [256, 288, 288], ""fpn_1"": [256, 144, 144], ""fpn_2"": [256, 72, 72]}","{""fpn_0"": [256, 288, 288]}",288,288,64,32,False,[0.0],"{""fpn_0"": 1.0}",fpn_0=1.000,deterministic_kmeans,cosine,2,outputs/rwtd_sam3_auto/coarse_vs_fine_sam_scales/stage2/smoke_train_fpn_0_only_native/checkpoint.pt,permutation_invariant_binary_partition,architexture_binary_v1,0.8344611355371774,0.6759931014559388
fpn_0_only,test,222,85,"cluster_1->texture_a,cluster_0->texture_b",0.08083022165324555,0.4796639168243826,0.7197551524012038,0.4796639168243826,"[""fpn_0""]",fpn_0,"[""fpn_2"", ""fpn_1"", ""fpn_0""]","{""fpn_0"": [256, 288, 288], ""fpn_1"": [256, 144, 144], ""fpn_2"": [256, 72, 72]}","{""fpn_0"": [256, 288, 288]}",288,288,64,32,False,[0.0],"{""fpn_0"": 1.0}",fpn_0=1.000,deterministic_kmeans,cosine,2,outputs/rwtd_sam3_auto/coarse_vs_fine_sam_scales/stage2/smoke_train_fpn_0_only_native/checkpoint.pt,permutation_invariant_binary_partition,architexture_binary_v1,0.7197551524012038,0.4796639168243826
fpn_0_only,test,223,86,"cluster_1->texture_a,cluster_0->texture_b",0.03628133736365835,0.7344742566343219,0.8601579423398713,0.7344742566343219,"[""fpn_0""]",fpn_0,"[""fpn_2"", ""fpn_1"", ""fpn_0""]","{""fpn_0"": [256, 288, 288], ""fpn_1"": [256, 144, 144], ""fpn_2"": [256, 72, 72]}","{""fpn_0"": [256, 288, 288]}",288,288,64,32,False,[0.0],"{""fpn_0"": 1.0}",fpn_0=1.000,deterministic_kmeans,cosine,2,outputs/rwtd_sam3_auto/coarse_vs_fine_sam_scales/stage2/smoke_train_fpn_0_only_native/checkpoint.pt,permutation_invariant_binary_partition,architexture_binary_v1,0.8601579423398713,0.7344742566343219
fpn_0_only,test,224,88,"cluster_1->texture_a,cluster_0->texture_b",0.03735337884627023,0.7326060928594825,0.8655656176784643,0.7326060928594825,"[""fpn_0""]",fpn_0,"[""fpn_2"", ""fpn_1"", ""fpn_0""]","{""fpn_0"": [256, 288, 288], ""fpn_1"": [256, 144, 144], ""fpn_2"": [256, 72, 72]}","{""fpn_0"": [256, 288, 288]}",288,288,64,32,False,[0.0],"{""fpn_0"": 1.0}",fpn_0=1.000,deterministic_kmeans,cosine,2,outputs/rwtd_sam3_auto/coarse_vs_fine_sam_scales/stage2/smoke_train_fpn_0_only_native/checkpoint.pt,permutation_invariant_binary_partition,architexture_binary_v1,0.8655656176784643,0.7326060928594825
fpn_0_only,test,225,95,"cluster_0->texture_a,cluster_1->texture_b",0.5076383298409124,0.13409324977284506,0.1686066999260668,0.13409324977284506,"[""fpn_0""]",fpn_0,"[""fpn_2"", ""fpn_1"", ""fpn_0""]","{""fpn_0"": [256, 288, 288], ""fpn_1"": [256, 144, 144], ""fpn_2"": [256, 72, 72]}","{""fpn_0"": [256, 288, 288]}",288,288,64,32,False,[0.0],"{""fpn_0"": 1.0}",fpn_0=1.000,deterministic_kmeans,cosine,2,outputs/rwtd_sam3_auto/coarse_vs_fine_sam_scales/stage2/smoke_train_fpn_0_only_native/checkpoint.pt,permutation_invariant_binary_partition,architexture_binary_v1,0.5076383298409124,0.13409324977284506
fpn_0_only,test,226,96,"cluster_0->texture_a,cluster_1->texture_b",0.44631785067303387,0.05402398587696499,0.2271239550064628,0.05402398587696499,"[""fpn_0""]",fpn_0,"[""fpn_2"", ""fpn_1"", ""fpn_0""]","{""fpn_0"": [256, 288, 288], ""fpn_1"": [256, 144, 144], ""fpn_2"": [256, 72, 72]}","{""fpn_0"": [256, 288, 288]}",288,288,64,32,False,[0.0],"{""fpn_0"": 1.0}",fpn_0=1.000,deterministic_kmeans,cosine,2,outputs/rwtd_sam3_auto/coarse_vs_fine_sam_scales/stage2/smoke_train_fpn_0_only_native/checkpoint.pt,permutation_invariant_binary_partition,architexture_binary_v1,0.44631785067303387,0.05402398587696499
