{
  "dataset_id": "aviadcohz/RWTD",
  "empty_texture_predictions": 5,
  "failures": [],
  "mean_metrics": {
    "boundary_dice": 0.012045556584007645,
    "boundary_iou": 0.0065626314475138135,
    "boundary_precision": 0.16993925771606044,
    "boundary_recall": 0.026853633289088526,
    "sample_ari": 0.6144362087125679,
    "sample_macro_dice": 0.5673502872278626,
    "sample_macro_iou": 0.5163333394546945,
    "sample_macro_precision": 0.9485117561160001,
    "sample_macro_recall": 0.5215793340029208,
    "sample_miou": 0.5163333394546945,
    "texture_a_dice": 0.5612999348645954,
    "texture_a_iou": 0.5127136866080377,
    "texture_a_precision": 0.9625720959276756,
    "texture_a_recall": 0.5154600493307419,
    "texture_b_dice": 0.5734006395911299,
    "texture_b_iou": 0.5199529923013513,
    "texture_b_precision": 0.9344514163043247,
    "texture_b_recall": 0.5276986186750997
  },
  "median_metrics": {
    "boundary_dice": 0.0,
    "boundary_iou": 0.0,
    "boundary_precision": 0.0,
    "boundary_recall": 0.0,
    "sample_ari": 0.7748999669093045,
    "sample_macro_dice": 0.5163007458910184,
    "sample_macro_iou": 0.4846107165693868,
    "sample_macro_precision": 0.997374549565871,
    "sample_macro_recall": 0.49132437610184415,
    "sample_miou": 0.4846107165693868,
    "texture_a_dice": 0.8092899259063562,
    "texture_a_iou": 0.6796700082699639,
    "texture_a_precision": 0.9999803377966535,
    "texture_a_recall": 0.6796700082699639,
    "texture_b_dice": 0.8241501169677965,
    "texture_b_iou": 0.7008973924822215,
    "texture_b_precision": 0.9993388186893917,
    "texture_b_recall": 0.7184378445194267
  },
  "model_id": "facebook/sam3",
  "num_evaluated_samples": 227,
  "num_failed_samples": 0,
  "num_total_samples": 227,
  "protocol": "oracle_points",
  "split": "test"
}
