{
  "edge_metrics": {
    "AP": 0.43419249243937863,
    "ODS_threshold": 0.01,
    "ODS_recall": 0.5194787411278727,
    "ODS_precision": 0.6738506172474023,
    "ODS_f1": 0.5866797257590597,
    "OIS_recall": 0.5096594928908871,
    "OIS_precision": 0.724674481807488,
    "OIS_f1": 0.5984397034833671
  },
  "generic_metrics": null,
  "meta": {
    "generic": {
      "metrics_namespace": "pixel",
      "enabled": false
    },
    "edge": {
      "protocol": "legacy",
      "ap_mode": "bsds_interp",
      "edge_keys_mode": "legacy_minimal",
      "thresholds": 99,
      "max_dist": 0.0075,
      "apply_thinning": true,
      "apply_nms": true
    }
  }
}