{
  "val": {
    "select_best_metric": "edge/AP",
    "best_score": 0.49953120035554294,
    "best_step": 3800,
    "last_score": 0.49820822259301933,
    "last_step": 4000,
    "all_metrics_last": {
      "edge/AP": 0.49820822259301933,
      "edge/ODS_threshold": 0.01,
      "edge/ODS_recall": 0.5537703232569626,
      "edge/ODS_precision": 0.8148889778845726,
      "edge/ODS_f1": 0.6594209856686751,
      "edge/OIS_recall": 0.5520970879658096,
      "edge/OIS_precision": 0.827336716814694,
      "edge/OIS_f1": 0.6622575009219348
    }
  }
}