{
  "edge_metrics": {
    "AP": 0.5596046004742993,
    "ODS_threshold": 0.21000000000000002,
    "ODS_recall": 0.6167343688576641,
    "ODS_precision": 0.7264810426540285,
    "ODS_f1": 0.6671243100524681,
    "OIS_recall": 0.6639196040681793,
    "OIS_precision": 0.7219890710382514,
    "OIS_f1": 0.691737784451717
  },
  "generic_metrics": null,
  "meta": {
    "generic": {
      "metrics_namespace": "pixel",
      "enabled": false
    },
    "edge": {
      "protocol": "legacy",
      "ap_mode": "bsds_interp",
      "edge_keys_mode": "legacy_minimal",
      "thresholds": 99,
      "max_dist": 0.0075,
      "apply_thinning": true,
      "apply_nms": true
    }
  }
}