{
  "edge/AP": 0.5596046004742993,
  "edge/ODS_threshold": 0.21000000000000002,
  "edge/ODS_recall": 0.6167343688576641,
  "edge/ODS_precision": 0.7264810426540285,
  "edge/ODS_f1": 0.6671243100524681,
  "edge/OIS_recall": 0.6639196040681793,
  "edge/OIS_precision": 0.7219890710382514,
  "edge/OIS_f1": 0.691737784451717
}