{
  "edge_metrics": {
    "AP": 0.4360051889769101,
    "ODS_threshold": 0.01,
    "ODS_recall": 0.5175217381381656,
    "ODS_precision": 0.6822130463232474,
    "ODS_f1": 0.588563549355179,
    "OIS_recall": 0.5085297943720474,
    "OIS_precision": 0.7301406558478263,
    "OIS_f1": 0.5995109958666707
  },
  "generic_metrics": null,
  "meta": {
    "generic": {
      "metrics_namespace": "pixel",
      "enabled": false
    },
    "edge": {
      "protocol": "legacy",
      "ap_mode": "bsds_interp",
      "edge_keys_mode": "legacy_minimal",
      "thresholds": 99,
      "max_dist": 0.0075,
      "apply_thinning": true,
      "apply_nms": true
    }
  }
}