{
  "edge_metrics": {
    "AP": 0.449543275819053,
    "ODS_threshold": 0.02,
    "ODS_recall": 0.5185829700801059,
    "ODS_precision": 0.6868354832128041,
    "ODS_f1": 0.5909668694185,
    "OIS_recall": 0.5200949403199672,
    "OIS_precision": 0.7237187884561946,
    "OIS_f1": 0.6052393077553838
  },
  "generic_metrics": null,
  "meta": {
    "generic": {
      "metrics_namespace": "pixel",
      "enabled": false
    },
    "edge": {
      "protocol": "legacy",
      "ap_mode": "bsds_interp",
      "edge_keys_mode": "legacy_minimal",
      "thresholds": 99,
      "max_dist": 0.0075,
      "apply_thinning": true,
      "apply_nms": true
    }
  }
}