{
  "edge_metrics": {
    "AP": 0.4845389167287387,
    "ODS_threshold": 0.01,
    "ODS_recall": 0.5385257385922648,
    "ODS_precision": 0.8325140012445551,
    "ODS_f1": 0.6540003245449116,
    "OIS_recall": 0.5378564444758036,
    "OIS_precision": 0.8365210041945783,
    "OIS_f1": 0.6547374791120155
  },
  "generic_metrics": null,
  "meta": {
    "generic": {
      "metrics_namespace": "pixel",
      "enabled": false
    },
    "edge": {
      "protocol": "legacy",
      "ap_mode": "bsds_interp",
      "edge_keys_mode": "legacy_minimal",
      "thresholds": 99,
      "max_dist": 0.0075,
      "apply_thinning": true,
      "apply_nms": true
    }
  }
}