variant,split,sample_index,crop_name,assignment_used,direct_eval_miou,direct_eval_ari,swapped_eval_miou,swapped_eval_ari,selected_level_names_json,coarsest_level_name,raw_level_names_json,raw_level_shapes_json,aligned_level_shapes_json,coarsest_grid_height,coarsest_grid_width,probe_projection_dim,probe_embedding_dim,learnable_gates,gate_logits_json,gate_weights_json,final_gate_weights_compact,kmeans_backend,kmeans_metric,kmeans_num_clusters,checkpoint_path,evaluation_view,evaluation_contract,eval_miou,eval_ari
fpn_2_only,test,0,1,"cluster_0->texture_a,cluster_1->texture_b",0.9506742325662134,0.928732910417553,0.007538409141064359,0.928732910417553,"[""fpn_2""]",fpn_2,"[""fpn_2"", ""fpn_1"", ""fpn_0""]","{""fpn_0"": [256, 288, 288], ""fpn_1"": [256, 144, 144], ""fpn_2"": [256, 72, 72]}","{""fpn_2"": [256, 72, 72]}",72,72,64,32,False,[0.0],"{""fpn_2"": 1.0}",fpn_2=1.000,deterministic_kmeans,cosine,2,outputs/rwtd_sam3_auto/coarse_vs_fine_sam_scales/stage2/train_fpn_2_only_test/checkpoint.pt,permutation_invariant_binary_partition,architexture_binary_v1,0.9506742325662134,0.928732910417553
fpn_2_only,test,1,101,"cluster_0->texture_a,cluster_1->texture_b",0.8513949221459665,0.7119359734799893,0.03942483141430528,0.7119359734799893,"[""fpn_2""]",fpn_2,"[""fpn_2"", ""fpn_1"", ""fpn_0""]","{""fpn_0"": [256, 288, 288], ""fpn_1"": [256, 144, 144], ""fpn_2"": [256, 72, 72]}","{""fpn_2"": [256, 72, 72]}",72,72,64,32,False,[0.0],"{""fpn_2"": 1.0}",fpn_2=1.000,deterministic_kmeans,cosine,2,outputs/rwtd_sam3_auto/coarse_vs_fine_sam_scales/stage2/train_fpn_2_only_test/checkpoint.pt,permutation_invariant_binary_partition,architexture_binary_v1,0.8513949221459665,0.7119359734799893
fpn_2_only,test,2,102,"cluster_0->texture_a,cluster_1->texture_b",0.8921173986558117,0.7875348421969318,0.02855085424997568,0.7875348421969318,"[""fpn_2""]",fpn_2,"[""fpn_2"", ""fpn_1"", ""fpn_0""]","{""fpn_0"": [256, 288, 288], ""fpn_1"": [256, 144, 144], ""fpn_2"": [256, 72, 72]}","{""fpn_2"": [256, 72, 72]}",72,72,64,32,False,[0.0],"{""fpn_2"": 1.0}",fpn_2=1.000,deterministic_kmeans,cosine,2,outputs/rwtd_sam3_auto/coarse_vs_fine_sam_scales/stage2/train_fpn_2_only_test/checkpoint.pt,permutation_invariant_binary_partition,architexture_binary_v1,0.8921173986558117,0.7875348421969318
fpn_2_only,test,3,103,"cluster_1->texture_a,cluster_0->texture_b",0.02436788821411304,0.812272368791811,0.8906690227219756,0.812272368791811,"[""fpn_2""]",fpn_2,"[""fpn_2"", ""fpn_1"", ""fpn_0""]","{""fpn_0"": [256, 288, 288], ""fpn_1"": [256, 144, 144], ""fpn_2"": [256, 72, 72]}","{""fpn_2"": [256, 72, 72]}",72,72,64,32,False,[0.0],"{""fpn_2"": 1.0}",fpn_2=1.000,deterministic_kmeans,cosine,2,outputs/rwtd_sam3_auto/coarse_vs_fine_sam_scales/stage2/train_fpn_2_only_test/checkpoint.pt,permutation_invariant_binary_partition,architexture_binary_v1,0.8906690227219756,0.812272368791811
fpn_2_only,test,4,104,"cluster_1->texture_a,cluster_0->texture_b",0.01984380587262631,0.5622119123880689,0.6966857907397408,0.5622119123880689,"[""fpn_2""]",fpn_2,"[""fpn_2"", ""fpn_1"", ""fpn_0""]","{""fpn_0"": [256, 288, 288], ""fpn_1"": [256, 144, 144], ""fpn_2"": [256, 72, 72]}","{""fpn_2"": [256, 72, 72]}",72,72,64,32,False,[0.0],"{""fpn_2"": 1.0}",fpn_2=1.000,deterministic_kmeans,cosine,2,outputs/rwtd_sam3_auto/coarse_vs_fine_sam_scales/stage2/train_fpn_2_only_test/checkpoint.pt,permutation_invariant_binary_partition,architexture_binary_v1,0.6966857907397408,0.5622119123880689
fpn_2_only,test,5,106,"cluster_1->texture_a,cluster_0->texture_b",0.034069553068710415,0.6954818914695752,0.800295594717293,0.6954818914695752,"[""fpn_2""]",fpn_2,"[""fpn_2"", ""fpn_1"", ""fpn_0""]","{""fpn_0"": [256, 288, 288], ""fpn_1"": [256, 144, 144], ""fpn_2"": [256, 72, 72]}","{""fpn_2"": [256, 72, 72]}",72,72,64,32,False,[0.0],"{""fpn_2"": 1.0}",fpn_2=1.000,deterministic_kmeans,cosine,2,outputs/rwtd_sam3_auto/coarse_vs_fine_sam_scales/stage2/train_fpn_2_only_test/checkpoint.pt,permutation_invariant_binary_partition,architexture_binary_v1,0.800295594717293,0.6954818914695752
fpn_2_only,test,6,12,"cluster_0->texture_a,cluster_1->texture_b",0.9208811585227784,0.8421040308706361,0.020868771623759465,0.8421040308706361,"[""fpn_2""]",fpn_2,"[""fpn_2"", ""fpn_1"", ""fpn_0""]","{""fpn_0"": [256, 288, 288], ""fpn_1"": [256, 144, 144], ""fpn_2"": [256, 72, 72]}","{""fpn_2"": [256, 72, 72]}",72,72,64,32,False,[0.0],"{""fpn_2"": 1.0}",fpn_2=1.000,deterministic_kmeans,cosine,2,outputs/rwtd_sam3_auto/coarse_vs_fine_sam_scales/stage2/train_fpn_2_only_test/checkpoint.pt,permutation_invariant_binary_partition,architexture_binary_v1,0.9208811585227784,0.8421040308706361
fpn_2_only,test,7,121,"cluster_0->texture_a,cluster_1->texture_b",0.9453220604932571,0.8951385648257982,0.013589538913865199,0.8951385648257982,"[""fpn_2""]",fpn_2,"[""fpn_2"", ""fpn_1"", ""fpn_0""]","{""fpn_0"": [256, 288, 288], ""fpn_1"": [256, 144, 144], ""fpn_2"": [256, 72, 72]}","{""fpn_2"": [256, 72, 72]}",72,72,64,32,False,[0.0],"{""fpn_2"": 1.0}",fpn_2=1.000,deterministic_kmeans,cosine,2,outputs/rwtd_sam3_auto/coarse_vs_fine_sam_scales/stage2/train_fpn_2_only_test/checkpoint.pt,permutation_invariant_binary_partition,architexture_binary_v1,0.9453220604932571,0.8951385648257982
fpn_2_only,test,8,122,"cluster_0->texture_a,cluster_1->texture_b",0.9133719544212524,0.827271023935995,0.022661133711180427,0.827271023935995,"[""fpn_2""]",fpn_2,"[""fpn_2"", ""fpn_1"", ""fpn_0""]","{""fpn_0"": [256, 288, 288], ""fpn_1"": [256, 144, 144], ""fpn_2"": [256, 72, 72]}","{""fpn_2"": [256, 72, 72]}",72,72,64,32,False,[0.0],"{""fpn_2"": 1.0}",fpn_2=1.000,deterministic_kmeans,cosine,2,outputs/rwtd_sam3_auto/coarse_vs_fine_sam_scales/stage2/train_fpn_2_only_test/checkpoint.pt,permutation_invariant_binary_partition,architexture_binary_v1,0.9133719544212524,0.827271023935995
fpn_2_only,test,9,125,"cluster_0->texture_a,cluster_1->texture_b",0.963532296462508,0.9366621213596322,0.007892603278891323,0.9366621213596322,"[""fpn_2""]",fpn_2,"[""fpn_2"", ""fpn_1"", ""fpn_0""]","{""fpn_0"": [256, 288, 288], ""fpn_1"": [256, 144, 144], ""fpn_2"": [256, 72, 72]}","{""fpn_2"": [256, 72, 72]}",72,72,64,32,False,[0.0],"{""fpn_2"": 1.0}",fpn_2=1.000,deterministic_kmeans,cosine,2,outputs/rwtd_sam3_auto/coarse_vs_fine_sam_scales/stage2/train_fpn_2_only_test/checkpoint.pt,permutation_invariant_binary_partition,architexture_binary_v1,0.963532296462508,0.9366621213596322
fpn_2_only,test,10,128,"cluster_0->texture_a,cluster_1->texture_b",0.9322034788605307,0.8842377402941534,0.014596647949442387,0.8842377402941534,"[""fpn_2""]",fpn_2,"[""fpn_2"", ""fpn_1"", ""fpn_0""]","{""fpn_0"": [256, 288, 288], ""fpn_1"": [256, 144, 144], ""fpn_2"": [256, 72, 72]}","{""fpn_2"": [256, 72, 72]}",72,72,64,32,False,[0.0],"{""fpn_2"": 1.0}",fpn_2=1.000,deterministic_kmeans,cosine,2,outputs/rwtd_sam3_auto/coarse_vs_fine_sam_scales/stage2/train_fpn_2_only_test/checkpoint.pt,permutation_invariant_binary_partition,architexture_binary_v1,0.9322034788605307,0.8842377402941534
fpn_2_only,test,11,129,"cluster_0->texture_a,cluster_1->texture_b",0.937848082895365,0.8802631040672468,0.015621599364085258,0.8802631040672468,"[""fpn_2""]",fpn_2,"[""fpn_2"", ""fpn_1"", ""fpn_0""]","{""fpn_0"": [256, 288, 288], ""fpn_1"": [256, 144, 144], ""fpn_2"": [256, 72, 72]}","{""fpn_2"": [256, 72, 72]}",72,72,64,32,False,[0.0],"{""fpn_2"": 1.0}",fpn_2=1.000,deterministic_kmeans,cosine,2,outputs/rwtd_sam3_auto/coarse_vs_fine_sam_scales/stage2/train_fpn_2_only_test/checkpoint.pt,permutation_invariant_binary_partition,architexture_binary_v1,0.937848082895365,0.8802631040672468
fpn_2_only,test,12,13,"cluster_0->texture_a,cluster_1->texture_b",0.8667164599013911,0.7382227314341634,0.03561337313057873,0.7382227314341634,"[""fpn_2""]",fpn_2,"[""fpn_2"", ""fpn_1"", ""fpn_0""]","{""fpn_0"": [256, 288, 288], ""fpn_1"": [256, 144, 144], ""fpn_2"": [256, 72, 72]}","{""fpn_2"": [256, 72, 72]}",72,72,64,32,False,[0.0],"{""fpn_2"": 1.0}",fpn_2=1.000,deterministic_kmeans,cosine,2,outputs/rwtd_sam3_auto/coarse_vs_fine_sam_scales/stage2/train_fpn_2_only_test/checkpoint.pt,permutation_invariant_binary_partition,architexture_binary_v1,0.8667164599013911,0.7382227314341634
fpn_2_only,test,13,134,"cluster_0->texture_a,cluster_1->texture_b",0.9676202616590952,0.9354617942580045,0.00826942107387205,0.9354617942580045,"[""fpn_2""]",fpn_2,"[""fpn_2"", ""fpn_1"", ""fpn_0""]","{""fpn_0"": [256, 288, 288], ""fpn_1"": [256, 144, 144], ""fpn_2"": [256, 72, 72]}","{""fpn_2"": [256, 72, 72]}",72,72,64,32,False,[0.0],"{""fpn_2"": 1.0}",fpn_2=1.000,deterministic_kmeans,cosine,2,outputs/rwtd_sam3_auto/coarse_vs_fine_sam_scales/stage2/train_fpn_2_only_test/checkpoint.pt,permutation_invariant_binary_partition,architexture_binary_v1,0.9676202616590952,0.9354617942580045
fpn_2_only,test,14,139,"cluster_1->texture_a,cluster_0->texture_b",0.02282273667303214,0.8278662135638466,0.9115576645666628,0.8278662135638466,"[""fpn_2""]",fpn_2,"[""fpn_2"", ""fpn_1"", ""fpn_0""]","{""fpn_0"": [256, 288, 288], ""fpn_1"": [256, 144, 144], ""fpn_2"": [256, 72, 72]}","{""fpn_2"": [256, 72, 72]}",72,72,64,32,False,[0.0],"{""fpn_2"": 1.0}",fpn_2=1.000,deterministic_kmeans,cosine,2,outputs/rwtd_sam3_auto/coarse_vs_fine_sam_scales/stage2/train_fpn_2_only_test/checkpoint.pt,permutation_invariant_binary_partition,architexture_binary_v1,0.9115576645666628,0.8278662135638466
fpn_2_only,test,15,14,"cluster_1->texture_a,cluster_0->texture_b",0.010085415141964598,0.9212883706761228,0.9604796394327364,0.9212883706761228,"[""fpn_2""]",fpn_2,"[""fpn_2"", ""fpn_1"", ""fpn_0""]","{""fpn_0"": [256, 288, 288], ""fpn_1"": [256, 144, 144], ""fpn_2"": [256, 72, 72]}","{""fpn_2"": [256, 72, 72]}",72,72,64,32,False,[0.0],"{""fpn_2"": 1.0}",fpn_2=1.000,deterministic_kmeans,cosine,2,outputs/rwtd_sam3_auto/coarse_vs_fine_sam_scales/stage2/train_fpn_2_only_test/checkpoint.pt,permutation_invariant_binary_partition,architexture_binary_v1,0.9604796394327364,0.9212883706761228
fpn_2_only,test,16,142,"cluster_1->texture_a,cluster_0->texture_b",0.024232481920994434,0.7188760580947815,0.8009498863601171,0.7188760580947815,"[""fpn_2""]",fpn_2,"[""fpn_2"", ""fpn_1"", ""fpn_0""]","{""fpn_0"": [256, 288, 288], ""fpn_1"": [256, 144, 144], ""fpn_2"": [256, 72, 72]}","{""fpn_2"": [256, 72, 72]}",72,72,64,32,False,[0.0],"{""fpn_2"": 1.0}",fpn_2=1.000,deterministic_kmeans,cosine,2,outputs/rwtd_sam3_auto/coarse_vs_fine_sam_scales/stage2/train_fpn_2_only_test/checkpoint.pt,permutation_invariant_binary_partition,architexture_binary_v1,0.8009498863601171,0.7188760580947815
fpn_2_only,test,17,149,"cluster_1->texture_a,cluster_0->texture_b",0.03783836771050428,0.7249463402881551,0.8614995522051514,0.7249463402881551,"[""fpn_2""]",fpn_2,"[""fpn_2"", ""fpn_1"", ""fpn_0""]","{""fpn_0"": [256, 288, 288], ""fpn_1"": [256, 144, 144], ""fpn_2"": [256, 72, 72]}","{""fpn_2"": [256, 72, 72]}",72,72,64,32,False,[0.0],"{""fpn_2"": 1.0}",fpn_2=1.000,deterministic_kmeans,cosine,2,outputs/rwtd_sam3_auto/coarse_vs_fine_sam_scales/stage2/train_fpn_2_only_test/checkpoint.pt,permutation_invariant_binary_partition,architexture_binary_v1,0.8614995522051514,0.7249463402881551
fpn_2_only,test,18,15,"cluster_1->texture_a,cluster_0->texture_b",0.015882616523805557,0.8773373331181713,0.9354401948334146,0.8773373331181713,"[""fpn_2""]",fpn_2,"[""fpn_2"", ""fpn_1"", ""fpn_0""]","{""fpn_0"": [256, 288, 288], ""fpn_1"": [256, 144, 144], ""fpn_2"": [256, 72, 72]}","{""fpn_2"": [256, 72, 72]}",72,72,64,32,False,[0.0],"{""fpn_2"": 1.0}",fpn_2=1.000,deterministic_kmeans,cosine,2,outputs/rwtd_sam3_auto/coarse_vs_fine_sam_scales/stage2/train_fpn_2_only_test/checkpoint.pt,permutation_invariant_binary_partition,architexture_binary_v1,0.9354401948334146,0.8773373331181713
fpn_2_only,test,19,175,"cluster_1->texture_a,cluster_0->texture_b",0.02807430358782693,0.7912177592297633,0.8866515716279162,0.7912177592297633,"[""fpn_2""]",fpn_2,"[""fpn_2"", ""fpn_1"", ""fpn_0""]","{""fpn_0"": [256, 288, 288], ""fpn_1"": [256, 144, 144], ""fpn_2"": [256, 72, 72]}","{""fpn_2"": [256, 72, 72]}",72,72,64,32,False,[0.0],"{""fpn_2"": 1.0}",fpn_2=1.000,deterministic_kmeans,cosine,2,outputs/rwtd_sam3_auto/coarse_vs_fine_sam_scales/stage2/train_fpn_2_only_test/checkpoint.pt,permutation_invariant_binary_partition,architexture_binary_v1,0.8866515716279162,0.7912177592297633
fpn_2_only,test,20,176,"cluster_0->texture_a,cluster_1->texture_b",0.7760602686614404,0.680159430124774,0.02714319393938993,0.680159430124774,"[""fpn_2""]",fpn_2,"[""fpn_2"", ""fpn_1"", ""fpn_0""]","{""fpn_0"": [256, 288, 288], ""fpn_1"": [256, 144, 144], ""fpn_2"": [256, 72, 72]}","{""fpn_2"": [256, 72, 72]}",72,72,64,32,False,[0.0],"{""fpn_2"": 1.0}",fpn_2=1.000,deterministic_kmeans,cosine,2,outputs/rwtd_sam3_auto/coarse_vs_fine_sam_scales/stage2/train_fpn_2_only_test/checkpoint.pt,permutation_invariant_binary_partition,architexture_binary_v1,0.7760602686614404,0.680159430124774
fpn_2_only,test,21,18,"cluster_0->texture_a,cluster_1->texture_b",0.9269309247453086,0.880808720622616,0.0145807069797604,0.880808720622616,"[""fpn_2""]",fpn_2,"[""fpn_2"", ""fpn_1"", ""fpn_0""]","{""fpn_0"": [256, 288, 288], ""fpn_1"": [256, 144, 144], ""fpn_2"": [256, 72, 72]}","{""fpn_2"": [256, 72, 72]}",72,72,64,32,False,[0.0],"{""fpn_2"": 1.0}",fpn_2=1.000,deterministic_kmeans,cosine,2,outputs/rwtd_sam3_auto/coarse_vs_fine_sam_scales/stage2/train_fpn_2_only_test/checkpoint.pt,permutation_invariant_binary_partition,architexture_binary_v1,0.9269309247453086,0.880808720622616
fpn_2_only,test,22,181,"cluster_1->texture_a,cluster_0->texture_b",0.005294964314645154,0.9581914126549017,0.9786726673502151,0.9581914126549017,"[""fpn_2""]",fpn_2,"[""fpn_2"", ""fpn_1"", ""fpn_0""]","{""fpn_0"": [256, 288, 288], ""fpn_1"": [256, 144, 144], ""fpn_2"": [256, 72, 72]}","{""fpn_2"": [256, 72, 72]}",72,72,64,32,False,[0.0],"{""fpn_2"": 1.0}",fpn_2=1.000,deterministic_kmeans,cosine,2,outputs/rwtd_sam3_auto/coarse_vs_fine_sam_scales/stage2/train_fpn_2_only_test/checkpoint.pt,permutation_invariant_binary_partition,architexture_binary_v1,0.9786726673502151,0.9581914126549017
fpn_2_only,test,23,182,"cluster_0->texture_a,cluster_1->texture_b",0.9347514468305409,0.8696588945271153,0.016909513423625393,0.8696588945271153,"[""fpn_2""]",fpn_2,"[""fpn_2"", ""fpn_1"", ""fpn_0""]","{""fpn_0"": [256, 288, 288], ""fpn_1"": [256, 144, 144], ""fpn_2"": [256, 72, 72]}","{""fpn_2"": [256, 72, 72]}",72,72,64,32,False,[0.0],"{""fpn_2"": 1.0}",fpn_2=1.000,deterministic_kmeans,cosine,2,outputs/rwtd_sam3_auto/coarse_vs_fine_sam_scales/stage2/train_fpn_2_only_test/checkpoint.pt,permutation_invariant_binary_partition,architexture_binary_v1,0.9347514468305409,0.8696588945271153
fpn_2_only,test,24,183,"cluster_0->texture_a,cluster_1->texture_b",0.9804128538789005,0.9612537440326946,0.004902366335641761,0.9612537440326946,"[""fpn_2""]",fpn_2,"[""fpn_2"", ""fpn_1"", ""fpn_0""]","{""fpn_0"": [256, 288, 288], ""fpn_1"": [256, 144, 144], ""fpn_2"": [256, 72, 72]}","{""fpn_2"": [256, 72, 72]}",72,72,64,32,False,[0.0],"{""fpn_2"": 1.0}",fpn_2=1.000,deterministic_kmeans,cosine,2,outputs/rwtd_sam3_auto/coarse_vs_fine_sam_scales/stage2/train_fpn_2_only_test/checkpoint.pt,permutation_invariant_binary_partition,architexture_binary_v1,0.9804128538789005,0.9612537440326946
fpn_2_only,test,25,184,"cluster_0->texture_a,cluster_1->texture_b",0.966735871081751,0.9337502003197848,0.008493901802226268,0.9337502003197848,"[""fpn_2""]",fpn_2,"[""fpn_2"", ""fpn_1"", ""fpn_0""]","{""fpn_0"": [256, 288, 288], ""fpn_1"": [256, 144, 144], ""fpn_2"": [256, 72, 72]}","{""fpn_2"": [256, 72, 72]}",72,72,64,32,False,[0.0],"{""fpn_2"": 1.0}",fpn_2=1.000,deterministic_kmeans,cosine,2,outputs/rwtd_sam3_auto/coarse_vs_fine_sam_scales/stage2/train_fpn_2_only_test/checkpoint.pt,permutation_invariant_binary_partition,architexture_binary_v1,0.966735871081751,0.9337502003197848
fpn_2_only,test,26,185,"cluster_1->texture_a,cluster_0->texture_b",0.02393341064453125,0.8176479184260408,0.9070862636051751,0.8176479184260408,"[""fpn_2""]",fpn_2,"[""fpn_2"", ""fpn_1"", ""fpn_0""]","{""fpn_0"": [256, 288, 288], ""fpn_1"": [256, 144, 144], ""fpn_2"": [256, 72, 72]}","{""fpn_2"": [256, 72, 72]}",72,72,64,32,False,[0.0],"{""fpn_2"": 1.0}",fpn_2=1.000,deterministic_kmeans,cosine,2,outputs/rwtd_sam3_auto/coarse_vs_fine_sam_scales/stage2/train_fpn_2_only_test/checkpoint.pt,permutation_invariant_binary_partition,architexture_binary_v1,0.9070862636051751,0.8176479184260408
fpn_2_only,test,27,186,"cluster_1->texture_a,cluster_0->texture_b",0.0863291588485816,0.4551304469961921,0.7172955057223583,0.4551304469961921,"[""fpn_2""]",fpn_2,"[""fpn_2"", ""fpn_1"", ""fpn_0""]","{""fpn_0"": [256, 288, 288], ""fpn_1"": [256, 144, 144], ""fpn_2"": [256, 72, 72]}","{""fpn_2"": [256, 72, 72]}",72,72,64,32,False,[0.0],"{""fpn_2"": 1.0}",fpn_2=1.000,deterministic_kmeans,cosine,2,outputs/rwtd_sam3_auto/coarse_vs_fine_sam_scales/stage2/train_fpn_2_only_test/checkpoint.pt,permutation_invariant_binary_partition,architexture_binary_v1,0.7172955057223583,0.4551304469961921
fpn_2_only,test,28,189,"cluster_1->texture_a,cluster_0->texture_b",0.0081024169921875,0.8563139476926965,0.8850951219727121,0.8563139476926965,"[""fpn_2""]",fpn_2,"[""fpn_2"", ""fpn_1"", ""fpn_0""]","{""fpn_0"": [256, 288, 288], ""fpn_1"": [256, 144, 144], ""fpn_2"": [256, 72, 72]}","{""fpn_2"": [256, 72, 72]}",72,72,64,32,False,[0.0],"{""fpn_2"": 1.0}",fpn_2=1.000,deterministic_kmeans,cosine,2,outputs/rwtd_sam3_auto/coarse_vs_fine_sam_scales/stage2/train_fpn_2_only_test/checkpoint.pt,permutation_invariant_binary_partition,architexture_binary_v1,0.8850951219727121,0.8563139476926965
fpn_2_only,test,29,194,"cluster_1->texture_a,cluster_0->texture_b",0.005913037495400099,0.9534351996668198,0.9767078646236967,0.9534351996668198,"[""fpn_2""]",fpn_2,"[""fpn_2"", ""fpn_1"", ""fpn_0""]","{""fpn_0"": [256, 288, 288], ""fpn_1"": [256, 144, 144], ""fpn_2"": [256, 72, 72]}","{""fpn_2"": [256, 72, 72]}",72,72,64,32,False,[0.0],"{""fpn_2"": 1.0}",fpn_2=1.000,deterministic_kmeans,cosine,2,outputs/rwtd_sam3_auto/coarse_vs_fine_sam_scales/stage2/train_fpn_2_only_test/checkpoint.pt,permutation_invariant_binary_partition,architexture_binary_v1,0.9767078646236967,0.9534351996668198
fpn_2_only,test,30,197,"cluster_0->texture_a,cluster_1->texture_b",0.9683145923118773,0.9388085930754557,0.007777485115680601,0.9388085930754557,"[""fpn_2""]",fpn_2,"[""fpn_2"", ""fpn_1"", ""fpn_0""]","{""fpn_0"": [256, 288, 288], ""fpn_1"": [256, 144, 144], ""fpn_2"": [256, 72, 72]}","{""fpn_2"": [256, 72, 72]}",72,72,64,32,False,[0.0],"{""fpn_2"": 1.0}",fpn_2=1.000,deterministic_kmeans,cosine,2,outputs/rwtd_sam3_auto/coarse_vs_fine_sam_scales/stage2/train_fpn_2_only_test/checkpoint.pt,permutation_invariant_binary_partition,architexture_binary_v1,0.9683145923118773,0.9388085930754557
fpn_2_only,test,31,2,"cluster_1->texture_a,cluster_0->texture_b",0.05941085259081646,0.586897781149537,0.7833963326661684,0.586897781149537,"[""fpn_2""]",fpn_2,"[""fpn_2"", ""fpn_1"", ""fpn_0""]","{""fpn_0"": [256, 288, 288], ""fpn_1"": [256, 144, 144], ""fpn_2"": [256, 72, 72]}","{""fpn_2"": [256, 72, 72]}",72,72,64,32,False,[0.0],"{""fpn_2"": 1.0}",fpn_2=1.000,deterministic_kmeans,cosine,2,outputs/rwtd_sam3_auto/coarse_vs_fine_sam_scales/stage2/train_fpn_2_only_test/checkpoint.pt,permutation_invariant_binary_partition,architexture_binary_v1,0.7833963326661684,0.586897781149537
fpn_2_only,test,32,200,"cluster_1->texture_a,cluster_0->texture_b",0.008732231523480474,0.9301413052800835,0.9600912132104071,0.9301413052800835,"[""fpn_2""]",fpn_2,"[""fpn_2"", ""fpn_1"", ""fpn_0""]","{""fpn_0"": [256, 288, 288], ""fpn_1"": [256, 144, 144], ""fpn_2"": [256, 72, 72]}","{""fpn_2"": [256, 72, 72]}",72,72,64,32,False,[0.0],"{""fpn_2"": 1.0}",fpn_2=1.000,deterministic_kmeans,cosine,2,outputs/rwtd_sam3_auto/coarse_vs_fine_sam_scales/stage2/train_fpn_2_only_test/checkpoint.pt,permutation_invariant_binary_partition,architexture_binary_v1,0.9600912132104071,0.9301413052800835
fpn_2_only,test,33,201,"cluster_0->texture_a,cluster_1->texture_b",0.9772063882597137,0.9544486252297043,0.005765611001802028,0.9544486252297043,"[""fpn_2""]",fpn_2,"[""fpn_2"", ""fpn_1"", ""fpn_0""]","{""fpn_0"": [256, 288, 288], ""fpn_1"": [256, 144, 144], ""fpn_2"": [256, 72, 72]}","{""fpn_2"": [256, 72, 72]}",72,72,64,32,False,[0.0],"{""fpn_2"": 1.0}",fpn_2=1.000,deterministic_kmeans,cosine,2,outputs/rwtd_sam3_auto/coarse_vs_fine_sam_scales/stage2/train_fpn_2_only_test/checkpoint.pt,permutation_invariant_binary_partition,architexture_binary_v1,0.9772063882597137,0.9544486252297043
fpn_2_only,test,34,202,"cluster_1->texture_a,cluster_0->texture_b",0.005759349716174504,0.9538084957161164,0.9738094059908142,0.9538084957161164,"[""fpn_2""]",fpn_2,"[""fpn_2"", ""fpn_1"", ""fpn_0""]","{""fpn_0"": [256, 288, 288], ""fpn_1"": [256, 144, 144], ""fpn_2"": [256, 72, 72]}","{""fpn_2"": [256, 72, 72]}",72,72,64,32,False,[0.0],"{""fpn_2"": 1.0}",fpn_2=1.000,deterministic_kmeans,cosine,2,outputs/rwtd_sam3_auto/coarse_vs_fine_sam_scales/stage2/train_fpn_2_only_test/checkpoint.pt,permutation_invariant_binary_partition,architexture_binary_v1,0.9738094059908142,0.9538084957161164
fpn_2_only,test,35,205,"cluster_1->texture_a,cluster_0->texture_b",0.006877904625713212,0.9458134068680513,0.972567748985175,0.9458134068680513,"[""fpn_2""]",fpn_2,"[""fpn_2"", ""fpn_1"", ""fpn_0""]","{""fpn_0"": [256, 288, 288], ""fpn_1"": [256, 144, 144], ""fpn_2"": [256, 72, 72]}","{""fpn_2"": [256, 72, 72]}",72,72,64,32,False,[0.0],"{""fpn_2"": 1.0}",fpn_2=1.000,deterministic_kmeans,cosine,2,outputs/rwtd_sam3_auto/coarse_vs_fine_sam_scales/stage2/train_fpn_2_only_test/checkpoint.pt,permutation_invariant_binary_partition,architexture_binary_v1,0.972567748985175,0.9458134068680513
fpn_2_only,test,36,207,"cluster_1->texture_a,cluster_0->texture_b",0.0095367431640625,0.9251592144294088,0.9624284302269385,0.9251592144294088,"[""fpn_2""]",fpn_2,"[""fpn_2"", ""fpn_1"", ""fpn_0""]","{""fpn_0"": [256, 288, 288], ""fpn_1"": [256, 144, 144], ""fpn_2"": [256, 72, 72]}","{""fpn_2"": [256, 72, 72]}",72,72,64,32,False,[0.0],"{""fpn_2"": 1.0}",fpn_2=1.000,deterministic_kmeans,cosine,2,outputs/rwtd_sam3_auto/coarse_vs_fine_sam_scales/stage2/train_fpn_2_only_test/checkpoint.pt,permutation_invariant_binary_partition,architexture_binary_v1,0.9624284302269385,0.9251592144294088
fpn_2_only,test,37,210,"cluster_0->texture_a,cluster_1->texture_b",0.9700963373234983,0.9407772396410047,0.0075651161658390155,0.9407772396410047,"[""fpn_2""]",fpn_2,"[""fpn_2"", ""fpn_1"", ""fpn_0""]","{""fpn_0"": [256, 288, 288], ""fpn_1"": [256, 144, 144], ""fpn_2"": [256, 72, 72]}","{""fpn_2"": [256, 72, 72]}",72,72,64,32,False,[0.0],"{""fpn_2"": 1.0}",fpn_2=1.000,deterministic_kmeans,cosine,2,outputs/rwtd_sam3_auto/coarse_vs_fine_sam_scales/stage2/train_fpn_2_only_test/checkpoint.pt,permutation_invariant_binary_partition,architexture_binary_v1,0.9700963373234983,0.9407772396410047
fpn_2_only,test,38,213,"cluster_0->texture_a,cluster_1->texture_b",0.9891573213220372,0.9787426900342838,0.002672043903216773,0.9787426900342838,"[""fpn_2""]",fpn_2,"[""fpn_2"", ""fpn_1"", ""fpn_0""]","{""fpn_0"": [256, 288, 288], ""fpn_1"": [256, 144, 144], ""fpn_2"": [256, 72, 72]}","{""fpn_2"": [256, 72, 72]}",72,72,64,32,False,[0.0],"{""fpn_2"": 1.0}",fpn_2=1.000,deterministic_kmeans,cosine,2,outputs/rwtd_sam3_auto/coarse_vs_fine_sam_scales/stage2/train_fpn_2_only_test/checkpoint.pt,permutation_invariant_binary_partition,architexture_binary_v1,0.9891573213220372,0.9787426900342838
fpn_2_only,test,39,214,"cluster_1->texture_a,cluster_0->texture_b",0.005226614141051145,0.9586224382205514,0.9790874740728325,0.9586224382205514,"[""fpn_2""]",fpn_2,"[""fpn_2"", ""fpn_1"", ""fpn_0""]","{""fpn_0"": [256, 288, 288], ""fpn_1"": [256, 144, 144], ""fpn_2"": [256, 72, 72]}","{""fpn_2"": [256, 72, 72]}",72,72,64,32,False,[0.0],"{""fpn_2"": 1.0}",fpn_2=1.000,deterministic_kmeans,cosine,2,outputs/rwtd_sam3_auto/coarse_vs_fine_sam_scales/stage2/train_fpn_2_only_test/checkpoint.pt,permutation_invariant_binary_partition,architexture_binary_v1,0.9790874740728325,0.9586224382205514
fpn_2_only,test,40,215,"cluster_1->texture_a,cluster_0->texture_b",0.003349609768491071,0.9733646838012234,0.9863216449451006,0.9733646838012234,"[""fpn_2""]",fpn_2,"[""fpn_2"", ""fpn_1"", ""fpn_0""]","{""fpn_0"": [256, 288, 288], ""fpn_1"": [256, 144, 144], ""fpn_2"": [256, 72, 72]}","{""fpn_2"": [256, 72, 72]}",72,72,64,32,False,[0.0],"{""fpn_2"": 1.0}",fpn_2=1.000,deterministic_kmeans,cosine,2,outputs/rwtd_sam3_auto/coarse_vs_fine_sam_scales/stage2/train_fpn_2_only_test/checkpoint.pt,permutation_invariant_binary_partition,architexture_binary_v1,0.9863216449451006,0.9733646838012234
fpn_2_only,test,41,216,"cluster_1->texture_a,cluster_0->texture_b",0.03264172915962789,0.7615677455454655,0.8801130126446773,0.7615677455454655,"[""fpn_2""]",fpn_2,"[""fpn_2"", ""fpn_1"", ""fpn_0""]","{""fpn_0"": [256, 288, 288], ""fpn_1"": [256, 144, 144], ""fpn_2"": [256, 72, 72]}","{""fpn_2"": [256, 72, 72]}",72,72,64,32,False,[0.0],"{""fpn_2"": 1.0}",fpn_2=1.000,deterministic_kmeans,cosine,2,outputs/rwtd_sam3_auto/coarse_vs_fine_sam_scales/stage2/train_fpn_2_only_test/checkpoint.pt,permutation_invariant_binary_partition,architexture_binary_v1,0.8801130126446773,0.7615677455454655
fpn_2_only,test,42,219,"cluster_0->texture_a,cluster_1->texture_b",0.9687696206110163,0.9379409842347669,0.007942287568805027,0.9379409842347669,"[""fpn_2""]",fpn_2,"[""fpn_2"", ""fpn_1"", ""fpn_0""]","{""fpn_0"": [256, 288, 288], ""fpn_1"": [256, 144, 144], ""fpn_2"": [256, 72, 72]}","{""fpn_2"": [256, 72, 72]}",72,72,64,32,False,[0.0],"{""fpn_2"": 1.0}",fpn_2=1.000,deterministic_kmeans,cosine,2,outputs/rwtd_sam3_auto/coarse_vs_fine_sam_scales/stage2/train_fpn_2_only_test/checkpoint.pt,permutation_invariant_binary_partition,architexture_binary_v1,0.9687696206110163,0.9379409842347669
fpn_2_only,test,43,22,"cluster_0->texture_a,cluster_1->texture_b",0.9600039997715462,0.9205827635759957,0.010188965234398707,0.9205827635759957,"[""fpn_2""]",fpn_2,"[""fpn_2"", ""fpn_1"", ""fpn_0""]","{""fpn_0"": [256, 288, 288], ""fpn_1"": [256, 144, 144], ""fpn_2"": [256, 72, 72]}","{""fpn_2"": [256, 72, 72]}",72,72,64,32,False,[0.0],"{""fpn_2"": 1.0}",fpn_2=1.000,deterministic_kmeans,cosine,2,outputs/rwtd_sam3_auto/coarse_vs_fine_sam_scales/stage2/train_fpn_2_only_test/checkpoint.pt,permutation_invariant_binary_partition,architexture_binary_v1,0.9600039997715462,0.9205827635759957
fpn_2_only,test,44,221,"cluster_0->texture_a,cluster_1->texture_b",0.9871268787624303,0.9742880868588872,0.0032448673186944825,0.9742880868588872,"[""fpn_2""]",fpn_2,"[""fpn_2"", ""fpn_1"", ""fpn_0""]","{""fpn_0"": [256, 288, 288], ""fpn_1"": [256, 144, 144], ""fpn_2"": [256, 72, 72]}","{""fpn_2"": [256, 72, 72]}",72,72,64,32,False,[0.0],"{""fpn_2"": 1.0}",fpn_2=1.000,deterministic_kmeans,cosine,2,outputs/rwtd_sam3_auto/coarse_vs_fine_sam_scales/stage2/train_fpn_2_only_test/checkpoint.pt,permutation_invariant_binary_partition,architexture_binary_v1,0.9871268787624303,0.9742880868588872
fpn_2_only,test,45,222,"cluster_0->texture_a,cluster_1->texture_b",0.9589572937258152,0.9342288931857398,0.007832069047373888,0.9342288931857398,"[""fpn_2""]",fpn_2,"[""fpn_2"", ""fpn_1"", ""fpn_0""]","{""fpn_0"": [256, 288, 288], ""fpn_1"": [256, 144, 144], ""fpn_2"": [256, 72, 72]}","{""fpn_2"": [256, 72, 72]}",72,72,64,32,False,[0.0],"{""fpn_2"": 1.0}",fpn_2=1.000,deterministic_kmeans,cosine,2,outputs/rwtd_sam3_auto/coarse_vs_fine_sam_scales/stage2/train_fpn_2_only_test/checkpoint.pt,permutation_invariant_binary_partition,architexture_binary_v1,0.9589572937258152,0.9342288931857398
fpn_2_only,test,46,224,"cluster_1->texture_a,cluster_0->texture_b",0.01740307244802551,0.8656790604774568,0.9326220491185497,0.8656790604774568,"[""fpn_2""]",fpn_2,"[""fpn_2"", ""fpn_1"", ""fpn_0""]","{""fpn_0"": [256, 288, 288], ""fpn_1"": [256, 144, 144], ""fpn_2"": [256, 72, 72]}","{""fpn_2"": [256, 72, 72]}",72,72,64,32,False,[0.0],"{""fpn_2"": 1.0}",fpn_2=1.000,deterministic_kmeans,cosine,2,outputs/rwtd_sam3_auto/coarse_vs_fine_sam_scales/stage2/train_fpn_2_only_test/checkpoint.pt,permutation_invariant_binary_partition,architexture_binary_v1,0.9326220491185497,0.8656790604774568
fpn_2_only,test,47,229,"cluster_1->texture_a,cluster_0->texture_b",0.005081796457859703,0.9597373530738321,0.9793664284900799,0.9597373530738321,"[""fpn_2""]",fpn_2,"[""fpn_2"", ""fpn_1"", ""fpn_0""]","{""fpn_0"": [256, 288, 288], ""fpn_1"": [256, 144, 144], ""fpn_2"": [256, 72, 72]}","{""fpn_2"": [256, 72, 72]}",72,72,64,32,False,[0.0],"{""fpn_2"": 1.0}",fpn_2=1.000,deterministic_kmeans,cosine,2,outputs/rwtd_sam3_auto/coarse_vs_fine_sam_scales/stage2/train_fpn_2_only_test/checkpoint.pt,permutation_invariant_binary_partition,architexture_binary_v1,0.9793664284900799,0.9597373530738321
fpn_2_only,test,48,237,"cluster_0->texture_a,cluster_1->texture_b",0.9773744329704657,0.9548063934923818,0.005737938978507254,0.9548063934923818,"[""fpn_2""]",fpn_2,"[""fpn_2"", ""fpn_1"", ""fpn_0""]","{""fpn_0"": [256, 288, 288], ""fpn_1"": [256, 144, 144], ""fpn_2"": [256, 72, 72]}","{""fpn_2"": [256, 72, 72]}",72,72,64,32,False,[0.0],"{""fpn_2"": 1.0}",fpn_2=1.000,deterministic_kmeans,cosine,2,outputs/rwtd_sam3_auto/coarse_vs_fine_sam_scales/stage2/train_fpn_2_only_test/checkpoint.pt,permutation_invariant_binary_partition,architexture_binary_v1,0.9773744329704657,0.9548063934923818
fpn_2_only,test,49,24,"cluster_1->texture_a,cluster_0->texture_b",0.010467741179967844,0.9001582696592796,0.930812951398009,0.9001582696592796,"[""fpn_2""]",fpn_2,"[""fpn_2"", ""fpn_1"", ""fpn_0""]","{""fpn_0"": [256, 288, 288], ""fpn_1"": [256, 144, 144], ""fpn_2"": [256, 72, 72]}","{""fpn_2"": [256, 72, 72]}",72,72,64,32,False,[0.0],"{""fpn_2"": 1.0}",fpn_2=1.000,deterministic_kmeans,cosine,2,outputs/rwtd_sam3_auto/coarse_vs_fine_sam_scales/stage2/train_fpn_2_only_test/checkpoint.pt,permutation_invariant_binary_partition,architexture_binary_v1,0.930812951398009,0.9001582696592796
fpn_2_only,test,50,240,"cluster_0->texture_a,cluster_1->texture_b",0.9857129528481743,0.9721607856350036,0.003508179618555246,0.9721607856350036,"[""fpn_2""]",fpn_2,"[""fpn_2"", ""fpn_1"", ""fpn_0""]","{""fpn_0"": [256, 288, 288], ""fpn_1"": [256, 144, 144], ""fpn_2"": [256, 72, 72]}","{""fpn_2"": [256, 72, 72]}",72,72,64,32,False,[0.0],"{""fpn_2"": 1.0}",fpn_2=1.000,deterministic_kmeans,cosine,2,outputs/rwtd_sam3_auto/coarse_vs_fine_sam_scales/stage2/train_fpn_2_only_test/checkpoint.pt,permutation_invariant_binary_partition,architexture_binary_v1,0.9857129528481743,0.9721607856350036
fpn_2_only,test,51,244,"cluster_1->texture_a,cluster_0->texture_b",0.027459546888274223,0.783737668624425,0.8715236815132394,0.783737668624425,"[""fpn_2""]",fpn_2,"[""fpn_2"", ""fpn_1"", ""fpn_0""]","{""fpn_0"": [256, 288, 288], ""fpn_1"": [256, 144, 144], ""fpn_2"": [256, 72, 72]}","{""fpn_2"": [256, 72, 72]}",72,72,64,32,False,[0.0],"{""fpn_2"": 1.0}",fpn_2=1.000,deterministic_kmeans,cosine,2,outputs/rwtd_sam3_auto/coarse_vs_fine_sam_scales/stage2/train_fpn_2_only_test/checkpoint.pt,permutation_invariant_binary_partition,architexture_binary_v1,0.8715236815132394,0.783737668624425
fpn_2_only,test,52,245,"cluster_0->texture_a,cluster_1->texture_b",0.95981609955528,0.9260310774623707,0.009397604789130891,0.9260310774623707,"[""fpn_2""]",fpn_2,"[""fpn_2"", ""fpn_1"", ""fpn_0""]","{""fpn_0"": [256, 288, 288], ""fpn_1"": [256, 144, 144], ""fpn_2"": [256, 72, 72]}","{""fpn_2"": [256, 72, 72]}",72,72,64,32,False,[0.0],"{""fpn_2"": 1.0}",fpn_2=1.000,deterministic_kmeans,cosine,2,outputs/rwtd_sam3_auto/coarse_vs_fine_sam_scales/stage2/train_fpn_2_only_test/checkpoint.pt,permutation_invariant_binary_partition,architexture_binary_v1,0.95981609955528,0.9260310774623707
fpn_2_only,test,53,246,"cluster_0->texture_a,cluster_1->texture_b",0.9741030311634397,0.9483755697046469,0.006578187486579148,0.9483755697046469,"[""fpn_2""]",fpn_2,"[""fpn_2"", ""fpn_1"", ""fpn_0""]","{""fpn_0"": [256, 288, 288], ""fpn_1"": [256, 144, 144], ""fpn_2"": [256, 72, 72]}","{""fpn_2"": [256, 72, 72]}",72,72,64,32,False,[0.0],"{""fpn_2"": 1.0}",fpn_2=1.000,deterministic_kmeans,cosine,2,outputs/rwtd_sam3_auto/coarse_vs_fine_sam_scales/stage2/train_fpn_2_only_test/checkpoint.pt,permutation_invariant_binary_partition,architexture_binary_v1,0.9741030311634397,0.9483755697046469
fpn_2_only,test,54,247,"cluster_1->texture_a,cluster_0->texture_b",0.03261566162109375,0.7560874343491558,0.8775089404568646,0.7560874343491558,"[""fpn_2""]",fpn_2,"[""fpn_2"", ""fpn_1"", ""fpn_0""]","{""fpn_0"": [256, 288, 288], ""fpn_1"": [256, 144, 144], ""fpn_2"": [256, 72, 72]}","{""fpn_2"": [256, 72, 72]}",72,72,64,32,False,[0.0],"{""fpn_2"": 1.0}",fpn_2=1.000,deterministic_kmeans,cosine,2,outputs/rwtd_sam3_auto/coarse_vs_fine_sam_scales/stage2/train_fpn_2_only_test/checkpoint.pt,permutation_invariant_binary_partition,architexture_binary_v1,0.8775089404568646,0.7560874343491558
fpn_2_only,test,55,25,"cluster_1->texture_a,cluster_0->texture_b",0.012014506950656978,0.9069646964148034,0.9513946004847984,0.9069646964148034,"[""fpn_2""]",fpn_2,"[""fpn_2"", ""fpn_1"", ""fpn_0""]","{""fpn_0"": [256, 288, 288], ""fpn_1"": [256, 144, 144], ""fpn_2"": [256, 72, 72]}","{""fpn_2"": [256, 72, 72]}",72,72,64,32,False,[0.0],"{""fpn_2"": 1.0}",fpn_2=1.000,deterministic_kmeans,cosine,2,outputs/rwtd_sam3_auto/coarse_vs_fine_sam_scales/stage2/train_fpn_2_only_test/checkpoint.pt,permutation_invariant_binary_partition,architexture_binary_v1,0.9513946004847984,0.9069646964148034
fpn_2_only,test,56,250,"cluster_0->texture_a,cluster_1->texture_b",0.9509057725210806,0.9139022908022353,0.010861869502326574,0.9139022908022353,"[""fpn_2""]",fpn_2,"[""fpn_2"", ""fpn_1"", ""fpn_0""]","{""fpn_0"": [256, 288, 288], ""fpn_1"": [256, 144, 144], ""fpn_2"": [256, 72, 72]}","{""fpn_2"": [256, 72, 72]}",72,72,64,32,False,[0.0],"{""fpn_2"": 1.0}",fpn_2=1.000,deterministic_kmeans,cosine,2,outputs/rwtd_sam3_auto/coarse_vs_fine_sam_scales/stage2/train_fpn_2_only_test/checkpoint.pt,permutation_invariant_binary_partition,architexture_binary_v1,0.9509057725210806,0.9139022908022353
fpn_2_only,test,57,251,"cluster_1->texture_a,cluster_0->texture_b",0.006001675667294685,0.952601011524964,0.9762954525721013,0.952601011524964,"[""fpn_2""]",fpn_2,"[""fpn_2"", ""fpn_1"", ""fpn_0""]","{""fpn_0"": [256, 288, 288], ""fpn_1"": [256, 144, 144], ""fpn_2"": [256, 72, 72]}","{""fpn_2"": [256, 72, 72]}",72,72,64,32,False,[0.0],"{""fpn_2"": 1.0}",fpn_2=1.000,deterministic_kmeans,cosine,2,outputs/rwtd_sam3_auto/coarse_vs_fine_sam_scales/stage2/train_fpn_2_only_test/checkpoint.pt,permutation_invariant_binary_partition,architexture_binary_v1,0.9762954525721013,0.952601011524964
fpn_2_only,test,58,253,"cluster_1->texture_a,cluster_0->texture_b",0.014030703419742918,0.8909229313460567,0.9434463342962629,0.8909229313460567,"[""fpn_2""]",fpn_2,"[""fpn_2"", ""fpn_1"", ""fpn_0""]","{""fpn_0"": [256, 288, 288], ""fpn_1"": [256, 144, 144], ""fpn_2"": [256, 72, 72]}","{""fpn_2"": [256, 72, 72]}",72,72,64,32,False,[0.0],"{""fpn_2"": 1.0}",fpn_2=1.000,deterministic_kmeans,cosine,2,outputs/rwtd_sam3_auto/coarse_vs_fine_sam_scales/stage2/train_fpn_2_only_test/checkpoint.pt,permutation_invariant_binary_partition,architexture_binary_v1,0.9434463342962629,0.8909229313460567
fpn_2_only,test,59,254,"cluster_1->texture_a,cluster_0->texture_b",0.00326654696885452,0.9740427820026487,0.986854006616591,0.9740427820026487,"[""fpn_2""]",fpn_2,"[""fpn_2"", ""fpn_1"", ""fpn_0""]","{""fpn_0"": [256, 288, 288], ""fpn_1"": [256, 144, 144], ""fpn_2"": [256, 72, 72]}","{""fpn_2"": [256, 72, 72]}",72,72,64,32,False,[0.0],"{""fpn_2"": 1.0}",fpn_2=1.000,deterministic_kmeans,cosine,2,outputs/rwtd_sam3_auto/coarse_vs_fine_sam_scales/stage2/train_fpn_2_only_test/checkpoint.pt,permutation_invariant_binary_partition,architexture_binary_v1,0.986854006616591,0.9740427820026487
fpn_2_only,test,60,256,"cluster_1->texture_a,cluster_0->texture_b",0.0035938813258719767,0.9714586114767125,0.9857284009681955,0.9714586114767125,"[""fpn_2""]",fpn_2,"[""fpn_2"", ""fpn_1"", ""fpn_0""]","{""fpn_0"": [256, 288, 288], ""fpn_1"": [256, 144, 144], ""fpn_2"": [256, 72, 72]}","{""fpn_2"": [256, 72, 72]}",72,72,64,32,False,[0.0],"{""fpn_2"": 1.0}",fpn_2=1.000,deterministic_kmeans,cosine,2,outputs/rwtd_sam3_auto/coarse_vs_fine_sam_scales/stage2/train_fpn_2_only_test/checkpoint.pt,permutation_invariant_binary_partition,architexture_binary_v1,0.9857284009681955,0.9714586114767125
fpn_2_only,test,61,257,"cluster_1->texture_a,cluster_0->texture_b",0.006959607742733266,0.9452131471370004,0.9707983590205864,0.9452131471370004,"[""fpn_2""]",fpn_2,"[""fpn_2"", ""fpn_1"", ""fpn_0""]","{""fpn_0"": [256, 288, 288], ""fpn_1"": [256, 144, 144], ""fpn_2"": [256, 72, 72]}","{""fpn_2"": [256, 72, 72]}",72,72,64,32,False,[0.0],"{""fpn_2"": 1.0}",fpn_2=1.000,deterministic_kmeans,cosine,2,outputs/rwtd_sam3_auto/coarse_vs_fine_sam_scales/stage2/train_fpn_2_only_test/checkpoint.pt,permutation_invariant_binary_partition,architexture_binary_v1,0.9707983590205864,0.9452131471370004
fpn_2_only,test,62,258,"cluster_1->texture_a,cluster_0->texture_b",0.011167576959650502,0.9131637814893053,0.9564645214893658,0.9131637814893053,"[""fpn_2""]",fpn_2,"[""fpn_2"", ""fpn_1"", ""fpn_0""]","{""fpn_0"": [256, 288, 288], ""fpn_1"": [256, 144, 144], ""fpn_2"": [256, 72, 72]}","{""fpn_2"": [256, 72, 72]}",72,72,64,32,False,[0.0],"{""fpn_2"": 1.0}",fpn_2=1.000,deterministic_kmeans,cosine,2,outputs/rwtd_sam3_auto/coarse_vs_fine_sam_scales/stage2/train_fpn_2_only_test/checkpoint.pt,permutation_invariant_binary_partition,architexture_binary_v1,0.9564645214893658,0.9131637814893053
fpn_2_only,test,63,259,"cluster_1->texture_a,cluster_0->texture_b",0.0056611421323586285,0.953869521533522,0.972859062868604,0.953869521533522,"[""fpn_2""]",fpn_2,"[""fpn_2"", ""fpn_1"", ""fpn_0""]","{""fpn_0"": [256, 288, 288], ""fpn_1"": [256, 144, 144], ""fpn_2"": [256, 72, 72]}","{""fpn_2"": [256, 72, 72]}",72,72,64,32,False,[0.0],"{""fpn_2"": 1.0}",fpn_2=1.000,deterministic_kmeans,cosine,2,outputs/rwtd_sam3_auto/coarse_vs_fine_sam_scales/stage2/train_fpn_2_only_test/checkpoint.pt,permutation_invariant_binary_partition,architexture_binary_v1,0.972859062868604,0.953869521533522
fpn_2_only,test,64,260,"cluster_0->texture_a,cluster_1->texture_b",0.9841245949097798,0.9682727980546204,0.004011739610804758,0.9682727980546204,"[""fpn_2""]",fpn_2,"[""fpn_2"", ""fpn_1"", ""fpn_0""]","{""fpn_0"": [256, 288, 288], ""fpn_1"": [256, 144, 144], ""fpn_2"": [256, 72, 72]}","{""fpn_2"": [256, 72, 72]}",72,72,64,32,False,[0.0],"{""fpn_2"": 1.0}",fpn_2=1.000,deterministic_kmeans,cosine,2,outputs/rwtd_sam3_auto/coarse_vs_fine_sam_scales/stage2/train_fpn_2_only_test/checkpoint.pt,permutation_invariant_binary_partition,architexture_binary_v1,0.9841245949097798,0.9682727980546204
fpn_2_only,test,65,261,"cluster_0->texture_a,cluster_1->texture_b",0.9771757755364217,0.9552643895931501,0.005682454048686083,0.9552643895931501,"[""fpn_2""]",fpn_2,"[""fpn_2"", ""fpn_1"", ""fpn_0""]","{""fpn_0"": [256, 288, 288], ""fpn_1"": [256, 144, 144], ""fpn_2"": [256, 72, 72]}","{""fpn_2"": [256, 72, 72]}",72,72,64,32,False,[0.0],"{""fpn_2"": 1.0}",fpn_2=1.000,deterministic_kmeans,cosine,2,outputs/rwtd_sam3_auto/coarse_vs_fine_sam_scales/stage2/train_fpn_2_only_test/checkpoint.pt,permutation_invariant_binary_partition,architexture_binary_v1,0.9771757755364217,0.9552643895931501
fpn_2_only,test,66,262,"cluster_1->texture_a,cluster_0->texture_b",0.018402099609375,0.8581942665315282,0.9285193551080666,0.8581942665315282,"[""fpn_2""]",fpn_2,"[""fpn_2"", ""fpn_1"", ""fpn_0""]","{""fpn_0"": [256, 288, 288], ""fpn_1"": [256, 144, 144], ""fpn_2"": [256, 72, 72]}","{""fpn_2"": [256, 72, 72]}",72,72,64,32,False,[0.0],"{""fpn_2"": 1.0}",fpn_2=1.000,deterministic_kmeans,cosine,2,outputs/rwtd_sam3_auto/coarse_vs_fine_sam_scales/stage2/train_fpn_2_only_test/checkpoint.pt,permutation_invariant_binary_partition,architexture_binary_v1,0.9285193551080666,0.8581942665315282
fpn_2_only,test,67,263,"cluster_1->texture_a,cluster_0->texture_b",0.0032924061052068245,0.9738662334795855,0.9868948861660014,0.9738662334795855,"[""fpn_2""]",fpn_2,"[""fpn_2"", ""fpn_1"", ""fpn_0""]","{""fpn_0"": [256, 288, 288], ""fpn_1"": [256, 144, 144], ""fpn_2"": [256, 72, 72]}","{""fpn_2"": [256, 72, 72]}",72,72,64,32,False,[0.0],"{""fpn_2"": 1.0}",fpn_2=1.000,deterministic_kmeans,cosine,2,outputs/rwtd_sam3_auto/coarse_vs_fine_sam_scales/stage2/train_fpn_2_only_test/checkpoint.pt,permutation_invariant_binary_partition,architexture_binary_v1,0.9868948861660014,0.9738662334795855
fpn_2_only,test,68,265,"cluster_0->texture_a,cluster_1->texture_b",0.6510391452726687,0.3998140414821912,0.08926751778721657,0.3998140414821912,"[""fpn_2""]",fpn_2,"[""fpn_2"", ""fpn_1"", ""fpn_0""]","{""fpn_0"": [256, 288, 288], ""fpn_1"": [256, 144, 144], ""fpn_2"": [256, 72, 72]}","{""fpn_2"": [256, 72, 72]}",72,72,64,32,False,[0.0],"{""fpn_2"": 1.0}",fpn_2=1.000,deterministic_kmeans,cosine,2,outputs/rwtd_sam3_auto/coarse_vs_fine_sam_scales/stage2/train_fpn_2_only_test/checkpoint.pt,permutation_invariant_binary_partition,architexture_binary_v1,0.6510391452726687,0.3998140414821912
fpn_2_only,test,69,268,"cluster_1->texture_a,cluster_0->texture_b",0.0360486986223295,0.734902543715307,0.8658851611194814,0.734902543715307,"[""fpn_2""]",fpn_2,"[""fpn_2"", ""fpn_1"", ""fpn_0""]","{""fpn_0"": [256, 288, 288], ""fpn_1"": [256, 144, 144], ""fpn_2"": [256, 72, 72]}","{""fpn_2"": [256, 72, 72]}",72,72,64,32,False,[0.0],"{""fpn_2"": 1.0}",fpn_2=1.000,deterministic_kmeans,cosine,2,outputs/rwtd_sam3_auto/coarse_vs_fine_sam_scales/stage2/train_fpn_2_only_test/checkpoint.pt,permutation_invariant_binary_partition,architexture_binary_v1,0.8658851611194814,0.734902543715307
fpn_2_only,test,70,269,"cluster_1->texture_a,cluster_0->texture_b",0.022291409213798997,0.8302713650249307,0.9149438412407545,0.8302713650249307,"[""fpn_2""]",fpn_2,"[""fpn_2"", ""fpn_1"", ""fpn_0""]","{""fpn_0"": [256, 288, 288], ""fpn_1"": [256, 144, 144], ""fpn_2"": [256, 72, 72]}","{""fpn_2"": [256, 72, 72]}",72,72,64,32,False,[0.0],"{""fpn_2"": 1.0}",fpn_2=1.000,deterministic_kmeans,cosine,2,outputs/rwtd_sam3_auto/coarse_vs_fine_sam_scales/stage2/train_fpn_2_only_test/checkpoint.pt,permutation_invariant_binary_partition,architexture_binary_v1,0.9149438412407545,0.8302713650249307
fpn_2_only,test,71,27,"cluster_1->texture_a,cluster_0->texture_b",0.021444528455931484,0.8378333805867793,0.9143222614771542,0.8378333805867793,"[""fpn_2""]",fpn_2,"[""fpn_2"", ""fpn_1"", ""fpn_0""]","{""fpn_0"": [256, 288, 288], ""fpn_1"": [256, 144, 144], ""fpn_2"": [256, 72, 72]}","{""fpn_2"": [256, 72, 72]}",72,72,64,32,False,[0.0],"{""fpn_2"": 1.0}",fpn_2=1.000,deterministic_kmeans,cosine,2,outputs/rwtd_sam3_auto/coarse_vs_fine_sam_scales/stage2/train_fpn_2_only_test/checkpoint.pt,permutation_invariant_binary_partition,architexture_binary_v1,0.9143222614771542,0.8378333805867793
fpn_2_only,test,72,270,"cluster_1->texture_a,cluster_0->texture_b",0.18670598726463492,0.06382562502704824,0.42572527024193296,0.06382562502704824,"[""fpn_2""]",fpn_2,"[""fpn_2"", ""fpn_1"", ""fpn_0""]","{""fpn_0"": [256, 288, 288], ""fpn_1"": [256, 144, 144], ""fpn_2"": [256, 72, 72]}","{""fpn_2"": [256, 72, 72]}",72,72,64,32,False,[0.0],"{""fpn_2"": 1.0}",fpn_2=1.000,deterministic_kmeans,cosine,2,outputs/rwtd_sam3_auto/coarse_vs_fine_sam_scales/stage2/train_fpn_2_only_test/checkpoint.pt,permutation_invariant_binary_partition,architexture_binary_v1,0.42572527024193296,0.06382562502704824
fpn_2_only,test,73,274,"cluster_0->texture_a,cluster_1->texture_b",0.9570840860501768,0.915023786241686,0.0108592933029682,0.915023786241686,"[""fpn_2""]",fpn_2,"[""fpn_2"", ""fpn_1"", ""fpn_0""]","{""fpn_0"": [256, 288, 288], ""fpn_1"": [256, 144, 144], ""fpn_2"": [256, 72, 72]}","{""fpn_2"": [256, 72, 72]}",72,72,64,32,False,[0.0],"{""fpn_2"": 1.0}",fpn_2=1.000,deterministic_kmeans,cosine,2,outputs/rwtd_sam3_auto/coarse_vs_fine_sam_scales/stage2/train_fpn_2_only_test/checkpoint.pt,permutation_invariant_binary_partition,architexture_binary_v1,0.9570840860501768,0.915023786241686
fpn_2_only,test,74,276,"cluster_1->texture_a,cluster_0->texture_b",0.011581859606782183,0.9091905179337496,0.9494541361157978,0.9091905179337496,"[""fpn_2""]",fpn_2,"[""fpn_2"", ""fpn_1"", ""fpn_0""]","{""fpn_0"": [256, 288, 288], ""fpn_1"": [256, 144, 144], ""fpn_2"": [256, 72, 72]}","{""fpn_2"": [256, 72, 72]}",72,72,64,32,False,[0.0],"{""fpn_2"": 1.0}",fpn_2=1.000,deterministic_kmeans,cosine,2,outputs/rwtd_sam3_auto/coarse_vs_fine_sam_scales/stage2/train_fpn_2_only_test/checkpoint.pt,permutation_invariant_binary_partition,architexture_binary_v1,0.9494541361157978,0.9091905179337496
fpn_2_only,test,75,28,"cluster_0->texture_a,cluster_1->texture_b",0.9175359287935723,0.8353961641292719,0.021894475285737257,0.8353961641292719,"[""fpn_2""]",fpn_2,"[""fpn_2"", ""fpn_1"", ""fpn_0""]","{""fpn_0"": [256, 288, 288], ""fpn_1"": [256, 144, 144], ""fpn_2"": [256, 72, 72]}","{""fpn_2"": [256, 72, 72]}",72,72,64,32,False,[0.0],"{""fpn_2"": 1.0}",fpn_2=1.000,deterministic_kmeans,cosine,2,outputs/rwtd_sam3_auto/coarse_vs_fine_sam_scales/stage2/train_fpn_2_only_test/checkpoint.pt,permutation_invariant_binary_partition,architexture_binary_v1,0.9175359287935723,0.8353961641292719
fpn_2_only,test,76,280,"cluster_1->texture_a,cluster_0->texture_b",0.04390606452801158,0.6823528316592293,0.8393595892747432,0.6823528316592293,"[""fpn_2""]",fpn_2,"[""fpn_2"", ""fpn_1"", ""fpn_0""]","{""fpn_0"": [256, 288, 288], ""fpn_1"": [256, 144, 144], ""fpn_2"": [256, 72, 72]}","{""fpn_2"": [256, 72, 72]}",72,72,64,32,False,[0.0],"{""fpn_2"": 1.0}",fpn_2=1.000,deterministic_kmeans,cosine,2,outputs/rwtd_sam3_auto/coarse_vs_fine_sam_scales/stage2/train_fpn_2_only_test/checkpoint.pt,permutation_invariant_binary_partition,architexture_binary_v1,0.8393595892747432,0.6823528316592293
fpn_2_only,test,77,281,"cluster_0->texture_a,cluster_1->texture_b",0.9444600860596448,0.8893487679704857,0.014290898478409135,0.8893487679704857,"[""fpn_2""]",fpn_2,"[""fpn_2"", ""fpn_1"", ""fpn_0""]","{""fpn_0"": [256, 288, 288], ""fpn_1"": [256, 144, 144], ""fpn_2"": [256, 72, 72]}","{""fpn_2"": [256, 72, 72]}",72,72,64,32,False,[0.0],"{""fpn_2"": 1.0}",fpn_2=1.000,deterministic_kmeans,cosine,2,outputs/rwtd_sam3_auto/coarse_vs_fine_sam_scales/stage2/train_fpn_2_only_test/checkpoint.pt,permutation_invariant_binary_partition,architexture_binary_v1,0.9444600860596448,0.8893487679704857
fpn_2_only,test,78,282,"cluster_0->texture_a,cluster_1->texture_b",0.9522451924022268,0.905014258123097,0.012316729980094032,0.905014258123097,"[""fpn_2""]",fpn_2,"[""fpn_2"", ""fpn_1"", ""fpn_0""]","{""fpn_0"": [256, 288, 288], ""fpn_1"": [256, 144, 144], ""fpn_2"": [256, 72, 72]}","{""fpn_2"": [256, 72, 72]}",72,72,64,32,False,[0.0],"{""fpn_2"": 1.0}",fpn_2=1.000,deterministic_kmeans,cosine,2,outputs/rwtd_sam3_auto/coarse_vs_fine_sam_scales/stage2/train_fpn_2_only_test/checkpoint.pt,permutation_invariant_binary_partition,architexture_binary_v1,0.9522451924022268,0.905014258123097
fpn_2_only,test,79,288,"cluster_0->texture_a,cluster_1->texture_b",0.89954273752991,0.8347487622998152,0.02059030483893358,0.8347487622998152,"[""fpn_2""]",fpn_2,"[""fpn_2"", ""fpn_1"", ""fpn_0""]","{""fpn_0"": [256, 288, 288], ""fpn_1"": [256, 144, 144], ""fpn_2"": [256, 72, 72]}","{""fpn_2"": [256, 72, 72]}",72,72,64,32,False,[0.0],"{""fpn_2"": 1.0}",fpn_2=1.000,deterministic_kmeans,cosine,2,outputs/rwtd_sam3_auto/coarse_vs_fine_sam_scales/stage2/train_fpn_2_only_test/checkpoint.pt,permutation_invariant_binary_partition,architexture_binary_v1,0.89954273752991,0.8347487622998152
fpn_2_only,test,80,293,"cluster_1->texture_a,cluster_0->texture_b",0.015775198766429563,0.8445198271968053,0.8914321555235416,0.8445198271968053,"[""fpn_2""]",fpn_2,"[""fpn_2"", ""fpn_1"", ""fpn_0""]","{""fpn_0"": [256, 288, 288], ""fpn_1"": [256, 144, 144], ""fpn_2"": [256, 72, 72]}","{""fpn_2"": [256, 72, 72]}",72,72,64,32,False,[0.0],"{""fpn_2"": 1.0}",fpn_2=1.000,deterministic_kmeans,cosine,2,outputs/rwtd_sam3_auto/coarse_vs_fine_sam_scales/stage2/train_fpn_2_only_test/checkpoint.pt,permutation_invariant_binary_partition,architexture_binary_v1,0.8914321555235416,0.8445198271968053
fpn_2_only,test,81,294,"cluster_0->texture_a,cluster_1->texture_b",0.9604353435057914,0.9219203729402553,0.009965062975405831,0.9219203729402553,"[""fpn_2""]",fpn_2,"[""fpn_2"", ""fpn_1"", ""fpn_0""]","{""fpn_0"": [256, 288, 288], ""fpn_1"": [256, 144, 144], ""fpn_2"": [256, 72, 72]}","{""fpn_2"": [256, 72, 72]}",72,72,64,32,False,[0.0],"{""fpn_2"": 1.0}",fpn_2=1.000,deterministic_kmeans,cosine,2,outputs/rwtd_sam3_auto/coarse_vs_fine_sam_scales/stage2/train_fpn_2_only_test/checkpoint.pt,permutation_invariant_binary_partition,architexture_binary_v1,0.9604353435057914,0.9219203729402553
fpn_2_only,test,82,299,"cluster_1->texture_a,cluster_0->texture_b",0.016140789697014685,0.8766156216233464,0.9380377173955537,0.8766156216233464,"[""fpn_2""]",fpn_2,"[""fpn_2"", ""fpn_1"", ""fpn_0""]","{""fpn_0"": [256, 288, 288], ""fpn_1"": [256, 144, 144], ""fpn_2"": [256, 72, 72]}","{""fpn_2"": [256, 72, 72]}",72,72,64,32,False,[0.0],"{""fpn_2"": 1.0}",fpn_2=1.000,deterministic_kmeans,cosine,2,outputs/rwtd_sam3_auto/coarse_vs_fine_sam_scales/stage2/train_fpn_2_only_test/checkpoint.pt,permutation_invariant_binary_partition,architexture_binary_v1,0.9380377173955537,0.8766156216233464
fpn_2_only,test,83,3,"cluster_0->texture_a,cluster_1->texture_b",0.7397290085005852,0.5365757890445688,0.06665296348633132,0.5365757890445688,"[""fpn_2""]",fpn_2,"[""fpn_2"", ""fpn_1"", ""fpn_0""]","{""fpn_0"": [256, 288, 288], ""fpn_1"": [256, 144, 144], ""fpn_2"": [256, 72, 72]}","{""fpn_2"": [256, 72, 72]}",72,72,64,32,False,[0.0],"{""fpn_2"": 1.0}",fpn_2=1.000,deterministic_kmeans,cosine,2,outputs/rwtd_sam3_auto/coarse_vs_fine_sam_scales/stage2/train_fpn_2_only_test/checkpoint.pt,permutation_invariant_binary_partition,architexture_binary_v1,0.7397290085005852,0.5365757890445688
fpn_2_only,test,84,30,"cluster_1->texture_a,cluster_0->texture_b",0.02019526859794995,0.847876320779183,0.9233514753164352,0.847876320779183,"[""fpn_2""]",fpn_2,"[""fpn_2"", ""fpn_1"", ""fpn_0""]","{""fpn_0"": [256, 288, 288], ""fpn_1"": [256, 144, 144], ""fpn_2"": [256, 72, 72]}","{""fpn_2"": [256, 72, 72]}",72,72,64,32,False,[0.0],"{""fpn_2"": 1.0}",fpn_2=1.000,deterministic_kmeans,cosine,2,outputs/rwtd_sam3_auto/coarse_vs_fine_sam_scales/stage2/train_fpn_2_only_test/checkpoint.pt,permutation_invariant_binary_partition,architexture_binary_v1,0.9233514753164352,0.847876320779183
fpn_2_only,test,85,300,"cluster_1->texture_a,cluster_0->texture_b",0.0028397008156108502,0.9774200233449312,0.9885717204012132,0.9774200233449312,"[""fpn_2""]",fpn_2,"[""fpn_2"", ""fpn_1"", ""fpn_0""]","{""fpn_0"": [256, 288, 288], ""fpn_1"": [256, 144, 144], ""fpn_2"": [256, 72, 72]}","{""fpn_2"": [256, 72, 72]}",72,72,64,32,False,[0.0],"{""fpn_2"": 1.0}",fpn_2=1.000,deterministic_kmeans,cosine,2,outputs/rwtd_sam3_auto/coarse_vs_fine_sam_scales/stage2/train_fpn_2_only_test/checkpoint.pt,permutation_invariant_binary_partition,architexture_binary_v1,0.9885717204012132,0.9774200233449312
fpn_2_only,test,86,302,"cluster_1->texture_a,cluster_0->texture_b",0.0064459125984674395,0.9492635371486405,0.9743964237519094,0.9492635371486405,"[""fpn_2""]",fpn_2,"[""fpn_2"", ""fpn_1"", ""fpn_0""]","{""fpn_0"": [256, 288, 288], ""fpn_1"": [256, 144, 144], ""fpn_2"": [256, 72, 72]}","{""fpn_2"": [256, 72, 72]}",72,72,64,32,False,[0.0],"{""fpn_2"": 1.0}",fpn_2=1.000,deterministic_kmeans,cosine,2,outputs/rwtd_sam3_auto/coarse_vs_fine_sam_scales/stage2/train_fpn_2_only_test/checkpoint.pt,permutation_invariant_binary_partition,architexture_binary_v1,0.9743964237519094,0.9492635371486405
fpn_2_only,test,87,303,"cluster_0->texture_a,cluster_1->texture_b",0.9806177087410954,0.9641299947343056,0.004504024855984996,0.9641299947343056,"[""fpn_2""]",fpn_2,"[""fpn_2"", ""fpn_1"", ""fpn_0""]","{""fpn_0"": [256, 288, 288], ""fpn_1"": [256, 144, 144], ""fpn_2"": [256, 72, 72]}","{""fpn_2"": [256, 72, 72]}",72,72,64,32,False,[0.0],"{""fpn_2"": 1.0}",fpn_2=1.000,deterministic_kmeans,cosine,2,outputs/rwtd_sam3_auto/coarse_vs_fine_sam_scales/stage2/train_fpn_2_only_test/checkpoint.pt,permutation_invariant_binary_partition,architexture_binary_v1,0.9806177087410954,0.9641299947343056
fpn_2_only,test,88,304,"cluster_0->texture_a,cluster_1->texture_b",0.8123227277274465,0.6688991822690257,0.04593933936281336,0.6688991822690257,"[""fpn_2""]",fpn_2,"[""fpn_2"", ""fpn_1"", ""fpn_0""]","{""fpn_0"": [256, 288, 288], ""fpn_1"": [256, 144, 144], ""fpn_2"": [256, 72, 72]}","{""fpn_2"": [256, 72, 72]}",72,72,64,32,False,[0.0],"{""fpn_2"": 1.0}",fpn_2=1.000,deterministic_kmeans,cosine,2,outputs/rwtd_sam3_auto/coarse_vs_fine_sam_scales/stage2/train_fpn_2_only_test/checkpoint.pt,permutation_invariant_binary_partition,architexture_binary_v1,0.8123227277274465,0.6688991822690257
fpn_2_only,test,89,308,"cluster_1->texture_a,cluster_0->texture_b",0.0125189662020756,0.8888591721177268,0.9263054195031297,0.8888591721177268,"[""fpn_2""]",fpn_2,"[""fpn_2"", ""fpn_1"", ""fpn_0""]","{""fpn_0"": [256, 288, 288], ""fpn_1"": [256, 144, 144], ""fpn_2"": [256, 72, 72]}","{""fpn_2"": [256, 72, 72]}",72,72,64,32,False,[0.0],"{""fpn_2"": 1.0}",fpn_2=1.000,deterministic_kmeans,cosine,2,outputs/rwtd_sam3_auto/coarse_vs_fine_sam_scales/stage2/train_fpn_2_only_test/checkpoint.pt,permutation_invariant_binary_partition,architexture_binary_v1,0.9263054195031297,0.8888591721177268
fpn_2_only,test,90,310,"cluster_1->texture_a,cluster_0->texture_b",0.008220582756200173,0.8896983393366066,0.9142367489777639,0.8896983393366066,"[""fpn_2""]",fpn_2,"[""fpn_2"", ""fpn_1"", ""fpn_0""]","{""fpn_0"": [256, 288, 288], ""fpn_1"": [256, 144, 144], ""fpn_2"": [256, 72, 72]}","{""fpn_2"": [256, 72, 72]}",72,72,64,32,False,[0.0],"{""fpn_2"": 1.0}",fpn_2=1.000,deterministic_kmeans,cosine,2,outputs/rwtd_sam3_auto/coarse_vs_fine_sam_scales/stage2/train_fpn_2_only_test/checkpoint.pt,permutation_invariant_binary_partition,architexture_binary_v1,0.9142367489777639,0.8896983393366066
fpn_2_only,test,91,311,"cluster_1->texture_a,cluster_0->texture_b",0.014866769332766362,0.8173450880935306,0.8646988240905595,0.8173450880935306,"[""fpn_2""]",fpn_2,"[""fpn_2"", ""fpn_1"", ""fpn_0""]","{""fpn_0"": [256, 288, 288], ""fpn_1"": [256, 144, 144], ""fpn_2"": [256, 72, 72]}","{""fpn_2"": [256, 72, 72]}",72,72,64,32,False,[0.0],"{""fpn_2"": 1.0}",fpn_2=1.000,deterministic_kmeans,cosine,2,outputs/rwtd_sam3_auto/coarse_vs_fine_sam_scales/stage2/train_fpn_2_only_test/checkpoint.pt,permutation_invariant_binary_partition,architexture_binary_v1,0.8646988240905595,0.8173450880935306
fpn_2_only,test,92,315,"cluster_1->texture_a,cluster_0->texture_b",0.006578312471323864,0.9076701524833352,0.926907527392998,0.9076701524833352,"[""fpn_2""]",fpn_2,"[""fpn_2"", ""fpn_1"", ""fpn_0""]","{""fpn_0"": [256, 288, 288], ""fpn_1"": [256, 144, 144], ""fpn_2"": [256, 72, 72]}","{""fpn_2"": [256, 72, 72]}",72,72,64,32,False,[0.0],"{""fpn_2"": 1.0}",fpn_2=1.000,deterministic_kmeans,cosine,2,outputs/rwtd_sam3_auto/coarse_vs_fine_sam_scales/stage2/train_fpn_2_only_test/checkpoint.pt,permutation_invariant_binary_partition,architexture_binary_v1,0.926907527392998,0.9076701524833352
fpn_2_only,test,93,318,"cluster_1->texture_a,cluster_0->texture_b",0.008059106440311936,0.9309710684958679,0.9558523993106074,0.9309710684958679,"[""fpn_2""]",fpn_2,"[""fpn_2"", ""fpn_1"", ""fpn_0""]","{""fpn_0"": [256, 288, 288], ""fpn_1"": [256, 144, 144], ""fpn_2"": [256, 72, 72]}","{""fpn_2"": [256, 72, 72]}",72,72,64,32,False,[0.0],"{""fpn_2"": 1.0}",fpn_2=1.000,deterministic_kmeans,cosine,2,outputs/rwtd_sam3_auto/coarse_vs_fine_sam_scales/stage2/train_fpn_2_only_test/checkpoint.pt,permutation_invariant_binary_partition,architexture_binary_v1,0.9558523993106074,0.9309710684958679
fpn_2_only,test,94,319,"cluster_0->texture_a,cluster_1->texture_b",0.5093872934437584,0.13188553096766156,0.1618539182525261,0.13188553096766156,"[""fpn_2""]",fpn_2,"[""fpn_2"", ""fpn_1"", ""fpn_0""]","{""fpn_0"": [256, 288, 288], ""fpn_1"": [256, 144, 144], ""fpn_2"": [256, 72, 72]}","{""fpn_2"": [256, 72, 72]}",72,72,64,32,False,[0.0],"{""fpn_2"": 1.0}",fpn_2=1.000,deterministic_kmeans,cosine,2,outputs/rwtd_sam3_auto/coarse_vs_fine_sam_scales/stage2/train_fpn_2_only_test/checkpoint.pt,permutation_invariant_binary_partition,architexture_binary_v1,0.5093872934437584,0.13188553096766156
fpn_2_only,test,95,322,"cluster_0->texture_a,cluster_1->texture_b",0.9645729810763062,0.9311552244664287,0.008821658991327985,0.9311552244664287,"[""fpn_2""]",fpn_2,"[""fpn_2"", ""fpn_1"", ""fpn_0""]","{""fpn_0"": [256, 288, 288], ""fpn_1"": [256, 144, 144], ""fpn_2"": [256, 72, 72]}","{""fpn_2"": [256, 72, 72]}",72,72,64,32,False,[0.0],"{""fpn_2"": 1.0}",fpn_2=1.000,deterministic_kmeans,cosine,2,outputs/rwtd_sam3_auto/coarse_vs_fine_sam_scales/stage2/train_fpn_2_only_test/checkpoint.pt,permutation_invariant_binary_partition,architexture_binary_v1,0.9645729810763062,0.9311552244664287
fpn_2_only,test,96,323,"cluster_0->texture_a,cluster_1->texture_b",0.9072926995983226,0.8151579336500556,0.024789701741993006,0.8151579336500556,"[""fpn_2""]",fpn_2,"[""fpn_2"", ""fpn_1"", ""fpn_0""]","{""fpn_0"": [256, 288, 288], ""fpn_1"": [256, 144, 144], ""fpn_2"": [256, 72, 72]}","{""fpn_2"": [256, 72, 72]}",72,72,64,32,False,[0.0],"{""fpn_2"": 1.0}",fpn_2=1.000,deterministic_kmeans,cosine,2,outputs/rwtd_sam3_auto/coarse_vs_fine_sam_scales/stage2/train_fpn_2_only_test/checkpoint.pt,permutation_invariant_binary_partition,architexture_binary_v1,0.9072926995983226,0.8151579336500556
fpn_2_only,test,97,324,"cluster_1->texture_a,cluster_0->texture_b",0.01457591478584409,0.8883110221272181,0.9438469440129479,0.8883110221272181,"[""fpn_2""]",fpn_2,"[""fpn_2"", ""fpn_1"", ""fpn_0""]","{""fpn_0"": [256, 288, 288], ""fpn_1"": [256, 144, 144], ""fpn_2"": [256, 72, 72]}","{""fpn_2"": [256, 72, 72]}",72,72,64,32,False,[0.0],"{""fpn_2"": 1.0}",fpn_2=1.000,deterministic_kmeans,cosine,2,outputs/rwtd_sam3_auto/coarse_vs_fine_sam_scales/stage2/train_fpn_2_only_test/checkpoint.pt,permutation_invariant_binary_partition,architexture_binary_v1,0.9438469440129479,0.8883110221272181
fpn_2_only,test,98,325,"cluster_1->texture_a,cluster_0->texture_b",0.021089934396544475,0.8408133574312147,0.919922781465948,0.8408133574312147,"[""fpn_2""]",fpn_2,"[""fpn_2"", ""fpn_1"", ""fpn_0""]","{""fpn_0"": [256, 288, 288], ""fpn_1"": [256, 144, 144], ""fpn_2"": [256, 72, 72]}","{""fpn_2"": [256, 72, 72]}",72,72,64,32,False,[0.0],"{""fpn_2"": 1.0}",fpn_2=1.000,deterministic_kmeans,cosine,2,outputs/rwtd_sam3_auto/coarse_vs_fine_sam_scales/stage2/train_fpn_2_only_test/checkpoint.pt,permutation_invariant_binary_partition,architexture_binary_v1,0.919922781465948,0.8408133574312147
fpn_2_only,test,99,327,"cluster_1->texture_a,cluster_0->texture_b",0.015463755161674,0.8814144495861029,0.9401381950260803,0.8814144495861029,"[""fpn_2""]",fpn_2,"[""fpn_2"", ""fpn_1"", ""fpn_0""]","{""fpn_0"": [256, 288, 288], ""fpn_1"": [256, 144, 144], ""fpn_2"": [256, 72, 72]}","{""fpn_2"": [256, 72, 72]}",72,72,64,32,False,[0.0],"{""fpn_2"": 1.0}",fpn_2=1.000,deterministic_kmeans,cosine,2,outputs/rwtd_sam3_auto/coarse_vs_fine_sam_scales/stage2/train_fpn_2_only_test/checkpoint.pt,permutation_invariant_binary_partition,architexture_binary_v1,0.9401381950260803,0.8814144495861029
fpn_2_only,test,100,328,"cluster_0->texture_a,cluster_1->texture_b",0.9445375492696899,0.8966896976010252,0.013357548858690754,0.8966896976010252,"[""fpn_2""]",fpn_2,"[""fpn_2"", ""fpn_1"", ""fpn_0""]","{""fpn_0"": [256, 288, 288], ""fpn_1"": [256, 144, 144], ""fpn_2"": [256, 72, 72]}","{""fpn_2"": [256, 72, 72]}",72,72,64,32,False,[0.0],"{""fpn_2"": 1.0}",fpn_2=1.000,deterministic_kmeans,cosine,2,outputs/rwtd_sam3_auto/coarse_vs_fine_sam_scales/stage2/train_fpn_2_only_test/checkpoint.pt,permutation_invariant_binary_partition,architexture_binary_v1,0.9445375492696899,0.8966896976010252
fpn_2_only,test,101,329,"cluster_1->texture_a,cluster_0->texture_b",0.028036949540650172,0.7908191186238885,0.8950888503231814,0.7908191186238885,"[""fpn_2""]",fpn_2,"[""fpn_2"", ""fpn_1"", ""fpn_0""]","{""fpn_0"": [256, 288, 288], ""fpn_1"": [256, 144, 144], ""fpn_2"": [256, 72, 72]}","{""fpn_2"": [256, 72, 72]}",72,72,64,32,False,[0.0],"{""fpn_2"": 1.0}",fpn_2=1.000,deterministic_kmeans,cosine,2,outputs/rwtd_sam3_auto/coarse_vs_fine_sam_scales/stage2/train_fpn_2_only_test/checkpoint.pt,permutation_invariant_binary_partition,architexture_binary_v1,0.8950888503231814,0.7908191186238885
fpn_2_only,test,102,33,"cluster_1->texture_a,cluster_0->texture_b",0.007252024206706613,0.9279470935452282,0.9487440046237338,0.9279470935452282,"[""fpn_2""]",fpn_2,"[""fpn_2"", ""fpn_1"", ""fpn_0""]","{""fpn_0"": [256, 288, 288], ""fpn_1"": [256, 144, 144], ""fpn_2"": [256, 72, 72]}","{""fpn_2"": [256, 72, 72]}",72,72,64,32,False,[0.0],"{""fpn_2"": 1.0}",fpn_2=1.000,deterministic_kmeans,cosine,2,outputs/rwtd_sam3_auto/coarse_vs_fine_sam_scales/stage2/train_fpn_2_only_test/checkpoint.pt,permutation_invariant_binary_partition,architexture_binary_v1,0.9487440046237338,0.9279470935452282
fpn_2_only,test,103,330,"cluster_1->texture_a,cluster_0->texture_b",0.014066321720034428,0.8909762659836836,0.9425927918137127,0.8909762659836836,"[""fpn_2""]",fpn_2,"[""fpn_2"", ""fpn_1"", ""fpn_0""]","{""fpn_0"": [256, 288, 288], ""fpn_1"": [256, 144, 144], ""fpn_2"": [256, 72, 72]}","{""fpn_2"": [256, 72, 72]}",72,72,64,32,False,[0.0],"{""fpn_2"": 1.0}",fpn_2=1.000,deterministic_kmeans,cosine,2,outputs/rwtd_sam3_auto/coarse_vs_fine_sam_scales/stage2/train_fpn_2_only_test/checkpoint.pt,permutation_invariant_binary_partition,architexture_binary_v1,0.9425927918137127,0.8909762659836836
fpn_2_only,test,104,331,"cluster_0->texture_a,cluster_1->texture_b",0.912113051696709,0.8501492439640583,0.019070202653193216,0.8501492439640583,"[""fpn_2""]",fpn_2,"[""fpn_2"", ""fpn_1"", ""fpn_0""]","{""fpn_0"": [256, 288, 288], ""fpn_1"": [256, 144, 144], ""fpn_2"": [256, 72, 72]}","{""fpn_2"": [256, 72, 72]}",72,72,64,32,False,[0.0],"{""fpn_2"": 1.0}",fpn_2=1.000,deterministic_kmeans,cosine,2,outputs/rwtd_sam3_auto/coarse_vs_fine_sam_scales/stage2/train_fpn_2_only_test/checkpoint.pt,permutation_invariant_binary_partition,architexture_binary_v1,0.912113051696709,0.8501492439640583
fpn_2_only,test,105,332,"cluster_0->texture_a,cluster_1->texture_b",0.9412853095443124,0.8906477278417136,0.014131726984335038,0.8906477278417136,"[""fpn_2""]",fpn_2,"[""fpn_2"", ""fpn_1"", ""fpn_0""]","{""fpn_0"": [256, 288, 288], ""fpn_1"": [256, 144, 144], ""fpn_2"": [256, 72, 72]}","{""fpn_2"": [256, 72, 72]}",72,72,64,32,False,[0.0],"{""fpn_2"": 1.0}",fpn_2=1.000,deterministic_kmeans,cosine,2,outputs/rwtd_sam3_auto/coarse_vs_fine_sam_scales/stage2/train_fpn_2_only_test/checkpoint.pt,permutation_invariant_binary_partition,architexture_binary_v1,0.9412853095443124,0.8906477278417136
fpn_2_only,test,106,334,"cluster_0->texture_a,cluster_1->texture_b",0.9271578246149894,0.8633708704757375,0.017773415153836555,0.8633708704757375,"[""fpn_2""]",fpn_2,"[""fpn_2"", ""fpn_1"", ""fpn_0""]","{""fpn_0"": [256, 288, 288], ""fpn_1"": [256, 144, 144], ""fpn_2"": [256, 72, 72]}","{""fpn_2"": [256, 72, 72]}",72,72,64,32,False,[0.0],"{""fpn_2"": 1.0}",fpn_2=1.000,deterministic_kmeans,cosine,2,outputs/rwtd_sam3_auto/coarse_vs_fine_sam_scales/stage2/train_fpn_2_only_test/checkpoint.pt,permutation_invariant_binary_partition,architexture_binary_v1,0.9271578246149894,0.8633708704757375
fpn_2_only,test,107,337,"cluster_0->texture_a,cluster_1->texture_b",0.9550175001243821,0.9326979105192469,0.0074655530322736766,0.9326979105192469,"[""fpn_2""]",fpn_2,"[""fpn_2"", ""fpn_1"", ""fpn_0""]","{""fpn_0"": [256, 288, 288], ""fpn_1"": [256, 144, 144], ""fpn_2"": [256, 72, 72]}","{""fpn_2"": [256, 72, 72]}",72,72,64,32,False,[0.0],"{""fpn_2"": 1.0}",fpn_2=1.000,deterministic_kmeans,cosine,2,outputs/rwtd_sam3_auto/coarse_vs_fine_sam_scales/stage2/train_fpn_2_only_test/checkpoint.pt,permutation_invariant_binary_partition,architexture_binary_v1,0.9550175001243821,0.9326979105192469
fpn_2_only,test,108,34,"cluster_1->texture_a,cluster_0->texture_b",0.04942554030771139,0.6402912662502225,0.8017933225630849,0.6402912662502225,"[""fpn_2""]",fpn_2,"[""fpn_2"", ""fpn_1"", ""fpn_0""]","{""fpn_0"": [256, 288, 288], ""fpn_1"": [256, 144, 144], ""fpn_2"": [256, 72, 72]}","{""fpn_2"": [256, 72, 72]}",72,72,64,32,False,[0.0],"{""fpn_2"": 1.0}",fpn_2=1.000,deterministic_kmeans,cosine,2,outputs/rwtd_sam3_auto/coarse_vs_fine_sam_scales/stage2/train_fpn_2_only_test/checkpoint.pt,permutation_invariant_binary_partition,architexture_binary_v1,0.8017933225630849,0.6402912662502225
fpn_2_only,test,109,342,"cluster_0->texture_a,cluster_1->texture_b",0.9607384687621181,0.9224493998777276,0.009951765281670723,0.9224493998777276,"[""fpn_2""]",fpn_2,"[""fpn_2"", ""fpn_1"", ""fpn_0""]","{""fpn_0"": [256, 288, 288], ""fpn_1"": [256, 144, 144], ""fpn_2"": [256, 72, 72]}","{""fpn_2"": [256, 72, 72]}",72,72,64,32,False,[0.0],"{""fpn_2"": 1.0}",fpn_2=1.000,deterministic_kmeans,cosine,2,outputs/rwtd_sam3_auto/coarse_vs_fine_sam_scales/stage2/train_fpn_2_only_test/checkpoint.pt,permutation_invariant_binary_partition,architexture_binary_v1,0.9607384687621181,0.9224493998777276
fpn_2_only,test,110,343,"cluster_1->texture_a,cluster_0->texture_b",0.00768414558860577,0.9348547098032103,0.9588296744662681,0.9348547098032103,"[""fpn_2""]",fpn_2,"[""fpn_2"", ""fpn_1"", ""fpn_0""]","{""fpn_0"": [256, 288, 288], ""fpn_1"": [256, 144, 144], ""fpn_2"": [256, 72, 72]}","{""fpn_2"": [256, 72, 72]}",72,72,64,32,False,[0.0],"{""fpn_2"": 1.0}",fpn_2=1.000,deterministic_kmeans,cosine,2,outputs/rwtd_sam3_auto/coarse_vs_fine_sam_scales/stage2/train_fpn_2_only_test/checkpoint.pt,permutation_invariant_binary_partition,architexture_binary_v1,0.9588296744662681,0.9348547098032103
fpn_2_only,test,111,344,"cluster_1->texture_a,cluster_0->texture_b",0.008753820133304703,0.9287074701118712,0.957355078376447,0.9287074701118712,"[""fpn_2""]",fpn_2,"[""fpn_2"", ""fpn_1"", ""fpn_0""]","{""fpn_0"": [256, 288, 288], ""fpn_1"": [256, 144, 144], ""fpn_2"": [256, 72, 72]}","{""fpn_2"": [256, 72, 72]}",72,72,64,32,False,[0.0],"{""fpn_2"": 1.0}",fpn_2=1.000,deterministic_kmeans,cosine,2,outputs/rwtd_sam3_auto/coarse_vs_fine_sam_scales/stage2/train_fpn_2_only_test/checkpoint.pt,permutation_invariant_binary_partition,architexture_binary_v1,0.957355078376447,0.9287074701118712
fpn_2_only,test,112,345,"cluster_0->texture_a,cluster_1->texture_b",0.9348745527909488,0.8837890729901697,0.014921986448478954,0.8837890729901697,"[""fpn_2""]",fpn_2,"[""fpn_2"", ""fpn_1"", ""fpn_0""]","{""fpn_0"": [256, 288, 288], ""fpn_1"": [256, 144, 144], ""fpn_2"": [256, 72, 72]}","{""fpn_2"": [256, 72, 72]}",72,72,64,32,False,[0.0],"{""fpn_2"": 1.0}",fpn_2=1.000,deterministic_kmeans,cosine,2,outputs/rwtd_sam3_auto/coarse_vs_fine_sam_scales/stage2/train_fpn_2_only_test/checkpoint.pt,permutation_invariant_binary_partition,architexture_binary_v1,0.9348745527909488,0.8837890729901697
fpn_2_only,test,113,346,"cluster_1->texture_a,cluster_0->texture_b",0.007679069455172485,0.9391977321495355,0.9663253906928015,0.9391977321495355,"[""fpn_2""]",fpn_2,"[""fpn_2"", ""fpn_1"", ""fpn_0""]","{""fpn_0"": [256, 288, 288], ""fpn_1"": [256, 144, 144], ""fpn_2"": [256, 72, 72]}","{""fpn_2"": [256, 72, 72]}",72,72,64,32,False,[0.0],"{""fpn_2"": 1.0}",fpn_2=1.000,deterministic_kmeans,cosine,2,outputs/rwtd_sam3_auto/coarse_vs_fine_sam_scales/stage2/train_fpn_2_only_test/checkpoint.pt,permutation_invariant_binary_partition,architexture_binary_v1,0.9663253906928015,0.9391977321495355
fpn_2_only,test,114,347,"cluster_0->texture_a,cluster_1->texture_b",0.9649375122265142,0.9316404227918752,0.008756520675734698,0.9316404227918752,"[""fpn_2""]",fpn_2,"[""fpn_2"", ""fpn_1"", ""fpn_0""]","{""fpn_0"": [256, 288, 288], ""fpn_1"": [256, 144, 144], ""fpn_2"": [256, 72, 72]}","{""fpn_2"": [256, 72, 72]}",72,72,64,32,False,[0.0],"{""fpn_2"": 1.0}",fpn_2=1.000,deterministic_kmeans,cosine,2,outputs/rwtd_sam3_auto/coarse_vs_fine_sam_scales/stage2/train_fpn_2_only_test/checkpoint.pt,permutation_invariant_binary_partition,architexture_binary_v1,0.9649375122265142,0.9316404227918752
fpn_2_only,test,115,349,"cluster_0->texture_a,cluster_1->texture_b",0.9507719577889246,0.9153760457728615,0.010541201374078784,0.9153760457728615,"[""fpn_2""]",fpn_2,"[""fpn_2"", ""fpn_1"", ""fpn_0""]","{""fpn_0"": [256, 288, 288], ""fpn_1"": [256, 144, 144], ""fpn_2"": [256, 72, 72]}","{""fpn_2"": [256, 72, 72]}",72,72,64,32,False,[0.0],"{""fpn_2"": 1.0}",fpn_2=1.000,deterministic_kmeans,cosine,2,outputs/rwtd_sam3_auto/coarse_vs_fine_sam_scales/stage2/train_fpn_2_only_test/checkpoint.pt,permutation_invariant_binary_partition,architexture_binary_v1,0.9507719577889246,0.9153760457728615
fpn_2_only,test,116,350,"cluster_1->texture_a,cluster_0->texture_b",0.12604473599574845,0.11496998500537085,0.4433380456732885,0.11496998500537085,"[""fpn_2""]",fpn_2,"[""fpn_2"", ""fpn_1"", ""fpn_0""]","{""fpn_0"": [256, 288, 288], ""fpn_1"": [256, 144, 144], ""fpn_2"": [256, 72, 72]}","{""fpn_2"": [256, 72, 72]}",72,72,64,32,False,[0.0],"{""fpn_2"": 1.0}",fpn_2=1.000,deterministic_kmeans,cosine,2,outputs/rwtd_sam3_auto/coarse_vs_fine_sam_scales/stage2/train_fpn_2_only_test/checkpoint.pt,permutation_invariant_binary_partition,architexture_binary_v1,0.4433380456732885,0.11496998500537085
fpn_2_only,test,117,351,"cluster_1->texture_a,cluster_0->texture_b",0.0072784423828125,0.9426191814386715,0.9712827686807796,0.9426191814386715,"[""fpn_2""]",fpn_2,"[""fpn_2"", ""fpn_1"", ""fpn_0""]","{""fpn_0"": [256, 288, 288], ""fpn_1"": [256, 144, 144], ""fpn_2"": [256, 72, 72]}","{""fpn_2"": [256, 72, 72]}",72,72,64,32,False,[0.0],"{""fpn_2"": 1.0}",fpn_2=1.000,deterministic_kmeans,cosine,2,outputs/rwtd_sam3_auto/coarse_vs_fine_sam_scales/stage2/train_fpn_2_only_test/checkpoint.pt,permutation_invariant_binary_partition,architexture_binary_v1,0.9712827686807796,0.9426191814386715
fpn_2_only,test,118,352,"cluster_0->texture_a,cluster_1->texture_b",0.8269832659064393,0.705511150885126,0.03832475974709713,0.705511150885126,"[""fpn_2""]",fpn_2,"[""fpn_2"", ""fpn_1"", ""fpn_0""]","{""fpn_0"": [256, 288, 288], ""fpn_1"": [256, 144, 144], ""fpn_2"": [256, 72, 72]}","{""fpn_2"": [256, 72, 72]}",72,72,64,32,False,[0.0],"{""fpn_2"": 1.0}",fpn_2=1.000,deterministic_kmeans,cosine,2,outputs/rwtd_sam3_auto/coarse_vs_fine_sam_scales/stage2/train_fpn_2_only_test/checkpoint.pt,permutation_invariant_binary_partition,architexture_binary_v1,0.8269832659064393,0.705511150885126
fpn_2_only,test,119,357,"cluster_0->texture_a,cluster_1->texture_b",0.6910151621562353,0.40240824833138444,0.09159732052961808,0.40240824833138444,"[""fpn_2""]",fpn_2,"[""fpn_2"", ""fpn_1"", ""fpn_0""]","{""fpn_0"": [256, 288, 288], ""fpn_1"": [256, 144, 144], ""fpn_2"": [256, 72, 72]}","{""fpn_2"": [256, 72, 72]}",72,72,64,32,False,[0.0],"{""fpn_2"": 1.0}",fpn_2=1.000,deterministic_kmeans,cosine,2,outputs/rwtd_sam3_auto/coarse_vs_fine_sam_scales/stage2/train_fpn_2_only_test/checkpoint.pt,permutation_invariant_binary_partition,architexture_binary_v1,0.6910151621562353,0.40240824833138444
fpn_2_only,test,120,358,"cluster_0->texture_a,cluster_1->texture_b",0.3976490986639729,0.05081942892674508,0.19389066740317584,0.05081942892674508,"[""fpn_2""]",fpn_2,"[""fpn_2"", ""fpn_1"", ""fpn_0""]","{""fpn_0"": [256, 288, 288], ""fpn_1"": [256, 144, 144], ""fpn_2"": [256, 72, 72]}","{""fpn_2"": [256, 72, 72]}",72,72,64,32,False,[0.0],"{""fpn_2"": 1.0}",fpn_2=1.000,deterministic_kmeans,cosine,2,outputs/rwtd_sam3_auto/coarse_vs_fine_sam_scales/stage2/train_fpn_2_only_test/checkpoint.pt,permutation_invariant_binary_partition,architexture_binary_v1,0.3976490986639729,0.05081942892674508
fpn_2_only,test,121,359,"cluster_0->texture_a,cluster_1->texture_b",0.9285305933822525,0.8590810175801016,0.018335019187269305,0.8590810175801016,"[""fpn_2""]",fpn_2,"[""fpn_2"", ""fpn_1"", ""fpn_0""]","{""fpn_0"": [256, 288, 288], ""fpn_1"": [256, 144, 144], ""fpn_2"": [256, 72, 72]}","{""fpn_2"": [256, 72, 72]}",72,72,64,32,False,[0.0],"{""fpn_2"": 1.0}",fpn_2=1.000,deterministic_kmeans,cosine,2,outputs/rwtd_sam3_auto/coarse_vs_fine_sam_scales/stage2/train_fpn_2_only_test/checkpoint.pt,permutation_invariant_binary_partition,architexture_binary_v1,0.9285305933822525,0.8590810175801016
fpn_2_only,test,122,36,"cluster_0->texture_a,cluster_1->texture_b",0.9385460123720661,0.9058543718360451,0.010784520337868173,0.9058543718360451,"[""fpn_2""]",fpn_2,"[""fpn_2"", ""fpn_1"", ""fpn_0""]","{""fpn_0"": [256, 288, 288], ""fpn_1"": [256, 144, 144], ""fpn_2"": [256, 72, 72]}","{""fpn_2"": [256, 72, 72]}",72,72,64,32,False,[0.0],"{""fpn_2"": 1.0}",fpn_2=1.000,deterministic_kmeans,cosine,2,outputs/rwtd_sam3_auto/coarse_vs_fine_sam_scales/stage2/train_fpn_2_only_test/checkpoint.pt,permutation_invariant_binary_partition,architexture_binary_v1,0.9385460123720661,0.9058543718360451
fpn_2_only,test,123,362,"cluster_0->texture_a,cluster_1->texture_b",0.9342911941992227,0.8687485125249629,0.01727082297475789,0.8687485125249629,"[""fpn_2""]",fpn_2,"[""fpn_2"", ""fpn_1"", ""fpn_0""]","{""fpn_0"": [256, 288, 288], ""fpn_1"": [256, 144, 144], ""fpn_2"": [256, 72, 72]}","{""fpn_2"": [256, 72, 72]}",72,72,64,32,False,[0.0],"{""fpn_2"": 1.0}",fpn_2=1.000,deterministic_kmeans,cosine,2,outputs/rwtd_sam3_auto/coarse_vs_fine_sam_scales/stage2/train_fpn_2_only_test/checkpoint.pt,permutation_invariant_binary_partition,architexture_binary_v1,0.9342911941992227,0.8687485125249629
fpn_2_only,test,124,364,"cluster_1->texture_a,cluster_0->texture_b",0.016778963101026792,0.8689232697041407,0.924713988146712,0.8689232697041407,"[""fpn_2""]",fpn_2,"[""fpn_2"", ""fpn_1"", ""fpn_0""]","{""fpn_0"": [256, 288, 288], ""fpn_1"": [256, 144, 144], ""fpn_2"": [256, 72, 72]}","{""fpn_2"": [256, 72, 72]}",72,72,64,32,False,[0.0],"{""fpn_2"": 1.0}",fpn_2=1.000,deterministic_kmeans,cosine,2,outputs/rwtd_sam3_auto/coarse_vs_fine_sam_scales/stage2/train_fpn_2_only_test/checkpoint.pt,permutation_invariant_binary_partition,architexture_binary_v1,0.924713988146712,0.8689232697041407
fpn_2_only,test,125,365,"cluster_1->texture_a,cluster_0->texture_b",0.020469674710107105,0.843423277907881,0.9198315475179644,0.843423277907881,"[""fpn_2""]",fpn_2,"[""fpn_2"", ""fpn_1"", ""fpn_0""]","{""fpn_0"": [256, 288, 288], ""fpn_1"": [256, 144, 144], ""fpn_2"": [256, 72, 72]}","{""fpn_2"": [256, 72, 72]}",72,72,64,32,False,[0.0],"{""fpn_2"": 1.0}",fpn_2=1.000,deterministic_kmeans,cosine,2,outputs/rwtd_sam3_auto/coarse_vs_fine_sam_scales/stage2/train_fpn_2_only_test/checkpoint.pt,permutation_invariant_binary_partition,architexture_binary_v1,0.9198315475179644,0.843423277907881
fpn_2_only,test,126,366,"cluster_0->texture_a,cluster_1->texture_b",0.8621342774785825,0.7260375388870522,0.037651720218506636,0.7260375388870522,"[""fpn_2""]",fpn_2,"[""fpn_2"", ""fpn_1"", ""fpn_0""]","{""fpn_0"": [256, 288, 288], ""fpn_1"": [256, 144, 144], ""fpn_2"": [256, 72, 72]}","{""fpn_2"": [256, 72, 72]}",72,72,64,32,False,[0.0],"{""fpn_2"": 1.0}",fpn_2=1.000,deterministic_kmeans,cosine,2,outputs/rwtd_sam3_auto/coarse_vs_fine_sam_scales/stage2/train_fpn_2_only_test/checkpoint.pt,permutation_invariant_binary_partition,architexture_binary_v1,0.8621342774785825,0.7260375388870522
fpn_2_only,test,127,371,"cluster_0->texture_a,cluster_1->texture_b",0.9308635222315759,0.8651398487395728,0.01758725767616484,0.8651398487395728,"[""fpn_2""]",fpn_2,"[""fpn_2"", ""fpn_1"", ""fpn_0""]","{""fpn_0"": [256, 288, 288], ""fpn_1"": [256, 144, 144], ""fpn_2"": [256, 72, 72]}","{""fpn_2"": [256, 72, 72]}",72,72,64,32,False,[0.0],"{""fpn_2"": 1.0}",fpn_2=1.000,deterministic_kmeans,cosine,2,outputs/rwtd_sam3_auto/coarse_vs_fine_sam_scales/stage2/train_fpn_2_only_test/checkpoint.pt,permutation_invariant_binary_partition,architexture_binary_v1,0.9308635222315759,0.8651398487395728
fpn_2_only,test,128,373,"cluster_0->texture_a,cluster_1->texture_b",0.9405617821226504,0.9061157754134617,0.011124268137634043,0.9061157754134617,"[""fpn_2""]",fpn_2,"[""fpn_2"", ""fpn_1"", ""fpn_0""]","{""fpn_0"": [256, 288, 288], ""fpn_1"": [256, 144, 144], ""fpn_2"": [256, 72, 72]}","{""fpn_2"": [256, 72, 72]}",72,72,64,32,False,[0.0],"{""fpn_2"": 1.0}",fpn_2=1.000,deterministic_kmeans,cosine,2,outputs/rwtd_sam3_auto/coarse_vs_fine_sam_scales/stage2/train_fpn_2_only_test/checkpoint.pt,permutation_invariant_binary_partition,architexture_binary_v1,0.9405617821226504,0.9061157754134617
fpn_2_only,test,129,374,"cluster_0->texture_a,cluster_1->texture_b",0.8811770380631854,0.7896679629366053,0.027477541410701422,0.7896679629366053,"[""fpn_2""]",fpn_2,"[""fpn_2"", ""fpn_1"", ""fpn_0""]","{""fpn_0"": [256, 288, 288], ""fpn_1"": [256, 144, 144], ""fpn_2"": [256, 72, 72]}","{""fpn_2"": [256, 72, 72]}",72,72,64,32,False,[0.0],"{""fpn_2"": 1.0}",fpn_2=1.000,deterministic_kmeans,cosine,2,outputs/rwtd_sam3_auto/coarse_vs_fine_sam_scales/stage2/train_fpn_2_only_test/checkpoint.pt,permutation_invariant_binary_partition,architexture_binary_v1,0.8811770380631854,0.7896679629366053
fpn_2_only,test,130,376,"cluster_1->texture_a,cluster_0->texture_b",0.009647378431183105,0.9235558448071423,0.9580560688829478,0.9235558448071423,"[""fpn_2""]",fpn_2,"[""fpn_2"", ""fpn_1"", ""fpn_0""]","{""fpn_0"": [256, 288, 288], ""fpn_1"": [256, 144, 144], ""fpn_2"": [256, 72, 72]}","{""fpn_2"": [256, 72, 72]}",72,72,64,32,False,[0.0],"{""fpn_2"": 1.0}",fpn_2=1.000,deterministic_kmeans,cosine,2,outputs/rwtd_sam3_auto/coarse_vs_fine_sam_scales/stage2/train_fpn_2_only_test/checkpoint.pt,permutation_invariant_binary_partition,architexture_binary_v1,0.9580560688829478,0.9235558448071423
fpn_2_only,test,131,377,"cluster_1->texture_a,cluster_0->texture_b",0.1451492040559287,0.20448519869655238,0.5518903713324859,0.20448519869655238,"[""fpn_2""]",fpn_2,"[""fpn_2"", ""fpn_1"", ""fpn_0""]","{""fpn_0"": [256, 288, 288], ""fpn_1"": [256, 144, 144], ""fpn_2"": [256, 72, 72]}","{""fpn_2"": [256, 72, 72]}",72,72,64,32,False,[0.0],"{""fpn_2"": 1.0}",fpn_2=1.000,deterministic_kmeans,cosine,2,outputs/rwtd_sam3_auto/coarse_vs_fine_sam_scales/stage2/train_fpn_2_only_test/checkpoint.pt,permutation_invariant_binary_partition,architexture_binary_v1,0.5518903713324859,0.20448519869655238
fpn_2_only,test,132,378,"cluster_0->texture_a,cluster_1->texture_b",0.8929846154420584,0.8425393134884632,0.017045501139238126,0.8425393134884632,"[""fpn_2""]",fpn_2,"[""fpn_2"", ""fpn_1"", ""fpn_0""]","{""fpn_0"": [256, 288, 288], ""fpn_1"": [256, 144, 144], ""fpn_2"": [256, 72, 72]}","{""fpn_2"": [256, 72, 72]}",72,72,64,32,False,[0.0],"{""fpn_2"": 1.0}",fpn_2=1.000,deterministic_kmeans,cosine,2,outputs/rwtd_sam3_auto/coarse_vs_fine_sam_scales/stage2/train_fpn_2_only_test/checkpoint.pt,permutation_invariant_binary_partition,architexture_binary_v1,0.8929846154420584,0.8425393134884632
fpn_2_only,test,133,380,"cluster_0->texture_a,cluster_1->texture_b",0.7698749264962613,0.5882694331121895,0.057306244049034706,0.5882694331121895,"[""fpn_2""]",fpn_2,"[""fpn_2"", ""fpn_1"", ""fpn_0""]","{""fpn_0"": [256, 288, 288], ""fpn_1"": [256, 144, 144], ""fpn_2"": [256, 72, 72]}","{""fpn_2"": [256, 72, 72]}",72,72,64,32,False,[0.0],"{""fpn_2"": 1.0}",fpn_2=1.000,deterministic_kmeans,cosine,2,outputs/rwtd_sam3_auto/coarse_vs_fine_sam_scales/stage2/train_fpn_2_only_test/checkpoint.pt,permutation_invariant_binary_partition,architexture_binary_v1,0.7698749264962613,0.5882694331121895
fpn_2_only,test,134,383,"cluster_0->texture_a,cluster_1->texture_b",0.9381022430881586,0.8785176442892424,0.015842067630523125,0.8785176442892424,"[""fpn_2""]",fpn_2,"[""fpn_2"", ""fpn_1"", ""fpn_0""]","{""fpn_0"": [256, 288, 288], ""fpn_1"": [256, 144, 144], ""fpn_2"": [256, 72, 72]}","{""fpn_2"": [256, 72, 72]}",72,72,64,32,False,[0.0],"{""fpn_2"": 1.0}",fpn_2=1.000,deterministic_kmeans,cosine,2,outputs/rwtd_sam3_auto/coarse_vs_fine_sam_scales/stage2/train_fpn_2_only_test/checkpoint.pt,permutation_invariant_binary_partition,architexture_binary_v1,0.9381022430881586,0.8785176442892424
fpn_2_only,test,135,387,"cluster_0->texture_a,cluster_1->texture_b",0.5989644683535291,0.2864295741729577,0.11596833292370239,0.2864295741729577,"[""fpn_2""]",fpn_2,"[""fpn_2"", ""fpn_1"", ""fpn_0""]","{""fpn_0"": [256, 288, 288], ""fpn_1"": [256, 144, 144], ""fpn_2"": [256, 72, 72]}","{""fpn_2"": [256, 72, 72]}",72,72,64,32,False,[0.0],"{""fpn_2"": 1.0}",fpn_2=1.000,deterministic_kmeans,cosine,2,outputs/rwtd_sam3_auto/coarse_vs_fine_sam_scales/stage2/train_fpn_2_only_test/checkpoint.pt,permutation_invariant_binary_partition,architexture_binary_v1,0.5989644683535291,0.2864295741729577
fpn_2_only,test,136,389,"cluster_0->texture_a,cluster_1->texture_b",0.9359062862086397,0.8736794064326873,0.016489564251943884,0.8736794064326873,"[""fpn_2""]",fpn_2,"[""fpn_2"", ""fpn_1"", ""fpn_0""]","{""fpn_0"": [256, 288, 288], ""fpn_1"": [256, 144, 144], ""fpn_2"": [256, 72, 72]}","{""fpn_2"": [256, 72, 72]}",72,72,64,32,False,[0.0],"{""fpn_2"": 1.0}",fpn_2=1.000,deterministic_kmeans,cosine,2,outputs/rwtd_sam3_auto/coarse_vs_fine_sam_scales/stage2/train_fpn_2_only_test/checkpoint.pt,permutation_invariant_binary_partition,architexture_binary_v1,0.9359062862086397,0.8736794064326873
fpn_2_only,test,137,39,"cluster_1->texture_a,cluster_0->texture_b",0.04778745004908483,0.6542518301619558,0.8054519983221773,0.6542518301619558,"[""fpn_2""]",fpn_2,"[""fpn_2"", ""fpn_1"", ""fpn_0""]","{""fpn_0"": [256, 288, 288], ""fpn_1"": [256, 144, 144], ""fpn_2"": [256, 72, 72]}","{""fpn_2"": [256, 72, 72]}",72,72,64,32,False,[0.0],"{""fpn_2"": 1.0}",fpn_2=1.000,deterministic_kmeans,cosine,2,outputs/rwtd_sam3_auto/coarse_vs_fine_sam_scales/stage2/train_fpn_2_only_test/checkpoint.pt,permutation_invariant_binary_partition,architexture_binary_v1,0.8054519983221773,0.6542518301619558
fpn_2_only,test,138,391,"cluster_1->texture_a,cluster_0->texture_b",0.012951458528850896,0.8893879277159407,0.9289397852455142,0.8893879277159407,"[""fpn_2""]",fpn_2,"[""fpn_2"", ""fpn_1"", ""fpn_0""]","{""fpn_0"": [256, 288, 288], ""fpn_1"": [256, 144, 144], ""fpn_2"": [256, 72, 72]}","{""fpn_2"": [256, 72, 72]}",72,72,64,32,False,[0.0],"{""fpn_2"": 1.0}",fpn_2=1.000,deterministic_kmeans,cosine,2,outputs/rwtd_sam3_auto/coarse_vs_fine_sam_scales/stage2/train_fpn_2_only_test/checkpoint.pt,permutation_invariant_binary_partition,architexture_binary_v1,0.9289397852455142,0.8893879277159407
fpn_2_only,test,139,392,"cluster_0->texture_a,cluster_1->texture_b",0.9352699461848639,0.870797711009226,0.016903037451132537,0.870797711009226,"[""fpn_2""]",fpn_2,"[""fpn_2"", ""fpn_1"", ""fpn_0""]","{""fpn_0"": [256, 288, 288], ""fpn_1"": [256, 144, 144], ""fpn_2"": [256, 72, 72]}","{""fpn_2"": [256, 72, 72]}",72,72,64,32,False,[0.0],"{""fpn_2"": 1.0}",fpn_2=1.000,deterministic_kmeans,cosine,2,outputs/rwtd_sam3_auto/coarse_vs_fine_sam_scales/stage2/train_fpn_2_only_test/checkpoint.pt,permutation_invariant_binary_partition,architexture_binary_v1,0.9352699461848639,0.870797711009226
fpn_2_only,test,140,393,"cluster_0->texture_a,cluster_1->texture_b",0.8885808826123867,0.7887511590047619,0.028119670134855314,0.7887511590047619,"[""fpn_2""]",fpn_2,"[""fpn_2"", ""fpn_1"", ""fpn_0""]","{""fpn_0"": [256, 288, 288], ""fpn_1"": [256, 144, 144], ""fpn_2"": [256, 72, 72]}","{""fpn_2"": [256, 72, 72]}",72,72,64,32,False,[0.0],"{""fpn_2"": 1.0}",fpn_2=1.000,deterministic_kmeans,cosine,2,outputs/rwtd_sam3_auto/coarse_vs_fine_sam_scales/stage2/train_fpn_2_only_test/checkpoint.pt,permutation_invariant_binary_partition,architexture_binary_v1,0.8885808826123867,0.7887511590047619
fpn_2_only,test,141,394,"cluster_0->texture_a,cluster_1->texture_b",0.9432134303106126,0.8888366804895084,0.014410233446544232,0.8888366804895084,"[""fpn_2""]",fpn_2,"[""fpn_2"", ""fpn_1"", ""fpn_0""]","{""fpn_0"": [256, 288, 288], ""fpn_1"": [256, 144, 144], ""fpn_2"": [256, 72, 72]}","{""fpn_2"": [256, 72, 72]}",72,72,64,32,False,[0.0],"{""fpn_2"": 1.0}",fpn_2=1.000,deterministic_kmeans,cosine,2,outputs/rwtd_sam3_auto/coarse_vs_fine_sam_scales/stage2/train_fpn_2_only_test/checkpoint.pt,permutation_invariant_binary_partition,architexture_binary_v1,0.9432134303106126,0.8888366804895084
fpn_2_only,test,142,395,"cluster_0->texture_a,cluster_1->texture_b",0.9142394791892577,0.8362367676576516,0.021512069226616116,0.8362367676576516,"[""fpn_2""]",fpn_2,"[""fpn_2"", ""fpn_1"", ""fpn_0""]","{""fpn_0"": [256, 288, 288], ""fpn_1"": [256, 144, 144], ""fpn_2"": [256, 72, 72]}","{""fpn_2"": [256, 72, 72]}",72,72,64,32,False,[0.0],"{""fpn_2"": 1.0}",fpn_2=1.000,deterministic_kmeans,cosine,2,outputs/rwtd_sam3_auto/coarse_vs_fine_sam_scales/stage2/train_fpn_2_only_test/checkpoint.pt,permutation_invariant_binary_partition,architexture_binary_v1,0.9142394791892577,0.8362367676576516
fpn_2_only,test,143,398,"cluster_1->texture_a,cluster_0->texture_b",0.02003466652935629,0.8233997197636957,0.883798188005642,0.8233997197636957,"[""fpn_2""]",fpn_2,"[""fpn_2"", ""fpn_1"", ""fpn_0""]","{""fpn_0"": [256, 288, 288], ""fpn_1"": [256, 144, 144], ""fpn_2"": [256, 72, 72]}","{""fpn_2"": [256, 72, 72]}",72,72,64,32,False,[0.0],"{""fpn_2"": 1.0}",fpn_2=1.000,deterministic_kmeans,cosine,2,outputs/rwtd_sam3_auto/coarse_vs_fine_sam_scales/stage2/train_fpn_2_only_test/checkpoint.pt,permutation_invariant_binary_partition,architexture_binary_v1,0.883798188005642,0.8233997197636957
fpn_2_only,test,144,4,"cluster_1->texture_a,cluster_0->texture_b",0.010486180898106816,0.9058526509354335,0.9370826716548986,0.9058526509354335,"[""fpn_2""]",fpn_2,"[""fpn_2"", ""fpn_1"", ""fpn_0""]","{""fpn_0"": [256, 288, 288], ""fpn_1"": [256, 144, 144], ""fpn_2"": [256, 72, 72]}","{""fpn_2"": [256, 72, 72]}",72,72,64,32,False,[0.0],"{""fpn_2"": 1.0}",fpn_2=1.000,deterministic_kmeans,cosine,2,outputs/rwtd_sam3_auto/coarse_vs_fine_sam_scales/stage2/train_fpn_2_only_test/checkpoint.pt,permutation_invariant_binary_partition,architexture_binary_v1,0.9370826716548986,0.9058526509354335
fpn_2_only,test,145,40,"cluster_0->texture_a,cluster_1->texture_b",0.8916258846430579,0.8296698406735343,0.020362969998387187,0.8296698406735343,"[""fpn_2""]",fpn_2,"[""fpn_2"", ""fpn_1"", ""fpn_0""]","{""fpn_0"": [256, 288, 288], ""fpn_1"": [256, 144, 144], ""fpn_2"": [256, 72, 72]}","{""fpn_2"": [256, 72, 72]}",72,72,64,32,False,[0.0],"{""fpn_2"": 1.0}",fpn_2=1.000,deterministic_kmeans,cosine,2,outputs/rwtd_sam3_auto/coarse_vs_fine_sam_scales/stage2/train_fpn_2_only_test/checkpoint.pt,permutation_invariant_binary_partition,architexture_binary_v1,0.8916258846430579,0.8296698406735343
fpn_2_only,test,146,400,"cluster_1->texture_a,cluster_0->texture_b",0.017542860793346698,0.8663380760635715,0.9322591533457198,0.8663380760635715,"[""fpn_2""]",fpn_2,"[""fpn_2"", ""fpn_1"", ""fpn_0""]","{""fpn_0"": [256, 288, 288], ""fpn_1"": [256, 144, 144], ""fpn_2"": [256, 72, 72]}","{""fpn_2"": [256, 72, 72]}",72,72,64,32,False,[0.0],"{""fpn_2"": 1.0}",fpn_2=1.000,deterministic_kmeans,cosine,2,outputs/rwtd_sam3_auto/coarse_vs_fine_sam_scales/stage2/train_fpn_2_only_test/checkpoint.pt,permutation_invariant_binary_partition,architexture_binary_v1,0.9322591533457198,0.8663380760635715
fpn_2_only,test,147,403,"cluster_1->texture_a,cluster_0->texture_b",0.01758739162764837,0.836399797338461,0.8892806584359483,0.836399797338461,"[""fpn_2""]",fpn_2,"[""fpn_2"", ""fpn_1"", ""fpn_0""]","{""fpn_0"": [256, 288, 288], ""fpn_1"": [256, 144, 144], ""fpn_2"": [256, 72, 72]}","{""fpn_2"": [256, 72, 72]}",72,72,64,32,False,[0.0],"{""fpn_2"": 1.0}",fpn_2=1.000,deterministic_kmeans,cosine,2,outputs/rwtd_sam3_auto/coarse_vs_fine_sam_scales/stage2/train_fpn_2_only_test/checkpoint.pt,permutation_invariant_binary_partition,architexture_binary_v1,0.8892806584359483,0.836399797338461
fpn_2_only,test,148,408,"cluster_0->texture_a,cluster_1->texture_b",0.8800473343416897,0.761141831258228,0.03291411446276726,0.761141831258228,"[""fpn_2""]",fpn_2,"[""fpn_2"", ""fpn_1"", ""fpn_0""]","{""fpn_0"": [256, 288, 288], ""fpn_1"": [256, 144, 144], ""fpn_2"": [256, 72, 72]}","{""fpn_2"": [256, 72, 72]}",72,72,64,32,False,[0.0],"{""fpn_2"": 1.0}",fpn_2=1.000,deterministic_kmeans,cosine,2,outputs/rwtd_sam3_auto/coarse_vs_fine_sam_scales/stage2/train_fpn_2_only_test/checkpoint.pt,permutation_invariant_binary_partition,architexture_binary_v1,0.8800473343416897,0.761141831258228
fpn_2_only,test,149,41,"cluster_0->texture_a,cluster_1->texture_b",0.825130101650066,0.6917127532041539,0.04247943119072441,0.6917127532041539,"[""fpn_2""]",fpn_2,"[""fpn_2"", ""fpn_1"", ""fpn_0""]","{""fpn_0"": [256, 288, 288], ""fpn_1"": [256, 144, 144], ""fpn_2"": [256, 72, 72]}","{""fpn_2"": [256, 72, 72]}",72,72,64,32,False,[0.0],"{""fpn_2"": 1.0}",fpn_2=1.000,deterministic_kmeans,cosine,2,outputs/rwtd_sam3_auto/coarse_vs_fine_sam_scales/stage2/train_fpn_2_only_test/checkpoint.pt,permutation_invariant_binary_partition,architexture_binary_v1,0.825130101650066,0.6917127532041539
fpn_2_only,test,150,410,"cluster_0->texture_a,cluster_1->texture_b",0.9379889362316097,0.8831745433434557,0.015132710919663592,0.8831745433434557,"[""fpn_2""]",fpn_2,"[""fpn_2"", ""fpn_1"", ""fpn_0""]","{""fpn_0"": [256, 288, 288], ""fpn_1"": [256, 144, 144], ""fpn_2"": [256, 72, 72]}","{""fpn_2"": [256, 72, 72]}",72,72,64,32,False,[0.0],"{""fpn_2"": 1.0}",fpn_2=1.000,deterministic_kmeans,cosine,2,outputs/rwtd_sam3_auto/coarse_vs_fine_sam_scales/stage2/train_fpn_2_only_test/checkpoint.pt,permutation_invariant_binary_partition,architexture_binary_v1,0.9379889362316097,0.8831745433434557
fpn_2_only,test,151,411,"cluster_1->texture_a,cluster_0->texture_b",0.014527252229904995,0.8867915631953287,0.9364849634737167,0.8867915631953287,"[""fpn_2""]",fpn_2,"[""fpn_2"", ""fpn_1"", ""fpn_0""]","{""fpn_0"": [256, 288, 288], ""fpn_1"": [256, 144, 144], ""fpn_2"": [256, 72, 72]}","{""fpn_2"": [256, 72, 72]}",72,72,64,32,False,[0.0],"{""fpn_2"": 1.0}",fpn_2=1.000,deterministic_kmeans,cosine,2,outputs/rwtd_sam3_auto/coarse_vs_fine_sam_scales/stage2/train_fpn_2_only_test/checkpoint.pt,permutation_invariant_binary_partition,architexture_binary_v1,0.9364849634737167,0.8867915631953287
fpn_2_only,test,152,412,"cluster_0->texture_a,cluster_1->texture_b",0.930240832257015,0.8851990420397347,0.014099816760408891,0.8851990420397347,"[""fpn_2""]",fpn_2,"[""fpn_2"", ""fpn_1"", ""fpn_0""]","{""fpn_0"": [256, 288, 288], ""fpn_1"": [256, 144, 144], ""fpn_2"": [256, 72, 72]}","{""fpn_2"": [256, 72, 72]}",72,72,64,32,False,[0.0],"{""fpn_2"": 1.0}",fpn_2=1.000,deterministic_kmeans,cosine,2,outputs/rwtd_sam3_auto/coarse_vs_fine_sam_scales/stage2/train_fpn_2_only_test/checkpoint.pt,permutation_invariant_binary_partition,architexture_binary_v1,0.930240832257015,0.8851990420397347
fpn_2_only,test,153,414,"cluster_0->texture_a,cluster_1->texture_b",0.958834430636565,0.9213406134867841,0.01009580224289096,0.9213406134867841,"[""fpn_2""]",fpn_2,"[""fpn_2"", ""fpn_1"", ""fpn_0""]","{""fpn_0"": [256, 288, 288], ""fpn_1"": [256, 144, 144], ""fpn_2"": [256, 72, 72]}","{""fpn_2"": [256, 72, 72]}",72,72,64,32,False,[0.0],"{""fpn_2"": 1.0}",fpn_2=1.000,deterministic_kmeans,cosine,2,outputs/rwtd_sam3_auto/coarse_vs_fine_sam_scales/stage2/train_fpn_2_only_test/checkpoint.pt,permutation_invariant_binary_partition,architexture_binary_v1,0.958834430636565,0.9213406134867841
fpn_2_only,test,154,416,"cluster_0->texture_a,cluster_1->texture_b",0.920314834954698,0.8489573170127386,0.019795130853172742,0.8489573170127386,"[""fpn_2""]",fpn_2,"[""fpn_2"", ""fpn_1"", ""fpn_0""]","{""fpn_0"": [256, 288, 288], ""fpn_1"": [256, 144, 144], ""fpn_2"": [256, 72, 72]}","{""fpn_2"": [256, 72, 72]}",72,72,64,32,False,[0.0],"{""fpn_2"": 1.0}",fpn_2=1.000,deterministic_kmeans,cosine,2,outputs/rwtd_sam3_auto/coarse_vs_fine_sam_scales/stage2/train_fpn_2_only_test/checkpoint.pt,permutation_invariant_binary_partition,architexture_binary_v1,0.920314834954698,0.8489573170127386
fpn_2_only,test,155,417,"cluster_0->texture_a,cluster_1->texture_b",0.915545617545347,0.833529224928494,0.021947900631150808,0.833529224928494,"[""fpn_2""]",fpn_2,"[""fpn_2"", ""fpn_1"", ""fpn_0""]","{""fpn_0"": [256, 288, 288], ""fpn_1"": [256, 144, 144], ""fpn_2"": [256, 72, 72]}","{""fpn_2"": [256, 72, 72]}",72,72,64,32,False,[0.0],"{""fpn_2"": 1.0}",fpn_2=1.000,deterministic_kmeans,cosine,2,outputs/rwtd_sam3_auto/coarse_vs_fine_sam_scales/stage2/train_fpn_2_only_test/checkpoint.pt,permutation_invariant_binary_partition,architexture_binary_v1,0.915545617545347,0.833529224928494
fpn_2_only,test,156,418,"cluster_0->texture_a,cluster_1->texture_b",0.8770733875873575,0.8100614771702265,0.022128658626288815,0.8100614771702265,"[""fpn_2""]",fpn_2,"[""fpn_2"", ""fpn_1"", ""fpn_0""]","{""fpn_0"": [256, 288, 288], ""fpn_1"": [256, 144, 144], ""fpn_2"": [256, 72, 72]}","{""fpn_2"": [256, 72, 72]}",72,72,64,32,False,[0.0],"{""fpn_2"": 1.0}",fpn_2=1.000,deterministic_kmeans,cosine,2,outputs/rwtd_sam3_auto/coarse_vs_fine_sam_scales/stage2/train_fpn_2_only_test/checkpoint.pt,permutation_invariant_binary_partition,architexture_binary_v1,0.8770733875873575,0.8100614771702265
fpn_2_only,test,157,422,"cluster_0->texture_a,cluster_1->texture_b",0.9760292082709956,0.9520649377317592,0.00606536865234375,0.9520649377317592,"[""fpn_2""]",fpn_2,"[""fpn_2"", ""fpn_1"", ""fpn_0""]","{""fpn_0"": [256, 288, 288], ""fpn_1"": [256, 144, 144], ""fpn_2"": [256, 72, 72]}","{""fpn_2"": [256, 72, 72]}",72,72,64,32,False,[0.0],"{""fpn_2"": 1.0}",fpn_2=1.000,deterministic_kmeans,cosine,2,outputs/rwtd_sam3_auto/coarse_vs_fine_sam_scales/stage2/train_fpn_2_only_test/checkpoint.pt,permutation_invariant_binary_partition,architexture_binary_v1,0.9760292082709956,0.9520649377317592
fpn_2_only,test,158,423,"cluster_0->texture_a,cluster_1->texture_b",0.9691392040241027,0.9436210306237958,0.007128491208411636,0.9436210306237958,"[""fpn_2""]",fpn_2,"[""fpn_2"", ""fpn_1"", ""fpn_0""]","{""fpn_0"": [256, 288, 288], ""fpn_1"": [256, 144, 144], ""fpn_2"": [256, 72, 72]}","{""fpn_2"": [256, 72, 72]}",72,72,64,32,False,[0.0],"{""fpn_2"": 1.0}",fpn_2=1.000,deterministic_kmeans,cosine,2,outputs/rwtd_sam3_auto/coarse_vs_fine_sam_scales/stage2/train_fpn_2_only_test/checkpoint.pt,permutation_invariant_binary_partition,architexture_binary_v1,0.9691392040241027,0.9436210306237958
fpn_2_only,test,159,424,"cluster_0->texture_a,cluster_1->texture_b",0.9517583299225416,0.9077729362692657,0.011800430280993484,0.9077729362692657,"[""fpn_2""]",fpn_2,"[""fpn_2"", ""fpn_1"", ""fpn_0""]","{""fpn_0"": [256, 288, 288], ""fpn_1"": [256, 144, 144], ""fpn_2"": [256, 72, 72]}","{""fpn_2"": [256, 72, 72]}",72,72,64,32,False,[0.0],"{""fpn_2"": 1.0}",fpn_2=1.000,deterministic_kmeans,cosine,2,outputs/rwtd_sam3_auto/coarse_vs_fine_sam_scales/stage2/train_fpn_2_only_test/checkpoint.pt,permutation_invariant_binary_partition,architexture_binary_v1,0.9517583299225416,0.9077729362692657
fpn_2_only,test,160,425,"cluster_1->texture_a,cluster_0->texture_b",0.016093407805792832,0.8766278760990983,0.9340032089608323,0.8766278760990983,"[""fpn_2""]",fpn_2,"[""fpn_2"", ""fpn_1"", ""fpn_0""]","{""fpn_0"": [256, 288, 288], ""fpn_1"": [256, 144, 144], ""fpn_2"": [256, 72, 72]}","{""fpn_2"": [256, 72, 72]}",72,72,64,32,False,[0.0],"{""fpn_2"": 1.0}",fpn_2=1.000,deterministic_kmeans,cosine,2,outputs/rwtd_sam3_auto/coarse_vs_fine_sam_scales/stage2/train_fpn_2_only_test/checkpoint.pt,permutation_invariant_binary_partition,architexture_binary_v1,0.9340032089608323,0.8766278760990983
fpn_2_only,test,161,426,"cluster_1->texture_a,cluster_0->texture_b",0.008795354979391379,0.9307808421146374,0.9621100891068509,0.9307808421146374,"[""fpn_2""]",fpn_2,"[""fpn_2"", ""fpn_1"", ""fpn_0""]","{""fpn_0"": [256, 288, 288], ""fpn_1"": [256, 144, 144], ""fpn_2"": [256, 72, 72]}","{""fpn_2"": [256, 72, 72]}",72,72,64,32,False,[0.0],"{""fpn_2"": 1.0}",fpn_2=1.000,deterministic_kmeans,cosine,2,outputs/rwtd_sam3_auto/coarse_vs_fine_sam_scales/stage2/train_fpn_2_only_test/checkpoint.pt,permutation_invariant_binary_partition,architexture_binary_v1,0.9621100891068509,0.9307808421146374
fpn_2_only,test,162,428,"cluster_0->texture_a,cluster_1->texture_b",0.8395402166241247,0.6872845698993901,0.042807909554382656,0.6872845698993901,"[""fpn_2""]",fpn_2,"[""fpn_2"", ""fpn_1"", ""fpn_0""]","{""fpn_0"": [256, 288, 288], ""fpn_1"": [256, 144, 144], ""fpn_2"": [256, 72, 72]}","{""fpn_2"": [256, 72, 72]}",72,72,64,32,False,[0.0],"{""fpn_2"": 1.0}",fpn_2=1.000,deterministic_kmeans,cosine,2,outputs/rwtd_sam3_auto/coarse_vs_fine_sam_scales/stage2/train_fpn_2_only_test/checkpoint.pt,permutation_invariant_binary_partition,architexture_binary_v1,0.8395402166241247,0.6872845698993901
fpn_2_only,test,163,429,"cluster_1->texture_a,cluster_0->texture_b",0.028115536007365206,0.7908244636408156,0.8935169553170974,0.7908244636408156,"[""fpn_2""]",fpn_2,"[""fpn_2"", ""fpn_1"", ""fpn_0""]","{""fpn_0"": [256, 288, 288], ""fpn_1"": [256, 144, 144], ""fpn_2"": [256, 72, 72]}","{""fpn_2"": [256, 72, 72]}",72,72,64,32,False,[0.0],"{""fpn_2"": 1.0}",fpn_2=1.000,deterministic_kmeans,cosine,2,outputs/rwtd_sam3_auto/coarse_vs_fine_sam_scales/stage2/train_fpn_2_only_test/checkpoint.pt,permutation_invariant_binary_partition,architexture_binary_v1,0.8935169553170974,0.7908244636408156
fpn_2_only,test,164,431,"cluster_0->texture_a,cluster_1->texture_b",0.847741316627965,0.7185313187004253,0.03782944624261632,0.7185313187004253,"[""fpn_2""]",fpn_2,"[""fpn_2"", ""fpn_1"", ""fpn_0""]","{""fpn_0"": [256, 288, 288], ""fpn_1"": [256, 144, 144], ""fpn_2"": [256, 72, 72]}","{""fpn_2"": [256, 72, 72]}",72,72,64,32,False,[0.0],"{""fpn_2"": 1.0}",fpn_2=1.000,deterministic_kmeans,cosine,2,outputs/rwtd_sam3_auto/coarse_vs_fine_sam_scales/stage2/train_fpn_2_only_test/checkpoint.pt,permutation_invariant_binary_partition,architexture_binary_v1,0.847741316627965,0.7185313187004253
fpn_2_only,test,165,432,"cluster_1->texture_a,cluster_0->texture_b",0.04363860937975291,0.6804236537110002,0.8247771536299476,0.6804236537110002,"[""fpn_2""]",fpn_2,"[""fpn_2"", ""fpn_1"", ""fpn_0""]","{""fpn_0"": [256, 288, 288], ""fpn_1"": [256, 144, 144], ""fpn_2"": [256, 72, 72]}","{""fpn_2"": [256, 72, 72]}",72,72,64,32,False,[0.0],"{""fpn_2"": 1.0}",fpn_2=1.000,deterministic_kmeans,cosine,2,outputs/rwtd_sam3_auto/coarse_vs_fine_sam_scales/stage2/train_fpn_2_only_test/checkpoint.pt,permutation_invariant_binary_partition,architexture_binary_v1,0.8247771536299476,0.6804236537110002
fpn_2_only,test,166,434,"cluster_0->texture_a,cluster_1->texture_b",0.9396794526333743,0.8814464153287322,0.015374807679284723,0.8814464153287322,"[""fpn_2""]",fpn_2,"[""fpn_2"", ""fpn_1"", ""fpn_0""]","{""fpn_0"": [256, 288, 288], ""fpn_1"": [256, 144, 144], ""fpn_2"": [256, 72, 72]}","{""fpn_2"": [256, 72, 72]}",72,72,64,32,False,[0.0],"{""fpn_2"": 1.0}",fpn_2=1.000,deterministic_kmeans,cosine,2,outputs/rwtd_sam3_auto/coarse_vs_fine_sam_scales/stage2/train_fpn_2_only_test/checkpoint.pt,permutation_invariant_binary_partition,architexture_binary_v1,0.9396794526333743,0.8814464153287322
fpn_2_only,test,167,44,"cluster_1->texture_a,cluster_0->texture_b",0.2221046246540797,0.009214032618026797,0.29940787140059383,0.009214032618026797,"[""fpn_2""]",fpn_2,"[""fpn_2"", ""fpn_1"", ""fpn_0""]","{""fpn_0"": [256, 288, 288], ""fpn_1"": [256, 144, 144], ""fpn_2"": [256, 72, 72]}","{""fpn_2"": [256, 72, 72]}",72,72,64,32,False,[0.0],"{""fpn_2"": 1.0}",fpn_2=1.000,deterministic_kmeans,cosine,2,outputs/rwtd_sam3_auto/coarse_vs_fine_sam_scales/stage2/train_fpn_2_only_test/checkpoint.pt,permutation_invariant_binary_partition,architexture_binary_v1,0.29940787140059383,0.009214032618026797
fpn_2_only,test,168,440,"cluster_1->texture_a,cluster_0->texture_b",0.009503529355084469,0.8998395183920855,0.9272083318046678,0.8998395183920855,"[""fpn_2""]",fpn_2,"[""fpn_2"", ""fpn_1"", ""fpn_0""]","{""fpn_0"": [256, 288, 288], ""fpn_1"": [256, 144, 144], ""fpn_2"": [256, 72, 72]}","{""fpn_2"": [256, 72, 72]}",72,72,64,32,False,[0.0],"{""fpn_2"": 1.0}",fpn_2=1.000,deterministic_kmeans,cosine,2,outputs/rwtd_sam3_auto/coarse_vs_fine_sam_scales/stage2/train_fpn_2_only_test/checkpoint.pt,permutation_invariant_binary_partition,architexture_binary_v1,0.9272083318046678,0.8998395183920855
fpn_2_only,test,169,441,"cluster_0->texture_a,cluster_1->texture_b",0.9191056486798732,0.8870316018288226,0.011035071534136768,0.8870316018288226,"[""fpn_2""]",fpn_2,"[""fpn_2"", ""fpn_1"", ""fpn_0""]","{""fpn_0"": [256, 288, 288], ""fpn_1"": [256, 144, 144], ""fpn_2"": [256, 72, 72]}","{""fpn_2"": [256, 72, 72]}",72,72,64,32,False,[0.0],"{""fpn_2"": 1.0}",fpn_2=1.000,deterministic_kmeans,cosine,2,outputs/rwtd_sam3_auto/coarse_vs_fine_sam_scales/stage2/train_fpn_2_only_test/checkpoint.pt,permutation_invariant_binary_partition,architexture_binary_v1,0.9191056486798732,0.8870316018288226
fpn_2_only,test,170,442,"cluster_0->texture_a,cluster_1->texture_b",0.9460834695206753,0.916222633897955,0.009717022870244545,0.916222633897955,"[""fpn_2""]",fpn_2,"[""fpn_2"", ""fpn_1"", ""fpn_0""]","{""fpn_0"": [256, 288, 288], ""fpn_1"": [256, 144, 144], ""fpn_2"": [256, 72, 72]}","{""fpn_2"": [256, 72, 72]}",72,72,64,32,False,[0.0],"{""fpn_2"": 1.0}",fpn_2=1.000,deterministic_kmeans,cosine,2,outputs/rwtd_sam3_auto/coarse_vs_fine_sam_scales/stage2/train_fpn_2_only_test/checkpoint.pt,permutation_invariant_binary_partition,architexture_binary_v1,0.9460834695206753,0.916222633897955
fpn_2_only,test,171,443,"cluster_1->texture_a,cluster_0->texture_b",0.05806586493987049,0.5961272502277621,0.7896158994501151,0.5961272502277621,"[""fpn_2""]",fpn_2,"[""fpn_2"", ""fpn_1"", ""fpn_0""]","{""fpn_0"": [256, 288, 288], ""fpn_1"": [256, 144, 144], ""fpn_2"": [256, 72, 72]}","{""fpn_2"": [256, 72, 72]}",72,72,64,32,False,[0.0],"{""fpn_2"": 1.0}",fpn_2=1.000,deterministic_kmeans,cosine,2,outputs/rwtd_sam3_auto/coarse_vs_fine_sam_scales/stage2/train_fpn_2_only_test/checkpoint.pt,permutation_invariant_binary_partition,architexture_binary_v1,0.7896158994501151,0.5961272502277621
fpn_2_only,test,172,444,"cluster_1->texture_a,cluster_0->texture_b",0.009264402806506365,0.9239030207097143,0.9539192130186851,0.9239030207097143,"[""fpn_2""]",fpn_2,"[""fpn_2"", ""fpn_1"", ""fpn_0""]","{""fpn_0"": [256, 288, 288], ""fpn_1"": [256, 144, 144], ""fpn_2"": [256, 72, 72]}","{""fpn_2"": [256, 72, 72]}",72,72,64,32,False,[0.0],"{""fpn_2"": 1.0}",fpn_2=1.000,deterministic_kmeans,cosine,2,outputs/rwtd_sam3_auto/coarse_vs_fine_sam_scales/stage2/train_fpn_2_only_test/checkpoint.pt,permutation_invariant_binary_partition,architexture_binary_v1,0.9539192130186851,0.9239030207097143
fpn_2_only,test,173,447,"cluster_0->texture_a,cluster_1->texture_b",0.7460225712307267,0.526242299266256,0.06937452482002315,0.526242299266256,"[""fpn_2""]",fpn_2,"[""fpn_2"", ""fpn_1"", ""fpn_0""]","{""fpn_0"": [256, 288, 288], ""fpn_1"": [256, 144, 144], ""fpn_2"": [256, 72, 72]}","{""fpn_2"": [256, 72, 72]}",72,72,64,32,False,[0.0],"{""fpn_2"": 1.0}",fpn_2=1.000,deterministic_kmeans,cosine,2,outputs/rwtd_sam3_auto/coarse_vs_fine_sam_scales/stage2/train_fpn_2_only_test/checkpoint.pt,permutation_invariant_binary_partition,architexture_binary_v1,0.7460225712307267,0.526242299266256
fpn_2_only,test,174,448,"cluster_0->texture_a,cluster_1->texture_b",0.9579900583752974,0.9160827491457556,0.01078747369606947,0.9160827491457556,"[""fpn_2""]",fpn_2,"[""fpn_2"", ""fpn_1"", ""fpn_0""]","{""fpn_0"": [256, 288, 288], ""fpn_1"": [256, 144, 144], ""fpn_2"": [256, 72, 72]}","{""fpn_2"": [256, 72, 72]}",72,72,64,32,False,[0.0],"{""fpn_2"": 1.0}",fpn_2=1.000,deterministic_kmeans,cosine,2,outputs/rwtd_sam3_auto/coarse_vs_fine_sam_scales/stage2/train_fpn_2_only_test/checkpoint.pt,permutation_invariant_binary_partition,architexture_binary_v1,0.9579900583752974,0.9160827491457556
fpn_2_only,test,175,449,"cluster_0->texture_a,cluster_1->texture_b",0.9507556806248099,0.9016521198307418,0.012682269025711372,0.9016521198307418,"[""fpn_2""]",fpn_2,"[""fpn_2"", ""fpn_1"", ""fpn_0""]","{""fpn_0"": [256, 288, 288], ""fpn_1"": [256, 144, 144], ""fpn_2"": [256, 72, 72]}","{""fpn_2"": [256, 72, 72]}",72,72,64,32,False,[0.0],"{""fpn_2"": 1.0}",fpn_2=1.000,deterministic_kmeans,cosine,2,outputs/rwtd_sam3_auto/coarse_vs_fine_sam_scales/stage2/train_fpn_2_only_test/checkpoint.pt,permutation_invariant_binary_partition,architexture_binary_v1,0.9507556806248099,0.9016521198307418
fpn_2_only,test,176,45,"cluster_1->texture_a,cluster_0->texture_b",0.004312285964790364,0.9656599686455107,0.9817073776651137,0.9656599686455107,"[""fpn_2""]",fpn_2,"[""fpn_2"", ""fpn_1"", ""fpn_0""]","{""fpn_0"": [256, 288, 288], ""fpn_1"": [256, 144, 144], ""fpn_2"": [256, 72, 72]}","{""fpn_2"": [256, 72, 72]}",72,72,64,32,False,[0.0],"{""fpn_2"": 1.0}",fpn_2=1.000,deterministic_kmeans,cosine,2,outputs/rwtd_sam3_auto/coarse_vs_fine_sam_scales/stage2/train_fpn_2_only_test/checkpoint.pt,permutation_invariant_binary_partition,architexture_binary_v1,0.9817073776651137,0.9656599686455107
fpn_2_only,test,177,450,"cluster_0->texture_a,cluster_1->texture_b",0.8553435654512784,0.715860215729062,0.038573690468835714,0.715860215729062,"[""fpn_2""]",fpn_2,"[""fpn_2"", ""fpn_1"", ""fpn_0""]","{""fpn_0"": [256, 288, 288], ""fpn_1"": [256, 144, 144], ""fpn_2"": [256, 72, 72]}","{""fpn_2"": [256, 72, 72]}",72,72,64,32,False,[0.0],"{""fpn_2"": 1.0}",fpn_2=1.000,deterministic_kmeans,cosine,2,outputs/rwtd_sam3_auto/coarse_vs_fine_sam_scales/stage2/train_fpn_2_only_test/checkpoint.pt,permutation_invariant_binary_partition,architexture_binary_v1,0.8553435654512784,0.715860215729062
fpn_2_only,test,178,451,"cluster_0->texture_a,cluster_1->texture_b",0.9530785712177448,0.9236191406331815,0.00923283472111219,0.9236191406331815,"[""fpn_2""]",fpn_2,"[""fpn_2"", ""fpn_1"", ""fpn_0""]","{""fpn_0"": [256, 288, 288], ""fpn_1"": [256, 144, 144], ""fpn_2"": [256, 72, 72]}","{""fpn_2"": [256, 72, 72]}",72,72,64,32,False,[0.0],"{""fpn_2"": 1.0}",fpn_2=1.000,deterministic_kmeans,cosine,2,outputs/rwtd_sam3_auto/coarse_vs_fine_sam_scales/stage2/train_fpn_2_only_test/checkpoint.pt,permutation_invariant_binary_partition,architexture_binary_v1,0.9530785712177448,0.9236191406331815
fpn_2_only,test,179,452,"cluster_1->texture_a,cluster_0->texture_b",0.01807418329677214,0.8608267215370051,0.9281575073890797,0.8608267215370051,"[""fpn_2""]",fpn_2,"[""fpn_2"", ""fpn_1"", ""fpn_0""]","{""fpn_0"": [256, 288, 288], ""fpn_1"": [256, 144, 144], ""fpn_2"": [256, 72, 72]}","{""fpn_2"": [256, 72, 72]}",72,72,64,32,False,[0.0],"{""fpn_2"": 1.0}",fpn_2=1.000,deterministic_kmeans,cosine,2,outputs/rwtd_sam3_auto/coarse_vs_fine_sam_scales/stage2/train_fpn_2_only_test/checkpoint.pt,permutation_invariant_binary_partition,architexture_binary_v1,0.9281575073890797,0.8608267215370051
fpn_2_only,test,180,453,"cluster_0->texture_a,cluster_1->texture_b",0.8613999488895564,0.7421844286763917,0.03460598420743941,0.7421844286763917,"[""fpn_2""]",fpn_2,"[""fpn_2"", ""fpn_1"", ""fpn_0""]","{""fpn_0"": [256, 288, 288], ""fpn_1"": [256, 144, 144], ""fpn_2"": [256, 72, 72]}","{""fpn_2"": [256, 72, 72]}",72,72,64,32,False,[0.0],"{""fpn_2"": 1.0}",fpn_2=1.000,deterministic_kmeans,cosine,2,outputs/rwtd_sam3_auto/coarse_vs_fine_sam_scales/stage2/train_fpn_2_only_test/checkpoint.pt,permutation_invariant_binary_partition,architexture_binary_v1,0.8613999488895564,0.7421844286763917
fpn_2_only,test,181,455,"cluster_1->texture_a,cluster_0->texture_b",0.011239873465941725,0.9008083666871053,0.9346091365642584,0.9008083666871053,"[""fpn_2""]",fpn_2,"[""fpn_2"", ""fpn_1"", ""fpn_0""]","{""fpn_0"": [256, 288, 288], ""fpn_1"": [256, 144, 144], ""fpn_2"": [256, 72, 72]}","{""fpn_2"": [256, 72, 72]}",72,72,64,32,False,[0.0],"{""fpn_2"": 1.0}",fpn_2=1.000,deterministic_kmeans,cosine,2,outputs/rwtd_sam3_auto/coarse_vs_fine_sam_scales/stage2/train_fpn_2_only_test/checkpoint.pt,permutation_invariant_binary_partition,architexture_binary_v1,0.9346091365642584,0.9008083666871053
fpn_2_only,test,182,456,"cluster_1->texture_a,cluster_0->texture_b",0.024899508104996346,0.8121173196588923,0.8990945327190418,0.8121173196588923,"[""fpn_2""]",fpn_2,"[""fpn_2"", ""fpn_1"", ""fpn_0""]","{""fpn_0"": [256, 288, 288], ""fpn_1"": [256, 144, 144], ""fpn_2"": [256, 72, 72]}","{""fpn_2"": [256, 72, 72]}",72,72,64,32,False,[0.0],"{""fpn_2"": 1.0}",fpn_2=1.000,deterministic_kmeans,cosine,2,outputs/rwtd_sam3_auto/coarse_vs_fine_sam_scales/stage2/train_fpn_2_only_test/checkpoint.pt,permutation_invariant_binary_partition,architexture_binary_v1,0.8990945327190418,0.8121173196588923
fpn_2_only,test,183,457,"cluster_0->texture_a,cluster_1->texture_b",0.9658137979002768,0.9387652866477771,0.007695759162108579,0.9387652866477771,"[""fpn_2""]",fpn_2,"[""fpn_2"", ""fpn_1"", ""fpn_0""]","{""fpn_0"": [256, 288, 288], ""fpn_1"": [256, 144, 144], ""fpn_2"": [256, 72, 72]}","{""fpn_2"": [256, 72, 72]}",72,72,64,32,False,[0.0],"{""fpn_2"": 1.0}",fpn_2=1.000,deterministic_kmeans,cosine,2,outputs/rwtd_sam3_auto/coarse_vs_fine_sam_scales/stage2/train_fpn_2_only_test/checkpoint.pt,permutation_invariant_binary_partition,architexture_binary_v1,0.9658137979002768,0.9387652866477771
fpn_2_only,test,184,461,"cluster_0->texture_a,cluster_1->texture_b",0.9135000397343866,0.8309707897862146,0.022150341087651453,0.8309707897862146,"[""fpn_2""]",fpn_2,"[""fpn_2"", ""fpn_1"", ""fpn_0""]","{""fpn_0"": [256, 288, 288], ""fpn_1"": [256, 144, 144], ""fpn_2"": [256, 72, 72]}","{""fpn_2"": [256, 72, 72]}",72,72,64,32,False,[0.0],"{""fpn_2"": 1.0}",fpn_2=1.000,deterministic_kmeans,cosine,2,outputs/rwtd_sam3_auto/coarse_vs_fine_sam_scales/stage2/train_fpn_2_only_test/checkpoint.pt,permutation_invariant_binary_partition,architexture_binary_v1,0.9135000397343866,0.8309707897862146
fpn_2_only,test,185,463,"cluster_0->texture_a,cluster_1->texture_b",0.7753448275216859,0.6137960959915818,0.05203415057821466,0.6137960959915818,"[""fpn_2""]",fpn_2,"[""fpn_2"", ""fpn_1"", ""fpn_0""]","{""fpn_0"": [256, 288, 288], ""fpn_1"": [256, 144, 144], ""fpn_2"": [256, 72, 72]}","{""fpn_2"": [256, 72, 72]}",72,72,64,32,False,[0.0],"{""fpn_2"": 1.0}",fpn_2=1.000,deterministic_kmeans,cosine,2,outputs/rwtd_sam3_auto/coarse_vs_fine_sam_scales/stage2/train_fpn_2_only_test/checkpoint.pt,permutation_invariant_binary_partition,architexture_binary_v1,0.7753448275216859,0.6137960959915818
fpn_2_only,test,186,464,"cluster_0->texture_a,cluster_1->texture_b",0.955775234760807,0.9142427596542234,0.011004118709345076,0.9142427596542234,"[""fpn_2""]",fpn_2,"[""fpn_2"", ""fpn_1"", ""fpn_0""]","{""fpn_0"": [256, 288, 288], ""fpn_1"": [256, 144, 144], ""fpn_2"": [256, 72, 72]}","{""fpn_2"": [256, 72, 72]}",72,72,64,32,False,[0.0],"{""fpn_2"": 1.0}",fpn_2=1.000,deterministic_kmeans,cosine,2,outputs/rwtd_sam3_auto/coarse_vs_fine_sam_scales/stage2/train_fpn_2_only_test/checkpoint.pt,permutation_invariant_binary_partition,architexture_binary_v1,0.955775234760807,0.9142427596542234
fpn_2_only,test,187,465,"cluster_1->texture_a,cluster_0->texture_b",0.01382932759090319,0.8834098395272509,0.9262196485169534,0.8834098395272509,"[""fpn_2""]",fpn_2,"[""fpn_2"", ""fpn_1"", ""fpn_0""]","{""fpn_0"": [256, 288, 288], ""fpn_1"": [256, 144, 144], ""fpn_2"": [256, 72, 72]}","{""fpn_2"": [256, 72, 72]}",72,72,64,32,False,[0.0],"{""fpn_2"": 1.0}",fpn_2=1.000,deterministic_kmeans,cosine,2,outputs/rwtd_sam3_auto/coarse_vs_fine_sam_scales/stage2/train_fpn_2_only_test/checkpoint.pt,permutation_invariant_binary_partition,architexture_binary_v1,0.9262196485169534,0.8834098395272509
fpn_2_only,test,188,466,"cluster_0->texture_a,cluster_1->texture_b",0.7169330616533658,0.5508564101780733,0.05515027014459138,0.5508564101780733,"[""fpn_2""]",fpn_2,"[""fpn_2"", ""fpn_1"", ""fpn_0""]","{""fpn_0"": [256, 288, 288], ""fpn_1"": [256, 144, 144], ""fpn_2"": [256, 72, 72]}","{""fpn_2"": [256, 72, 72]}",72,72,64,32,False,[0.0],"{""fpn_2"": 1.0}",fpn_2=1.000,deterministic_kmeans,cosine,2,outputs/rwtd_sam3_auto/coarse_vs_fine_sam_scales/stage2/train_fpn_2_only_test/checkpoint.pt,permutation_invariant_binary_partition,architexture_binary_v1,0.7169330616533658,0.5508564101780733
fpn_2_only,test,189,467,"cluster_0->texture_a,cluster_1->texture_b",0.8524867468535441,0.7242087831463379,0.038440747848613094,0.7242087831463379,"[""fpn_2""]",fpn_2,"[""fpn_2"", ""fpn_1"", ""fpn_0""]","{""fpn_0"": [256, 288, 288], ""fpn_1"": [256, 144, 144], ""fpn_2"": [256, 72, 72]}","{""fpn_2"": [256, 72, 72]}",72,72,64,32,False,[0.0],"{""fpn_2"": 1.0}",fpn_2=1.000,deterministic_kmeans,cosine,2,outputs/rwtd_sam3_auto/coarse_vs_fine_sam_scales/stage2/train_fpn_2_only_test/checkpoint.pt,permutation_invariant_binary_partition,architexture_binary_v1,0.8524867468535441,0.7242087831463379
fpn_2_only,test,190,468,"cluster_1->texture_a,cluster_0->texture_b",0.013104252956179523,0.8989724143966268,0.948849407910523,0.8989724143966268,"[""fpn_2""]",fpn_2,"[""fpn_2"", ""fpn_1"", ""fpn_0""]","{""fpn_0"": [256, 288, 288], ""fpn_1"": [256, 144, 144], ""fpn_2"": [256, 72, 72]}","{""fpn_2"": [256, 72, 72]}",72,72,64,32,False,[0.0],"{""fpn_2"": 1.0}",fpn_2=1.000,deterministic_kmeans,cosine,2,outputs/rwtd_sam3_auto/coarse_vs_fine_sam_scales/stage2/train_fpn_2_only_test/checkpoint.pt,permutation_invariant_binary_partition,architexture_binary_v1,0.948849407910523,0.8989724143966268
fpn_2_only,test,191,469,"cluster_0->texture_a,cluster_1->texture_b",0.9330074610634131,0.8777401752201593,0.01585567909623991,0.8777401752201593,"[""fpn_2""]",fpn_2,"[""fpn_2"", ""fpn_1"", ""fpn_0""]","{""fpn_0"": [256, 288, 288], ""fpn_1"": [256, 144, 144], ""fpn_2"": [256, 72, 72]}","{""fpn_2"": [256, 72, 72]}",72,72,64,32,False,[0.0],"{""fpn_2"": 1.0}",fpn_2=1.000,deterministic_kmeans,cosine,2,outputs/rwtd_sam3_auto/coarse_vs_fine_sam_scales/stage2/train_fpn_2_only_test/checkpoint.pt,permutation_invariant_binary_partition,architexture_binary_v1,0.9330074610634131,0.8777401752201593
fpn_2_only,test,192,47,"cluster_0->texture_a,cluster_1->texture_b",0.9479519504934457,0.8960967103044941,0.013505844673311382,0.8960967103044941,"[""fpn_2""]",fpn_2,"[""fpn_2"", ""fpn_1"", ""fpn_0""]","{""fpn_0"": [256, 288, 288], ""fpn_1"": [256, 144, 144], ""fpn_2"": [256, 72, 72]}","{""fpn_2"": [256, 72, 72]}",72,72,64,32,False,[0.0],"{""fpn_2"": 1.0}",fpn_2=1.000,deterministic_kmeans,cosine,2,outputs/rwtd_sam3_auto/coarse_vs_fine_sam_scales/stage2/train_fpn_2_only_test/checkpoint.pt,permutation_invariant_binary_partition,architexture_binary_v1,0.9479519504934457,0.8960967103044941
fpn_2_only,test,193,471,"cluster_1->texture_a,cluster_0->texture_b",0.020436183932883063,0.8437006017573302,0.9156936859844049,0.8437006017573302,"[""fpn_2""]",fpn_2,"[""fpn_2"", ""fpn_1"", ""fpn_0""]","{""fpn_0"": [256, 288, 288], ""fpn_1"": [256, 144, 144], ""fpn_2"": [256, 72, 72]}","{""fpn_2"": [256, 72, 72]}",72,72,64,32,False,[0.0],"{""fpn_2"": 1.0}",fpn_2=1.000,deterministic_kmeans,cosine,2,outputs/rwtd_sam3_auto/coarse_vs_fine_sam_scales/stage2/train_fpn_2_only_test/checkpoint.pt,permutation_invariant_binary_partition,architexture_binary_v1,0.9156936859844049,0.8437006017573302
fpn_2_only,test,194,472,"cluster_0->texture_a,cluster_1->texture_b",0.9198193894836187,0.8403122993294857,0.020966093996408256,0.8403122993294857,"[""fpn_2""]",fpn_2,"[""fpn_2"", ""fpn_1"", ""fpn_0""]","{""fpn_0"": [256, 288, 288], ""fpn_1"": [256, 144, 144], ""fpn_2"": [256, 72, 72]}","{""fpn_2"": [256, 72, 72]}",72,72,64,32,False,[0.0],"{""fpn_2"": 1.0}",fpn_2=1.000,deterministic_kmeans,cosine,2,outputs/rwtd_sam3_auto/coarse_vs_fine_sam_scales/stage2/train_fpn_2_only_test/checkpoint.pt,permutation_invariant_binary_partition,architexture_binary_v1,0.9198193894836187,0.8403122993294857
fpn_2_only,test,195,473,"cluster_0->texture_a,cluster_1->texture_b",0.788659845634935,0.6423366480423478,0.047783726594196635,0.6423366480423478,"[""fpn_2""]",fpn_2,"[""fpn_2"", ""fpn_1"", ""fpn_0""]","{""fpn_0"": [256, 288, 288], ""fpn_1"": [256, 144, 144], ""fpn_2"": [256, 72, 72]}","{""fpn_2"": [256, 72, 72]}",72,72,64,32,False,[0.0],"{""fpn_2"": 1.0}",fpn_2=1.000,deterministic_kmeans,cosine,2,outputs/rwtd_sam3_auto/coarse_vs_fine_sam_scales/stage2/train_fpn_2_only_test/checkpoint.pt,permutation_invariant_binary_partition,architexture_binary_v1,0.788659845634935,0.6423366480423478
fpn_2_only,test,196,474,"cluster_1->texture_a,cluster_0->texture_b",0.019494577929263283,0.8368378388115899,0.896170488030676,0.8368378388115899,"[""fpn_2""]",fpn_2,"[""fpn_2"", ""fpn_1"", ""fpn_0""]","{""fpn_0"": [256, 288, 288], ""fpn_1"": [256, 144, 144], ""fpn_2"": [256, 72, 72]}","{""fpn_2"": [256, 72, 72]}",72,72,64,32,False,[0.0],"{""fpn_2"": 1.0}",fpn_2=1.000,deterministic_kmeans,cosine,2,outputs/rwtd_sam3_auto/coarse_vs_fine_sam_scales/stage2/train_fpn_2_only_test/checkpoint.pt,permutation_invariant_binary_partition,architexture_binary_v1,0.896170488030676,0.8368378388115899
fpn_2_only,test,197,476,"cluster_0->texture_a,cluster_1->texture_b",0.9296602702039956,0.8697076678639186,0.016826937659861742,0.8697076678639186,"[""fpn_2""]",fpn_2,"[""fpn_2"", ""fpn_1"", ""fpn_0""]","{""fpn_0"": [256, 288, 288], ""fpn_1"": [256, 144, 144], ""fpn_2"": [256, 72, 72]}","{""fpn_2"": [256, 72, 72]}",72,72,64,32,False,[0.0],"{""fpn_2"": 1.0}",fpn_2=1.000,deterministic_kmeans,cosine,2,outputs/rwtd_sam3_auto/coarse_vs_fine_sam_scales/stage2/train_fpn_2_only_test/checkpoint.pt,permutation_invariant_binary_partition,architexture_binary_v1,0.9296602702039956,0.8697076678639186
fpn_2_only,test,198,478,"cluster_1->texture_a,cluster_0->texture_b",0.012788474624921088,0.8983379745601273,0.9408095164678002,0.8983379745601273,"[""fpn_2""]",fpn_2,"[""fpn_2"", ""fpn_1"", ""fpn_0""]","{""fpn_0"": [256, 288, 288], ""fpn_1"": [256, 144, 144], ""fpn_2"": [256, 72, 72]}","{""fpn_2"": [256, 72, 72]}",72,72,64,32,False,[0.0],"{""fpn_2"": 1.0}",fpn_2=1.000,deterministic_kmeans,cosine,2,outputs/rwtd_sam3_auto/coarse_vs_fine_sam_scales/stage2/train_fpn_2_only_test/checkpoint.pt,permutation_invariant_binary_partition,architexture_binary_v1,0.9408095164678002,0.8983379745601273
fpn_2_only,test,199,479,"cluster_0->texture_a,cluster_1->texture_b",0.8638963479505242,0.8018162501968226,0.02054760105632271,0.8018162501968226,"[""fpn_2""]",fpn_2,"[""fpn_2"", ""fpn_1"", ""fpn_0""]","{""fpn_0"": [256, 288, 288], ""fpn_1"": [256, 144, 144], ""fpn_2"": [256, 72, 72]}","{""fpn_2"": [256, 72, 72]}",72,72,64,32,False,[0.0],"{""fpn_2"": 1.0}",fpn_2=1.000,deterministic_kmeans,cosine,2,outputs/rwtd_sam3_auto/coarse_vs_fine_sam_scales/stage2/train_fpn_2_only_test/checkpoint.pt,permutation_invariant_binary_partition,architexture_binary_v1,0.8638963479505242,0.8018162501968226
fpn_2_only,test,200,48,"cluster_1->texture_a,cluster_0->texture_b",0.016697093159132342,0.8712994487675471,0.9295374505493379,0.8712994487675471,"[""fpn_2""]",fpn_2,"[""fpn_2"", ""fpn_1"", ""fpn_0""]","{""fpn_0"": [256, 288, 288], ""fpn_1"": [256, 144, 144], ""fpn_2"": [256, 72, 72]}","{""fpn_2"": [256, 72, 72]}",72,72,64,32,False,[0.0],"{""fpn_2"": 1.0}",fpn_2=1.000,deterministic_kmeans,cosine,2,outputs/rwtd_sam3_auto/coarse_vs_fine_sam_scales/stage2/train_fpn_2_only_test/checkpoint.pt,permutation_invariant_binary_partition,architexture_binary_v1,0.9295374505493379,0.8712994487675471
fpn_2_only,test,201,485,"cluster_0->texture_a,cluster_1->texture_b",0.9454815576094748,0.8929978834362061,0.013907327360476266,0.8929978834362061,"[""fpn_2""]",fpn_2,"[""fpn_2"", ""fpn_1"", ""fpn_0""]","{""fpn_0"": [256, 288, 288], ""fpn_1"": [256, 144, 144], ""fpn_2"": [256, 72, 72]}","{""fpn_2"": [256, 72, 72]}",72,72,64,32,False,[0.0],"{""fpn_2"": 1.0}",fpn_2=1.000,deterministic_kmeans,cosine,2,outputs/rwtd_sam3_auto/coarse_vs_fine_sam_scales/stage2/train_fpn_2_only_test/checkpoint.pt,permutation_invariant_binary_partition,architexture_binary_v1,0.9454815576094748,0.8929978834362061
fpn_2_only,test,202,492,"cluster_1->texture_a,cluster_0->texture_b",0.01042938232421875,0.9182873255610925,0.9585479315432388,0.9182873255610925,"[""fpn_2""]",fpn_2,"[""fpn_2"", ""fpn_1"", ""fpn_0""]","{""fpn_0"": [256, 288, 288], ""fpn_1"": [256, 144, 144], ""fpn_2"": [256, 72, 72]}","{""fpn_2"": [256, 72, 72]}",72,72,64,32,False,[0.0],"{""fpn_2"": 1.0}",fpn_2=1.000,deterministic_kmeans,cosine,2,outputs/rwtd_sam3_auto/coarse_vs_fine_sam_scales/stage2/train_fpn_2_only_test/checkpoint.pt,permutation_invariant_binary_partition,architexture_binary_v1,0.9585479315432388,0.9182873255610925
fpn_2_only,test,203,5,"cluster_0->texture_a,cluster_1->texture_b",0.9784441818778598,0.9622543626358749,0.0046769072528541405,0.9622543626358749,"[""fpn_2""]",fpn_2,"[""fpn_2"", ""fpn_1"", ""fpn_0""]","{""fpn_0"": [256, 288, 288], ""fpn_1"": [256, 144, 144], ""fpn_2"": [256, 72, 72]}","{""fpn_2"": [256, 72, 72]}",72,72,64,32,False,[0.0],"{""fpn_2"": 1.0}",fpn_2=1.000,deterministic_kmeans,cosine,2,outputs/rwtd_sam3_auto/coarse_vs_fine_sam_scales/stage2/train_fpn_2_only_test/checkpoint.pt,permutation_invariant_binary_partition,architexture_binary_v1,0.9784441818778598,0.9622543626358749
fpn_2_only,test,204,51,"cluster_0->texture_a,cluster_1->texture_b",0.9786274737902916,0.9573129456960432,0.005421755276821188,0.9573129456960432,"[""fpn_2""]",fpn_2,"[""fpn_2"", ""fpn_1"", ""fpn_0""]","{""fpn_0"": [256, 288, 288], ""fpn_1"": [256, 144, 144], ""fpn_2"": [256, 72, 72]}","{""fpn_2"": [256, 72, 72]}",72,72,64,32,False,[0.0],"{""fpn_2"": 1.0}",fpn_2=1.000,deterministic_kmeans,cosine,2,outputs/rwtd_sam3_auto/coarse_vs_fine_sam_scales/stage2/train_fpn_2_only_test/checkpoint.pt,permutation_invariant_binary_partition,architexture_binary_v1,0.9786274737902916,0.9573129456960432
fpn_2_only,test,205,56,"cluster_0->texture_a,cluster_1->texture_b",0.9422174711122395,0.8854884115206137,0.014947736459960052,0.8854884115206137,"[""fpn_2""]",fpn_2,"[""fpn_2"", ""fpn_1"", ""fpn_0""]","{""fpn_0"": [256, 288, 288], ""fpn_1"": [256, 144, 144], ""fpn_2"": [256, 72, 72]}","{""fpn_2"": [256, 72, 72]}",72,72,64,32,False,[0.0],"{""fpn_2"": 1.0}",fpn_2=1.000,deterministic_kmeans,cosine,2,outputs/rwtd_sam3_auto/coarse_vs_fine_sam_scales/stage2/train_fpn_2_only_test/checkpoint.pt,permutation_invariant_binary_partition,architexture_binary_v1,0.9422174711122395,0.8854884115206137
fpn_2_only,test,206,58,"cluster_1->texture_a,cluster_0->texture_b",0.01024731396150228,0.9203518785254408,0.9600652812187449,0.9203518785254408,"[""fpn_2""]",fpn_2,"[""fpn_2"", ""fpn_1"", ""fpn_0""]","{""fpn_0"": [256, 288, 288], ""fpn_1"": [256, 144, 144], ""fpn_2"": [256, 72, 72]}","{""fpn_2"": [256, 72, 72]}",72,72,64,32,False,[0.0],"{""fpn_2"": 1.0}",fpn_2=1.000,deterministic_kmeans,cosine,2,outputs/rwtd_sam3_auto/coarse_vs_fine_sam_scales/stage2/train_fpn_2_only_test/checkpoint.pt,permutation_invariant_binary_partition,architexture_binary_v1,0.9600652812187449,0.9203518785254408
fpn_2_only,test,207,59,"cluster_0->texture_a,cluster_1->texture_b",0.9586213594317128,0.9177167410131083,0.01060912134076214,0.9177167410131083,"[""fpn_2""]",fpn_2,"[""fpn_2"", ""fpn_1"", ""fpn_0""]","{""fpn_0"": [256, 288, 288], ""fpn_1"": [256, 144, 144], ""fpn_2"": [256, 72, 72]}","{""fpn_2"": [256, 72, 72]}",72,72,64,32,False,[0.0],"{""fpn_2"": 1.0}",fpn_2=1.000,deterministic_kmeans,cosine,2,outputs/rwtd_sam3_auto/coarse_vs_fine_sam_scales/stage2/train_fpn_2_only_test/checkpoint.pt,permutation_invariant_binary_partition,architexture_binary_v1,0.9586213594317128,0.9177167410131083
fpn_2_only,test,208,60,"cluster_0->texture_a,cluster_1->texture_b",0.9748400080629978,0.9542148257554521,0.00573538410393888,0.9542148257554521,"[""fpn_2""]",fpn_2,"[""fpn_2"", ""fpn_1"", ""fpn_0""]","{""fpn_0"": [256, 288, 288], ""fpn_1"": [256, 144, 144], ""fpn_2"": [256, 72, 72]}","{""fpn_2"": [256, 72, 72]}",72,72,64,32,False,[0.0],"{""fpn_2"": 1.0}",fpn_2=1.000,deterministic_kmeans,cosine,2,outputs/rwtd_sam3_auto/coarse_vs_fine_sam_scales/stage2/train_fpn_2_only_test/checkpoint.pt,permutation_invariant_binary_partition,architexture_binary_v1,0.9748400080629978,0.9542148257554521
fpn_2_only,test,209,63,"cluster_1->texture_a,cluster_0->texture_b",0.012247387679003196,0.9033172235993325,0.946224102520828,0.9033172235993325,"[""fpn_2""]",fpn_2,"[""fpn_2"", ""fpn_1"", ""fpn_0""]","{""fpn_0"": [256, 288, 288], ""fpn_1"": [256, 144, 144], ""fpn_2"": [256, 72, 72]}","{""fpn_2"": [256, 72, 72]}",72,72,64,32,False,[0.0],"{""fpn_2"": 1.0}",fpn_2=1.000,deterministic_kmeans,cosine,2,outputs/rwtd_sam3_auto/coarse_vs_fine_sam_scales/stage2/train_fpn_2_only_test/checkpoint.pt,permutation_invariant_binary_partition,architexture_binary_v1,0.946224102520828,0.9033172235993325
fpn_2_only,test,210,67,"cluster_1->texture_a,cluster_0->texture_b",0.04053718438052933,0.7073086300479423,0.8484276681265067,0.7073086300479423,"[""fpn_2""]",fpn_2,"[""fpn_2"", ""fpn_1"", ""fpn_0""]","{""fpn_0"": [256, 288, 288], ""fpn_1"": [256, 144, 144], ""fpn_2"": [256, 72, 72]}","{""fpn_2"": [256, 72, 72]}",72,72,64,32,False,[0.0],"{""fpn_2"": 1.0}",fpn_2=1.000,deterministic_kmeans,cosine,2,outputs/rwtd_sam3_auto/coarse_vs_fine_sam_scales/stage2/train_fpn_2_only_test/checkpoint.pt,permutation_invariant_binary_partition,architexture_binary_v1,0.8484276681265067,0.7073086300479423
fpn_2_only,test,211,69,"cluster_0->texture_a,cluster_1->texture_b",0.8247475207201622,0.6528109480489053,0.04828108934194665,0.6528109480489053,"[""fpn_2""]",fpn_2,"[""fpn_2"", ""fpn_1"", ""fpn_0""]","{""fpn_0"": [256, 288, 288], ""fpn_1"": [256, 144, 144], ""fpn_2"": [256, 72, 72]}","{""fpn_2"": [256, 72, 72]}",72,72,64,32,False,[0.0],"{""fpn_2"": 1.0}",fpn_2=1.000,deterministic_kmeans,cosine,2,outputs/rwtd_sam3_auto/coarse_vs_fine_sam_scales/stage2/train_fpn_2_only_test/checkpoint.pt,permutation_invariant_binary_partition,architexture_binary_v1,0.8247475207201622,0.6528109480489053
fpn_2_only,test,212,70,"cluster_0->texture_a,cluster_1->texture_b",0.9858262931164073,0.971818619932263,0.0035515505115503703,0.971818619932263,"[""fpn_2""]",fpn_2,"[""fpn_2"", ""fpn_1"", ""fpn_0""]","{""fpn_0"": [256, 288, 288], ""fpn_1"": [256, 144, 144], ""fpn_2"": [256, 72, 72]}","{""fpn_2"": [256, 72, 72]}",72,72,64,32,False,[0.0],"{""fpn_2"": 1.0}",fpn_2=1.000,deterministic_kmeans,cosine,2,outputs/rwtd_sam3_auto/coarse_vs_fine_sam_scales/stage2/train_fpn_2_only_test/checkpoint.pt,permutation_invariant_binary_partition,architexture_binary_v1,0.9858262931164073,0.971818619932263
fpn_2_only,test,213,71,"cluster_1->texture_a,cluster_0->texture_b",0.011417311276418074,0.8972293594106822,0.9314980725657135,0.8972293594106822,"[""fpn_2""]",fpn_2,"[""fpn_2"", ""fpn_1"", ""fpn_0""]","{""fpn_0"": [256, 288, 288], ""fpn_1"": [256, 144, 144], ""fpn_2"": [256, 72, 72]}","{""fpn_2"": [256, 72, 72]}",72,72,64,32,False,[0.0],"{""fpn_2"": 1.0}",fpn_2=1.000,deterministic_kmeans,cosine,2,outputs/rwtd_sam3_auto/coarse_vs_fine_sam_scales/stage2/train_fpn_2_only_test/checkpoint.pt,permutation_invariant_binary_partition,architexture_binary_v1,0.9314980725657135,0.8972293594106822
fpn_2_only,test,214,73,"cluster_1->texture_a,cluster_0->texture_b",0.0049753954478085945,0.960779837839932,0.9803737728477193,0.960779837839932,"[""fpn_2""]",fpn_2,"[""fpn_2"", ""fpn_1"", ""fpn_0""]","{""fpn_0"": [256, 288, 288], ""fpn_1"": [256, 144, 144], ""fpn_2"": [256, 72, 72]}","{""fpn_2"": [256, 72, 72]}",72,72,64,32,False,[0.0],"{""fpn_2"": 1.0}",fpn_2=1.000,deterministic_kmeans,cosine,2,outputs/rwtd_sam3_auto/coarse_vs_fine_sam_scales/stage2/train_fpn_2_only_test/checkpoint.pt,permutation_invariant_binary_partition,architexture_binary_v1,0.9803737728477193,0.960779837839932
fpn_2_only,test,215,74,"cluster_1->texture_a,cluster_0->texture_b",0.01899820415842924,0.8563881420114081,0.9278060324421066,0.8563881420114081,"[""fpn_2""]",fpn_2,"[""fpn_2"", ""fpn_1"", ""fpn_0""]","{""fpn_0"": [256, 288, 288], ""fpn_1"": [256, 144, 144], ""fpn_2"": [256, 72, 72]}","{""fpn_2"": [256, 72, 72]}",72,72,64,32,False,[0.0],"{""fpn_2"": 1.0}",fpn_2=1.000,deterministic_kmeans,cosine,2,outputs/rwtd_sam3_auto/coarse_vs_fine_sam_scales/stage2/train_fpn_2_only_test/checkpoint.pt,permutation_invariant_binary_partition,architexture_binary_v1,0.9278060324421066,0.8563881420114081
fpn_2_only,test,216,76,"cluster_1->texture_a,cluster_0->texture_b",0.0029321674420889248,0.9766976066384772,0.9882450597329973,0.9766976066384772,"[""fpn_2""]",fpn_2,"[""fpn_2"", ""fpn_1"", ""fpn_0""]","{""fpn_0"": [256, 288, 288], ""fpn_1"": [256, 144, 144], ""fpn_2"": [256, 72, 72]}","{""fpn_2"": [256, 72, 72]}",72,72,64,32,False,[0.0],"{""fpn_2"": 1.0}",fpn_2=1.000,deterministic_kmeans,cosine,2,outputs/rwtd_sam3_auto/coarse_vs_fine_sam_scales/stage2/train_fpn_2_only_test/checkpoint.pt,permutation_invariant_binary_partition,architexture_binary_v1,0.9882450597329973,0.9766976066384772
fpn_2_only,test,217,77,"cluster_1->texture_a,cluster_0->texture_b",0.017264598391950853,0.8440708678992818,0.8959199197311678,0.8440708678992818,"[""fpn_2""]",fpn_2,"[""fpn_2"", ""fpn_1"", ""fpn_0""]","{""fpn_0"": [256, 288, 288], ""fpn_1"": [256, 144, 144], ""fpn_2"": [256, 72, 72]}","{""fpn_2"": [256, 72, 72]}",72,72,64,32,False,[0.0],"{""fpn_2"": 1.0}",fpn_2=1.000,deterministic_kmeans,cosine,2,outputs/rwtd_sam3_auto/coarse_vs_fine_sam_scales/stage2/train_fpn_2_only_test/checkpoint.pt,permutation_invariant_binary_partition,architexture_binary_v1,0.8959199197311678,0.8440708678992818
fpn_2_only,test,218,78,"cluster_1->texture_a,cluster_0->texture_b",0.01070327876802398,0.9162531474431015,0.9547584952711219,0.9162531474431015,"[""fpn_2""]",fpn_2,"[""fpn_2"", ""fpn_1"", ""fpn_0""]","{""fpn_0"": [256, 288, 288], ""fpn_1"": [256, 144, 144], ""fpn_2"": [256, 72, 72]}","{""fpn_2"": [256, 72, 72]}",72,72,64,32,False,[0.0],"{""fpn_2"": 1.0}",fpn_2=1.000,deterministic_kmeans,cosine,2,outputs/rwtd_sam3_auto/coarse_vs_fine_sam_scales/stage2/train_fpn_2_only_test/checkpoint.pt,permutation_invariant_binary_partition,architexture_binary_v1,0.9547584952711219,0.9162531474431015
fpn_2_only,test,219,79,"cluster_1->texture_a,cluster_0->texture_b",0.02456427999391654,0.7847261836410125,0.8590538185079735,0.7847261836410125,"[""fpn_2""]",fpn_2,"[""fpn_2"", ""fpn_1"", ""fpn_0""]","{""fpn_0"": [256, 288, 288], ""fpn_1"": [256, 144, 144], ""fpn_2"": [256, 72, 72]}","{""fpn_2"": [256, 72, 72]}",72,72,64,32,False,[0.0],"{""fpn_2"": 1.0}",fpn_2=1.000,deterministic_kmeans,cosine,2,outputs/rwtd_sam3_auto/coarse_vs_fine_sam_scales/stage2/train_fpn_2_only_test/checkpoint.pt,permutation_invariant_binary_partition,architexture_binary_v1,0.8590538185079735,0.7847261836410125
fpn_2_only,test,220,8,"cluster_1->texture_a,cluster_0->texture_b",0.021794143913342227,0.8357014265406866,0.9159442368864812,0.8357014265406866,"[""fpn_2""]",fpn_2,"[""fpn_2"", ""fpn_1"", ""fpn_0""]","{""fpn_0"": [256, 288, 288], ""fpn_1"": [256, 144, 144], ""fpn_2"": [256, 72, 72]}","{""fpn_2"": [256, 72, 72]}",72,72,64,32,False,[0.0],"{""fpn_2"": 1.0}",fpn_2=1.000,deterministic_kmeans,cosine,2,outputs/rwtd_sam3_auto/coarse_vs_fine_sam_scales/stage2/train_fpn_2_only_test/checkpoint.pt,permutation_invariant_binary_partition,architexture_binary_v1,0.9159442368864812,0.8357014265406866
fpn_2_only,test,221,84,"cluster_0->texture_a,cluster_1->texture_b",0.9430515347789354,0.8889285752693163,0.014486095012242708,0.8889285752693163,"[""fpn_2""]",fpn_2,"[""fpn_2"", ""fpn_1"", ""fpn_0""]","{""fpn_0"": [256, 288, 288], ""fpn_1"": [256, 144, 144], ""fpn_2"": [256, 72, 72]}","{""fpn_2"": [256, 72, 72]}",72,72,64,32,False,[0.0],"{""fpn_2"": 1.0}",fpn_2=1.000,deterministic_kmeans,cosine,2,outputs/rwtd_sam3_auto/coarse_vs_fine_sam_scales/stage2/train_fpn_2_only_test/checkpoint.pt,permutation_invariant_binary_partition,architexture_binary_v1,0.9430515347789354,0.8889285752693163
fpn_2_only,test,222,85,"cluster_0->texture_a,cluster_1->texture_b",0.9690168025992812,0.9400047406586404,0.007662097643616202,0.9400047406586404,"[""fpn_2""]",fpn_2,"[""fpn_2"", ""fpn_1"", ""fpn_0""]","{""fpn_0"": [256, 288, 288], ""fpn_1"": [256, 144, 144], ""fpn_2"": [256, 72, 72]}","{""fpn_2"": [256, 72, 72]}",72,72,64,32,False,[0.0],"{""fpn_2"": 1.0}",fpn_2=1.000,deterministic_kmeans,cosine,2,outputs/rwtd_sam3_auto/coarse_vs_fine_sam_scales/stage2/train_fpn_2_only_test/checkpoint.pt,permutation_invariant_binary_partition,architexture_binary_v1,0.9690168025992812,0.9400047406586404
fpn_2_only,test,223,86,"cluster_1->texture_a,cluster_0->texture_b",0.020385105009348904,0.8449876247959913,0.9173638434422633,0.8449876247959913,"[""fpn_2""]",fpn_2,"[""fpn_2"", ""fpn_1"", ""fpn_0""]","{""fpn_0"": [256, 288, 288], ""fpn_1"": [256, 144, 144], ""fpn_2"": [256, 72, 72]}","{""fpn_2"": [256, 72, 72]}",72,72,64,32,False,[0.0],"{""fpn_2"": 1.0}",fpn_2=1.000,deterministic_kmeans,cosine,2,outputs/rwtd_sam3_auto/coarse_vs_fine_sam_scales/stage2/train_fpn_2_only_test/checkpoint.pt,permutation_invariant_binary_partition,architexture_binary_v1,0.9173638434422633,0.8449876247959913
fpn_2_only,test,224,88,"cluster_1->texture_a,cluster_0->texture_b",0.0179785724954711,0.862728640166045,0.9312712185785084,0.862728640166045,"[""fpn_2""]",fpn_2,"[""fpn_2"", ""fpn_1"", ""fpn_0""]","{""fpn_0"": [256, 288, 288], ""fpn_1"": [256, 144, 144], ""fpn_2"": [256, 72, 72]}","{""fpn_2"": [256, 72, 72]}",72,72,64,32,False,[0.0],"{""fpn_2"": 1.0}",fpn_2=1.000,deterministic_kmeans,cosine,2,outputs/rwtd_sam3_auto/coarse_vs_fine_sam_scales/stage2/train_fpn_2_only_test/checkpoint.pt,permutation_invariant_binary_partition,architexture_binary_v1,0.9312712185785084,0.862728640166045
fpn_2_only,test,225,95,"cluster_1->texture_a,cluster_0->texture_b",0.05354592396959226,0.6202812138016851,0.807709486188128,0.6202812138016851,"[""fpn_2""]",fpn_2,"[""fpn_2"", ""fpn_1"", ""fpn_0""]","{""fpn_0"": [256, 288, 288], ""fpn_1"": [256, 144, 144], ""fpn_2"": [256, 72, 72]}","{""fpn_2"": [256, 72, 72]}",72,72,64,32,False,[0.0],"{""fpn_2"": 1.0}",fpn_2=1.000,deterministic_kmeans,cosine,2,outputs/rwtd_sam3_auto/coarse_vs_fine_sam_scales/stage2/train_fpn_2_only_test/checkpoint.pt,permutation_invariant_binary_partition,architexture_binary_v1,0.807709486188128,0.6202812138016851
fpn_2_only,test,226,96,"cluster_0->texture_a,cluster_1->texture_b",0.7154194708565956,0.4460823046130006,0.08295512414540815,0.4460823046130006,"[""fpn_2""]",fpn_2,"[""fpn_2"", ""fpn_1"", ""fpn_0""]","{""fpn_0"": [256, 288, 288], ""fpn_1"": [256, 144, 144], ""fpn_2"": [256, 72, 72]}","{""fpn_2"": [256, 72, 72]}",72,72,64,32,False,[0.0],"{""fpn_2"": 1.0}",fpn_2=1.000,deterministic_kmeans,cosine,2,outputs/rwtd_sam3_auto/coarse_vs_fine_sam_scales/stage2/train_fpn_2_only_test/checkpoint.pt,permutation_invariant_binary_partition,architexture_binary_v1,0.7154194708565956,0.4460823046130006
