{
  "edge_metrics": {
    "AP": 0.4133136333801348,
    "ODS_threshold": 0.01,
    "ODS_recall": 0.45807537622594724,
    "ODS_precision": 0.8364331397485849,
    "ODS_f1": 0.5919612276783528,
    "OIS_recall": 0.45741817778628957,
    "OIS_precision": 0.8467729915039499,
    "OIS_f1": 0.5939763554497497
  },
  "generic_metrics": null,
  "meta": {
    "generic": {
      "metrics_namespace": "pixel",
      "enabled": false
    },
    "edge": {
      "protocol": "legacy",
      "ap_mode": "bsds_interp",
      "edge_keys_mode": "legacy_minimal",
      "thresholds": 99,
      "max_dist": 0.0075,
      "apply_thinning": true,
      "apply_nms": true
    }
  }
}