variant,split,sample_index,crop_name,assignment_used,direct_eval_miou,direct_eval_ari,swapped_eval_miou,swapped_eval_ari,selected_level_names_json,coarsest_level_name,raw_level_names_json,raw_level_shapes_json,aligned_level_shapes_json,coarsest_grid_height,coarsest_grid_width,probe_projection_dim,probe_embedding_dim,learnable_gates,gate_logits_json,gate_weights_json,final_gate_weights_compact,kmeans_backend,kmeans_metric,kmeans_num_clusters,checkpoint_path,evaluation_view,evaluation_contract,eval_miou,eval_ari
learned_global_gates_all_scales,test,0,1,"cluster_1->texture_a,cluster_0->texture_b",0.007293865619271921,0.9308668658891575,0.9520273635768352,0.9308668658891575,"[""fpn_2"", ""fpn_1"", ""fpn_0""]",fpn_2,"[""fpn_2"", ""fpn_1"", ""fpn_0""]","{""fpn_0"": [256, 288, 288], ""fpn_1"": [256, 144, 144], ""fpn_2"": [256, 72, 72]}","{""fpn_0"": [256, 72, 72], ""fpn_1"": [256, 72, 72], ""fpn_2"": [256, 72, 72]}",72,72,64,32,True,"[0.26891154050827026, -0.042122770100831985, -0.2504023313522339]","{""fpn_0"": 0.25559553503990173, ""fpn_1"": 0.3147805631160736, ""fpn_2"": 0.42962387204170227}","fpn_2=0.430,fpn_1=0.315,fpn_0=0.256",deterministic_kmeans,cosine,2,outputs/rwtd_sam3_auto/coarse_vs_fine_sam_scales/stage2/smoke_learned_global_gates_all_scales/checkpoint.pt,permutation_invariant_binary_partition,architexture_binary_v1,0.9520273635768352,0.9308668658891575
learned_global_gates_all_scales,test,1,101,"cluster_1->texture_a,cluster_0->texture_b",0.03961584305162236,0.7104380117122079,0.8505552445277318,0.7104380117122079,"[""fpn_2"", ""fpn_1"", ""fpn_0""]",fpn_2,"[""fpn_2"", ""fpn_1"", ""fpn_0""]","{""fpn_0"": [256, 288, 288], ""fpn_1"": [256, 144, 144], ""fpn_2"": [256, 72, 72]}","{""fpn_0"": [256, 72, 72], ""fpn_1"": [256, 72, 72], ""fpn_2"": [256, 72, 72]}",72,72,64,32,True,"[0.26891154050827026, -0.042122770100831985, -0.2504023313522339]","{""fpn_0"": 0.25559553503990173, ""fpn_1"": 0.3147805631160736, ""fpn_2"": 0.42962387204170227}","fpn_2=0.430,fpn_1=0.315,fpn_0=0.256",deterministic_kmeans,cosine,2,outputs/rwtd_sam3_auto/coarse_vs_fine_sam_scales/stage2/smoke_learned_global_gates_all_scales/checkpoint.pt,permutation_invariant_binary_partition,architexture_binary_v1,0.8505552445277318,0.7104380117122079
learned_global_gates_all_scales,test,2,102,"cluster_1->texture_a,cluster_0->texture_b",0.0321029247486929,0.7622428950760073,0.8794558063168398,0.7622428950760073,"[""fpn_2"", ""fpn_1"", ""fpn_0""]",fpn_2,"[""fpn_2"", ""fpn_1"", ""fpn_0""]","{""fpn_0"": [256, 288, 288], ""fpn_1"": [256, 144, 144], ""fpn_2"": [256, 72, 72]}","{""fpn_0"": [256, 72, 72], ""fpn_1"": [256, 72, 72], ""fpn_2"": [256, 72, 72]}",72,72,64,32,True,"[0.26891154050827026, -0.042122770100831985, -0.2504023313522339]","{""fpn_0"": 0.25559553503990173, ""fpn_1"": 0.3147805631160736, ""fpn_2"": 0.42962387204170227}","fpn_2=0.430,fpn_1=0.315,fpn_0=0.256",deterministic_kmeans,cosine,2,outputs/rwtd_sam3_auto/coarse_vs_fine_sam_scales/stage2/smoke_learned_global_gates_all_scales/checkpoint.pt,permutation_invariant_binary_partition,architexture_binary_v1,0.8794558063168398,0.7622428950760073
learned_global_gates_all_scales,test,3,103,"cluster_0->texture_a,cluster_1->texture_b",0.8872445179117106,0.8071795788073785,0.024999942169445385,0.8071795788073785,"[""fpn_2"", ""fpn_1"", ""fpn_0""]",fpn_2,"[""fpn_2"", ""fpn_1"", ""fpn_0""]","{""fpn_0"": [256, 288, 288], ""fpn_1"": [256, 144, 144], ""fpn_2"": [256, 72, 72]}","{""fpn_0"": [256, 72, 72], ""fpn_1"": [256, 72, 72], ""fpn_2"": [256, 72, 72]}",72,72,64,32,True,"[0.26891154050827026, -0.042122770100831985, -0.2504023313522339]","{""fpn_0"": 0.25559553503990173, ""fpn_1"": 0.3147805631160736, ""fpn_2"": 0.42962387204170227}","fpn_2=0.430,fpn_1=0.315,fpn_0=0.256",deterministic_kmeans,cosine,2,outputs/rwtd_sam3_auto/coarse_vs_fine_sam_scales/stage2/smoke_learned_global_gates_all_scales/checkpoint.pt,permutation_invariant_binary_partition,architexture_binary_v1,0.8872445179117106,0.8071795788073785
learned_global_gates_all_scales,test,4,104,"cluster_0->texture_a,cluster_1->texture_b",0.7221689404928788,0.6090892375788484,0.0164150528784597,0.6090892375788484,"[""fpn_2"", ""fpn_1"", ""fpn_0""]",fpn_2,"[""fpn_2"", ""fpn_1"", ""fpn_0""]","{""fpn_0"": [256, 288, 288], ""fpn_1"": [256, 144, 144], ""fpn_2"": [256, 72, 72]}","{""fpn_0"": [256, 72, 72], ""fpn_1"": [256, 72, 72], ""fpn_2"": [256, 72, 72]}",72,72,64,32,True,"[0.26891154050827026, -0.042122770100831985, -0.2504023313522339]","{""fpn_0"": 0.25559553503990173, ""fpn_1"": 0.3147805631160736, ""fpn_2"": 0.42962387204170227}","fpn_2=0.430,fpn_1=0.315,fpn_0=0.256",deterministic_kmeans,cosine,2,outputs/rwtd_sam3_auto/coarse_vs_fine_sam_scales/stage2/smoke_learned_global_gates_all_scales/checkpoint.pt,permutation_invariant_binary_partition,architexture_binary_v1,0.7221689404928788,0.6090892375788484
learned_global_gates_all_scales,test,5,106,"cluster_0->texture_a,cluster_1->texture_b",0.7807756789040127,0.6618935258791823,0.03868988961803844,0.6618935258791823,"[""fpn_2"", ""fpn_1"", ""fpn_0""]",fpn_2,"[""fpn_2"", ""fpn_1"", ""fpn_0""]","{""fpn_0"": [256, 288, 288], ""fpn_1"": [256, 144, 144], ""fpn_2"": [256, 72, 72]}","{""fpn_0"": [256, 72, 72], ""fpn_1"": [256, 72, 72], ""fpn_2"": [256, 72, 72]}",72,72,64,32,True,"[0.26891154050827026, -0.042122770100831985, -0.2504023313522339]","{""fpn_0"": 0.25559553503990173, ""fpn_1"": 0.3147805631160736, ""fpn_2"": 0.42962387204170227}","fpn_2=0.430,fpn_1=0.315,fpn_0=0.256",deterministic_kmeans,cosine,2,outputs/rwtd_sam3_auto/coarse_vs_fine_sam_scales/stage2/smoke_learned_global_gates_all_scales/checkpoint.pt,permutation_invariant_binary_partition,architexture_binary_v1,0.7807756789040127,0.6618935258791823
learned_global_gates_all_scales,test,6,12,"cluster_1->texture_a,cluster_0->texture_b",0.015932414907578463,0.8777603367733693,0.9387774584905975,0.8777603367733693,"[""fpn_2"", ""fpn_1"", ""fpn_0""]",fpn_2,"[""fpn_2"", ""fpn_1"", ""fpn_0""]","{""fpn_0"": [256, 288, 288], ""fpn_1"": [256, 144, 144], ""fpn_2"": [256, 72, 72]}","{""fpn_0"": [256, 72, 72], ""fpn_1"": [256, 72, 72], ""fpn_2"": [256, 72, 72]}",72,72,64,32,True,"[0.26891154050827026, -0.042122770100831985, -0.2504023313522339]","{""fpn_0"": 0.25559553503990173, ""fpn_1"": 0.3147805631160736, ""fpn_2"": 0.42962387204170227}","fpn_2=0.430,fpn_1=0.315,fpn_0=0.256",deterministic_kmeans,cosine,2,outputs/rwtd_sam3_auto/coarse_vs_fine_sam_scales/stage2/smoke_learned_global_gates_all_scales/checkpoint.pt,permutation_invariant_binary_partition,architexture_binary_v1,0.9387774584905975,0.8777603367733693
learned_global_gates_all_scales,test,7,121,"cluster_1->texture_a,cluster_0->texture_b",0.01579525213777685,0.8788487966432716,0.936896219923391,0.8788487966432716,"[""fpn_2"", ""fpn_1"", ""fpn_0""]",fpn_2,"[""fpn_2"", ""fpn_1"", ""fpn_0""]","{""fpn_0"": [256, 288, 288], ""fpn_1"": [256, 144, 144], ""fpn_2"": [256, 72, 72]}","{""fpn_0"": [256, 72, 72], ""fpn_1"": [256, 72, 72], ""fpn_2"": [256, 72, 72]}",72,72,64,32,True,"[0.26891154050827026, -0.042122770100831985, -0.2504023313522339]","{""fpn_0"": 0.25559553503990173, ""fpn_1"": 0.3147805631160736, ""fpn_2"": 0.42962387204170227}","fpn_2=0.430,fpn_1=0.315,fpn_0=0.256",deterministic_kmeans,cosine,2,outputs/rwtd_sam3_auto/coarse_vs_fine_sam_scales/stage2/smoke_learned_global_gates_all_scales/checkpoint.pt,permutation_invariant_binary_partition,architexture_binary_v1,0.936896219923391,0.8788487966432716
learned_global_gates_all_scales,test,8,122,"cluster_1->texture_a,cluster_0->texture_b",0.021144525124890443,0.838355433167598,0.9189676536294662,0.838355433167598,"[""fpn_2"", ""fpn_1"", ""fpn_0""]",fpn_2,"[""fpn_2"", ""fpn_1"", ""fpn_0""]","{""fpn_0"": [256, 288, 288], ""fpn_1"": [256, 144, 144], ""fpn_2"": [256, 72, 72]}","{""fpn_0"": [256, 72, 72], ""fpn_1"": [256, 72, 72], ""fpn_2"": [256, 72, 72]}",72,72,64,32,True,"[0.26891154050827026, -0.042122770100831985, -0.2504023313522339]","{""fpn_0"": 0.25559553503990173, ""fpn_1"": 0.3147805631160736, ""fpn_2"": 0.42962387204170227}","fpn_2=0.430,fpn_1=0.315,fpn_0=0.256",deterministic_kmeans,cosine,2,outputs/rwtd_sam3_auto/coarse_vs_fine_sam_scales/stage2/smoke_learned_global_gates_all_scales/checkpoint.pt,permutation_invariant_binary_partition,architexture_binary_v1,0.9189676536294662,0.838355433167598
learned_global_gates_all_scales,test,9,125,"cluster_1->texture_a,cluster_0->texture_b",0.00860257043322404,0.9310756547423747,0.9603091737003651,0.9310756547423747,"[""fpn_2"", ""fpn_1"", ""fpn_0""]",fpn_2,"[""fpn_2"", ""fpn_1"", ""fpn_0""]","{""fpn_0"": [256, 288, 288], ""fpn_1"": [256, 144, 144], ""fpn_2"": [256, 72, 72]}","{""fpn_0"": [256, 72, 72], ""fpn_1"": [256, 72, 72], ""fpn_2"": [256, 72, 72]}",72,72,64,32,True,"[0.26891154050827026, -0.042122770100831985, -0.2504023313522339]","{""fpn_0"": 0.25559553503990173, ""fpn_1"": 0.3147805631160736, ""fpn_2"": 0.42962387204170227}","fpn_2=0.430,fpn_1=0.315,fpn_0=0.256",deterministic_kmeans,cosine,2,outputs/rwtd_sam3_auto/coarse_vs_fine_sam_scales/stage2/smoke_learned_global_gates_all_scales/checkpoint.pt,permutation_invariant_binary_partition,architexture_binary_v1,0.9603091737003651,0.9310756547423747
learned_global_gates_all_scales,test,10,128,"cluster_1->texture_a,cluster_0->texture_b",0.01741638463684887,0.8634290715758633,0.9209692922302468,0.8634290715758633,"[""fpn_2"", ""fpn_1"", ""fpn_0""]",fpn_2,"[""fpn_2"", ""fpn_1"", ""fpn_0""]","{""fpn_0"": [256, 288, 288], ""fpn_1"": [256, 144, 144], ""fpn_2"": [256, 72, 72]}","{""fpn_0"": [256, 72, 72], ""fpn_1"": [256, 72, 72], ""fpn_2"": [256, 72, 72]}",72,72,64,32,True,"[0.26891154050827026, -0.042122770100831985, -0.2504023313522339]","{""fpn_0"": 0.25559553503990173, ""fpn_1"": 0.3147805631160736, ""fpn_2"": 0.42962387204170227}","fpn_2=0.430,fpn_1=0.315,fpn_0=0.256",deterministic_kmeans,cosine,2,outputs/rwtd_sam3_auto/coarse_vs_fine_sam_scales/stage2/smoke_learned_global_gates_all_scales/checkpoint.pt,permutation_invariant_binary_partition,architexture_binary_v1,0.9209692922302468,0.8634290715758633
learned_global_gates_all_scales,test,11,129,"cluster_1->texture_a,cluster_0->texture_b",0.014298330420904708,0.8900844018045684,0.942862644813212,0.8900844018045684,"[""fpn_2"", ""fpn_1"", ""fpn_0""]",fpn_2,"[""fpn_2"", ""fpn_1"", ""fpn_0""]","{""fpn_0"": [256, 288, 288], ""fpn_1"": [256, 144, 144], ""fpn_2"": [256, 72, 72]}","{""fpn_0"": [256, 72, 72], ""fpn_1"": [256, 72, 72], ""fpn_2"": [256, 72, 72]}",72,72,64,32,True,"[0.26891154050827026, -0.042122770100831985, -0.2504023313522339]","{""fpn_0"": 0.25559553503990173, ""fpn_1"": 0.3147805631160736, ""fpn_2"": 0.42962387204170227}","fpn_2=0.430,fpn_1=0.315,fpn_0=0.256",deterministic_kmeans,cosine,2,outputs/rwtd_sam3_auto/coarse_vs_fine_sam_scales/stage2/smoke_learned_global_gates_all_scales/checkpoint.pt,permutation_invariant_binary_partition,architexture_binary_v1,0.942862644813212,0.8900844018045684
learned_global_gates_all_scales,test,12,13,"cluster_0->texture_a,cluster_1->texture_b",0.8529406340465557,0.7111022533767483,0.04007428101942635,0.7111022533767483,"[""fpn_2"", ""fpn_1"", ""fpn_0""]",fpn_2,"[""fpn_2"", ""fpn_1"", ""fpn_0""]","{""fpn_0"": [256, 288, 288], ""fpn_1"": [256, 144, 144], ""fpn_2"": [256, 72, 72]}","{""fpn_0"": [256, 72, 72], ""fpn_1"": [256, 72, 72], ""fpn_2"": [256, 72, 72]}",72,72,64,32,True,"[0.26891154050827026, -0.042122770100831985, -0.2504023313522339]","{""fpn_0"": 0.25559553503990173, ""fpn_1"": 0.3147805631160736, ""fpn_2"": 0.42962387204170227}","fpn_2=0.430,fpn_1=0.315,fpn_0=0.256",deterministic_kmeans,cosine,2,outputs/rwtd_sam3_auto/coarse_vs_fine_sam_scales/stage2/smoke_learned_global_gates_all_scales/checkpoint.pt,permutation_invariant_binary_partition,architexture_binary_v1,0.8529406340465557,0.7111022533767483
learned_global_gates_all_scales,test,13,134,"cluster_1->texture_a,cluster_0->texture_b",0.00849245430932763,0.9337507105347143,0.9667711695268089,0.9337507105347143,"[""fpn_2"", ""fpn_1"", ""fpn_0""]",fpn_2,"[""fpn_2"", ""fpn_1"", ""fpn_0""]","{""fpn_0"": [256, 288, 288], ""fpn_1"": [256, 144, 144], ""fpn_2"": [256, 72, 72]}","{""fpn_0"": [256, 72, 72], ""fpn_1"": [256, 72, 72], ""fpn_2"": [256, 72, 72]}",72,72,64,32,True,"[0.26891154050827026, -0.042122770100831985, -0.2504023313522339]","{""fpn_0"": 0.25559553503990173, ""fpn_1"": 0.3147805631160736, ""fpn_2"": 0.42962387204170227}","fpn_2=0.430,fpn_1=0.315,fpn_0=0.256",deterministic_kmeans,cosine,2,outputs/rwtd_sam3_auto/coarse_vs_fine_sam_scales/stage2/smoke_learned_global_gates_all_scales/checkpoint.pt,permutation_invariant_binary_partition,architexture_binary_v1,0.9667711695268089,0.9337507105347143
learned_global_gates_all_scales,test,14,139,"cluster_0->texture_a,cluster_1->texture_b",0.9046366642417755,0.8144682343177929,0.024747002651658075,0.8144682343177929,"[""fpn_2"", ""fpn_1"", ""fpn_0""]",fpn_2,"[""fpn_2"", ""fpn_1"", ""fpn_0""]","{""fpn_0"": [256, 288, 288], ""fpn_1"": [256, 144, 144], ""fpn_2"": [256, 72, 72]}","{""fpn_0"": [256, 72, 72], ""fpn_1"": [256, 72, 72], ""fpn_2"": [256, 72, 72]}",72,72,64,32,True,"[0.26891154050827026, -0.042122770100831985, -0.2504023313522339]","{""fpn_0"": 0.25559553503990173, ""fpn_1"": 0.3147805631160736, ""fpn_2"": 0.42962387204170227}","fpn_2=0.430,fpn_1=0.315,fpn_0=0.256",deterministic_kmeans,cosine,2,outputs/rwtd_sam3_auto/coarse_vs_fine_sam_scales/stage2/smoke_learned_global_gates_all_scales/checkpoint.pt,permutation_invariant_binary_partition,architexture_binary_v1,0.9046366642417755,0.8144682343177929
learned_global_gates_all_scales,test,15,14,"cluster_1->texture_a,cluster_0->texture_b",0.011210592731429271,0.9128131006479653,0.9562241575588515,0.9128131006479653,"[""fpn_2"", ""fpn_1"", ""fpn_0""]",fpn_2,"[""fpn_2"", ""fpn_1"", ""fpn_0""]","{""fpn_0"": [256, 288, 288], ""fpn_1"": [256, 144, 144], ""fpn_2"": [256, 72, 72]}","{""fpn_0"": [256, 72, 72], ""fpn_1"": [256, 72, 72], ""fpn_2"": [256, 72, 72]}",72,72,64,32,True,"[0.26891154050827026, -0.042122770100831985, -0.2504023313522339]","{""fpn_0"": 0.25559553503990173, ""fpn_1"": 0.3147805631160736, ""fpn_2"": 0.42962387204170227}","fpn_2=0.430,fpn_1=0.315,fpn_0=0.256",deterministic_kmeans,cosine,2,outputs/rwtd_sam3_auto/coarse_vs_fine_sam_scales/stage2/smoke_learned_global_gates_all_scales/checkpoint.pt,permutation_invariant_binary_partition,architexture_binary_v1,0.9562241575588515,0.9128131006479653
learned_global_gates_all_scales,test,16,142,"cluster_0->texture_a,cluster_1->texture_b",0.814990151391074,0.7415953215116118,0.021825192640775606,0.7415953215116118,"[""fpn_2"", ""fpn_1"", ""fpn_0""]",fpn_2,"[""fpn_2"", ""fpn_1"", ""fpn_0""]","{""fpn_0"": [256, 288, 288], ""fpn_1"": [256, 144, 144], ""fpn_2"": [256, 72, 72]}","{""fpn_0"": [256, 72, 72], ""fpn_1"": [256, 72, 72], ""fpn_2"": [256, 72, 72]}",72,72,64,32,True,"[0.26891154050827026, -0.042122770100831985, -0.2504023313522339]","{""fpn_0"": 0.25559553503990173, ""fpn_1"": 0.3147805631160736, ""fpn_2"": 0.42962387204170227}","fpn_2=0.430,fpn_1=0.315,fpn_0=0.256",deterministic_kmeans,cosine,2,outputs/rwtd_sam3_auto/coarse_vs_fine_sam_scales/stage2/smoke_learned_global_gates_all_scales/checkpoint.pt,permutation_invariant_binary_partition,architexture_binary_v1,0.814990151391074,0.7415953215116118
learned_global_gates_all_scales,test,17,149,"cluster_0->texture_a,cluster_1->texture_b",0.8565562112164748,0.7151567396364514,0.039255126744071195,0.7151567396364514,"[""fpn_2"", ""fpn_1"", ""fpn_0""]",fpn_2,"[""fpn_2"", ""fpn_1"", ""fpn_0""]","{""fpn_0"": [256, 288, 288], ""fpn_1"": [256, 144, 144], ""fpn_2"": [256, 72, 72]}","{""fpn_0"": [256, 72, 72], ""fpn_1"": [256, 72, 72], ""fpn_2"": [256, 72, 72]}",72,72,64,32,True,"[0.26891154050827026, -0.042122770100831985, -0.2504023313522339]","{""fpn_0"": 0.25559553503990173, ""fpn_1"": 0.3147805631160736, ""fpn_2"": 0.42962387204170227}","fpn_2=0.430,fpn_1=0.315,fpn_0=0.256",deterministic_kmeans,cosine,2,outputs/rwtd_sam3_auto/coarse_vs_fine_sam_scales/stage2/smoke_learned_global_gates_all_scales/checkpoint.pt,permutation_invariant_binary_partition,architexture_binary_v1,0.8565562112164748,0.7151567396364514
learned_global_gates_all_scales,test,18,15,"cluster_0->texture_a,cluster_1->texture_b",0.9484287083836129,0.9026660278046146,0.012559406330224222,0.9026660278046146,"[""fpn_2"", ""fpn_1"", ""fpn_0""]",fpn_2,"[""fpn_2"", ""fpn_1"", ""fpn_0""]","{""fpn_0"": [256, 288, 288], ""fpn_1"": [256, 144, 144], ""fpn_2"": [256, 72, 72]}","{""fpn_0"": [256, 72, 72], ""fpn_1"": [256, 72, 72], ""fpn_2"": [256, 72, 72]}",72,72,64,32,True,"[0.26891154050827026, -0.042122770100831985, -0.2504023313522339]","{""fpn_0"": 0.25559553503990173, ""fpn_1"": 0.3147805631160736, ""fpn_2"": 0.42962387204170227}","fpn_2=0.430,fpn_1=0.315,fpn_0=0.256",deterministic_kmeans,cosine,2,outputs/rwtd_sam3_auto/coarse_vs_fine_sam_scales/stage2/smoke_learned_global_gates_all_scales/checkpoint.pt,permutation_invariant_binary_partition,architexture_binary_v1,0.9484287083836129,0.9026660278046146
learned_global_gates_all_scales,test,19,175,"cluster_0->texture_a,cluster_1->texture_b",0.8928281586528675,0.8034962175965628,0.026297532767610113,0.8034962175965628,"[""fpn_2"", ""fpn_1"", ""fpn_0""]",fpn_2,"[""fpn_2"", ""fpn_1"", ""fpn_0""]","{""fpn_0"": [256, 288, 288], ""fpn_1"": [256, 144, 144], ""fpn_2"": [256, 72, 72]}","{""fpn_0"": [256, 72, 72], ""fpn_1"": [256, 72, 72], ""fpn_2"": [256, 72, 72]}",72,72,64,32,True,"[0.26891154050827026, -0.042122770100831985, -0.2504023313522339]","{""fpn_0"": 0.25559553503990173, ""fpn_1"": 0.3147805631160736, ""fpn_2"": 0.42962387204170227}","fpn_2=0.430,fpn_1=0.315,fpn_0=0.256",deterministic_kmeans,cosine,2,outputs/rwtd_sam3_auto/coarse_vs_fine_sam_scales/stage2/smoke_learned_global_gates_all_scales/checkpoint.pt,permutation_invariant_binary_partition,architexture_binary_v1,0.8928281586528675,0.8034962175965628
learned_global_gates_all_scales,test,20,176,"cluster_1->texture_a,cluster_0->texture_b",0.02623540429705122,0.6862333497524218,0.779380284328586,0.6862333497524218,"[""fpn_2"", ""fpn_1"", ""fpn_0""]",fpn_2,"[""fpn_2"", ""fpn_1"", ""fpn_0""]","{""fpn_0"": [256, 288, 288], ""fpn_1"": [256, 144, 144], ""fpn_2"": [256, 72, 72]}","{""fpn_0"": [256, 72, 72], ""fpn_1"": [256, 72, 72], ""fpn_2"": [256, 72, 72]}",72,72,64,32,True,"[0.26891154050827026, -0.042122770100831985, -0.2504023313522339]","{""fpn_0"": 0.25559553503990173, ""fpn_1"": 0.3147805631160736, ""fpn_2"": 0.42962387204170227}","fpn_2=0.430,fpn_1=0.315,fpn_0=0.256",deterministic_kmeans,cosine,2,outputs/rwtd_sam3_auto/coarse_vs_fine_sam_scales/stage2/smoke_learned_global_gates_all_scales/checkpoint.pt,permutation_invariant_binary_partition,architexture_binary_v1,0.779380284328586,0.6862333497524218
learned_global_gates_all_scales,test,21,18,"cluster_1->texture_a,cluster_0->texture_b",0.012254500198582291,0.8990640667009293,0.9378980800104879,0.8990640667009293,"[""fpn_2"", ""fpn_1"", ""fpn_0""]",fpn_2,"[""fpn_2"", ""fpn_1"", ""fpn_0""]","{""fpn_0"": [256, 288, 288], ""fpn_1"": [256, 144, 144], ""fpn_2"": [256, 72, 72]}","{""fpn_0"": [256, 72, 72], ""fpn_1"": [256, 72, 72], ""fpn_2"": [256, 72, 72]}",72,72,64,32,True,"[0.26891154050827026, -0.042122770100831985, -0.2504023313522339]","{""fpn_0"": 0.25559553503990173, ""fpn_1"": 0.3147805631160736, ""fpn_2"": 0.42962387204170227}","fpn_2=0.430,fpn_1=0.315,fpn_0=0.256",deterministic_kmeans,cosine,2,outputs/rwtd_sam3_auto/coarse_vs_fine_sam_scales/stage2/smoke_learned_global_gates_all_scales/checkpoint.pt,permutation_invariant_binary_partition,architexture_binary_v1,0.9378980800104879,0.8990640667009293
learned_global_gates_all_scales,test,22,181,"cluster_1->texture_a,cluster_0->texture_b",0.005840959755293125,0.9538939212976995,0.9764955283203409,0.9538939212976995,"[""fpn_2"", ""fpn_1"", ""fpn_0""]",fpn_2,"[""fpn_2"", ""fpn_1"", ""fpn_0""]","{""fpn_0"": [256, 288, 288], ""fpn_1"": [256, 144, 144], ""fpn_2"": [256, 72, 72]}","{""fpn_0"": [256, 72, 72], ""fpn_1"": [256, 72, 72], ""fpn_2"": [256, 72, 72]}",72,72,64,32,True,"[0.26891154050827026, -0.042122770100831985, -0.2504023313522339]","{""fpn_0"": 0.25559553503990173, ""fpn_1"": 0.3147805631160736, ""fpn_2"": 0.42962387204170227}","fpn_2=0.430,fpn_1=0.315,fpn_0=0.256",deterministic_kmeans,cosine,2,outputs/rwtd_sam3_auto/coarse_vs_fine_sam_scales/stage2/smoke_learned_global_gates_all_scales/checkpoint.pt,permutation_invariant_binary_partition,architexture_binary_v1,0.9764955283203409,0.9538939212976995
learned_global_gates_all_scales,test,23,182,"cluster_0->texture_a,cluster_1->texture_b",0.8962775997645323,0.7932082500143103,0.02736760246422612,0.7932082500143103,"[""fpn_2"", ""fpn_1"", ""fpn_0""]",fpn_2,"[""fpn_2"", ""fpn_1"", ""fpn_0""]","{""fpn_0"": [256, 288, 288], ""fpn_1"": [256, 144, 144], ""fpn_2"": [256, 72, 72]}","{""fpn_0"": [256, 72, 72], ""fpn_1"": [256, 72, 72], ""fpn_2"": [256, 72, 72]}",72,72,64,32,True,"[0.26891154050827026, -0.042122770100831985, -0.2504023313522339]","{""fpn_0"": 0.25559553503990173, ""fpn_1"": 0.3147805631160736, ""fpn_2"": 0.42962387204170227}","fpn_2=0.430,fpn_1=0.315,fpn_0=0.256",deterministic_kmeans,cosine,2,outputs/rwtd_sam3_auto/coarse_vs_fine_sam_scales/stage2/smoke_learned_global_gates_all_scales/checkpoint.pt,permutation_invariant_binary_partition,architexture_binary_v1,0.8962775997645323,0.7932082500143103
learned_global_gates_all_scales,test,24,183,"cluster_1->texture_a,cluster_0->texture_b",0.005760653352486856,0.9545033204843685,0.9770145588786865,0.9545033204843685,"[""fpn_2"", ""fpn_1"", ""fpn_0""]",fpn_2,"[""fpn_2"", ""fpn_1"", ""fpn_0""]","{""fpn_0"": [256, 288, 288], ""fpn_1"": [256, 144, 144], ""fpn_2"": [256, 72, 72]}","{""fpn_0"": [256, 72, 72], ""fpn_1"": [256, 72, 72], ""fpn_2"": [256, 72, 72]}",72,72,64,32,True,"[0.26891154050827026, -0.042122770100831985, -0.2504023313522339]","{""fpn_0"": 0.25559553503990173, ""fpn_1"": 0.3147805631160736, ""fpn_2"": 0.42962387204170227}","fpn_2=0.430,fpn_1=0.315,fpn_0=0.256",deterministic_kmeans,cosine,2,outputs/rwtd_sam3_auto/coarse_vs_fine_sam_scales/stage2/smoke_learned_global_gates_all_scales/checkpoint.pt,permutation_invariant_binary_partition,architexture_binary_v1,0.9770145588786865,0.9545033204843685
learned_global_gates_all_scales,test,25,184,"cluster_1->texture_a,cluster_0->texture_b",0.0067874462961324,0.9467711269765567,0.9732818783944595,0.9467711269765567,"[""fpn_2"", ""fpn_1"", ""fpn_0""]",fpn_2,"[""fpn_2"", ""fpn_1"", ""fpn_0""]","{""fpn_0"": [256, 288, 288], ""fpn_1"": [256, 144, 144], ""fpn_2"": [256, 72, 72]}","{""fpn_0"": [256, 72, 72], ""fpn_1"": [256, 72, 72], ""fpn_2"": [256, 72, 72]}",72,72,64,32,True,"[0.26891154050827026, -0.042122770100831985, -0.2504023313522339]","{""fpn_0"": 0.25559553503990173, ""fpn_1"": 0.3147805631160736, ""fpn_2"": 0.42962387204170227}","fpn_2=0.430,fpn_1=0.315,fpn_0=0.256",deterministic_kmeans,cosine,2,outputs/rwtd_sam3_auto/coarse_vs_fine_sam_scales/stage2/smoke_learned_global_gates_all_scales/checkpoint.pt,permutation_invariant_binary_partition,architexture_binary_v1,0.9732818783944595,0.9467711269765567
learned_global_gates_all_scales,test,26,185,"cluster_1->texture_a,cluster_0->texture_b",0.0392608642578125,0.7105647349872627,0.8530013831635174,0.7105647349872627,"[""fpn_2"", ""fpn_1"", ""fpn_0""]",fpn_2,"[""fpn_2"", ""fpn_1"", ""fpn_0""]","{""fpn_0"": [256, 288, 288], ""fpn_1"": [256, 144, 144], ""fpn_2"": [256, 72, 72]}","{""fpn_0"": [256, 72, 72], ""fpn_1"": [256, 72, 72], ""fpn_2"": [256, 72, 72]}",72,72,64,32,True,"[0.26891154050827026, -0.042122770100831985, -0.2504023313522339]","{""fpn_0"": 0.25559553503990173, ""fpn_1"": 0.3147805631160736, ""fpn_2"": 0.42962387204170227}","fpn_2=0.430,fpn_1=0.315,fpn_0=0.256",deterministic_kmeans,cosine,2,outputs/rwtd_sam3_auto/coarse_vs_fine_sam_scales/stage2/smoke_learned_global_gates_all_scales/checkpoint.pt,permutation_invariant_binary_partition,architexture_binary_v1,0.8530013831635174,0.7105647349872627
learned_global_gates_all_scales,test,27,186,"cluster_0->texture_a,cluster_1->texture_b",0.6967262757513969,0.41745762969359923,0.09439813109646522,0.41745762969359923,"[""fpn_2"", ""fpn_1"", ""fpn_0""]",fpn_2,"[""fpn_2"", ""fpn_1"", ""fpn_0""]","{""fpn_0"": [256, 288, 288], ""fpn_1"": [256, 144, 144], ""fpn_2"": [256, 72, 72]}","{""fpn_0"": [256, 72, 72], ""fpn_1"": [256, 72, 72], ""fpn_2"": [256, 72, 72]}",72,72,64,32,True,"[0.26891154050827026, -0.042122770100831985, -0.2504023313522339]","{""fpn_0"": 0.25559553503990173, ""fpn_1"": 0.3147805631160736, ""fpn_2"": 0.42962387204170227}","fpn_2=0.430,fpn_1=0.315,fpn_0=0.256",deterministic_kmeans,cosine,2,outputs/rwtd_sam3_auto/coarse_vs_fine_sam_scales/stage2/smoke_learned_global_gates_all_scales/checkpoint.pt,permutation_invariant_binary_partition,architexture_binary_v1,0.6967262757513969,0.41745762969359923
learned_global_gates_all_scales,test,28,189,"cluster_0->texture_a,cluster_1->texture_b",0.8945914000048337,0.8693391214467143,0.007279333673232939,0.8693391214467143,"[""fpn_2"", ""fpn_1"", ""fpn_0""]",fpn_2,"[""fpn_2"", ""fpn_1"", ""fpn_0""]","{""fpn_0"": [256, 288, 288], ""fpn_1"": [256, 144, 144], ""fpn_2"": [256, 72, 72]}","{""fpn_0"": [256, 72, 72], ""fpn_1"": [256, 72, 72], ""fpn_2"": [256, 72, 72]}",72,72,64,32,True,"[0.26891154050827026, -0.042122770100831985, -0.2504023313522339]","{""fpn_0"": 0.25559553503990173, ""fpn_1"": 0.3147805631160736, ""fpn_2"": 0.42962387204170227}","fpn_2=0.430,fpn_1=0.315,fpn_0=0.256",deterministic_kmeans,cosine,2,outputs/rwtd_sam3_auto/coarse_vs_fine_sam_scales/stage2/smoke_learned_global_gates_all_scales/checkpoint.pt,permutation_invariant_binary_partition,architexture_binary_v1,0.8945914000048337,0.8693391214467143
learned_global_gates_all_scales,test,29,194,"cluster_0->texture_a,cluster_1->texture_b",0.9680127217595741,0.936052912388969,0.00816384695149858,0.936052912388969,"[""fpn_2"", ""fpn_1"", ""fpn_0""]",fpn_2,"[""fpn_2"", ""fpn_1"", ""fpn_0""]","{""fpn_0"": [256, 288, 288], ""fpn_1"": [256, 144, 144], ""fpn_2"": [256, 72, 72]}","{""fpn_0"": [256, 72, 72], ""fpn_1"": [256, 72, 72], ""fpn_2"": [256, 72, 72]}",72,72,64,32,True,"[0.26891154050827026, -0.042122770100831985, -0.2504023313522339]","{""fpn_0"": 0.25559553503990173, ""fpn_1"": 0.3147805631160736, ""fpn_2"": 0.42962387204170227}","fpn_2=0.430,fpn_1=0.315,fpn_0=0.256",deterministic_kmeans,cosine,2,outputs/rwtd_sam3_auto/coarse_vs_fine_sam_scales/stage2/smoke_learned_global_gates_all_scales/checkpoint.pt,permutation_invariant_binary_partition,architexture_binary_v1,0.9680127217595741,0.936052912388969
learned_global_gates_all_scales,test,30,197,"cluster_0->texture_a,cluster_1->texture_b",0.970314684146086,0.942662749040256,0.007270504210208223,0.942662749040256,"[""fpn_2"", ""fpn_1"", ""fpn_0""]",fpn_2,"[""fpn_2"", ""fpn_1"", ""fpn_0""]","{""fpn_0"": [256, 288, 288], ""fpn_1"": [256, 144, 144], ""fpn_2"": [256, 72, 72]}","{""fpn_0"": [256, 72, 72], ""fpn_1"": [256, 72, 72], ""fpn_2"": [256, 72, 72]}",72,72,64,32,True,"[0.26891154050827026, -0.042122770100831985, -0.2504023313522339]","{""fpn_0"": 0.25559553503990173, ""fpn_1"": 0.3147805631160736, ""fpn_2"": 0.42962387204170227}","fpn_2=0.430,fpn_1=0.315,fpn_0=0.256",deterministic_kmeans,cosine,2,outputs/rwtd_sam3_auto/coarse_vs_fine_sam_scales/stage2/smoke_learned_global_gates_all_scales/checkpoint.pt,permutation_invariant_binary_partition,architexture_binary_v1,0.970314684146086,0.942662749040256
learned_global_gates_all_scales,test,31,2,"cluster_1->texture_a,cluster_0->texture_b",0.011062687640151624,0.9143217222291627,0.956711464065743,0.9143217222291627,"[""fpn_2"", ""fpn_1"", ""fpn_0""]",fpn_2,"[""fpn_2"", ""fpn_1"", ""fpn_0""]","{""fpn_0"": [256, 288, 288], ""fpn_1"": [256, 144, 144], ""fpn_2"": [256, 72, 72]}","{""fpn_0"": [256, 72, 72], ""fpn_1"": [256, 72, 72], ""fpn_2"": [256, 72, 72]}",72,72,64,32,True,"[0.26891154050827026, -0.042122770100831985, -0.2504023313522339]","{""fpn_0"": 0.25559553503990173, ""fpn_1"": 0.3147805631160736, ""fpn_2"": 0.42962387204170227}","fpn_2=0.430,fpn_1=0.315,fpn_0=0.256",deterministic_kmeans,cosine,2,outputs/rwtd_sam3_auto/coarse_vs_fine_sam_scales/stage2/smoke_learned_global_gates_all_scales/checkpoint.pt,permutation_invariant_binary_partition,architexture_binary_v1,0.956711464065743,0.9143217222291627
learned_global_gates_all_scales,test,32,200,"cluster_0->texture_a,cluster_1->texture_b",0.9564997092147558,0.9238671556190416,0.009545912102651448,0.9238671556190416,"[""fpn_2"", ""fpn_1"", ""fpn_0""]",fpn_2,"[""fpn_2"", ""fpn_1"", ""fpn_0""]","{""fpn_0"": [256, 288, 288], ""fpn_1"": [256, 144, 144], ""fpn_2"": [256, 72, 72]}","{""fpn_0"": [256, 72, 72], ""fpn_1"": [256, 72, 72], ""fpn_2"": [256, 72, 72]}",72,72,64,32,True,"[0.26891154050827026, -0.042122770100831985, -0.2504023313522339]","{""fpn_0"": 0.25559553503990173, ""fpn_1"": 0.3147805631160736, ""fpn_2"": 0.42962387204170227}","fpn_2=0.430,fpn_1=0.315,fpn_0=0.256",deterministic_kmeans,cosine,2,outputs/rwtd_sam3_auto/coarse_vs_fine_sam_scales/stage2/smoke_learned_global_gates_all_scales/checkpoint.pt,permutation_invariant_binary_partition,architexture_binary_v1,0.9564997092147558,0.9238671556190416
learned_global_gates_all_scales,test,33,201,"cluster_0->texture_a,cluster_1->texture_b",0.9710519120628083,0.9421451782787897,0.007346458143088553,0.9421451782787897,"[""fpn_2"", ""fpn_1"", ""fpn_0""]",fpn_2,"[""fpn_2"", ""fpn_1"", ""fpn_0""]","{""fpn_0"": [256, 288, 288], ""fpn_1"": [256, 144, 144], ""fpn_2"": [256, 72, 72]}","{""fpn_0"": [256, 72, 72], ""fpn_1"": [256, 72, 72], ""fpn_2"": [256, 72, 72]}",72,72,64,32,True,"[0.26891154050827026, -0.042122770100831985, -0.2504023313522339]","{""fpn_0"": 0.25559553503990173, ""fpn_1"": 0.3147805631160736, ""fpn_2"": 0.42962387204170227}","fpn_2=0.430,fpn_1=0.315,fpn_0=0.256",deterministic_kmeans,cosine,2,outputs/rwtd_sam3_auto/coarse_vs_fine_sam_scales/stage2/smoke_learned_global_gates_all_scales/checkpoint.pt,permutation_invariant_binary_partition,architexture_binary_v1,0.9710519120628083,0.9421451782787897
learned_global_gates_all_scales,test,34,202,"cluster_0->texture_a,cluster_1->texture_b",0.9684815925395114,0.9443998594355532,0.006958182344188526,0.9443998594355532,"[""fpn_2"", ""fpn_1"", ""fpn_0""]",fpn_2,"[""fpn_2"", ""fpn_1"", ""fpn_0""]","{""fpn_0"": [256, 288, 288], ""fpn_1"": [256, 144, 144], ""fpn_2"": [256, 72, 72]}","{""fpn_0"": [256, 72, 72], ""fpn_1"": [256, 72, 72], ""fpn_2"": [256, 72, 72]}",72,72,64,32,True,"[0.26891154050827026, -0.042122770100831985, -0.2504023313522339]","{""fpn_0"": 0.25559553503990173, ""fpn_1"": 0.3147805631160736, ""fpn_2"": 0.42962387204170227}","fpn_2=0.430,fpn_1=0.315,fpn_0=0.256",deterministic_kmeans,cosine,2,outputs/rwtd_sam3_auto/coarse_vs_fine_sam_scales/stage2/smoke_learned_global_gates_all_scales/checkpoint.pt,permutation_invariant_binary_partition,architexture_binary_v1,0.9684815925395114,0.9443998594355532
learned_global_gates_all_scales,test,35,205,"cluster_1->texture_a,cluster_0->texture_b",0.006938333005885738,0.9455777257132836,0.9724881635807874,0.9455777257132836,"[""fpn_2"", ""fpn_1"", ""fpn_0""]",fpn_2,"[""fpn_2"", ""fpn_1"", ""fpn_0""]","{""fpn_0"": [256, 288, 288], ""fpn_1"": [256, 144, 144], ""fpn_2"": [256, 72, 72]}","{""fpn_0"": [256, 72, 72], ""fpn_1"": [256, 72, 72], ""fpn_2"": [256, 72, 72]}",72,72,64,32,True,"[0.26891154050827026, -0.042122770100831985, -0.2504023313522339]","{""fpn_0"": 0.25559553503990173, ""fpn_1"": 0.3147805631160736, ""fpn_2"": 0.42962387204170227}","fpn_2=0.430,fpn_1=0.315,fpn_0=0.256",deterministic_kmeans,cosine,2,outputs/rwtd_sam3_auto/coarse_vs_fine_sam_scales/stage2/smoke_learned_global_gates_all_scales/checkpoint.pt,permutation_invariant_binary_partition,architexture_binary_v1,0.9724881635807874,0.9455777257132836
learned_global_gates_all_scales,test,36,207,"cluster_1->texture_a,cluster_0->texture_b",0.00852203369140625,0.932983990113518,0.9663666178198982,0.932983990113518,"[""fpn_2"", ""fpn_1"", ""fpn_0""]",fpn_2,"[""fpn_2"", ""fpn_1"", ""fpn_0""]","{""fpn_0"": [256, 288, 288], ""fpn_1"": [256, 144, 144], ""fpn_2"": [256, 72, 72]}","{""fpn_0"": [256, 72, 72], ""fpn_1"": [256, 72, 72], ""fpn_2"": [256, 72, 72]}",72,72,64,32,True,"[0.26891154050827026, -0.042122770100831985, -0.2504023313522339]","{""fpn_0"": 0.25559553503990173, ""fpn_1"": 0.3147805631160736, ""fpn_2"": 0.42962387204170227}","fpn_2=0.430,fpn_1=0.315,fpn_0=0.256",deterministic_kmeans,cosine,2,outputs/rwtd_sam3_auto/coarse_vs_fine_sam_scales/stage2/smoke_learned_global_gates_all_scales/checkpoint.pt,permutation_invariant_binary_partition,architexture_binary_v1,0.9663666178198982,0.932983990113518
learned_global_gates_all_scales,test,37,210,"cluster_0->texture_a,cluster_1->texture_b",0.9670201377675531,0.9346887336633918,0.008362988881692134,0.9346887336633918,"[""fpn_2"", ""fpn_1"", ""fpn_0""]",fpn_2,"[""fpn_2"", ""fpn_1"", ""fpn_0""]","{""fpn_0"": [256, 288, 288], ""fpn_1"": [256, 144, 144], ""fpn_2"": [256, 72, 72]}","{""fpn_0"": [256, 72, 72], ""fpn_1"": [256, 72, 72], ""fpn_2"": [256, 72, 72]}",72,72,64,32,True,"[0.26891154050827026, -0.042122770100831985, -0.2504023313522339]","{""fpn_0"": 0.25559553503990173, ""fpn_1"": 0.3147805631160736, ""fpn_2"": 0.42962387204170227}","fpn_2=0.430,fpn_1=0.315,fpn_0=0.256",deterministic_kmeans,cosine,2,outputs/rwtd_sam3_auto/coarse_vs_fine_sam_scales/stage2/smoke_learned_global_gates_all_scales/checkpoint.pt,permutation_invariant_binary_partition,architexture_binary_v1,0.9670201377675531,0.9346887336633918
learned_global_gates_all_scales,test,38,213,"cluster_0->texture_a,cluster_1->texture_b",0.9883255076514847,0.9771122969602944,0.002878932470968446,0.9771122969602944,"[""fpn_2"", ""fpn_1"", ""fpn_0""]",fpn_2,"[""fpn_2"", ""fpn_1"", ""fpn_0""]","{""fpn_0"": [256, 288, 288], ""fpn_1"": [256, 144, 144], ""fpn_2"": [256, 72, 72]}","{""fpn_0"": [256, 72, 72], ""fpn_1"": [256, 72, 72], ""fpn_2"": [256, 72, 72]}",72,72,64,32,True,"[0.26891154050827026, -0.042122770100831985, -0.2504023313522339]","{""fpn_0"": 0.25559553503990173, ""fpn_1"": 0.3147805631160736, ""fpn_2"": 0.42962387204170227}","fpn_2=0.430,fpn_1=0.315,fpn_0=0.256",deterministic_kmeans,cosine,2,outputs/rwtd_sam3_auto/coarse_vs_fine_sam_scales/stage2/smoke_learned_global_gates_all_scales/checkpoint.pt,permutation_invariant_binary_partition,architexture_binary_v1,0.9883255076514847,0.9771122969602944
learned_global_gates_all_scales,test,39,214,"cluster_1->texture_a,cluster_0->texture_b",0.005623379377932495,0.955516919533726,0.9775142859587791,0.955516919533726,"[""fpn_2"", ""fpn_1"", ""fpn_0""]",fpn_2,"[""fpn_2"", ""fpn_1"", ""fpn_0""]","{""fpn_0"": [256, 288, 288], ""fpn_1"": [256, 144, 144], ""fpn_2"": [256, 72, 72]}","{""fpn_0"": [256, 72, 72], ""fpn_1"": [256, 72, 72], ""fpn_2"": [256, 72, 72]}",72,72,64,32,True,"[0.26891154050827026, -0.042122770100831985, -0.2504023313522339]","{""fpn_0"": 0.25559553503990173, ""fpn_1"": 0.3147805631160736, ""fpn_2"": 0.42962387204170227}","fpn_2=0.430,fpn_1=0.315,fpn_0=0.256",deterministic_kmeans,cosine,2,outputs/rwtd_sam3_auto/coarse_vs_fine_sam_scales/stage2/smoke_learned_global_gates_all_scales/checkpoint.pt,permutation_invariant_binary_partition,architexture_binary_v1,0.9775142859587791,0.955516919533726
learned_global_gates_all_scales,test,40,215,"cluster_1->texture_a,cluster_0->texture_b",0.00374603271484375,0.9702330385703275,0.9847095967515082,0.9702330385703275,"[""fpn_2"", ""fpn_1"", ""fpn_0""]",fpn_2,"[""fpn_2"", ""fpn_1"", ""fpn_0""]","{""fpn_0"": [256, 288, 288], ""fpn_1"": [256, 144, 144], ""fpn_2"": [256, 72, 72]}","{""fpn_0"": [256, 72, 72], ""fpn_1"": [256, 72, 72], ""fpn_2"": [256, 72, 72]}",72,72,64,32,True,"[0.26891154050827026, -0.042122770100831985, -0.2504023313522339]","{""fpn_0"": 0.25559553503990173, ""fpn_1"": 0.3147805631160736, ""fpn_2"": 0.42962387204170227}","fpn_2=0.430,fpn_1=0.315,fpn_0=0.256",deterministic_kmeans,cosine,2,outputs/rwtd_sam3_auto/coarse_vs_fine_sam_scales/stage2/smoke_learned_global_gates_all_scales/checkpoint.pt,permutation_invariant_binary_partition,architexture_binary_v1,0.9847095967515082,0.9702330385703275
learned_global_gates_all_scales,test,41,216,"cluster_1->texture_a,cluster_0->texture_b",0.04000915038029798,0.7117023904870051,0.8549108181893793,0.7117023904870051,"[""fpn_2"", ""fpn_1"", ""fpn_0""]",fpn_2,"[""fpn_2"", ""fpn_1"", ""fpn_0""]","{""fpn_0"": [256, 288, 288], ""fpn_1"": [256, 144, 144], ""fpn_2"": [256, 72, 72]}","{""fpn_0"": [256, 72, 72], ""fpn_1"": [256, 72, 72], ""fpn_2"": [256, 72, 72]}",72,72,64,32,True,"[0.26891154050827026, -0.042122770100831985, -0.2504023313522339]","{""fpn_0"": 0.25559553503990173, ""fpn_1"": 0.3147805631160736, ""fpn_2"": 0.42962387204170227}","fpn_2=0.430,fpn_1=0.315,fpn_0=0.256",deterministic_kmeans,cosine,2,outputs/rwtd_sam3_auto/coarse_vs_fine_sam_scales/stage2/smoke_learned_global_gates_all_scales/checkpoint.pt,permutation_invariant_binary_partition,architexture_binary_v1,0.8549108181893793,0.7117023904870051
learned_global_gates_all_scales,test,42,219,"cluster_1->texture_a,cluster_0->texture_b",0.007001494699580915,0.9450486431520781,0.9723671230593784,0.9450486431520781,"[""fpn_2"", ""fpn_1"", ""fpn_0""]",fpn_2,"[""fpn_2"", ""fpn_1"", ""fpn_0""]","{""fpn_0"": [256, 288, 288], ""fpn_1"": [256, 144, 144], ""fpn_2"": [256, 72, 72]}","{""fpn_0"": [256, 72, 72], ""fpn_1"": [256, 72, 72], ""fpn_2"": [256, 72, 72]}",72,72,64,32,True,"[0.26891154050827026, -0.042122770100831985, -0.2504023313522339]","{""fpn_0"": 0.25559553503990173, ""fpn_1"": 0.3147805631160736, ""fpn_2"": 0.42962387204170227}","fpn_2=0.430,fpn_1=0.315,fpn_0=0.256",deterministic_kmeans,cosine,2,outputs/rwtd_sam3_auto/coarse_vs_fine_sam_scales/stage2/smoke_learned_global_gates_all_scales/checkpoint.pt,permutation_invariant_binary_partition,architexture_binary_v1,0.9723671230593784,0.9450486431520781
learned_global_gates_all_scales,test,43,22,"cluster_1->texture_a,cluster_0->texture_b",0.00765323121173957,0.9400098888653812,0.969766894004291,0.9400098888653812,"[""fpn_2"", ""fpn_1"", ""fpn_0""]",fpn_2,"[""fpn_2"", ""fpn_1"", ""fpn_0""]","{""fpn_0"": [256, 288, 288], ""fpn_1"": [256, 144, 144], ""fpn_2"": [256, 72, 72]}","{""fpn_0"": [256, 72, 72], ""fpn_1"": [256, 72, 72], ""fpn_2"": [256, 72, 72]}",72,72,64,32,True,"[0.26891154050827026, -0.042122770100831985, -0.2504023313522339]","{""fpn_0"": 0.25559553503990173, ""fpn_1"": 0.3147805631160736, ""fpn_2"": 0.42962387204170227}","fpn_2=0.430,fpn_1=0.315,fpn_0=0.256",deterministic_kmeans,cosine,2,outputs/rwtd_sam3_auto/coarse_vs_fine_sam_scales/stage2/smoke_learned_global_gates_all_scales/checkpoint.pt,permutation_invariant_binary_partition,architexture_binary_v1,0.969766894004291,0.9400098888653812
learned_global_gates_all_scales,test,44,221,"cluster_1->texture_a,cluster_0->texture_b",0.002823177701525727,0.9776044493707698,0.9887859917495995,0.9776044493707698,"[""fpn_2"", ""fpn_1"", ""fpn_0""]",fpn_2,"[""fpn_2"", ""fpn_1"", ""fpn_0""]","{""fpn_0"": [256, 288, 288], ""fpn_1"": [256, 144, 144], ""fpn_2"": [256, 72, 72]}","{""fpn_0"": [256, 72, 72], ""fpn_1"": [256, 72, 72], ""fpn_2"": [256, 72, 72]}",72,72,64,32,True,"[0.26891154050827026, -0.042122770100831985, -0.2504023313522339]","{""fpn_0"": 0.25559553503990173, ""fpn_1"": 0.3147805631160736, ""fpn_2"": 0.42962387204170227}","fpn_2=0.430,fpn_1=0.315,fpn_0=0.256",deterministic_kmeans,cosine,2,outputs/rwtd_sam3_auto/coarse_vs_fine_sam_scales/stage2/smoke_learned_global_gates_all_scales/checkpoint.pt,permutation_invariant_binary_partition,architexture_binary_v1,0.9887859917495995,0.9776044493707698
learned_global_gates_all_scales,test,45,222,"cluster_1->texture_a,cluster_0->texture_b",0.0078013008470931965,0.9344253226614425,0.9589808502769708,0.9344253226614425,"[""fpn_2"", ""fpn_1"", ""fpn_0""]",fpn_2,"[""fpn_2"", ""fpn_1"", ""fpn_0""]","{""fpn_0"": [256, 288, 288], ""fpn_1"": [256, 144, 144], ""fpn_2"": [256, 72, 72]}","{""fpn_0"": [256, 72, 72], ""fpn_1"": [256, 72, 72], ""fpn_2"": [256, 72, 72]}",72,72,64,32,True,"[0.26891154050827026, -0.042122770100831985, -0.2504023313522339]","{""fpn_0"": 0.25559553503990173, ""fpn_1"": 0.3147805631160736, ""fpn_2"": 0.42962387204170227}","fpn_2=0.430,fpn_1=0.315,fpn_0=0.256",deterministic_kmeans,cosine,2,outputs/rwtd_sam3_auto/coarse_vs_fine_sam_scales/stage2/smoke_learned_global_gates_all_scales/checkpoint.pt,permutation_invariant_binary_partition,architexture_binary_v1,0.9589808502769708,0.9344253226614425
learned_global_gates_all_scales,test,46,224,"cluster_1->texture_a,cluster_0->texture_b",0.014833377347438625,0.8848654135444696,0.9422873582119999,0.8848654135444696,"[""fpn_2"", ""fpn_1"", ""fpn_0""]",fpn_2,"[""fpn_2"", ""fpn_1"", ""fpn_0""]","{""fpn_0"": [256, 288, 288], ""fpn_1"": [256, 144, 144], ""fpn_2"": [256, 72, 72]}","{""fpn_0"": [256, 72, 72], ""fpn_1"": [256, 72, 72], ""fpn_2"": [256, 72, 72]}",72,72,64,32,True,"[0.26891154050827026, -0.042122770100831985, -0.2504023313522339]","{""fpn_0"": 0.25559553503990173, ""fpn_1"": 0.3147805631160736, ""fpn_2"": 0.42962387204170227}","fpn_2=0.430,fpn_1=0.315,fpn_0=0.256",deterministic_kmeans,cosine,2,outputs/rwtd_sam3_auto/coarse_vs_fine_sam_scales/stage2/smoke_learned_global_gates_all_scales/checkpoint.pt,permutation_invariant_binary_partition,architexture_binary_v1,0.9422873582119999,0.8848654135444696
learned_global_gates_all_scales,test,47,229,"cluster_1->texture_a,cluster_0->texture_b",0.0054404222394658685,0.9569277517825083,0.9779318254801155,0.9569277517825083,"[""fpn_2"", ""fpn_1"", ""fpn_0""]",fpn_2,"[""fpn_2"", ""fpn_1"", ""fpn_0""]","{""fpn_0"": [256, 288, 288], ""fpn_1"": [256, 144, 144], ""fpn_2"": [256, 72, 72]}","{""fpn_0"": [256, 72, 72], ""fpn_1"": [256, 72, 72], ""fpn_2"": [256, 72, 72]}",72,72,64,32,True,"[0.26891154050827026, -0.042122770100831985, -0.2504023313522339]","{""fpn_0"": 0.25559553503990173, ""fpn_1"": 0.3147805631160736, ""fpn_2"": 0.42962387204170227}","fpn_2=0.430,fpn_1=0.315,fpn_0=0.256",deterministic_kmeans,cosine,2,outputs/rwtd_sam3_auto/coarse_vs_fine_sam_scales/stage2/smoke_learned_global_gates_all_scales/checkpoint.pt,permutation_invariant_binary_partition,architexture_binary_v1,0.9779318254801155,0.9569277517825083
learned_global_gates_all_scales,test,48,237,"cluster_1->texture_a,cluster_0->texture_b",0.005500569578156104,0.9565367906860917,0.9782457380912348,0.9565367906860917,"[""fpn_2"", ""fpn_1"", ""fpn_0""]",fpn_2,"[""fpn_2"", ""fpn_1"", ""fpn_0""]","{""fpn_0"": [256, 288, 288], ""fpn_1"": [256, 144, 144], ""fpn_2"": [256, 72, 72]}","{""fpn_0"": [256, 72, 72], ""fpn_1"": [256, 72, 72], ""fpn_2"": [256, 72, 72]}",72,72,64,32,True,"[0.26891154050827026, -0.042122770100831985, -0.2504023313522339]","{""fpn_0"": 0.25559553503990173, ""fpn_1"": 0.3147805631160736, ""fpn_2"": 0.42962387204170227}","fpn_2=0.430,fpn_1=0.315,fpn_0=0.256",deterministic_kmeans,cosine,2,outputs/rwtd_sam3_auto/coarse_vs_fine_sam_scales/stage2/smoke_learned_global_gates_all_scales/checkpoint.pt,permutation_invariant_binary_partition,architexture_binary_v1,0.9782457380912348,0.9565367906860917
learned_global_gates_all_scales,test,49,24,"cluster_0->texture_a,cluster_1->texture_b",0.9270316377315537,0.8946829414341659,0.011051154185137501,0.8946829414341659,"[""fpn_2"", ""fpn_1"", ""fpn_0""]",fpn_2,"[""fpn_2"", ""fpn_1"", ""fpn_0""]","{""fpn_0"": [256, 288, 288], ""fpn_1"": [256, 144, 144], ""fpn_2"": [256, 72, 72]}","{""fpn_0"": [256, 72, 72], ""fpn_1"": [256, 72, 72], ""fpn_2"": [256, 72, 72]}",72,72,64,32,True,"[0.26891154050827026, -0.042122770100831985, -0.2504023313522339]","{""fpn_0"": 0.25559553503990173, ""fpn_1"": 0.3147805631160736, ""fpn_2"": 0.42962387204170227}","fpn_2=0.430,fpn_1=0.315,fpn_0=0.256",deterministic_kmeans,cosine,2,outputs/rwtd_sam3_auto/coarse_vs_fine_sam_scales/stage2/smoke_learned_global_gates_all_scales/checkpoint.pt,permutation_invariant_binary_partition,architexture_binary_v1,0.9270316377315537,0.8946829414341659
learned_global_gates_all_scales,test,50,240,"cluster_1->texture_a,cluster_0->texture_b",0.0034437161790590682,0.9726421248136236,0.985955039539959,0.9726421248136236,"[""fpn_2"", ""fpn_1"", ""fpn_0""]",fpn_2,"[""fpn_2"", ""fpn_1"", ""fpn_0""]","{""fpn_0"": [256, 288, 288], ""fpn_1"": [256, 144, 144], ""fpn_2"": [256, 72, 72]}","{""fpn_0"": [256, 72, 72], ""fpn_1"": [256, 72, 72], ""fpn_2"": [256, 72, 72]}",72,72,64,32,True,"[0.26891154050827026, -0.042122770100831985, -0.2504023313522339]","{""fpn_0"": 0.25559553503990173, ""fpn_1"": 0.3147805631160736, ""fpn_2"": 0.42962387204170227}","fpn_2=0.430,fpn_1=0.315,fpn_0=0.256",deterministic_kmeans,cosine,2,outputs/rwtd_sam3_auto/coarse_vs_fine_sam_scales/stage2/smoke_learned_global_gates_all_scales/checkpoint.pt,permutation_invariant_binary_partition,architexture_binary_v1,0.985955039539959,0.9726421248136236
learned_global_gates_all_scales,test,51,244,"cluster_0->texture_a,cluster_1->texture_b",0.8804125637993101,0.7989762146411493,0.025317311892667865,0.7989762146411493,"[""fpn_2"", ""fpn_1"", ""fpn_0""]",fpn_2,"[""fpn_2"", ""fpn_1"", ""fpn_0""]","{""fpn_0"": [256, 288, 288], ""fpn_1"": [256, 144, 144], ""fpn_2"": [256, 72, 72]}","{""fpn_0"": [256, 72, 72], ""fpn_1"": [256, 72, 72], ""fpn_2"": [256, 72, 72]}",72,72,64,32,True,"[0.26891154050827026, -0.042122770100831985, -0.2504023313522339]","{""fpn_0"": 0.25559553503990173, ""fpn_1"": 0.3147805631160736, ""fpn_2"": 0.42962387204170227}","fpn_2=0.430,fpn_1=0.315,fpn_0=0.256",deterministic_kmeans,cosine,2,outputs/rwtd_sam3_auto/coarse_vs_fine_sam_scales/stage2/smoke_learned_global_gates_all_scales/checkpoint.pt,permutation_invariant_binary_partition,architexture_binary_v1,0.8804125637993101,0.7989762146411493
learned_global_gates_all_scales,test,52,245,"cluster_1->texture_a,cluster_0->texture_b",0.007609764239582807,0.9396558696140362,0.9672287610491244,0.9396558696140362,"[""fpn_2"", ""fpn_1"", ""fpn_0""]",fpn_2,"[""fpn_2"", ""fpn_1"", ""fpn_0""]","{""fpn_0"": [256, 288, 288], ""fpn_1"": [256, 144, 144], ""fpn_2"": [256, 72, 72]}","{""fpn_0"": [256, 72, 72], ""fpn_1"": [256, 72, 72], ""fpn_2"": [256, 72, 72]}",72,72,64,32,True,"[0.26891154050827026, -0.042122770100831985, -0.2504023313522339]","{""fpn_0"": 0.25559553503990173, ""fpn_1"": 0.3147805631160736, ""fpn_2"": 0.42962387204170227}","fpn_2=0.430,fpn_1=0.315,fpn_0=0.256",deterministic_kmeans,cosine,2,outputs/rwtd_sam3_auto/coarse_vs_fine_sam_scales/stage2/smoke_learned_global_gates_all_scales/checkpoint.pt,permutation_invariant_binary_partition,architexture_binary_v1,0.9672287610491244,0.9396558696140362
learned_global_gates_all_scales,test,53,246,"cluster_1->texture_a,cluster_0->texture_b",0.0055612753984756805,0.9562379789837435,0.9780522350867886,0.9562379789837435,"[""fpn_2"", ""fpn_1"", ""fpn_0""]",fpn_2,"[""fpn_2"", ""fpn_1"", ""fpn_0""]","{""fpn_0"": [256, 288, 288], ""fpn_1"": [256, 144, 144], ""fpn_2"": [256, 72, 72]}","{""fpn_0"": [256, 72, 72], ""fpn_1"": [256, 72, 72], ""fpn_2"": [256, 72, 72]}",72,72,64,32,True,"[0.26891154050827026, -0.042122770100831985, -0.2504023313522339]","{""fpn_0"": 0.25559553503990173, ""fpn_1"": 0.3147805631160736, ""fpn_2"": 0.42962387204170227}","fpn_2=0.430,fpn_1=0.315,fpn_0=0.256",deterministic_kmeans,cosine,2,outputs/rwtd_sam3_auto/coarse_vs_fine_sam_scales/stage2/smoke_learned_global_gates_all_scales/checkpoint.pt,permutation_invariant_binary_partition,architexture_binary_v1,0.9780522350867886,0.9562379789837435
learned_global_gates_all_scales,test,54,247,"cluster_0->texture_a,cluster_1->texture_b",0.8733551012412705,0.7478825403923988,0.0337982177734375,0.7478825403923988,"[""fpn_2"", ""fpn_1"", ""fpn_0""]",fpn_2,"[""fpn_2"", ""fpn_1"", ""fpn_0""]","{""fpn_0"": [256, 288, 288], ""fpn_1"": [256, 144, 144], ""fpn_2"": [256, 72, 72]}","{""fpn_0"": [256, 72, 72], ""fpn_1"": [256, 72, 72], ""fpn_2"": [256, 72, 72]}",72,72,64,32,True,"[0.26891154050827026, -0.042122770100831985, -0.2504023313522339]","{""fpn_0"": 0.25559553503990173, ""fpn_1"": 0.3147805631160736, ""fpn_2"": 0.42962387204170227}","fpn_2=0.430,fpn_1=0.315,fpn_0=0.256",deterministic_kmeans,cosine,2,outputs/rwtd_sam3_auto/coarse_vs_fine_sam_scales/stage2/smoke_learned_global_gates_all_scales/checkpoint.pt,permutation_invariant_binary_partition,architexture_binary_v1,0.8733551012412705,0.7478825403923988
learned_global_gates_all_scales,test,55,25,"cluster_0->texture_a,cluster_1->texture_b",0.9553862301844138,0.9145599408568578,0.010992883464576306,0.9145599408568578,"[""fpn_2"", ""fpn_1"", ""fpn_0""]",fpn_2,"[""fpn_2"", ""fpn_1"", ""fpn_0""]","{""fpn_0"": [256, 288, 288], ""fpn_1"": [256, 144, 144], ""fpn_2"": [256, 72, 72]}","{""fpn_0"": [256, 72, 72], ""fpn_1"": [256, 72, 72], ""fpn_2"": [256, 72, 72]}",72,72,64,32,True,"[0.26891154050827026, -0.042122770100831985, -0.2504023313522339]","{""fpn_0"": 0.25559553503990173, ""fpn_1"": 0.3147805631160736, ""fpn_2"": 0.42962387204170227}","fpn_2=0.430,fpn_1=0.315,fpn_0=0.256",deterministic_kmeans,cosine,2,outputs/rwtd_sam3_auto/coarse_vs_fine_sam_scales/stage2/smoke_learned_global_gates_all_scales/checkpoint.pt,permutation_invariant_binary_partition,architexture_binary_v1,0.9553862301844138,0.9145599408568578
learned_global_gates_all_scales,test,56,250,"cluster_1->texture_a,cluster_0->texture_b",0.011618239520476732,0.907923128189396,0.9473995492088626,0.907923128189396,"[""fpn_2"", ""fpn_1"", ""fpn_0""]",fpn_2,"[""fpn_2"", ""fpn_1"", ""fpn_0""]","{""fpn_0"": [256, 288, 288], ""fpn_1"": [256, 144, 144], ""fpn_2"": [256, 72, 72]}","{""fpn_0"": [256, 72, 72], ""fpn_1"": [256, 72, 72], ""fpn_2"": [256, 72, 72]}",72,72,64,32,True,"[0.26891154050827026, -0.042122770100831985, -0.2504023313522339]","{""fpn_0"": 0.25559553503990173, ""fpn_1"": 0.3147805631160736, ""fpn_2"": 0.42962387204170227}","fpn_2=0.430,fpn_1=0.315,fpn_0=0.256",deterministic_kmeans,cosine,2,outputs/rwtd_sam3_auto/coarse_vs_fine_sam_scales/stage2/smoke_learned_global_gates_all_scales/checkpoint.pt,permutation_invariant_binary_partition,architexture_binary_v1,0.9473995492088626,0.907923128189396
learned_global_gates_all_scales,test,57,251,"cluster_1->texture_a,cluster_0->texture_b",0.0083160400390625,0.9345771818380493,0.967279580132125,0.9345771818380493,"[""fpn_2"", ""fpn_1"", ""fpn_0""]",fpn_2,"[""fpn_2"", ""fpn_1"", ""fpn_0""]","{""fpn_0"": [256, 288, 288], ""fpn_1"": [256, 144, 144], ""fpn_2"": [256, 72, 72]}","{""fpn_0"": [256, 72, 72], ""fpn_1"": [256, 72, 72], ""fpn_2"": [256, 72, 72]}",72,72,64,32,True,"[0.26891154050827026, -0.042122770100831985, -0.2504023313522339]","{""fpn_0"": 0.25559553503990173, ""fpn_1"": 0.3147805631160736, ""fpn_2"": 0.42962387204170227}","fpn_2=0.430,fpn_1=0.315,fpn_0=0.256",deterministic_kmeans,cosine,2,outputs/rwtd_sam3_auto/coarse_vs_fine_sam_scales/stage2/smoke_learned_global_gates_all_scales/checkpoint.pt,permutation_invariant_binary_partition,architexture_binary_v1,0.967279580132125,0.9345771818380493
learned_global_gates_all_scales,test,58,253,"cluster_1->texture_a,cluster_0->texture_b",0.011083090831025443,0.9135266698507135,0.9552956783095412,0.9135266698507135,"[""fpn_2"", ""fpn_1"", ""fpn_0""]",fpn_2,"[""fpn_2"", ""fpn_1"", ""fpn_0""]","{""fpn_0"": [256, 288, 288], ""fpn_1"": [256, 144, 144], ""fpn_2"": [256, 72, 72]}","{""fpn_0"": [256, 72, 72], ""fpn_1"": [256, 72, 72], ""fpn_2"": [256, 72, 72]}",72,72,64,32,True,"[0.26891154050827026, -0.042122770100831985, -0.2504023313522339]","{""fpn_0"": 0.25559553503990173, ""fpn_1"": 0.3147805631160736, ""fpn_2"": 0.42962387204170227}","fpn_2=0.430,fpn_1=0.315,fpn_0=0.256",deterministic_kmeans,cosine,2,outputs/rwtd_sam3_auto/coarse_vs_fine_sam_scales/stage2/smoke_learned_global_gates_all_scales/checkpoint.pt,permutation_invariant_binary_partition,architexture_binary_v1,0.9552956783095412,0.9135266698507135
learned_global_gates_all_scales,test,59,254,"cluster_1->texture_a,cluster_0->texture_b",0.004182898409407548,0.9668266613643662,0.9832060549991632,0.9668266613643662,"[""fpn_2"", ""fpn_1"", ""fpn_0""]",fpn_2,"[""fpn_2"", ""fpn_1"", ""fpn_0""]","{""fpn_0"": [256, 288, 288], ""fpn_1"": [256, 144, 144], ""fpn_2"": [256, 72, 72]}","{""fpn_0"": [256, 72, 72], ""fpn_1"": [256, 72, 72], ""fpn_2"": [256, 72, 72]}",72,72,64,32,True,"[0.26891154050827026, -0.042122770100831985, -0.2504023313522339]","{""fpn_0"": 0.25559553503990173, ""fpn_1"": 0.3147805631160736, ""fpn_2"": 0.42962387204170227}","fpn_2=0.430,fpn_1=0.315,fpn_0=0.256",deterministic_kmeans,cosine,2,outputs/rwtd_sam3_auto/coarse_vs_fine_sam_scales/stage2/smoke_learned_global_gates_all_scales/checkpoint.pt,permutation_invariant_binary_partition,architexture_binary_v1,0.9832060549991632,0.9668266613643662
learned_global_gates_all_scales,test,60,256,"cluster_1->texture_a,cluster_0->texture_b",0.004302978515625,0.9658719010660074,0.982934718310368,0.9658719010660074,"[""fpn_2"", ""fpn_1"", ""fpn_0""]",fpn_2,"[""fpn_2"", ""fpn_1"", ""fpn_0""]","{""fpn_0"": [256, 288, 288], ""fpn_1"": [256, 144, 144], ""fpn_2"": [256, 72, 72]}","{""fpn_0"": [256, 72, 72], ""fpn_1"": [256, 72, 72], ""fpn_2"": [256, 72, 72]}",72,72,64,32,True,"[0.26891154050827026, -0.042122770100831985, -0.2504023313522339]","{""fpn_0"": 0.25559553503990173, ""fpn_1"": 0.3147805631160736, ""fpn_2"": 0.42962387204170227}","fpn_2=0.430,fpn_1=0.315,fpn_0=0.256",deterministic_kmeans,cosine,2,outputs/rwtd_sam3_auto/coarse_vs_fine_sam_scales/stage2/smoke_learned_global_gates_all_scales/checkpoint.pt,permutation_invariant_binary_partition,architexture_binary_v1,0.982934718310368,0.9658719010660074
learned_global_gates_all_scales,test,61,257,"cluster_0->texture_a,cluster_1->texture_b",0.9713162243926428,0.9462216417466429,0.006828822777120088,0.9462216417466429,"[""fpn_2"", ""fpn_1"", ""fpn_0""]",fpn_2,"[""fpn_2"", ""fpn_1"", ""fpn_0""]","{""fpn_0"": [256, 288, 288], ""fpn_1"": [256, 144, 144], ""fpn_2"": [256, 72, 72]}","{""fpn_0"": [256, 72, 72], ""fpn_1"": [256, 72, 72], ""fpn_2"": [256, 72, 72]}",72,72,64,32,True,"[0.26891154050827026, -0.042122770100831985, -0.2504023313522339]","{""fpn_0"": 0.25559553503990173, ""fpn_1"": 0.3147805631160736, ""fpn_2"": 0.42962387204170227}","fpn_2=0.430,fpn_1=0.315,fpn_0=0.256",deterministic_kmeans,cosine,2,outputs/rwtd_sam3_auto/coarse_vs_fine_sam_scales/stage2/smoke_learned_global_gates_all_scales/checkpoint.pt,permutation_invariant_binary_partition,architexture_binary_v1,0.9713162243926428,0.9462216417466429
learned_global_gates_all_scales,test,62,258,"cluster_1->texture_a,cluster_0->texture_b",0.014015364106415401,0.8918836722944046,0.945795196916867,0.8918836722944046,"[""fpn_2"", ""fpn_1"", ""fpn_0""]",fpn_2,"[""fpn_2"", ""fpn_1"", ""fpn_0""]","{""fpn_0"": [256, 288, 288], ""fpn_1"": [256, 144, 144], ""fpn_2"": [256, 72, 72]}","{""fpn_0"": [256, 72, 72], ""fpn_1"": [256, 72, 72], ""fpn_2"": [256, 72, 72]}",72,72,64,32,True,"[0.26891154050827026, -0.042122770100831985, -0.2504023313522339]","{""fpn_0"": 0.25559553503990173, ""fpn_1"": 0.3147805631160736, ""fpn_2"": 0.42962387204170227}","fpn_2=0.430,fpn_1=0.315,fpn_0=0.256",deterministic_kmeans,cosine,2,outputs/rwtd_sam3_auto/coarse_vs_fine_sam_scales/stage2/smoke_learned_global_gates_all_scales/checkpoint.pt,permutation_invariant_binary_partition,architexture_binary_v1,0.945795196916867,0.8918836722944046
learned_global_gates_all_scales,test,63,259,"cluster_0->texture_a,cluster_1->texture_b",0.960851893230432,0.9336040868558437,0.00817139838889209,0.9336040868558437,"[""fpn_2"", ""fpn_1"", ""fpn_0""]",fpn_2,"[""fpn_2"", ""fpn_1"", ""fpn_0""]","{""fpn_0"": [256, 288, 288], ""fpn_1"": [256, 144, 144], ""fpn_2"": [256, 72, 72]}","{""fpn_0"": [256, 72, 72], ""fpn_1"": [256, 72, 72], ""fpn_2"": [256, 72, 72]}",72,72,64,32,True,"[0.26891154050827026, -0.042122770100831985, -0.2504023313522339]","{""fpn_0"": 0.25559553503990173, ""fpn_1"": 0.3147805631160736, ""fpn_2"": 0.42962387204170227}","fpn_2=0.430,fpn_1=0.315,fpn_0=0.256",deterministic_kmeans,cosine,2,outputs/rwtd_sam3_auto/coarse_vs_fine_sam_scales/stage2/smoke_learned_global_gates_all_scales/checkpoint.pt,permutation_invariant_binary_partition,architexture_binary_v1,0.960851893230432,0.9336040868558437
learned_global_gates_all_scales,test,64,260,"cluster_0->texture_a,cluster_1->texture_b",0.9810947786488069,0.962216233968144,0.004790523026065058,0.962216233968144,"[""fpn_2"", ""fpn_1"", ""fpn_0""]",fpn_2,"[""fpn_2"", ""fpn_1"", ""fpn_0""]","{""fpn_0"": [256, 288, 288], ""fpn_1"": [256, 144, 144], ""fpn_2"": [256, 72, 72]}","{""fpn_0"": [256, 72, 72], ""fpn_1"": [256, 72, 72], ""fpn_2"": [256, 72, 72]}",72,72,64,32,True,"[0.26891154050827026, -0.042122770100831985, -0.2504023313522339]","{""fpn_0"": 0.25559553503990173, ""fpn_1"": 0.3147805631160736, ""fpn_2"": 0.42962387204170227}","fpn_2=0.430,fpn_1=0.315,fpn_0=0.256",deterministic_kmeans,cosine,2,outputs/rwtd_sam3_auto/coarse_vs_fine_sam_scales/stage2/smoke_learned_global_gates_all_scales/checkpoint.pt,permutation_invariant_binary_partition,architexture_binary_v1,0.9810947786488069,0.962216233968144
learned_global_gates_all_scales,test,65,261,"cluster_1->texture_a,cluster_0->texture_b",0.004102881073409648,0.967479409134104,0.9834209495277968,0.967479409134104,"[""fpn_2"", ""fpn_1"", ""fpn_0""]",fpn_2,"[""fpn_2"", ""fpn_1"", ""fpn_0""]","{""fpn_0"": [256, 288, 288], ""fpn_1"": [256, 144, 144], ""fpn_2"": [256, 72, 72]}","{""fpn_0"": [256, 72, 72], ""fpn_1"": [256, 72, 72], ""fpn_2"": [256, 72, 72]}",72,72,64,32,True,"[0.26891154050827026, -0.042122770100831985, -0.2504023313522339]","{""fpn_0"": 0.25559553503990173, ""fpn_1"": 0.3147805631160736, ""fpn_2"": 0.42962387204170227}","fpn_2=0.430,fpn_1=0.315,fpn_0=0.256",deterministic_kmeans,cosine,2,outputs/rwtd_sam3_auto/coarse_vs_fine_sam_scales/stage2/smoke_learned_global_gates_all_scales/checkpoint.pt,permutation_invariant_binary_partition,architexture_binary_v1,0.9834209495277968,0.967479409134104
learned_global_gates_all_scales,test,66,262,"cluster_1->texture_a,cluster_0->texture_b",0.0152740478515625,0.8815319752029844,0.9402419672369923,0.8815319752029844,"[""fpn_2"", ""fpn_1"", ""fpn_0""]",fpn_2,"[""fpn_2"", ""fpn_1"", ""fpn_0""]","{""fpn_0"": [256, 288, 288], ""fpn_1"": [256, 144, 144], ""fpn_2"": [256, 72, 72]}","{""fpn_0"": [256, 72, 72], ""fpn_1"": [256, 72, 72], ""fpn_2"": [256, 72, 72]}",72,72,64,32,True,"[0.26891154050827026, -0.042122770100831985, -0.2504023313522339]","{""fpn_0"": 0.25559553503990173, ""fpn_1"": 0.3147805631160736, ""fpn_2"": 0.42962387204170227}","fpn_2=0.430,fpn_1=0.315,fpn_0=0.256",deterministic_kmeans,cosine,2,outputs/rwtd_sam3_auto/coarse_vs_fine_sam_scales/stage2/smoke_learned_global_gates_all_scales/checkpoint.pt,permutation_invariant_binary_partition,architexture_binary_v1,0.9402419672369923,0.8815319752029844
learned_global_gates_all_scales,test,67,263,"cluster_1->texture_a,cluster_0->texture_b",0.0053896539307439345,0.9574321902617328,0.9786600625661918,0.9574321902617328,"[""fpn_2"", ""fpn_1"", ""fpn_0""]",fpn_2,"[""fpn_2"", ""fpn_1"", ""fpn_0""]","{""fpn_0"": [256, 288, 288], ""fpn_1"": [256, 144, 144], ""fpn_2"": [256, 72, 72]}","{""fpn_0"": [256, 72, 72], ""fpn_1"": [256, 72, 72], ""fpn_2"": [256, 72, 72]}",72,72,64,32,True,"[0.26891154050827026, -0.042122770100831985, -0.2504023313522339]","{""fpn_0"": 0.25559553503990173, ""fpn_1"": 0.3147805631160736, ""fpn_2"": 0.42962387204170227}","fpn_2=0.430,fpn_1=0.315,fpn_0=0.256",deterministic_kmeans,cosine,2,outputs/rwtd_sam3_auto/coarse_vs_fine_sam_scales/stage2/smoke_learned_global_gates_all_scales/checkpoint.pt,permutation_invariant_binary_partition,architexture_binary_v1,0.9786600625661918,0.9574321902617328
learned_global_gates_all_scales,test,68,265,"cluster_1->texture_a,cluster_0->texture_b",0.0667266845703125,0.5169520620057895,0.7148809989886464,0.5169520620057895,"[""fpn_2"", ""fpn_1"", ""fpn_0""]",fpn_2,"[""fpn_2"", ""fpn_1"", ""fpn_0""]","{""fpn_0"": [256, 288, 288], ""fpn_1"": [256, 144, 144], ""fpn_2"": [256, 72, 72]}","{""fpn_0"": [256, 72, 72], ""fpn_1"": [256, 72, 72], ""fpn_2"": [256, 72, 72]}",72,72,64,32,True,"[0.26891154050827026, -0.042122770100831985, -0.2504023313522339]","{""fpn_0"": 0.25559553503990173, ""fpn_1"": 0.3147805631160736, ""fpn_2"": 0.42962387204170227}","fpn_2=0.430,fpn_1=0.315,fpn_0=0.256",deterministic_kmeans,cosine,2,outputs/rwtd_sam3_auto/coarse_vs_fine_sam_scales/stage2/smoke_learned_global_gates_all_scales/checkpoint.pt,permutation_invariant_binary_partition,architexture_binary_v1,0.7148809989886464,0.5169520620057895
learned_global_gates_all_scales,test,69,268,"cluster_1->texture_a,cluster_0->texture_b",0.02825299087617293,0.7894616305425961,0.8939793310176164,0.7894616305425961,"[""fpn_2"", ""fpn_1"", ""fpn_0""]",fpn_2,"[""fpn_2"", ""fpn_1"", ""fpn_0""]","{""fpn_0"": [256, 288, 288], ""fpn_1"": [256, 144, 144], ""fpn_2"": [256, 72, 72]}","{""fpn_0"": [256, 72, 72], ""fpn_1"": [256, 72, 72], ""fpn_2"": [256, 72, 72]}",72,72,64,32,True,"[0.26891154050827026, -0.042122770100831985, -0.2504023313522339]","{""fpn_0"": 0.25559553503990173, ""fpn_1"": 0.3147805631160736, ""fpn_2"": 0.42962387204170227}","fpn_2=0.430,fpn_1=0.315,fpn_0=0.256",deterministic_kmeans,cosine,2,outputs/rwtd_sam3_auto/coarse_vs_fine_sam_scales/stage2/smoke_learned_global_gates_all_scales/checkpoint.pt,permutation_invariant_binary_partition,architexture_binary_v1,0.8939793310176164,0.7894616305425961
learned_global_gates_all_scales,test,70,269,"cluster_1->texture_a,cluster_0->texture_b",0.01955628174238234,0.8504139655775328,0.9250514604178102,0.8504139655775328,"[""fpn_2"", ""fpn_1"", ""fpn_0""]",fpn_2,"[""fpn_2"", ""fpn_1"", ""fpn_0""]","{""fpn_0"": [256, 288, 288], ""fpn_1"": [256, 144, 144], ""fpn_2"": [256, 72, 72]}","{""fpn_0"": [256, 72, 72], ""fpn_1"": [256, 72, 72], ""fpn_2"": [256, 72, 72]}",72,72,64,32,True,"[0.26891154050827026, -0.042122770100831985, -0.2504023313522339]","{""fpn_0"": 0.25559553503990173, ""fpn_1"": 0.3147805631160736, ""fpn_2"": 0.42962387204170227}","fpn_2=0.430,fpn_1=0.315,fpn_0=0.256",deterministic_kmeans,cosine,2,outputs/rwtd_sam3_auto/coarse_vs_fine_sam_scales/stage2/smoke_learned_global_gates_all_scales/checkpoint.pt,permutation_invariant_binary_partition,architexture_binary_v1,0.9250514604178102,0.8504139655775328
learned_global_gates_all_scales,test,71,27,"cluster_0->texture_a,cluster_1->texture_b",0.9186066051072262,0.8462744915678161,0.020286973244800194,0.8462744915678161,"[""fpn_2"", ""fpn_1"", ""fpn_0""]",fpn_2,"[""fpn_2"", ""fpn_1"", ""fpn_0""]","{""fpn_0"": [256, 288, 288], ""fpn_1"": [256, 144, 144], ""fpn_2"": [256, 72, 72]}","{""fpn_0"": [256, 72, 72], ""fpn_1"": [256, 72, 72], ""fpn_2"": [256, 72, 72]}",72,72,64,32,True,"[0.26891154050827026, -0.042122770100831985, -0.2504023313522339]","{""fpn_0"": 0.25559553503990173, ""fpn_1"": 0.3147805631160736, ""fpn_2"": 0.42962387204170227}","fpn_2=0.430,fpn_1=0.315,fpn_0=0.256",deterministic_kmeans,cosine,2,outputs/rwtd_sam3_auto/coarse_vs_fine_sam_scales/stage2/smoke_learned_global_gates_all_scales/checkpoint.pt,permutation_invariant_binary_partition,architexture_binary_v1,0.9186066051072262,0.8462744915678161
learned_global_gates_all_scales,test,72,270,"cluster_0->texture_a,cluster_1->texture_b",0.4268285595014274,0.06489439864946976,0.18595152146631516,0.06489439864946976,"[""fpn_2"", ""fpn_1"", ""fpn_0""]",fpn_2,"[""fpn_2"", ""fpn_1"", ""fpn_0""]","{""fpn_0"": [256, 288, 288], ""fpn_1"": [256, 144, 144], ""fpn_2"": [256, 72, 72]}","{""fpn_0"": [256, 72, 72], ""fpn_1"": [256, 72, 72], ""fpn_2"": [256, 72, 72]}",72,72,64,32,True,"[0.26891154050827026, -0.042122770100831985, -0.2504023313522339]","{""fpn_0"": 0.25559553503990173, ""fpn_1"": 0.3147805631160736, ""fpn_2"": 0.42962387204170227}","fpn_2=0.430,fpn_1=0.315,fpn_0=0.256",deterministic_kmeans,cosine,2,outputs/rwtd_sam3_auto/coarse_vs_fine_sam_scales/stage2/smoke_learned_global_gates_all_scales/checkpoint.pt,permutation_invariant_binary_partition,architexture_binary_v1,0.4268285595014274,0.06489439864946976
learned_global_gates_all_scales,test,73,274,"cluster_1->texture_a,cluster_0->texture_b",0.011545050209255125,0.909776759191124,0.9544450312642774,0.909776759191124,"[""fpn_2"", ""fpn_1"", ""fpn_0""]",fpn_2,"[""fpn_2"", ""fpn_1"", ""fpn_0""]","{""fpn_0"": [256, 288, 288], ""fpn_1"": [256, 144, 144], ""fpn_2"": [256, 72, 72]}","{""fpn_0"": [256, 72, 72], ""fpn_1"": [256, 72, 72], ""fpn_2"": [256, 72, 72]}",72,72,64,32,True,"[0.26891154050827026, -0.042122770100831985, -0.2504023313522339]","{""fpn_0"": 0.25559553503990173, ""fpn_1"": 0.3147805631160736, ""fpn_2"": 0.42962387204170227}","fpn_2=0.430,fpn_1=0.315,fpn_0=0.256",deterministic_kmeans,cosine,2,outputs/rwtd_sam3_auto/coarse_vs_fine_sam_scales/stage2/smoke_learned_global_gates_all_scales/checkpoint.pt,permutation_invariant_binary_partition,architexture_binary_v1,0.9544450312642774,0.909776759191124
learned_global_gates_all_scales,test,74,276,"cluster_0->texture_a,cluster_1->texture_b",0.948438630959036,0.9076332038410656,0.011778634749223079,0.9076332038410656,"[""fpn_2"", ""fpn_1"", ""fpn_0""]",fpn_2,"[""fpn_2"", ""fpn_1"", ""fpn_0""]","{""fpn_0"": [256, 288, 288], ""fpn_1"": [256, 144, 144], ""fpn_2"": [256, 72, 72]}","{""fpn_0"": [256, 72, 72], ""fpn_1"": [256, 72, 72], ""fpn_2"": [256, 72, 72]}",72,72,64,32,True,"[0.26891154050827026, -0.042122770100831985, -0.2504023313522339]","{""fpn_0"": 0.25559553503990173, ""fpn_1"": 0.3147805631160736, ""fpn_2"": 0.42962387204170227}","fpn_2=0.430,fpn_1=0.315,fpn_0=0.256",deterministic_kmeans,cosine,2,outputs/rwtd_sam3_auto/coarse_vs_fine_sam_scales/stage2/smoke_learned_global_gates_all_scales/checkpoint.pt,permutation_invariant_binary_partition,architexture_binary_v1,0.948438630959036,0.9076332038410656
learned_global_gates_all_scales,test,75,28,"cluster_1->texture_a,cluster_0->texture_b",0.022567768174948995,0.8308278869594988,0.9152420097239594,0.8308278869594988,"[""fpn_2"", ""fpn_1"", ""fpn_0""]",fpn_2,"[""fpn_2"", ""fpn_1"", ""fpn_0""]","{""fpn_0"": [256, 288, 288], ""fpn_1"": [256, 144, 144], ""fpn_2"": [256, 72, 72]}","{""fpn_0"": [256, 72, 72], ""fpn_1"": [256, 72, 72], ""fpn_2"": [256, 72, 72]}",72,72,64,32,True,"[0.26891154050827026, -0.042122770100831985, -0.2504023313522339]","{""fpn_0"": 0.25559553503990173, ""fpn_1"": 0.3147805631160736, ""fpn_2"": 0.42962387204170227}","fpn_2=0.430,fpn_1=0.315,fpn_0=0.256",deterministic_kmeans,cosine,2,outputs/rwtd_sam3_auto/coarse_vs_fine_sam_scales/stage2/smoke_learned_global_gates_all_scales/checkpoint.pt,permutation_invariant_binary_partition,architexture_binary_v1,0.9152420097239594,0.8308278869594988
learned_global_gates_all_scales,test,76,280,"cluster_0->texture_a,cluster_1->texture_b",0.804986947780512,0.6150478049967902,0.054281131368025516,0.6150478049967902,"[""fpn_2"", ""fpn_1"", ""fpn_0""]",fpn_2,"[""fpn_2"", ""fpn_1"", ""fpn_0""]","{""fpn_0"": [256, 288, 288], ""fpn_1"": [256, 144, 144], ""fpn_2"": [256, 72, 72]}","{""fpn_0"": [256, 72, 72], ""fpn_1"": [256, 72, 72], ""fpn_2"": [256, 72, 72]}",72,72,64,32,True,"[0.26891154050827026, -0.042122770100831985, -0.2504023313522339]","{""fpn_0"": 0.25559553503990173, ""fpn_1"": 0.3147805631160736, ""fpn_2"": 0.42962387204170227}","fpn_2=0.430,fpn_1=0.315,fpn_0=0.256",deterministic_kmeans,cosine,2,outputs/rwtd_sam3_auto/coarse_vs_fine_sam_scales/stage2/smoke_learned_global_gates_all_scales/checkpoint.pt,permutation_invariant_binary_partition,architexture_binary_v1,0.804986947780512,0.6150478049967902
learned_global_gates_all_scales,test,77,281,"cluster_1->texture_a,cluster_0->texture_b",0.013075272034235733,0.8984664332692769,0.9490316349178711,0.8984664332692769,"[""fpn_2"", ""fpn_1"", ""fpn_0""]",fpn_2,"[""fpn_2"", ""fpn_1"", ""fpn_0""]","{""fpn_0"": [256, 288, 288], ""fpn_1"": [256, 144, 144], ""fpn_2"": [256, 72, 72]}","{""fpn_0"": [256, 72, 72], ""fpn_1"": [256, 72, 72], ""fpn_2"": [256, 72, 72]}",72,72,64,32,True,"[0.26891154050827026, -0.042122770100831985, -0.2504023313522339]","{""fpn_0"": 0.25559553503990173, ""fpn_1"": 0.3147805631160736, ""fpn_2"": 0.42962387204170227}","fpn_2=0.430,fpn_1=0.315,fpn_0=0.256",deterministic_kmeans,cosine,2,outputs/rwtd_sam3_auto/coarse_vs_fine_sam_scales/stage2/smoke_learned_global_gates_all_scales/checkpoint.pt,permutation_invariant_binary_partition,architexture_binary_v1,0.9490316349178711,0.8984664332692769
learned_global_gates_all_scales,test,78,282,"cluster_1->texture_a,cluster_0->texture_b",0.014485640369301044,0.8885384141772933,0.9438407728898583,0.8885384141772933,"[""fpn_2"", ""fpn_1"", ""fpn_0""]",fpn_2,"[""fpn_2"", ""fpn_1"", ""fpn_0""]","{""fpn_0"": [256, 288, 288], ""fpn_1"": [256, 144, 144], ""fpn_2"": [256, 72, 72]}","{""fpn_0"": [256, 72, 72], ""fpn_1"": [256, 72, 72], ""fpn_2"": [256, 72, 72]}",72,72,64,32,True,"[0.26891154050827026, -0.042122770100831985, -0.2504023313522339]","{""fpn_0"": 0.25559553503990173, ""fpn_1"": 0.3147805631160736, ""fpn_2"": 0.42962387204170227}","fpn_2=0.430,fpn_1=0.315,fpn_0=0.256",deterministic_kmeans,cosine,2,outputs/rwtd_sam3_auto/coarse_vs_fine_sam_scales/stage2/smoke_learned_global_gates_all_scales/checkpoint.pt,permutation_invariant_binary_partition,architexture_binary_v1,0.9438407728898583,0.8885384141772933
learned_global_gates_all_scales,test,79,288,"cluster_1->texture_a,cluster_0->texture_b",0.02224367150868196,0.8222966245896195,0.8918883850397612,0.8222966245896195,"[""fpn_2"", ""fpn_1"", ""fpn_0""]",fpn_2,"[""fpn_2"", ""fpn_1"", ""fpn_0""]","{""fpn_0"": [256, 288, 288], ""fpn_1"": [256, 144, 144], ""fpn_2"": [256, 72, 72]}","{""fpn_0"": [256, 72, 72], ""fpn_1"": [256, 72, 72], ""fpn_2"": [256, 72, 72]}",72,72,64,32,True,"[0.26891154050827026, -0.042122770100831985, -0.2504023313522339]","{""fpn_0"": 0.25559553503990173, ""fpn_1"": 0.3147805631160736, ""fpn_2"": 0.42962387204170227}","fpn_2=0.430,fpn_1=0.315,fpn_0=0.256",deterministic_kmeans,cosine,2,outputs/rwtd_sam3_auto/coarse_vs_fine_sam_scales/stage2/smoke_learned_global_gates_all_scales/checkpoint.pt,permutation_invariant_binary_partition,architexture_binary_v1,0.8918883850397612,0.8222966245896195
learned_global_gates_all_scales,test,80,293,"cluster_1->texture_a,cluster_0->texture_b",0.013338792200702273,0.8668085511772432,0.9060598635494148,0.8668085511772432,"[""fpn_2"", ""fpn_1"", ""fpn_0""]",fpn_2,"[""fpn_2"", ""fpn_1"", ""fpn_0""]","{""fpn_0"": [256, 288, 288], ""fpn_1"": [256, 144, 144], ""fpn_2"": [256, 72, 72]}","{""fpn_0"": [256, 72, 72], ""fpn_1"": [256, 72, 72], ""fpn_2"": [256, 72, 72]}",72,72,64,32,True,"[0.26891154050827026, -0.042122770100831985, -0.2504023313522339]","{""fpn_0"": 0.25559553503990173, ""fpn_1"": 0.3147805631160736, ""fpn_2"": 0.42962387204170227}","fpn_2=0.430,fpn_1=0.315,fpn_0=0.256",deterministic_kmeans,cosine,2,outputs/rwtd_sam3_auto/coarse_vs_fine_sam_scales/stage2/smoke_learned_global_gates_all_scales/checkpoint.pt,permutation_invariant_binary_partition,architexture_binary_v1,0.9060598635494148,0.8668085511772432
learned_global_gates_all_scales,test,81,294,"cluster_0->texture_a,cluster_1->texture_b",0.9652618842428755,0.9314976592595392,0.008728735769827007,0.9314976592595392,"[""fpn_2"", ""fpn_1"", ""fpn_0""]",fpn_2,"[""fpn_2"", ""fpn_1"", ""fpn_0""]","{""fpn_0"": [256, 288, 288], ""fpn_1"": [256, 144, 144], ""fpn_2"": [256, 72, 72]}","{""fpn_0"": [256, 72, 72], ""fpn_1"": [256, 72, 72], ""fpn_2"": [256, 72, 72]}",72,72,64,32,True,"[0.26891154050827026, -0.042122770100831985, -0.2504023313522339]","{""fpn_0"": 0.25559553503990173, ""fpn_1"": 0.3147805631160736, ""fpn_2"": 0.42962387204170227}","fpn_2=0.430,fpn_1=0.315,fpn_0=0.256",deterministic_kmeans,cosine,2,outputs/rwtd_sam3_auto/coarse_vs_fine_sam_scales/stage2/smoke_learned_global_gates_all_scales/checkpoint.pt,permutation_invariant_binary_partition,architexture_binary_v1,0.9652618842428755,0.9314976592595392
learned_global_gates_all_scales,test,82,299,"cluster_0->texture_a,cluster_1->texture_b",0.9525271111351634,0.9055373331793378,0.012243196772658565,0.9055373331793378,"[""fpn_2"", ""fpn_1"", ""fpn_0""]",fpn_2,"[""fpn_2"", ""fpn_1"", ""fpn_0""]","{""fpn_0"": [256, 288, 288], ""fpn_1"": [256, 144, 144], ""fpn_2"": [256, 72, 72]}","{""fpn_0"": [256, 72, 72], ""fpn_1"": [256, 72, 72], ""fpn_2"": [256, 72, 72]}",72,72,64,32,True,"[0.26891154050827026, -0.042122770100831985, -0.2504023313522339]","{""fpn_0"": 0.25559553503990173, ""fpn_1"": 0.3147805631160736, ""fpn_2"": 0.42962387204170227}","fpn_2=0.430,fpn_1=0.315,fpn_0=0.256",deterministic_kmeans,cosine,2,outputs/rwtd_sam3_auto/coarse_vs_fine_sam_scales/stage2/smoke_learned_global_gates_all_scales/checkpoint.pt,permutation_invariant_binary_partition,architexture_binary_v1,0.9525271111351634,0.9055373331793378
learned_global_gates_all_scales,test,83,3,"cluster_1->texture_a,cluster_0->texture_b",0.044373289308993445,0.6720195292621968,0.8114051883869604,0.6720195292621968,"[""fpn_2"", ""fpn_1"", ""fpn_0""]",fpn_2,"[""fpn_2"", ""fpn_1"", ""fpn_0""]","{""fpn_0"": [256, 288, 288], ""fpn_1"": [256, 144, 144], ""fpn_2"": [256, 72, 72]}","{""fpn_0"": [256, 72, 72], ""fpn_1"": [256, 72, 72], ""fpn_2"": [256, 72, 72]}",72,72,64,32,True,"[0.26891154050827026, -0.042122770100831985, -0.2504023313522339]","{""fpn_0"": 0.25559553503990173, ""fpn_1"": 0.3147805631160736, ""fpn_2"": 0.42962387204170227}","fpn_2=0.430,fpn_1=0.315,fpn_0=0.256",deterministic_kmeans,cosine,2,outputs/rwtd_sam3_auto/coarse_vs_fine_sam_scales/stage2/smoke_learned_global_gates_all_scales/checkpoint.pt,permutation_invariant_binary_partition,architexture_binary_v1,0.8114051883869604,0.6720195292621968
learned_global_gates_all_scales,test,84,30,"cluster_0->texture_a,cluster_1->texture_b",0.9211920063295667,0.8436100188858245,0.02079961914204162,0.8436100188858245,"[""fpn_2"", ""fpn_1"", ""fpn_0""]",fpn_2,"[""fpn_2"", ""fpn_1"", ""fpn_0""]","{""fpn_0"": [256, 288, 288], ""fpn_1"": [256, 144, 144], ""fpn_2"": [256, 72, 72]}","{""fpn_0"": [256, 72, 72], ""fpn_1"": [256, 72, 72], ""fpn_2"": [256, 72, 72]}",72,72,64,32,True,"[0.26891154050827026, -0.042122770100831985, -0.2504023313522339]","{""fpn_0"": 0.25559553503990173, ""fpn_1"": 0.3147805631160736, ""fpn_2"": 0.42962387204170227}","fpn_2=0.430,fpn_1=0.315,fpn_0=0.256",deterministic_kmeans,cosine,2,outputs/rwtd_sam3_auto/coarse_vs_fine_sam_scales/stage2/smoke_learned_global_gates_all_scales/checkpoint.pt,permutation_invariant_binary_partition,architexture_binary_v1,0.9211920063295667,0.8436100188858245
learned_global_gates_all_scales,test,85,300,"cluster_1->texture_a,cluster_0->texture_b",0.0026787135699159813,0.9786878386250953,0.9892134531642798,0.9786878386250953,"[""fpn_2"", ""fpn_1"", ""fpn_0""]",fpn_2,"[""fpn_2"", ""fpn_1"", ""fpn_0""]","{""fpn_0"": [256, 288, 288], ""fpn_1"": [256, 144, 144], ""fpn_2"": [256, 72, 72]}","{""fpn_0"": [256, 72, 72], ""fpn_1"": [256, 72, 72], ""fpn_2"": [256, 72, 72]}",72,72,64,32,True,"[0.26891154050827026, -0.042122770100831985, -0.2504023313522339]","{""fpn_0"": 0.25559553503990173, ""fpn_1"": 0.3147805631160736, ""fpn_2"": 0.42962387204170227}","fpn_2=0.430,fpn_1=0.315,fpn_0=0.256",deterministic_kmeans,cosine,2,outputs/rwtd_sam3_auto/coarse_vs_fine_sam_scales/stage2/smoke_learned_global_gates_all_scales/checkpoint.pt,permutation_invariant_binary_partition,architexture_binary_v1,0.9892134531642798,0.9786878386250953
learned_global_gates_all_scales,test,86,302,"cluster_0->texture_a,cluster_1->texture_b",0.9738077246321604,0.9480749124929481,0.006588851440351529,0.9480749124929481,"[""fpn_2"", ""fpn_1"", ""fpn_0""]",fpn_2,"[""fpn_2"", ""fpn_1"", ""fpn_0""]","{""fpn_0"": [256, 288, 288], ""fpn_1"": [256, 144, 144], ""fpn_2"": [256, 72, 72]}","{""fpn_0"": [256, 72, 72], ""fpn_1"": [256, 72, 72], ""fpn_2"": [256, 72, 72]}",72,72,64,32,True,"[0.26891154050827026, -0.042122770100831985, -0.2504023313522339]","{""fpn_0"": 0.25559553503990173, ""fpn_1"": 0.3147805631160736, ""fpn_2"": 0.42962387204170227}","fpn_2=0.430,fpn_1=0.315,fpn_0=0.256",deterministic_kmeans,cosine,2,outputs/rwtd_sam3_auto/coarse_vs_fine_sam_scales/stage2/smoke_learned_global_gates_all_scales/checkpoint.pt,permutation_invariant_binary_partition,architexture_binary_v1,0.9738077246321604,0.9480749124929481
learned_global_gates_all_scales,test,87,303,"cluster_1->texture_a,cluster_0->texture_b",0.004757274709331439,0.9620876257455518,0.979539829505705,0.9620876257455518,"[""fpn_2"", ""fpn_1"", ""fpn_0""]",fpn_2,"[""fpn_2"", ""fpn_1"", ""fpn_0""]","{""fpn_0"": [256, 288, 288], ""fpn_1"": [256, 144, 144], ""fpn_2"": [256, 72, 72]}","{""fpn_0"": [256, 72, 72], ""fpn_1"": [256, 72, 72], ""fpn_2"": [256, 72, 72]}",72,72,64,32,True,"[0.26891154050827026, -0.042122770100831985, -0.2504023313522339]","{""fpn_0"": 0.25559553503990173, ""fpn_1"": 0.3147805631160736, ""fpn_2"": 0.42962387204170227}","fpn_2=0.430,fpn_1=0.315,fpn_0=0.256",deterministic_kmeans,cosine,2,outputs/rwtd_sam3_auto/coarse_vs_fine_sam_scales/stage2/smoke_learned_global_gates_all_scales/checkpoint.pt,permutation_invariant_binary_partition,architexture_binary_v1,0.979539829505705,0.9620876257455518
learned_global_gates_all_scales,test,88,304,"cluster_1->texture_a,cluster_0->texture_b",0.05048450458185094,0.6412312743452715,0.7969797412653359,0.6412312743452715,"[""fpn_2"", ""fpn_1"", ""fpn_0""]",fpn_2,"[""fpn_2"", ""fpn_1"", ""fpn_0""]","{""fpn_0"": [256, 288, 288], ""fpn_1"": [256, 144, 144], ""fpn_2"": [256, 72, 72]}","{""fpn_0"": [256, 72, 72], ""fpn_1"": [256, 72, 72], ""fpn_2"": [256, 72, 72]}",72,72,64,32,True,"[0.26891154050827026, -0.042122770100831985, -0.2504023313522339]","{""fpn_0"": 0.25559553503990173, ""fpn_1"": 0.3147805631160736, ""fpn_2"": 0.42962387204170227}","fpn_2=0.430,fpn_1=0.315,fpn_0=0.256",deterministic_kmeans,cosine,2,outputs/rwtd_sam3_auto/coarse_vs_fine_sam_scales/stage2/smoke_learned_global_gates_all_scales/checkpoint.pt,permutation_invariant_binary_partition,architexture_binary_v1,0.7969797412653359,0.6412312743452715
learned_global_gates_all_scales,test,89,308,"cluster_0->texture_a,cluster_1->texture_b",0.9264572460650617,0.8896565712285222,0.01236216692525531,0.8896565712285222,"[""fpn_2"", ""fpn_1"", ""fpn_0""]",fpn_2,"[""fpn_2"", ""fpn_1"", ""fpn_0""]","{""fpn_0"": [256, 288, 288], ""fpn_1"": [256, 144, 144], ""fpn_2"": [256, 72, 72]}","{""fpn_0"": [256, 72, 72], ""fpn_1"": [256, 72, 72], ""fpn_2"": [256, 72, 72]}",72,72,64,32,True,"[0.26891154050827026, -0.042122770100831985, -0.2504023313522339]","{""fpn_0"": 0.25559553503990173, ""fpn_1"": 0.3147805631160736, ""fpn_2"": 0.42962387204170227}","fpn_2=0.430,fpn_1=0.315,fpn_0=0.256",deterministic_kmeans,cosine,2,outputs/rwtd_sam3_auto/coarse_vs_fine_sam_scales/stage2/smoke_learned_global_gates_all_scales/checkpoint.pt,permutation_invariant_binary_partition,architexture_binary_v1,0.9264572460650617,0.8896565712285222
learned_global_gates_all_scales,test,90,310,"cluster_0->texture_a,cluster_1->texture_b",0.9259317507477182,0.9057275574676052,0.006926488675874939,0.9057275574676052,"[""fpn_2"", ""fpn_1"", ""fpn_0""]",fpn_2,"[""fpn_2"", ""fpn_1"", ""fpn_0""]","{""fpn_0"": [256, 288, 288], ""fpn_1"": [256, 144, 144], ""fpn_2"": [256, 72, 72]}","{""fpn_0"": [256, 72, 72], ""fpn_1"": [256, 72, 72], ""fpn_2"": [256, 72, 72]}",72,72,64,32,True,"[0.26891154050827026, -0.042122770100831985, -0.2504023313522339]","{""fpn_0"": 0.25559553503990173, ""fpn_1"": 0.3147805631160736, ""fpn_2"": 0.42962387204170227}","fpn_2=0.430,fpn_1=0.315,fpn_0=0.256",deterministic_kmeans,cosine,2,outputs/rwtd_sam3_auto/coarse_vs_fine_sam_scales/stage2/smoke_learned_global_gates_all_scales/checkpoint.pt,permutation_invariant_binary_partition,architexture_binary_v1,0.9259317507477182,0.9057275574676052
learned_global_gates_all_scales,test,91,311,"cluster_0->texture_a,cluster_1->texture_b",0.8725734841220214,0.8291898428157658,0.013740545438978888,0.8291898428157658,"[""fpn_2"", ""fpn_1"", ""fpn_0""]",fpn_2,"[""fpn_2"", ""fpn_1"", ""fpn_0""]","{""fpn_0"": [256, 288, 288], ""fpn_1"": [256, 144, 144], ""fpn_2"": [256, 72, 72]}","{""fpn_0"": [256, 72, 72], ""fpn_1"": [256, 72, 72], ""fpn_2"": [256, 72, 72]}",72,72,64,32,True,"[0.26891154050827026, -0.042122770100831985, -0.2504023313522339]","{""fpn_0"": 0.25559553503990173, ""fpn_1"": 0.3147805631160736, ""fpn_2"": 0.42962387204170227}","fpn_2=0.430,fpn_1=0.315,fpn_0=0.256",deterministic_kmeans,cosine,2,outputs/rwtd_sam3_auto/coarse_vs_fine_sam_scales/stage2/smoke_learned_global_gates_all_scales/checkpoint.pt,permutation_invariant_binary_partition,architexture_binary_v1,0.8725734841220214,0.8291898428157658
learned_global_gates_all_scales,test,92,315,"cluster_0->texture_a,cluster_1->texture_b",0.9362530443181486,0.9201525387174403,0.005624299671815968,0.9201525387174403,"[""fpn_2"", ""fpn_1"", ""fpn_0""]",fpn_2,"[""fpn_2"", ""fpn_1"", ""fpn_0""]","{""fpn_0"": [256, 288, 288], ""fpn_1"": [256, 144, 144], ""fpn_2"": [256, 72, 72]}","{""fpn_0"": [256, 72, 72], ""fpn_1"": [256, 72, 72], ""fpn_2"": [256, 72, 72]}",72,72,64,32,True,"[0.26891154050827026, -0.042122770100831985, -0.2504023313522339]","{""fpn_0"": 0.25559553503990173, ""fpn_1"": 0.3147805631160736, ""fpn_2"": 0.42962387204170227}","fpn_2=0.430,fpn_1=0.315,fpn_0=0.256",deterministic_kmeans,cosine,2,outputs/rwtd_sam3_auto/coarse_vs_fine_sam_scales/stage2/smoke_learned_global_gates_all_scales/checkpoint.pt,permutation_invariant_binary_partition,architexture_binary_v1,0.9362530443181486,0.9201525387174403
learned_global_gates_all_scales,test,93,318,"cluster_0->texture_a,cluster_1->texture_b",0.9532939263618083,0.9269744508090014,0.008534947155741053,0.9269744508090014,"[""fpn_2"", ""fpn_1"", ""fpn_0""]",fpn_2,"[""fpn_2"", ""fpn_1"", ""fpn_0""]","{""fpn_0"": [256, 288, 288], ""fpn_1"": [256, 144, 144], ""fpn_2"": [256, 72, 72]}","{""fpn_0"": [256, 72, 72], ""fpn_1"": [256, 72, 72], ""fpn_2"": [256, 72, 72]}",72,72,64,32,True,"[0.26891154050827026, -0.042122770100831985, -0.2504023313522339]","{""fpn_0"": 0.25559553503990173, ""fpn_1"": 0.3147805631160736, ""fpn_2"": 0.42962387204170227}","fpn_2=0.430,fpn_1=0.315,fpn_0=0.256",deterministic_kmeans,cosine,2,outputs/rwtd_sam3_auto/coarse_vs_fine_sam_scales/stage2/smoke_learned_global_gates_all_scales/checkpoint.pt,permutation_invariant_binary_partition,architexture_binary_v1,0.9532939263618083,0.9269744508090014
learned_global_gates_all_scales,test,94,319,"cluster_1->texture_a,cluster_0->texture_b",0.16185642787055385,0.13098611563064466,0.5084781787632557,0.13098611563064466,"[""fpn_2"", ""fpn_1"", ""fpn_0""]",fpn_2,"[""fpn_2"", ""fpn_1"", ""fpn_0""]","{""fpn_0"": [256, 288, 288], ""fpn_1"": [256, 144, 144], ""fpn_2"": [256, 72, 72]}","{""fpn_0"": [256, 72, 72], ""fpn_1"": [256, 72, 72], ""fpn_2"": [256, 72, 72]}",72,72,64,32,True,"[0.26891154050827026, -0.042122770100831985, -0.2504023313522339]","{""fpn_0"": 0.25559553503990173, ""fpn_1"": 0.3147805631160736, ""fpn_2"": 0.42962387204170227}","fpn_2=0.430,fpn_1=0.315,fpn_0=0.256",deterministic_kmeans,cosine,2,outputs/rwtd_sam3_auto/coarse_vs_fine_sam_scales/stage2/smoke_learned_global_gates_all_scales/checkpoint.pt,permutation_invariant_binary_partition,architexture_binary_v1,0.5084781787632557,0.13098611563064466
learned_global_gates_all_scales,test,95,322,"cluster_1->texture_a,cluster_0->texture_b",0.00987075229298701,0.9230893934136661,0.9603682287220017,0.9230893934136661,"[""fpn_2"", ""fpn_1"", ""fpn_0""]",fpn_2,"[""fpn_2"", ""fpn_1"", ""fpn_0""]","{""fpn_0"": [256, 288, 288], ""fpn_1"": [256, 144, 144], ""fpn_2"": [256, 72, 72]}","{""fpn_0"": [256, 72, 72], ""fpn_1"": [256, 72, 72], ""fpn_2"": [256, 72, 72]}",72,72,64,32,True,"[0.26891154050827026, -0.042122770100831985, -0.2504023313522339]","{""fpn_0"": 0.25559553503990173, ""fpn_1"": 0.3147805631160736, ""fpn_2"": 0.42962387204170227}","fpn_2=0.430,fpn_1=0.315,fpn_0=0.256",deterministic_kmeans,cosine,2,outputs/rwtd_sam3_auto/coarse_vs_fine_sam_scales/stage2/smoke_learned_global_gates_all_scales/checkpoint.pt,permutation_invariant_binary_partition,architexture_binary_v1,0.9603682287220017,0.9230893934136661
learned_global_gates_all_scales,test,96,323,"cluster_1->texture_a,cluster_0->texture_b",0.02250752282544557,0.831606390291527,0.9154964008450741,0.831606390291527,"[""fpn_2"", ""fpn_1"", ""fpn_0""]",fpn_2,"[""fpn_2"", ""fpn_1"", ""fpn_0""]","{""fpn_0"": [256, 288, 288], ""fpn_1"": [256, 144, 144], ""fpn_2"": [256, 72, 72]}","{""fpn_0"": [256, 72, 72], ""fpn_1"": [256, 72, 72], ""fpn_2"": [256, 72, 72]}",72,72,64,32,True,"[0.26891154050827026, -0.042122770100831985, -0.2504023313522339]","{""fpn_0"": 0.25559553503990173, ""fpn_1"": 0.3147805631160736, ""fpn_2"": 0.42962387204170227}","fpn_2=0.430,fpn_1=0.315,fpn_0=0.256",deterministic_kmeans,cosine,2,outputs/rwtd_sam3_auto/coarse_vs_fine_sam_scales/stage2/smoke_learned_global_gates_all_scales/checkpoint.pt,permutation_invariant_binary_partition,architexture_binary_v1,0.9154964008450741,0.831606390291527
learned_global_gates_all_scales,test,97,324,"cluster_0->texture_a,cluster_1->texture_b",0.9318474670624284,0.8645961491433244,0.01782164420620726,0.8645961491433244,"[""fpn_2"", ""fpn_1"", ""fpn_0""]",fpn_2,"[""fpn_2"", ""fpn_1"", ""fpn_0""]","{""fpn_0"": [256, 288, 288], ""fpn_1"": [256, 144, 144], ""fpn_2"": [256, 72, 72]}","{""fpn_0"": [256, 72, 72], ""fpn_1"": [256, 72, 72], ""fpn_2"": [256, 72, 72]}",72,72,64,32,True,"[0.26891154050827026, -0.042122770100831985, -0.2504023313522339]","{""fpn_0"": 0.25559553503990173, ""fpn_1"": 0.3147805631160736, ""fpn_2"": 0.42962387204170227}","fpn_2=0.430,fpn_1=0.315,fpn_0=0.256",deterministic_kmeans,cosine,2,outputs/rwtd_sam3_auto/coarse_vs_fine_sam_scales/stage2/smoke_learned_global_gates_all_scales/checkpoint.pt,permutation_invariant_binary_partition,architexture_binary_v1,0.9318474670624284,0.8645961491433244
learned_global_gates_all_scales,test,98,325,"cluster_0->texture_a,cluster_1->texture_b",0.9117262010257994,0.8243856960559435,0.02331633269918989,0.8243856960559435,"[""fpn_2"", ""fpn_1"", ""fpn_0""]",fpn_2,"[""fpn_2"", ""fpn_1"", ""fpn_0""]","{""fpn_0"": [256, 288, 288], ""fpn_1"": [256, 144, 144], ""fpn_2"": [256, 72, 72]}","{""fpn_0"": [256, 72, 72], ""fpn_1"": [256, 72, 72], ""fpn_2"": [256, 72, 72]}",72,72,64,32,True,"[0.26891154050827026, -0.042122770100831985, -0.2504023313522339]","{""fpn_0"": 0.25559553503990173, ""fpn_1"": 0.3147805631160736, ""fpn_2"": 0.42962387204170227}","fpn_2=0.430,fpn_1=0.315,fpn_0=0.256",deterministic_kmeans,cosine,2,outputs/rwtd_sam3_auto/coarse_vs_fine_sam_scales/stage2/smoke_learned_global_gates_all_scales/checkpoint.pt,permutation_invariant_binary_partition,architexture_binary_v1,0.9117262010257994,0.8243856960559435
learned_global_gates_all_scales,test,99,327,"cluster_0->texture_a,cluster_1->texture_b",0.9499253688235754,0.9010015569563423,0.01285413040704066,0.9010015569563423,"[""fpn_2"", ""fpn_1"", ""fpn_0""]",fpn_2,"[""fpn_2"", ""fpn_1"", ""fpn_0""]","{""fpn_0"": [256, 288, 288], ""fpn_1"": [256, 144, 144], ""fpn_2"": [256, 72, 72]}","{""fpn_0"": [256, 72, 72], ""fpn_1"": [256, 72, 72], ""fpn_2"": [256, 72, 72]}",72,72,64,32,True,"[0.26891154050827026, -0.042122770100831985, -0.2504023313522339]","{""fpn_0"": 0.25559553503990173, ""fpn_1"": 0.3147805631160736, ""fpn_2"": 0.42962387204170227}","fpn_2=0.430,fpn_1=0.315,fpn_0=0.256",deterministic_kmeans,cosine,2,outputs/rwtd_sam3_auto/coarse_vs_fine_sam_scales/stage2/smoke_learned_global_gates_all_scales/checkpoint.pt,permutation_invariant_binary_partition,architexture_binary_v1,0.9499253688235754,0.9010015569563423
learned_global_gates_all_scales,test,100,328,"cluster_1->texture_a,cluster_0->texture_b",0.01432261119478042,0.8895459276986897,0.9407034861813915,0.8895459276986897,"[""fpn_2"", ""fpn_1"", ""fpn_0""]",fpn_2,"[""fpn_2"", ""fpn_1"", ""fpn_0""]","{""fpn_0"": [256, 288, 288], ""fpn_1"": [256, 144, 144], ""fpn_2"": [256, 72, 72]}","{""fpn_0"": [256, 72, 72], ""fpn_1"": [256, 72, 72], ""fpn_2"": [256, 72, 72]}",72,72,64,32,True,"[0.26891154050827026, -0.042122770100831985, -0.2504023313522339]","{""fpn_0"": 0.25559553503990173, ""fpn_1"": 0.3147805631160736, ""fpn_2"": 0.42962387204170227}","fpn_2=0.430,fpn_1=0.315,fpn_0=0.256",deterministic_kmeans,cosine,2,outputs/rwtd_sam3_auto/coarse_vs_fine_sam_scales/stage2/smoke_learned_global_gates_all_scales/checkpoint.pt,permutation_invariant_binary_partition,architexture_binary_v1,0.9407034861813915,0.8895459276986897
learned_global_gates_all_scales,test,101,329,"cluster_0->texture_a,cluster_1->texture_b",0.8927637845612953,0.7862119240556324,0.02864145307537498,0.7862119240556324,"[""fpn_2"", ""fpn_1"", ""fpn_0""]",fpn_2,"[""fpn_2"", ""fpn_1"", ""fpn_0""]","{""fpn_0"": [256, 288, 288], ""fpn_1"": [256, 144, 144], ""fpn_2"": [256, 72, 72]}","{""fpn_0"": [256, 72, 72], ""fpn_1"": [256, 72, 72], ""fpn_2"": [256, 72, 72]}",72,72,64,32,True,"[0.26891154050827026, -0.042122770100831985, -0.2504023313522339]","{""fpn_0"": 0.25559553503990173, ""fpn_1"": 0.3147805631160736, ""fpn_2"": 0.42962387204170227}","fpn_2=0.430,fpn_1=0.315,fpn_0=0.256",deterministic_kmeans,cosine,2,outputs/rwtd_sam3_auto/coarse_vs_fine_sam_scales/stage2/smoke_learned_global_gates_all_scales/checkpoint.pt,permutation_invariant_binary_partition,architexture_binary_v1,0.8927637845612953,0.7862119240556324
learned_global_gates_all_scales,test,102,33,"cluster_0->texture_a,cluster_1->texture_b",0.9622084108845385,0.9474000161483221,0.005236465632063796,0.9474000161483221,"[""fpn_2"", ""fpn_1"", ""fpn_0""]",fpn_2,"[""fpn_2"", ""fpn_1"", ""fpn_0""]","{""fpn_0"": [256, 288, 288], ""fpn_1"": [256, 144, 144], ""fpn_2"": [256, 72, 72]}","{""fpn_0"": [256, 72, 72], ""fpn_1"": [256, 72, 72], ""fpn_2"": [256, 72, 72]}",72,72,64,32,True,"[0.26891154050827026, -0.042122770100831985, -0.2504023313522339]","{""fpn_0"": 0.25559553503990173, ""fpn_1"": 0.3147805631160736, ""fpn_2"": 0.42962387204170227}","fpn_2=0.430,fpn_1=0.315,fpn_0=0.256",deterministic_kmeans,cosine,2,outputs/rwtd_sam3_auto/coarse_vs_fine_sam_scales/stage2/smoke_learned_global_gates_all_scales/checkpoint.pt,permutation_invariant_binary_partition,architexture_binary_v1,0.9622084108845385,0.9474000161483221
learned_global_gates_all_scales,test,103,330,"cluster_0->texture_a,cluster_1->texture_b",0.9391584165587024,0.8844046626889568,0.014952763785101618,0.8844046626889568,"[""fpn_2"", ""fpn_1"", ""fpn_0""]",fpn_2,"[""fpn_2"", ""fpn_1"", ""fpn_0""]","{""fpn_0"": [256, 288, 288], ""fpn_1"": [256, 144, 144], ""fpn_2"": [256, 72, 72]}","{""fpn_0"": [256, 72, 72], ""fpn_1"": [256, 72, 72], ""fpn_2"": [256, 72, 72]}",72,72,64,32,True,"[0.26891154050827026, -0.042122770100831985, -0.2504023313522339]","{""fpn_0"": 0.25559553503990173, ""fpn_1"": 0.3147805631160736, ""fpn_2"": 0.42962387204170227}","fpn_2=0.430,fpn_1=0.315,fpn_0=0.256",deterministic_kmeans,cosine,2,outputs/rwtd_sam3_auto/coarse_vs_fine_sam_scales/stage2/smoke_learned_global_gates_all_scales/checkpoint.pt,permutation_invariant_binary_partition,architexture_binary_v1,0.9391584165587024,0.8844046626889568
learned_global_gates_all_scales,test,104,331,"cluster_1->texture_a,cluster_0->texture_b",0.021863474544472815,0.828930271568143,0.8994416439476041,0.828930271568143,"[""fpn_2"", ""fpn_1"", ""fpn_0""]",fpn_2,"[""fpn_2"", ""fpn_1"", ""fpn_0""]","{""fpn_0"": [256, 288, 288], ""fpn_1"": [256, 144, 144], ""fpn_2"": [256, 72, 72]}","{""fpn_0"": [256, 72, 72], ""fpn_1"": [256, 72, 72], ""fpn_2"": [256, 72, 72]}",72,72,64,32,True,"[0.26891154050827026, -0.042122770100831985, -0.2504023313522339]","{""fpn_0"": 0.25559553503990173, ""fpn_1"": 0.3147805631160736, ""fpn_2"": 0.42962387204170227}","fpn_2=0.430,fpn_1=0.315,fpn_0=0.256",deterministic_kmeans,cosine,2,outputs/rwtd_sam3_auto/coarse_vs_fine_sam_scales/stage2/smoke_learned_global_gates_all_scales/checkpoint.pt,permutation_invariant_binary_partition,architexture_binary_v1,0.8994416439476041,0.828930271568143
learned_global_gates_all_scales,test,105,332,"cluster_1->texture_a,cluster_0->texture_b",0.01437767659420731,0.8887864608557509,0.9402666043718881,0.8887864608557509,"[""fpn_2"", ""fpn_1"", ""fpn_0""]",fpn_2,"[""fpn_2"", ""fpn_1"", ""fpn_0""]","{""fpn_0"": [256, 288, 288], ""fpn_1"": [256, 144, 144], ""fpn_2"": [256, 72, 72]}","{""fpn_0"": [256, 72, 72], ""fpn_1"": [256, 72, 72], ""fpn_2"": [256, 72, 72]}",72,72,64,32,True,"[0.26891154050827026, -0.042122770100831985, -0.2504023313522339]","{""fpn_0"": 0.25559553503990173, ""fpn_1"": 0.3147805631160736, ""fpn_2"": 0.42962387204170227}","fpn_2=0.430,fpn_1=0.315,fpn_0=0.256",deterministic_kmeans,cosine,2,outputs/rwtd_sam3_auto/coarse_vs_fine_sam_scales/stage2/smoke_learned_global_gates_all_scales/checkpoint.pt,permutation_invariant_binary_partition,architexture_binary_v1,0.9402666043718881,0.8887864608557509
learned_global_gates_all_scales,test,106,334,"cluster_1->texture_a,cluster_0->texture_b",0.0158080687159195,0.8778796727122403,0.9347794939138899,0.8778796727122403,"[""fpn_2"", ""fpn_1"", ""fpn_0""]",fpn_2,"[""fpn_2"", ""fpn_1"", ""fpn_0""]","{""fpn_0"": [256, 288, 288], ""fpn_1"": [256, 144, 144], ""fpn_2"": [256, 72, 72]}","{""fpn_0"": [256, 72, 72], ""fpn_1"": [256, 72, 72], ""fpn_2"": [256, 72, 72]}",72,72,64,32,True,"[0.26891154050827026, -0.042122770100831985, -0.2504023313522339]","{""fpn_0"": 0.25559553503990173, ""fpn_1"": 0.3147805631160736, ""fpn_2"": 0.42962387204170227}","fpn_2=0.430,fpn_1=0.315,fpn_0=0.256",deterministic_kmeans,cosine,2,outputs/rwtd_sam3_auto/coarse_vs_fine_sam_scales/stage2/smoke_learned_global_gates_all_scales/checkpoint.pt,permutation_invariant_binary_partition,architexture_binary_v1,0.9347794939138899,0.8778796727122403
learned_global_gates_all_scales,test,107,337,"cluster_1->texture_a,cluster_0->texture_b",0.006992901254560603,0.936803105314133,0.9576267775542671,0.936803105314133,"[""fpn_2"", ""fpn_1"", ""fpn_0""]",fpn_2,"[""fpn_2"", ""fpn_1"", ""fpn_0""]","{""fpn_0"": [256, 288, 288], ""fpn_1"": [256, 144, 144], ""fpn_2"": [256, 72, 72]}","{""fpn_0"": [256, 72, 72], ""fpn_1"": [256, 72, 72], ""fpn_2"": [256, 72, 72]}",72,72,64,32,True,"[0.26891154050827026, -0.042122770100831985, -0.2504023313522339]","{""fpn_0"": 0.25559553503990173, ""fpn_1"": 0.3147805631160736, ""fpn_2"": 0.42962387204170227}","fpn_2=0.430,fpn_1=0.315,fpn_0=0.256",deterministic_kmeans,cosine,2,outputs/rwtd_sam3_auto/coarse_vs_fine_sam_scales/stage2/smoke_learned_global_gates_all_scales/checkpoint.pt,permutation_invariant_binary_partition,architexture_binary_v1,0.9576267775542671,0.936803105314133
learned_global_gates_all_scales,test,108,34,"cluster_0->texture_a,cluster_1->texture_b",0.7757131457223823,0.590289826447438,0.05741474791967849,0.590289826447438,"[""fpn_2"", ""fpn_1"", ""fpn_0""]",fpn_2,"[""fpn_2"", ""fpn_1"", ""fpn_0""]","{""fpn_0"": [256, 288, 288], ""fpn_1"": [256, 144, 144], ""fpn_2"": [256, 72, 72]}","{""fpn_0"": [256, 72, 72], ""fpn_1"": [256, 72, 72], ""fpn_2"": [256, 72, 72]}",72,72,64,32,True,"[0.26891154050827026, -0.042122770100831985, -0.2504023313522339]","{""fpn_0"": 0.25559553503990173, ""fpn_1"": 0.3147805631160736, ""fpn_2"": 0.42962387204170227}","fpn_2=0.430,fpn_1=0.315,fpn_0=0.256",deterministic_kmeans,cosine,2,outputs/rwtd_sam3_auto/coarse_vs_fine_sam_scales/stage2/smoke_learned_global_gates_all_scales/checkpoint.pt,permutation_invariant_binary_partition,architexture_binary_v1,0.7757131457223823,0.590289826447438
learned_global_gates_all_scales,test,109,342,"cluster_1->texture_a,cluster_0->texture_b",0.009840000006268848,0.9233294114597757,0.9611913248385493,0.9233294114597757,"[""fpn_2"", ""fpn_1"", ""fpn_0""]",fpn_2,"[""fpn_2"", ""fpn_1"", ""fpn_0""]","{""fpn_0"": [256, 288, 288], ""fpn_1"": [256, 144, 144], ""fpn_2"": [256, 72, 72]}","{""fpn_0"": [256, 72, 72], ""fpn_1"": [256, 72, 72], ""fpn_2"": [256, 72, 72]}",72,72,64,32,True,"[0.26891154050827026, -0.042122770100831985, -0.2504023313522339]","{""fpn_0"": 0.25559553503990173, ""fpn_1"": 0.3147805631160736, ""fpn_2"": 0.42962387204170227}","fpn_2=0.430,fpn_1=0.315,fpn_0=0.256",deterministic_kmeans,cosine,2,outputs/rwtd_sam3_auto/coarse_vs_fine_sam_scales/stage2/smoke_learned_global_gates_all_scales/checkpoint.pt,permutation_invariant_binary_partition,architexture_binary_v1,0.9611913248385493,0.9233294114597757
learned_global_gates_all_scales,test,110,343,"cluster_0->texture_a,cluster_1->texture_b",0.9554158638539887,0.9294362934256083,0.008333444780592959,0.9294362934256083,"[""fpn_2"", ""fpn_1"", ""fpn_0""]",fpn_2,"[""fpn_2"", ""fpn_1"", ""fpn_0""]","{""fpn_0"": [256, 288, 288], ""fpn_1"": [256, 144, 144], ""fpn_2"": [256, 72, 72]}","{""fpn_0"": [256, 72, 72], ""fpn_1"": [256, 72, 72], ""fpn_2"": [256, 72, 72]}",72,72,64,32,True,"[0.26891154050827026, -0.042122770100831985, -0.2504023313522339]","{""fpn_0"": 0.25559553503990173, ""fpn_1"": 0.3147805631160736, ""fpn_2"": 0.42962387204170227}","fpn_2=0.430,fpn_1=0.315,fpn_0=0.256",deterministic_kmeans,cosine,2,outputs/rwtd_sam3_auto/coarse_vs_fine_sam_scales/stage2/smoke_learned_global_gates_all_scales/checkpoint.pt,permutation_invariant_binary_partition,architexture_binary_v1,0.9554158638539887,0.9294362934256083
learned_global_gates_all_scales,test,111,344,"cluster_0->texture_a,cluster_1->texture_b",0.9551502834985988,0.9250477795895717,0.009214085860493063,0.9250477795895717,"[""fpn_2"", ""fpn_1"", ""fpn_0""]",fpn_2,"[""fpn_2"", ""fpn_1"", ""fpn_0""]","{""fpn_0"": [256, 288, 288], ""fpn_1"": [256, 144, 144], ""fpn_2"": [256, 72, 72]}","{""fpn_0"": [256, 72, 72], ""fpn_1"": [256, 72, 72], ""fpn_2"": [256, 72, 72]}",72,72,64,32,True,"[0.26891154050827026, -0.042122770100831985, -0.2504023313522339]","{""fpn_0"": 0.25559553503990173, ""fpn_1"": 0.3147805631160736, ""fpn_2"": 0.42962387204170227}","fpn_2=0.430,fpn_1=0.315,fpn_0=0.256",deterministic_kmeans,cosine,2,outputs/rwtd_sam3_auto/coarse_vs_fine_sam_scales/stage2/smoke_learned_global_gates_all_scales/checkpoint.pt,permutation_invariant_binary_partition,architexture_binary_v1,0.9551502834985988,0.9250477795895717
learned_global_gates_all_scales,test,112,345,"cluster_1->texture_a,cluster_0->texture_b",0.013608495317874027,0.8935873426852619,0.940161511682971,0.8935873426852619,"[""fpn_2"", ""fpn_1"", ""fpn_0""]",fpn_2,"[""fpn_2"", ""fpn_1"", ""fpn_0""]","{""fpn_0"": [256, 288, 288], ""fpn_1"": [256, 144, 144], ""fpn_2"": [256, 72, 72]}","{""fpn_0"": [256, 72, 72], ""fpn_1"": [256, 72, 72], ""fpn_2"": [256, 72, 72]}",72,72,64,32,True,"[0.26891154050827026, -0.042122770100831985, -0.2504023313522339]","{""fpn_0"": 0.25559553503990173, ""fpn_1"": 0.3147805631160736, ""fpn_2"": 0.42962387204170227}","fpn_2=0.430,fpn_1=0.315,fpn_0=0.256",deterministic_kmeans,cosine,2,outputs/rwtd_sam3_auto/coarse_vs_fine_sam_scales/stage2/smoke_learned_global_gates_all_scales/checkpoint.pt,permutation_invariant_binary_partition,architexture_binary_v1,0.940161511682971,0.8935873426852619
learned_global_gates_all_scales,test,113,346,"cluster_0->texture_a,cluster_1->texture_b",0.9626134128075379,0.9326814389745558,0.008515162628109174,0.9326814389745558,"[""fpn_2"", ""fpn_1"", ""fpn_0""]",fpn_2,"[""fpn_2"", ""fpn_1"", ""fpn_0""]","{""fpn_0"": [256, 288, 288], ""fpn_1"": [256, 144, 144], ""fpn_2"": [256, 72, 72]}","{""fpn_0"": [256, 72, 72], ""fpn_1"": [256, 72, 72], ""fpn_2"": [256, 72, 72]}",72,72,64,32,True,"[0.26891154050827026, -0.042122770100831985, -0.2504023313522339]","{""fpn_0"": 0.25559553503990173, ""fpn_1"": 0.3147805631160736, ""fpn_2"": 0.42962387204170227}","fpn_2=0.430,fpn_1=0.315,fpn_0=0.256",deterministic_kmeans,cosine,2,outputs/rwtd_sam3_auto/coarse_vs_fine_sam_scales/stage2/smoke_learned_global_gates_all_scales/checkpoint.pt,permutation_invariant_binary_partition,architexture_binary_v1,0.9626134128075379,0.9326814389745558
learned_global_gates_all_scales,test,114,347,"cluster_1->texture_a,cluster_0->texture_b",0.009199673973584257,0.9283367870270061,0.9632000069694445,0.9283367870270061,"[""fpn_2"", ""fpn_1"", ""fpn_0""]",fpn_2,"[""fpn_2"", ""fpn_1"", ""fpn_0""]","{""fpn_0"": [256, 288, 288], ""fpn_1"": [256, 144, 144], ""fpn_2"": [256, 72, 72]}","{""fpn_0"": [256, 72, 72], ""fpn_1"": [256, 72, 72], ""fpn_2"": [256, 72, 72]}",72,72,64,32,True,"[0.26891154050827026, -0.042122770100831985, -0.2504023313522339]","{""fpn_0"": 0.25559553503990173, ""fpn_1"": 0.3147805631160736, ""fpn_2"": 0.42962387204170227}","fpn_2=0.430,fpn_1=0.315,fpn_0=0.256",deterministic_kmeans,cosine,2,outputs/rwtd_sam3_auto/coarse_vs_fine_sam_scales/stage2/smoke_learned_global_gates_all_scales/checkpoint.pt,permutation_invariant_binary_partition,architexture_binary_v1,0.9632000069694445,0.9283367870270061
learned_global_gates_all_scales,test,115,349,"cluster_1->texture_a,cluster_0->texture_b",0.0113354385353623,0.9091478182982798,0.9471359663389214,0.9091478182982798,"[""fpn_2"", ""fpn_1"", ""fpn_0""]",fpn_2,"[""fpn_2"", ""fpn_1"", ""fpn_0""]","{""fpn_0"": [256, 288, 288], ""fpn_1"": [256, 144, 144], ""fpn_2"": [256, 72, 72]}","{""fpn_0"": [256, 72, 72], ""fpn_1"": [256, 72, 72], ""fpn_2"": [256, 72, 72]}",72,72,64,32,True,"[0.26891154050827026, -0.042122770100831985, -0.2504023313522339]","{""fpn_0"": 0.25559553503990173, ""fpn_1"": 0.3147805631160736, ""fpn_2"": 0.42962387204170227}","fpn_2=0.430,fpn_1=0.315,fpn_0=0.256",deterministic_kmeans,cosine,2,outputs/rwtd_sam3_auto/coarse_vs_fine_sam_scales/stage2/smoke_learned_global_gates_all_scales/checkpoint.pt,permutation_invariant_binary_partition,architexture_binary_v1,0.9471359663389214,0.9091478182982798
learned_global_gates_all_scales,test,116,350,"cluster_0->texture_a,cluster_1->texture_b",0.44922871060032743,0.12393296496409532,0.1244787611794273,0.12393296496409532,"[""fpn_2"", ""fpn_1"", ""fpn_0""]",fpn_2,"[""fpn_2"", ""fpn_1"", ""fpn_0""]","{""fpn_0"": [256, 288, 288], ""fpn_1"": [256, 144, 144], ""fpn_2"": [256, 72, 72]}","{""fpn_0"": [256, 72, 72], ""fpn_1"": [256, 72, 72], ""fpn_2"": [256, 72, 72]}",72,72,64,32,True,"[0.26891154050827026, -0.042122770100831985, -0.2504023313522339]","{""fpn_0"": 0.25559553503990173, ""fpn_1"": 0.3147805631160736, ""fpn_2"": 0.42962387204170227}","fpn_2=0.430,fpn_1=0.315,fpn_0=0.256",deterministic_kmeans,cosine,2,outputs/rwtd_sam3_auto/coarse_vs_fine_sam_scales/stage2/smoke_learned_global_gates_all_scales/checkpoint.pt,permutation_invariant_binary_partition,architexture_binary_v1,0.44922871060032743,0.12393296496409532
learned_global_gates_all_scales,test,117,351,"cluster_1->texture_a,cluster_0->texture_b",0.00579071044921875,0.9542101258483118,0.977088816222605,0.9542101258483118,"[""fpn_2"", ""fpn_1"", ""fpn_0""]",fpn_2,"[""fpn_2"", ""fpn_1"", ""fpn_0""]","{""fpn_0"": [256, 288, 288], ""fpn_1"": [256, 144, 144], ""fpn_2"": [256, 72, 72]}","{""fpn_0"": [256, 72, 72], ""fpn_1"": [256, 72, 72], ""fpn_2"": [256, 72, 72]}",72,72,64,32,True,"[0.26891154050827026, -0.042122770100831985, -0.2504023313522339]","{""fpn_0"": 0.25559553503990173, ""fpn_1"": 0.3147805631160736, ""fpn_2"": 0.42962387204170227}","fpn_2=0.430,fpn_1=0.315,fpn_0=0.256",deterministic_kmeans,cosine,2,outputs/rwtd_sam3_auto/coarse_vs_fine_sam_scales/stage2/smoke_learned_global_gates_all_scales/checkpoint.pt,permutation_invariant_binary_partition,architexture_binary_v1,0.977088816222605,0.9542101258483118
learned_global_gates_all_scales,test,118,352,"cluster_1->texture_a,cluster_0->texture_b",0.02988277441371361,0.7642918269380254,0.8596020619855287,0.7642918269380254,"[""fpn_2"", ""fpn_1"", ""fpn_0""]",fpn_2,"[""fpn_2"", ""fpn_1"", ""fpn_0""]","{""fpn_0"": [256, 288, 288], ""fpn_1"": [256, 144, 144], ""fpn_2"": [256, 72, 72]}","{""fpn_0"": [256, 72, 72], ""fpn_1"": [256, 72, 72], ""fpn_2"": [256, 72, 72]}",72,72,64,32,True,"[0.26891154050827026, -0.042122770100831985, -0.2504023313522339]","{""fpn_0"": 0.25559553503990173, ""fpn_1"": 0.3147805631160736, ""fpn_2"": 0.42962387204170227}","fpn_2=0.430,fpn_1=0.315,fpn_0=0.256",deterministic_kmeans,cosine,2,outputs/rwtd_sam3_auto/coarse_vs_fine_sam_scales/stage2/smoke_learned_global_gates_all_scales/checkpoint.pt,permutation_invariant_binary_partition,architexture_binary_v1,0.8596020619855287,0.7642918269380254
learned_global_gates_all_scales,test,119,357,"cluster_1->texture_a,cluster_0->texture_b",0.02673601250642512,0.7976856937237069,0.8963024968770497,0.7976856937237069,"[""fpn_2"", ""fpn_1"", ""fpn_0""]",fpn_2,"[""fpn_2"", ""fpn_1"", ""fpn_0""]","{""fpn_0"": [256, 288, 288], ""fpn_1"": [256, 144, 144], ""fpn_2"": [256, 72, 72]}","{""fpn_0"": [256, 72, 72], ""fpn_1"": [256, 72, 72], ""fpn_2"": [256, 72, 72]}",72,72,64,32,True,"[0.26891154050827026, -0.042122770100831985, -0.2504023313522339]","{""fpn_0"": 0.25559553503990173, ""fpn_1"": 0.3147805631160736, ""fpn_2"": 0.42962387204170227}","fpn_2=0.430,fpn_1=0.315,fpn_0=0.256",deterministic_kmeans,cosine,2,outputs/rwtd_sam3_auto/coarse_vs_fine_sam_scales/stage2/smoke_learned_global_gates_all_scales/checkpoint.pt,permutation_invariant_binary_partition,architexture_binary_v1,0.8963024968770497,0.7976856937237069
learned_global_gates_all_scales,test,120,358,"cluster_0->texture_a,cluster_1->texture_b",0.3980447125506696,0.050917815475867774,0.19353485107421875,0.050917815475867774,"[""fpn_2"", ""fpn_1"", ""fpn_0""]",fpn_2,"[""fpn_2"", ""fpn_1"", ""fpn_0""]","{""fpn_0"": [256, 288, 288], ""fpn_1"": [256, 144, 144], ""fpn_2"": [256, 72, 72]}","{""fpn_0"": [256, 72, 72], ""fpn_1"": [256, 72, 72], ""fpn_2"": [256, 72, 72]}",72,72,64,32,True,"[0.26891154050827026, -0.042122770100831985, -0.2504023313522339]","{""fpn_0"": 0.25559553503990173, ""fpn_1"": 0.3147805631160736, ""fpn_2"": 0.42962387204170227}","fpn_2=0.430,fpn_1=0.315,fpn_0=0.256",deterministic_kmeans,cosine,2,outputs/rwtd_sam3_auto/coarse_vs_fine_sam_scales/stage2/smoke_learned_global_gates_all_scales/checkpoint.pt,permutation_invariant_binary_partition,architexture_binary_v1,0.3980447125506696,0.050917815475867774
learned_global_gates_all_scales,test,121,359,"cluster_1->texture_a,cluster_0->texture_b",0.017557469004747913,0.8649164689288595,0.9314616583531063,0.8649164689288595,"[""fpn_2"", ""fpn_1"", ""fpn_0""]",fpn_2,"[""fpn_2"", ""fpn_1"", ""fpn_0""]","{""fpn_0"": [256, 288, 288], ""fpn_1"": [256, 144, 144], ""fpn_2"": [256, 72, 72]}","{""fpn_0"": [256, 72, 72], ""fpn_1"": [256, 72, 72], ""fpn_2"": [256, 72, 72]}",72,72,64,32,True,"[0.26891154050827026, -0.042122770100831985, -0.2504023313522339]","{""fpn_0"": 0.25559553503990173, ""fpn_1"": 0.3147805631160736, ""fpn_2"": 0.42962387204170227}","fpn_2=0.430,fpn_1=0.315,fpn_0=0.256",deterministic_kmeans,cosine,2,outputs/rwtd_sam3_auto/coarse_vs_fine_sam_scales/stage2/smoke_learned_global_gates_all_scales/checkpoint.pt,permutation_invariant_binary_partition,architexture_binary_v1,0.9314616583531063,0.8649164689288595
learned_global_gates_all_scales,test,122,36,"cluster_1->texture_a,cluster_0->texture_b",0.010535301311610623,0.9078421046055561,0.9396801975221598,0.9078421046055561,"[""fpn_2"", ""fpn_1"", ""fpn_0""]",fpn_2,"[""fpn_2"", ""fpn_1"", ""fpn_0""]","{""fpn_0"": [256, 288, 288], ""fpn_1"": [256, 144, 144], ""fpn_2"": [256, 72, 72]}","{""fpn_0"": [256, 72, 72], ""fpn_1"": [256, 72, 72], ""fpn_2"": [256, 72, 72]}",72,72,64,32,True,"[0.26891154050827026, -0.042122770100831985, -0.2504023313522339]","{""fpn_0"": 0.25559553503990173, ""fpn_1"": 0.3147805631160736, ""fpn_2"": 0.42962387204170227}","fpn_2=0.430,fpn_1=0.315,fpn_0=0.256",deterministic_kmeans,cosine,2,outputs/rwtd_sam3_auto/coarse_vs_fine_sam_scales/stage2/smoke_learned_global_gates_all_scales/checkpoint.pt,permutation_invariant_binary_partition,architexture_binary_v1,0.9396801975221598,0.9078421046055561
learned_global_gates_all_scales,test,123,362,"cluster_0->texture_a,cluster_1->texture_b",0.9383714885911811,0.8769027851703163,0.016147986834386806,0.8769027851703163,"[""fpn_2"", ""fpn_1"", ""fpn_0""]",fpn_2,"[""fpn_2"", ""fpn_1"", ""fpn_0""]","{""fpn_0"": [256, 288, 288], ""fpn_1"": [256, 144, 144], ""fpn_2"": [256, 72, 72]}","{""fpn_0"": [256, 72, 72], ""fpn_1"": [256, 72, 72], ""fpn_2"": [256, 72, 72]}",72,72,64,32,True,"[0.26891154050827026, -0.042122770100831985, -0.2504023313522339]","{""fpn_0"": 0.25559553503990173, ""fpn_1"": 0.3147805631160736, ""fpn_2"": 0.42962387204170227}","fpn_2=0.430,fpn_1=0.315,fpn_0=0.256",deterministic_kmeans,cosine,2,outputs/rwtd_sam3_auto/coarse_vs_fine_sam_scales/stage2/smoke_learned_global_gates_all_scales/checkpoint.pt,permutation_invariant_binary_partition,architexture_binary_v1,0.9383714885911811,0.8769027851703163
learned_global_gates_all_scales,test,124,364,"cluster_0->texture_a,cluster_1->texture_b",0.9213823892484904,0.8636484291087904,0.01744235950286498,0.8636484291087904,"[""fpn_2"", ""fpn_1"", ""fpn_0""]",fpn_2,"[""fpn_2"", ""fpn_1"", ""fpn_0""]","{""fpn_0"": [256, 288, 288], ""fpn_1"": [256, 144, 144], ""fpn_2"": [256, 72, 72]}","{""fpn_0"": [256, 72, 72], ""fpn_1"": [256, 72, 72], ""fpn_2"": [256, 72, 72]}",72,72,64,32,True,"[0.26891154050827026, -0.042122770100831985, -0.2504023313522339]","{""fpn_0"": 0.25559553503990173, ""fpn_1"": 0.3147805631160736, ""fpn_2"": 0.42962387204170227}","fpn_2=0.430,fpn_1=0.315,fpn_0=0.256",deterministic_kmeans,cosine,2,outputs/rwtd_sam3_auto/coarse_vs_fine_sam_scales/stage2/smoke_learned_global_gates_all_scales/checkpoint.pt,permutation_invariant_binary_partition,architexture_binary_v1,0.9213823892484904,0.8636484291087904
learned_global_gates_all_scales,test,125,365,"cluster_1->texture_a,cluster_0->texture_b",0.0222122764787819,0.830749183669588,0.9134070342364913,0.830749183669588,"[""fpn_2"", ""fpn_1"", ""fpn_0""]",fpn_2,"[""fpn_2"", ""fpn_1"", ""fpn_0""]","{""fpn_0"": [256, 288, 288], ""fpn_1"": [256, 144, 144], ""fpn_2"": [256, 72, 72]}","{""fpn_0"": [256, 72, 72], ""fpn_1"": [256, 72, 72], ""fpn_2"": [256, 72, 72]}",72,72,64,32,True,"[0.26891154050827026, -0.042122770100831985, -0.2504023313522339]","{""fpn_0"": 0.25559553503990173, ""fpn_1"": 0.3147805631160736, ""fpn_2"": 0.42962387204170227}","fpn_2=0.430,fpn_1=0.315,fpn_0=0.256",deterministic_kmeans,cosine,2,outputs/rwtd_sam3_auto/coarse_vs_fine_sam_scales/stage2/smoke_learned_global_gates_all_scales/checkpoint.pt,permutation_invariant_binary_partition,architexture_binary_v1,0.9134070342364913,0.830749183669588
learned_global_gates_all_scales,test,126,366,"cluster_1->texture_a,cluster_0->texture_b",0.04506682922452963,0.6768167400230746,0.8367778580834342,0.6768167400230746,"[""fpn_2"", ""fpn_1"", ""fpn_0""]",fpn_2,"[""fpn_2"", ""fpn_1"", ""fpn_0""]","{""fpn_0"": [256, 288, 288], ""fpn_1"": [256, 144, 144], ""fpn_2"": [256, 72, 72]}","{""fpn_0"": [256, 72, 72], ""fpn_1"": [256, 72, 72], ""fpn_2"": [256, 72, 72]}",72,72,64,32,True,"[0.26891154050827026, -0.042122770100831985, -0.2504023313522339]","{""fpn_0"": 0.25559553503990173, ""fpn_1"": 0.3147805631160736, ""fpn_2"": 0.42962387204170227}","fpn_2=0.430,fpn_1=0.315,fpn_0=0.256",deterministic_kmeans,cosine,2,outputs/rwtd_sam3_auto/coarse_vs_fine_sam_scales/stage2/smoke_learned_global_gates_all_scales/checkpoint.pt,permutation_invariant_binary_partition,architexture_binary_v1,0.8367778580834342,0.6768167400230746
learned_global_gates_all_scales,test,127,371,"cluster_1->texture_a,cluster_0->texture_b",0.01889103327031606,0.8553512814896431,0.9259337338721676,0.8553512814896431,"[""fpn_2"", ""fpn_1"", ""fpn_0""]",fpn_2,"[""fpn_2"", ""fpn_1"", ""fpn_0""]","{""fpn_0"": [256, 288, 288], ""fpn_1"": [256, 144, 144], ""fpn_2"": [256, 72, 72]}","{""fpn_0"": [256, 72, 72], ""fpn_1"": [256, 72, 72], ""fpn_2"": [256, 72, 72]}",72,72,64,32,True,"[0.26891154050827026, -0.042122770100831985, -0.2504023313522339]","{""fpn_0"": 0.25559553503990173, ""fpn_1"": 0.3147805631160736, ""fpn_2"": 0.42962387204170227}","fpn_2=0.430,fpn_1=0.315,fpn_0=0.256",deterministic_kmeans,cosine,2,outputs/rwtd_sam3_auto/coarse_vs_fine_sam_scales/stage2/smoke_learned_global_gates_all_scales/checkpoint.pt,permutation_invariant_binary_partition,architexture_binary_v1,0.9259337338721676,0.8553512814896431
learned_global_gates_all_scales,test,128,373,"cluster_1->texture_a,cluster_0->texture_b",0.010546656843661312,0.910475612972318,0.942989100406303,0.910475612972318,"[""fpn_2"", ""fpn_1"", ""fpn_0""]",fpn_2,"[""fpn_2"", ""fpn_1"", ""fpn_0""]","{""fpn_0"": [256, 288, 288], ""fpn_1"": [256, 144, 144], ""fpn_2"": [256, 72, 72]}","{""fpn_0"": [256, 72, 72], ""fpn_1"": [256, 72, 72], ""fpn_2"": [256, 72, 72]}",72,72,64,32,True,"[0.26891154050827026, -0.042122770100831985, -0.2504023313522339]","{""fpn_0"": 0.25559553503990173, ""fpn_1"": 0.3147805631160736, ""fpn_2"": 0.42962387204170227}","fpn_2=0.430,fpn_1=0.315,fpn_0=0.256",deterministic_kmeans,cosine,2,outputs/rwtd_sam3_auto/coarse_vs_fine_sam_scales/stage2/smoke_learned_global_gates_all_scales/checkpoint.pt,permutation_invariant_binary_partition,architexture_binary_v1,0.942989100406303,0.910475612972318
learned_global_gates_all_scales,test,129,374,"cluster_1->texture_a,cluster_0->texture_b",0.029099580914362298,0.7780659508112708,0.8749805968827209,0.7780659508112708,"[""fpn_2"", ""fpn_1"", ""fpn_0""]",fpn_2,"[""fpn_2"", ""fpn_1"", ""fpn_0""]","{""fpn_0"": [256, 288, 288], ""fpn_1"": [256, 144, 144], ""fpn_2"": [256, 72, 72]}","{""fpn_0"": [256, 72, 72], ""fpn_1"": [256, 72, 72], ""fpn_2"": [256, 72, 72]}",72,72,64,32,True,"[0.26891154050827026, -0.042122770100831985, -0.2504023313522339]","{""fpn_0"": 0.25559553503990173, ""fpn_1"": 0.3147805631160736, ""fpn_2"": 0.42962387204170227}","fpn_2=0.430,fpn_1=0.315,fpn_0=0.256",deterministic_kmeans,cosine,2,outputs/rwtd_sam3_auto/coarse_vs_fine_sam_scales/stage2/smoke_learned_global_gates_all_scales/checkpoint.pt,permutation_invariant_binary_partition,architexture_binary_v1,0.8749805968827209,0.7780659508112708
learned_global_gates_all_scales,test,130,376,"cluster_1->texture_a,cluster_0->texture_b",0.01022837240833877,0.9190672366992905,0.955627671240475,0.9190672366992905,"[""fpn_2"", ""fpn_1"", ""fpn_0""]",fpn_2,"[""fpn_2"", ""fpn_1"", ""fpn_0""]","{""fpn_0"": [256, 288, 288], ""fpn_1"": [256, 144, 144], ""fpn_2"": [256, 72, 72]}","{""fpn_0"": [256, 72, 72], ""fpn_1"": [256, 72, 72], ""fpn_2"": [256, 72, 72]}",72,72,64,32,True,"[0.26891154050827026, -0.042122770100831985, -0.2504023313522339]","{""fpn_0"": 0.25559553503990173, ""fpn_1"": 0.3147805631160736, ""fpn_2"": 0.42962387204170227}","fpn_2=0.430,fpn_1=0.315,fpn_0=0.256",deterministic_kmeans,cosine,2,outputs/rwtd_sam3_auto/coarse_vs_fine_sam_scales/stage2/smoke_learned_global_gates_all_scales/checkpoint.pt,permutation_invariant_binary_partition,architexture_binary_v1,0.955627671240475,0.9190672366992905
learned_global_gates_all_scales,test,131,377,"cluster_0->texture_a,cluster_1->texture_b",0.5564515449159312,0.21106355775429136,0.14273275532244206,0.21106355775429136,"[""fpn_2"", ""fpn_1"", ""fpn_0""]",fpn_2,"[""fpn_2"", ""fpn_1"", ""fpn_0""]","{""fpn_0"": [256, 288, 288], ""fpn_1"": [256, 144, 144], ""fpn_2"": [256, 72, 72]}","{""fpn_0"": [256, 72, 72], ""fpn_1"": [256, 72, 72], ""fpn_2"": [256, 72, 72]}",72,72,64,32,True,"[0.26891154050827026, -0.042122770100831985, -0.2504023313522339]","{""fpn_0"": 0.25559553503990173, ""fpn_1"": 0.3147805631160736, ""fpn_2"": 0.42962387204170227}","fpn_2=0.430,fpn_1=0.315,fpn_0=0.256",deterministic_kmeans,cosine,2,outputs/rwtd_sam3_auto/coarse_vs_fine_sam_scales/stage2/smoke_learned_global_gates_all_scales/checkpoint.pt,permutation_invariant_binary_partition,architexture_binary_v1,0.5564515449159312,0.21106355775429136
learned_global_gates_all_scales,test,132,378,"cluster_1->texture_a,cluster_0->texture_b",0.017165674058673676,0.84111003495699,0.8919087338611899,0.84111003495699,"[""fpn_2"", ""fpn_1"", ""fpn_0""]",fpn_2,"[""fpn_2"", ""fpn_1"", ""fpn_0""]","{""fpn_0"": [256, 288, 288], ""fpn_1"": [256, 144, 144], ""fpn_2"": [256, 72, 72]}","{""fpn_0"": [256, 72, 72], ""fpn_1"": [256, 72, 72], ""fpn_2"": [256, 72, 72]}",72,72,64,32,True,"[0.26891154050827026, -0.042122770100831985, -0.2504023313522339]","{""fpn_0"": 0.25559553503990173, ""fpn_1"": 0.3147805631160736, ""fpn_2"": 0.42962387204170227}","fpn_2=0.430,fpn_1=0.315,fpn_0=0.256",deterministic_kmeans,cosine,2,outputs/rwtd_sam3_auto/coarse_vs_fine_sam_scales/stage2/smoke_learned_global_gates_all_scales/checkpoint.pt,permutation_invariant_binary_partition,architexture_binary_v1,0.8919087338611899,0.84111003495699
learned_global_gates_all_scales,test,133,380,"cluster_1->texture_a,cluster_0->texture_b",0.05903246843795112,0.5778611928777541,0.764376194178396,0.5778611928777541,"[""fpn_2"", ""fpn_1"", ""fpn_0""]",fpn_2,"[""fpn_2"", ""fpn_1"", ""fpn_0""]","{""fpn_0"": [256, 288, 288], ""fpn_1"": [256, 144, 144], ""fpn_2"": [256, 72, 72]}","{""fpn_0"": [256, 72, 72], ""fpn_1"": [256, 72, 72], ""fpn_2"": [256, 72, 72]}",72,72,64,32,True,"[0.26891154050827026, -0.042122770100831985, -0.2504023313522339]","{""fpn_0"": 0.25559553503990173, ""fpn_1"": 0.3147805631160736, ""fpn_2"": 0.42962387204170227}","fpn_2=0.430,fpn_1=0.315,fpn_0=0.256",deterministic_kmeans,cosine,2,outputs/rwtd_sam3_auto/coarse_vs_fine_sam_scales/stage2/smoke_learned_global_gates_all_scales/checkpoint.pt,permutation_invariant_binary_partition,architexture_binary_v1,0.764376194178396,0.5778611928777541
learned_global_gates_all_scales,test,134,383,"cluster_1->texture_a,cluster_0->texture_b",0.0181618534816416,0.8613284277698955,0.9294390967275643,0.8613284277698955,"[""fpn_2"", ""fpn_1"", ""fpn_0""]",fpn_2,"[""fpn_2"", ""fpn_1"", ""fpn_0""]","{""fpn_0"": [256, 288, 288], ""fpn_1"": [256, 144, 144], ""fpn_2"": [256, 72, 72]}","{""fpn_0"": [256, 72, 72], ""fpn_1"": [256, 72, 72], ""fpn_2"": [256, 72, 72]}",72,72,64,32,True,"[0.26891154050827026, -0.042122770100831985, -0.2504023313522339]","{""fpn_0"": 0.25559553503990173, ""fpn_1"": 0.3147805631160736, ""fpn_2"": 0.42962387204170227}","fpn_2=0.430,fpn_1=0.315,fpn_0=0.256",deterministic_kmeans,cosine,2,outputs/rwtd_sam3_auto/coarse_vs_fine_sam_scales/stage2/smoke_learned_global_gates_all_scales/checkpoint.pt,permutation_invariant_binary_partition,architexture_binary_v1,0.9294390967275643,0.8613284277698955
learned_global_gates_all_scales,test,135,387,"cluster_1->texture_a,cluster_0->texture_b",0.08929107547040664,0.4078443556899518,0.6661758505840112,0.4078443556899518,"[""fpn_2"", ""fpn_1"", ""fpn_0""]",fpn_2,"[""fpn_2"", ""fpn_1"", ""fpn_0""]","{""fpn_0"": [256, 288, 288], ""fpn_1"": [256, 144, 144], ""fpn_2"": [256, 72, 72]}","{""fpn_0"": [256, 72, 72], ""fpn_1"": [256, 72, 72], ""fpn_2"": [256, 72, 72]}",72,72,64,32,True,"[0.26891154050827026, -0.042122770100831985, -0.2504023313522339]","{""fpn_0"": 0.25559553503990173, ""fpn_1"": 0.3147805631160736, ""fpn_2"": 0.42962387204170227}","fpn_2=0.430,fpn_1=0.315,fpn_0=0.256",deterministic_kmeans,cosine,2,outputs/rwtd_sam3_auto/coarse_vs_fine_sam_scales/stage2/smoke_learned_global_gates_all_scales/checkpoint.pt,permutation_invariant_binary_partition,architexture_binary_v1,0.6661758505840112,0.4078443556899518
learned_global_gates_all_scales,test,136,389,"cluster_1->texture_a,cluster_0->texture_b",0.01832972106944455,0.8598750412048097,0.9289930271215763,0.8598750412048097,"[""fpn_2"", ""fpn_1"", ""fpn_0""]",fpn_2,"[""fpn_2"", ""fpn_1"", ""fpn_0""]","{""fpn_0"": [256, 288, 288], ""fpn_1"": [256, 144, 144], ""fpn_2"": [256, 72, 72]}","{""fpn_0"": [256, 72, 72], ""fpn_1"": [256, 72, 72], ""fpn_2"": [256, 72, 72]}",72,72,64,32,True,"[0.26891154050827026, -0.042122770100831985, -0.2504023313522339]","{""fpn_0"": 0.25559553503990173, ""fpn_1"": 0.3147805631160736, ""fpn_2"": 0.42962387204170227}","fpn_2=0.430,fpn_1=0.315,fpn_0=0.256",deterministic_kmeans,cosine,2,outputs/rwtd_sam3_auto/coarse_vs_fine_sam_scales/stage2/smoke_learned_global_gates_all_scales/checkpoint.pt,permutation_invariant_binary_partition,architexture_binary_v1,0.9289930271215763,0.8598750412048097
learned_global_gates_all_scales,test,137,39,"cluster_0->texture_a,cluster_1->texture_b",0.8055455282450108,0.6558614040491787,0.04715836909649343,0.6558614040491787,"[""fpn_2"", ""fpn_1"", ""fpn_0""]",fpn_2,"[""fpn_2"", ""fpn_1"", ""fpn_0""]","{""fpn_0"": [256, 288, 288], ""fpn_1"": [256, 144, 144], ""fpn_2"": [256, 72, 72]}","{""fpn_0"": [256, 72, 72], ""fpn_1"": [256, 72, 72], ""fpn_2"": [256, 72, 72]}",72,72,64,32,True,"[0.26891154050827026, -0.042122770100831985, -0.2504023313522339]","{""fpn_0"": 0.25559553503990173, ""fpn_1"": 0.3147805631160736, ""fpn_2"": 0.42962387204170227}","fpn_2=0.430,fpn_1=0.315,fpn_0=0.256",deterministic_kmeans,cosine,2,outputs/rwtd_sam3_auto/coarse_vs_fine_sam_scales/stage2/smoke_learned_global_gates_all_scales/checkpoint.pt,permutation_invariant_binary_partition,architexture_binary_v1,0.8055455282450108,0.6558614040491787
learned_global_gates_all_scales,test,138,391,"cluster_0->texture_a,cluster_1->texture_b",0.9302676499508449,0.8920386610764901,0.012576229825007198,0.8920386610764901,"[""fpn_2"", ""fpn_1"", ""fpn_0""]",fpn_2,"[""fpn_2"", ""fpn_1"", ""fpn_0""]","{""fpn_0"": [256, 288, 288], ""fpn_1"": [256, 144, 144], ""fpn_2"": [256, 72, 72]}","{""fpn_0"": [256, 72, 72], ""fpn_1"": [256, 72, 72], ""fpn_2"": [256, 72, 72]}",72,72,64,32,True,"[0.26891154050827026, -0.042122770100831985, -0.2504023313522339]","{""fpn_0"": 0.25559553503990173, ""fpn_1"": 0.3147805631160736, ""fpn_2"": 0.42962387204170227}","fpn_2=0.430,fpn_1=0.315,fpn_0=0.256",deterministic_kmeans,cosine,2,outputs/rwtd_sam3_auto/coarse_vs_fine_sam_scales/stage2/smoke_learned_global_gates_all_scales/checkpoint.pt,permutation_invariant_binary_partition,architexture_binary_v1,0.9302676499508449,0.8920386610764901
learned_global_gates_all_scales,test,139,392,"cluster_1->texture_a,cluster_0->texture_b",0.01645398073387322,0.8739331751815723,0.936849703453524,0.8739331751815723,"[""fpn_2"", ""fpn_1"", ""fpn_0""]",fpn_2,"[""fpn_2"", ""fpn_1"", ""fpn_0""]","{""fpn_0"": [256, 288, 288], ""fpn_1"": [256, 144, 144], ""fpn_2"": [256, 72, 72]}","{""fpn_0"": [256, 72, 72], ""fpn_1"": [256, 72, 72], ""fpn_2"": [256, 72, 72]}",72,72,64,32,True,"[0.26891154050827026, -0.042122770100831985, -0.2504023313522339]","{""fpn_0"": 0.25559553503990173, ""fpn_1"": 0.3147805631160736, ""fpn_2"": 0.42962387204170227}","fpn_2=0.430,fpn_1=0.315,fpn_0=0.256",deterministic_kmeans,cosine,2,outputs/rwtd_sam3_auto/coarse_vs_fine_sam_scales/stage2/smoke_learned_global_gates_all_scales/checkpoint.pt,permutation_invariant_binary_partition,architexture_binary_v1,0.936849703453524,0.8739331751815723
learned_global_gates_all_scales,test,140,393,"cluster_1->texture_a,cluster_0->texture_b",0.02161123699326571,0.8350876462351229,0.9125966669943884,0.8350876462351229,"[""fpn_2"", ""fpn_1"", ""fpn_0""]",fpn_2,"[""fpn_2"", ""fpn_1"", ""fpn_0""]","{""fpn_0"": [256, 288, 288], ""fpn_1"": [256, 144, 144], ""fpn_2"": [256, 72, 72]}","{""fpn_0"": [256, 72, 72], ""fpn_1"": [256, 72, 72], ""fpn_2"": [256, 72, 72]}",72,72,64,32,True,"[0.26891154050827026, -0.042122770100831985, -0.2504023313522339]","{""fpn_0"": 0.25559553503990173, ""fpn_1"": 0.3147805631160736, ""fpn_2"": 0.42962387204170227}","fpn_2=0.430,fpn_1=0.315,fpn_0=0.256",deterministic_kmeans,cosine,2,outputs/rwtd_sam3_auto/coarse_vs_fine_sam_scales/stage2/smoke_learned_global_gates_all_scales/checkpoint.pt,permutation_invariant_binary_partition,architexture_binary_v1,0.9125966669943884,0.8350876462351229
learned_global_gates_all_scales,test,141,394,"cluster_1->texture_a,cluster_0->texture_b",0.01596387649035393,0.8771386223142185,0.9373109466388254,0.8771386223142185,"[""fpn_2"", ""fpn_1"", ""fpn_0""]",fpn_2,"[""fpn_2"", ""fpn_1"", ""fpn_0""]","{""fpn_0"": [256, 288, 288], ""fpn_1"": [256, 144, 144], ""fpn_2"": [256, 72, 72]}","{""fpn_0"": [256, 72, 72], ""fpn_1"": [256, 72, 72], ""fpn_2"": [256, 72, 72]}",72,72,64,32,True,"[0.26891154050827026, -0.042122770100831985, -0.2504023313522339]","{""fpn_0"": 0.25559553503990173, ""fpn_1"": 0.3147805631160736, ""fpn_2"": 0.42962387204170227}","fpn_2=0.430,fpn_1=0.315,fpn_0=0.256",deterministic_kmeans,cosine,2,outputs/rwtd_sam3_auto/coarse_vs_fine_sam_scales/stage2/smoke_learned_global_gates_all_scales/checkpoint.pt,permutation_invariant_binary_partition,architexture_binary_v1,0.9373109466388254,0.8771386223142185
learned_global_gates_all_scales,test,142,395,"cluster_1->texture_a,cluster_0->texture_b",0.017087390480706677,0.868289602666906,0.930879918287713,0.868289602666906,"[""fpn_2"", ""fpn_1"", ""fpn_0""]",fpn_2,"[""fpn_2"", ""fpn_1"", ""fpn_0""]","{""fpn_0"": [256, 288, 288], ""fpn_1"": [256, 144, 144], ""fpn_2"": [256, 72, 72]}","{""fpn_0"": [256, 72, 72], ""fpn_1"": [256, 72, 72], ""fpn_2"": [256, 72, 72]}",72,72,64,32,True,"[0.26891154050827026, -0.042122770100831985, -0.2504023313522339]","{""fpn_0"": 0.25559553503990173, ""fpn_1"": 0.3147805631160736, ""fpn_2"": 0.42962387204170227}","fpn_2=0.430,fpn_1=0.315,fpn_0=0.256",deterministic_kmeans,cosine,2,outputs/rwtd_sam3_auto/coarse_vs_fine_sam_scales/stage2/smoke_learned_global_gates_all_scales/checkpoint.pt,permutation_invariant_binary_partition,architexture_binary_v1,0.930879918287713,0.868289602666906
learned_global_gates_all_scales,test,143,398,"cluster_0->texture_a,cluster_1->texture_b",0.8891142928502846,0.8326651772231587,0.018834919295542506,0.8326651772231587,"[""fpn_2"", ""fpn_1"", ""fpn_0""]",fpn_2,"[""fpn_2"", ""fpn_1"", ""fpn_0""]","{""fpn_0"": [256, 288, 288], ""fpn_1"": [256, 144, 144], ""fpn_2"": [256, 72, 72]}","{""fpn_0"": [256, 72, 72], ""fpn_1"": [256, 72, 72], ""fpn_2"": [256, 72, 72]}",72,72,64,32,True,"[0.26891154050827026, -0.042122770100831985, -0.2504023313522339]","{""fpn_0"": 0.25559553503990173, ""fpn_1"": 0.3147805631160736, ""fpn_2"": 0.42962387204170227}","fpn_2=0.430,fpn_1=0.315,fpn_0=0.256",deterministic_kmeans,cosine,2,outputs/rwtd_sam3_auto/coarse_vs_fine_sam_scales/stage2/smoke_learned_global_gates_all_scales/checkpoint.pt,permutation_invariant_binary_partition,architexture_binary_v1,0.8891142928502846,0.8326651772231587
learned_global_gates_all_scales,test,144,4,"cluster_0->texture_a,cluster_1->texture_b",0.9369520471771102,0.9060306278351429,0.010425594077116815,0.9060306278351429,"[""fpn_2"", ""fpn_1"", ""fpn_0""]",fpn_2,"[""fpn_2"", ""fpn_1"", ""fpn_0""]","{""fpn_0"": [256, 288, 288], ""fpn_1"": [256, 144, 144], ""fpn_2"": [256, 72, 72]}","{""fpn_0"": [256, 72, 72], ""fpn_1"": [256, 72, 72], ""fpn_2"": [256, 72, 72]}",72,72,64,32,True,"[0.26891154050827026, -0.042122770100831985, -0.2504023313522339]","{""fpn_0"": 0.25559553503990173, ""fpn_1"": 0.3147805631160736, ""fpn_2"": 0.42962387204170227}","fpn_2=0.430,fpn_1=0.315,fpn_0=0.256",deterministic_kmeans,cosine,2,outputs/rwtd_sam3_auto/coarse_vs_fine_sam_scales/stage2/smoke_learned_global_gates_all_scales/checkpoint.pt,permutation_invariant_binary_partition,architexture_binary_v1,0.9369520471771102,0.9060306278351429
learned_global_gates_all_scales,test,145,40,"cluster_1->texture_a,cluster_0->texture_b",0.019739049604140066,0.8339310777591212,0.8937884466176164,0.8339310777591212,"[""fpn_2"", ""fpn_1"", ""fpn_0""]",fpn_2,"[""fpn_2"", ""fpn_1"", ""fpn_0""]","{""fpn_0"": [256, 288, 288], ""fpn_1"": [256, 144, 144], ""fpn_2"": [256, 72, 72]}","{""fpn_0"": [256, 72, 72], ""fpn_1"": [256, 72, 72], ""fpn_2"": [256, 72, 72]}",72,72,64,32,True,"[0.26891154050827026, -0.042122770100831985, -0.2504023313522339]","{""fpn_0"": 0.25559553503990173, ""fpn_1"": 0.3147805631160736, ""fpn_2"": 0.42962387204170227}","fpn_2=0.430,fpn_1=0.315,fpn_0=0.256",deterministic_kmeans,cosine,2,outputs/rwtd_sam3_auto/coarse_vs_fine_sam_scales/stage2/smoke_learned_global_gates_all_scales/checkpoint.pt,permutation_invariant_binary_partition,architexture_binary_v1,0.8937884466176164,0.8339310777591212
learned_global_gates_all_scales,test,146,400,"cluster_0->texture_a,cluster_1->texture_b",0.9343843359047929,0.8706023596444566,0.01697147300248935,0.8706023596444566,"[""fpn_2"", ""fpn_1"", ""fpn_0""]",fpn_2,"[""fpn_2"", ""fpn_1"", ""fpn_0""]","{""fpn_0"": [256, 288, 288], ""fpn_1"": [256, 144, 144], ""fpn_2"": [256, 72, 72]}","{""fpn_0"": [256, 72, 72], ""fpn_1"": [256, 72, 72], ""fpn_2"": [256, 72, 72]}",72,72,64,32,True,"[0.26891154050827026, -0.042122770100831985, -0.2504023313522339]","{""fpn_0"": 0.25559553503990173, ""fpn_1"": 0.3147805631160736, ""fpn_2"": 0.42962387204170227}","fpn_2=0.430,fpn_1=0.315,fpn_0=0.256",deterministic_kmeans,cosine,2,outputs/rwtd_sam3_auto/coarse_vs_fine_sam_scales/stage2/smoke_learned_global_gates_all_scales/checkpoint.pt,permutation_invariant_binary_partition,architexture_binary_v1,0.9343843359047929,0.8706023596444566
learned_global_gates_all_scales,test,147,403,"cluster_1->texture_a,cluster_0->texture_b",0.024454503539592297,0.7797494174828585,0.8542259302713417,0.7797494174828585,"[""fpn_2"", ""fpn_1"", ""fpn_0""]",fpn_2,"[""fpn_2"", ""fpn_1"", ""fpn_0""]","{""fpn_0"": [256, 288, 288], ""fpn_1"": [256, 144, 144], ""fpn_2"": [256, 72, 72]}","{""fpn_0"": [256, 72, 72], ""fpn_1"": [256, 72, 72], ""fpn_2"": [256, 72, 72]}",72,72,64,32,True,"[0.26891154050827026, -0.042122770100831985, -0.2504023313522339]","{""fpn_0"": 0.25559553503990173, ""fpn_1"": 0.3147805631160736, ""fpn_2"": 0.42962387204170227}","fpn_2=0.430,fpn_1=0.315,fpn_0=0.256",deterministic_kmeans,cosine,2,outputs/rwtd_sam3_auto/coarse_vs_fine_sam_scales/stage2/smoke_learned_global_gates_all_scales/checkpoint.pt,permutation_invariant_binary_partition,architexture_binary_v1,0.8542259302713417,0.7797494174828585
learned_global_gates_all_scales,test,148,408,"cluster_1->texture_a,cluster_0->texture_b",0.032889693079435185,0.7612483433202012,0.8801067929721456,0.7612483433202012,"[""fpn_2"", ""fpn_1"", ""fpn_0""]",fpn_2,"[""fpn_2"", ""fpn_1"", ""fpn_0""]","{""fpn_0"": [256, 288, 288], ""fpn_1"": [256, 144, 144], ""fpn_2"": [256, 72, 72]}","{""fpn_0"": [256, 72, 72], ""fpn_1"": [256, 72, 72], ""fpn_2"": [256, 72, 72]}",72,72,64,32,True,"[0.26891154050827026, -0.042122770100831985, -0.2504023313522339]","{""fpn_0"": 0.25559553503990173, ""fpn_1"": 0.3147805631160736, ""fpn_2"": 0.42962387204170227}","fpn_2=0.430,fpn_1=0.315,fpn_0=0.256",deterministic_kmeans,cosine,2,outputs/rwtd_sam3_auto/coarse_vs_fine_sam_scales/stage2/smoke_learned_global_gates_all_scales/checkpoint.pt,permutation_invariant_binary_partition,architexture_binary_v1,0.8801067929721456,0.7612483433202012
learned_global_gates_all_scales,test,149,41,"cluster_0->texture_a,cluster_1->texture_b",0.8276061204518921,0.6961527374344576,0.04177749163336175,0.6961527374344576,"[""fpn_2"", ""fpn_1"", ""fpn_0""]",fpn_2,"[""fpn_2"", ""fpn_1"", ""fpn_0""]","{""fpn_0"": [256, 288, 288], ""fpn_1"": [256, 144, 144], ""fpn_2"": [256, 72, 72]}","{""fpn_0"": [256, 72, 72], ""fpn_1"": [256, 72, 72], ""fpn_2"": [256, 72, 72]}",72,72,64,32,True,"[0.26891154050827026, -0.042122770100831985, -0.2504023313522339]","{""fpn_0"": 0.25559553503990173, ""fpn_1"": 0.3147805631160736, ""fpn_2"": 0.42962387204170227}","fpn_2=0.430,fpn_1=0.315,fpn_0=0.256",deterministic_kmeans,cosine,2,outputs/rwtd_sam3_auto/coarse_vs_fine_sam_scales/stage2/smoke_learned_global_gates_all_scales/checkpoint.pt,permutation_invariant_binary_partition,architexture_binary_v1,0.8276061204518921,0.6961527374344576
learned_global_gates_all_scales,test,150,410,"cluster_1->texture_a,cluster_0->texture_b",0.01806481465357543,0.8612152745735978,0.9266379132582023,0.8612152745735978,"[""fpn_2"", ""fpn_1"", ""fpn_0""]",fpn_2,"[""fpn_2"", ""fpn_1"", ""fpn_0""]","{""fpn_0"": [256, 288, 288], ""fpn_1"": [256, 144, 144], ""fpn_2"": [256, 72, 72]}","{""fpn_0"": [256, 72, 72], ""fpn_1"": [256, 72, 72], ""fpn_2"": [256, 72, 72]}",72,72,64,32,True,"[0.26891154050827026, -0.042122770100831985, -0.2504023313522339]","{""fpn_0"": 0.25559553503990173, ""fpn_1"": 0.3147805631160736, ""fpn_2"": 0.42962387204170227}","fpn_2=0.430,fpn_1=0.315,fpn_0=0.256",deterministic_kmeans,cosine,2,outputs/rwtd_sam3_auto/coarse_vs_fine_sam_scales/stage2/smoke_learned_global_gates_all_scales/checkpoint.pt,permutation_invariant_binary_partition,architexture_binary_v1,0.9266379132582023,0.8612152745735978
learned_global_gates_all_scales,test,151,411,"cluster_0->texture_a,cluster_1->texture_b",0.9309019416564923,0.87688844722426,0.015853691612377277,0.87688844722426,"[""fpn_2"", ""fpn_1"", ""fpn_0""]",fpn_2,"[""fpn_2"", ""fpn_1"", ""fpn_0""]","{""fpn_0"": [256, 288, 288], ""fpn_1"": [256, 144, 144], ""fpn_2"": [256, 72, 72]}","{""fpn_0"": [256, 72, 72], ""fpn_1"": [256, 72, 72], ""fpn_2"": [256, 72, 72]}",72,72,64,32,True,"[0.26891154050827026, -0.042122770100831985, -0.2504023313522339]","{""fpn_0"": 0.25559553503990173, ""fpn_1"": 0.3147805631160736, ""fpn_2"": 0.42962387204170227}","fpn_2=0.430,fpn_1=0.315,fpn_0=0.256",deterministic_kmeans,cosine,2,outputs/rwtd_sam3_auto/coarse_vs_fine_sam_scales/stage2/smoke_learned_global_gates_all_scales/checkpoint.pt,permutation_invariant_binary_partition,architexture_binary_v1,0.9309019416564923,0.87688844722426
learned_global_gates_all_scales,test,152,412,"cluster_1->texture_a,cluster_0->texture_b",0.013008500833097406,0.8936396350644765,0.9349943507082064,0.8936396350644765,"[""fpn_2"", ""fpn_1"", ""fpn_0""]",fpn_2,"[""fpn_2"", ""fpn_1"", ""fpn_0""]","{""fpn_0"": [256, 288, 288], ""fpn_1"": [256, 144, 144], ""fpn_2"": [256, 72, 72]}","{""fpn_0"": [256, 72, 72], ""fpn_1"": [256, 72, 72], ""fpn_2"": [256, 72, 72]}",72,72,64,32,True,"[0.26891154050827026, -0.042122770100831985, -0.2504023313522339]","{""fpn_0"": 0.25559553503990173, ""fpn_1"": 0.3147805631160736, ""fpn_2"": 0.42962387204170227}","fpn_2=0.430,fpn_1=0.315,fpn_0=0.256",deterministic_kmeans,cosine,2,outputs/rwtd_sam3_auto/coarse_vs_fine_sam_scales/stage2/smoke_learned_global_gates_all_scales/checkpoint.pt,permutation_invariant_binary_partition,architexture_binary_v1,0.9349943507082064,0.8936396350644765
learned_global_gates_all_scales,test,153,414,"cluster_1->texture_a,cluster_0->texture_b",0.010097876419894673,0.9213423823515035,0.9588444376321543,0.9213423823515035,"[""fpn_2"", ""fpn_1"", ""fpn_0""]",fpn_2,"[""fpn_2"", ""fpn_1"", ""fpn_0""]","{""fpn_0"": [256, 288, 288], ""fpn_1"": [256, 144, 144], ""fpn_2"": [256, 72, 72]}","{""fpn_0"": [256, 72, 72], ""fpn_1"": [256, 72, 72], ""fpn_2"": [256, 72, 72]}",72,72,64,32,True,"[0.26891154050827026, -0.042122770100831985, -0.2504023313522339]","{""fpn_0"": 0.25559553503990173, ""fpn_1"": 0.3147805631160736, ""fpn_2"": 0.42962387204170227}","fpn_2=0.430,fpn_1=0.315,fpn_0=0.256",deterministic_kmeans,cosine,2,outputs/rwtd_sam3_auto/coarse_vs_fine_sam_scales/stage2/smoke_learned_global_gates_all_scales/checkpoint.pt,permutation_invariant_binary_partition,architexture_binary_v1,0.9588444376321543,0.9213423823515035
learned_global_gates_all_scales,test,154,416,"cluster_1->texture_a,cluster_0->texture_b",0.0222205209759269,0.8315794530847809,0.9112594618672571,0.8315794530847809,"[""fpn_2"", ""fpn_1"", ""fpn_0""]",fpn_2,"[""fpn_2"", ""fpn_1"", ""fpn_0""]","{""fpn_0"": [256, 288, 288], ""fpn_1"": [256, 144, 144], ""fpn_2"": [256, 72, 72]}","{""fpn_0"": [256, 72, 72], ""fpn_1"": [256, 72, 72], ""fpn_2"": [256, 72, 72]}",72,72,64,32,True,"[0.26891154050827026, -0.042122770100831985, -0.2504023313522339]","{""fpn_0"": 0.25559553503990173, ""fpn_1"": 0.3147805631160736, ""fpn_2"": 0.42962387204170227}","fpn_2=0.430,fpn_1=0.315,fpn_0=0.256",deterministic_kmeans,cosine,2,outputs/rwtd_sam3_auto/coarse_vs_fine_sam_scales/stage2/smoke_learned_global_gates_all_scales/checkpoint.pt,permutation_invariant_binary_partition,architexture_binary_v1,0.9112594618672571,0.8315794530847809
learned_global_gates_all_scales,test,155,417,"cluster_1->texture_a,cluster_0->texture_b",0.022583539861919858,0.8286364196684783,0.9131220395877184,0.8286364196684783,"[""fpn_2"", ""fpn_1"", ""fpn_0""]",fpn_2,"[""fpn_2"", ""fpn_1"", ""fpn_0""]","{""fpn_0"": [256, 288, 288], ""fpn_1"": [256, 144, 144], ""fpn_2"": [256, 72, 72]}","{""fpn_0"": [256, 72, 72], ""fpn_1"": [256, 72, 72], ""fpn_2"": [256, 72, 72]}",72,72,64,32,True,"[0.26891154050827026, -0.042122770100831985, -0.2504023313522339]","{""fpn_0"": 0.25559553503990173, ""fpn_1"": 0.3147805631160736, ""fpn_2"": 0.42962387204170227}","fpn_2=0.430,fpn_1=0.315,fpn_0=0.256",deterministic_kmeans,cosine,2,outputs/rwtd_sam3_auto/coarse_vs_fine_sam_scales/stage2/smoke_learned_global_gates_all_scales/checkpoint.pt,permutation_invariant_binary_partition,architexture_binary_v1,0.9131220395877184,0.8286364196684783
learned_global_gates_all_scales,test,156,418,"cluster_1->texture_a,cluster_0->texture_b",0.019761896182386742,0.827875569891682,0.8871902585537321,0.827875569891682,"[""fpn_2"", ""fpn_1"", ""fpn_0""]",fpn_2,"[""fpn_2"", ""fpn_1"", ""fpn_0""]","{""fpn_0"": [256, 288, 288], ""fpn_1"": [256, 144, 144], ""fpn_2"": [256, 72, 72]}","{""fpn_0"": [256, 72, 72], ""fpn_1"": [256, 72, 72], ""fpn_2"": [256, 72, 72]}",72,72,64,32,True,"[0.26891154050827026, -0.042122770100831985, -0.2504023313522339]","{""fpn_0"": 0.25559553503990173, ""fpn_1"": 0.3147805631160736, ""fpn_2"": 0.42962387204170227}","fpn_2=0.430,fpn_1=0.315,fpn_0=0.256",deterministic_kmeans,cosine,2,outputs/rwtd_sam3_auto/coarse_vs_fine_sam_scales/stage2/smoke_learned_global_gates_all_scales/checkpoint.pt,permutation_invariant_binary_partition,architexture_binary_v1,0.8871902585537321,0.827875569891682
learned_global_gates_all_scales,test,157,422,"cluster_0->texture_a,cluster_1->texture_b",0.9784151928232565,0.9568353196786641,0.00545501708984375,0.9568353196786641,"[""fpn_2"", ""fpn_1"", ""fpn_0""]",fpn_2,"[""fpn_2"", ""fpn_1"", ""fpn_0""]","{""fpn_0"": [256, 288, 288], ""fpn_1"": [256, 144, 144], ""fpn_2"": [256, 72, 72]}","{""fpn_0"": [256, 72, 72], ""fpn_1"": [256, 72, 72], ""fpn_2"": [256, 72, 72]}",72,72,64,32,True,"[0.26891154050827026, -0.042122770100831985, -0.2504023313522339]","{""fpn_0"": 0.25559553503990173, ""fpn_1"": 0.3147805631160736, ""fpn_2"": 0.42962387204170227}","fpn_2=0.430,fpn_1=0.315,fpn_0=0.256",deterministic_kmeans,cosine,2,outputs/rwtd_sam3_auto/coarse_vs_fine_sam_scales/stage2/smoke_learned_global_gates_all_scales/checkpoint.pt,permutation_invariant_binary_partition,architexture_binary_v1,0.9784151928232565,0.9568353196786641
learned_global_gates_all_scales,test,158,423,"cluster_1->texture_a,cluster_0->texture_b",0.006558180388578281,0.9480782681187551,0.9716250286126629,0.9480782681187551,"[""fpn_2"", ""fpn_1"", ""fpn_0""]",fpn_2,"[""fpn_2"", ""fpn_1"", ""fpn_0""]","{""fpn_0"": [256, 288, 288], ""fpn_1"": [256, 144, 144], ""fpn_2"": [256, 72, 72]}","{""fpn_0"": [256, 72, 72], ""fpn_1"": [256, 72, 72], ""fpn_2"": [256, 72, 72]}",72,72,64,32,True,"[0.26891154050827026, -0.042122770100831985, -0.2504023313522339]","{""fpn_0"": 0.25559553503990173, ""fpn_1"": 0.3147805631160736, ""fpn_2"": 0.42962387204170227}","fpn_2=0.430,fpn_1=0.315,fpn_0=0.256",deterministic_kmeans,cosine,2,outputs/rwtd_sam3_auto/coarse_vs_fine_sam_scales/stage2/smoke_learned_global_gates_all_scales/checkpoint.pt,permutation_invariant_binary_partition,architexture_binary_v1,0.9716250286126629,0.9480782681187551
learned_global_gates_all_scales,test,159,424,"cluster_1->texture_a,cluster_0->texture_b",0.0132175189986463,0.8969779112355873,0.9461851060344796,0.8969779112355873,"[""fpn_2"", ""fpn_1"", ""fpn_0""]",fpn_2,"[""fpn_2"", ""fpn_1"", ""fpn_0""]","{""fpn_0"": [256, 288, 288], ""fpn_1"": [256, 144, 144], ""fpn_2"": [256, 72, 72]}","{""fpn_0"": [256, 72, 72], ""fpn_1"": [256, 72, 72], ""fpn_2"": [256, 72, 72]}",72,72,64,32,True,"[0.26891154050827026, -0.042122770100831985, -0.2504023313522339]","{""fpn_0"": 0.25559553503990173, ""fpn_1"": 0.3147805631160736, ""fpn_2"": 0.42962387204170227}","fpn_2=0.430,fpn_1=0.315,fpn_0=0.256",deterministic_kmeans,cosine,2,outputs/rwtd_sam3_auto/coarse_vs_fine_sam_scales/stage2/smoke_learned_global_gates_all_scales/checkpoint.pt,permutation_invariant_binary_partition,architexture_binary_v1,0.9461851060344796,0.8969779112355873
learned_global_gates_all_scales,test,160,425,"cluster_0->texture_a,cluster_1->texture_b",0.9310550626950113,0.8718949800120991,0.016686201597993867,0.8718949800120991,"[""fpn_2"", ""fpn_1"", ""fpn_0""]",fpn_2,"[""fpn_2"", ""fpn_1"", ""fpn_0""]","{""fpn_0"": [256, 288, 288], ""fpn_1"": [256, 144, 144], ""fpn_2"": [256, 72, 72]}","{""fpn_0"": [256, 72, 72], ""fpn_1"": [256, 72, 72], ""fpn_2"": [256, 72, 72]}",72,72,64,32,True,"[0.26891154050827026, -0.042122770100831985, -0.2504023313522339]","{""fpn_0"": 0.25559553503990173, ""fpn_1"": 0.3147805631160736, ""fpn_2"": 0.42962387204170227}","fpn_2=0.430,fpn_1=0.315,fpn_0=0.256",deterministic_kmeans,cosine,2,outputs/rwtd_sam3_auto/coarse_vs_fine_sam_scales/stage2/smoke_learned_global_gates_all_scales/checkpoint.pt,permutation_invariant_binary_partition,architexture_binary_v1,0.9310550626950113,0.8718949800120991
learned_global_gates_all_scales,test,161,426,"cluster_0->texture_a,cluster_1->texture_b",0.959180870190131,0.9256230407776298,0.009463677733936873,0.9256230407776298,"[""fpn_2"", ""fpn_1"", ""fpn_0""]",fpn_2,"[""fpn_2"", ""fpn_1"", ""fpn_0""]","{""fpn_0"": [256, 288, 288], ""fpn_1"": [256, 144, 144], ""fpn_2"": [256, 72, 72]}","{""fpn_0"": [256, 72, 72], ""fpn_1"": [256, 72, 72], ""fpn_2"": [256, 72, 72]}",72,72,64,32,True,"[0.26891154050827026, -0.042122770100831985, -0.2504023313522339]","{""fpn_0"": 0.25559553503990173, ""fpn_1"": 0.3147805631160736, ""fpn_2"": 0.42962387204170227}","fpn_2=0.430,fpn_1=0.315,fpn_0=0.256",deterministic_kmeans,cosine,2,outputs/rwtd_sam3_auto/coarse_vs_fine_sam_scales/stage2/smoke_learned_global_gates_all_scales/checkpoint.pt,permutation_invariant_binary_partition,architexture_binary_v1,0.959180870190131,0.9256230407776298
learned_global_gates_all_scales,test,162,428,"cluster_1->texture_a,cluster_0->texture_b",0.038881058131645316,0.7134102632308392,0.8528173151036103,0.7134102632308392,"[""fpn_2"", ""fpn_1"", ""fpn_0""]",fpn_2,"[""fpn_2"", ""fpn_1"", ""fpn_0""]","{""fpn_0"": [256, 288, 288], ""fpn_1"": [256, 144, 144], ""fpn_2"": [256, 72, 72]}","{""fpn_0"": [256, 72, 72], ""fpn_1"": [256, 72, 72], ""fpn_2"": [256, 72, 72]}",72,72,64,32,True,"[0.26891154050827026, -0.042122770100831985, -0.2504023313522339]","{""fpn_0"": 0.25559553503990173, ""fpn_1"": 0.3147805631160736, ""fpn_2"": 0.42962387204170227}","fpn_2=0.430,fpn_1=0.315,fpn_0=0.256",deterministic_kmeans,cosine,2,outputs/rwtd_sam3_auto/coarse_vs_fine_sam_scales/stage2/smoke_learned_global_gates_all_scales/checkpoint.pt,permutation_invariant_binary_partition,architexture_binary_v1,0.8528173151036103,0.7134102632308392
learned_global_gates_all_scales,test,163,429,"cluster_1->texture_a,cluster_0->texture_b",0.026330560759966974,0.8026537419953537,0.8996088174663268,0.8026537419953537,"[""fpn_2"", ""fpn_1"", ""fpn_0""]",fpn_2,"[""fpn_2"", ""fpn_1"", ""fpn_0""]","{""fpn_0"": [256, 288, 288], ""fpn_1"": [256, 144, 144], ""fpn_2"": [256, 72, 72]}","{""fpn_0"": [256, 72, 72], ""fpn_1"": [256, 72, 72], ""fpn_2"": [256, 72, 72]}",72,72,64,32,True,"[0.26891154050827026, -0.042122770100831985, -0.2504023313522339]","{""fpn_0"": 0.25559553503990173, ""fpn_1"": 0.3147805631160736, ""fpn_2"": 0.42962387204170227}","fpn_2=0.430,fpn_1=0.315,fpn_0=0.256",deterministic_kmeans,cosine,2,outputs/rwtd_sam3_auto/coarse_vs_fine_sam_scales/stage2/smoke_learned_global_gates_all_scales/checkpoint.pt,permutation_invariant_binary_partition,architexture_binary_v1,0.8996088174663268,0.8026537419953537
learned_global_gates_all_scales,test,164,431,"cluster_1->texture_a,cluster_0->texture_b",0.05379140060677511,0.614822378796613,0.793962634723427,0.614822378796613,"[""fpn_2"", ""fpn_1"", ""fpn_0""]",fpn_2,"[""fpn_2"", ""fpn_1"", ""fpn_0""]","{""fpn_0"": [256, 288, 288], ""fpn_1"": [256, 144, 144], ""fpn_2"": [256, 72, 72]}","{""fpn_0"": [256, 72, 72], ""fpn_1"": [256, 72, 72], ""fpn_2"": [256, 72, 72]}",72,72,64,32,True,"[0.26891154050827026, -0.042122770100831985, -0.2504023313522339]","{""fpn_0"": 0.25559553503990173, ""fpn_1"": 0.3147805631160736, ""fpn_2"": 0.42962387204170227}","fpn_2=0.430,fpn_1=0.315,fpn_0=0.256",deterministic_kmeans,cosine,2,outputs/rwtd_sam3_auto/coarse_vs_fine_sam_scales/stage2/smoke_learned_global_gates_all_scales/checkpoint.pt,permutation_invariant_binary_partition,architexture_binary_v1,0.793962634723427,0.614822378796613
learned_global_gates_all_scales,test,165,432,"cluster_1->texture_a,cluster_0->texture_b",0.03755597519304576,0.7205876182908019,0.8459495984883729,0.7205876182908019,"[""fpn_2"", ""fpn_1"", ""fpn_0""]",fpn_2,"[""fpn_2"", ""fpn_1"", ""fpn_0""]","{""fpn_0"": [256, 288, 288], ""fpn_1"": [256, 144, 144], ""fpn_2"": [256, 72, 72]}","{""fpn_0"": [256, 72, 72], ""fpn_1"": [256, 72, 72], ""fpn_2"": [256, 72, 72]}",72,72,64,32,True,"[0.26891154050827026, -0.042122770100831985, -0.2504023313522339]","{""fpn_0"": 0.25559553503990173, ""fpn_1"": 0.3147805631160736, ""fpn_2"": 0.42962387204170227}","fpn_2=0.430,fpn_1=0.315,fpn_0=0.256",deterministic_kmeans,cosine,2,outputs/rwtd_sam3_auto/coarse_vs_fine_sam_scales/stage2/smoke_learned_global_gates_all_scales/checkpoint.pt,permutation_invariant_binary_partition,architexture_binary_v1,0.8459495984883729,0.7205876182908019
learned_global_gates_all_scales,test,166,434,"cluster_1->texture_a,cluster_0->texture_b",0.015505912947636301,0.8806456821850115,0.9392985228860655,0.8806456821850115,"[""fpn_2"", ""fpn_1"", ""fpn_0""]",fpn_2,"[""fpn_2"", ""fpn_1"", ""fpn_0""]","{""fpn_0"": [256, 288, 288], ""fpn_1"": [256, 144, 144], ""fpn_2"": [256, 72, 72]}","{""fpn_0"": [256, 72, 72], ""fpn_1"": [256, 72, 72], ""fpn_2"": [256, 72, 72]}",72,72,64,32,True,"[0.26891154050827026, -0.042122770100831985, -0.2504023313522339]","{""fpn_0"": 0.25559553503990173, ""fpn_1"": 0.3147805631160736, ""fpn_2"": 0.42962387204170227}","fpn_2=0.430,fpn_1=0.315,fpn_0=0.256",deterministic_kmeans,cosine,2,outputs/rwtd_sam3_auto/coarse_vs_fine_sam_scales/stage2/smoke_learned_global_gates_all_scales/checkpoint.pt,permutation_invariant_binary_partition,architexture_binary_v1,0.9392985228860655,0.8806456821850115
learned_global_gates_all_scales,test,167,44,"cluster_1->texture_a,cluster_0->texture_b",0.22575587891936413,0.007554381930092708,0.29524731037409696,0.007554381930092708,"[""fpn_2"", ""fpn_1"", ""fpn_0""]",fpn_2,"[""fpn_2"", ""fpn_1"", ""fpn_0""]","{""fpn_0"": [256, 288, 288], ""fpn_1"": [256, 144, 144], ""fpn_2"": [256, 72, 72]}","{""fpn_0"": [256, 72, 72], ""fpn_1"": [256, 72, 72], ""fpn_2"": [256, 72, 72]}",72,72,64,32,True,"[0.26891154050827026, -0.042122770100831985, -0.2504023313522339]","{""fpn_0"": 0.25559553503990173, ""fpn_1"": 0.3147805631160736, ""fpn_2"": 0.42962387204170227}","fpn_2=0.430,fpn_1=0.315,fpn_0=0.256",deterministic_kmeans,cosine,2,outputs/rwtd_sam3_auto/coarse_vs_fine_sam_scales/stage2/smoke_learned_global_gates_all_scales/checkpoint.pt,permutation_invariant_binary_partition,architexture_binary_v1,0.29524731037409696,0.007554381930092708
learned_global_gates_all_scales,test,168,440,"cluster_0->texture_a,cluster_1->texture_b",0.93121578115381,0.9057261739139714,0.008899382832254976,0.9057261739139714,"[""fpn_2"", ""fpn_1"", ""fpn_0""]",fpn_2,"[""fpn_2"", ""fpn_1"", ""fpn_0""]","{""fpn_0"": [256, 288, 288], ""fpn_1"": [256, 144, 144], ""fpn_2"": [256, 72, 72]}","{""fpn_0"": [256, 72, 72], ""fpn_1"": [256, 72, 72], ""fpn_2"": [256, 72, 72]}",72,72,64,32,True,"[0.26891154050827026, -0.042122770100831985, -0.2504023313522339]","{""fpn_0"": 0.25559553503990173, ""fpn_1"": 0.3147805631160736, ""fpn_2"": 0.42962387204170227}","fpn_2=0.430,fpn_1=0.315,fpn_0=0.256",deterministic_kmeans,cosine,2,outputs/rwtd_sam3_auto/coarse_vs_fine_sam_scales/stage2/smoke_learned_global_gates_all_scales/checkpoint.pt,permutation_invariant_binary_partition,architexture_binary_v1,0.93121578115381,0.9057261739139714
learned_global_gates_all_scales,test,169,441,"cluster_1->texture_a,cluster_0->texture_b",0.009851383299586496,0.8982363383577612,0.9266195162637001,0.8982363383577612,"[""fpn_2"", ""fpn_1"", ""fpn_0""]",fpn_2,"[""fpn_2"", ""fpn_1"", ""fpn_0""]","{""fpn_0"": [256, 288, 288], ""fpn_1"": [256, 144, 144], ""fpn_2"": [256, 72, 72]}","{""fpn_0"": [256, 72, 72], ""fpn_1"": [256, 72, 72], ""fpn_2"": [256, 72, 72]}",72,72,64,32,True,"[0.26891154050827026, -0.042122770100831985, -0.2504023313522339]","{""fpn_0"": 0.25559553503990173, ""fpn_1"": 0.3147805631160736, ""fpn_2"": 0.42962387204170227}","fpn_2=0.430,fpn_1=0.315,fpn_0=0.256",deterministic_kmeans,cosine,2,outputs/rwtd_sam3_auto/coarse_vs_fine_sam_scales/stage2/smoke_learned_global_gates_all_scales/checkpoint.pt,permutation_invariant_binary_partition,architexture_binary_v1,0.9266195162637001,0.8982363383577612
learned_global_gates_all_scales,test,170,442,"cluster_1->texture_a,cluster_0->texture_b",0.009573392170366806,0.9173655947555999,0.9466697320570238,0.9173655947555999,"[""fpn_2"", ""fpn_1"", ""fpn_0""]",fpn_2,"[""fpn_2"", ""fpn_1"", ""fpn_0""]","{""fpn_0"": [256, 288, 288], ""fpn_1"": [256, 144, 144], ""fpn_2"": [256, 72, 72]}","{""fpn_0"": [256, 72, 72], ""fpn_1"": [256, 72, 72], ""fpn_2"": [256, 72, 72]}",72,72,64,32,True,"[0.26891154050827026, -0.042122770100831985, -0.2504023313522339]","{""fpn_0"": 0.25559553503990173, ""fpn_1"": 0.3147805631160736, ""fpn_2"": 0.42962387204170227}","fpn_2=0.430,fpn_1=0.315,fpn_0=0.256",deterministic_kmeans,cosine,2,outputs/rwtd_sam3_auto/coarse_vs_fine_sam_scales/stage2/smoke_learned_global_gates_all_scales/checkpoint.pt,permutation_invariant_binary_partition,architexture_binary_v1,0.9466697320570238,0.9173655947555999
learned_global_gates_all_scales,test,171,443,"cluster_1->texture_a,cluster_0->texture_b",0.06533324479844231,0.5499510210824828,0.7663618184324472,0.5499510210824828,"[""fpn_2"", ""fpn_1"", ""fpn_0""]",fpn_2,"[""fpn_2"", ""fpn_1"", ""fpn_0""]","{""fpn_0"": [256, 288, 288], ""fpn_1"": [256, 144, 144], ""fpn_2"": [256, 72, 72]}","{""fpn_0"": [256, 72, 72], ""fpn_1"": [256, 72, 72], ""fpn_2"": [256, 72, 72]}",72,72,64,32,True,"[0.26891154050827026, -0.042122770100831985, -0.2504023313522339]","{""fpn_0"": 0.25559553503990173, ""fpn_1"": 0.3147805631160736, ""fpn_2"": 0.42962387204170227}","fpn_2=0.430,fpn_1=0.315,fpn_0=0.256",deterministic_kmeans,cosine,2,outputs/rwtd_sam3_auto/coarse_vs_fine_sam_scales/stage2/smoke_learned_global_gates_all_scales/checkpoint.pt,permutation_invariant_binary_partition,architexture_binary_v1,0.7663618184324472,0.5499510210824828
learned_global_gates_all_scales,test,172,444,"cluster_0->texture_a,cluster_1->texture_b",0.9521144072332909,0.9210326993555644,0.00962621681682672,0.9210326993555644,"[""fpn_2"", ""fpn_1"", ""fpn_0""]",fpn_2,"[""fpn_2"", ""fpn_1"", ""fpn_0""]","{""fpn_0"": [256, 288, 288], ""fpn_1"": [256, 144, 144], ""fpn_2"": [256, 72, 72]}","{""fpn_0"": [256, 72, 72], ""fpn_1"": [256, 72, 72], ""fpn_2"": [256, 72, 72]}",72,72,64,32,True,"[0.26891154050827026, -0.042122770100831985, -0.2504023313522339]","{""fpn_0"": 0.25559553503990173, ""fpn_1"": 0.3147805631160736, ""fpn_2"": 0.42962387204170227}","fpn_2=0.430,fpn_1=0.315,fpn_0=0.256",deterministic_kmeans,cosine,2,outputs/rwtd_sam3_auto/coarse_vs_fine_sam_scales/stage2/smoke_learned_global_gates_all_scales/checkpoint.pt,permutation_invariant_binary_partition,architexture_binary_v1,0.9521144072332909,0.9210326993555644
learned_global_gates_all_scales,test,173,447,"cluster_1->texture_a,cluster_0->texture_b",0.0615013590235456,0.570486681562632,0.7694152927097846,0.570486681562632,"[""fpn_2"", ""fpn_1"", ""fpn_0""]",fpn_2,"[""fpn_2"", ""fpn_1"", ""fpn_0""]","{""fpn_0"": [256, 288, 288], ""fpn_1"": [256, 144, 144], ""fpn_2"": [256, 72, 72]}","{""fpn_0"": [256, 72, 72], ""fpn_1"": [256, 72, 72], ""fpn_2"": [256, 72, 72]}",72,72,64,32,True,"[0.26891154050827026, -0.042122770100831985, -0.2504023313522339]","{""fpn_0"": 0.25559553503990173, ""fpn_1"": 0.3147805631160736, ""fpn_2"": 0.42962387204170227}","fpn_2=0.430,fpn_1=0.315,fpn_0=0.256",deterministic_kmeans,cosine,2,outputs/rwtd_sam3_auto/coarse_vs_fine_sam_scales/stage2/smoke_learned_global_gates_all_scales/checkpoint.pt,permutation_invariant_binary_partition,architexture_binary_v1,0.7694152927097846,0.570486681562632
learned_global_gates_all_scales,test,174,448,"cluster_1->texture_a,cluster_0->texture_b",0.011929771848576798,0.9075152800706083,0.95369826008745,0.9075152800706083,"[""fpn_2"", ""fpn_1"", ""fpn_0""]",fpn_2,"[""fpn_2"", ""fpn_1"", ""fpn_0""]","{""fpn_0"": [256, 288, 288], ""fpn_1"": [256, 144, 144], ""fpn_2"": [256, 72, 72]}","{""fpn_0"": [256, 72, 72], ""fpn_1"": [256, 72, 72], ""fpn_2"": [256, 72, 72]}",72,72,64,32,True,"[0.26891154050827026, -0.042122770100831985, -0.2504023313522339]","{""fpn_0"": 0.25559553503990173, ""fpn_1"": 0.3147805631160736, ""fpn_2"": 0.42962387204170227}","fpn_2=0.430,fpn_1=0.315,fpn_0=0.256",deterministic_kmeans,cosine,2,outputs/rwtd_sam3_auto/coarse_vs_fine_sam_scales/stage2/smoke_learned_global_gates_all_scales/checkpoint.pt,permutation_invariant_binary_partition,architexture_binary_v1,0.95369826008745,0.9075152800706083
learned_global_gates_all_scales,test,175,449,"cluster_1->texture_a,cluster_0->texture_b",0.01411499986598609,0.890961945848598,0.9453999212590057,0.890961945848598,"[""fpn_2"", ""fpn_1"", ""fpn_0""]",fpn_2,"[""fpn_2"", ""fpn_1"", ""fpn_0""]","{""fpn_0"": [256, 288, 288], ""fpn_1"": [256, 144, 144], ""fpn_2"": [256, 72, 72]}","{""fpn_0"": [256, 72, 72], ""fpn_1"": [256, 72, 72], ""fpn_2"": [256, 72, 72]}",72,72,64,32,True,"[0.26891154050827026, -0.042122770100831985, -0.2504023313522339]","{""fpn_0"": 0.25559553503990173, ""fpn_1"": 0.3147805631160736, ""fpn_2"": 0.42962387204170227}","fpn_2=0.430,fpn_1=0.315,fpn_0=0.256",deterministic_kmeans,cosine,2,outputs/rwtd_sam3_auto/coarse_vs_fine_sam_scales/stage2/smoke_learned_global_gates_all_scales/checkpoint.pt,permutation_invariant_binary_partition,architexture_binary_v1,0.9453999212590057,0.890961945848598
learned_global_gates_all_scales,test,176,45,"cluster_1->texture_a,cluster_0->texture_b",0.004227453380187593,0.9663229445364756,0.9820605594398741,0.9663229445364756,"[""fpn_2"", ""fpn_1"", ""fpn_0""]",fpn_2,"[""fpn_2"", ""fpn_1"", ""fpn_0""]","{""fpn_0"": [256, 288, 288], ""fpn_1"": [256, 144, 144], ""fpn_2"": [256, 72, 72]}","{""fpn_0"": [256, 72, 72], ""fpn_1"": [256, 72, 72], ""fpn_2"": [256, 72, 72]}",72,72,64,32,True,"[0.26891154050827026, -0.042122770100831985, -0.2504023313522339]","{""fpn_0"": 0.25559553503990173, ""fpn_1"": 0.3147805631160736, ""fpn_2"": 0.42962387204170227}","fpn_2=0.430,fpn_1=0.315,fpn_0=0.256",deterministic_kmeans,cosine,2,outputs/rwtd_sam3_auto/coarse_vs_fine_sam_scales/stage2/smoke_learned_global_gates_all_scales/checkpoint.pt,permutation_invariant_binary_partition,architexture_binary_v1,0.9820605594398741,0.9663229445364756
learned_global_gates_all_scales,test,177,450,"cluster_1->texture_a,cluster_0->texture_b",0.05256117672686933,0.6243950180701768,0.8088413527855924,0.6243950180701768,"[""fpn_2"", ""fpn_1"", ""fpn_0""]",fpn_2,"[""fpn_2"", ""fpn_1"", ""fpn_0""]","{""fpn_0"": [256, 288, 288], ""fpn_1"": [256, 144, 144], ""fpn_2"": [256, 72, 72]}","{""fpn_0"": [256, 72, 72], ""fpn_1"": [256, 72, 72], ""fpn_2"": [256, 72, 72]}",72,72,64,32,True,"[0.26891154050827026, -0.042122770100831985, -0.2504023313522339]","{""fpn_0"": 0.25559553503990173, ""fpn_1"": 0.3147805631160736, ""fpn_2"": 0.42962387204170227}","fpn_2=0.430,fpn_1=0.315,fpn_0=0.256",deterministic_kmeans,cosine,2,outputs/rwtd_sam3_auto/coarse_vs_fine_sam_scales/stage2/smoke_learned_global_gates_all_scales/checkpoint.pt,permutation_invariant_binary_partition,architexture_binary_v1,0.8088413527855924,0.6243950180701768
learned_global_gates_all_scales,test,178,451,"cluster_1->texture_a,cluster_0->texture_b",0.009417362866309752,0.9220611239423654,0.9520249512950137,0.9220611239423654,"[""fpn_2"", ""fpn_1"", ""fpn_0""]",fpn_2,"[""fpn_2"", ""fpn_1"", ""fpn_0""]","{""fpn_0"": [256, 288, 288], ""fpn_1"": [256, 144, 144], ""fpn_2"": [256, 72, 72]}","{""fpn_0"": [256, 72, 72], ""fpn_1"": [256, 72, 72], ""fpn_2"": [256, 72, 72]}",72,72,64,32,True,"[0.26891154050827026, -0.042122770100831985, -0.2504023313522339]","{""fpn_0"": 0.25559553503990173, ""fpn_1"": 0.3147805631160736, ""fpn_2"": 0.42962387204170227}","fpn_2=0.430,fpn_1=0.315,fpn_0=0.256",deterministic_kmeans,cosine,2,outputs/rwtd_sam3_auto/coarse_vs_fine_sam_scales/stage2/smoke_learned_global_gates_all_scales/checkpoint.pt,permutation_invariant_binary_partition,architexture_binary_v1,0.9520249512950137,0.9220611239423654
learned_global_gates_all_scales,test,179,452,"cluster_0->texture_a,cluster_1->texture_b",0.9126097666421752,0.8302983248065358,0.022236443532643427,0.8302983248065358,"[""fpn_2"", ""fpn_1"", ""fpn_0""]",fpn_2,"[""fpn_2"", ""fpn_1"", ""fpn_0""]","{""fpn_0"": [256, 288, 288], ""fpn_1"": [256, 144, 144], ""fpn_2"": [256, 72, 72]}","{""fpn_0"": [256, 72, 72], ""fpn_1"": [256, 72, 72], ""fpn_2"": [256, 72, 72]}",72,72,64,32,True,"[0.26891154050827026, -0.042122770100831985, -0.2504023313522339]","{""fpn_0"": 0.25559553503990173, ""fpn_1"": 0.3147805631160736, ""fpn_2"": 0.42962387204170227}","fpn_2=0.430,fpn_1=0.315,fpn_0=0.256",deterministic_kmeans,cosine,2,outputs/rwtd_sam3_auto/coarse_vs_fine_sam_scales/stage2/smoke_learned_global_gates_all_scales/checkpoint.pt,permutation_invariant_binary_partition,architexture_binary_v1,0.9126097666421752,0.8302983248065358
learned_global_gates_all_scales,test,180,453,"cluster_1->texture_a,cluster_0->texture_b",0.03437484875378829,0.7436237235566602,0.8621923511576327,0.7436237235566602,"[""fpn_2"", ""fpn_1"", ""fpn_0""]",fpn_2,"[""fpn_2"", ""fpn_1"", ""fpn_0""]","{""fpn_0"": [256, 288, 288], ""fpn_1"": [256, 144, 144], ""fpn_2"": [256, 72, 72]}","{""fpn_0"": [256, 72, 72], ""fpn_1"": [256, 72, 72], ""fpn_2"": [256, 72, 72]}",72,72,64,32,True,"[0.26891154050827026, -0.042122770100831985, -0.2504023313522339]","{""fpn_0"": 0.25559553503990173, ""fpn_1"": 0.3147805631160736, ""fpn_2"": 0.42962387204170227}","fpn_2=0.430,fpn_1=0.315,fpn_0=0.256",deterministic_kmeans,cosine,2,outputs/rwtd_sam3_auto/coarse_vs_fine_sam_scales/stage2/smoke_learned_global_gates_all_scales/checkpoint.pt,permutation_invariant_binary_partition,architexture_binary_v1,0.8621923511576327,0.7436237235566602
learned_global_gates_all_scales,test,181,455,"cluster_0->texture_a,cluster_1->texture_b",0.9468659471059289,0.9196691716055816,0.009049463624794843,0.9196691716055816,"[""fpn_2"", ""fpn_1"", ""fpn_0""]",fpn_2,"[""fpn_2"", ""fpn_1"", ""fpn_0""]","{""fpn_0"": [256, 288, 288], ""fpn_1"": [256, 144, 144], ""fpn_2"": [256, 72, 72]}","{""fpn_0"": [256, 72, 72], ""fpn_1"": [256, 72, 72], ""fpn_2"": [256, 72, 72]}",72,72,64,32,True,"[0.26891154050827026, -0.042122770100831985, -0.2504023313522339]","{""fpn_0"": 0.25559553503990173, ""fpn_1"": 0.3147805631160736, ""fpn_2"": 0.42962387204170227}","fpn_2=0.430,fpn_1=0.315,fpn_0=0.256",deterministic_kmeans,cosine,2,outputs/rwtd_sam3_auto/coarse_vs_fine_sam_scales/stage2/smoke_learned_global_gates_all_scales/checkpoint.pt,permutation_invariant_binary_partition,architexture_binary_v1,0.9468659471059289,0.9196691716055816
learned_global_gates_all_scales,test,182,456,"cluster_0->texture_a,cluster_1->texture_b",0.8933958017561271,0.8017001116009426,0.026368803171101286,0.8017001116009426,"[""fpn_2"", ""fpn_1"", ""fpn_0""]",fpn_2,"[""fpn_2"", ""fpn_1"", ""fpn_0""]","{""fpn_0"": [256, 288, 288], ""fpn_1"": [256, 144, 144], ""fpn_2"": [256, 72, 72]}","{""fpn_0"": [256, 72, 72], ""fpn_1"": [256, 72, 72], ""fpn_2"": [256, 72, 72]}",72,72,64,32,True,"[0.26891154050827026, -0.042122770100831985, -0.2504023313522339]","{""fpn_0"": 0.25559553503990173, ""fpn_1"": 0.3147805631160736, ""fpn_2"": 0.42962387204170227}","fpn_2=0.430,fpn_1=0.315,fpn_0=0.256",deterministic_kmeans,cosine,2,outputs/rwtd_sam3_auto/coarse_vs_fine_sam_scales/stage2/smoke_learned_global_gates_all_scales/checkpoint.pt,permutation_invariant_binary_partition,architexture_binary_v1,0.8933958017561271,0.8017001116009426
learned_global_gates_all_scales,test,183,457,"cluster_1->texture_a,cluster_0->texture_b",0.00851122486909768,0.9322488458147588,0.9621042331104885,0.9322488458147588,"[""fpn_2"", ""fpn_1"", ""fpn_0""]",fpn_2,"[""fpn_2"", ""fpn_1"", ""fpn_0""]","{""fpn_0"": [256, 288, 288], ""fpn_1"": [256, 144, 144], ""fpn_2"": [256, 72, 72]}","{""fpn_0"": [256, 72, 72], ""fpn_1"": [256, 72, 72], ""fpn_2"": [256, 72, 72]}",72,72,64,32,True,"[0.26891154050827026, -0.042122770100831985, -0.2504023313522339]","{""fpn_0"": 0.25559553503990173, ""fpn_1"": 0.3147805631160736, ""fpn_2"": 0.42962387204170227}","fpn_2=0.430,fpn_1=0.315,fpn_0=0.256",deterministic_kmeans,cosine,2,outputs/rwtd_sam3_auto/coarse_vs_fine_sam_scales/stage2/smoke_learned_global_gates_all_scales/checkpoint.pt,permutation_invariant_binary_partition,architexture_binary_v1,0.9621042331104885,0.9322488458147588
learned_global_gates_all_scales,test,184,461,"cluster_1->texture_a,cluster_0->texture_b",0.025609911382951798,0.8057506742910261,0.9007731357348423,0.8057506742910261,"[""fpn_2"", ""fpn_1"", ""fpn_0""]",fpn_2,"[""fpn_2"", ""fpn_1"", ""fpn_0""]","{""fpn_0"": [256, 288, 288], ""fpn_1"": [256, 144, 144], ""fpn_2"": [256, 72, 72]}","{""fpn_0"": [256, 72, 72], ""fpn_1"": [256, 72, 72], ""fpn_2"": [256, 72, 72]}",72,72,64,32,True,"[0.26891154050827026, -0.042122770100831985, -0.2504023313522339]","{""fpn_0"": 0.25559553503990173, ""fpn_1"": 0.3147805631160736, ""fpn_2"": 0.42962387204170227}","fpn_2=0.430,fpn_1=0.315,fpn_0=0.256",deterministic_kmeans,cosine,2,outputs/rwtd_sam3_auto/coarse_vs_fine_sam_scales/stage2/smoke_learned_global_gates_all_scales/checkpoint.pt,permutation_invariant_binary_partition,architexture_binary_v1,0.9007731357348423,0.8057506742910261
learned_global_gates_all_scales,test,185,463,"cluster_1->texture_a,cluster_0->texture_b",0.03625528735414258,0.7173595854069257,0.8318928666746596,0.7173595854069257,"[""fpn_2"", ""fpn_1"", ""fpn_0""]",fpn_2,"[""fpn_2"", ""fpn_1"", ""fpn_0""]","{""fpn_0"": [256, 288, 288], ""fpn_1"": [256, 144, 144], ""fpn_2"": [256, 72, 72]}","{""fpn_0"": [256, 72, 72], ""fpn_1"": [256, 72, 72], ""fpn_2"": [256, 72, 72]}",72,72,64,32,True,"[0.26891154050827026, -0.042122770100831985, -0.2504023313522339]","{""fpn_0"": 0.25559553503990173, ""fpn_1"": 0.3147805631160736, ""fpn_2"": 0.42962387204170227}","fpn_2=0.430,fpn_1=0.315,fpn_0=0.256",deterministic_kmeans,cosine,2,outputs/rwtd_sam3_auto/coarse_vs_fine_sam_scales/stage2/smoke_learned_global_gates_all_scales/checkpoint.pt,permutation_invariant_binary_partition,architexture_binary_v1,0.8318928666746596,0.7173595854069257
learned_global_gates_all_scales,test,186,464,"cluster_1->texture_a,cluster_0->texture_b",0.011136558325395665,0.9133621382610242,0.9552911755855338,0.9133621382610242,"[""fpn_2"", ""fpn_1"", ""fpn_0""]",fpn_2,"[""fpn_2"", ""fpn_1"", ""fpn_0""]","{""fpn_0"": [256, 288, 288], ""fpn_1"": [256, 144, 144], ""fpn_2"": [256, 72, 72]}","{""fpn_0"": [256, 72, 72], ""fpn_1"": [256, 72, 72], ""fpn_2"": [256, 72, 72]}",72,72,64,32,True,"[0.26891154050827026, -0.042122770100831985, -0.2504023313522339]","{""fpn_0"": 0.25559553503990173, ""fpn_1"": 0.3147805631160736, ""fpn_2"": 0.42962387204170227}","fpn_2=0.430,fpn_1=0.315,fpn_0=0.256",deterministic_kmeans,cosine,2,outputs/rwtd_sam3_auto/coarse_vs_fine_sam_scales/stage2/smoke_learned_global_gates_all_scales/checkpoint.pt,permutation_invariant_binary_partition,architexture_binary_v1,0.9552911755855338,0.9133621382610242
learned_global_gates_all_scales,test,187,465,"cluster_0->texture_a,cluster_1->texture_b",0.9369712821277434,0.9011823657451181,0.011620805784045046,0.9011823657451181,"[""fpn_2"", ""fpn_1"", ""fpn_0""]",fpn_2,"[""fpn_2"", ""fpn_1"", ""fpn_0""]","{""fpn_0"": [256, 288, 288], ""fpn_1"": [256, 144, 144], ""fpn_2"": [256, 72, 72]}","{""fpn_0"": [256, 72, 72], ""fpn_1"": [256, 72, 72], ""fpn_2"": [256, 72, 72]}",72,72,64,32,True,"[0.26891154050827026, -0.042122770100831985, -0.2504023313522339]","{""fpn_0"": 0.25559553503990173, ""fpn_1"": 0.3147805631160736, ""fpn_2"": 0.42962387204170227}","fpn_2=0.430,fpn_1=0.315,fpn_0=0.256",deterministic_kmeans,cosine,2,outputs/rwtd_sam3_auto/coarse_vs_fine_sam_scales/stage2/smoke_learned_global_gates_all_scales/checkpoint.pt,permutation_invariant_binary_partition,architexture_binary_v1,0.9369712821277434,0.9011823657451181
learned_global_gates_all_scales,test,188,466,"cluster_1->texture_a,cluster_0->texture_b",0.060976434031573205,0.5166662886530191,0.6981309951042859,0.5166662886530191,"[""fpn_2"", ""fpn_1"", ""fpn_0""]",fpn_2,"[""fpn_2"", ""fpn_1"", ""fpn_0""]","{""fpn_0"": [256, 288, 288], ""fpn_1"": [256, 144, 144], ""fpn_2"": [256, 72, 72]}","{""fpn_0"": [256, 72, 72], ""fpn_1"": [256, 72, 72], ""fpn_2"": [256, 72, 72]}",72,72,64,32,True,"[0.26891154050827026, -0.042122770100831985, -0.2504023313522339]","{""fpn_0"": 0.25559553503990173, ""fpn_1"": 0.3147805631160736, ""fpn_2"": 0.42962387204170227}","fpn_2=0.430,fpn_1=0.315,fpn_0=0.256",deterministic_kmeans,cosine,2,outputs/rwtd_sam3_auto/coarse_vs_fine_sam_scales/stage2/smoke_learned_global_gates_all_scales/checkpoint.pt,permutation_invariant_binary_partition,architexture_binary_v1,0.6981309951042859,0.5166662886530191
learned_global_gates_all_scales,test,189,467,"cluster_0->texture_a,cluster_1->texture_b",0.8653834988867382,0.7467826124911262,0.034923475532560554,0.7467826124911262,"[""fpn_2"", ""fpn_1"", ""fpn_0""]",fpn_2,"[""fpn_2"", ""fpn_1"", ""fpn_0""]","{""fpn_0"": [256, 288, 288], ""fpn_1"": [256, 144, 144], ""fpn_2"": [256, 72, 72]}","{""fpn_0"": [256, 72, 72], ""fpn_1"": [256, 72, 72], ""fpn_2"": [256, 72, 72]}",72,72,64,32,True,"[0.26891154050827026, -0.042122770100831985, -0.2504023313522339]","{""fpn_0"": 0.25559553503990173, ""fpn_1"": 0.3147805631160736, ""fpn_2"": 0.42962387204170227}","fpn_2=0.430,fpn_1=0.315,fpn_0=0.256",deterministic_kmeans,cosine,2,outputs/rwtd_sam3_auto/coarse_vs_fine_sam_scales/stage2/smoke_learned_global_gates_all_scales/checkpoint.pt,permutation_invariant_binary_partition,architexture_binary_v1,0.8653834988867382,0.7467826124911262
learned_global_gates_all_scales,test,190,468,"cluster_0->texture_a,cluster_1->texture_b",0.9425609168709037,0.8866832132762079,0.014742379609075484,0.8866832132762079,"[""fpn_2"", ""fpn_1"", ""fpn_0""]",fpn_2,"[""fpn_2"", ""fpn_1"", ""fpn_0""]","{""fpn_0"": [256, 288, 288], ""fpn_1"": [256, 144, 144], ""fpn_2"": [256, 72, 72]}","{""fpn_0"": [256, 72, 72], ""fpn_1"": [256, 72, 72], ""fpn_2"": [256, 72, 72]}",72,72,64,32,True,"[0.26891154050827026, -0.042122770100831985, -0.2504023313522339]","{""fpn_0"": 0.25559553503990173, ""fpn_1"": 0.3147805631160736, ""fpn_2"": 0.42962387204170227}","fpn_2=0.430,fpn_1=0.315,fpn_0=0.256",deterministic_kmeans,cosine,2,outputs/rwtd_sam3_auto/coarse_vs_fine_sam_scales/stage2/smoke_learned_global_gates_all_scales/checkpoint.pt,permutation_invariant_binary_partition,architexture_binary_v1,0.9425609168709037,0.8866832132762079
learned_global_gates_all_scales,test,191,469,"cluster_1->texture_a,cluster_0->texture_b",0.017017090846080024,0.8691560217628531,0.9282250002187067,0.8691560217628531,"[""fpn_2"", ""fpn_1"", ""fpn_0""]",fpn_2,"[""fpn_2"", ""fpn_1"", ""fpn_0""]","{""fpn_0"": [256, 288, 288], ""fpn_1"": [256, 144, 144], ""fpn_2"": [256, 72, 72]}","{""fpn_0"": [256, 72, 72], ""fpn_1"": [256, 72, 72], ""fpn_2"": [256, 72, 72]}",72,72,64,32,True,"[0.26891154050827026, -0.042122770100831985, -0.2504023313522339]","{""fpn_0"": 0.25559553503990173, ""fpn_1"": 0.3147805631160736, ""fpn_2"": 0.42962387204170227}","fpn_2=0.430,fpn_1=0.315,fpn_0=0.256",deterministic_kmeans,cosine,2,outputs/rwtd_sam3_auto/coarse_vs_fine_sam_scales/stage2/smoke_learned_global_gates_all_scales/checkpoint.pt,permutation_invariant_binary_partition,architexture_binary_v1,0.9282250002187067,0.8691560217628531
learned_global_gates_all_scales,test,192,47,"cluster_1->texture_a,cluster_0->texture_b",0.011052731508171702,0.9144475300098796,0.9571336249894532,0.9144475300098796,"[""fpn_2"", ""fpn_1"", ""fpn_0""]",fpn_2,"[""fpn_2"", ""fpn_1"", ""fpn_0""]","{""fpn_0"": [256, 288, 288], ""fpn_1"": [256, 144, 144], ""fpn_2"": [256, 72, 72]}","{""fpn_0"": [256, 72, 72], ""fpn_1"": [256, 72, 72], ""fpn_2"": [256, 72, 72]}",72,72,64,32,True,"[0.26891154050827026, -0.042122770100831985, -0.2504023313522339]","{""fpn_0"": 0.25559553503990173, ""fpn_1"": 0.3147805631160736, ""fpn_2"": 0.42962387204170227}","fpn_2=0.430,fpn_1=0.315,fpn_0=0.256",deterministic_kmeans,cosine,2,outputs/rwtd_sam3_auto/coarse_vs_fine_sam_scales/stage2/smoke_learned_global_gates_all_scales/checkpoint.pt,permutation_invariant_binary_partition,architexture_binary_v1,0.9571336249894532,0.9144475300098796
learned_global_gates_all_scales,test,193,471,"cluster_0->texture_a,cluster_1->texture_b",0.9124364936225365,0.8378533107390035,0.02121585605407129,0.8378533107390035,"[""fpn_2"", ""fpn_1"", ""fpn_0""]",fpn_2,"[""fpn_2"", ""fpn_1"", ""fpn_0""]","{""fpn_0"": [256, 288, 288], ""fpn_1"": [256, 144, 144], ""fpn_2"": [256, 72, 72]}","{""fpn_0"": [256, 72, 72], ""fpn_1"": [256, 72, 72], ""fpn_2"": [256, 72, 72]}",72,72,64,32,True,"[0.26891154050827026, -0.042122770100831985, -0.2504023313522339]","{""fpn_0"": 0.25559553503990173, ""fpn_1"": 0.3147805631160736, ""fpn_2"": 0.42962387204170227}","fpn_2=0.430,fpn_1=0.315,fpn_0=0.256",deterministic_kmeans,cosine,2,outputs/rwtd_sam3_auto/coarse_vs_fine_sam_scales/stage2/smoke_learned_global_gates_all_scales/checkpoint.pt,permutation_invariant_binary_partition,architexture_binary_v1,0.9124364936225365,0.8378533107390035
learned_global_gates_all_scales,test,194,472,"cluster_1->texture_a,cluster_0->texture_b",0.026386978928503432,0.801056867976423,0.9001138915144753,0.801056867976423,"[""fpn_2"", ""fpn_1"", ""fpn_0""]",fpn_2,"[""fpn_2"", ""fpn_1"", ""fpn_0""]","{""fpn_0"": [256, 288, 288], ""fpn_1"": [256, 144, 144], ""fpn_2"": [256, 72, 72]}","{""fpn_0"": [256, 72, 72], ""fpn_1"": [256, 72, 72], ""fpn_2"": [256, 72, 72]}",72,72,64,32,True,"[0.26891154050827026, -0.042122770100831985, -0.2504023313522339]","{""fpn_0"": 0.25559553503990173, ""fpn_1"": 0.3147805631160736, ""fpn_2"": 0.42962387204170227}","fpn_2=0.430,fpn_1=0.315,fpn_0=0.256",deterministic_kmeans,cosine,2,outputs/rwtd_sam3_auto/coarse_vs_fine_sam_scales/stage2/smoke_learned_global_gates_all_scales/checkpoint.pt,permutation_invariant_binary_partition,architexture_binary_v1,0.9001138915144753,0.801056867976423
learned_global_gates_all_scales,test,195,473,"cluster_1->texture_a,cluster_0->texture_b",0.04649610616421749,0.6506212026476631,0.793044088778619,0.6506212026476631,"[""fpn_2"", ""fpn_1"", ""fpn_0""]",fpn_2,"[""fpn_2"", ""fpn_1"", ""fpn_0""]","{""fpn_0"": [256, 288, 288], ""fpn_1"": [256, 144, 144], ""fpn_2"": [256, 72, 72]}","{""fpn_0"": [256, 72, 72], ""fpn_1"": [256, 72, 72], ""fpn_2"": [256, 72, 72]}",72,72,64,32,True,"[0.26891154050827026, -0.042122770100831985, -0.2504023313522339]","{""fpn_0"": 0.25559553503990173, ""fpn_1"": 0.3147805631160736, ""fpn_2"": 0.42962387204170227}","fpn_2=0.430,fpn_1=0.315,fpn_0=0.256",deterministic_kmeans,cosine,2,outputs/rwtd_sam3_auto/coarse_vs_fine_sam_scales/stage2/smoke_learned_global_gates_all_scales/checkpoint.pt,permutation_invariant_binary_partition,architexture_binary_v1,0.793044088778619,0.6506212026476631
learned_global_gates_all_scales,test,196,474,"cluster_0->texture_a,cluster_1->texture_b",0.8960369350218346,0.8374715411954621,0.019309583186535785,0.8374715411954621,"[""fpn_2"", ""fpn_1"", ""fpn_0""]",fpn_2,"[""fpn_2"", ""fpn_1"", ""fpn_0""]","{""fpn_0"": [256, 288, 288], ""fpn_1"": [256, 144, 144], ""fpn_2"": [256, 72, 72]}","{""fpn_0"": [256, 72, 72], ""fpn_1"": [256, 72, 72], ""fpn_2"": [256, 72, 72]}",72,72,64,32,True,"[0.26891154050827026, -0.042122770100831985, -0.2504023313522339]","{""fpn_0"": 0.25559553503990173, ""fpn_1"": 0.3147805631160736, ""fpn_2"": 0.42962387204170227}","fpn_2=0.430,fpn_1=0.315,fpn_0=0.256",deterministic_kmeans,cosine,2,outputs/rwtd_sam3_auto/coarse_vs_fine_sam_scales/stage2/smoke_learned_global_gates_all_scales/checkpoint.pt,permutation_invariant_binary_partition,architexture_binary_v1,0.8960369350218346,0.8374715411954621
learned_global_gates_all_scales,test,197,476,"cluster_1->texture_a,cluster_0->texture_b",0.017184924021069588,0.8669776228022211,0.9282423464758354,0.8669776228022211,"[""fpn_2"", ""fpn_1"", ""fpn_0""]",fpn_2,"[""fpn_2"", ""fpn_1"", ""fpn_0""]","{""fpn_0"": [256, 288, 288], ""fpn_1"": [256, 144, 144], ""fpn_2"": [256, 72, 72]}","{""fpn_0"": [256, 72, 72], ""fpn_1"": [256, 72, 72], ""fpn_2"": [256, 72, 72]}",72,72,64,32,True,"[0.26891154050827026, -0.042122770100831985, -0.2504023313522339]","{""fpn_0"": 0.25559553503990173, ""fpn_1"": 0.3147805631160736, ""fpn_2"": 0.42962387204170227}","fpn_2=0.430,fpn_1=0.315,fpn_0=0.256",deterministic_kmeans,cosine,2,outputs/rwtd_sam3_auto/coarse_vs_fine_sam_scales/stage2/smoke_learned_global_gates_all_scales/checkpoint.pt,permutation_invariant_binary_partition,architexture_binary_v1,0.9282423464758354,0.8669776228022211
learned_global_gates_all_scales,test,198,478,"cluster_0->texture_a,cluster_1->texture_b",0.935591226951776,0.8893574749722948,0.013966090626811143,0.8893574749722948,"[""fpn_2"", ""fpn_1"", ""fpn_0""]",fpn_2,"[""fpn_2"", ""fpn_1"", ""fpn_0""]","{""fpn_0"": [256, 288, 288], ""fpn_1"": [256, 144, 144], ""fpn_2"": [256, 72, 72]}","{""fpn_0"": [256, 72, 72], ""fpn_1"": [256, 72, 72], ""fpn_2"": [256, 72, 72]}",72,72,64,32,True,"[0.26891154050827026, -0.042122770100831985, -0.2504023313522339]","{""fpn_0"": 0.25559553503990173, ""fpn_1"": 0.3147805631160736, ""fpn_2"": 0.42962387204170227}","fpn_2=0.430,fpn_1=0.315,fpn_0=0.256",deterministic_kmeans,cosine,2,outputs/rwtd_sam3_auto/coarse_vs_fine_sam_scales/stage2/smoke_learned_global_gates_all_scales/checkpoint.pt,permutation_invariant_binary_partition,architexture_binary_v1,0.935591226951776,0.8893574749722948
learned_global_gates_all_scales,test,199,479,"cluster_0->texture_a,cluster_1->texture_b",0.8319927539743426,0.7497558196565205,0.02686989998529494,0.7497558196565205,"[""fpn_2"", ""fpn_1"", ""fpn_0""]",fpn_2,"[""fpn_2"", ""fpn_1"", ""fpn_0""]","{""fpn_0"": [256, 288, 288], ""fpn_1"": [256, 144, 144], ""fpn_2"": [256, 72, 72]}","{""fpn_0"": [256, 72, 72], ""fpn_1"": [256, 72, 72], ""fpn_2"": [256, 72, 72]}",72,72,64,32,True,"[0.26891154050827026, -0.042122770100831985, -0.2504023313522339]","{""fpn_0"": 0.25559553503990173, ""fpn_1"": 0.3147805631160736, ""fpn_2"": 0.42962387204170227}","fpn_2=0.430,fpn_1=0.315,fpn_0=0.256",deterministic_kmeans,cosine,2,outputs/rwtd_sam3_auto/coarse_vs_fine_sam_scales/stage2/smoke_learned_global_gates_all_scales/checkpoint.pt,permutation_invariant_binary_partition,architexture_binary_v1,0.8319927539743426,0.7497558196565205
learned_global_gates_all_scales,test,200,48,"cluster_0->texture_a,cluster_1->texture_b",0.9181471916194873,0.8512055868671553,0.019482310228971775,0.8512055868671553,"[""fpn_2"", ""fpn_1"", ""fpn_0""]",fpn_2,"[""fpn_2"", ""fpn_1"", ""fpn_0""]","{""fpn_0"": [256, 288, 288], ""fpn_1"": [256, 144, 144], ""fpn_2"": [256, 72, 72]}","{""fpn_0"": [256, 72, 72], ""fpn_1"": [256, 72, 72], ""fpn_2"": [256, 72, 72]}",72,72,64,32,True,"[0.26891154050827026, -0.042122770100831985, -0.2504023313522339]","{""fpn_0"": 0.25559553503990173, ""fpn_1"": 0.3147805631160736, ""fpn_2"": 0.42962387204170227}","fpn_2=0.430,fpn_1=0.315,fpn_0=0.256",deterministic_kmeans,cosine,2,outputs/rwtd_sam3_auto/coarse_vs_fine_sam_scales/stage2/smoke_learned_global_gates_all_scales/checkpoint.pt,permutation_invariant_binary_partition,architexture_binary_v1,0.9181471916194873,0.8512055868671553
learned_global_gates_all_scales,test,201,485,"cluster_1->texture_a,cluster_0->texture_b",0.016294251354919055,0.8751915710622191,0.9362894081511883,0.8751915710622191,"[""fpn_2"", ""fpn_1"", ""fpn_0""]",fpn_2,"[""fpn_2"", ""fpn_1"", ""fpn_0""]","{""fpn_0"": [256, 288, 288], ""fpn_1"": [256, 144, 144], ""fpn_2"": [256, 72, 72]}","{""fpn_0"": [256, 72, 72], ""fpn_1"": [256, 72, 72], ""fpn_2"": [256, 72, 72]}",72,72,64,32,True,"[0.26891154050827026, -0.042122770100831985, -0.2504023313522339]","{""fpn_0"": 0.25559553503990173, ""fpn_1"": 0.3147805631160736, ""fpn_2"": 0.42962387204170227}","fpn_2=0.430,fpn_1=0.315,fpn_0=0.256",deterministic_kmeans,cosine,2,outputs/rwtd_sam3_auto/coarse_vs_fine_sam_scales/stage2/smoke_learned_global_gates_all_scales/checkpoint.pt,permutation_invariant_binary_partition,architexture_binary_v1,0.9362894081511883,0.8751915710622191
learned_global_gates_all_scales,test,202,492,"cluster_1->texture_a,cluster_0->texture_b",0.011871337890625,0.9072658803416703,0.9529850307474164,0.9072658803416703,"[""fpn_2"", ""fpn_1"", ""fpn_0""]",fpn_2,"[""fpn_2"", ""fpn_1"", ""fpn_0""]","{""fpn_0"": [256, 288, 288], ""fpn_1"": [256, 144, 144], ""fpn_2"": [256, 72, 72]}","{""fpn_0"": [256, 72, 72], ""fpn_1"": [256, 72, 72], ""fpn_2"": [256, 72, 72]}",72,72,64,32,True,"[0.26891154050827026, -0.042122770100831985, -0.2504023313522339]","{""fpn_0"": 0.25559553503990173, ""fpn_1"": 0.3147805631160736, ""fpn_2"": 0.42962387204170227}","fpn_2=0.430,fpn_1=0.315,fpn_0=0.256",deterministic_kmeans,cosine,2,outputs/rwtd_sam3_auto/coarse_vs_fine_sam_scales/stage2/smoke_learned_global_gates_all_scales/checkpoint.pt,permutation_invariant_binary_partition,architexture_binary_v1,0.9529850307474164,0.9072658803416703
learned_global_gates_all_scales,test,203,5,"cluster_0->texture_a,cluster_1->texture_b",0.9653398963420398,0.9394675552634338,0.007528794824318615,0.9394675552634338,"[""fpn_2"", ""fpn_1"", ""fpn_0""]",fpn_2,"[""fpn_2"", ""fpn_1"", ""fpn_0""]","{""fpn_0"": [256, 288, 288], ""fpn_1"": [256, 144, 144], ""fpn_2"": [256, 72, 72]}","{""fpn_0"": [256, 72, 72], ""fpn_1"": [256, 72, 72], ""fpn_2"": [256, 72, 72]}",72,72,64,32,True,"[0.26891154050827026, -0.042122770100831985, -0.2504023313522339]","{""fpn_0"": 0.25559553503990173, ""fpn_1"": 0.3147805631160736, ""fpn_2"": 0.42962387204170227}","fpn_2=0.430,fpn_1=0.315,fpn_0=0.256",deterministic_kmeans,cosine,2,outputs/rwtd_sam3_auto/coarse_vs_fine_sam_scales/stage2/smoke_learned_global_gates_all_scales/checkpoint.pt,permutation_invariant_binary_partition,architexture_binary_v1,0.9653398963420398,0.9394675552634338
learned_global_gates_all_scales,test,204,51,"cluster_1->texture_a,cluster_0->texture_b",0.005424651117122302,0.9572532470615109,0.9786013048684041,0.9572532470615109,"[""fpn_2"", ""fpn_1"", ""fpn_0""]",fpn_2,"[""fpn_2"", ""fpn_1"", ""fpn_0""]","{""fpn_0"": [256, 288, 288], ""fpn_1"": [256, 144, 144], ""fpn_2"": [256, 72, 72]}","{""fpn_0"": [256, 72, 72], ""fpn_1"": [256, 72, 72], ""fpn_2"": [256, 72, 72]}",72,72,64,32,True,"[0.26891154050827026, -0.042122770100831985, -0.2504023313522339]","{""fpn_0"": 0.25559553503990173, ""fpn_1"": 0.3147805631160736, ""fpn_2"": 0.42962387204170227}","fpn_2=0.430,fpn_1=0.315,fpn_0=0.256",deterministic_kmeans,cosine,2,outputs/rwtd_sam3_auto/coarse_vs_fine_sam_scales/stage2/smoke_learned_global_gates_all_scales/checkpoint.pt,permutation_invariant_binary_partition,architexture_binary_v1,0.9786013048684041,0.9572532470615109
learned_global_gates_all_scales,test,205,56,"cluster_1->texture_a,cluster_0->texture_b",0.014726544760103655,0.8871542884493792,0.9430429884679716,0.8871542884493792,"[""fpn_2"", ""fpn_1"", ""fpn_0""]",fpn_2,"[""fpn_2"", ""fpn_1"", ""fpn_0""]","{""fpn_0"": [256, 288, 288], ""fpn_1"": [256, 144, 144], ""fpn_2"": [256, 72, 72]}","{""fpn_0"": [256, 72, 72], ""fpn_1"": [256, 72, 72], ""fpn_2"": [256, 72, 72]}",72,72,64,32,True,"[0.26891154050827026, -0.042122770100831985, -0.2504023313522339]","{""fpn_0"": 0.25559553503990173, ""fpn_1"": 0.3147805631160736, ""fpn_2"": 0.42962387204170227}","fpn_2=0.430,fpn_1=0.315,fpn_0=0.256",deterministic_kmeans,cosine,2,outputs/rwtd_sam3_auto/coarse_vs_fine_sam_scales/stage2/smoke_learned_global_gates_all_scales/checkpoint.pt,permutation_invariant_binary_partition,architexture_binary_v1,0.9430429884679716,0.8871542884493792
learned_global_gates_all_scales,test,206,58,"cluster_0->texture_a,cluster_1->texture_b",0.963612650557726,0.9273920501568189,0.009328717564454542,0.9273920501568189,"[""fpn_2"", ""fpn_1"", ""fpn_0""]",fpn_2,"[""fpn_2"", ""fpn_1"", ""fpn_0""]","{""fpn_0"": [256, 288, 288], ""fpn_1"": [256, 144, 144], ""fpn_2"": [256, 72, 72]}","{""fpn_0"": [256, 72, 72], ""fpn_1"": [256, 72, 72], ""fpn_2"": [256, 72, 72]}",72,72,64,32,True,"[0.26891154050827026, -0.042122770100831985, -0.2504023313522339]","{""fpn_0"": 0.25559553503990173, ""fpn_1"": 0.3147805631160736, ""fpn_2"": 0.42962387204170227}","fpn_2=0.430,fpn_1=0.315,fpn_0=0.256",deterministic_kmeans,cosine,2,outputs/rwtd_sam3_auto/coarse_vs_fine_sam_scales/stage2/smoke_learned_global_gates_all_scales/checkpoint.pt,permutation_invariant_binary_partition,architexture_binary_v1,0.963612650557726,0.9273920501568189
learned_global_gates_all_scales,test,207,59,"cluster_1->texture_a,cluster_0->texture_b",0.011115743027611005,0.9139775796205785,0.956712077027267,0.9139775796205785,"[""fpn_2"", ""fpn_1"", ""fpn_0""]",fpn_2,"[""fpn_2"", ""fpn_1"", ""fpn_0""]","{""fpn_0"": [256, 288, 288], ""fpn_1"": [256, 144, 144], ""fpn_2"": [256, 72, 72]}","{""fpn_0"": [256, 72, 72], ""fpn_1"": [256, 72, 72], ""fpn_2"": [256, 72, 72]}",72,72,64,32,True,"[0.26891154050827026, -0.042122770100831985, -0.2504023313522339]","{""fpn_0"": 0.25559553503990173, ""fpn_1"": 0.3147805631160736, ""fpn_2"": 0.42962387204170227}","fpn_2=0.430,fpn_1=0.315,fpn_0=0.256",deterministic_kmeans,cosine,2,outputs/rwtd_sam3_auto/coarse_vs_fine_sam_scales/stage2/smoke_learned_global_gates_all_scales/checkpoint.pt,permutation_invariant_binary_partition,architexture_binary_v1,0.956712077027267,0.9139775796205785
learned_global_gates_all_scales,test,208,60,"cluster_1->texture_a,cluster_0->texture_b",0.004887766974808034,0.9609059928036839,0.9784889619669832,0.9609059928036839,"[""fpn_2"", ""fpn_1"", ""fpn_0""]",fpn_2,"[""fpn_2"", ""fpn_1"", ""fpn_0""]","{""fpn_0"": [256, 288, 288], ""fpn_1"": [256, 144, 144], ""fpn_2"": [256, 72, 72]}","{""fpn_0"": [256, 72, 72], ""fpn_1"": [256, 72, 72], ""fpn_2"": [256, 72, 72]}",72,72,64,32,True,"[0.26891154050827026, -0.042122770100831985, -0.2504023313522339]","{""fpn_0"": 0.25559553503990173, ""fpn_1"": 0.3147805631160736, ""fpn_2"": 0.42962387204170227}","fpn_2=0.430,fpn_1=0.315,fpn_0=0.256",deterministic_kmeans,cosine,2,outputs/rwtd_sam3_auto/coarse_vs_fine_sam_scales/stage2/smoke_learned_global_gates_all_scales/checkpoint.pt,permutation_invariant_binary_partition,architexture_binary_v1,0.9784889619669832,0.9609059928036839
learned_global_gates_all_scales,test,209,63,"cluster_0->texture_a,cluster_1->texture_b",0.937244949777891,0.8867691949616944,0.01441225054246293,0.8867691949616944,"[""fpn_2"", ""fpn_1"", ""fpn_0""]",fpn_2,"[""fpn_2"", ""fpn_1"", ""fpn_0""]","{""fpn_0"": [256, 288, 288], ""fpn_1"": [256, 144, 144], ""fpn_2"": [256, 72, 72]}","{""fpn_0"": [256, 72, 72], ""fpn_1"": [256, 72, 72], ""fpn_2"": [256, 72, 72]}",72,72,64,32,True,"[0.26891154050827026, -0.042122770100831985, -0.2504023313522339]","{""fpn_0"": 0.25559553503990173, ""fpn_1"": 0.3147805631160736, ""fpn_2"": 0.42962387204170227}","fpn_2=0.430,fpn_1=0.315,fpn_0=0.256",deterministic_kmeans,cosine,2,outputs/rwtd_sam3_auto/coarse_vs_fine_sam_scales/stage2/smoke_learned_global_gates_all_scales/checkpoint.pt,permutation_invariant_binary_partition,architexture_binary_v1,0.937244949777891,0.8867691949616944
learned_global_gates_all_scales,test,210,67,"cluster_0->texture_a,cluster_1->texture_b",0.8519310592277469,0.7138185765173974,0.03942697360499769,0.7138185765173974,"[""fpn_2"", ""fpn_1"", ""fpn_0""]",fpn_2,"[""fpn_2"", ""fpn_1"", ""fpn_0""]","{""fpn_0"": [256, 288, 288], ""fpn_1"": [256, 144, 144], ""fpn_2"": [256, 72, 72]}","{""fpn_0"": [256, 72, 72], ""fpn_1"": [256, 72, 72], ""fpn_2"": [256, 72, 72]}",72,72,64,32,True,"[0.26891154050827026, -0.042122770100831985, -0.2504023313522339]","{""fpn_0"": 0.25559553503990173, ""fpn_1"": 0.3147805631160736, ""fpn_2"": 0.42962387204170227}","fpn_2=0.430,fpn_1=0.315,fpn_0=0.256",deterministic_kmeans,cosine,2,outputs/rwtd_sam3_auto/coarse_vs_fine_sam_scales/stage2/smoke_learned_global_gates_all_scales/checkpoint.pt,permutation_invariant_binary_partition,architexture_binary_v1,0.8519310592277469,0.7138185765173974
learned_global_gates_all_scales,test,211,69,"cluster_1->texture_a,cluster_0->texture_b",0.038263783357356994,0.7203763210380117,0.8593811680396408,0.7203763210380117,"[""fpn_2"", ""fpn_1"", ""fpn_0""]",fpn_2,"[""fpn_2"", ""fpn_1"", ""fpn_0""]","{""fpn_0"": [256, 288, 288], ""fpn_1"": [256, 144, 144], ""fpn_2"": [256, 72, 72]}","{""fpn_0"": [256, 72, 72], ""fpn_1"": [256, 72, 72], ""fpn_2"": [256, 72, 72]}",72,72,64,32,True,"[0.26891154050827026, -0.042122770100831985, -0.2504023313522339]","{""fpn_0"": 0.25559553503990173, ""fpn_1"": 0.3147805631160736, ""fpn_2"": 0.42962387204170227}","fpn_2=0.430,fpn_1=0.315,fpn_0=0.256",deterministic_kmeans,cosine,2,outputs/rwtd_sam3_auto/coarse_vs_fine_sam_scales/stage2/smoke_learned_global_gates_all_scales/checkpoint.pt,permutation_invariant_binary_partition,architexture_binary_v1,0.8593811680396408,0.7203763210380117
learned_global_gates_all_scales,test,212,70,"cluster_1->texture_a,cluster_0->texture_b",0.006880532987086711,0.9459981660588803,0.9728402031806398,0.9459981660588803,"[""fpn_2"", ""fpn_1"", ""fpn_0""]",fpn_2,"[""fpn_2"", ""fpn_1"", ""fpn_0""]","{""fpn_0"": [256, 288, 288], ""fpn_1"": [256, 144, 144], ""fpn_2"": [256, 72, 72]}","{""fpn_0"": [256, 72, 72], ""fpn_1"": [256, 72, 72], ""fpn_2"": [256, 72, 72]}",72,72,64,32,True,"[0.26891154050827026, -0.042122770100831985, -0.2504023313522339]","{""fpn_0"": 0.25559553503990173, ""fpn_1"": 0.3147805631160736, ""fpn_2"": 0.42962387204170227}","fpn_2=0.430,fpn_1=0.315,fpn_0=0.256",deterministic_kmeans,cosine,2,outputs/rwtd_sam3_auto/coarse_vs_fine_sam_scales/stage2/smoke_learned_global_gates_all_scales/checkpoint.pt,permutation_invariant_binary_partition,architexture_binary_v1,0.9728402031806398,0.9459981660588803
learned_global_gates_all_scales,test,213,71,"cluster_0->texture_a,cluster_1->texture_b",0.9324793888963661,0.8987815585843713,0.011235894855943725,0.8987815585843713,"[""fpn_2"", ""fpn_1"", ""fpn_0""]",fpn_2,"[""fpn_2"", ""fpn_1"", ""fpn_0""]","{""fpn_0"": [256, 288, 288], ""fpn_1"": [256, 144, 144], ""fpn_2"": [256, 72, 72]}","{""fpn_0"": [256, 72, 72], ""fpn_1"": [256, 72, 72], ""fpn_2"": [256, 72, 72]}",72,72,64,32,True,"[0.26891154050827026, -0.042122770100831985, -0.2504023313522339]","{""fpn_0"": 0.25559553503990173, ""fpn_1"": 0.3147805631160736, ""fpn_2"": 0.42962387204170227}","fpn_2=0.430,fpn_1=0.315,fpn_0=0.256",deterministic_kmeans,cosine,2,outputs/rwtd_sam3_auto/coarse_vs_fine_sam_scales/stage2/smoke_learned_global_gates_all_scales/checkpoint.pt,permutation_invariant_binary_partition,architexture_binary_v1,0.9324793888963661,0.8987815585843713
learned_global_gates_all_scales,test,214,73,"cluster_1->texture_a,cluster_0->texture_b",0.010715093081172711,0.916666918603922,0.9582552077786548,0.916666918603922,"[""fpn_2"", ""fpn_1"", ""fpn_0""]",fpn_2,"[""fpn_2"", ""fpn_1"", ""fpn_0""]","{""fpn_0"": [256, 288, 288], ""fpn_1"": [256, 144, 144], ""fpn_2"": [256, 72, 72]}","{""fpn_0"": [256, 72, 72], ""fpn_1"": [256, 72, 72], ""fpn_2"": [256, 72, 72]}",72,72,64,32,True,"[0.26891154050827026, -0.042122770100831985, -0.2504023313522339]","{""fpn_0"": 0.25559553503990173, ""fpn_1"": 0.3147805631160736, ""fpn_2"": 0.42962387204170227}","fpn_2=0.430,fpn_1=0.315,fpn_0=0.256",deterministic_kmeans,cosine,2,outputs/rwtd_sam3_auto/coarse_vs_fine_sam_scales/stage2/smoke_learned_global_gates_all_scales/checkpoint.pt,permutation_invariant_binary_partition,architexture_binary_v1,0.9582552077786548,0.916666918603922
learned_global_gates_all_scales,test,215,74,"cluster_1->texture_a,cluster_0->texture_b",0.017935180403487135,0.8638047049636034,0.9316029449546657,0.8638047049636034,"[""fpn_2"", ""fpn_1"", ""fpn_0""]",fpn_2,"[""fpn_2"", ""fpn_1"", ""fpn_0""]","{""fpn_0"": [256, 288, 288], ""fpn_1"": [256, 144, 144], ""fpn_2"": [256, 72, 72]}","{""fpn_0"": [256, 72, 72], ""fpn_1"": [256, 72, 72], ""fpn_2"": [256, 72, 72]}",72,72,64,32,True,"[0.26891154050827026, -0.042122770100831985, -0.2504023313522339]","{""fpn_0"": 0.25559553503990173, ""fpn_1"": 0.3147805631160736, ""fpn_2"": 0.42962387204170227}","fpn_2=0.430,fpn_1=0.315,fpn_0=0.256",deterministic_kmeans,cosine,2,outputs/rwtd_sam3_auto/coarse_vs_fine_sam_scales/stage2/smoke_learned_global_gates_all_scales/checkpoint.pt,permutation_invariant_binary_partition,architexture_binary_v1,0.9316029449546657,0.8638047049636034
learned_global_gates_all_scales,test,216,76,"cluster_0->texture_a,cluster_1->texture_b",0.9877284105660705,0.9756723575718708,0.0030632010206358452,0.9756723575718708,"[""fpn_2"", ""fpn_1"", ""fpn_0""]",fpn_2,"[""fpn_2"", ""fpn_1"", ""fpn_0""]","{""fpn_0"": [256, 288, 288], ""fpn_1"": [256, 144, 144], ""fpn_2"": [256, 72, 72]}","{""fpn_0"": [256, 72, 72], ""fpn_1"": [256, 72, 72], ""fpn_2"": [256, 72, 72]}",72,72,64,32,True,"[0.26891154050827026, -0.042122770100831985, -0.2504023313522339]","{""fpn_0"": 0.25559553503990173, ""fpn_1"": 0.3147805631160736, ""fpn_2"": 0.42962387204170227}","fpn_2=0.430,fpn_1=0.315,fpn_0=0.256",deterministic_kmeans,cosine,2,outputs/rwtd_sam3_auto/coarse_vs_fine_sam_scales/stage2/smoke_learned_global_gates_all_scales/checkpoint.pt,permutation_invariant_binary_partition,architexture_binary_v1,0.9877284105660705,0.9756723575718708
learned_global_gates_all_scales,test,217,77,"cluster_0->texture_a,cluster_1->texture_b",0.8786136263016169,0.8162905632045847,0.020637720370714492,0.8162905632045847,"[""fpn_2"", ""fpn_1"", ""fpn_0""]",fpn_2,"[""fpn_2"", ""fpn_1"", ""fpn_0""]","{""fpn_0"": [256, 288, 288], ""fpn_1"": [256, 144, 144], ""fpn_2"": [256, 72, 72]}","{""fpn_0"": [256, 72, 72], ""fpn_1"": [256, 72, 72], ""fpn_2"": [256, 72, 72]}",72,72,64,32,True,"[0.26891154050827026, -0.042122770100831985, -0.2504023313522339]","{""fpn_0"": 0.25559553503990173, ""fpn_1"": 0.3147805631160736, ""fpn_2"": 0.42962387204170227}","fpn_2=0.430,fpn_1=0.315,fpn_0=0.256",deterministic_kmeans,cosine,2,outputs/rwtd_sam3_auto/coarse_vs_fine_sam_scales/stage2/smoke_learned_global_gates_all_scales/checkpoint.pt,permutation_invariant_binary_partition,architexture_binary_v1,0.8786136263016169,0.8162905632045847
learned_global_gates_all_scales,test,218,78,"cluster_0->texture_a,cluster_1->texture_b",0.9491049348043267,0.9060890253092406,0.012072306351826576,0.9060890253092406,"[""fpn_2"", ""fpn_1"", ""fpn_0""]",fpn_2,"[""fpn_2"", ""fpn_1"", ""fpn_0""]","{""fpn_0"": [256, 288, 288], ""fpn_1"": [256, 144, 144], ""fpn_2"": [256, 72, 72]}","{""fpn_0"": [256, 72, 72], ""fpn_1"": [256, 72, 72], ""fpn_2"": [256, 72, 72]}",72,72,64,32,True,"[0.26891154050827026, -0.042122770100831985, -0.2504023313522339]","{""fpn_0"": 0.25559553503990173, ""fpn_1"": 0.3147805631160736, ""fpn_2"": 0.42962387204170227}","fpn_2=0.430,fpn_1=0.315,fpn_0=0.256",deterministic_kmeans,cosine,2,outputs/rwtd_sam3_auto/coarse_vs_fine_sam_scales/stage2/smoke_learned_global_gates_all_scales/checkpoint.pt,permutation_invariant_binary_partition,architexture_binary_v1,0.9491049348043267,0.9060890253092406
learned_global_gates_all_scales,test,219,79,"cluster_0->texture_a,cluster_1->texture_b",0.8556184370462425,0.7799113610638777,0.025100416745087367,0.7799113610638777,"[""fpn_2"", ""fpn_1"", ""fpn_0""]",fpn_2,"[""fpn_2"", ""fpn_1"", ""fpn_0""]","{""fpn_0"": [256, 288, 288], ""fpn_1"": [256, 144, 144], ""fpn_2"": [256, 72, 72]}","{""fpn_0"": [256, 72, 72], ""fpn_1"": [256, 72, 72], ""fpn_2"": [256, 72, 72]}",72,72,64,32,True,"[0.26891154050827026, -0.042122770100831985, -0.2504023313522339]","{""fpn_0"": 0.25559553503990173, ""fpn_1"": 0.3147805631160736, ""fpn_2"": 0.42962387204170227}","fpn_2=0.430,fpn_1=0.315,fpn_0=0.256",deterministic_kmeans,cosine,2,outputs/rwtd_sam3_auto/coarse_vs_fine_sam_scales/stage2/smoke_learned_global_gates_all_scales/checkpoint.pt,permutation_invariant_binary_partition,architexture_binary_v1,0.8556184370462425,0.7799113610638777
learned_global_gates_all_scales,test,220,8,"cluster_0->texture_a,cluster_1->texture_b",0.9169939343373577,0.8379282448749736,0.02142725816170372,0.8379282448749736,"[""fpn_2"", ""fpn_1"", ""fpn_0""]",fpn_2,"[""fpn_2"", ""fpn_1"", ""fpn_0""]","{""fpn_0"": [256, 288, 288], ""fpn_1"": [256, 144, 144], ""fpn_2"": [256, 72, 72]}","{""fpn_0"": [256, 72, 72], ""fpn_1"": [256, 72, 72], ""fpn_2"": [256, 72, 72]}",72,72,64,32,True,"[0.26891154050827026, -0.042122770100831985, -0.2504023313522339]","{""fpn_0"": 0.25559553503990173, ""fpn_1"": 0.3147805631160736, ""fpn_2"": 0.42962387204170227}","fpn_2=0.430,fpn_1=0.315,fpn_0=0.256",deterministic_kmeans,cosine,2,outputs/rwtd_sam3_auto/coarse_vs_fine_sam_scales/stage2/smoke_learned_global_gates_all_scales/checkpoint.pt,permutation_invariant_binary_partition,architexture_binary_v1,0.9169939343373577,0.8379282448749736
learned_global_gates_all_scales,test,221,84,"cluster_1->texture_a,cluster_0->texture_b",0.015142202110188071,0.8840484070863398,0.9406207923087099,0.8840484070863398,"[""fpn_2"", ""fpn_1"", ""fpn_0""]",fpn_2,"[""fpn_2"", ""fpn_1"", ""fpn_0""]","{""fpn_0"": [256, 288, 288], ""fpn_1"": [256, 144, 144], ""fpn_2"": [256, 72, 72]}","{""fpn_0"": [256, 72, 72], ""fpn_1"": [256, 72, 72], ""fpn_2"": [256, 72, 72]}",72,72,64,32,True,"[0.26891154050827026, -0.042122770100831985, -0.2504023313522339]","{""fpn_0"": 0.25559553503990173, ""fpn_1"": 0.3147805631160736, ""fpn_2"": 0.42962387204170227}","fpn_2=0.430,fpn_1=0.315,fpn_0=0.256",deterministic_kmeans,cosine,2,outputs/rwtd_sam3_auto/coarse_vs_fine_sam_scales/stage2/smoke_learned_global_gates_all_scales/checkpoint.pt,permutation_invariant_binary_partition,architexture_binary_v1,0.9406207923087099,0.8840484070863398
learned_global_gates_all_scales,test,222,85,"cluster_1->texture_a,cluster_0->texture_b",0.005521042103445073,0.9564243955412197,0.9774681961162507,0.9564243955412197,"[""fpn_2"", ""fpn_1"", ""fpn_0""]",fpn_2,"[""fpn_2"", ""fpn_1"", ""fpn_0""]","{""fpn_0"": [256, 288, 288], ""fpn_1"": [256, 144, 144], ""fpn_2"": [256, 72, 72]}","{""fpn_0"": [256, 72, 72], ""fpn_1"": [256, 72, 72], ""fpn_2"": [256, 72, 72]}",72,72,64,32,True,"[0.26891154050827026, -0.042122770100831985, -0.2504023313522339]","{""fpn_0"": 0.25559553503990173, ""fpn_1"": 0.3147805631160736, ""fpn_2"": 0.42962387204170227}","fpn_2=0.430,fpn_1=0.315,fpn_0=0.256",deterministic_kmeans,cosine,2,outputs/rwtd_sam3_auto/coarse_vs_fine_sam_scales/stage2/smoke_learned_global_gates_all_scales/checkpoint.pt,permutation_invariant_binary_partition,architexture_binary_v1,0.9774681961162507,0.9564243955412197
learned_global_gates_all_scales,test,223,86,"cluster_0->texture_a,cluster_1->texture_b",0.9140777312290109,0.8387963859444947,0.02125776167533427,0.8387963859444947,"[""fpn_2"", ""fpn_1"", ""fpn_0""]",fpn_2,"[""fpn_2"", ""fpn_1"", ""fpn_0""]","{""fpn_0"": [256, 288, 288], ""fpn_1"": [256, 144, 144], ""fpn_2"": [256, 72, 72]}","{""fpn_0"": [256, 72, 72], ""fpn_1"": [256, 72, 72], ""fpn_2"": [256, 72, 72]}",72,72,64,32,True,"[0.26891154050827026, -0.042122770100831985, -0.2504023313522339]","{""fpn_0"": 0.25559553503990173, ""fpn_1"": 0.3147805631160736, ""fpn_2"": 0.42962387204170227}","fpn_2=0.430,fpn_1=0.315,fpn_0=0.256",deterministic_kmeans,cosine,2,outputs/rwtd_sam3_auto/coarse_vs_fine_sam_scales/stage2/smoke_learned_global_gates_all_scales/checkpoint.pt,permutation_invariant_binary_partition,architexture_binary_v1,0.9140777312290109,0.8387963859444947
learned_global_gates_all_scales,test,224,88,"cluster_0->texture_a,cluster_1->texture_b",0.9111192001274944,0.8227250272016494,0.02342203805155894,0.8227250272016494,"[""fpn_2"", ""fpn_1"", ""fpn_0""]",fpn_2,"[""fpn_2"", ""fpn_1"", ""fpn_0""]","{""fpn_0"": [256, 288, 288], ""fpn_1"": [256, 144, 144], ""fpn_2"": [256, 72, 72]}","{""fpn_0"": [256, 72, 72], ""fpn_1"": [256, 72, 72], ""fpn_2"": [256, 72, 72]}",72,72,64,32,True,"[0.26891154050827026, -0.042122770100831985, -0.2504023313522339]","{""fpn_0"": 0.25559553503990173, ""fpn_1"": 0.3147805631160736, ""fpn_2"": 0.42962387204170227}","fpn_2=0.430,fpn_1=0.315,fpn_0=0.256",deterministic_kmeans,cosine,2,outputs/rwtd_sam3_auto/coarse_vs_fine_sam_scales/stage2/smoke_learned_global_gates_all_scales/checkpoint.pt,permutation_invariant_binary_partition,architexture_binary_v1,0.9111192001274944,0.8227250272016494
learned_global_gates_all_scales,test,225,95,"cluster_1->texture_a,cluster_0->texture_b",0.07200583643133653,0.5106645906343473,0.7491198451709955,0.5106645906343473,"[""fpn_2"", ""fpn_1"", ""fpn_0""]",fpn_2,"[""fpn_2"", ""fpn_1"", ""fpn_0""]","{""fpn_0"": [256, 288, 288], ""fpn_1"": [256, 144, 144], ""fpn_2"": [256, 72, 72]}","{""fpn_0"": [256, 72, 72], ""fpn_1"": [256, 72, 72], ""fpn_2"": [256, 72, 72]}",72,72,64,32,True,"[0.26891154050827026, -0.042122770100831985, -0.2504023313522339]","{""fpn_0"": 0.25559553503990173, ""fpn_1"": 0.3147805631160736, ""fpn_2"": 0.42962387204170227}","fpn_2=0.430,fpn_1=0.315,fpn_0=0.256",deterministic_kmeans,cosine,2,outputs/rwtd_sam3_auto/coarse_vs_fine_sam_scales/stage2/smoke_learned_global_gates_all_scales/checkpoint.pt,permutation_invariant_binary_partition,architexture_binary_v1,0.7491198451709955,0.5106645906343473
learned_global_gates_all_scales,test,226,96,"cluster_0->texture_a,cluster_1->texture_b",0.7303613724008013,0.4735148483761628,0.077911376953125,0.4735148483761628,"[""fpn_2"", ""fpn_1"", ""fpn_0""]",fpn_2,"[""fpn_2"", ""fpn_1"", ""fpn_0""]","{""fpn_0"": [256, 288, 288], ""fpn_1"": [256, 144, 144], ""fpn_2"": [256, 72, 72]}","{""fpn_0"": [256, 72, 72], ""fpn_1"": [256, 72, 72], ""fpn_2"": [256, 72, 72]}",72,72,64,32,True,"[0.26891154050827026, -0.042122770100831985, -0.2504023313522339]","{""fpn_0"": 0.25559553503990173, ""fpn_1"": 0.3147805631160736, ""fpn_2"": 0.42962387204170227}","fpn_2=0.430,fpn_1=0.315,fpn_0=0.256",deterministic_kmeans,cosine,2,outputs/rwtd_sam3_auto/coarse_vs_fine_sam_scales/stage2/smoke_learned_global_gates_all_scales/checkpoint.pt,permutation_invariant_binary_partition,architexture_binary_v1,0.7303613724008013,0.4735148483761628
