variant,split,sample_index,crop_name,assignment_used,direct_eval_miou,direct_eval_ari,swapped_eval_miou,swapped_eval_ari,selected_level_names_json,coarsest_level_name,raw_level_names_json,raw_level_shapes_json,aligned_level_shapes_json,coarsest_grid_height,coarsest_grid_width,probe_projection_dim,probe_embedding_dim,learnable_gates,gate_logits_json,gate_weights_json,final_gate_weights_compact,kmeans_backend,kmeans_metric,kmeans_num_clusters,checkpoint_path,evaluation_view,evaluation_contract,eval_miou,eval_ari
fpn_0_only,test,0,1,"cluster_0->texture_a,cluster_1->texture_b",0.8026216961496611,0.6879446110967604,0.03763694342618485,0.6879446110967604,"[""fpn_0""]",fpn_2,"[""fpn_2"", ""fpn_1"", ""fpn_0""]","{""fpn_0"": [256, 288, 288], ""fpn_1"": [256, 144, 144], ""fpn_2"": [256, 72, 72]}","{""fpn_0"": [256, 72, 72]}",72,72,64,32,False,[0.0],"{""fpn_0"": 1.0}",fpn_0=1.000,deterministic_kmeans,cosine,2,outputs/rwtd_sam3_auto/coarse_vs_fine_sam_scales/stage2/train_fpn_0_only_test/checkpoint.pt,permutation_invariant_binary_partition,architexture_binary_v1,0.8026216961496611,0.6879446110967604
fpn_0_only,test,1,101,"cluster_0->texture_a,cluster_1->texture_b",0.8359524946545536,0.6772862508486824,0.04629773570923313,0.6772862508486824,"[""fpn_0""]",fpn_2,"[""fpn_2"", ""fpn_1"", ""fpn_0""]","{""fpn_0"": [256, 288, 288], ""fpn_1"": [256, 144, 144], ""fpn_2"": [256, 72, 72]}","{""fpn_0"": [256, 72, 72]}",72,72,64,32,False,[0.0],"{""fpn_0"": 1.0}",fpn_0=1.000,deterministic_kmeans,cosine,2,outputs/rwtd_sam3_auto/coarse_vs_fine_sam_scales/stage2/train_fpn_0_only_test/checkpoint.pt,permutation_invariant_binary_partition,architexture_binary_v1,0.8359524946545536,0.6772862508486824
fpn_0_only,test,2,102,"cluster_0->texture_a,cluster_1->texture_b",0.8413873461964706,0.6922852942478355,0.04376129101979956,0.6922852942478355,"[""fpn_0""]",fpn_2,"[""fpn_2"", ""fpn_1"", ""fpn_0""]","{""fpn_0"": [256, 288, 288], ""fpn_1"": [256, 144, 144], ""fpn_2"": [256, 72, 72]}","{""fpn_0"": [256, 72, 72]}",72,72,64,32,False,[0.0],"{""fpn_0"": 1.0}",fpn_0=1.000,deterministic_kmeans,cosine,2,outputs/rwtd_sam3_auto/coarse_vs_fine_sam_scales/stage2/train_fpn_0_only_test/checkpoint.pt,permutation_invariant_binary_partition,architexture_binary_v1,0.8413873461964706,0.6922852942478355
fpn_0_only,test,3,103,"cluster_1->texture_a,cluster_0->texture_b",0.1273904616487565,0.2510551651003972,0.5902828639747613,0.2510551651003972,"[""fpn_0""]",fpn_2,"[""fpn_2"", ""fpn_1"", ""fpn_0""]","{""fpn_0"": [256, 288, 288], ""fpn_1"": [256, 144, 144], ""fpn_2"": [256, 72, 72]}","{""fpn_0"": [256, 72, 72]}",72,72,64,32,False,[0.0],"{""fpn_0"": 1.0}",fpn_0=1.000,deterministic_kmeans,cosine,2,outputs/rwtd_sam3_auto/coarse_vs_fine_sam_scales/stage2/train_fpn_0_only_test/checkpoint.pt,permutation_invariant_binary_partition,architexture_binary_v1,0.5902828639747613,0.2510551651003972
fpn_0_only,test,4,104,"cluster_1->texture_a,cluster_0->texture_b",0.09004044021263682,0.16116591062112176,0.4794026925086028,0.16116591062112176,"[""fpn_0""]",fpn_2,"[""fpn_2"", ""fpn_1"", ""fpn_0""]","{""fpn_0"": [256, 288, 288], ""fpn_1"": [256, 144, 144], ""fpn_2"": [256, 72, 72]}","{""fpn_0"": [256, 72, 72]}",72,72,64,32,False,[0.0],"{""fpn_0"": 1.0}",fpn_0=1.000,deterministic_kmeans,cosine,2,outputs/rwtd_sam3_auto/coarse_vs_fine_sam_scales/stage2/train_fpn_0_only_test/checkpoint.pt,permutation_invariant_binary_partition,architexture_binary_v1,0.4794026925086028,0.16116591062112176
fpn_0_only,test,5,106,"cluster_1->texture_a,cluster_0->texture_b",0.2788014735369628,-0.06567795814602559,0.28133430970176593,-0.06567795814602559,"[""fpn_0""]",fpn_2,"[""fpn_2"", ""fpn_1"", ""fpn_0""]","{""fpn_0"": [256, 288, 288], ""fpn_1"": [256, 144, 144], ""fpn_2"": [256, 72, 72]}","{""fpn_0"": [256, 72, 72]}",72,72,64,32,False,[0.0],"{""fpn_0"": 1.0}",fpn_0=1.000,deterministic_kmeans,cosine,2,outputs/rwtd_sam3_auto/coarse_vs_fine_sam_scales/stage2/train_fpn_0_only_test/checkpoint.pt,permutation_invariant_binary_partition,architexture_binary_v1,0.28133430970176593,-0.06567795814602559
fpn_0_only,test,6,12,"cluster_0->texture_a,cluster_1->texture_b",0.4447441439313765,0.053554146486168325,0.2366884989100731,0.053554146486168325,"[""fpn_0""]",fpn_2,"[""fpn_2"", ""fpn_1"", ""fpn_0""]","{""fpn_0"": [256, 288, 288], ""fpn_1"": [256, 144, 144], ""fpn_2"": [256, 72, 72]}","{""fpn_0"": [256, 72, 72]}",72,72,64,32,False,[0.0],"{""fpn_0"": 1.0}",fpn_0=1.000,deterministic_kmeans,cosine,2,outputs/rwtd_sam3_auto/coarse_vs_fine_sam_scales/stage2/train_fpn_0_only_test/checkpoint.pt,permutation_invariant_binary_partition,architexture_binary_v1,0.4447441439313765,0.053554146486168325
fpn_0_only,test,7,121,"cluster_0->texture_a,cluster_1->texture_b",0.8671703846116077,0.7452406650887592,0.03526528316048934,0.7452406650887592,"[""fpn_0""]",fpn_2,"[""fpn_2"", ""fpn_1"", ""fpn_0""]","{""fpn_0"": [256, 288, 288], ""fpn_1"": [256, 144, 144], ""fpn_2"": [256, 72, 72]}","{""fpn_0"": [256, 72, 72]}",72,72,64,32,False,[0.0],"{""fpn_0"": 1.0}",fpn_0=1.000,deterministic_kmeans,cosine,2,outputs/rwtd_sam3_auto/coarse_vs_fine_sam_scales/stage2/train_fpn_0_only_test/checkpoint.pt,permutation_invariant_binary_partition,architexture_binary_v1,0.8671703846116077,0.7452406650887592
fpn_0_only,test,8,122,"cluster_0->texture_a,cluster_1->texture_b",0.8884149906298322,0.7778464230818187,0.029891038602554484,0.7778464230818187,"[""fpn_0""]",fpn_2,"[""fpn_2"", ""fpn_1"", ""fpn_0""]","{""fpn_0"": [256, 288, 288], ""fpn_1"": [256, 144, 144], ""fpn_2"": [256, 72, 72]}","{""fpn_0"": [256, 72, 72]}",72,72,64,32,False,[0.0],"{""fpn_0"": 1.0}",fpn_0=1.000,deterministic_kmeans,cosine,2,outputs/rwtd_sam3_auto/coarse_vs_fine_sam_scales/stage2/train_fpn_0_only_test/checkpoint.pt,permutation_invariant_binary_partition,architexture_binary_v1,0.8884149906298322,0.7778464230818187
fpn_0_only,test,9,125,"cluster_0->texture_a,cluster_1->texture_b",0.9368531387707999,0.8887955901212469,0.01417668544893234,0.8887955901212469,"[""fpn_0""]",fpn_2,"[""fpn_2"", ""fpn_1"", ""fpn_0""]","{""fpn_0"": [256, 288, 288], ""fpn_1"": [256, 144, 144], ""fpn_2"": [256, 72, 72]}","{""fpn_0"": [256, 72, 72]}",72,72,64,32,False,[0.0],"{""fpn_0"": 1.0}",fpn_0=1.000,deterministic_kmeans,cosine,2,outputs/rwtd_sam3_auto/coarse_vs_fine_sam_scales/stage2/train_fpn_0_only_test/checkpoint.pt,permutation_invariant_binary_partition,architexture_binary_v1,0.9368531387707999,0.8887955901212469
fpn_0_only,test,10,128,"cluster_0->texture_a,cluster_1->texture_b",0.7328822266725699,0.5361066291520334,0.06850949466874352,0.5361066291520334,"[""fpn_0""]",fpn_2,"[""fpn_2"", ""fpn_1"", ""fpn_0""]","{""fpn_0"": [256, 288, 288], ""fpn_1"": [256, 144, 144], ""fpn_2"": [256, 72, 72]}","{""fpn_0"": [256, 72, 72]}",72,72,64,32,False,[0.0],"{""fpn_0"": 1.0}",fpn_0=1.000,deterministic_kmeans,cosine,2,outputs/rwtd_sam3_auto/coarse_vs_fine_sam_scales/stage2/train_fpn_0_only_test/checkpoint.pt,permutation_invariant_binary_partition,architexture_binary_v1,0.7328822266725699,0.5361066291520334
fpn_0_only,test,11,129,"cluster_0->texture_a,cluster_1->texture_b",0.8712389644537224,0.7498750912472891,0.0341747213103244,0.7498750912472891,"[""fpn_0""]",fpn_2,"[""fpn_2"", ""fpn_1"", ""fpn_0""]","{""fpn_0"": [256, 288, 288], ""fpn_1"": [256, 144, 144], ""fpn_2"": [256, 72, 72]}","{""fpn_0"": [256, 72, 72]}",72,72,64,32,False,[0.0],"{""fpn_0"": 1.0}",fpn_0=1.000,deterministic_kmeans,cosine,2,outputs/rwtd_sam3_auto/coarse_vs_fine_sam_scales/stage2/train_fpn_0_only_test/checkpoint.pt,permutation_invariant_binary_partition,architexture_binary_v1,0.8712389644537224,0.7498750912472891
fpn_0_only,test,12,13,"cluster_0->texture_a,cluster_1->texture_b",0.49455912915107064,0.10500512851297655,0.20297543404614332,0.10500512851297655,"[""fpn_0""]",fpn_2,"[""fpn_2"", ""fpn_1"", ""fpn_0""]","{""fpn_0"": [256, 288, 288], ""fpn_1"": [256, 144, 144], ""fpn_2"": [256, 72, 72]}","{""fpn_0"": [256, 72, 72]}",72,72,64,32,False,[0.0],"{""fpn_0"": 1.0}",fpn_0=1.000,deterministic_kmeans,cosine,2,outputs/rwtd_sam3_auto/coarse_vs_fine_sam_scales/stage2/train_fpn_0_only_test/checkpoint.pt,permutation_invariant_binary_partition,architexture_binary_v1,0.49455912915107064,0.10500512851297655
fpn_0_only,test,13,134,"cluster_0->texture_a,cluster_1->texture_b",0.8149603759665587,0.6393328576302901,0.05102719092816736,0.6393328576302901,"[""fpn_0""]",fpn_2,"[""fpn_2"", ""fpn_1"", ""fpn_0""]","{""fpn_0"": [256, 288, 288], ""fpn_1"": [256, 144, 144], ""fpn_2"": [256, 72, 72]}","{""fpn_0"": [256, 72, 72]}",72,72,64,32,False,[0.0],"{""fpn_0"": 1.0}",fpn_0=1.000,deterministic_kmeans,cosine,2,outputs/rwtd_sam3_auto/coarse_vs_fine_sam_scales/stage2/train_fpn_0_only_test/checkpoint.pt,permutation_invariant_binary_partition,architexture_binary_v1,0.8149603759665587,0.6393328576302901
fpn_0_only,test,14,139,"cluster_1->texture_a,cluster_0->texture_b",0.042119560069462714,0.7016056857318305,0.8482118897043576,0.7016056857318305,"[""fpn_0""]",fpn_2,"[""fpn_2"", ""fpn_1"", ""fpn_0""]","{""fpn_0"": [256, 288, 288], ""fpn_1"": [256, 144, 144], ""fpn_2"": [256, 72, 72]}","{""fpn_0"": [256, 72, 72]}",72,72,64,32,False,[0.0],"{""fpn_0"": 1.0}",fpn_0=1.000,deterministic_kmeans,cosine,2,outputs/rwtd_sam3_auto/coarse_vs_fine_sam_scales/stage2/train_fpn_0_only_test/checkpoint.pt,permutation_invariant_binary_partition,architexture_binary_v1,0.8482118897043576,0.7016056857318305
fpn_0_only,test,15,14,"cluster_0->texture_a,cluster_1->texture_b",0.7947546900537096,0.5976970453606442,0.06005001297523677,0.5976970453606442,"[""fpn_0""]",fpn_2,"[""fpn_2"", ""fpn_1"", ""fpn_0""]","{""fpn_0"": [256, 288, 288], ""fpn_1"": [256, 144, 144], ""fpn_2"": [256, 72, 72]}","{""fpn_0"": [256, 72, 72]}",72,72,64,32,False,[0.0],"{""fpn_0"": 1.0}",fpn_0=1.000,deterministic_kmeans,cosine,2,outputs/rwtd_sam3_auto/coarse_vs_fine_sam_scales/stage2/train_fpn_0_only_test/checkpoint.pt,permutation_invariant_binary_partition,architexture_binary_v1,0.7947546900537096,0.5976970453606442
fpn_0_only,test,16,142,"cluster_1->texture_a,cluster_0->texture_b",0.1116378369258533,0.2353639926787431,0.5224197803909095,0.2353639926787431,"[""fpn_0""]",fpn_2,"[""fpn_2"", ""fpn_1"", ""fpn_0""]","{""fpn_0"": [256, 288, 288], ""fpn_1"": [256, 144, 144], ""fpn_2"": [256, 72, 72]}","{""fpn_0"": [256, 72, 72]}",72,72,64,32,False,[0.0],"{""fpn_0"": 1.0}",fpn_0=1.000,deterministic_kmeans,cosine,2,outputs/rwtd_sam3_auto/coarse_vs_fine_sam_scales/stage2/train_fpn_0_only_test/checkpoint.pt,permutation_invariant_binary_partition,architexture_binary_v1,0.5224197803909095,0.2353639926787431
fpn_0_only,test,17,149,"cluster_1->texture_a,cluster_0->texture_b",0.0524776170437153,0.6375359419396663,0.816558241237159,0.6375359419396663,"[""fpn_0""]",fpn_2,"[""fpn_2"", ""fpn_1"", ""fpn_0""]","{""fpn_0"": [256, 288, 288], ""fpn_1"": [256, 144, 144], ""fpn_2"": [256, 72, 72]}","{""fpn_0"": [256, 72, 72]}",72,72,64,32,False,[0.0],"{""fpn_0"": 1.0}",fpn_0=1.000,deterministic_kmeans,cosine,2,outputs/rwtd_sam3_auto/coarse_vs_fine_sam_scales/stage2/train_fpn_0_only_test/checkpoint.pt,permutation_invariant_binary_partition,architexture_binary_v1,0.816558241237159,0.6375359419396663
fpn_0_only,test,18,15,"cluster_1->texture_a,cluster_0->texture_b",0.06803970300685695,0.5412992218949761,0.7619003907466955,0.5412992218949761,"[""fpn_0""]",fpn_2,"[""fpn_2"", ""fpn_1"", ""fpn_0""]","{""fpn_0"": [256, 288, 288], ""fpn_1"": [256, 144, 144], ""fpn_2"": [256, 72, 72]}","{""fpn_0"": [256, 72, 72]}",72,72,64,32,False,[0.0],"{""fpn_0"": 1.0}",fpn_0=1.000,deterministic_kmeans,cosine,2,outputs/rwtd_sam3_auto/coarse_vs_fine_sam_scales/stage2/train_fpn_0_only_test/checkpoint.pt,permutation_invariant_binary_partition,architexture_binary_v1,0.7619003907466955,0.5412992218949761
fpn_0_only,test,19,175,"cluster_1->texture_a,cluster_0->texture_b",0.06398234347115696,0.5698277024140092,0.7700704556939872,0.5698277024140092,"[""fpn_0""]",fpn_2,"[""fpn_2"", ""fpn_1"", ""fpn_0""]","{""fpn_0"": [256, 288, 288], ""fpn_1"": [256, 144, 144], ""fpn_2"": [256, 72, 72]}","{""fpn_0"": [256, 72, 72]}",72,72,64,32,False,[0.0],"{""fpn_0"": 1.0}",fpn_0=1.000,deterministic_kmeans,cosine,2,outputs/rwtd_sam3_auto/coarse_vs_fine_sam_scales/stage2/train_fpn_0_only_test/checkpoint.pt,permutation_invariant_binary_partition,architexture_binary_v1,0.7700704556939872,0.5698277024140092
fpn_0_only,test,20,176,"cluster_0->texture_a,cluster_1->texture_b",0.7638976174640896,0.651647445205059,0.034258443296164155,0.651647445205059,"[""fpn_0""]",fpn_2,"[""fpn_2"", ""fpn_1"", ""fpn_0""]","{""fpn_0"": [256, 288, 288], ""fpn_1"": [256, 144, 144], ""fpn_2"": [256, 72, 72]}","{""fpn_0"": [256, 72, 72]}",72,72,64,32,False,[0.0],"{""fpn_0"": 1.0}",fpn_0=1.000,deterministic_kmeans,cosine,2,outputs/rwtd_sam3_auto/coarse_vs_fine_sam_scales/stage2/train_fpn_0_only_test/checkpoint.pt,permutation_invariant_binary_partition,architexture_binary_v1,0.7638976174640896,0.651647445205059
fpn_0_only,test,21,18,"cluster_0->texture_a,cluster_1->texture_b",0.48201580005271805,0.10178640251163218,0.17611841664119735,0.10178640251163218,"[""fpn_0""]",fpn_2,"[""fpn_2"", ""fpn_1"", ""fpn_0""]","{""fpn_0"": [256, 288, 288], ""fpn_1"": [256, 144, 144], ""fpn_2"": [256, 72, 72]}","{""fpn_0"": [256, 72, 72]}",72,72,64,32,False,[0.0],"{""fpn_0"": 1.0}",fpn_0=1.000,deterministic_kmeans,cosine,2,outputs/rwtd_sam3_auto/coarse_vs_fine_sam_scales/stage2/train_fpn_0_only_test/checkpoint.pt,permutation_invariant_binary_partition,architexture_binary_v1,0.48201580005271805,0.10178640251163218
fpn_0_only,test,22,181,"cluster_1->texture_a,cluster_0->texture_b",0.290076570015918,0.0029096995997041934,0.3455007841230904,0.0029096995997041934,"[""fpn_0""]",fpn_2,"[""fpn_2"", ""fpn_1"", ""fpn_0""]","{""fpn_0"": [256, 288, 288], ""fpn_1"": [256, 144, 144], ""fpn_2"": [256, 72, 72]}","{""fpn_0"": [256, 72, 72]}",72,72,64,32,False,[0.0],"{""fpn_0"": 1.0}",fpn_0=1.000,deterministic_kmeans,cosine,2,outputs/rwtd_sam3_auto/coarse_vs_fine_sam_scales/stage2/train_fpn_0_only_test/checkpoint.pt,permutation_invariant_binary_partition,architexture_binary_v1,0.3455007841230904,0.0029096995997041934
fpn_0_only,test,23,182,"cluster_0->texture_a,cluster_1->texture_b",0.7306742920651996,0.47529265620237904,0.08415441816165857,0.47529265620237904,"[""fpn_0""]",fpn_2,"[""fpn_2"", ""fpn_1"", ""fpn_0""]","{""fpn_0"": [256, 288, 288], ""fpn_1"": [256, 144, 144], ""fpn_2"": [256, 72, 72]}","{""fpn_0"": [256, 72, 72]}",72,72,64,32,False,[0.0],"{""fpn_0"": 1.0}",fpn_0=1.000,deterministic_kmeans,cosine,2,outputs/rwtd_sam3_auto/coarse_vs_fine_sam_scales/stage2/train_fpn_0_only_test/checkpoint.pt,permutation_invariant_binary_partition,architexture_binary_v1,0.7306742920651996,0.47529265620237904
fpn_0_only,test,24,183,"cluster_0->texture_a,cluster_1->texture_b",0.8007223876022098,0.6068169538181591,0.05709600063910941,0.6068169538181591,"[""fpn_0""]",fpn_2,"[""fpn_2"", ""fpn_1"", ""fpn_0""]","{""fpn_0"": [256, 288, 288], ""fpn_1"": [256, 144, 144], ""fpn_2"": [256, 72, 72]}","{""fpn_0"": [256, 72, 72]}",72,72,64,32,False,[0.0],"{""fpn_0"": 1.0}",fpn_0=1.000,deterministic_kmeans,cosine,2,outputs/rwtd_sam3_auto/coarse_vs_fine_sam_scales/stage2/train_fpn_0_only_test/checkpoint.pt,permutation_invariant_binary_partition,architexture_binary_v1,0.8007223876022098,0.6068169538181591
fpn_0_only,test,25,184,"cluster_0->texture_a,cluster_1->texture_b",0.8524267610639356,0.7071280088464685,0.04126032911627714,0.7071280088464685,"[""fpn_0""]",fpn_2,"[""fpn_2"", ""fpn_1"", ""fpn_0""]","{""fpn_0"": [256, 288, 288], ""fpn_1"": [256, 144, 144], ""fpn_2"": [256, 72, 72]}","{""fpn_0"": [256, 72, 72]}",72,72,64,32,False,[0.0],"{""fpn_0"": 1.0}",fpn_0=1.000,deterministic_kmeans,cosine,2,outputs/rwtd_sam3_auto/coarse_vs_fine_sam_scales/stage2/train_fpn_0_only_test/checkpoint.pt,permutation_invariant_binary_partition,architexture_binary_v1,0.8524267610639356,0.7071280088464685
fpn_0_only,test,26,185,"cluster_1->texture_a,cluster_0->texture_b",0.17766970918742941,0.15107887274790402,0.5157777393903087,0.15107887274790402,"[""fpn_0""]",fpn_2,"[""fpn_2"", ""fpn_1"", ""fpn_0""]","{""fpn_0"": [256, 288, 288], ""fpn_1"": [256, 144, 144], ""fpn_2"": [256, 72, 72]}","{""fpn_0"": [256, 72, 72]}",72,72,64,32,False,[0.0],"{""fpn_0"": 1.0}",fpn_0=1.000,deterministic_kmeans,cosine,2,outputs/rwtd_sam3_auto/coarse_vs_fine_sam_scales/stage2/train_fpn_0_only_test/checkpoint.pt,permutation_invariant_binary_partition,architexture_binary_v1,0.5157777393903087,0.15107887274790402
fpn_0_only,test,27,186,"cluster_1->texture_a,cluster_0->texture_b",0.16464904827027294,0.15836153393551786,0.5383074854948963,0.15836153393551786,"[""fpn_0""]",fpn_2,"[""fpn_2"", ""fpn_1"", ""fpn_0""]","{""fpn_0"": [256, 288, 288], ""fpn_1"": [256, 144, 144], ""fpn_2"": [256, 72, 72]}","{""fpn_0"": [256, 72, 72]}",72,72,64,32,False,[0.0],"{""fpn_0"": 1.0}",fpn_0=1.000,deterministic_kmeans,cosine,2,outputs/rwtd_sam3_auto/coarse_vs_fine_sam_scales/stage2/train_fpn_0_only_test/checkpoint.pt,permutation_invariant_binary_partition,architexture_binary_v1,0.5383074854948963,0.15836153393551786
fpn_0_only,test,28,189,"cluster_1->texture_a,cluster_0->texture_b",0.07559109840650634,0.30695292542099545,0.561240843806275,0.30695292542099545,"[""fpn_0""]",fpn_2,"[""fpn_2"", ""fpn_1"", ""fpn_0""]","{""fpn_0"": [256, 288, 288], ""fpn_1"": [256, 144, 144], ""fpn_2"": [256, 72, 72]}","{""fpn_0"": [256, 72, 72]}",72,72,64,32,False,[0.0],"{""fpn_0"": 1.0}",fpn_0=1.000,deterministic_kmeans,cosine,2,outputs/rwtd_sam3_auto/coarse_vs_fine_sam_scales/stage2/train_fpn_0_only_test/checkpoint.pt,permutation_invariant_binary_partition,architexture_binary_v1,0.561240843806275,0.30695292542099545
fpn_0_only,test,29,194,"cluster_0->texture_a,cluster_1->texture_b",0.7279562928541554,0.470257801367899,0.08510172588276015,0.470257801367899,"[""fpn_0""]",fpn_2,"[""fpn_2"", ""fpn_1"", ""fpn_0""]","{""fpn_0"": [256, 288, 288], ""fpn_1"": [256, 144, 144], ""fpn_2"": [256, 72, 72]}","{""fpn_0"": [256, 72, 72]}",72,72,64,32,False,[0.0],"{""fpn_0"": 1.0}",fpn_0=1.000,deterministic_kmeans,cosine,2,outputs/rwtd_sam3_auto/coarse_vs_fine_sam_scales/stage2/train_fpn_0_only_test/checkpoint.pt,permutation_invariant_binary_partition,architexture_binary_v1,0.7279562928541554,0.470257801367899
fpn_0_only,test,30,197,"cluster_0->texture_a,cluster_1->texture_b",0.40674495801323596,0.022093323123947125,0.2518051823180946,0.022093323123947125,"[""fpn_0""]",fpn_2,"[""fpn_2"", ""fpn_1"", ""fpn_0""]","{""fpn_0"": [256, 288, 288], ""fpn_1"": [256, 144, 144], ""fpn_2"": [256, 72, 72]}","{""fpn_0"": [256, 72, 72]}",72,72,64,32,False,[0.0],"{""fpn_0"": 1.0}",fpn_0=1.000,deterministic_kmeans,cosine,2,outputs/rwtd_sam3_auto/coarse_vs_fine_sam_scales/stage2/train_fpn_0_only_test/checkpoint.pt,permutation_invariant_binary_partition,architexture_binary_v1,0.40674495801323596,0.022093323123947125
fpn_0_only,test,31,2,"cluster_0->texture_a,cluster_1->texture_b",0.6982870365386755,0.41615244242859367,0.09602938638354122,0.41615244242859367,"[""fpn_0""]",fpn_2,"[""fpn_2"", ""fpn_1"", ""fpn_0""]","{""fpn_0"": [256, 288, 288], ""fpn_1"": [256, 144, 144], ""fpn_2"": [256, 72, 72]}","{""fpn_0"": [256, 72, 72]}",72,72,64,32,False,[0.0],"{""fpn_0"": 1.0}",fpn_0=1.000,deterministic_kmeans,cosine,2,outputs/rwtd_sam3_auto/coarse_vs_fine_sam_scales/stage2/train_fpn_0_only_test/checkpoint.pt,permutation_invariant_binary_partition,architexture_binary_v1,0.6982870365386755,0.41615244242859367
fpn_0_only,test,32,200,"cluster_1->texture_a,cluster_0->texture_b",0.253991904770531,-0.04083366333820507,0.34611580930097274,-0.04083366333820507,"[""fpn_0""]",fpn_2,"[""fpn_2"", ""fpn_1"", ""fpn_0""]","{""fpn_0"": [256, 288, 288], ""fpn_1"": [256, 144, 144], ""fpn_2"": [256, 72, 72]}","{""fpn_0"": [256, 72, 72]}",72,72,64,32,False,[0.0],"{""fpn_0"": 1.0}",fpn_0=1.000,deterministic_kmeans,cosine,2,outputs/rwtd_sam3_auto/coarse_vs_fine_sam_scales/stage2/train_fpn_0_only_test/checkpoint.pt,permutation_invariant_binary_partition,architexture_binary_v1,0.34611580930097274,-0.04083366333820507
fpn_0_only,test,33,201,"cluster_0->texture_a,cluster_1->texture_b",0.6949443807989827,0.4151051489845521,0.09578633076764492,0.4151051489845521,"[""fpn_0""]",fpn_2,"[""fpn_2"", ""fpn_1"", ""fpn_0""]","{""fpn_0"": [256, 288, 288], ""fpn_1"": [256, 144, 144], ""fpn_2"": [256, 72, 72]}","{""fpn_0"": [256, 72, 72]}",72,72,64,32,False,[0.0],"{""fpn_0"": 1.0}",fpn_0=1.000,deterministic_kmeans,cosine,2,outputs/rwtd_sam3_auto/coarse_vs_fine_sam_scales/stage2/train_fpn_0_only_test/checkpoint.pt,permutation_invariant_binary_partition,architexture_binary_v1,0.6949443807989827,0.4151051489845521
fpn_0_only,test,34,202,"cluster_0->texture_a,cluster_1->texture_b",0.35313662914230665,-0.008880390333418973,0.24000740719742503,-0.008880390333418973,"[""fpn_0""]",fpn_2,"[""fpn_2"", ""fpn_1"", ""fpn_0""]","{""fpn_0"": [256, 288, 288], ""fpn_1"": [256, 144, 144], ""fpn_2"": [256, 72, 72]}","{""fpn_0"": [256, 72, 72]}",72,72,64,32,False,[0.0],"{""fpn_0"": 1.0}",fpn_0=1.000,deterministic_kmeans,cosine,2,outputs/rwtd_sam3_auto/coarse_vs_fine_sam_scales/stage2/train_fpn_0_only_test/checkpoint.pt,permutation_invariant_binary_partition,architexture_binary_v1,0.35313662914230665,-0.008880390333418973
fpn_0_only,test,35,205,"cluster_0->texture_a,cluster_1->texture_b",0.6184604070222556,0.2792824374393776,0.13116597492143436,0.2792824374393776,"[""fpn_0""]",fpn_2,"[""fpn_2"", ""fpn_1"", ""fpn_0""]","{""fpn_0"": [256, 288, 288], ""fpn_1"": [256, 144, 144], ""fpn_2"": [256, 72, 72]}","{""fpn_0"": [256, 72, 72]}",72,72,64,32,False,[0.0],"{""fpn_0"": 1.0}",fpn_0=1.000,deterministic_kmeans,cosine,2,outputs/rwtd_sam3_auto/coarse_vs_fine_sam_scales/stage2/train_fpn_0_only_test/checkpoint.pt,permutation_invariant_binary_partition,architexture_binary_v1,0.6184604070222556,0.2792824374393776
fpn_0_only,test,36,207,"cluster_0->texture_a,cluster_1->texture_b",0.35044211687918425,0.0018043046926922402,0.313878068847845,0.0018043046926922402,"[""fpn_0""]",fpn_2,"[""fpn_2"", ""fpn_1"", ""fpn_0""]","{""fpn_0"": [256, 288, 288], ""fpn_1"": [256, 144, 144], ""fpn_2"": [256, 72, 72]}","{""fpn_0"": [256, 72, 72]}",72,72,64,32,False,[0.0],"{""fpn_0"": 1.0}",fpn_0=1.000,deterministic_kmeans,cosine,2,outputs/rwtd_sam3_auto/coarse_vs_fine_sam_scales/stage2/train_fpn_0_only_test/checkpoint.pt,permutation_invariant_binary_partition,architexture_binary_v1,0.35044211687918425,0.0018043046926922402
fpn_0_only,test,37,210,"cluster_1->texture_a,cluster_0->texture_b",0.29983049892149854,-0.002669398683358789,0.31958933887134533,-0.002669398683358789,"[""fpn_0""]",fpn_2,"[""fpn_2"", ""fpn_1"", ""fpn_0""]","{""fpn_0"": [256, 288, 288], ""fpn_1"": [256, 144, 144], ""fpn_2"": [256, 72, 72]}","{""fpn_0"": [256, 72, 72]}",72,72,64,32,False,[0.0],"{""fpn_0"": 1.0}",fpn_0=1.000,deterministic_kmeans,cosine,2,outputs/rwtd_sam3_auto/coarse_vs_fine_sam_scales/stage2/train_fpn_0_only_test/checkpoint.pt,permutation_invariant_binary_partition,architexture_binary_v1,0.31958933887134533,-0.002669398683358789
fpn_0_only,test,38,213,"cluster_1->texture_a,cluster_0->texture_b",0.06010531316945357,0.59765780041189,0.7929158446509272,0.59765780041189,"[""fpn_0""]",fpn_2,"[""fpn_2"", ""fpn_1"", ""fpn_0""]","{""fpn_0"": [256, 288, 288], ""fpn_1"": [256, 144, 144], ""fpn_2"": [256, 72, 72]}","{""fpn_0"": [256, 72, 72]}",72,72,64,32,False,[0.0],"{""fpn_0"": 1.0}",fpn_0=1.000,deterministic_kmeans,cosine,2,outputs/rwtd_sam3_auto/coarse_vs_fine_sam_scales/stage2/train_fpn_0_only_test/checkpoint.pt,permutation_invariant_binary_partition,architexture_binary_v1,0.7929158446509272,0.59765780041189
fpn_0_only,test,39,214,"cluster_0->texture_a,cluster_1->texture_b",0.8715572716874022,0.7487053497332126,0.034258958207883924,0.7487053497332126,"[""fpn_0""]",fpn_2,"[""fpn_2"", ""fpn_1"", ""fpn_0""]","{""fpn_0"": [256, 288, 288], ""fpn_1"": [256, 144, 144], ""fpn_2"": [256, 72, 72]}","{""fpn_0"": [256, 72, 72]}",72,72,64,32,False,[0.0],"{""fpn_0"": 1.0}",fpn_0=1.000,deterministic_kmeans,cosine,2,outputs/rwtd_sam3_auto/coarse_vs_fine_sam_scales/stage2/train_fpn_0_only_test/checkpoint.pt,permutation_invariant_binary_partition,architexture_binary_v1,0.8715572716874022,0.7487053497332126
fpn_0_only,test,40,215,"cluster_1->texture_a,cluster_0->texture_b",0.3000564854358764,-0.007716532526082037,0.31403488943774904,-0.007716532526082037,"[""fpn_0""]",fpn_2,"[""fpn_2"", ""fpn_1"", ""fpn_0""]","{""fpn_0"": [256, 288, 288], ""fpn_1"": [256, 144, 144], ""fpn_2"": [256, 72, 72]}","{""fpn_0"": [256, 72, 72]}",72,72,64,32,False,[0.0],"{""fpn_0"": 1.0}",fpn_0=1.000,deterministic_kmeans,cosine,2,outputs/rwtd_sam3_auto/coarse_vs_fine_sam_scales/stage2/train_fpn_0_only_test/checkpoint.pt,permutation_invariant_binary_partition,architexture_binary_v1,0.31403488943774904,-0.007716532526082037
fpn_0_only,test,41,216,"cluster_1->texture_a,cluster_0->texture_b",0.1682014049116588,0.14985125706256536,0.5094159019784792,0.14985125706256536,"[""fpn_0""]",fpn_2,"[""fpn_2"", ""fpn_1"", ""fpn_0""]","{""fpn_0"": [256, 288, 288], ""fpn_1"": [256, 144, 144], ""fpn_2"": [256, 72, 72]}","{""fpn_0"": [256, 72, 72]}",72,72,64,32,False,[0.0],"{""fpn_0"": 1.0}",fpn_0=1.000,deterministic_kmeans,cosine,2,outputs/rwtd_sam3_auto/coarse_vs_fine_sam_scales/stage2/train_fpn_0_only_test/checkpoint.pt,permutation_invariant_binary_partition,architexture_binary_v1,0.5094159019784792,0.14985125706256536
fpn_0_only,test,42,219,"cluster_0->texture_a,cluster_1->texture_b",0.47302176275757685,0.08411134886695196,0.20435477165238242,0.08411134886695196,"[""fpn_0""]",fpn_2,"[""fpn_2"", ""fpn_1"", ""fpn_0""]","{""fpn_0"": [256, 288, 288], ""fpn_1"": [256, 144, 144], ""fpn_2"": [256, 72, 72]}","{""fpn_0"": [256, 72, 72]}",72,72,64,32,False,[0.0],"{""fpn_0"": 1.0}",fpn_0=1.000,deterministic_kmeans,cosine,2,outputs/rwtd_sam3_auto/coarse_vs_fine_sam_scales/stage2/train_fpn_0_only_test/checkpoint.pt,permutation_invariant_binary_partition,architexture_binary_v1,0.47302176275757685,0.08411134886695196
fpn_0_only,test,43,22,"cluster_1->texture_a,cluster_0->texture_b",0.28705834243173356,0.006235694593559447,0.36922128762353024,0.006235694593559447,"[""fpn_0""]",fpn_2,"[""fpn_2"", ""fpn_1"", ""fpn_0""]","{""fpn_0"": [256, 288, 288], ""fpn_1"": [256, 144, 144], ""fpn_2"": [256, 72, 72]}","{""fpn_0"": [256, 72, 72]}",72,72,64,32,False,[0.0],"{""fpn_0"": 1.0}",fpn_0=1.000,deterministic_kmeans,cosine,2,outputs/rwtd_sam3_auto/coarse_vs_fine_sam_scales/stage2/train_fpn_0_only_test/checkpoint.pt,permutation_invariant_binary_partition,architexture_binary_v1,0.36922128762353024,0.006235694593559447
fpn_0_only,test,44,221,"cluster_0->texture_a,cluster_1->texture_b",0.7490433514849633,0.508901072469136,0.07718588005607949,0.508901072469136,"[""fpn_0""]",fpn_2,"[""fpn_2"", ""fpn_1"", ""fpn_0""]","{""fpn_0"": [256, 288, 288], ""fpn_1"": [256, 144, 144], ""fpn_2"": [256, 72, 72]}","{""fpn_0"": [256, 72, 72]}",72,72,64,32,False,[0.0],"{""fpn_0"": 1.0}",fpn_0=1.000,deterministic_kmeans,cosine,2,outputs/rwtd_sam3_auto/coarse_vs_fine_sam_scales/stage2/train_fpn_0_only_test/checkpoint.pt,permutation_invariant_binary_partition,architexture_binary_v1,0.7490433514849633,0.508901072469136
fpn_0_only,test,45,222,"cluster_0->texture_a,cluster_1->texture_b",0.8472576796227108,0.7423856060722933,0.033328008062982785,0.7423856060722933,"[""fpn_0""]",fpn_2,"[""fpn_2"", ""fpn_1"", ""fpn_0""]","{""fpn_0"": [256, 288, 288], ""fpn_1"": [256, 144, 144], ""fpn_2"": [256, 72, 72]}","{""fpn_0"": [256, 72, 72]}",72,72,64,32,False,[0.0],"{""fpn_0"": 1.0}",fpn_0=1.000,deterministic_kmeans,cosine,2,outputs/rwtd_sam3_auto/coarse_vs_fine_sam_scales/stage2/train_fpn_0_only_test/checkpoint.pt,permutation_invariant_binary_partition,architexture_binary_v1,0.8472576796227108,0.7423856060722933
fpn_0_only,test,46,224,"cluster_1->texture_a,cluster_0->texture_b",0.06010157822459179,0.5974915100483903,0.796119661526077,0.5974915100483903,"[""fpn_0""]",fpn_2,"[""fpn_2"", ""fpn_1"", ""fpn_0""]","{""fpn_0"": [256, 288, 288], ""fpn_1"": [256, 144, 144], ""fpn_2"": [256, 72, 72]}","{""fpn_0"": [256, 72, 72]}",72,72,64,32,False,[0.0],"{""fpn_0"": 1.0}",fpn_0=1.000,deterministic_kmeans,cosine,2,outputs/rwtd_sam3_auto/coarse_vs_fine_sam_scales/stage2/train_fpn_0_only_test/checkpoint.pt,permutation_invariant_binary_partition,architexture_binary_v1,0.796119661526077,0.5974915100483903
fpn_0_only,test,47,229,"cluster_0->texture_a,cluster_1->texture_b",0.5680035722271373,0.20338291401971775,0.15619918169780544,0.20338291401971775,"[""fpn_0""]",fpn_2,"[""fpn_2"", ""fpn_1"", ""fpn_0""]","{""fpn_0"": [256, 288, 288], ""fpn_1"": [256, 144, 144], ""fpn_2"": [256, 72, 72]}","{""fpn_0"": [256, 72, 72]}",72,72,64,32,False,[0.0],"{""fpn_0"": 1.0}",fpn_0=1.000,deterministic_kmeans,cosine,2,outputs/rwtd_sam3_auto/coarse_vs_fine_sam_scales/stage2/train_fpn_0_only_test/checkpoint.pt,permutation_invariant_binary_partition,architexture_binary_v1,0.5680035722271373,0.20338291401971775
fpn_0_only,test,48,237,"cluster_1->texture_a,cluster_0->texture_b",0.3215399442079016,0.0002699956018240146,0.3400901080737013,0.0002699956018240146,"[""fpn_0""]",fpn_2,"[""fpn_2"", ""fpn_1"", ""fpn_0""]","{""fpn_0"": [256, 288, 288], ""fpn_1"": [256, 144, 144], ""fpn_2"": [256, 72, 72]}","{""fpn_0"": [256, 72, 72]}",72,72,64,32,False,[0.0],"{""fpn_0"": 1.0}",fpn_0=1.000,deterministic_kmeans,cosine,2,outputs/rwtd_sam3_auto/coarse_vs_fine_sam_scales/stage2/train_fpn_0_only_test/checkpoint.pt,permutation_invariant_binary_partition,architexture_binary_v1,0.3400901080737013,0.0002699956018240146
fpn_0_only,test,49,24,"cluster_1->texture_a,cluster_0->texture_b",0.05768855629574485,0.5526792992439161,0.7240753926187742,0.5526792992439161,"[""fpn_0""]",fpn_2,"[""fpn_2"", ""fpn_1"", ""fpn_0""]","{""fpn_0"": [256, 288, 288], ""fpn_1"": [256, 144, 144], ""fpn_2"": [256, 72, 72]}","{""fpn_0"": [256, 72, 72]}",72,72,64,32,False,[0.0],"{""fpn_0"": 1.0}",fpn_0=1.000,deterministic_kmeans,cosine,2,outputs/rwtd_sam3_auto/coarse_vs_fine_sam_scales/stage2/train_fpn_0_only_test/checkpoint.pt,permutation_invariant_binary_partition,architexture_binary_v1,0.7240753926187742,0.5526792992439161
fpn_0_only,test,50,240,"cluster_1->texture_a,cluster_0->texture_b",0.30440944965190836,-0.002747124202984204,0.3396044450129402,-0.002747124202984204,"[""fpn_0""]",fpn_2,"[""fpn_2"", ""fpn_1"", ""fpn_0""]","{""fpn_0"": [256, 288, 288], ""fpn_1"": [256, 144, 144], ""fpn_2"": [256, 72, 72]}","{""fpn_0"": [256, 72, 72]}",72,72,64,32,False,[0.0],"{""fpn_0"": 1.0}",fpn_0=1.000,deterministic_kmeans,cosine,2,outputs/rwtd_sam3_auto/coarse_vs_fine_sam_scales/stage2/train_fpn_0_only_test/checkpoint.pt,permutation_invariant_binary_partition,architexture_binary_v1,0.3396044450129402,-0.002747124202984204
fpn_0_only,test,51,244,"cluster_1->texture_a,cluster_0->texture_b",0.09527845572866823,0.38891694511227204,0.6563557246063152,0.38891694511227204,"[""fpn_0""]",fpn_2,"[""fpn_2"", ""fpn_1"", ""fpn_0""]","{""fpn_0"": [256, 288, 288], ""fpn_1"": [256, 144, 144], ""fpn_2"": [256, 72, 72]}","{""fpn_0"": [256, 72, 72]}",72,72,64,32,False,[0.0],"{""fpn_0"": 1.0}",fpn_0=1.000,deterministic_kmeans,cosine,2,outputs/rwtd_sam3_auto/coarse_vs_fine_sam_scales/stage2/train_fpn_0_only_test/checkpoint.pt,permutation_invariant_binary_partition,architexture_binary_v1,0.6563557246063152,0.38891694511227204
fpn_0_only,test,52,245,"cluster_1->texture_a,cluster_0->texture_b",0.09438863025536844,0.40577400320246404,0.6861811092884614,0.40577400320246404,"[""fpn_0""]",fpn_2,"[""fpn_2"", ""fpn_1"", ""fpn_0""]","{""fpn_0"": [256, 288, 288], ""fpn_1"": [256, 144, 144], ""fpn_2"": [256, 72, 72]}","{""fpn_0"": [256, 72, 72]}",72,72,64,32,False,[0.0],"{""fpn_0"": 1.0}",fpn_0=1.000,deterministic_kmeans,cosine,2,outputs/rwtd_sam3_auto/coarse_vs_fine_sam_scales/stage2/train_fpn_0_only_test/checkpoint.pt,permutation_invariant_binary_partition,architexture_binary_v1,0.6861811092884614,0.40577400320246404
fpn_0_only,test,53,246,"cluster_0->texture_a,cluster_1->texture_b",0.8625994129425585,0.7290929805473758,0.03730486469685748,0.7290929805473758,"[""fpn_0""]",fpn_2,"[""fpn_2"", ""fpn_1"", ""fpn_0""]","{""fpn_0"": [256, 288, 288], ""fpn_1"": [256, 144, 144], ""fpn_2"": [256, 72, 72]}","{""fpn_0"": [256, 72, 72]}",72,72,64,32,False,[0.0],"{""fpn_0"": 1.0}",fpn_0=1.000,deterministic_kmeans,cosine,2,outputs/rwtd_sam3_auto/coarse_vs_fine_sam_scales/stage2/train_fpn_0_only_test/checkpoint.pt,permutation_invariant_binary_partition,architexture_binary_v1,0.8625994129425585,0.7290929805473758
fpn_0_only,test,54,247,"cluster_1->texture_a,cluster_0->texture_b",0.06578909402015903,0.5605173308638279,0.7767260206724892,0.5605173308638279,"[""fpn_0""]",fpn_2,"[""fpn_2"", ""fpn_1"", ""fpn_0""]","{""fpn_0"": [256, 288, 288], ""fpn_1"": [256, 144, 144], ""fpn_2"": [256, 72, 72]}","{""fpn_0"": [256, 72, 72]}",72,72,64,32,False,[0.0],"{""fpn_0"": 1.0}",fpn_0=1.000,deterministic_kmeans,cosine,2,outputs/rwtd_sam3_auto/coarse_vs_fine_sam_scales/stage2/train_fpn_0_only_test/checkpoint.pt,permutation_invariant_binary_partition,architexture_binary_v1,0.7767260206724892,0.5605173308638279
fpn_0_only,test,55,25,"cluster_1->texture_a,cluster_0->texture_b",0.058918708174640226,0.587903506697625,0.788784341691382,0.587903506697625,"[""fpn_0""]",fpn_2,"[""fpn_2"", ""fpn_1"", ""fpn_0""]","{""fpn_0"": [256, 288, 288], ""fpn_1"": [256, 144, 144], ""fpn_2"": [256, 72, 72]}","{""fpn_0"": [256, 72, 72]}",72,72,64,32,False,[0.0],"{""fpn_0"": 1.0}",fpn_0=1.000,deterministic_kmeans,cosine,2,outputs/rwtd_sam3_auto/coarse_vs_fine_sam_scales/stage2/train_fpn_0_only_test/checkpoint.pt,permutation_invariant_binary_partition,architexture_binary_v1,0.788784341691382,0.587903506697625
fpn_0_only,test,56,250,"cluster_0->texture_a,cluster_1->texture_b",0.7901125968673515,0.614160278574584,0.055349822396877926,0.614160278574584,"[""fpn_0""]",fpn_2,"[""fpn_2"", ""fpn_1"", ""fpn_0""]","{""fpn_0"": [256, 288, 288], ""fpn_1"": [256, 144, 144], ""fpn_2"": [256, 72, 72]}","{""fpn_0"": [256, 72, 72]}",72,72,64,32,False,[0.0],"{""fpn_0"": 1.0}",fpn_0=1.000,deterministic_kmeans,cosine,2,outputs/rwtd_sam3_auto/coarse_vs_fine_sam_scales/stage2/train_fpn_0_only_test/checkpoint.pt,permutation_invariant_binary_partition,architexture_binary_v1,0.7901125968673515,0.614160278574584
fpn_0_only,test,57,251,"cluster_1->texture_a,cluster_0->texture_b",0.1161458743995084,0.33424499797638907,0.6492406069770845,0.33424499797638907,"[""fpn_0""]",fpn_2,"[""fpn_2"", ""fpn_1"", ""fpn_0""]","{""fpn_0"": [256, 288, 288], ""fpn_1"": [256, 144, 144], ""fpn_2"": [256, 72, 72]}","{""fpn_0"": [256, 72, 72]}",72,72,64,32,False,[0.0],"{""fpn_0"": 1.0}",fpn_0=1.000,deterministic_kmeans,cosine,2,outputs/rwtd_sam3_auto/coarse_vs_fine_sam_scales/stage2/train_fpn_0_only_test/checkpoint.pt,permutation_invariant_binary_partition,architexture_binary_v1,0.6492406069770845,0.33424499797638907
fpn_0_only,test,58,253,"cluster_0->texture_a,cluster_1->texture_b",0.45836970202794447,0.0724495577337629,0.22312096399948125,0.0724495577337629,"[""fpn_0""]",fpn_2,"[""fpn_2"", ""fpn_1"", ""fpn_0""]","{""fpn_0"": [256, 288, 288], ""fpn_1"": [256, 144, 144], ""fpn_2"": [256, 72, 72]}","{""fpn_0"": [256, 72, 72]}",72,72,64,32,False,[0.0],"{""fpn_0"": 1.0}",fpn_0=1.000,deterministic_kmeans,cosine,2,outputs/rwtd_sam3_auto/coarse_vs_fine_sam_scales/stage2/train_fpn_0_only_test/checkpoint.pt,permutation_invariant_binary_partition,architexture_binary_v1,0.45836970202794447,0.0724495577337629
fpn_0_only,test,59,254,"cluster_0->texture_a,cluster_1->texture_b",0.8516009841899895,0.7067612672355512,0.04108853981491085,0.7067612672355512,"[""fpn_0""]",fpn_2,"[""fpn_2"", ""fpn_1"", ""fpn_0""]","{""fpn_0"": [256, 288, 288], ""fpn_1"": [256, 144, 144], ""fpn_2"": [256, 72, 72]}","{""fpn_0"": [256, 72, 72]}",72,72,64,32,False,[0.0],"{""fpn_0"": 1.0}",fpn_0=1.000,deterministic_kmeans,cosine,2,outputs/rwtd_sam3_auto/coarse_vs_fine_sam_scales/stage2/train_fpn_0_only_test/checkpoint.pt,permutation_invariant_binary_partition,architexture_binary_v1,0.8516009841899895,0.7067612672355512
fpn_0_only,test,60,256,"cluster_1->texture_a,cluster_0->texture_b",0.09966275627131,0.3990508177142059,0.6870858048730345,0.3990508177142059,"[""fpn_0""]",fpn_2,"[""fpn_2"", ""fpn_1"", ""fpn_0""]","{""fpn_0"": [256, 288, 288], ""fpn_1"": [256, 144, 144], ""fpn_2"": [256, 72, 72]}","{""fpn_0"": [256, 72, 72]}",72,72,64,32,False,[0.0],"{""fpn_0"": 1.0}",fpn_0=1.000,deterministic_kmeans,cosine,2,outputs/rwtd_sam3_auto/coarse_vs_fine_sam_scales/stage2/train_fpn_0_only_test/checkpoint.pt,permutation_invariant_binary_partition,architexture_binary_v1,0.6870858048730345,0.3990508177142059
fpn_0_only,test,61,257,"cluster_1->texture_a,cluster_0->texture_b",0.08630466408933682,0.44503226372500126,0.7107942758134793,0.44503226372500126,"[""fpn_0""]",fpn_2,"[""fpn_2"", ""fpn_1"", ""fpn_0""]","{""fpn_0"": [256, 288, 288], ""fpn_1"": [256, 144, 144], ""fpn_2"": [256, 72, 72]}","{""fpn_0"": [256, 72, 72]}",72,72,64,32,False,[0.0],"{""fpn_0"": 1.0}",fpn_0=1.000,deterministic_kmeans,cosine,2,outputs/rwtd_sam3_auto/coarse_vs_fine_sam_scales/stage2/train_fpn_0_only_test/checkpoint.pt,permutation_invariant_binary_partition,architexture_binary_v1,0.7107942758134793,0.44503226372500126
fpn_0_only,test,62,258,"cluster_0->texture_a,cluster_1->texture_b",0.6962745362779095,0.41308975126196046,0.09804586222955987,0.41308975126196046,"[""fpn_0""]",fpn_2,"[""fpn_2"", ""fpn_1"", ""fpn_0""]","{""fpn_0"": [256, 288, 288], ""fpn_1"": [256, 144, 144], ""fpn_2"": [256, 72, 72]}","{""fpn_0"": [256, 72, 72]}",72,72,64,32,False,[0.0],"{""fpn_0"": 1.0}",fpn_0=1.000,deterministic_kmeans,cosine,2,outputs/rwtd_sam3_auto/coarse_vs_fine_sam_scales/stage2/train_fpn_0_only_test/checkpoint.pt,permutation_invariant_binary_partition,architexture_binary_v1,0.6962745362779095,0.41308975126196046
fpn_0_only,test,63,259,"cluster_1->texture_a,cluster_0->texture_b",0.03600322568319276,0.7323981031173838,0.8498659086014946,0.7323981031173838,"[""fpn_0""]",fpn_2,"[""fpn_2"", ""fpn_1"", ""fpn_0""]","{""fpn_0"": [256, 288, 288], ""fpn_1"": [256, 144, 144], ""fpn_2"": [256, 72, 72]}","{""fpn_0"": [256, 72, 72]}",72,72,64,32,False,[0.0],"{""fpn_0"": 1.0}",fpn_0=1.000,deterministic_kmeans,cosine,2,outputs/rwtd_sam3_auto/coarse_vs_fine_sam_scales/stage2/train_fpn_0_only_test/checkpoint.pt,permutation_invariant_binary_partition,architexture_binary_v1,0.8498659086014946,0.7323981031173838
fpn_0_only,test,64,260,"cluster_0->texture_a,cluster_1->texture_b",0.6137604906413867,0.2721547330604594,0.1349696752780014,0.2721547330604594,"[""fpn_0""]",fpn_2,"[""fpn_2"", ""fpn_1"", ""fpn_0""]","{""fpn_0"": [256, 288, 288], ""fpn_1"": [256, 144, 144], ""fpn_2"": [256, 72, 72]}","{""fpn_0"": [256, 72, 72]}",72,72,64,32,False,[0.0],"{""fpn_0"": 1.0}",fpn_0=1.000,deterministic_kmeans,cosine,2,outputs/rwtd_sam3_auto/coarse_vs_fine_sam_scales/stage2/train_fpn_0_only_test/checkpoint.pt,permutation_invariant_binary_partition,architexture_binary_v1,0.6137604906413867,0.2721547330604594
fpn_0_only,test,65,261,"cluster_0->texture_a,cluster_1->texture_b",0.6360586227103233,0.31669066078585867,0.1226339130116785,0.31669066078585867,"[""fpn_0""]",fpn_2,"[""fpn_2"", ""fpn_1"", ""fpn_0""]","{""fpn_0"": [256, 288, 288], ""fpn_1"": [256, 144, 144], ""fpn_2"": [256, 72, 72]}","{""fpn_0"": [256, 72, 72]}",72,72,64,32,False,[0.0],"{""fpn_0"": 1.0}",fpn_0=1.000,deterministic_kmeans,cosine,2,outputs/rwtd_sam3_auto/coarse_vs_fine_sam_scales/stage2/train_fpn_0_only_test/checkpoint.pt,permutation_invariant_binary_partition,architexture_binary_v1,0.6360586227103233,0.31669066078585867
fpn_0_only,test,66,262,"cluster_0->texture_a,cluster_1->texture_b",0.8660232628943741,0.7367351310708116,0.0367073933536044,0.7367351310708116,"[""fpn_0""]",fpn_2,"[""fpn_2"", ""fpn_1"", ""fpn_0""]","{""fpn_0"": [256, 288, 288], ""fpn_1"": [256, 144, 144], ""fpn_2"": [256, 72, 72]}","{""fpn_0"": [256, 72, 72]}",72,72,64,32,False,[0.0],"{""fpn_0"": 1.0}",fpn_0=1.000,deterministic_kmeans,cosine,2,outputs/rwtd_sam3_auto/coarse_vs_fine_sam_scales/stage2/train_fpn_0_only_test/checkpoint.pt,permutation_invariant_binary_partition,architexture_binary_v1,0.8660232628943741,0.7367351310708116
fpn_0_only,test,67,263,"cluster_0->texture_a,cluster_1->texture_b",0.9091218587372873,0.8188542622326023,0.024200309377947187,0.8188542622326023,"[""fpn_0""]",fpn_2,"[""fpn_2"", ""fpn_1"", ""fpn_0""]","{""fpn_0"": [256, 288, 288], ""fpn_1"": [256, 144, 144], ""fpn_2"": [256, 72, 72]}","{""fpn_0"": [256, 72, 72]}",72,72,64,32,False,[0.0],"{""fpn_0"": 1.0}",fpn_0=1.000,deterministic_kmeans,cosine,2,outputs/rwtd_sam3_auto/coarse_vs_fine_sam_scales/stage2/train_fpn_0_only_test/checkpoint.pt,permutation_invariant_binary_partition,architexture_binary_v1,0.9091218587372873,0.8188542622326023
fpn_0_only,test,68,265,"cluster_0->texture_a,cluster_1->texture_b",0.5636647632018297,0.24690165451992935,0.1257261873652419,0.24690165451992935,"[""fpn_0""]",fpn_2,"[""fpn_2"", ""fpn_1"", ""fpn_0""]","{""fpn_0"": [256, 288, 288], ""fpn_1"": [256, 144, 144], ""fpn_2"": [256, 72, 72]}","{""fpn_0"": [256, 72, 72]}",72,72,64,32,False,[0.0],"{""fpn_0"": 1.0}",fpn_0=1.000,deterministic_kmeans,cosine,2,outputs/rwtd_sam3_auto/coarse_vs_fine_sam_scales/stage2/train_fpn_0_only_test/checkpoint.pt,permutation_invariant_binary_partition,architexture_binary_v1,0.5636647632018297,0.24690165451992935
fpn_0_only,test,69,268,"cluster_0->texture_a,cluster_1->texture_b",0.895838440304261,0.7925572227461464,0.028181415386840297,0.7925572227461464,"[""fpn_0""]",fpn_2,"[""fpn_2"", ""fpn_1"", ""fpn_0""]","{""fpn_0"": [256, 288, 288], ""fpn_1"": [256, 144, 144], ""fpn_2"": [256, 72, 72]}","{""fpn_0"": [256, 72, 72]}",72,72,64,32,False,[0.0],"{""fpn_0"": 1.0}",fpn_0=1.000,deterministic_kmeans,cosine,2,outputs/rwtd_sam3_auto/coarse_vs_fine_sam_scales/stage2/train_fpn_0_only_test/checkpoint.pt,permutation_invariant_binary_partition,architexture_binary_v1,0.895838440304261,0.7925572227461464
fpn_0_only,test,70,269,"cluster_0->texture_a,cluster_1->texture_b",0.8633905681366418,0.7287960050291555,0.037939299778170524,0.7287960050291555,"[""fpn_0""]",fpn_2,"[""fpn_2"", ""fpn_1"", ""fpn_0""]","{""fpn_0"": [256, 288, 288], ""fpn_1"": [256, 144, 144], ""fpn_2"": [256, 72, 72]}","{""fpn_0"": [256, 72, 72]}",72,72,64,32,False,[0.0],"{""fpn_0"": 1.0}",fpn_0=1.000,deterministic_kmeans,cosine,2,outputs/rwtd_sam3_auto/coarse_vs_fine_sam_scales/stage2/train_fpn_0_only_test/checkpoint.pt,permutation_invariant_binary_partition,architexture_binary_v1,0.8633905681366418,0.7287960050291555
fpn_0_only,test,71,27,"cluster_1->texture_a,cluster_0->texture_b",0.11099851264106608,0.3223056395957637,0.643542962037717,0.3223056395957637,"[""fpn_0""]",fpn_2,"[""fpn_2"", ""fpn_1"", ""fpn_0""]","{""fpn_0"": [256, 288, 288], ""fpn_1"": [256, 144, 144], ""fpn_2"": [256, 72, 72]}","{""fpn_0"": [256, 72, 72]}",72,72,64,32,False,[0.0],"{""fpn_0"": 1.0}",fpn_0=1.000,deterministic_kmeans,cosine,2,outputs/rwtd_sam3_auto/coarse_vs_fine_sam_scales/stage2/train_fpn_0_only_test/checkpoint.pt,permutation_invariant_binary_partition,architexture_binary_v1,0.643542962037717,0.3223056395957637
fpn_0_only,test,72,270,"cluster_1->texture_a,cluster_0->texture_b",0.2857218077215982,-0.004231283734939802,0.3042864385854323,-0.004231283734939802,"[""fpn_0""]",fpn_2,"[""fpn_2"", ""fpn_1"", ""fpn_0""]","{""fpn_0"": [256, 288, 288], ""fpn_1"": [256, 144, 144], ""fpn_2"": [256, 72, 72]}","{""fpn_0"": [256, 72, 72]}",72,72,64,32,False,[0.0],"{""fpn_0"": 1.0}",fpn_0=1.000,deterministic_kmeans,cosine,2,outputs/rwtd_sam3_auto/coarse_vs_fine_sam_scales/stage2/train_fpn_0_only_test/checkpoint.pt,permutation_invariant_binary_partition,architexture_binary_v1,0.3042864385854323,-0.004231283734939802
fpn_0_only,test,73,274,"cluster_1->texture_a,cluster_0->texture_b",0.13095617491098632,0.2878714629499037,0.6195209898814202,0.2878714629499037,"[""fpn_0""]",fpn_2,"[""fpn_2"", ""fpn_1"", ""fpn_0""]","{""fpn_0"": [256, 288, 288], ""fpn_1"": [256, 144, 144], ""fpn_2"": [256, 72, 72]}","{""fpn_0"": [256, 72, 72]}",72,72,64,32,False,[0.0],"{""fpn_0"": 1.0}",fpn_0=1.000,deterministic_kmeans,cosine,2,outputs/rwtd_sam3_auto/coarse_vs_fine_sam_scales/stage2/train_fpn_0_only_test/checkpoint.pt,permutation_invariant_binary_partition,architexture_binary_v1,0.6195209898814202,0.2878714629499037
fpn_0_only,test,74,276,"cluster_1->texture_a,cluster_0->texture_b",0.08764464346407633,0.44483720646441893,0.7020264935667128,0.44483720646441893,"[""fpn_0""]",fpn_2,"[""fpn_2"", ""fpn_1"", ""fpn_0""]","{""fpn_0"": [256, 288, 288], ""fpn_1"": [256, 144, 144], ""fpn_2"": [256, 72, 72]}","{""fpn_0"": [256, 72, 72]}",72,72,64,32,False,[0.0],"{""fpn_0"": 1.0}",fpn_0=1.000,deterministic_kmeans,cosine,2,outputs/rwtd_sam3_auto/coarse_vs_fine_sam_scales/stage2/train_fpn_0_only_test/checkpoint.pt,permutation_invariant_binary_partition,architexture_binary_v1,0.7020264935667128,0.44483720646441893
fpn_0_only,test,75,28,"cluster_0->texture_a,cluster_1->texture_b",0.6192670648778107,0.2957647622645203,0.11895032193986532,0.2957647622645203,"[""fpn_0""]",fpn_2,"[""fpn_2"", ""fpn_1"", ""fpn_0""]","{""fpn_0"": [256, 288, 288], ""fpn_1"": [256, 144, 144], ""fpn_2"": [256, 72, 72]}","{""fpn_0"": [256, 72, 72]}",72,72,64,32,False,[0.0],"{""fpn_0"": 1.0}",fpn_0=1.000,deterministic_kmeans,cosine,2,outputs/rwtd_sam3_auto/coarse_vs_fine_sam_scales/stage2/train_fpn_0_only_test/checkpoint.pt,permutation_invariant_binary_partition,architexture_binary_v1,0.6192670648778107,0.2957647622645203
fpn_0_only,test,76,280,"cluster_1->texture_a,cluster_0->texture_b",0.0790595632386571,0.498937467091331,0.7388602267213483,0.498937467091331,"[""fpn_0""]",fpn_2,"[""fpn_2"", ""fpn_1"", ""fpn_0""]","{""fpn_0"": [256, 288, 288], ""fpn_1"": [256, 144, 144], ""fpn_2"": [256, 72, 72]}","{""fpn_0"": [256, 72, 72]}",72,72,64,32,False,[0.0],"{""fpn_0"": 1.0}",fpn_0=1.000,deterministic_kmeans,cosine,2,outputs/rwtd_sam3_auto/coarse_vs_fine_sam_scales/stage2/train_fpn_0_only_test/checkpoint.pt,permutation_invariant_binary_partition,architexture_binary_v1,0.7388602267213483,0.498937467091331
fpn_0_only,test,77,281,"cluster_1->texture_a,cluster_0->texture_b",0.32367755851376395,0.0004152536027528932,0.3410586430741406,0.0004152536027528932,"[""fpn_0""]",fpn_2,"[""fpn_2"", ""fpn_1"", ""fpn_0""]","{""fpn_0"": [256, 288, 288], ""fpn_1"": [256, 144, 144], ""fpn_2"": [256, 72, 72]}","{""fpn_0"": [256, 72, 72]}",72,72,64,32,False,[0.0],"{""fpn_0"": 1.0}",fpn_0=1.000,deterministic_kmeans,cosine,2,outputs/rwtd_sam3_auto/coarse_vs_fine_sam_scales/stage2/train_fpn_0_only_test/checkpoint.pt,permutation_invariant_binary_partition,architexture_binary_v1,0.3410586430741406,0.0004152536027528932
fpn_0_only,test,78,282,"cluster_0->texture_a,cluster_1->texture_b",0.8446003963457062,0.6918647618408096,0.043712290786418764,0.6918647618408096,"[""fpn_0""]",fpn_2,"[""fpn_2"", ""fpn_1"", ""fpn_0""]","{""fpn_0"": [256, 288, 288], ""fpn_1"": [256, 144, 144], ""fpn_2"": [256, 72, 72]}","{""fpn_0"": [256, 72, 72]}",72,72,64,32,False,[0.0],"{""fpn_0"": 1.0}",fpn_0=1.000,deterministic_kmeans,cosine,2,outputs/rwtd_sam3_auto/coarse_vs_fine_sam_scales/stage2/train_fpn_0_only_test/checkpoint.pt,permutation_invariant_binary_partition,architexture_binary_v1,0.8446003963457062,0.6918647618408096
fpn_0_only,test,79,288,"cluster_0->texture_a,cluster_1->texture_b",0.42291678730181714,0.0317144581097091,0.210237339677072,0.0317144581097091,"[""fpn_0""]",fpn_2,"[""fpn_2"", ""fpn_1"", ""fpn_0""]","{""fpn_0"": [256, 288, 288], ""fpn_1"": [256, 144, 144], ""fpn_2"": [256, 72, 72]}","{""fpn_0"": [256, 72, 72]}",72,72,64,32,False,[0.0],"{""fpn_0"": 1.0}",fpn_0=1.000,deterministic_kmeans,cosine,2,outputs/rwtd_sam3_auto/coarse_vs_fine_sam_scales/stage2/train_fpn_0_only_test/checkpoint.pt,permutation_invariant_binary_partition,architexture_binary_v1,0.42291678730181714,0.0317144581097091
fpn_0_only,test,80,293,"cluster_1->texture_a,cluster_0->texture_b",0.22933024962742848,0.006375610524879132,0.3600324911189082,0.006375610524879132,"[""fpn_0""]",fpn_2,"[""fpn_2"", ""fpn_1"", ""fpn_0""]","{""fpn_0"": [256, 288, 288], ""fpn_1"": [256, 144, 144], ""fpn_2"": [256, 72, 72]}","{""fpn_0"": [256, 72, 72]}",72,72,64,32,False,[0.0],"{""fpn_0"": 1.0}",fpn_0=1.000,deterministic_kmeans,cosine,2,outputs/rwtd_sam3_auto/coarse_vs_fine_sam_scales/stage2/train_fpn_0_only_test/checkpoint.pt,permutation_invariant_binary_partition,architexture_binary_v1,0.3600324911189082,0.006375610524879132
fpn_0_only,test,81,294,"cluster_1->texture_a,cluster_0->texture_b",0.01878585005256616,0.8575077404330108,0.9271814377724168,0.8575077404330108,"[""fpn_0""]",fpn_2,"[""fpn_2"", ""fpn_1"", ""fpn_0""]","{""fpn_0"": [256, 288, 288], ""fpn_1"": [256, 144, 144], ""fpn_2"": [256, 72, 72]}","{""fpn_0"": [256, 72, 72]}",72,72,64,32,False,[0.0],"{""fpn_0"": 1.0}",fpn_0=1.000,deterministic_kmeans,cosine,2,outputs/rwtd_sam3_auto/coarse_vs_fine_sam_scales/stage2/train_fpn_0_only_test/checkpoint.pt,permutation_invariant_binary_partition,architexture_binary_v1,0.9271814377724168,0.8575077404330108
fpn_0_only,test,82,299,"cluster_1->texture_a,cluster_0->texture_b",0.15216001476930163,0.2224020029141728,0.5810446195424763,0.2224020029141728,"[""fpn_0""]",fpn_2,"[""fpn_2"", ""fpn_1"", ""fpn_0""]","{""fpn_0"": [256, 288, 288], ""fpn_1"": [256, 144, 144], ""fpn_2"": [256, 72, 72]}","{""fpn_0"": [256, 72, 72]}",72,72,64,32,False,[0.0],"{""fpn_0"": 1.0}",fpn_0=1.000,deterministic_kmeans,cosine,2,outputs/rwtd_sam3_auto/coarse_vs_fine_sam_scales/stage2/train_fpn_0_only_test/checkpoint.pt,permutation_invariant_binary_partition,architexture_binary_v1,0.5810446195424763,0.2224020029141728
fpn_0_only,test,83,3,"cluster_0->texture_a,cluster_1->texture_b",0.6286335918026211,0.33381109052698654,0.10841592199640292,0.33381109052698654,"[""fpn_0""]",fpn_2,"[""fpn_2"", ""fpn_1"", ""fpn_0""]","{""fpn_0"": [256, 288, 288], ""fpn_1"": [256, 144, 144], ""fpn_2"": [256, 72, 72]}","{""fpn_0"": [256, 72, 72]}",72,72,64,32,False,[0.0],"{""fpn_0"": 1.0}",fpn_0=1.000,deterministic_kmeans,cosine,2,outputs/rwtd_sam3_auto/coarse_vs_fine_sam_scales/stage2/train_fpn_0_only_test/checkpoint.pt,permutation_invariant_binary_partition,architexture_binary_v1,0.6286335918026211,0.33381109052698654
fpn_0_only,test,84,30,"cluster_1->texture_a,cluster_0->texture_b",0.10864686814277742,0.3512259740838024,0.6611790559702759,0.3512259740838024,"[""fpn_0""]",fpn_2,"[""fpn_2"", ""fpn_1"", ""fpn_0""]","{""fpn_0"": [256, 288, 288], ""fpn_1"": [256, 144, 144], ""fpn_2"": [256, 72, 72]}","{""fpn_0"": [256, 72, 72]}",72,72,64,32,False,[0.0],"{""fpn_0"": 1.0}",fpn_0=1.000,deterministic_kmeans,cosine,2,outputs/rwtd_sam3_auto/coarse_vs_fine_sam_scales/stage2/train_fpn_0_only_test/checkpoint.pt,permutation_invariant_binary_partition,architexture_binary_v1,0.6611790559702759,0.3512259740838024
fpn_0_only,test,85,300,"cluster_1->texture_a,cluster_0->texture_b",0.09033699707821595,0.4353438512074454,0.7092785069276686,0.4353438512074454,"[""fpn_0""]",fpn_2,"[""fpn_2"", ""fpn_1"", ""fpn_0""]","{""fpn_0"": [256, 288, 288], ""fpn_1"": [256, 144, 144], ""fpn_2"": [256, 72, 72]}","{""fpn_0"": [256, 72, 72]}",72,72,64,32,False,[0.0],"{""fpn_0"": 1.0}",fpn_0=1.000,deterministic_kmeans,cosine,2,outputs/rwtd_sam3_auto/coarse_vs_fine_sam_scales/stage2/train_fpn_0_only_test/checkpoint.pt,permutation_invariant_binary_partition,architexture_binary_v1,0.7092785069276686,0.4353438512074454
fpn_0_only,test,86,302,"cluster_1->texture_a,cluster_0->texture_b",0.02838417389063458,0.7913335173584303,0.8942409840520963,0.7913335173584303,"[""fpn_0""]",fpn_2,"[""fpn_2"", ""fpn_1"", ""fpn_0""]","{""fpn_0"": [256, 288, 288], ""fpn_1"": [256, 144, 144], ""fpn_2"": [256, 72, 72]}","{""fpn_0"": [256, 72, 72]}",72,72,64,32,False,[0.0],"{""fpn_0"": 1.0}",fpn_0=1.000,deterministic_kmeans,cosine,2,outputs/rwtd_sam3_auto/coarse_vs_fine_sam_scales/stage2/train_fpn_0_only_test/checkpoint.pt,permutation_invariant_binary_partition,architexture_binary_v1,0.8942409840520963,0.7913335173584303
fpn_0_only,test,87,303,"cluster_0->texture_a,cluster_1->texture_b",0.9224247227614633,0.8563530102909045,0.018857890570074594,0.8563530102909045,"[""fpn_0""]",fpn_2,"[""fpn_2"", ""fpn_1"", ""fpn_0""]","{""fpn_0"": [256, 288, 288], ""fpn_1"": [256, 144, 144], ""fpn_2"": [256, 72, 72]}","{""fpn_0"": [256, 72, 72]}",72,72,64,32,False,[0.0],"{""fpn_0"": 1.0}",fpn_0=1.000,deterministic_kmeans,cosine,2,outputs/rwtd_sam3_auto/coarse_vs_fine_sam_scales/stage2/train_fpn_0_only_test/checkpoint.pt,permutation_invariant_binary_partition,architexture_binary_v1,0.9224247227614633,0.8563530102909045
fpn_0_only,test,88,304,"cluster_0->texture_a,cluster_1->texture_b",0.6145949817715557,0.29814148263406665,0.11783873959625163,0.29814148263406665,"[""fpn_0""]",fpn_2,"[""fpn_2"", ""fpn_1"", ""fpn_0""]","{""fpn_0"": [256, 288, 288], ""fpn_1"": [256, 144, 144], ""fpn_2"": [256, 72, 72]}","{""fpn_0"": [256, 72, 72]}",72,72,64,32,False,[0.0],"{""fpn_0"": 1.0}",fpn_0=1.000,deterministic_kmeans,cosine,2,outputs/rwtd_sam3_auto/coarse_vs_fine_sam_scales/stage2/train_fpn_0_only_test/checkpoint.pt,permutation_invariant_binary_partition,architexture_binary_v1,0.6145949817715557,0.29814148263406665
fpn_0_only,test,89,308,"cluster_1->texture_a,cluster_0->texture_b",0.08078042432038665,0.4438334315355672,0.6719157088734251,0.4438334315355672,"[""fpn_0""]",fpn_2,"[""fpn_2"", ""fpn_1"", ""fpn_0""]","{""fpn_0"": [256, 288, 288], ""fpn_1"": [256, 144, 144], ""fpn_2"": [256, 72, 72]}","{""fpn_0"": [256, 72, 72]}",72,72,64,32,False,[0.0],"{""fpn_0"": 1.0}",fpn_0=1.000,deterministic_kmeans,cosine,2,outputs/rwtd_sam3_auto/coarse_vs_fine_sam_scales/stage2/train_fpn_0_only_test/checkpoint.pt,permutation_invariant_binary_partition,architexture_binary_v1,0.6719157088734251,0.4438334315355672
fpn_0_only,test,90,310,"cluster_1->texture_a,cluster_0->texture_b",0.02310110331919662,0.7236418659723385,0.802968673383563,0.7236418659723385,"[""fpn_0""]",fpn_2,"[""fpn_2"", ""fpn_1"", ""fpn_0""]","{""fpn_0"": [256, 288, 288], ""fpn_1"": [256, 144, 144], ""fpn_2"": [256, 72, 72]}","{""fpn_0"": [256, 72, 72]}",72,72,64,32,False,[0.0],"{""fpn_0"": 1.0}",fpn_0=1.000,deterministic_kmeans,cosine,2,outputs/rwtd_sam3_auto/coarse_vs_fine_sam_scales/stage2/train_fpn_0_only_test/checkpoint.pt,permutation_invariant_binary_partition,architexture_binary_v1,0.802968673383563,0.7236418659723385
fpn_0_only,test,91,311,"cluster_1->texture_a,cluster_0->texture_b",0.040954442405006064,0.5816631713066994,0.7205630633153537,0.5816631713066994,"[""fpn_0""]",fpn_2,"[""fpn_2"", ""fpn_1"", ""fpn_0""]","{""fpn_0"": [256, 288, 288], ""fpn_1"": [256, 144, 144], ""fpn_2"": [256, 72, 72]}","{""fpn_0"": [256, 72, 72]}",72,72,64,32,False,[0.0],"{""fpn_0"": 1.0}",fpn_0=1.000,deterministic_kmeans,cosine,2,outputs/rwtd_sam3_auto/coarse_vs_fine_sam_scales/stage2/train_fpn_0_only_test/checkpoint.pt,permutation_invariant_binary_partition,architexture_binary_v1,0.7205630633153537,0.5816631713066994
fpn_0_only,test,92,315,"cluster_1->texture_a,cluster_0->texture_b",0.1061971674399801,0.2477900192591043,0.5289845587688125,0.2477900192591043,"[""fpn_0""]",fpn_2,"[""fpn_2"", ""fpn_1"", ""fpn_0""]","{""fpn_0"": [256, 288, 288], ""fpn_1"": [256, 144, 144], ""fpn_2"": [256, 72, 72]}","{""fpn_0"": [256, 72, 72]}",72,72,64,32,False,[0.0],"{""fpn_0"": 1.0}",fpn_0=1.000,deterministic_kmeans,cosine,2,outputs/rwtd_sam3_auto/coarse_vs_fine_sam_scales/stage2/train_fpn_0_only_test/checkpoint.pt,permutation_invariant_binary_partition,architexture_binary_v1,0.5289845587688125,0.2477900192591043
fpn_0_only,test,93,318,"cluster_1->texture_a,cluster_0->texture_b",0.03876301536555561,0.7010780431787316,0.8213016670096329,0.7010780431787316,"[""fpn_0""]",fpn_2,"[""fpn_2"", ""fpn_1"", ""fpn_0""]","{""fpn_0"": [256, 288, 288], ""fpn_1"": [256, 144, 144], ""fpn_2"": [256, 72, 72]}","{""fpn_0"": [256, 72, 72]}",72,72,64,32,False,[0.0],"{""fpn_0"": 1.0}",fpn_0=1.000,deterministic_kmeans,cosine,2,outputs/rwtd_sam3_auto/coarse_vs_fine_sam_scales/stage2/train_fpn_0_only_test/checkpoint.pt,permutation_invariant_binary_partition,architexture_binary_v1,0.8213016670096329,0.7010780431787316
fpn_0_only,test,94,319,"cluster_0->texture_a,cluster_1->texture_b",0.5322500176844395,0.1574221933356512,0.1578309430231115,0.1574221933356512,"[""fpn_0""]",fpn_2,"[""fpn_2"", ""fpn_1"", ""fpn_0""]","{""fpn_0"": [256, 288, 288], ""fpn_1"": [256, 144, 144], ""fpn_2"": [256, 72, 72]}","{""fpn_0"": [256, 72, 72]}",72,72,64,32,False,[0.0],"{""fpn_0"": 1.0}",fpn_0=1.000,deterministic_kmeans,cosine,2,outputs/rwtd_sam3_auto/coarse_vs_fine_sam_scales/stage2/train_fpn_0_only_test/checkpoint.pt,permutation_invariant_binary_partition,architexture_binary_v1,0.5322500176844395,0.1574221933356512
fpn_0_only,test,95,322,"cluster_0->texture_a,cluster_1->texture_b",0.9415801533876197,0.8868094706264078,0.014717942780424171,0.8868094706264078,"[""fpn_0""]",fpn_2,"[""fpn_2"", ""fpn_1"", ""fpn_0""]","{""fpn_0"": [256, 288, 288], ""fpn_1"": [256, 144, 144], ""fpn_2"": [256, 72, 72]}","{""fpn_0"": [256, 72, 72]}",72,72,64,32,False,[0.0],"{""fpn_0"": 1.0}",fpn_0=1.000,deterministic_kmeans,cosine,2,outputs/rwtd_sam3_auto/coarse_vs_fine_sam_scales/stage2/train_fpn_0_only_test/checkpoint.pt,permutation_invariant_binary_partition,architexture_binary_v1,0.9415801533876197,0.8868094706264078
fpn_0_only,test,96,323,"cluster_0->texture_a,cluster_1->texture_b",0.6549834548347395,0.3418653368124109,0.11197219766141404,0.3418653368124109,"[""fpn_0""]",fpn_2,"[""fpn_2"", ""fpn_1"", ""fpn_0""]","{""fpn_0"": [256, 288, 288], ""fpn_1"": [256, 144, 144], ""fpn_2"": [256, 72, 72]}","{""fpn_0"": [256, 72, 72]}",72,72,64,32,False,[0.0],"{""fpn_0"": 1.0}",fpn_0=1.000,deterministic_kmeans,cosine,2,outputs/rwtd_sam3_auto/coarse_vs_fine_sam_scales/stage2/train_fpn_0_only_test/checkpoint.pt,permutation_invariant_binary_partition,architexture_binary_v1,0.6549834548347395,0.3418653368124109
fpn_0_only,test,97,324,"cluster_1->texture_a,cluster_0->texture_b",0.13040963495899016,0.25796975715186327,0.601526852836093,0.25796975715186327,"[""fpn_0""]",fpn_2,"[""fpn_2"", ""fpn_1"", ""fpn_0""]","{""fpn_0"": [256, 288, 288], ""fpn_1"": [256, 144, 144], ""fpn_2"": [256, 72, 72]}","{""fpn_0"": [256, 72, 72]}",72,72,64,32,False,[0.0],"{""fpn_0"": 1.0}",fpn_0=1.000,deterministic_kmeans,cosine,2,outputs/rwtd_sam3_auto/coarse_vs_fine_sam_scales/stage2/train_fpn_0_only_test/checkpoint.pt,permutation_invariant_binary_partition,architexture_binary_v1,0.601526852836093,0.25796975715186327
fpn_0_only,test,98,325,"cluster_1->texture_a,cluster_0->texture_b",0.025519710076800883,0.810746475535481,0.904546074581735,0.810746475535481,"[""fpn_0""]",fpn_2,"[""fpn_2"", ""fpn_1"", ""fpn_0""]","{""fpn_0"": [256, 288, 288], ""fpn_1"": [256, 144, 144], ""fpn_2"": [256, 72, 72]}","{""fpn_0"": [256, 72, 72]}",72,72,64,32,False,[0.0],"{""fpn_0"": 1.0}",fpn_0=1.000,deterministic_kmeans,cosine,2,outputs/rwtd_sam3_auto/coarse_vs_fine_sam_scales/stage2/train_fpn_0_only_test/checkpoint.pt,permutation_invariant_binary_partition,architexture_binary_v1,0.904546074581735,0.810746475535481
fpn_0_only,test,99,327,"cluster_1->texture_a,cluster_0->texture_b",0.032042130490558214,0.7636984913832428,0.8809026142196965,0.7636984913832428,"[""fpn_0""]",fpn_2,"[""fpn_2"", ""fpn_1"", ""fpn_0""]","{""fpn_0"": [256, 288, 288], ""fpn_1"": [256, 144, 144], ""fpn_2"": [256, 72, 72]}","{""fpn_0"": [256, 72, 72]}",72,72,64,32,False,[0.0],"{""fpn_0"": 1.0}",fpn_0=1.000,deterministic_kmeans,cosine,2,outputs/rwtd_sam3_auto/coarse_vs_fine_sam_scales/stage2/train_fpn_0_only_test/checkpoint.pt,permutation_invariant_binary_partition,architexture_binary_v1,0.8809026142196965,0.7636984913832428
fpn_0_only,test,100,328,"cluster_0->texture_a,cluster_1->texture_b",0.9327622187904632,0.8748131397851733,0.016329712936853365,0.8748131397851733,"[""fpn_0""]",fpn_2,"[""fpn_2"", ""fpn_1"", ""fpn_0""]","{""fpn_0"": [256, 288, 288], ""fpn_1"": [256, 144, 144], ""fpn_2"": [256, 72, 72]}","{""fpn_0"": [256, 72, 72]}",72,72,64,32,False,[0.0],"{""fpn_0"": 1.0}",fpn_0=1.000,deterministic_kmeans,cosine,2,outputs/rwtd_sam3_auto/coarse_vs_fine_sam_scales/stage2/train_fpn_0_only_test/checkpoint.pt,permutation_invariant_binary_partition,architexture_binary_v1,0.9327622187904632,0.8748131397851733
fpn_0_only,test,101,329,"cluster_1->texture_a,cluster_0->texture_b",0.022545122850212644,0.8313837919009304,0.9153897262205144,0.8313837919009304,"[""fpn_0""]",fpn_2,"[""fpn_2"", ""fpn_1"", ""fpn_0""]","{""fpn_0"": [256, 288, 288], ""fpn_1"": [256, 144, 144], ""fpn_2"": [256, 72, 72]}","{""fpn_0"": [256, 72, 72]}",72,72,64,32,False,[0.0],"{""fpn_0"": 1.0}",fpn_0=1.000,deterministic_kmeans,cosine,2,outputs/rwtd_sam3_auto/coarse_vs_fine_sam_scales/stage2/train_fpn_0_only_test/checkpoint.pt,permutation_invariant_binary_partition,architexture_binary_v1,0.9153897262205144,0.8313837919009304
fpn_0_only,test,102,33,"cluster_1->texture_a,cluster_0->texture_b",0.20666172466007732,0.036193097507245905,0.39754436280663275,0.036193097507245905,"[""fpn_0""]",fpn_2,"[""fpn_2"", ""fpn_1"", ""fpn_0""]","{""fpn_0"": [256, 288, 288], ""fpn_1"": [256, 144, 144], ""fpn_2"": [256, 72, 72]}","{""fpn_0"": [256, 72, 72]}",72,72,64,32,False,[0.0],"{""fpn_0"": 1.0}",fpn_0=1.000,deterministic_kmeans,cosine,2,outputs/rwtd_sam3_auto/coarse_vs_fine_sam_scales/stage2/train_fpn_0_only_test/checkpoint.pt,permutation_invariant_binary_partition,architexture_binary_v1,0.39754436280663275,0.036193097507245905
fpn_0_only,test,103,330,"cluster_1->texture_a,cluster_0->texture_b",0.04298477785790854,0.6916414440491039,0.8329710857517134,0.6916414440491039,"[""fpn_0""]",fpn_2,"[""fpn_2"", ""fpn_1"", ""fpn_0""]","{""fpn_0"": [256, 288, 288], ""fpn_1"": [256, 144, 144], ""fpn_2"": [256, 72, 72]}","{""fpn_0"": [256, 72, 72]}",72,72,64,32,False,[0.0],"{""fpn_0"": 1.0}",fpn_0=1.000,deterministic_kmeans,cosine,2,outputs/rwtd_sam3_auto/coarse_vs_fine_sam_scales/stage2/train_fpn_0_only_test/checkpoint.pt,permutation_invariant_binary_partition,architexture_binary_v1,0.8329710857517134,0.6916414440491039
fpn_0_only,test,104,331,"cluster_0->texture_a,cluster_1->texture_b",0.8952841303172469,0.8193164188649628,0.023455187589404656,0.8193164188649628,"[""fpn_0""]",fpn_2,"[""fpn_2"", ""fpn_1"", ""fpn_0""]","{""fpn_0"": [256, 288, 288], ""fpn_1"": [256, 144, 144], ""fpn_2"": [256, 72, 72]}","{""fpn_0"": [256, 72, 72]}",72,72,64,32,False,[0.0],"{""fpn_0"": 1.0}",fpn_0=1.000,deterministic_kmeans,cosine,2,outputs/rwtd_sam3_auto/coarse_vs_fine_sam_scales/stage2/train_fpn_0_only_test/checkpoint.pt,permutation_invariant_binary_partition,architexture_binary_v1,0.8952841303172469,0.8193164188649628
fpn_0_only,test,105,332,"cluster_0->texture_a,cluster_1->texture_b",0.9386271052657071,0.8853743017912635,0.014883339899368714,0.8853743017912635,"[""fpn_0""]",fpn_2,"[""fpn_2"", ""fpn_1"", ""fpn_0""]","{""fpn_0"": [256, 288, 288], ""fpn_1"": [256, 144, 144], ""fpn_2"": [256, 72, 72]}","{""fpn_0"": [256, 72, 72]}",72,72,64,32,False,[0.0],"{""fpn_0"": 1.0}",fpn_0=1.000,deterministic_kmeans,cosine,2,outputs/rwtd_sam3_auto/coarse_vs_fine_sam_scales/stage2/train_fpn_0_only_test/checkpoint.pt,permutation_invariant_binary_partition,architexture_binary_v1,0.9386271052657071,0.8853743017912635
fpn_0_only,test,106,334,"cluster_0->texture_a,cluster_1->texture_b",0.8705453185475649,0.7595581191208504,0.03292506454984642,0.7595581191208504,"[""fpn_0""]",fpn_2,"[""fpn_2"", ""fpn_1"", ""fpn_0""]","{""fpn_0"": [256, 288, 288], ""fpn_1"": [256, 144, 144], ""fpn_2"": [256, 72, 72]}","{""fpn_0"": [256, 72, 72]}",72,72,64,32,False,[0.0],"{""fpn_0"": 1.0}",fpn_0=1.000,deterministic_kmeans,cosine,2,outputs/rwtd_sam3_auto/coarse_vs_fine_sam_scales/stage2/train_fpn_0_only_test/checkpoint.pt,permutation_invariant_binary_partition,architexture_binary_v1,0.8705453185475649,0.7595581191208504
fpn_0_only,test,107,337,"cluster_0->texture_a,cluster_1->texture_b",0.9197308100692626,0.8782157833875551,0.013816310764673493,0.8782157833875551,"[""fpn_0""]",fpn_2,"[""fpn_2"", ""fpn_1"", ""fpn_0""]","{""fpn_0"": [256, 288, 288], ""fpn_1"": [256, 144, 144], ""fpn_2"": [256, 72, 72]}","{""fpn_0"": [256, 72, 72]}",72,72,64,32,False,[0.0],"{""fpn_0"": 1.0}",fpn_0=1.000,deterministic_kmeans,cosine,2,outputs/rwtd_sam3_auto/coarse_vs_fine_sam_scales/stage2/train_fpn_0_only_test/checkpoint.pt,permutation_invariant_binary_partition,architexture_binary_v1,0.9197308100692626,0.8782157833875551
fpn_0_only,test,108,34,"cluster_1->texture_a,cluster_0->texture_b",0.26336389376866826,-0.0037769836948051143,0.3677055149515106,-0.0037769836948051143,"[""fpn_0""]",fpn_2,"[""fpn_2"", ""fpn_1"", ""fpn_0""]","{""fpn_0"": [256, 288, 288], ""fpn_1"": [256, 144, 144], ""fpn_2"": [256, 72, 72]}","{""fpn_0"": [256, 72, 72]}",72,72,64,32,False,[0.0],"{""fpn_0"": 1.0}",fpn_0=1.000,deterministic_kmeans,cosine,2,outputs/rwtd_sam3_auto/coarse_vs_fine_sam_scales/stage2/train_fpn_0_only_test/checkpoint.pt,permutation_invariant_binary_partition,architexture_binary_v1,0.3677055149515106,-0.0037769836948051143
fpn_0_only,test,109,342,"cluster_0->texture_a,cluster_1->texture_b",0.7574060638156319,0.5242891152775306,0.0726186220677589,0.5242891152775306,"[""fpn_0""]",fpn_2,"[""fpn_2"", ""fpn_1"", ""fpn_0""]","{""fpn_0"": [256, 288, 288], ""fpn_1"": [256, 144, 144], ""fpn_2"": [256, 72, 72]}","{""fpn_0"": [256, 72, 72]}",72,72,64,32,False,[0.0],"{""fpn_0"": 1.0}",fpn_0=1.000,deterministic_kmeans,cosine,2,outputs/rwtd_sam3_auto/coarse_vs_fine_sam_scales/stage2/train_fpn_0_only_test/checkpoint.pt,permutation_invariant_binary_partition,architexture_binary_v1,0.7574060638156319,0.5242891152775306
fpn_0_only,test,110,343,"cluster_1->texture_a,cluster_0->texture_b",0.036716457468123936,0.7187487210993773,0.8330998356257735,0.7187487210993773,"[""fpn_0""]",fpn_2,"[""fpn_2"", ""fpn_1"", ""fpn_0""]","{""fpn_0"": [256, 288, 288], ""fpn_1"": [256, 144, 144], ""fpn_2"": [256, 72, 72]}","{""fpn_0"": [256, 72, 72]}",72,72,64,32,False,[0.0],"{""fpn_0"": 1.0}",fpn_0=1.000,deterministic_kmeans,cosine,2,outputs/rwtd_sam3_auto/coarse_vs_fine_sam_scales/stage2/train_fpn_0_only_test/checkpoint.pt,permutation_invariant_binary_partition,architexture_binary_v1,0.8330998356257735,0.7187487210993773
fpn_0_only,test,111,344,"cluster_1->texture_a,cluster_0->texture_b",0.08129482045137536,0.4607958572226714,0.7026198791969589,0.4607958572226714,"[""fpn_0""]",fpn_2,"[""fpn_2"", ""fpn_1"", ""fpn_0""]","{""fpn_0"": [256, 288, 288], ""fpn_1"": [256, 144, 144], ""fpn_2"": [256, 72, 72]}","{""fpn_0"": [256, 72, 72]}",72,72,64,32,False,[0.0],"{""fpn_0"": 1.0}",fpn_0=1.000,deterministic_kmeans,cosine,2,outputs/rwtd_sam3_auto/coarse_vs_fine_sam_scales/stage2/train_fpn_0_only_test/checkpoint.pt,permutation_invariant_binary_partition,architexture_binary_v1,0.7026198791969589,0.4607958572226714
fpn_0_only,test,112,345,"cluster_0->texture_a,cluster_1->texture_b",0.8700839610335893,0.7652444853698841,0.03169030692758229,0.7652444853698841,"[""fpn_0""]",fpn_2,"[""fpn_2"", ""fpn_1"", ""fpn_0""]","{""fpn_0"": [256, 288, 288], ""fpn_1"": [256, 144, 144], ""fpn_2"": [256, 72, 72]}","{""fpn_0"": [256, 72, 72]}",72,72,64,32,False,[0.0],"{""fpn_0"": 1.0}",fpn_0=1.000,deterministic_kmeans,cosine,2,outputs/rwtd_sam3_auto/coarse_vs_fine_sam_scales/stage2/train_fpn_0_only_test/checkpoint.pt,permutation_invariant_binary_partition,architexture_binary_v1,0.8700839610335893,0.7652444853698841
fpn_0_only,test,113,346,"cluster_1->texture_a,cluster_0->texture_b",0.13266166202769564,0.23479077535948606,0.5879314322585536,0.23479077535948606,"[""fpn_0""]",fpn_2,"[""fpn_2"", ""fpn_1"", ""fpn_0""]","{""fpn_0"": [256, 288, 288], ""fpn_1"": [256, 144, 144], ""fpn_2"": [256, 72, 72]}","{""fpn_0"": [256, 72, 72]}",72,72,64,32,False,[0.0],"{""fpn_0"": 1.0}",fpn_0=1.000,deterministic_kmeans,cosine,2,outputs/rwtd_sam3_auto/coarse_vs_fine_sam_scales/stage2/train_fpn_0_only_test/checkpoint.pt,permutation_invariant_binary_partition,architexture_binary_v1,0.5879314322585536,0.23479077535948606
fpn_0_only,test,114,347,"cluster_0->texture_a,cluster_1->texture_b",0.7700080288336972,0.5485561965340918,0.06553003244059452,0.5485561965340918,"[""fpn_0""]",fpn_2,"[""fpn_2"", ""fpn_1"", ""fpn_0""]","{""fpn_0"": [256, 288, 288], ""fpn_1"": [256, 144, 144], ""fpn_2"": [256, 72, 72]}","{""fpn_0"": [256, 72, 72]}",72,72,64,32,False,[0.0],"{""fpn_0"": 1.0}",fpn_0=1.000,deterministic_kmeans,cosine,2,outputs/rwtd_sam3_auto/coarse_vs_fine_sam_scales/stage2/train_fpn_0_only_test/checkpoint.pt,permutation_invariant_binary_partition,architexture_binary_v1,0.7700080288336972,0.5485561965340918
fpn_0_only,test,115,349,"cluster_0->texture_a,cluster_1->texture_b",0.9096141604874566,0.841070758353005,0.020609879930455485,0.841070758353005,"[""fpn_0""]",fpn_2,"[""fpn_2"", ""fpn_1"", ""fpn_0""]","{""fpn_0"": [256, 288, 288], ""fpn_1"": [256, 144, 144], ""fpn_2"": [256, 72, 72]}","{""fpn_0"": [256, 72, 72]}",72,72,64,32,False,[0.0],"{""fpn_0"": 1.0}",fpn_0=1.000,deterministic_kmeans,cosine,2,outputs/rwtd_sam3_auto/coarse_vs_fine_sam_scales/stage2/train_fpn_0_only_test/checkpoint.pt,permutation_invariant_binary_partition,architexture_binary_v1,0.9096141604874566,0.841070758353005
fpn_0_only,test,116,350,"cluster_0->texture_a,cluster_1->texture_b",0.6424085821642518,0.3753774984841245,0.10242813414790174,0.3753774984841245,"[""fpn_0""]",fpn_2,"[""fpn_2"", ""fpn_1"", ""fpn_0""]","{""fpn_0"": [256, 288, 288], ""fpn_1"": [256, 144, 144], ""fpn_2"": [256, 72, 72]}","{""fpn_0"": [256, 72, 72]}",72,72,64,32,False,[0.0],"{""fpn_0"": 1.0}",fpn_0=1.000,deterministic_kmeans,cosine,2,outputs/rwtd_sam3_auto/coarse_vs_fine_sam_scales/stage2/train_fpn_0_only_test/checkpoint.pt,permutation_invariant_binary_partition,architexture_binary_v1,0.6424085821642518,0.3753774984841245
fpn_0_only,test,117,351,"cluster_1->texture_a,cluster_0->texture_b",0.014549779265653085,0.8878535486826399,0.9438248242191543,0.8878535486826399,"[""fpn_0""]",fpn_2,"[""fpn_2"", ""fpn_1"", ""fpn_0""]","{""fpn_0"": [256, 288, 288], ""fpn_1"": [256, 144, 144], ""fpn_2"": [256, 72, 72]}","{""fpn_0"": [256, 72, 72]}",72,72,64,32,False,[0.0],"{""fpn_0"": 1.0}",fpn_0=1.000,deterministic_kmeans,cosine,2,outputs/rwtd_sam3_auto/coarse_vs_fine_sam_scales/stage2/train_fpn_0_only_test/checkpoint.pt,permutation_invariant_binary_partition,architexture_binary_v1,0.9438248242191543,0.8878535486826399
fpn_0_only,test,118,352,"cluster_0->texture_a,cluster_1->texture_b",0.9088852685132186,0.8512554556675215,0.01821089657943273,0.8512554556675215,"[""fpn_0""]",fpn_2,"[""fpn_2"", ""fpn_1"", ""fpn_0""]","{""fpn_0"": [256, 288, 288], ""fpn_1"": [256, 144, 144], ""fpn_2"": [256, 72, 72]}","{""fpn_0"": [256, 72, 72]}",72,72,64,32,False,[0.0],"{""fpn_0"": 1.0}",fpn_0=1.000,deterministic_kmeans,cosine,2,outputs/rwtd_sam3_auto/coarse_vs_fine_sam_scales/stage2/train_fpn_0_only_test/checkpoint.pt,permutation_invariant_binary_partition,architexture_binary_v1,0.9088852685132186,0.8512554556675215
fpn_0_only,test,119,357,"cluster_0->texture_a,cluster_1->texture_b",0.5596434424418969,0.2168253714679495,0.1513096936619764,0.2168253714679495,"[""fpn_0""]",fpn_2,"[""fpn_2"", ""fpn_1"", ""fpn_0""]","{""fpn_0"": [256, 288, 288], ""fpn_1"": [256, 144, 144], ""fpn_2"": [256, 72, 72]}","{""fpn_0"": [256, 72, 72]}",72,72,64,32,False,[0.0],"{""fpn_0"": 1.0}",fpn_0=1.000,deterministic_kmeans,cosine,2,outputs/rwtd_sam3_auto/coarse_vs_fine_sam_scales/stage2/train_fpn_0_only_test/checkpoint.pt,permutation_invariant_binary_partition,architexture_binary_v1,0.5596434424418969,0.2168253714679495
fpn_0_only,test,120,358,"cluster_0->texture_a,cluster_1->texture_b",0.5239467986257137,0.22750293370894986,0.12138863679578017,0.22750293370894986,"[""fpn_0""]",fpn_2,"[""fpn_2"", ""fpn_1"", ""fpn_0""]","{""fpn_0"": [256, 288, 288], ""fpn_1"": [256, 144, 144], ""fpn_2"": [256, 72, 72]}","{""fpn_0"": [256, 72, 72]}",72,72,64,32,False,[0.0],"{""fpn_0"": 1.0}",fpn_0=1.000,deterministic_kmeans,cosine,2,outputs/rwtd_sam3_auto/coarse_vs_fine_sam_scales/stage2/train_fpn_0_only_test/checkpoint.pt,permutation_invariant_binary_partition,architexture_binary_v1,0.5239467986257137,0.22750293370894986
fpn_0_only,test,121,359,"cluster_0->texture_a,cluster_1->texture_b",0.8856080140828382,0.776494978051156,0.030593759517496412,0.776494978051156,"[""fpn_0""]",fpn_2,"[""fpn_2"", ""fpn_1"", ""fpn_0""]","{""fpn_0"": [256, 288, 288], ""fpn_1"": [256, 144, 144], ""fpn_2"": [256, 72, 72]}","{""fpn_0"": [256, 72, 72]}",72,72,64,32,False,[0.0],"{""fpn_0"": 1.0}",fpn_0=1.000,deterministic_kmeans,cosine,2,outputs/rwtd_sam3_auto/coarse_vs_fine_sam_scales/stage2/train_fpn_0_only_test/checkpoint.pt,permutation_invariant_binary_partition,architexture_binary_v1,0.8856080140828382,0.776494978051156
fpn_0_only,test,122,36,"cluster_0->texture_a,cluster_1->texture_b",0.9052584538265027,0.8524301245616288,0.01731999413885398,0.8524301245616288,"[""fpn_0""]",fpn_2,"[""fpn_2"", ""fpn_1"", ""fpn_0""]","{""fpn_0"": [256, 288, 288], ""fpn_1"": [256, 144, 144], ""fpn_2"": [256, 72, 72]}","{""fpn_0"": [256, 72, 72]}",72,72,64,32,False,[0.0],"{""fpn_0"": 1.0}",fpn_0=1.000,deterministic_kmeans,cosine,2,outputs/rwtd_sam3_auto/coarse_vs_fine_sam_scales/stage2/train_fpn_0_only_test/checkpoint.pt,permutation_invariant_binary_partition,architexture_binary_v1,0.9052584538265027,0.8524301245616288
fpn_0_only,test,123,362,"cluster_1->texture_a,cluster_0->texture_b",0.030793934896559693,0.7729554173191096,0.8860205424782888,0.7729554173191096,"[""fpn_0""]",fpn_2,"[""fpn_2"", ""fpn_1"", ""fpn_0""]","{""fpn_0"": [256, 288, 288], ""fpn_1"": [256, 144, 144], ""fpn_2"": [256, 72, 72]}","{""fpn_0"": [256, 72, 72]}",72,72,64,32,False,[0.0],"{""fpn_0"": 1.0}",fpn_0=1.000,deterministic_kmeans,cosine,2,outputs/rwtd_sam3_auto/coarse_vs_fine_sam_scales/stage2/train_fpn_0_only_test/checkpoint.pt,permutation_invariant_binary_partition,architexture_binary_v1,0.8860205424782888,0.7729554173191096
fpn_0_only,test,124,364,"cluster_1->texture_a,cluster_0->texture_b",0.020996350295891968,0.8378647881566194,0.9069030997529717,0.8378647881566194,"[""fpn_0""]",fpn_2,"[""fpn_2"", ""fpn_1"", ""fpn_0""]","{""fpn_0"": [256, 288, 288], ""fpn_1"": [256, 144, 144], ""fpn_2"": [256, 72, 72]}","{""fpn_0"": [256, 72, 72]}",72,72,64,32,False,[0.0],"{""fpn_0"": 1.0}",fpn_0=1.000,deterministic_kmeans,cosine,2,outputs/rwtd_sam3_auto/coarse_vs_fine_sam_scales/stage2/train_fpn_0_only_test/checkpoint.pt,permutation_invariant_binary_partition,architexture_binary_v1,0.9069030997529717,0.8378647881566194
fpn_0_only,test,125,365,"cluster_0->texture_a,cluster_1->texture_b",0.8799237927564487,0.7670134003712921,0.03193010346456437,0.7670134003712921,"[""fpn_0""]",fpn_2,"[""fpn_2"", ""fpn_1"", ""fpn_0""]","{""fpn_0"": [256, 288, 288], ""fpn_1"": [256, 144, 144], ""fpn_2"": [256, 72, 72]}","{""fpn_0"": [256, 72, 72]}",72,72,64,32,False,[0.0],"{""fpn_0"": 1.0}",fpn_0=1.000,deterministic_kmeans,cosine,2,outputs/rwtd_sam3_auto/coarse_vs_fine_sam_scales/stage2/train_fpn_0_only_test/checkpoint.pt,permutation_invariant_binary_partition,architexture_binary_v1,0.8799237927564487,0.7670134003712921
fpn_0_only,test,126,366,"cluster_0->texture_a,cluster_1->texture_b",0.8198134954067615,0.6432501886823455,0.05167995075433529,0.6432501886823455,"[""fpn_0""]",fpn_2,"[""fpn_2"", ""fpn_1"", ""fpn_0""]","{""fpn_0"": [256, 288, 288], ""fpn_1"": [256, 144, 144], ""fpn_2"": [256, 72, 72]}","{""fpn_0"": [256, 72, 72]}",72,72,64,32,False,[0.0],"{""fpn_0"": 1.0}",fpn_0=1.000,deterministic_kmeans,cosine,2,outputs/rwtd_sam3_auto/coarse_vs_fine_sam_scales/stage2/train_fpn_0_only_test/checkpoint.pt,permutation_invariant_binary_partition,architexture_binary_v1,0.8198134954067615,0.6432501886823455
fpn_0_only,test,127,371,"cluster_0->texture_a,cluster_1->texture_b",0.9120099768443508,0.8281257689126266,0.022727579564547573,0.8281257689126266,"[""fpn_0""]",fpn_2,"[""fpn_2"", ""fpn_1"", ""fpn_0""]","{""fpn_0"": [256, 288, 288], ""fpn_1"": [256, 144, 144], ""fpn_2"": [256, 72, 72]}","{""fpn_0"": [256, 72, 72]}",72,72,64,32,False,[0.0],"{""fpn_0"": 1.0}",fpn_0=1.000,deterministic_kmeans,cosine,2,outputs/rwtd_sam3_auto/coarse_vs_fine_sam_scales/stage2/train_fpn_0_only_test/checkpoint.pt,permutation_invariant_binary_partition,architexture_binary_v1,0.9120099768443508,0.8281257689126266
fpn_0_only,test,128,373,"cluster_0->texture_a,cluster_1->texture_b",0.7852746989941228,0.6356000874592477,0.04912066106917908,0.6356000874592477,"[""fpn_0""]",fpn_2,"[""fpn_2"", ""fpn_1"", ""fpn_0""]","{""fpn_0"": [256, 288, 288], ""fpn_1"": [256, 144, 144], ""fpn_2"": [256, 72, 72]}","{""fpn_0"": [256, 72, 72]}",72,72,64,32,False,[0.0],"{""fpn_0"": 1.0}",fpn_0=1.000,deterministic_kmeans,cosine,2,outputs/rwtd_sam3_auto/coarse_vs_fine_sam_scales/stage2/train_fpn_0_only_test/checkpoint.pt,permutation_invariant_binary_partition,architexture_binary_v1,0.7852746989941228,0.6356000874592477
fpn_0_only,test,129,374,"cluster_0->texture_a,cluster_1->texture_b",0.8807472495984523,0.7896543535631294,0.027568945652486222,0.7896543535631294,"[""fpn_0""]",fpn_2,"[""fpn_2"", ""fpn_1"", ""fpn_0""]","{""fpn_0"": [256, 288, 288], ""fpn_1"": [256, 144, 144], ""fpn_2"": [256, 72, 72]}","{""fpn_0"": [256, 72, 72]}",72,72,64,32,False,[0.0],"{""fpn_0"": 1.0}",fpn_0=1.000,deterministic_kmeans,cosine,2,outputs/rwtd_sam3_auto/coarse_vs_fine_sam_scales/stage2/train_fpn_0_only_test/checkpoint.pt,permutation_invariant_binary_partition,architexture_binary_v1,0.8807472495984523,0.7896543535631294
fpn_0_only,test,130,376,"cluster_0->texture_a,cluster_1->texture_b",0.693654157226216,0.4583372844108332,0.08445795832441552,0.4583372844108332,"[""fpn_0""]",fpn_2,"[""fpn_2"", ""fpn_1"", ""fpn_0""]","{""fpn_0"": [256, 288, 288], ""fpn_1"": [256, 144, 144], ""fpn_2"": [256, 72, 72]}","{""fpn_0"": [256, 72, 72]}",72,72,64,32,False,[0.0],"{""fpn_0"": 1.0}",fpn_0=1.000,deterministic_kmeans,cosine,2,outputs/rwtd_sam3_auto/coarse_vs_fine_sam_scales/stage2/train_fpn_0_only_test/checkpoint.pt,permutation_invariant_binary_partition,architexture_binary_v1,0.693654157226216,0.4583372844108332
fpn_0_only,test,131,377,"cluster_1->texture_a,cluster_0->texture_b",0.14404620374961286,0.2001459599686655,0.5516704049993056,0.2001459599686655,"[""fpn_0""]",fpn_2,"[""fpn_2"", ""fpn_1"", ""fpn_0""]","{""fpn_0"": [256, 288, 288], ""fpn_1"": [256, 144, 144], ""fpn_2"": [256, 72, 72]}","{""fpn_0"": [256, 72, 72]}",72,72,64,32,False,[0.0],"{""fpn_0"": 1.0}",fpn_0=1.000,deterministic_kmeans,cosine,2,outputs/rwtd_sam3_auto/coarse_vs_fine_sam_scales/stage2/train_fpn_0_only_test/checkpoint.pt,permutation_invariant_binary_partition,architexture_binary_v1,0.5516704049993056,0.2001459599686655
fpn_0_only,test,132,378,"cluster_0->texture_a,cluster_1->texture_b",0.8541713724454654,0.7790930759347262,0.025001992780827934,0.7790930759347262,"[""fpn_0""]",fpn_2,"[""fpn_2"", ""fpn_1"", ""fpn_0""]","{""fpn_0"": [256, 288, 288], ""fpn_1"": [256, 144, 144], ""fpn_2"": [256, 72, 72]}","{""fpn_0"": [256, 72, 72]}",72,72,64,32,False,[0.0],"{""fpn_0"": 1.0}",fpn_0=1.000,deterministic_kmeans,cosine,2,outputs/rwtd_sam3_auto/coarse_vs_fine_sam_scales/stage2/train_fpn_0_only_test/checkpoint.pt,permutation_invariant_binary_partition,architexture_binary_v1,0.8541713724454654,0.7790930759347262
fpn_0_only,test,133,380,"cluster_0->texture_a,cluster_1->texture_b",0.8512052659015986,0.741539473481375,0.03384586642603006,0.741539473481375,"[""fpn_0""]",fpn_2,"[""fpn_2"", ""fpn_1"", ""fpn_0""]","{""fpn_0"": [256, 288, 288], ""fpn_1"": [256, 144, 144], ""fpn_2"": [256, 72, 72]}","{""fpn_0"": [256, 72, 72]}",72,72,64,32,False,[0.0],"{""fpn_0"": 1.0}",fpn_0=1.000,deterministic_kmeans,cosine,2,outputs/rwtd_sam3_auto/coarse_vs_fine_sam_scales/stage2/train_fpn_0_only_test/checkpoint.pt,permutation_invariant_binary_partition,architexture_binary_v1,0.8512052659015986,0.741539473481375
fpn_0_only,test,134,383,"cluster_0->texture_a,cluster_1->texture_b",0.8429481345164824,0.6961480820893489,0.043032128490635466,0.6961480820893489,"[""fpn_0""]",fpn_2,"[""fpn_2"", ""fpn_1"", ""fpn_0""]","{""fpn_0"": [256, 288, 288], ""fpn_1"": [256, 144, 144], ""fpn_2"": [256, 72, 72]}","{""fpn_0"": [256, 72, 72]}",72,72,64,32,False,[0.0],"{""fpn_0"": 1.0}",fpn_0=1.000,deterministic_kmeans,cosine,2,outputs/rwtd_sam3_auto/coarse_vs_fine_sam_scales/stage2/train_fpn_0_only_test/checkpoint.pt,permutation_invariant_binary_partition,architexture_binary_v1,0.8429481345164824,0.6961480820893489
fpn_0_only,test,135,387,"cluster_0->texture_a,cluster_1->texture_b",0.8232344979604577,0.7065611724353782,0.03825885226076642,0.7065611724353782,"[""fpn_0""]",fpn_2,"[""fpn_2"", ""fpn_1"", ""fpn_0""]","{""fpn_0"": [256, 288, 288], ""fpn_1"": [256, 144, 144], ""fpn_2"": [256, 72, 72]}","{""fpn_0"": [256, 72, 72]}",72,72,64,32,False,[0.0],"{""fpn_0"": 1.0}",fpn_0=1.000,deterministic_kmeans,cosine,2,outputs/rwtd_sam3_auto/coarse_vs_fine_sam_scales/stage2/train_fpn_0_only_test/checkpoint.pt,permutation_invariant_binary_partition,architexture_binary_v1,0.8232344979604577,0.7065611724353782
fpn_0_only,test,136,389,"cluster_0->texture_a,cluster_1->texture_b",0.9394110425714195,0.8811480541155157,0.015558172453122552,0.8811480541155157,"[""fpn_0""]",fpn_2,"[""fpn_2"", ""fpn_1"", ""fpn_0""]","{""fpn_0"": [256, 288, 288], ""fpn_1"": [256, 144, 144], ""fpn_2"": [256, 72, 72]}","{""fpn_0"": [256, 72, 72]}",72,72,64,32,False,[0.0],"{""fpn_0"": 1.0}",fpn_0=1.000,deterministic_kmeans,cosine,2,outputs/rwtd_sam3_auto/coarse_vs_fine_sam_scales/stage2/train_fpn_0_only_test/checkpoint.pt,permutation_invariant_binary_partition,architexture_binary_v1,0.9394110425714195,0.8811480541155157
fpn_0_only,test,137,39,"cluster_1->texture_a,cluster_0->texture_b",0.0953231978900568,0.4195913868205677,0.68618353935883,0.4195913868205677,"[""fpn_0""]",fpn_2,"[""fpn_2"", ""fpn_1"", ""fpn_0""]","{""fpn_0"": [256, 288, 288], ""fpn_1"": [256, 144, 144], ""fpn_2"": [256, 72, 72]}","{""fpn_0"": [256, 72, 72]}",72,72,64,32,False,[0.0],"{""fpn_0"": 1.0}",fpn_0=1.000,deterministic_kmeans,cosine,2,outputs/rwtd_sam3_auto/coarse_vs_fine_sam_scales/stage2/train_fpn_0_only_test/checkpoint.pt,permutation_invariant_binary_partition,architexture_binary_v1,0.68618353935883,0.4195913868205677
fpn_0_only,test,138,391,"cluster_1->texture_a,cluster_0->texture_b",0.021034643704841177,0.8256035105156845,0.8900515484055195,0.8256035105156845,"[""fpn_0""]",fpn_2,"[""fpn_2"", ""fpn_1"", ""fpn_0""]","{""fpn_0"": [256, 288, 288], ""fpn_1"": [256, 144, 144], ""fpn_2"": [256, 72, 72]}","{""fpn_0"": [256, 72, 72]}",72,72,64,32,False,[0.0],"{""fpn_0"": 1.0}",fpn_0=1.000,deterministic_kmeans,cosine,2,outputs/rwtd_sam3_auto/coarse_vs_fine_sam_scales/stage2/train_fpn_0_only_test/checkpoint.pt,permutation_invariant_binary_partition,architexture_binary_v1,0.8900515484055195,0.8256035105156845
fpn_0_only,test,139,392,"cluster_0->texture_a,cluster_1->texture_b",0.9126993654125934,0.8258283211863124,0.023132162214365575,0.8258283211863124,"[""fpn_0""]",fpn_2,"[""fpn_2"", ""fpn_1"", ""fpn_0""]","{""fpn_0"": [256, 288, 288], ""fpn_1"": [256, 144, 144], ""fpn_2"": [256, 72, 72]}","{""fpn_0"": [256, 72, 72]}",72,72,64,32,False,[0.0],"{""fpn_0"": 1.0}",fpn_0=1.000,deterministic_kmeans,cosine,2,outputs/rwtd_sam3_auto/coarse_vs_fine_sam_scales/stage2/train_fpn_0_only_test/checkpoint.pt,permutation_invariant_binary_partition,architexture_binary_v1,0.9126993654125934,0.8258283211863124
fpn_0_only,test,140,393,"cluster_0->texture_a,cluster_1->texture_b",0.9309784423932821,0.8710009280045392,0.016810828796135595,0.8710009280045392,"[""fpn_0""]",fpn_2,"[""fpn_2"", ""fpn_1"", ""fpn_0""]","{""fpn_0"": [256, 288, 288], ""fpn_1"": [256, 144, 144], ""fpn_2"": [256, 72, 72]}","{""fpn_0"": [256, 72, 72]}",72,72,64,32,False,[0.0],"{""fpn_0"": 1.0}",fpn_0=1.000,deterministic_kmeans,cosine,2,outputs/rwtd_sam3_auto/coarse_vs_fine_sam_scales/stage2/train_fpn_0_only_test/checkpoint.pt,permutation_invariant_binary_partition,architexture_binary_v1,0.9309784423932821,0.8710009280045392
fpn_0_only,test,141,394,"cluster_0->texture_a,cluster_1->texture_b",0.9396423111303953,0.881936660531212,0.015377810573773005,0.881936660531212,"[""fpn_0""]",fpn_2,"[""fpn_2"", ""fpn_1"", ""fpn_0""]","{""fpn_0"": [256, 288, 288], ""fpn_1"": [256, 144, 144], ""fpn_2"": [256, 72, 72]}","{""fpn_0"": [256, 72, 72]}",72,72,64,32,False,[0.0],"{""fpn_0"": 1.0}",fpn_0=1.000,deterministic_kmeans,cosine,2,outputs/rwtd_sam3_auto/coarse_vs_fine_sam_scales/stage2/train_fpn_0_only_test/checkpoint.pt,permutation_invariant_binary_partition,architexture_binary_v1,0.9396423111303953,0.881936660531212
fpn_0_only,test,142,395,"cluster_0->texture_a,cluster_1->texture_b",0.9197041532974144,0.8472237495315649,0.020080404255639353,0.8472237495315649,"[""fpn_0""]",fpn_2,"[""fpn_2"", ""fpn_1"", ""fpn_0""]","{""fpn_0"": [256, 288, 288], ""fpn_1"": [256, 144, 144], ""fpn_2"": [256, 72, 72]}","{""fpn_0"": [256, 72, 72]}",72,72,64,32,False,[0.0],"{""fpn_0"": 1.0}",fpn_0=1.000,deterministic_kmeans,cosine,2,outputs/rwtd_sam3_auto/coarse_vs_fine_sam_scales/stage2/train_fpn_0_only_test/checkpoint.pt,permutation_invariant_binary_partition,architexture_binary_v1,0.9197041532974144,0.8472237495315649
fpn_0_only,test,143,398,"cluster_1->texture_a,cluster_0->texture_b",0.06410133359468027,0.5253202796276117,0.712400016155676,0.5253202796276117,"[""fpn_0""]",fpn_2,"[""fpn_2"", ""fpn_1"", ""fpn_0""]","{""fpn_0"": [256, 288, 288], ""fpn_1"": [256, 144, 144], ""fpn_2"": [256, 72, 72]}","{""fpn_0"": [256, 72, 72]}",72,72,64,32,False,[0.0],"{""fpn_0"": 1.0}",fpn_0=1.000,deterministic_kmeans,cosine,2,outputs/rwtd_sam3_auto/coarse_vs_fine_sam_scales/stage2/train_fpn_0_only_test/checkpoint.pt,permutation_invariant_binary_partition,architexture_binary_v1,0.712400016155676,0.5253202796276117
fpn_0_only,test,144,4,"cluster_1->texture_a,cluster_0->texture_b",0.013103908928206207,0.8835962427585942,0.9228302179409411,0.8835962427585942,"[""fpn_0""]",fpn_2,"[""fpn_2"", ""fpn_1"", ""fpn_0""]","{""fpn_0"": [256, 288, 288], ""fpn_1"": [256, 144, 144], ""fpn_2"": [256, 72, 72]}","{""fpn_0"": [256, 72, 72]}",72,72,64,32,False,[0.0],"{""fpn_0"": 1.0}",fpn_0=1.000,deterministic_kmeans,cosine,2,outputs/rwtd_sam3_auto/coarse_vs_fine_sam_scales/stage2/train_fpn_0_only_test/checkpoint.pt,permutation_invariant_binary_partition,architexture_binary_v1,0.9228302179409411,0.8835962427585942
fpn_0_only,test,145,40,"cluster_0->texture_a,cluster_1->texture_b",0.5402370470491172,0.20652021033231532,0.14156385104304872,0.20652021033231532,"[""fpn_0""]",fpn_2,"[""fpn_2"", ""fpn_1"", ""fpn_0""]","{""fpn_0"": [256, 288, 288], ""fpn_1"": [256, 144, 144], ""fpn_2"": [256, 72, 72]}","{""fpn_0"": [256, 72, 72]}",72,72,64,32,False,[0.0],"{""fpn_0"": 1.0}",fpn_0=1.000,deterministic_kmeans,cosine,2,outputs/rwtd_sam3_auto/coarse_vs_fine_sam_scales/stage2/train_fpn_0_only_test/checkpoint.pt,permutation_invariant_binary_partition,architexture_binary_v1,0.5402370470491172,0.20652021033231532
fpn_0_only,test,146,400,"cluster_1->texture_a,cluster_0->texture_b",0.09627673497233502,0.3968411683844276,0.687846197739053,0.3968411683844276,"[""fpn_0""]",fpn_2,"[""fpn_2"", ""fpn_1"", ""fpn_0""]","{""fpn_0"": [256, 288, 288], ""fpn_1"": [256, 144, 144], ""fpn_2"": [256, 72, 72]}","{""fpn_0"": [256, 72, 72]}",72,72,64,32,False,[0.0],"{""fpn_0"": 1.0}",fpn_0=1.000,deterministic_kmeans,cosine,2,outputs/rwtd_sam3_auto/coarse_vs_fine_sam_scales/stage2/train_fpn_0_only_test/checkpoint.pt,permutation_invariant_binary_partition,architexture_binary_v1,0.687846197739053,0.3968411683844276
fpn_0_only,test,147,403,"cluster_0->texture_a,cluster_1->texture_b",0.7781882983067889,0.6594938049312893,0.03911263710370331,0.6594938049312893,"[""fpn_0""]",fpn_2,"[""fpn_2"", ""fpn_1"", ""fpn_0""]","{""fpn_0"": [256, 288, 288], ""fpn_1"": [256, 144, 144], ""fpn_2"": [256, 72, 72]}","{""fpn_0"": [256, 72, 72]}",72,72,64,32,False,[0.0],"{""fpn_0"": 1.0}",fpn_0=1.000,deterministic_kmeans,cosine,2,outputs/rwtd_sam3_auto/coarse_vs_fine_sam_scales/stage2/train_fpn_0_only_test/checkpoint.pt,permutation_invariant_binary_partition,architexture_binary_v1,0.7781882983067889,0.6594938049312893
fpn_0_only,test,148,408,"cluster_0->texture_a,cluster_1->texture_b",0.7976552708182483,0.6012700335747032,0.05934928200952011,0.6012700335747032,"[""fpn_0""]",fpn_2,"[""fpn_2"", ""fpn_1"", ""fpn_0""]","{""fpn_0"": [256, 288, 288], ""fpn_1"": [256, 144, 144], ""fpn_2"": [256, 72, 72]}","{""fpn_0"": [256, 72, 72]}",72,72,64,32,False,[0.0],"{""fpn_0"": 1.0}",fpn_0=1.000,deterministic_kmeans,cosine,2,outputs/rwtd_sam3_auto/coarse_vs_fine_sam_scales/stage2/train_fpn_0_only_test/checkpoint.pt,permutation_invariant_binary_partition,architexture_binary_v1,0.7976552708182483,0.6012700335747032
fpn_0_only,test,149,41,"cluster_1->texture_a,cluster_0->texture_b",0.0868751286938852,0.4440630876201202,0.6808275642034125,0.4440630876201202,"[""fpn_0""]",fpn_2,"[""fpn_2"", ""fpn_1"", ""fpn_0""]","{""fpn_0"": [256, 288, 288], ""fpn_1"": [256, 144, 144], ""fpn_2"": [256, 72, 72]}","{""fpn_0"": [256, 72, 72]}",72,72,64,32,False,[0.0],"{""fpn_0"": 1.0}",fpn_0=1.000,deterministic_kmeans,cosine,2,outputs/rwtd_sam3_auto/coarse_vs_fine_sam_scales/stage2/train_fpn_0_only_test/checkpoint.pt,permutation_invariant_binary_partition,architexture_binary_v1,0.6808275642034125,0.4440630876201202
fpn_0_only,test,150,410,"cluster_0->texture_a,cluster_1->texture_b",0.9394741925291653,0.8862949504389588,0.014749074319733348,0.8862949504389588,"[""fpn_0""]",fpn_2,"[""fpn_2"", ""fpn_1"", ""fpn_0""]","{""fpn_0"": [256, 288, 288], ""fpn_1"": [256, 144, 144], ""fpn_2"": [256, 72, 72]}","{""fpn_0"": [256, 72, 72]}",72,72,64,32,False,[0.0],"{""fpn_0"": 1.0}",fpn_0=1.000,deterministic_kmeans,cosine,2,outputs/rwtd_sam3_auto/coarse_vs_fine_sam_scales/stage2/train_fpn_0_only_test/checkpoint.pt,permutation_invariant_binary_partition,architexture_binary_v1,0.9394741925291653,0.8862949504389588
fpn_0_only,test,151,411,"cluster_1->texture_a,cluster_0->texture_b",0.029929736356654642,0.7775423942817752,0.8769425315127899,0.7775423942817752,"[""fpn_0""]",fpn_2,"[""fpn_2"", ""fpn_1"", ""fpn_0""]","{""fpn_0"": [256, 288, 288], ""fpn_1"": [256, 144, 144], ""fpn_2"": [256, 72, 72]}","{""fpn_0"": [256, 72, 72]}",72,72,64,32,False,[0.0],"{""fpn_0"": 1.0}",fpn_0=1.000,deterministic_kmeans,cosine,2,outputs/rwtd_sam3_auto/coarse_vs_fine_sam_scales/stage2/train_fpn_0_only_test/checkpoint.pt,permutation_invariant_binary_partition,architexture_binary_v1,0.8769425315127899,0.7775423942817752
fpn_0_only,test,152,412,"cluster_0->texture_a,cluster_1->texture_b",0.8513482947595266,0.7494338414920143,0.0326729557300201,0.7494338414920143,"[""fpn_0""]",fpn_2,"[""fpn_2"", ""fpn_1"", ""fpn_0""]","{""fpn_0"": [256, 288, 288], ""fpn_1"": [256, 144, 144], ""fpn_2"": [256, 72, 72]}","{""fpn_0"": [256, 72, 72]}",72,72,64,32,False,[0.0],"{""fpn_0"": 1.0}",fpn_0=1.000,deterministic_kmeans,cosine,2,outputs/rwtd_sam3_auto/coarse_vs_fine_sam_scales/stage2/train_fpn_0_only_test/checkpoint.pt,permutation_invariant_binary_partition,architexture_binary_v1,0.8513482947595266,0.7494338414920143
fpn_0_only,test,153,414,"cluster_0->texture_a,cluster_1->texture_b",0.8841874040567599,0.7793011512604215,0.03003331690978383,0.7793011512604215,"[""fpn_0""]",fpn_2,"[""fpn_2"", ""fpn_1"", ""fpn_0""]","{""fpn_0"": [256, 288, 288], ""fpn_1"": [256, 144, 144], ""fpn_2"": [256, 72, 72]}","{""fpn_0"": [256, 72, 72]}",72,72,64,32,False,[0.0],"{""fpn_0"": 1.0}",fpn_0=1.000,deterministic_kmeans,cosine,2,outputs/rwtd_sam3_auto/coarse_vs_fine_sam_scales/stage2/train_fpn_0_only_test/checkpoint.pt,permutation_invariant_binary_partition,architexture_binary_v1,0.8841874040567599,0.7793011512604215
fpn_0_only,test,154,416,"cluster_0->texture_a,cluster_1->texture_b",0.9109485138906364,0.8317909041306853,0.022312672139939267,0.8317909041306853,"[""fpn_0""]",fpn_2,"[""fpn_2"", ""fpn_1"", ""fpn_0""]","{""fpn_0"": [256, 288, 288], ""fpn_1"": [256, 144, 144], ""fpn_2"": [256, 72, 72]}","{""fpn_0"": [256, 72, 72]}",72,72,64,32,False,[0.0],"{""fpn_0"": 1.0}",fpn_0=1.000,deterministic_kmeans,cosine,2,outputs/rwtd_sam3_auto/coarse_vs_fine_sam_scales/stage2/train_fpn_0_only_test/checkpoint.pt,permutation_invariant_binary_partition,architexture_binary_v1,0.9109485138906364,0.8317909041306853
fpn_0_only,test,155,417,"cluster_0->texture_a,cluster_1->texture_b",0.7453673126425437,0.5111165150974423,0.07661320650179526,0.5111165150974423,"[""fpn_0""]",fpn_2,"[""fpn_2"", ""fpn_1"", ""fpn_0""]","{""fpn_0"": [256, 288, 288], ""fpn_1"": [256, 144, 144], ""fpn_2"": [256, 72, 72]}","{""fpn_0"": [256, 72, 72]}",72,72,64,32,False,[0.0],"{""fpn_0"": 1.0}",fpn_0=1.000,deterministic_kmeans,cosine,2,outputs/rwtd_sam3_auto/coarse_vs_fine_sam_scales/stage2/train_fpn_0_only_test/checkpoint.pt,permutation_invariant_binary_partition,architexture_binary_v1,0.7453673126425437,0.5111165150974423
fpn_0_only,test,156,418,"cluster_0->texture_a,cluster_1->texture_b",0.8316142397811703,0.7327898379906945,0.03245384447662698,0.7327898379906945,"[""fpn_0""]",fpn_2,"[""fpn_2"", ""fpn_1"", ""fpn_0""]","{""fpn_0"": [256, 288, 288], ""fpn_1"": [256, 144, 144], ""fpn_2"": [256, 72, 72]}","{""fpn_0"": [256, 72, 72]}",72,72,64,32,False,[0.0],"{""fpn_0"": 1.0}",fpn_0=1.000,deterministic_kmeans,cosine,2,outputs/rwtd_sam3_auto/coarse_vs_fine_sam_scales/stage2/train_fpn_0_only_test/checkpoint.pt,permutation_invariant_binary_partition,architexture_binary_v1,0.8316142397811703,0.7327898379906945
fpn_0_only,test,157,422,"cluster_1->texture_a,cluster_0->texture_b",0.014590415313108703,0.8882562220477286,0.9440746121188589,0.8882562220477286,"[""fpn_0""]",fpn_2,"[""fpn_2"", ""fpn_1"", ""fpn_0""]","{""fpn_0"": [256, 288, 288], ""fpn_1"": [256, 144, 144], ""fpn_2"": [256, 72, 72]}","{""fpn_0"": [256, 72, 72]}",72,72,64,32,False,[0.0],"{""fpn_0"": 1.0}",fpn_0=1.000,deterministic_kmeans,cosine,2,outputs/rwtd_sam3_auto/coarse_vs_fine_sam_scales/stage2/train_fpn_0_only_test/checkpoint.pt,permutation_invariant_binary_partition,architexture_binary_v1,0.9440746121188589,0.8882562220477286
fpn_0_only,test,158,423,"cluster_0->texture_a,cluster_1->texture_b",0.8141617721211599,0.6516951939802944,0.04981960911624464,0.6516951939802944,"[""fpn_0""]",fpn_2,"[""fpn_2"", ""fpn_1"", ""fpn_0""]","{""fpn_0"": [256, 288, 288], ""fpn_1"": [256, 144, 144], ""fpn_2"": [256, 72, 72]}","{""fpn_0"": [256, 72, 72]}",72,72,64,32,False,[0.0],"{""fpn_0"": 1.0}",fpn_0=1.000,deterministic_kmeans,cosine,2,outputs/rwtd_sam3_auto/coarse_vs_fine_sam_scales/stage2/train_fpn_0_only_test/checkpoint.pt,permutation_invariant_binary_partition,architexture_binary_v1,0.8141617721211599,0.6516951939802944
fpn_0_only,test,159,424,"cluster_0->texture_a,cluster_1->texture_b",0.8465981658988083,0.7095580866029845,0.04086379811025399,0.7095580866029845,"[""fpn_0""]",fpn_2,"[""fpn_2"", ""fpn_1"", ""fpn_0""]","{""fpn_0"": [256, 288, 288], ""fpn_1"": [256, 144, 144], ""fpn_2"": [256, 72, 72]}","{""fpn_0"": [256, 72, 72]}",72,72,64,32,False,[0.0],"{""fpn_0"": 1.0}",fpn_0=1.000,deterministic_kmeans,cosine,2,outputs/rwtd_sam3_auto/coarse_vs_fine_sam_scales/stage2/train_fpn_0_only_test/checkpoint.pt,permutation_invariant_binary_partition,architexture_binary_v1,0.8465981658988083,0.7095580866029845
fpn_0_only,test,160,425,"cluster_1->texture_a,cluster_0->texture_b",0.032935633104060516,0.7594953406734352,0.8725944049664317,0.7594953406734352,"[""fpn_0""]",fpn_2,"[""fpn_2"", ""fpn_1"", ""fpn_0""]","{""fpn_0"": [256, 288, 288], ""fpn_1"": [256, 144, 144], ""fpn_2"": [256, 72, 72]}","{""fpn_0"": [256, 72, 72]}",72,72,64,32,False,[0.0],"{""fpn_0"": 1.0}",fpn_0=1.000,deterministic_kmeans,cosine,2,outputs/rwtd_sam3_auto/coarse_vs_fine_sam_scales/stage2/train_fpn_0_only_test/checkpoint.pt,permutation_invariant_binary_partition,architexture_binary_v1,0.8725944049664317,0.7594953406734352
fpn_0_only,test,161,426,"cluster_1->texture_a,cluster_0->texture_b",0.014476887674215427,0.8879767068266825,0.9389251772367515,0.8879767068266825,"[""fpn_0""]",fpn_2,"[""fpn_2"", ""fpn_1"", ""fpn_0""]","{""fpn_0"": [256, 288, 288], ""fpn_1"": [256, 144, 144], ""fpn_2"": [256, 72, 72]}","{""fpn_0"": [256, 72, 72]}",72,72,64,32,False,[0.0],"{""fpn_0"": 1.0}",fpn_0=1.000,deterministic_kmeans,cosine,2,outputs/rwtd_sam3_auto/coarse_vs_fine_sam_scales/stage2/train_fpn_0_only_test/checkpoint.pt,permutation_invariant_binary_partition,architexture_binary_v1,0.9389251772367515,0.8879767068266825
fpn_0_only,test,162,428,"cluster_0->texture_a,cluster_1->texture_b",0.8841668686653354,0.775999085708894,0.030098161699981932,0.775999085708894,"[""fpn_0""]",fpn_2,"[""fpn_2"", ""fpn_1"", ""fpn_0""]","{""fpn_0"": [256, 288, 288], ""fpn_1"": [256, 144, 144], ""fpn_2"": [256, 72, 72]}","{""fpn_0"": [256, 72, 72]}",72,72,64,32,False,[0.0],"{""fpn_0"": 1.0}",fpn_0=1.000,deterministic_kmeans,cosine,2,outputs/rwtd_sam3_auto/coarse_vs_fine_sam_scales/stage2/train_fpn_0_only_test/checkpoint.pt,permutation_invariant_binary_partition,architexture_binary_v1,0.8841668686653354,0.775999085708894
fpn_0_only,test,163,429,"cluster_0->texture_a,cluster_1->texture_b",0.7740098606889045,0.5686115825080487,0.06503123440733008,0.5686115825080487,"[""fpn_0""]",fpn_2,"[""fpn_2"", ""fpn_1"", ""fpn_0""]","{""fpn_0"": [256, 288, 288], ""fpn_1"": [256, 144, 144], ""fpn_2"": [256, 72, 72]}","{""fpn_0"": [256, 72, 72]}",72,72,64,32,False,[0.0],"{""fpn_0"": 1.0}",fpn_0=1.000,deterministic_kmeans,cosine,2,outputs/rwtd_sam3_auto/coarse_vs_fine_sam_scales/stage2/train_fpn_0_only_test/checkpoint.pt,permutation_invariant_binary_partition,architexture_binary_v1,0.7740098606889045,0.5686115825080487
fpn_0_only,test,164,431,"cluster_0->texture_a,cluster_1->texture_b",0.8565268611910923,0.7369052245651594,0.035468172717187434,0.7369052245651594,"[""fpn_0""]",fpn_2,"[""fpn_2"", ""fpn_1"", ""fpn_0""]","{""fpn_0"": [256, 288, 288], ""fpn_1"": [256, 144, 144], ""fpn_2"": [256, 72, 72]}","{""fpn_0"": [256, 72, 72]}",72,72,64,32,False,[0.0],"{""fpn_0"": 1.0}",fpn_0=1.000,deterministic_kmeans,cosine,2,outputs/rwtd_sam3_auto/coarse_vs_fine_sam_scales/stage2/train_fpn_0_only_test/checkpoint.pt,permutation_invariant_binary_partition,architexture_binary_v1,0.8565268611910923,0.7369052245651594
fpn_0_only,test,165,432,"cluster_0->texture_a,cluster_1->texture_b",0.8821548833048289,0.7908428853222833,0.027634378816004244,0.7908428853222833,"[""fpn_0""]",fpn_2,"[""fpn_2"", ""fpn_1"", ""fpn_0""]","{""fpn_0"": [256, 288, 288], ""fpn_1"": [256, 144, 144], ""fpn_2"": [256, 72, 72]}","{""fpn_0"": [256, 72, 72]}",72,72,64,32,False,[0.0],"{""fpn_0"": 1.0}",fpn_0=1.000,deterministic_kmeans,cosine,2,outputs/rwtd_sam3_auto/coarse_vs_fine_sam_scales/stage2/train_fpn_0_only_test/checkpoint.pt,permutation_invariant_binary_partition,architexture_binary_v1,0.8821548833048289,0.7908428853222833
fpn_0_only,test,166,434,"cluster_0->texture_a,cluster_1->texture_b",0.9019685966183182,0.806929012001537,0.02605791786680435,0.806929012001537,"[""fpn_0""]",fpn_2,"[""fpn_2"", ""fpn_1"", ""fpn_0""]","{""fpn_0"": [256, 288, 288], ""fpn_1"": [256, 144, 144], ""fpn_2"": [256, 72, 72]}","{""fpn_0"": [256, 72, 72]}",72,72,64,32,False,[0.0],"{""fpn_0"": 1.0}",fpn_0=1.000,deterministic_kmeans,cosine,2,outputs/rwtd_sam3_auto/coarse_vs_fine_sam_scales/stage2/train_fpn_0_only_test/checkpoint.pt,permutation_invariant_binary_partition,architexture_binary_v1,0.9019685966183182,0.806929012001537
fpn_0_only,test,167,44,"cluster_0->texture_a,cluster_1->texture_b",0.5200898583658569,0.21722120973707282,0.06257026506939184,0.21722120973707282,"[""fpn_0""]",fpn_2,"[""fpn_2"", ""fpn_1"", ""fpn_0""]","{""fpn_0"": [256, 288, 288], ""fpn_1"": [256, 144, 144], ""fpn_2"": [256, 72, 72]}","{""fpn_0"": [256, 72, 72]}",72,72,64,32,False,[0.0],"{""fpn_0"": 1.0}",fpn_0=1.000,deterministic_kmeans,cosine,2,outputs/rwtd_sam3_auto/coarse_vs_fine_sam_scales/stage2/train_fpn_0_only_test/checkpoint.pt,permutation_invariant_binary_partition,architexture_binary_v1,0.5200898583658569,0.21722120973707282
fpn_0_only,test,168,440,"cluster_1->texture_a,cluster_0->texture_b",0.09264690713349137,0.35010772964542464,0.601882410765483,0.35010772964542464,"[""fpn_0""]",fpn_2,"[""fpn_2"", ""fpn_1"", ""fpn_0""]","{""fpn_0"": [256, 288, 288], ""fpn_1"": [256, 144, 144], ""fpn_2"": [256, 72, 72]}","{""fpn_0"": [256, 72, 72]}",72,72,64,32,False,[0.0],"{""fpn_0"": 1.0}",fpn_0=1.000,deterministic_kmeans,cosine,2,outputs/rwtd_sam3_auto/coarse_vs_fine_sam_scales/stage2/train_fpn_0_only_test/checkpoint.pt,permutation_invariant_binary_partition,architexture_binary_v1,0.601882410765483,0.35010772964542464
fpn_0_only,test,169,441,"cluster_0->texture_a,cluster_1->texture_b",0.9259097374759091,0.8971036041926624,0.009982070201911698,0.8971036041926624,"[""fpn_0""]",fpn_2,"[""fpn_2"", ""fpn_1"", ""fpn_0""]","{""fpn_0"": [256, 288, 288], ""fpn_1"": [256, 144, 144], ""fpn_2"": [256, 72, 72]}","{""fpn_0"": [256, 72, 72]}",72,72,64,32,False,[0.0],"{""fpn_0"": 1.0}",fpn_0=1.000,deterministic_kmeans,cosine,2,outputs/rwtd_sam3_auto/coarse_vs_fine_sam_scales/stage2/train_fpn_0_only_test/checkpoint.pt,permutation_invariant_binary_partition,architexture_binary_v1,0.9259097374759091,0.8971036041926624
fpn_0_only,test,170,442,"cluster_0->texture_a,cluster_1->texture_b",0.7544275344459113,0.5839834742814223,0.0567765905680499,0.5839834742814223,"[""fpn_0""]",fpn_2,"[""fpn_2"", ""fpn_1"", ""fpn_0""]","{""fpn_0"": [256, 288, 288], ""fpn_1"": [256, 144, 144], ""fpn_2"": [256, 72, 72]}","{""fpn_0"": [256, 72, 72]}",72,72,64,32,False,[0.0],"{""fpn_0"": 1.0}",fpn_0=1.000,deterministic_kmeans,cosine,2,outputs/rwtd_sam3_auto/coarse_vs_fine_sam_scales/stage2/train_fpn_0_only_test/checkpoint.pt,permutation_invariant_binary_partition,architexture_binary_v1,0.7544275344459113,0.5839834742814223
fpn_0_only,test,171,443,"cluster_0->texture_a,cluster_1->texture_b",0.7290579788238949,0.49582522812056035,0.07929480197269531,0.49582522812056035,"[""fpn_0""]",fpn_2,"[""fpn_2"", ""fpn_1"", ""fpn_0""]","{""fpn_0"": [256, 288, 288], ""fpn_1"": [256, 144, 144], ""fpn_2"": [256, 72, 72]}","{""fpn_0"": [256, 72, 72]}",72,72,64,32,False,[0.0],"{""fpn_0"": 1.0}",fpn_0=1.000,deterministic_kmeans,cosine,2,outputs/rwtd_sam3_auto/coarse_vs_fine_sam_scales/stage2/train_fpn_0_only_test/checkpoint.pt,permutation_invariant_binary_partition,architexture_binary_v1,0.7290579788238949,0.49582522812056035
fpn_0_only,test,172,444,"cluster_1->texture_a,cluster_0->texture_b",0.020982427417929366,0.8339271564053152,0.9014211956096145,0.8339271564053152,"[""fpn_0""]",fpn_2,"[""fpn_2"", ""fpn_1"", ""fpn_0""]","{""fpn_0"": [256, 288, 288], ""fpn_1"": [256, 144, 144], ""fpn_2"": [256, 72, 72]}","{""fpn_0"": [256, 72, 72]}",72,72,64,32,False,[0.0],"{""fpn_0"": 1.0}",fpn_0=1.000,deterministic_kmeans,cosine,2,outputs/rwtd_sam3_auto/coarse_vs_fine_sam_scales/stage2/train_fpn_0_only_test/checkpoint.pt,permutation_invariant_binary_partition,architexture_binary_v1,0.9014211956096145,0.8339271564053152
fpn_0_only,test,173,447,"cluster_0->texture_a,cluster_1->texture_b",0.8864333754446154,0.7954433552034045,0.02705322577180267,0.7954433552034045,"[""fpn_0""]",fpn_2,"[""fpn_2"", ""fpn_1"", ""fpn_0""]","{""fpn_0"": [256, 288, 288], ""fpn_1"": [256, 144, 144], ""fpn_2"": [256, 72, 72]}","{""fpn_0"": [256, 72, 72]}",72,72,64,32,False,[0.0],"{""fpn_0"": 1.0}",fpn_0=1.000,deterministic_kmeans,cosine,2,outputs/rwtd_sam3_auto/coarse_vs_fine_sam_scales/stage2/train_fpn_0_only_test/checkpoint.pt,permutation_invariant_binary_partition,architexture_binary_v1,0.8864333754446154,0.7954433552034045
fpn_0_only,test,174,448,"cluster_0->texture_a,cluster_1->texture_b",0.9315300463986262,0.8632956795718165,0.017937582466044148,0.8632956795718165,"[""fpn_0""]",fpn_2,"[""fpn_2"", ""fpn_1"", ""fpn_0""]","{""fpn_0"": [256, 288, 288], ""fpn_1"": [256, 144, 144], ""fpn_2"": [256, 72, 72]}","{""fpn_0"": [256, 72, 72]}",72,72,64,32,False,[0.0],"{""fpn_0"": 1.0}",fpn_0=1.000,deterministic_kmeans,cosine,2,outputs/rwtd_sam3_auto/coarse_vs_fine_sam_scales/stage2/train_fpn_0_only_test/checkpoint.pt,permutation_invariant_binary_partition,architexture_binary_v1,0.9315300463986262,0.8632956795718165
fpn_0_only,test,175,449,"cluster_0->texture_a,cluster_1->texture_b",0.9164151507556757,0.8331659419758987,0.021951008851339514,0.8331659419758987,"[""fpn_0""]",fpn_2,"[""fpn_2"", ""fpn_1"", ""fpn_0""]","{""fpn_0"": [256, 288, 288], ""fpn_1"": [256, 144, 144], ""fpn_2"": [256, 72, 72]}","{""fpn_0"": [256, 72, 72]}",72,72,64,32,False,[0.0],"{""fpn_0"": 1.0}",fpn_0=1.000,deterministic_kmeans,cosine,2,outputs/rwtd_sam3_auto/coarse_vs_fine_sam_scales/stage2/train_fpn_0_only_test/checkpoint.pt,permutation_invariant_binary_partition,architexture_binary_v1,0.9164151507556757,0.8331659419758987
fpn_0_only,test,176,45,"cluster_1->texture_a,cluster_0->texture_b",0.09421884612565977,0.4193611700584957,0.693853709751867,0.4193611700584957,"[""fpn_0""]",fpn_2,"[""fpn_2"", ""fpn_1"", ""fpn_0""]","{""fpn_0"": [256, 288, 288], ""fpn_1"": [256, 144, 144], ""fpn_2"": [256, 72, 72]}","{""fpn_0"": [256, 72, 72]}",72,72,64,32,False,[0.0],"{""fpn_0"": 1.0}",fpn_0=1.000,deterministic_kmeans,cosine,2,outputs/rwtd_sam3_auto/coarse_vs_fine_sam_scales/stage2/train_fpn_0_only_test/checkpoint.pt,permutation_invariant_binary_partition,architexture_binary_v1,0.693853709751867,0.4193611700584957
fpn_0_only,test,177,450,"cluster_0->texture_a,cluster_1->texture_b",0.7911998229537294,0.5975061038649881,0.06000945156677604,0.5975061038649881,"[""fpn_0""]",fpn_2,"[""fpn_2"", ""fpn_1"", ""fpn_0""]","{""fpn_0"": [256, 288, 288], ""fpn_1"": [256, 144, 144], ""fpn_2"": [256, 72, 72]}","{""fpn_0"": [256, 72, 72]}",72,72,64,32,False,[0.0],"{""fpn_0"": 1.0}",fpn_0=1.000,deterministic_kmeans,cosine,2,outputs/rwtd_sam3_auto/coarse_vs_fine_sam_scales/stage2/train_fpn_0_only_test/checkpoint.pt,permutation_invariant_binary_partition,architexture_binary_v1,0.7911998229537294,0.5975061038649881
fpn_0_only,test,178,451,"cluster_0->texture_a,cluster_1->texture_b",0.8583283553534521,0.7655548784676665,0.030108137823705586,0.7655548784676665,"[""fpn_0""]",fpn_2,"[""fpn_2"", ""fpn_1"", ""fpn_0""]","{""fpn_0"": [256, 288, 288], ""fpn_1"": [256, 144, 144], ""fpn_2"": [256, 72, 72]}","{""fpn_0"": [256, 72, 72]}",72,72,64,32,False,[0.0],"{""fpn_0"": 1.0}",fpn_0=1.000,deterministic_kmeans,cosine,2,outputs/rwtd_sam3_auto/coarse_vs_fine_sam_scales/stage2/train_fpn_0_only_test/checkpoint.pt,permutation_invariant_binary_partition,architexture_binary_v1,0.8583283553534521,0.7655548784676665
fpn_0_only,test,179,452,"cluster_1->texture_a,cluster_0->texture_b",0.05137124324496961,0.6464657954840537,0.8154561981980979,0.6464657954840537,"[""fpn_0""]",fpn_2,"[""fpn_2"", ""fpn_1"", ""fpn_0""]","{""fpn_0"": [256, 288, 288], ""fpn_1"": [256, 144, 144], ""fpn_2"": [256, 72, 72]}","{""fpn_0"": [256, 72, 72]}",72,72,64,32,False,[0.0],"{""fpn_0"": 1.0}",fpn_0=1.000,deterministic_kmeans,cosine,2,outputs/rwtd_sam3_auto/coarse_vs_fine_sam_scales/stage2/train_fpn_0_only_test/checkpoint.pt,permutation_invariant_binary_partition,architexture_binary_v1,0.8154561981980979,0.6464657954840537
fpn_0_only,test,180,453,"cluster_0->texture_a,cluster_1->texture_b",0.74212623297051,0.5261414123503418,0.07244010173471033,0.5261414123503418,"[""fpn_0""]",fpn_2,"[""fpn_2"", ""fpn_1"", ""fpn_0""]","{""fpn_0"": [256, 288, 288], ""fpn_1"": [256, 144, 144], ""fpn_2"": [256, 72, 72]}","{""fpn_0"": [256, 72, 72]}",72,72,64,32,False,[0.0],"{""fpn_0"": 1.0}",fpn_0=1.000,deterministic_kmeans,cosine,2,outputs/rwtd_sam3_auto/coarse_vs_fine_sam_scales/stage2/train_fpn_0_only_test/checkpoint.pt,permutation_invariant_binary_partition,architexture_binary_v1,0.74212623297051,0.5261414123503418
fpn_0_only,test,181,455,"cluster_1->texture_a,cluster_0->texture_b",0.13126879855049606,0.24091682111479748,0.5599935925161033,0.24091682111479748,"[""fpn_0""]",fpn_2,"[""fpn_2"", ""fpn_1"", ""fpn_0""]","{""fpn_0"": [256, 288, 288], ""fpn_1"": [256, 144, 144], ""fpn_2"": [256, 72, 72]}","{""fpn_0"": [256, 72, 72]}",72,72,64,32,False,[0.0],"{""fpn_0"": 1.0}",fpn_0=1.000,deterministic_kmeans,cosine,2,outputs/rwtd_sam3_auto/coarse_vs_fine_sam_scales/stage2/train_fpn_0_only_test/checkpoint.pt,permutation_invariant_binary_partition,architexture_binary_v1,0.5599935925161033,0.24091682111479748
fpn_0_only,test,182,456,"cluster_1->texture_a,cluster_0->texture_b",0.021873864464642196,0.8340051176971609,0.9111060228342626,0.8340051176971609,"[""fpn_0""]",fpn_2,"[""fpn_2"", ""fpn_1"", ""fpn_0""]","{""fpn_0"": [256, 288, 288], ""fpn_1"": [256, 144, 144], ""fpn_2"": [256, 72, 72]}","{""fpn_0"": [256, 72, 72]}",72,72,64,32,False,[0.0],"{""fpn_0"": 1.0}",fpn_0=1.000,deterministic_kmeans,cosine,2,outputs/rwtd_sam3_auto/coarse_vs_fine_sam_scales/stage2/train_fpn_0_only_test/checkpoint.pt,permutation_invariant_binary_partition,architexture_binary_v1,0.9111060228342626,0.8340051176971609
fpn_0_only,test,183,457,"cluster_0->texture_a,cluster_1->texture_b",0.9613555407821079,0.930504627163386,0.008793645184455277,0.930504627163386,"[""fpn_0""]",fpn_2,"[""fpn_2"", ""fpn_1"", ""fpn_0""]","{""fpn_0"": [256, 288, 288], ""fpn_1"": [256, 144, 144], ""fpn_2"": [256, 72, 72]}","{""fpn_0"": [256, 72, 72]}",72,72,64,32,False,[0.0],"{""fpn_0"": 1.0}",fpn_0=1.000,deterministic_kmeans,cosine,2,outputs/rwtd_sam3_auto/coarse_vs_fine_sam_scales/stage2/train_fpn_0_only_test/checkpoint.pt,permutation_invariant_binary_partition,architexture_binary_v1,0.9613555407821079,0.930504627163386
fpn_0_only,test,184,461,"cluster_0->texture_a,cluster_1->texture_b",0.8817263034509,0.7705960069759272,0.031378311628153875,0.7705960069759272,"[""fpn_0""]",fpn_2,"[""fpn_2"", ""fpn_1"", ""fpn_0""]","{""fpn_0"": [256, 288, 288], ""fpn_1"": [256, 144, 144], ""fpn_2"": [256, 72, 72]}","{""fpn_0"": [256, 72, 72]}",72,72,64,32,False,[0.0],"{""fpn_0"": 1.0}",fpn_0=1.000,deterministic_kmeans,cosine,2,outputs/rwtd_sam3_auto/coarse_vs_fine_sam_scales/stage2/train_fpn_0_only_test/checkpoint.pt,permutation_invariant_binary_partition,architexture_binary_v1,0.8817263034509,0.7705960069759272
fpn_0_only,test,185,463,"cluster_0->texture_a,cluster_1->texture_b",0.8621703498534341,0.7732510397253568,0.028460723118177895,0.7732510397253568,"[""fpn_0""]",fpn_2,"[""fpn_2"", ""fpn_1"", ""fpn_0""]","{""fpn_0"": [256, 288, 288], ""fpn_1"": [256, 144, 144], ""fpn_2"": [256, 72, 72]}","{""fpn_0"": [256, 72, 72]}",72,72,64,32,False,[0.0],"{""fpn_0"": 1.0}",fpn_0=1.000,deterministic_kmeans,cosine,2,outputs/rwtd_sam3_auto/coarse_vs_fine_sam_scales/stage2/train_fpn_0_only_test/checkpoint.pt,permutation_invariant_binary_partition,architexture_binary_v1,0.8621703498534341,0.7732510397253568
fpn_0_only,test,186,464,"cluster_0->texture_a,cluster_1->texture_b",0.9178401149797453,0.8414828788366082,0.021072172938703462,0.8414828788366082,"[""fpn_0""]",fpn_2,"[""fpn_2"", ""fpn_1"", ""fpn_0""]","{""fpn_0"": [256, 288, 288], ""fpn_1"": [256, 144, 144], ""fpn_2"": [256, 72, 72]}","{""fpn_0"": [256, 72, 72]}",72,72,64,32,False,[0.0],"{""fpn_0"": 1.0}",fpn_0=1.000,deterministic_kmeans,cosine,2,outputs/rwtd_sam3_auto/coarse_vs_fine_sam_scales/stage2/train_fpn_0_only_test/checkpoint.pt,permutation_invariant_binary_partition,architexture_binary_v1,0.9178401149797453,0.8414828788366082
fpn_0_only,test,187,465,"cluster_1->texture_a,cluster_0->texture_b",0.13499233830378798,0.22669282276070563,0.5562458091963343,0.22669282276070563,"[""fpn_0""]",fpn_2,"[""fpn_2"", ""fpn_1"", ""fpn_0""]","{""fpn_0"": [256, 288, 288], ""fpn_1"": [256, 144, 144], ""fpn_2"": [256, 72, 72]}","{""fpn_0"": [256, 72, 72]}",72,72,64,32,False,[0.0],"{""fpn_0"": 1.0}",fpn_0=1.000,deterministic_kmeans,cosine,2,outputs/rwtd_sam3_auto/coarse_vs_fine_sam_scales/stage2/train_fpn_0_only_test/checkpoint.pt,permutation_invariant_binary_partition,architexture_binary_v1,0.5562458091963343,0.22669282276070563
fpn_0_only,test,188,466,"cluster_0->texture_a,cluster_1->texture_b",0.5331345425990699,0.23253243143848742,0.12488222768980087,0.23253243143848742,"[""fpn_0""]",fpn_2,"[""fpn_2"", ""fpn_1"", ""fpn_0""]","{""fpn_0"": [256, 288, 288], ""fpn_1"": [256, 144, 144], ""fpn_2"": [256, 72, 72]}","{""fpn_0"": [256, 72, 72]}",72,72,64,32,False,[0.0],"{""fpn_0"": 1.0}",fpn_0=1.000,deterministic_kmeans,cosine,2,outputs/rwtd_sam3_auto/coarse_vs_fine_sam_scales/stage2/train_fpn_0_only_test/checkpoint.pt,permutation_invariant_binary_partition,architexture_binary_v1,0.5331345425990699,0.23253243143848742
fpn_0_only,test,189,467,"cluster_0->texture_a,cluster_1->texture_b",0.5625987767287466,0.19415732025654991,0.14961296269689706,0.19415732025654991,"[""fpn_0""]",fpn_2,"[""fpn_2"", ""fpn_1"", ""fpn_0""]","{""fpn_0"": [256, 288, 288], ""fpn_1"": [256, 144, 144], ""fpn_2"": [256, 72, 72]}","{""fpn_0"": [256, 72, 72]}",72,72,64,32,False,[0.0],"{""fpn_0"": 1.0}",fpn_0=1.000,deterministic_kmeans,cosine,2,outputs/rwtd_sam3_auto/coarse_vs_fine_sam_scales/stage2/train_fpn_0_only_test/checkpoint.pt,permutation_invariant_binary_partition,architexture_binary_v1,0.5625987767287466,0.19415732025654991
fpn_0_only,test,190,468,"cluster_1->texture_a,cluster_0->texture_b",0.08777160735253607,0.4448419241247629,0.7145437989860798,0.4448419241247629,"[""fpn_0""]",fpn_2,"[""fpn_2"", ""fpn_1"", ""fpn_0""]","{""fpn_0"": [256, 288, 288], ""fpn_1"": [256, 144, 144], ""fpn_2"": [256, 72, 72]}","{""fpn_0"": [256, 72, 72]}",72,72,64,32,False,[0.0],"{""fpn_0"": 1.0}",fpn_0=1.000,deterministic_kmeans,cosine,2,outputs/rwtd_sam3_auto/coarse_vs_fine_sam_scales/stage2/train_fpn_0_only_test/checkpoint.pt,permutation_invariant_binary_partition,architexture_binary_v1,0.7145437989860798,0.4448419241247629
fpn_0_only,test,191,469,"cluster_0->texture_a,cluster_1->texture_b",0.9265709071257896,0.8654649871454747,0.017548500204097102,0.8654649871454747,"[""fpn_0""]",fpn_2,"[""fpn_2"", ""fpn_1"", ""fpn_0""]","{""fpn_0"": [256, 288, 288], ""fpn_1"": [256, 144, 144], ""fpn_2"": [256, 72, 72]}","{""fpn_0"": [256, 72, 72]}",72,72,64,32,False,[0.0],"{""fpn_0"": 1.0}",fpn_0=1.000,deterministic_kmeans,cosine,2,outputs/rwtd_sam3_auto/coarse_vs_fine_sam_scales/stage2/train_fpn_0_only_test/checkpoint.pt,permutation_invariant_binary_partition,architexture_binary_v1,0.9265709071257896,0.8654649871454747
fpn_0_only,test,192,47,"cluster_0->texture_a,cluster_1->texture_b",0.780859583487326,0.5701094855853105,0.06499425405635231,0.5701094855853105,"[""fpn_0""]",fpn_2,"[""fpn_2"", ""fpn_1"", ""fpn_0""]","{""fpn_0"": [256, 288, 288], ""fpn_1"": [256, 144, 144], ""fpn_2"": [256, 72, 72]}","{""fpn_0"": [256, 72, 72]}",72,72,64,32,False,[0.0],"{""fpn_0"": 1.0}",fpn_0=1.000,deterministic_kmeans,cosine,2,outputs/rwtd_sam3_auto/coarse_vs_fine_sam_scales/stage2/train_fpn_0_only_test/checkpoint.pt,permutation_invariant_binary_partition,architexture_binary_v1,0.780859583487326,0.5701094855853105
fpn_0_only,test,193,471,"cluster_1->texture_a,cluster_0->texture_b",0.022136284457060458,0.8331342001499807,0.9107655468926427,0.8331342001499807,"[""fpn_0""]",fpn_2,"[""fpn_2"", ""fpn_1"", ""fpn_0""]","{""fpn_0"": [256, 288, 288], ""fpn_1"": [256, 144, 144], ""fpn_2"": [256, 72, 72]}","{""fpn_0"": [256, 72, 72]}",72,72,64,32,False,[0.0],"{""fpn_0"": 1.0}",fpn_0=1.000,deterministic_kmeans,cosine,2,outputs/rwtd_sam3_auto/coarse_vs_fine_sam_scales/stage2/train_fpn_0_only_test/checkpoint.pt,permutation_invariant_binary_partition,architexture_binary_v1,0.9107655468926427,0.8331342001499807
fpn_0_only,test,194,472,"cluster_0->texture_a,cluster_1->texture_b",0.8827617760727597,0.767274874580231,0.03187870281956304,0.767274874580231,"[""fpn_0""]",fpn_2,"[""fpn_2"", ""fpn_1"", ""fpn_0""]","{""fpn_0"": [256, 288, 288], ""fpn_1"": [256, 144, 144], ""fpn_2"": [256, 72, 72]}","{""fpn_0"": [256, 72, 72]}",72,72,64,32,False,[0.0],"{""fpn_0"": 1.0}",fpn_0=1.000,deterministic_kmeans,cosine,2,outputs/rwtd_sam3_auto/coarse_vs_fine_sam_scales/stage2/train_fpn_0_only_test/checkpoint.pt,permutation_invariant_binary_partition,architexture_binary_v1,0.8827617760727597,0.767274874580231
fpn_0_only,test,195,473,"cluster_0->texture_a,cluster_1->texture_b",0.761806637053635,0.5996182489788761,0.05482009311253833,0.5996182489788761,"[""fpn_0""]",fpn_2,"[""fpn_2"", ""fpn_1"", ""fpn_0""]","{""fpn_0"": [256, 288, 288], ""fpn_1"": [256, 144, 144], ""fpn_2"": [256, 72, 72]}","{""fpn_0"": [256, 72, 72]}",72,72,64,32,False,[0.0],"{""fpn_0"": 1.0}",fpn_0=1.000,deterministic_kmeans,cosine,2,outputs/rwtd_sam3_auto/coarse_vs_fine_sam_scales/stage2/train_fpn_0_only_test/checkpoint.pt,permutation_invariant_binary_partition,architexture_binary_v1,0.761806637053635,0.5996182489788761
fpn_0_only,test,196,474,"cluster_1->texture_a,cluster_0->texture_b",0.04663943227865664,0.6469596501319662,0.7870962251049596,0.6469596501319662,"[""fpn_0""]",fpn_2,"[""fpn_2"", ""fpn_1"", ""fpn_0""]","{""fpn_0"": [256, 288, 288], ""fpn_1"": [256, 144, 144], ""fpn_2"": [256, 72, 72]}","{""fpn_0"": [256, 72, 72]}",72,72,64,32,False,[0.0],"{""fpn_0"": 1.0}",fpn_0=1.000,deterministic_kmeans,cosine,2,outputs/rwtd_sam3_auto/coarse_vs_fine_sam_scales/stage2/train_fpn_0_only_test/checkpoint.pt,permutation_invariant_binary_partition,architexture_binary_v1,0.7870962251049596,0.6469596501319662
fpn_0_only,test,197,476,"cluster_0->texture_a,cluster_1->texture_b",0.9244705584407413,0.8607422130369744,0.018156334251913174,0.8607422130369744,"[""fpn_0""]",fpn_2,"[""fpn_2"", ""fpn_1"", ""fpn_0""]","{""fpn_0"": [256, 288, 288], ""fpn_1"": [256, 144, 144], ""fpn_2"": [256, 72, 72]}","{""fpn_0"": [256, 72, 72]}",72,72,64,32,False,[0.0],"{""fpn_0"": 1.0}",fpn_0=1.000,deterministic_kmeans,cosine,2,outputs/rwtd_sam3_auto/coarse_vs_fine_sam_scales/stage2/train_fpn_0_only_test/checkpoint.pt,permutation_invariant_binary_partition,architexture_binary_v1,0.9244705584407413,0.8607422130369744
fpn_0_only,test,198,478,"cluster_1->texture_a,cluster_0->texture_b",0.018409648499092966,0.8560198221589859,0.917244272083958,0.8560198221589859,"[""fpn_0""]",fpn_2,"[""fpn_2"", ""fpn_1"", ""fpn_0""]","{""fpn_0"": [256, 288, 288], ""fpn_1"": [256, 144, 144], ""fpn_2"": [256, 72, 72]}","{""fpn_0"": [256, 72, 72]}",72,72,64,32,False,[0.0],"{""fpn_0"": 1.0}",fpn_0=1.000,deterministic_kmeans,cosine,2,outputs/rwtd_sam3_auto/coarse_vs_fine_sam_scales/stage2/train_fpn_0_only_test/checkpoint.pt,permutation_invariant_binary_partition,architexture_binary_v1,0.917244272083958,0.8560198221589859
fpn_0_only,test,199,479,"cluster_1->texture_a,cluster_0->texture_b",0.2733190390436674,-0.042181172989778165,0.29530035485207173,-0.042181172989778165,"[""fpn_0""]",fpn_2,"[""fpn_2"", ""fpn_1"", ""fpn_0""]","{""fpn_0"": [256, 288, 288], ""fpn_1"": [256, 144, 144], ""fpn_2"": [256, 72, 72]}","{""fpn_0"": [256, 72, 72]}",72,72,64,32,False,[0.0],"{""fpn_0"": 1.0}",fpn_0=1.000,deterministic_kmeans,cosine,2,outputs/rwtd_sam3_auto/coarse_vs_fine_sam_scales/stage2/train_fpn_0_only_test/checkpoint.pt,permutation_invariant_binary_partition,architexture_binary_v1,0.29530035485207173,-0.042181172989778165
fpn_0_only,test,200,48,"cluster_1->texture_a,cluster_0->texture_b",0.021057076389921776,0.8386607548287717,0.9126195671737387,0.8386607548287717,"[""fpn_0""]",fpn_2,"[""fpn_2"", ""fpn_1"", ""fpn_0""]","{""fpn_0"": [256, 288, 288], ""fpn_1"": [256, 144, 144], ""fpn_2"": [256, 72, 72]}","{""fpn_0"": [256, 72, 72]}",72,72,64,32,False,[0.0],"{""fpn_0"": 1.0}",fpn_0=1.000,deterministic_kmeans,cosine,2,outputs/rwtd_sam3_auto/coarse_vs_fine_sam_scales/stage2/train_fpn_0_only_test/checkpoint.pt,permutation_invariant_binary_partition,architexture_binary_v1,0.9126195671737387,0.8386607548287717
fpn_0_only,test,201,485,"cluster_0->texture_a,cluster_1->texture_b",0.9103185783914687,0.8243140992550032,0.02348729078289546,0.8243140992550032,"[""fpn_0""]",fpn_2,"[""fpn_2"", ""fpn_1"", ""fpn_0""]","{""fpn_0"": [256, 288, 288], ""fpn_1"": [256, 144, 144], ""fpn_2"": [256, 72, 72]}","{""fpn_0"": [256, 72, 72]}",72,72,64,32,False,[0.0],"{""fpn_0"": 1.0}",fpn_0=1.000,deterministic_kmeans,cosine,2,outputs/rwtd_sam3_auto/coarse_vs_fine_sam_scales/stage2/train_fpn_0_only_test/checkpoint.pt,permutation_invariant_binary_partition,architexture_binary_v1,0.9103185783914687,0.8243140992550032
fpn_0_only,test,202,492,"cluster_0->texture_a,cluster_1->texture_b",0.9554183259847846,0.9121536979269522,0.011264864312362208,0.9121536979269522,"[""fpn_0""]",fpn_2,"[""fpn_2"", ""fpn_1"", ""fpn_0""]","{""fpn_0"": [256, 288, 288], ""fpn_1"": [256, 144, 144], ""fpn_2"": [256, 72, 72]}","{""fpn_0"": [256, 72, 72]}",72,72,64,32,False,[0.0],"{""fpn_0"": 1.0}",fpn_0=1.000,deterministic_kmeans,cosine,2,outputs/rwtd_sam3_auto/coarse_vs_fine_sam_scales/stage2/train_fpn_0_only_test/checkpoint.pt,permutation_invariant_binary_partition,architexture_binary_v1,0.9554183259847846,0.9121536979269522
fpn_0_only,test,203,5,"cluster_1->texture_a,cluster_0->texture_b",0.036317200195616225,0.7326110238466478,0.8532543423924939,0.7326110238466478,"[""fpn_0""]",fpn_2,"[""fpn_2"", ""fpn_1"", ""fpn_0""]","{""fpn_0"": [256, 288, 288], ""fpn_1"": [256, 144, 144], ""fpn_2"": [256, 72, 72]}","{""fpn_0"": [256, 72, 72]}",72,72,64,32,False,[0.0],"{""fpn_0"": 1.0}",fpn_0=1.000,deterministic_kmeans,cosine,2,outputs/rwtd_sam3_auto/coarse_vs_fine_sam_scales/stage2/train_fpn_0_only_test/checkpoint.pt,permutation_invariant_binary_partition,architexture_binary_v1,0.8532543423924939,0.7326110238466478
fpn_0_only,test,204,51,"cluster_0->texture_a,cluster_1->texture_b",0.7525786020877081,0.5150146845646705,0.0754865345341009,0.5150146845646705,"[""fpn_0""]",fpn_2,"[""fpn_2"", ""fpn_1"", ""fpn_0""]","{""fpn_0"": [256, 288, 288], ""fpn_1"": [256, 144, 144], ""fpn_2"": [256, 72, 72]}","{""fpn_0"": [256, 72, 72]}",72,72,64,32,False,[0.0],"{""fpn_0"": 1.0}",fpn_0=1.000,deterministic_kmeans,cosine,2,outputs/rwtd_sam3_auto/coarse_vs_fine_sam_scales/stage2/train_fpn_0_only_test/checkpoint.pt,permutation_invariant_binary_partition,architexture_binary_v1,0.7525786020877081,0.5150146845646705
fpn_0_only,test,205,56,"cluster_0->texture_a,cluster_1->texture_b",0.8675676205285101,0.7387054154373538,0.03640175821523419,0.7387054154373538,"[""fpn_0""]",fpn_2,"[""fpn_2"", ""fpn_1"", ""fpn_0""]","{""fpn_0"": [256, 288, 288], ""fpn_1"": [256, 144, 144], ""fpn_2"": [256, 72, 72]}","{""fpn_0"": [256, 72, 72]}",72,72,64,32,False,[0.0],"{""fpn_0"": 1.0}",fpn_0=1.000,deterministic_kmeans,cosine,2,outputs/rwtd_sam3_auto/coarse_vs_fine_sam_scales/stage2/train_fpn_0_only_test/checkpoint.pt,permutation_invariant_binary_partition,architexture_binary_v1,0.8675676205285101,0.7387054154373538
fpn_0_only,test,206,58,"cluster_1->texture_a,cluster_0->texture_b",0.04830939187909414,0.6566139430022714,0.8248010141361577,0.6566139430022714,"[""fpn_0""]",fpn_2,"[""fpn_2"", ""fpn_1"", ""fpn_0""]","{""fpn_0"": [256, 288, 288], ""fpn_1"": [256, 144, 144], ""fpn_2"": [256, 72, 72]}","{""fpn_0"": [256, 72, 72]}",72,72,64,32,False,[0.0],"{""fpn_0"": 1.0}",fpn_0=1.000,deterministic_kmeans,cosine,2,outputs/rwtd_sam3_auto/coarse_vs_fine_sam_scales/stage2/train_fpn_0_only_test/checkpoint.pt,permutation_invariant_binary_partition,architexture_binary_v1,0.8248010141361577,0.6566139430022714
fpn_0_only,test,207,59,"cluster_0->texture_a,cluster_1->texture_b",0.801744867347757,0.6127158975279676,0.05699115386398659,0.6127158975279676,"[""fpn_0""]",fpn_2,"[""fpn_2"", ""fpn_1"", ""fpn_0""]","{""fpn_0"": [256, 288, 288], ""fpn_1"": [256, 144, 144], ""fpn_2"": [256, 72, 72]}","{""fpn_0"": [256, 72, 72]}",72,72,64,32,False,[0.0],"{""fpn_0"": 1.0}",fpn_0=1.000,deterministic_kmeans,cosine,2,outputs/rwtd_sam3_auto/coarse_vs_fine_sam_scales/stage2/train_fpn_0_only_test/checkpoint.pt,permutation_invariant_binary_partition,architexture_binary_v1,0.801744867347757,0.6127158975279676
fpn_0_only,test,208,60,"cluster_0->texture_a,cluster_1->texture_b",0.7033302302147864,0.44274365194340554,0.08780273577789267,0.44274365194340554,"[""fpn_0""]",fpn_2,"[""fpn_2"", ""fpn_1"", ""fpn_0""]","{""fpn_0"": [256, 288, 288], ""fpn_1"": [256, 144, 144], ""fpn_2"": [256, 72, 72]}","{""fpn_0"": [256, 72, 72]}",72,72,64,32,False,[0.0],"{""fpn_0"": 1.0}",fpn_0=1.000,deterministic_kmeans,cosine,2,outputs/rwtd_sam3_auto/coarse_vs_fine_sam_scales/stage2/train_fpn_0_only_test/checkpoint.pt,permutation_invariant_binary_partition,architexture_binary_v1,0.7033302302147864,0.44274365194340554
fpn_0_only,test,209,63,"cluster_1->texture_a,cluster_0->texture_b",0.21012112027981608,0.005398274060979013,0.41523253961674844,0.005398274060979013,"[""fpn_0""]",fpn_2,"[""fpn_2"", ""fpn_1"", ""fpn_0""]","{""fpn_0"": [256, 288, 288], ""fpn_1"": [256, 144, 144], ""fpn_2"": [256, 72, 72]}","{""fpn_0"": [256, 72, 72]}",72,72,64,32,False,[0.0],"{""fpn_0"": 1.0}",fpn_0=1.000,deterministic_kmeans,cosine,2,outputs/rwtd_sam3_auto/coarse_vs_fine_sam_scales/stage2/train_fpn_0_only_test/checkpoint.pt,permutation_invariant_binary_partition,architexture_binary_v1,0.41523253961674844,0.005398274060979013
fpn_0_only,test,210,67,"cluster_1->texture_a,cluster_0->texture_b",0.06794153709672694,0.554310676613955,0.764759914346163,0.554310676613955,"[""fpn_0""]",fpn_2,"[""fpn_2"", ""fpn_1"", ""fpn_0""]","{""fpn_0"": [256, 288, 288], ""fpn_1"": [256, 144, 144], ""fpn_2"": [256, 72, 72]}","{""fpn_0"": [256, 72, 72]}",72,72,64,32,False,[0.0],"{""fpn_0"": 1.0}",fpn_0=1.000,deterministic_kmeans,cosine,2,outputs/rwtd_sam3_auto/coarse_vs_fine_sam_scales/stage2/train_fpn_0_only_test/checkpoint.pt,permutation_invariant_binary_partition,architexture_binary_v1,0.764759914346163,0.554310676613955
fpn_0_only,test,211,69,"cluster_0->texture_a,cluster_1->texture_b",0.4860595523246236,0.09840248541492252,0.1975797381414126,0.09840248541492252,"[""fpn_0""]",fpn_2,"[""fpn_2"", ""fpn_1"", ""fpn_0""]","{""fpn_0"": [256, 288, 288], ""fpn_1"": [256, 144, 144], ""fpn_2"": [256, 72, 72]}","{""fpn_0"": [256, 72, 72]}",72,72,64,32,False,[0.0],"{""fpn_0"": 1.0}",fpn_0=1.000,deterministic_kmeans,cosine,2,outputs/rwtd_sam3_auto/coarse_vs_fine_sam_scales/stage2/train_fpn_0_only_test/checkpoint.pt,permutation_invariant_binary_partition,architexture_binary_v1,0.4860595523246236,0.09840248541492252
fpn_0_only,test,212,70,"cluster_1->texture_a,cluster_0->texture_b",0.2335842476128231,0.046015743447159356,0.4335808891711057,0.046015743447159356,"[""fpn_0""]",fpn_2,"[""fpn_2"", ""fpn_1"", ""fpn_0""]","{""fpn_0"": [256, 288, 288], ""fpn_1"": [256, 144, 144], ""fpn_2"": [256, 72, 72]}","{""fpn_0"": [256, 72, 72]}",72,72,64,32,False,[0.0],"{""fpn_0"": 1.0}",fpn_0=1.000,deterministic_kmeans,cosine,2,outputs/rwtd_sam3_auto/coarse_vs_fine_sam_scales/stage2/train_fpn_0_only_test/checkpoint.pt,permutation_invariant_binary_partition,architexture_binary_v1,0.4335808891711057,0.046015743447159356
fpn_0_only,test,213,71,"cluster_1->texture_a,cluster_0->texture_b",0.05649394734769938,0.5730209550169479,0.7413427897404693,0.5730209550169479,"[""fpn_0""]",fpn_2,"[""fpn_2"", ""fpn_1"", ""fpn_0""]","{""fpn_0"": [256, 288, 288], ""fpn_1"": [256, 144, 144], ""fpn_2"": [256, 72, 72]}","{""fpn_0"": [256, 72, 72]}",72,72,64,32,False,[0.0],"{""fpn_0"": 1.0}",fpn_0=1.000,deterministic_kmeans,cosine,2,outputs/rwtd_sam3_auto/coarse_vs_fine_sam_scales/stage2/train_fpn_0_only_test/checkpoint.pt,permutation_invariant_binary_partition,architexture_binary_v1,0.7413427897404693,0.5730209550169479
fpn_0_only,test,214,73,"cluster_0->texture_a,cluster_1->texture_b",0.8184688397842376,0.6405607133896256,0.052266575524231126,0.6405607133896256,"[""fpn_0""]",fpn_2,"[""fpn_2"", ""fpn_1"", ""fpn_0""]","{""fpn_0"": [256, 288, 288], ""fpn_1"": [256, 144, 144], ""fpn_2"": [256, 72, 72]}","{""fpn_0"": [256, 72, 72]}",72,72,64,32,False,[0.0],"{""fpn_0"": 1.0}",fpn_0=1.000,deterministic_kmeans,cosine,2,outputs/rwtd_sam3_auto/coarse_vs_fine_sam_scales/stage2/train_fpn_0_only_test/checkpoint.pt,permutation_invariant_binary_partition,architexture_binary_v1,0.8184688397842376,0.6405607133896256
fpn_0_only,test,215,74,"cluster_1->texture_a,cluster_0->texture_b",0.18279060566092015,0.13227363041247645,0.5046001869317704,0.13227363041247645,"[""fpn_0""]",fpn_2,"[""fpn_2"", ""fpn_1"", ""fpn_0""]","{""fpn_0"": [256, 288, 288], ""fpn_1"": [256, 144, 144], ""fpn_2"": [256, 72, 72]}","{""fpn_0"": [256, 72, 72]}",72,72,64,32,False,[0.0],"{""fpn_0"": 1.0}",fpn_0=1.000,deterministic_kmeans,cosine,2,outputs/rwtd_sam3_auto/coarse_vs_fine_sam_scales/stage2/train_fpn_0_only_test/checkpoint.pt,permutation_invariant_binary_partition,architexture_binary_v1,0.5046001869317704,0.13227363041247645
fpn_0_only,test,216,76,"cluster_0->texture_a,cluster_1->texture_b",0.673843536079789,0.37240292792875596,0.10569400001944734,0.37240292792875596,"[""fpn_0""]",fpn_2,"[""fpn_2"", ""fpn_1"", ""fpn_0""]","{""fpn_0"": [256, 288, 288], ""fpn_1"": [256, 144, 144], ""fpn_2"": [256, 72, 72]}","{""fpn_0"": [256, 72, 72]}",72,72,64,32,False,[0.0],"{""fpn_0"": 1.0}",fpn_0=1.000,deterministic_kmeans,cosine,2,outputs/rwtd_sam3_auto/coarse_vs_fine_sam_scales/stage2/train_fpn_0_only_test/checkpoint.pt,permutation_invariant_binary_partition,architexture_binary_v1,0.673843536079789,0.37240292792875596
fpn_0_only,test,217,77,"cluster_0->texture_a,cluster_1->texture_b",0.2942529404798479,-0.05632685877643276,0.27876425191015236,-0.05632685877643276,"[""fpn_0""]",fpn_2,"[""fpn_2"", ""fpn_1"", ""fpn_0""]","{""fpn_0"": [256, 288, 288], ""fpn_1"": [256, 144, 144], ""fpn_2"": [256, 72, 72]}","{""fpn_0"": [256, 72, 72]}",72,72,64,32,False,[0.0],"{""fpn_0"": 1.0}",fpn_0=1.000,deterministic_kmeans,cosine,2,outputs/rwtd_sam3_auto/coarse_vs_fine_sam_scales/stage2/train_fpn_0_only_test/checkpoint.pt,permutation_invariant_binary_partition,architexture_binary_v1,0.2942529404798479,-0.05632685877643276
fpn_0_only,test,218,78,"cluster_1->texture_a,cluster_0->texture_b",0.13367134390470375,0.22172261984188799,0.5826931687577261,0.22172261984188799,"[""fpn_0""]",fpn_2,"[""fpn_2"", ""fpn_1"", ""fpn_0""]","{""fpn_0"": [256, 288, 288], ""fpn_1"": [256, 144, 144], ""fpn_2"": [256, 72, 72]}","{""fpn_0"": [256, 72, 72]}",72,72,64,32,False,[0.0],"{""fpn_0"": 1.0}",fpn_0=1.000,deterministic_kmeans,cosine,2,outputs/rwtd_sam3_auto/coarse_vs_fine_sam_scales/stage2/train_fpn_0_only_test/checkpoint.pt,permutation_invariant_binary_partition,architexture_binary_v1,0.5826931687577261,0.22172261984188799
fpn_0_only,test,219,79,"cluster_1->texture_a,cluster_0->texture_b",0.036581247818053345,0.6958167101347658,0.8073113594000736,0.6958167101347658,"[""fpn_0""]",fpn_2,"[""fpn_2"", ""fpn_1"", ""fpn_0""]","{""fpn_0"": [256, 288, 288], ""fpn_1"": [256, 144, 144], ""fpn_2"": [256, 72, 72]}","{""fpn_0"": [256, 72, 72]}",72,72,64,32,False,[0.0],"{""fpn_0"": 1.0}",fpn_0=1.000,deterministic_kmeans,cosine,2,outputs/rwtd_sam3_auto/coarse_vs_fine_sam_scales/stage2/train_fpn_0_only_test/checkpoint.pt,permutation_invariant_binary_partition,architexture_binary_v1,0.8073113594000736,0.6958167101347658
fpn_0_only,test,220,8,"cluster_1->texture_a,cluster_0->texture_b",0.10691177011585884,0.36792776463454824,0.6708579576506837,0.36792776463454824,"[""fpn_0""]",fpn_2,"[""fpn_2"", ""fpn_1"", ""fpn_0""]","{""fpn_0"": [256, 288, 288], ""fpn_1"": [256, 144, 144], ""fpn_2"": [256, 72, 72]}","{""fpn_0"": [256, 72, 72]}",72,72,64,32,False,[0.0],"{""fpn_0"": 1.0}",fpn_0=1.000,deterministic_kmeans,cosine,2,outputs/rwtd_sam3_auto/coarse_vs_fine_sam_scales/stage2/train_fpn_0_only_test/checkpoint.pt,permutation_invariant_binary_partition,architexture_binary_v1,0.6708579576506837,0.36792776463454824
fpn_0_only,test,221,84,"cluster_0->texture_a,cluster_1->texture_b",0.8633496650149837,0.7318698617923842,0.03709205122935388,0.7318698617923842,"[""fpn_0""]",fpn_2,"[""fpn_2"", ""fpn_1"", ""fpn_0""]","{""fpn_0"": [256, 288, 288], ""fpn_1"": [256, 144, 144], ""fpn_2"": [256, 72, 72]}","{""fpn_0"": [256, 72, 72]}",72,72,64,32,False,[0.0],"{""fpn_0"": 1.0}",fpn_0=1.000,deterministic_kmeans,cosine,2,outputs/rwtd_sam3_auto/coarse_vs_fine_sam_scales/stage2/train_fpn_0_only_test/checkpoint.pt,permutation_invariant_binary_partition,architexture_binary_v1,0.8633496650149837,0.7318698617923842
fpn_0_only,test,222,85,"cluster_0->texture_a,cluster_1->texture_b",0.8346365385415107,0.6824539339822382,0.04525559313875059,0.6824539339822382,"[""fpn_0""]",fpn_2,"[""fpn_2"", ""fpn_1"", ""fpn_0""]","{""fpn_0"": [256, 288, 288], ""fpn_1"": [256, 144, 144], ""fpn_2"": [256, 72, 72]}","{""fpn_0"": [256, 72, 72]}",72,72,64,32,False,[0.0],"{""fpn_0"": 1.0}",fpn_0=1.000,deterministic_kmeans,cosine,2,outputs/rwtd_sam3_auto/coarse_vs_fine_sam_scales/stage2/train_fpn_0_only_test/checkpoint.pt,permutation_invariant_binary_partition,architexture_binary_v1,0.8346365385415107,0.6824539339822382
fpn_0_only,test,223,86,"cluster_1->texture_a,cluster_0->texture_b",0.03375664220392855,0.75215967990438,0.8689971217222454,0.75215967990438,"[""fpn_0""]",fpn_2,"[""fpn_2"", ""fpn_1"", ""fpn_0""]","{""fpn_0"": [256, 288, 288], ""fpn_1"": [256, 144, 144], ""fpn_2"": [256, 72, 72]}","{""fpn_0"": [256, 72, 72]}",72,72,64,32,False,[0.0],"{""fpn_0"": 1.0}",fpn_0=1.000,deterministic_kmeans,cosine,2,outputs/rwtd_sam3_auto/coarse_vs_fine_sam_scales/stage2/train_fpn_0_only_test/checkpoint.pt,permutation_invariant_binary_partition,architexture_binary_v1,0.8689971217222454,0.75215967990438
fpn_0_only,test,224,88,"cluster_1->texture_a,cluster_0->texture_b",0.03241062566775084,0.7646070246841703,0.8818151437453773,0.7646070246841703,"[""fpn_0""]",fpn_2,"[""fpn_2"", ""fpn_1"", ""fpn_0""]","{""fpn_0"": [256, 288, 288], ""fpn_1"": [256, 144, 144], ""fpn_2"": [256, 72, 72]}","{""fpn_0"": [256, 72, 72]}",72,72,64,32,False,[0.0],"{""fpn_0"": 1.0}",fpn_0=1.000,deterministic_kmeans,cosine,2,outputs/rwtd_sam3_auto/coarse_vs_fine_sam_scales/stage2/train_fpn_0_only_test/checkpoint.pt,permutation_invariant_binary_partition,architexture_binary_v1,0.8818151437453773,0.7646070246841703
fpn_0_only,test,225,95,"cluster_0->texture_a,cluster_1->texture_b",0.5773269147325832,0.22392751654728635,0.13954927224429844,0.22392751654728635,"[""fpn_0""]",fpn_2,"[""fpn_2"", ""fpn_1"", ""fpn_0""]","{""fpn_0"": [256, 288, 288], ""fpn_1"": [256, 144, 144], ""fpn_2"": [256, 72, 72]}","{""fpn_0"": [256, 72, 72]}",72,72,64,32,False,[0.0],"{""fpn_0"": 1.0}",fpn_0=1.000,deterministic_kmeans,cosine,2,outputs/rwtd_sam3_auto/coarse_vs_fine_sam_scales/stage2/train_fpn_0_only_test/checkpoint.pt,permutation_invariant_binary_partition,architexture_binary_v1,0.5773269147325832,0.22392751654728635
fpn_0_only,test,226,96,"cluster_0->texture_a,cluster_1->texture_b",0.5347038699787472,0.15525068739127496,0.17394826871348443,0.15525068739127496,"[""fpn_0""]",fpn_2,"[""fpn_2"", ""fpn_1"", ""fpn_0""]","{""fpn_0"": [256, 288, 288], ""fpn_1"": [256, 144, 144], ""fpn_2"": [256, 72, 72]}","{""fpn_0"": [256, 72, 72]}",72,72,64,32,False,[0.0],"{""fpn_0"": 1.0}",fpn_0=1.000,deterministic_kmeans,cosine,2,outputs/rwtd_sam3_auto/coarse_vs_fine_sam_scales/stage2/train_fpn_0_only_test/checkpoint.pt,permutation_invariant_binary_partition,architexture_binary_v1,0.5347038699787472,0.15525068739127496
