{
  "edge_metrics": {
    "AP": 0.5887175795884722,
    "ODS_threshold": 0.1909,
    "ODS_recall": 0.6329258621083141,
    "ODS_precision": 0.6849245506939872,
    "ODS_f1": 0.6578993450483132,
    "OIS_recall": 0.6828000547732616,
    "OIS_precision": 0.6927765942666605,
    "OIS_f1": 0.6877521464777078
  },
  "generic_metrics": null,
  "meta": {
    "generic": {
      "metrics_namespace": "pixel",
      "enabled": false
    },
    "edge": {
      "protocol": "legacy",
      "ap_mode": "bsds_interp",
      "edge_keys_mode": "legacy_minimal",
      "thresholds": 99,
      "max_dist": 0.0075,
      "apply_thinning": true,
      "apply_nms": true
    }
  }
}