{
  "edge_metrics": {
    "AP": 0.43696296314393956,
    "ODS_threshold": 0.01,
    "ODS_recall": 0.5150683524659379,
    "ODS_precision": 0.6809558651590468,
    "ODS_f1": 0.5865078823670815,
    "OIS_recall": 0.505711253623023,
    "OIS_precision": 0.7360182686319285,
    "OIS_f1": 0.5995069210295814
  },
  "generic_metrics": null,
  "meta": {
    "generic": {
      "metrics_namespace": "pixel",
      "enabled": false
    },
    "edge": {
      "protocol": "legacy",
      "ap_mode": "bsds_interp",
      "edge_keys_mode": "legacy_minimal",
      "thresholds": 99,
      "max_dist": 0.0075,
      "apply_thinning": true,
      "apply_nms": true
    }
  }
}