{
  "edge_metrics": {
    "AP": 0.43418766150304294,
    "ODS_threshold": 0.01,
    "ODS_recall": 0.5141326425816464,
    "ODS_precision": 0.6813016489872451,
    "ODS_f1": 0.5860287255593746,
    "OIS_recall": 0.5056998425268732,
    "OIS_precision": 0.7269826688211025,
    "OIS_f1": 0.5964796575893294
  },
  "generic_metrics": null,
  "meta": {
    "generic": {
      "metrics_namespace": "pixel",
      "enabled": false
    },
    "edge": {
      "protocol": "legacy",
      "ap_mode": "bsds_interp",
      "edge_keys_mode": "legacy_minimal",
      "thresholds": 99,
      "max_dist": 0.0075,
      "apply_thinning": true,
      "apply_nms": true
    }
  }
}