variant,split,sample_index,crop_name,assignment_used,direct_eval_miou,direct_eval_ari,swapped_eval_miou,swapped_eval_ari,selected_level_names_json,coarsest_level_name,raw_level_names_json,raw_level_shapes_json,aligned_level_shapes_json,coarsest_grid_height,coarsest_grid_width,probe_projection_dim,probe_embedding_dim,learnable_gates,gate_logits_json,gate_weights_json,final_gate_weights_compact,kmeans_backend,kmeans_metric,kmeans_num_clusters,checkpoint_path,evaluation_view,evaluation_contract,eval_miou,eval_ari
fpn_1_only,test,0,1,"cluster_1->texture_a,cluster_0->texture_b",0.007517227312651727,0.928330541419695,0.9500424100483688,0.928330541419695,"[""fpn_1""]",fpn_1,"[""fpn_2"", ""fpn_1"", ""fpn_0""]","{""fpn_0"": [256, 288, 288], ""fpn_1"": [256, 144, 144], ""fpn_2"": [256, 72, 72]}","{""fpn_1"": [256, 144, 144]}",144,144,64,32,False,[0.0],"{""fpn_1"": 1.0}",fpn_1=1.000,deterministic_kmeans,cosine,2,outputs/rwtd_sam3_auto/coarse_vs_fine_sam_scales/stage2/train_fpn_1_only_test/checkpoint.pt,permutation_invariant_binary_partition,architexture_binary_v1,0.9500424100483688,0.928330541419695
fpn_1_only,test,1,101,"cluster_1->texture_a,cluster_0->texture_b",0.03540363282080061,0.7394336962169215,0.8660672712256655,0.7394336962169215,"[""fpn_1""]",fpn_1,"[""fpn_2"", ""fpn_1"", ""fpn_0""]","{""fpn_0"": [256, 288, 288], ""fpn_1"": [256, 144, 144], ""fpn_2"": [256, 72, 72]}","{""fpn_1"": [256, 144, 144]}",144,144,64,32,False,[0.0],"{""fpn_1"": 1.0}",fpn_1=1.000,deterministic_kmeans,cosine,2,outputs/rwtd_sam3_auto/coarse_vs_fine_sam_scales/stage2/train_fpn_1_only_test/checkpoint.pt,permutation_invariant_binary_partition,architexture_binary_v1,0.8660672712256655,0.7394336962169215
fpn_1_only,test,2,102,"cluster_1->texture_a,cluster_0->texture_b",0.07245145998067296,0.5095999535311191,0.7496153769383673,0.5095999535311191,"[""fpn_1""]",fpn_1,"[""fpn_2"", ""fpn_1"", ""fpn_0""]","{""fpn_0"": [256, 288, 288], ""fpn_1"": [256, 144, 144], ""fpn_2"": [256, 72, 72]}","{""fpn_1"": [256, 144, 144]}",144,144,64,32,False,[0.0],"{""fpn_1"": 1.0}",fpn_1=1.000,deterministic_kmeans,cosine,2,outputs/rwtd_sam3_auto/coarse_vs_fine_sam_scales/stage2/train_fpn_1_only_test/checkpoint.pt,permutation_invariant_binary_partition,architexture_binary_v1,0.7496153769383673,0.5095999535311191
fpn_1_only,test,3,103,"cluster_0->texture_a,cluster_1->texture_b",0.7780627948169461,0.606869689610452,0.05646419158888512,0.606869689610452,"[""fpn_1""]",fpn_1,"[""fpn_2"", ""fpn_1"", ""fpn_0""]","{""fpn_0"": [256, 288, 288], ""fpn_1"": [256, 144, 144], ""fpn_2"": [256, 72, 72]}","{""fpn_1"": [256, 144, 144]}",144,144,64,32,False,[0.0],"{""fpn_1"": 1.0}",fpn_1=1.000,deterministic_kmeans,cosine,2,outputs/rwtd_sam3_auto/coarse_vs_fine_sam_scales/stage2/train_fpn_1_only_test/checkpoint.pt,permutation_invariant_binary_partition,architexture_binary_v1,0.7780627948169461,0.606869689610452
fpn_1_only,test,4,104,"cluster_0->texture_a,cluster_1->texture_b",0.6472996736096679,0.46622591241497013,0.026983556141871017,0.46622591241497013,"[""fpn_1""]",fpn_1,"[""fpn_2"", ""fpn_1"", ""fpn_0""]","{""fpn_0"": [256, 288, 288], ""fpn_1"": [256, 144, 144], ""fpn_2"": [256, 72, 72]}","{""fpn_1"": [256, 144, 144]}",144,144,64,32,False,[0.0],"{""fpn_1"": 1.0}",fpn_1=1.000,deterministic_kmeans,cosine,2,outputs/rwtd_sam3_auto/coarse_vs_fine_sam_scales/stage2/train_fpn_1_only_test/checkpoint.pt,permutation_invariant_binary_partition,architexture_binary_v1,0.6472996736096679,0.46622591241497013
fpn_1_only,test,5,106,"cluster_0->texture_a,cluster_1->texture_b",0.3946924685455846,0.038053965831478534,0.20519431530781118,0.038053965831478534,"[""fpn_1""]",fpn_1,"[""fpn_2"", ""fpn_1"", ""fpn_0""]","{""fpn_0"": [256, 288, 288], ""fpn_1"": [256, 144, 144], ""fpn_2"": [256, 72, 72]}","{""fpn_1"": [256, 144, 144]}",144,144,64,32,False,[0.0],"{""fpn_1"": 1.0}",fpn_1=1.000,deterministic_kmeans,cosine,2,outputs/rwtd_sam3_auto/coarse_vs_fine_sam_scales/stage2/train_fpn_1_only_test/checkpoint.pt,permutation_invariant_binary_partition,architexture_binary_v1,0.3946924685455846,0.038053965831478534
fpn_1_only,test,6,12,"cluster_1->texture_a,cluster_0->texture_b",0.2184875016937921,0.07992483783179587,0.4713296847394005,0.07992483783179587,"[""fpn_1""]",fpn_1,"[""fpn_2"", ""fpn_1"", ""fpn_0""]","{""fpn_0"": [256, 288, 288], ""fpn_1"": [256, 144, 144], ""fpn_2"": [256, 72, 72]}","{""fpn_1"": [256, 144, 144]}",144,144,64,32,False,[0.0],"{""fpn_1"": 1.0}",fpn_1=1.000,deterministic_kmeans,cosine,2,outputs/rwtd_sam3_auto/coarse_vs_fine_sam_scales/stage2/train_fpn_1_only_test/checkpoint.pt,permutation_invariant_binary_partition,architexture_binary_v1,0.4713296847394005,0.07992483783179587
fpn_1_only,test,7,121,"cluster_1->texture_a,cluster_0->texture_b",0.03300632318414763,0.7552001917710287,0.8740624825751687,0.7552001917710287,"[""fpn_1""]",fpn_1,"[""fpn_2"", ""fpn_1"", ""fpn_0""]","{""fpn_0"": [256, 288, 288], ""fpn_1"": [256, 144, 144], ""fpn_2"": [256, 72, 72]}","{""fpn_1"": [256, 144, 144]}",144,144,64,32,False,[0.0],"{""fpn_1"": 1.0}",fpn_1=1.000,deterministic_kmeans,cosine,2,outputs/rwtd_sam3_auto/coarse_vs_fine_sam_scales/stage2/train_fpn_1_only_test/checkpoint.pt,permutation_invariant_binary_partition,architexture_binary_v1,0.8740624825751687,0.7552001917710287
fpn_1_only,test,8,122,"cluster_1->texture_a,cluster_0->texture_b",0.024937841455608328,0.8110300549274879,0.9051672100222576,0.8110300549274879,"[""fpn_1""]",fpn_1,"[""fpn_2"", ""fpn_1"", ""fpn_0""]","{""fpn_0"": [256, 288, 288], ""fpn_1"": [256, 144, 144], ""fpn_2"": [256, 72, 72]}","{""fpn_1"": [256, 144, 144]}",144,144,64,32,False,[0.0],"{""fpn_1"": 1.0}",fpn_1=1.000,deterministic_kmeans,cosine,2,outputs/rwtd_sam3_auto/coarse_vs_fine_sam_scales/stage2/train_fpn_1_only_test/checkpoint.pt,permutation_invariant_binary_partition,architexture_binary_v1,0.9051672100222576,0.8110300549274879
fpn_1_only,test,9,125,"cluster_1->texture_a,cluster_0->texture_b",0.011805182205491104,0.9065198689469351,0.9463844829269796,0.9065198689469351,"[""fpn_1""]",fpn_1,"[""fpn_2"", ""fpn_1"", ""fpn_0""]","{""fpn_0"": [256, 288, 288], ""fpn_1"": [256, 144, 144], ""fpn_2"": [256, 72, 72]}","{""fpn_1"": [256, 144, 144]}",144,144,64,32,False,[0.0],"{""fpn_1"": 1.0}",fpn_1=1.000,deterministic_kmeans,cosine,2,outputs/rwtd_sam3_auto/coarse_vs_fine_sam_scales/stage2/train_fpn_1_only_test/checkpoint.pt,permutation_invariant_binary_partition,architexture_binary_v1,0.9463844829269796,0.9065198689469351
fpn_1_only,test,10,128,"cluster_1->texture_a,cluster_0->texture_b",0.04327913464442387,0.6830633459734882,0.8237082452272966,0.6830633459734882,"[""fpn_1""]",fpn_1,"[""fpn_2"", ""fpn_1"", ""fpn_0""]","{""fpn_0"": [256, 288, 288], ""fpn_1"": [256, 144, 144], ""fpn_2"": [256, 72, 72]}","{""fpn_1"": [256, 144, 144]}",144,144,64,32,False,[0.0],"{""fpn_1"": 1.0}",fpn_1=1.000,deterministic_kmeans,cosine,2,outputs/rwtd_sam3_auto/coarse_vs_fine_sam_scales/stage2/train_fpn_1_only_test/checkpoint.pt,permutation_invariant_binary_partition,architexture_binary_v1,0.8237082452272966,0.6830633459734882
fpn_1_only,test,11,129,"cluster_1->texture_a,cluster_0->texture_b",0.01495757094232469,0.8851709706210366,0.9399235878306429,0.8851709706210366,"[""fpn_1""]",fpn_1,"[""fpn_2"", ""fpn_1"", ""fpn_0""]","{""fpn_0"": [256, 288, 288], ""fpn_1"": [256, 144, 144], ""fpn_2"": [256, 72, 72]}","{""fpn_1"": [256, 144, 144]}",144,144,64,32,False,[0.0],"{""fpn_1"": 1.0}",fpn_1=1.000,deterministic_kmeans,cosine,2,outputs/rwtd_sam3_auto/coarse_vs_fine_sam_scales/stage2/train_fpn_1_only_test/checkpoint.pt,permutation_invariant_binary_partition,architexture_binary_v1,0.9399235878306429,0.8851709706210366
fpn_1_only,test,12,13,"cluster_1->texture_a,cluster_0->texture_b",0.11305041421801193,0.3270740612498828,0.63561074675383,0.3270740612498828,"[""fpn_1""]",fpn_1,"[""fpn_2"", ""fpn_1"", ""fpn_0""]","{""fpn_0"": [256, 288, 288], ""fpn_1"": [256, 144, 144], ""fpn_2"": [256, 72, 72]}","{""fpn_1"": [256, 144, 144]}",144,144,64,32,False,[0.0],"{""fpn_1"": 1.0}",fpn_1=1.000,deterministic_kmeans,cosine,2,outputs/rwtd_sam3_auto/coarse_vs_fine_sam_scales/stage2/train_fpn_1_only_test/checkpoint.pt,permutation_invariant_binary_partition,architexture_binary_v1,0.63561074675383,0.3270740612498828
fpn_1_only,test,13,134,"cluster_1->texture_a,cluster_0->texture_b",0.013023982380356415,0.8995086550300141,0.9496246987974453,0.8995086550300141,"[""fpn_1""]",fpn_1,"[""fpn_2"", ""fpn_1"", ""fpn_0""]","{""fpn_0"": [256, 288, 288], ""fpn_1"": [256, 144, 144], ""fpn_2"": [256, 72, 72]}","{""fpn_1"": [256, 144, 144]}",144,144,64,32,False,[0.0],"{""fpn_1"": 1.0}",fpn_1=1.000,deterministic_kmeans,cosine,2,outputs/rwtd_sam3_auto/coarse_vs_fine_sam_scales/stage2/train_fpn_1_only_test/checkpoint.pt,permutation_invariant_binary_partition,architexture_binary_v1,0.9496246987974453,0.8995086550300141
fpn_1_only,test,14,139,"cluster_0->texture_a,cluster_1->texture_b",0.900524680020028,0.8068067975503107,0.02577223033854841,0.8068067975503107,"[""fpn_1""]",fpn_1,"[""fpn_2"", ""fpn_1"", ""fpn_0""]","{""fpn_0"": [256, 288, 288], ""fpn_1"": [256, 144, 144], ""fpn_2"": [256, 72, 72]}","{""fpn_1"": [256, 144, 144]}",144,144,64,32,False,[0.0],"{""fpn_1"": 1.0}",fpn_1=1.000,deterministic_kmeans,cosine,2,outputs/rwtd_sam3_auto/coarse_vs_fine_sam_scales/stage2/train_fpn_1_only_test/checkpoint.pt,permutation_invariant_binary_partition,architexture_binary_v1,0.900524680020028,0.8068067975503107
fpn_1_only,test,15,14,"cluster_1->texture_a,cluster_0->texture_b",0.050572099356825224,0.6465310514758786,0.8215084720854247,0.6465310514758786,"[""fpn_1""]",fpn_1,"[""fpn_2"", ""fpn_1"", ""fpn_0""]","{""fpn_0"": [256, 288, 288], ""fpn_1"": [256, 144, 144], ""fpn_2"": [256, 72, 72]}","{""fpn_1"": [256, 144, 144]}",144,144,64,32,False,[0.0],"{""fpn_1"": 1.0}",fpn_1=1.000,deterministic_kmeans,cosine,2,outputs/rwtd_sam3_auto/coarse_vs_fine_sam_scales/stage2/train_fpn_1_only_test/checkpoint.pt,permutation_invariant_binary_partition,architexture_binary_v1,0.8215084720854247,0.6465310514758786
fpn_1_only,test,16,142,"cluster_0->texture_a,cluster_1->texture_b",0.7256068182554509,0.5917719914454774,0.03894686329032678,0.5917719914454774,"[""fpn_1""]",fpn_1,"[""fpn_2"", ""fpn_1"", ""fpn_0""]","{""fpn_0"": [256, 288, 288], ""fpn_1"": [256, 144, 144], ""fpn_2"": [256, 72, 72]}","{""fpn_1"": [256, 144, 144]}",144,144,64,32,False,[0.0],"{""fpn_1"": 1.0}",fpn_1=1.000,deterministic_kmeans,cosine,2,outputs/rwtd_sam3_auto/coarse_vs_fine_sam_scales/stage2/train_fpn_1_only_test/checkpoint.pt,permutation_invariant_binary_partition,architexture_binary_v1,0.7256068182554509,0.5917719914454774
fpn_1_only,test,17,149,"cluster_0->texture_a,cluster_1->texture_b",0.7897235383218075,0.5852724808291395,0.0590724630175046,0.5852724808291395,"[""fpn_1""]",fpn_1,"[""fpn_2"", ""fpn_1"", ""fpn_0""]","{""fpn_0"": [256, 288, 288], ""fpn_1"": [256, 144, 144], ""fpn_2"": [256, 72, 72]}","{""fpn_1"": [256, 144, 144]}",144,144,64,32,False,[0.0],"{""fpn_1"": 1.0}",fpn_1=1.000,deterministic_kmeans,cosine,2,outputs/rwtd_sam3_auto/coarse_vs_fine_sam_scales/stage2/train_fpn_1_only_test/checkpoint.pt,permutation_invariant_binary_partition,architexture_binary_v1,0.7897235383218075,0.5852724808291395
fpn_1_only,test,18,15,"cluster_0->texture_a,cluster_1->texture_b",0.8437633304492838,0.7032803393666583,0.04173164786973418,0.7032803393666583,"[""fpn_1""]",fpn_1,"[""fpn_2"", ""fpn_1"", ""fpn_0""]","{""fpn_0"": [256, 288, 288], ""fpn_1"": [256, 144, 144], ""fpn_2"": [256, 72, 72]}","{""fpn_1"": [256, 144, 144]}",144,144,64,32,False,[0.0],"{""fpn_1"": 1.0}",fpn_1=1.000,deterministic_kmeans,cosine,2,outputs/rwtd_sam3_auto/coarse_vs_fine_sam_scales/stage2/train_fpn_1_only_test/checkpoint.pt,permutation_invariant_binary_partition,architexture_binary_v1,0.8437633304492838,0.7032803393666583
fpn_1_only,test,19,175,"cluster_0->texture_a,cluster_1->texture_b",0.8601379816072054,0.7437569447147055,0.0352072039401458,0.7437569447147055,"[""fpn_1""]",fpn_1,"[""fpn_2"", ""fpn_1"", ""fpn_0""]","{""fpn_0"": [256, 288, 288], ""fpn_1"": [256, 144, 144], ""fpn_2"": [256, 72, 72]}","{""fpn_1"": [256, 144, 144]}",144,144,64,32,False,[0.0],"{""fpn_1"": 1.0}",fpn_1=1.000,deterministic_kmeans,cosine,2,outputs/rwtd_sam3_auto/coarse_vs_fine_sam_scales/stage2/train_fpn_1_only_test/checkpoint.pt,permutation_invariant_binary_partition,architexture_binary_v1,0.8601379816072054,0.7437569447147055
fpn_1_only,test,20,176,"cluster_1->texture_a,cluster_0->texture_b",0.020393722113829407,0.7656148058513462,0.8317876475836641,0.7656148058513462,"[""fpn_1""]",fpn_1,"[""fpn_2"", ""fpn_1"", ""fpn_0""]","{""fpn_0"": [256, 288, 288], ""fpn_1"": [256, 144, 144], ""fpn_2"": [256, 72, 72]}","{""fpn_1"": [256, 144, 144]}",144,144,64,32,False,[0.0],"{""fpn_1"": 1.0}",fpn_1=1.000,deterministic_kmeans,cosine,2,outputs/rwtd_sam3_auto/coarse_vs_fine_sam_scales/stage2/train_fpn_1_only_test/checkpoint.pt,permutation_invariant_binary_partition,architexture_binary_v1,0.8317876475836641,0.7656148058513462
fpn_1_only,test,21,18,"cluster_1->texture_a,cluster_0->texture_b",0.10055821746565086,0.36793979848160335,0.6442455257351907,0.36793979848160335,"[""fpn_1""]",fpn_1,"[""fpn_2"", ""fpn_1"", ""fpn_0""]","{""fpn_0"": [256, 288, 288], ""fpn_1"": [256, 144, 144], ""fpn_2"": [256, 72, 72]}","{""fpn_1"": [256, 144, 144]}",144,144,64,32,False,[0.0],"{""fpn_1"": 1.0}",fpn_1=1.000,deterministic_kmeans,cosine,2,outputs/rwtd_sam3_auto/coarse_vs_fine_sam_scales/stage2/train_fpn_1_only_test/checkpoint.pt,permutation_invariant_binary_partition,architexture_binary_v1,0.6442455257351907,0.36793979848160335
fpn_1_only,test,22,181,"cluster_1->texture_a,cluster_0->texture_b",0.0661807011262635,0.562485475421626,0.7716024424975527,0.562485475421626,"[""fpn_1""]",fpn_1,"[""fpn_2"", ""fpn_1"", ""fpn_0""]","{""fpn_0"": [256, 288, 288], ""fpn_1"": [256, 144, 144], ""fpn_2"": [256, 72, 72]}","{""fpn_1"": [256, 144, 144]}",144,144,64,32,False,[0.0],"{""fpn_1"": 1.0}",fpn_1=1.000,deterministic_kmeans,cosine,2,outputs/rwtd_sam3_auto/coarse_vs_fine_sam_scales/stage2/train_fpn_1_only_test/checkpoint.pt,permutation_invariant_binary_partition,architexture_binary_v1,0.7716024424975527,0.562485475421626
fpn_1_only,test,23,182,"cluster_0->texture_a,cluster_1->texture_b",0.8574939059456711,0.7168069708382705,0.038783046815538624,0.7168069708382705,"[""fpn_1""]",fpn_1,"[""fpn_2"", ""fpn_1"", ""fpn_0""]","{""fpn_0"": [256, 288, 288], ""fpn_1"": [256, 144, 144], ""fpn_2"": [256, 72, 72]}","{""fpn_1"": [256, 144, 144]}",144,144,64,32,False,[0.0],"{""fpn_1"": 1.0}",fpn_1=1.000,deterministic_kmeans,cosine,2,outputs/rwtd_sam3_auto/coarse_vs_fine_sam_scales/stage2/train_fpn_1_only_test/checkpoint.pt,permutation_invariant_binary_partition,architexture_binary_v1,0.8574939059456711,0.7168069708382705
fpn_1_only,test,24,183,"cluster_1->texture_a,cluster_0->texture_b",0.029490106308983324,0.7826358817084147,0.890252617965251,0.7826358817084147,"[""fpn_1""]",fpn_1,"[""fpn_2"", ""fpn_1"", ""fpn_0""]","{""fpn_0"": [256, 288, 288], ""fpn_1"": [256, 144, 144], ""fpn_2"": [256, 72, 72]}","{""fpn_1"": [256, 144, 144]}",144,144,64,32,False,[0.0],"{""fpn_1"": 1.0}",fpn_1=1.000,deterministic_kmeans,cosine,2,outputs/rwtd_sam3_auto/coarse_vs_fine_sam_scales/stage2/train_fpn_1_only_test/checkpoint.pt,permutation_invariant_binary_partition,architexture_binary_v1,0.890252617965251,0.7826358817084147
fpn_1_only,test,25,184,"cluster_1->texture_a,cluster_0->texture_b",0.03209328672908673,0.765286061007901,0.8812622715641425,0.765286061007901,"[""fpn_1""]",fpn_1,"[""fpn_2"", ""fpn_1"", ""fpn_0""]","{""fpn_0"": [256, 288, 288], ""fpn_1"": [256, 144, 144], ""fpn_2"": [256, 72, 72]}","{""fpn_1"": [256, 144, 144]}",144,144,64,32,False,[0.0],"{""fpn_1"": 1.0}",fpn_1=1.000,deterministic_kmeans,cosine,2,outputs/rwtd_sam3_auto/coarse_vs_fine_sam_scales/stage2/train_fpn_1_only_test/checkpoint.pt,permutation_invariant_binary_partition,architexture_binary_v1,0.8812622715641425,0.765286061007901
fpn_1_only,test,26,185,"cluster_1->texture_a,cluster_0->texture_b",0.06873301117550189,0.5411828297421906,0.7648200441010622,0.5411828297421906,"[""fpn_1""]",fpn_1,"[""fpn_2"", ""fpn_1"", ""fpn_0""]","{""fpn_0"": [256, 288, 288], ""fpn_1"": [256, 144, 144], ""fpn_2"": [256, 72, 72]}","{""fpn_1"": [256, 144, 144]}",144,144,64,32,False,[0.0],"{""fpn_1"": 1.0}",fpn_1=1.000,deterministic_kmeans,cosine,2,outputs/rwtd_sam3_auto/coarse_vs_fine_sam_scales/stage2/train_fpn_1_only_test/checkpoint.pt,permutation_invariant_binary_partition,architexture_binary_v1,0.7648200441010622,0.5411828297421906
fpn_1_only,test,27,186,"cluster_1->texture_a,cluster_0->texture_b",0.14840914155907603,0.22666878963778328,0.5812447272188755,0.22666878963778328,"[""fpn_1""]",fpn_1,"[""fpn_2"", ""fpn_1"", ""fpn_0""]","{""fpn_0"": [256, 288, 288], ""fpn_1"": [256, 144, 144], ""fpn_2"": [256, 72, 72]}","{""fpn_1"": [256, 144, 144]}",144,144,64,32,False,[0.0],"{""fpn_1"": 1.0}",fpn_1=1.000,deterministic_kmeans,cosine,2,outputs/rwtd_sam3_auto/coarse_vs_fine_sam_scales/stage2/train_fpn_1_only_test/checkpoint.pt,permutation_invariant_binary_partition,architexture_binary_v1,0.5812447272188755,0.22666878963778328
fpn_1_only,test,28,189,"cluster_0->texture_a,cluster_1->texture_b",0.8133634001296641,0.7511254461441723,0.015322300504527434,0.7511254461441723,"[""fpn_1""]",fpn_1,"[""fpn_2"", ""fpn_1"", ""fpn_0""]","{""fpn_0"": [256, 288, 288], ""fpn_1"": [256, 144, 144], ""fpn_2"": [256, 72, 72]}","{""fpn_1"": [256, 144, 144]}",144,144,64,32,False,[0.0],"{""fpn_1"": 1.0}",fpn_1=1.000,deterministic_kmeans,cosine,2,outputs/rwtd_sam3_auto/coarse_vs_fine_sam_scales/stage2/train_fpn_1_only_test/checkpoint.pt,permutation_invariant_binary_partition,architexture_binary_v1,0.8133634001296641,0.7511254461441723
fpn_1_only,test,29,194,"cluster_1->texture_a,cluster_0->texture_b",0.04613942660356478,0.6769690734460865,0.8372059224676456,0.6769690734460865,"[""fpn_1""]",fpn_1,"[""fpn_2"", ""fpn_1"", ""fpn_0""]","{""fpn_0"": [256, 288, 288], ""fpn_1"": [256, 144, 144], ""fpn_2"": [256, 72, 72]}","{""fpn_1"": [256, 144, 144]}",144,144,64,32,False,[0.0],"{""fpn_1"": 1.0}",fpn_1=1.000,deterministic_kmeans,cosine,2,outputs/rwtd_sam3_auto/coarse_vs_fine_sam_scales/stage2/train_fpn_1_only_test/checkpoint.pt,permutation_invariant_binary_partition,architexture_binary_v1,0.8372059224676456,0.6769690734460865
fpn_1_only,test,30,197,"cluster_0->texture_a,cluster_1->texture_b",0.597246124998471,0.2478224856830975,0.13879905225783112,0.2478224856830975,"[""fpn_1""]",fpn_1,"[""fpn_2"", ""fpn_1"", ""fpn_0""]","{""fpn_0"": [256, 288, 288], ""fpn_1"": [256, 144, 144], ""fpn_2"": [256, 72, 72]}","{""fpn_1"": [256, 144, 144]}",144,144,64,32,False,[0.0],"{""fpn_1"": 1.0}",fpn_1=1.000,deterministic_kmeans,cosine,2,outputs/rwtd_sam3_auto/coarse_vs_fine_sam_scales/stage2/train_fpn_1_only_test/checkpoint.pt,permutation_invariant_binary_partition,architexture_binary_v1,0.597246124998471,0.2478224856830975
fpn_1_only,test,31,2,"cluster_1->texture_a,cluster_0->texture_b",0.30218842019628667,0.0012840067776797442,0.33892741975264506,0.0012840067776797442,"[""fpn_1""]",fpn_1,"[""fpn_2"", ""fpn_1"", ""fpn_0""]","{""fpn_0"": [256, 288, 288], ""fpn_1"": [256, 144, 144], ""fpn_2"": [256, 72, 72]}","{""fpn_1"": [256, 144, 144]}",144,144,64,32,False,[0.0],"{""fpn_1"": 1.0}",fpn_1=1.000,deterministic_kmeans,cosine,2,outputs/rwtd_sam3_auto/coarse_vs_fine_sam_scales/stage2/train_fpn_1_only_test/checkpoint.pt,permutation_invariant_binary_partition,architexture_binary_v1,0.33892741975264506,0.0012840067776797442
fpn_1_only,test,32,200,"cluster_0->texture_a,cluster_1->texture_b",0.8280601215121354,0.6893343948984766,0.04295532836489224,0.6893343948984766,"[""fpn_1""]",fpn_1,"[""fpn_2"", ""fpn_1"", ""fpn_0""]","{""fpn_0"": [256, 288, 288], ""fpn_1"": [256, 144, 144], ""fpn_2"": [256, 72, 72]}","{""fpn_1"": [256, 144, 144]}",144,144,64,32,False,[0.0],"{""fpn_1"": 1.0}",fpn_1=1.000,deterministic_kmeans,cosine,2,outputs/rwtd_sam3_auto/coarse_vs_fine_sam_scales/stage2/train_fpn_1_only_test/checkpoint.pt,permutation_invariant_binary_partition,architexture_binary_v1,0.8280601215121354,0.6893343948984766
fpn_1_only,test,33,201,"cluster_0->texture_a,cluster_1->texture_b",0.8042584256562809,0.6136329695469278,0.055658681858026623,0.6136329695469278,"[""fpn_1""]",fpn_1,"[""fpn_2"", ""fpn_1"", ""fpn_0""]","{""fpn_0"": [256, 288, 288], ""fpn_1"": [256, 144, 144], ""fpn_2"": [256, 72, 72]}","{""fpn_1"": [256, 144, 144]}",144,144,64,32,False,[0.0],"{""fpn_1"": 1.0}",fpn_1=1.000,deterministic_kmeans,cosine,2,outputs/rwtd_sam3_auto/coarse_vs_fine_sam_scales/stage2/train_fpn_1_only_test/checkpoint.pt,permutation_invariant_binary_partition,architexture_binary_v1,0.8042584256562809,0.6136329695469278
fpn_1_only,test,34,202,"cluster_0->texture_a,cluster_1->texture_b",0.9161354714110796,0.850069630545617,0.019475100316769346,0.850069630545617,"[""fpn_1""]",fpn_1,"[""fpn_2"", ""fpn_1"", ""fpn_0""]","{""fpn_0"": [256, 288, 288], ""fpn_1"": [256, 144, 144], ""fpn_2"": [256, 72, 72]}","{""fpn_1"": [256, 144, 144]}",144,144,64,32,False,[0.0],"{""fpn_1"": 1.0}",fpn_1=1.000,deterministic_kmeans,cosine,2,outputs/rwtd_sam3_auto/coarse_vs_fine_sam_scales/stage2/train_fpn_1_only_test/checkpoint.pt,permutation_invariant_binary_partition,architexture_binary_v1,0.9161354714110796,0.850069630545617
fpn_1_only,test,35,205,"cluster_1->texture_a,cluster_0->texture_b",0.042573881524763824,0.6994454839039213,0.8469140347715032,0.6994454839039213,"[""fpn_1""]",fpn_1,"[""fpn_2"", ""fpn_1"", ""fpn_0""]","{""fpn_0"": [256, 288, 288], ""fpn_1"": [256, 144, 144], ""fpn_2"": [256, 72, 72]}","{""fpn_1"": [256, 144, 144]}",144,144,64,32,False,[0.0],"{""fpn_1"": 1.0}",fpn_1=1.000,deterministic_kmeans,cosine,2,outputs/rwtd_sam3_auto/coarse_vs_fine_sam_scales/stage2/train_fpn_1_only_test/checkpoint.pt,permutation_invariant_binary_partition,architexture_binary_v1,0.8469140347715032,0.6994454839039213
fpn_1_only,test,36,207,"cluster_1->texture_a,cluster_0->texture_b",0.059427358604205754,0.5974413832858263,0.7960792220633828,0.5974413832858263,"[""fpn_1""]",fpn_1,"[""fpn_2"", ""fpn_1"", ""fpn_0""]","{""fpn_0"": [256, 288, 288], ""fpn_1"": [256, 144, 144], ""fpn_2"": [256, 72, 72]}","{""fpn_1"": [256, 144, 144]}",144,144,64,32,False,[0.0],"{""fpn_1"": 1.0}",fpn_1=1.000,deterministic_kmeans,cosine,2,outputs/rwtd_sam3_auto/coarse_vs_fine_sam_scales/stage2/train_fpn_1_only_test/checkpoint.pt,permutation_invariant_binary_partition,architexture_binary_v1,0.7960792220633828,0.5974413832858263
fpn_1_only,test,37,210,"cluster_0->texture_a,cluster_1->texture_b",0.6371282792183008,0.3099459641138314,0.12279043230320567,0.3099459641138314,"[""fpn_1""]",fpn_1,"[""fpn_2"", ""fpn_1"", ""fpn_0""]","{""fpn_0"": [256, 288, 288], ""fpn_1"": [256, 144, 144], ""fpn_2"": [256, 72, 72]}","{""fpn_1"": [256, 144, 144]}",144,144,64,32,False,[0.0],"{""fpn_1"": 1.0}",fpn_1=1.000,deterministic_kmeans,cosine,2,outputs/rwtd_sam3_auto/coarse_vs_fine_sam_scales/stage2/train_fpn_1_only_test/checkpoint.pt,permutation_invariant_binary_partition,architexture_binary_v1,0.6371282792183008,0.3099459641138314
fpn_1_only,test,38,213,"cluster_0->texture_a,cluster_1->texture_b",0.8279806190736596,0.6704851986301302,0.046149018323899685,0.6704851986301302,"[""fpn_1""]",fpn_1,"[""fpn_2"", ""fpn_1"", ""fpn_0""]","{""fpn_0"": [256, 288, 288], ""fpn_1"": [256, 144, 144], ""fpn_2"": [256, 72, 72]}","{""fpn_1"": [256, 144, 144]}",144,144,64,32,False,[0.0],"{""fpn_1"": 1.0}",fpn_1=1.000,deterministic_kmeans,cosine,2,outputs/rwtd_sam3_auto/coarse_vs_fine_sam_scales/stage2/train_fpn_1_only_test/checkpoint.pt,permutation_invariant_binary_partition,architexture_binary_v1,0.8279806190736596,0.6704851986301302
fpn_1_only,test,39,214,"cluster_1->texture_a,cluster_0->texture_b",0.059380461783310114,0.5906921531261142,0.7871170463019374,0.5906921531261142,"[""fpn_1""]",fpn_1,"[""fpn_2"", ""fpn_1"", ""fpn_0""]","{""fpn_0"": [256, 288, 288], ""fpn_1"": [256, 144, 144], ""fpn_2"": [256, 72, 72]}","{""fpn_1"": [256, 144, 144]}",144,144,64,32,False,[0.0],"{""fpn_1"": 1.0}",fpn_1=1.000,deterministic_kmeans,cosine,2,outputs/rwtd_sam3_auto/coarse_vs_fine_sam_scales/stage2/train_fpn_1_only_test/checkpoint.pt,permutation_invariant_binary_partition,architexture_binary_v1,0.7871170463019374,0.5906921531261142
fpn_1_only,test,40,215,"cluster_1->texture_a,cluster_0->texture_b",0.06528853301233584,0.5559306753152923,0.763055852019856,0.5559306753152923,"[""fpn_1""]",fpn_1,"[""fpn_2"", ""fpn_1"", ""fpn_0""]","{""fpn_0"": [256, 288, 288], ""fpn_1"": [256, 144, 144], ""fpn_2"": [256, 72, 72]}","{""fpn_1"": [256, 144, 144]}",144,144,64,32,False,[0.0],"{""fpn_1"": 1.0}",fpn_1=1.000,deterministic_kmeans,cosine,2,outputs/rwtd_sam3_auto/coarse_vs_fine_sam_scales/stage2/train_fpn_1_only_test/checkpoint.pt,permutation_invariant_binary_partition,architexture_binary_v1,0.763055852019856,0.5559306753152923
fpn_1_only,test,41,216,"cluster_0->texture_a,cluster_1->texture_b",0.790677500907738,0.5890604892803001,0.06169494832360359,0.5890604892803001,"[""fpn_1""]",fpn_1,"[""fpn_2"", ""fpn_1"", ""fpn_0""]","{""fpn_0"": [256, 288, 288], ""fpn_1"": [256, 144, 144], ""fpn_2"": [256, 72, 72]}","{""fpn_1"": [256, 144, 144]}",144,144,64,32,False,[0.0],"{""fpn_1"": 1.0}",fpn_1=1.000,deterministic_kmeans,cosine,2,outputs/rwtd_sam3_auto/coarse_vs_fine_sam_scales/stage2/train_fpn_1_only_test/checkpoint.pt,permutation_invariant_binary_partition,architexture_binary_v1,0.790677500907738,0.5890604892803001
fpn_1_only,test,42,219,"cluster_1->texture_a,cluster_0->texture_b",0.06213357922390432,0.5866309144419457,0.7895366434348974,0.5866309144419457,"[""fpn_1""]",fpn_1,"[""fpn_2"", ""fpn_1"", ""fpn_0""]","{""fpn_0"": [256, 288, 288], ""fpn_1"": [256, 144, 144], ""fpn_2"": [256, 72, 72]}","{""fpn_1"": [256, 144, 144]}",144,144,64,32,False,[0.0],"{""fpn_1"": 1.0}",fpn_1=1.000,deterministic_kmeans,cosine,2,outputs/rwtd_sam3_auto/coarse_vs_fine_sam_scales/stage2/train_fpn_1_only_test/checkpoint.pt,permutation_invariant_binary_partition,architexture_binary_v1,0.7895366434348974,0.5866309144419457
fpn_1_only,test,43,22,"cluster_0->texture_a,cluster_1->texture_b",0.6636878561530611,0.3548554508309437,0.108796827425233,0.3548554508309437,"[""fpn_1""]",fpn_1,"[""fpn_2"", ""fpn_1"", ""fpn_0""]","{""fpn_0"": [256, 288, 288], ""fpn_1"": [256, 144, 144], ""fpn_2"": [256, 72, 72]}","{""fpn_1"": [256, 144, 144]}",144,144,64,32,False,[0.0],"{""fpn_1"": 1.0}",fpn_1=1.000,deterministic_kmeans,cosine,2,outputs/rwtd_sam3_auto/coarse_vs_fine_sam_scales/stage2/train_fpn_1_only_test/checkpoint.pt,permutation_invariant_binary_partition,architexture_binary_v1,0.6636878561530611,0.3548554508309437
fpn_1_only,test,44,221,"cluster_1->texture_a,cluster_0->texture_b",0.021121268147786185,0.8390259944112153,0.9193718673976736,0.8390259944112153,"[""fpn_1""]",fpn_1,"[""fpn_2"", ""fpn_1"", ""fpn_0""]","{""fpn_0"": [256, 288, 288], ""fpn_1"": [256, 144, 144], ""fpn_2"": [256, 72, 72]}","{""fpn_1"": [256, 144, 144]}",144,144,64,32,False,[0.0],"{""fpn_1"": 1.0}",fpn_1=1.000,deterministic_kmeans,cosine,2,outputs/rwtd_sam3_auto/coarse_vs_fine_sam_scales/stage2/train_fpn_1_only_test/checkpoint.pt,permutation_invariant_binary_partition,architexture_binary_v1,0.9193718673976736,0.8390259944112153
fpn_1_only,test,45,222,"cluster_1->texture_a,cluster_0->texture_b",0.010250184922704159,0.9145532741265554,0.9468095626342843,0.9145532741265554,"[""fpn_1""]",fpn_1,"[""fpn_2"", ""fpn_1"", ""fpn_0""]","{""fpn_0"": [256, 288, 288], ""fpn_1"": [256, 144, 144], ""fpn_2"": [256, 72, 72]}","{""fpn_1"": [256, 144, 144]}",144,144,64,32,False,[0.0],"{""fpn_1"": 1.0}",fpn_1=1.000,deterministic_kmeans,cosine,2,outputs/rwtd_sam3_auto/coarse_vs_fine_sam_scales/stage2/train_fpn_1_only_test/checkpoint.pt,permutation_invariant_binary_partition,architexture_binary_v1,0.9468095626342843,0.9145532741265554
fpn_1_only,test,46,224,"cluster_1->texture_a,cluster_0->texture_b",0.03178968706150098,0.7654074869785318,0.8819117940682739,0.7654074869785318,"[""fpn_1""]",fpn_1,"[""fpn_2"", ""fpn_1"", ""fpn_0""]","{""fpn_0"": [256, 288, 288], ""fpn_1"": [256, 144, 144], ""fpn_2"": [256, 72, 72]}","{""fpn_1"": [256, 144, 144]}",144,144,64,32,False,[0.0],"{""fpn_1"": 1.0}",fpn_1=1.000,deterministic_kmeans,cosine,2,outputs/rwtd_sam3_auto/coarse_vs_fine_sam_scales/stage2/train_fpn_1_only_test/checkpoint.pt,permutation_invariant_binary_partition,architexture_binary_v1,0.8819117940682739,0.7654074869785318
fpn_1_only,test,47,229,"cluster_1->texture_a,cluster_0->texture_b",0.027842329387961634,0.7936752139654173,0.8946548202827368,0.7936752139654173,"[""fpn_1""]",fpn_1,"[""fpn_2"", ""fpn_1"", ""fpn_0""]","{""fpn_0"": [256, 288, 288], ""fpn_1"": [256, 144, 144], ""fpn_2"": [256, 72, 72]}","{""fpn_1"": [256, 144, 144]}",144,144,64,32,False,[0.0],"{""fpn_1"": 1.0}",fpn_1=1.000,deterministic_kmeans,cosine,2,outputs/rwtd_sam3_auto/coarse_vs_fine_sam_scales/stage2/train_fpn_1_only_test/checkpoint.pt,permutation_invariant_binary_partition,architexture_binary_v1,0.8946548202827368,0.7936752139654173
fpn_1_only,test,48,237,"cluster_1->texture_a,cluster_0->texture_b",0.041783191525012586,0.704767740702712,0.85112924742987,0.704767740702712,"[""fpn_1""]",fpn_1,"[""fpn_2"", ""fpn_1"", ""fpn_0""]","{""fpn_0"": [256, 288, 288], ""fpn_1"": [256, 144, 144], ""fpn_2"": [256, 72, 72]}","{""fpn_1"": [256, 144, 144]}",144,144,64,32,False,[0.0],"{""fpn_1"": 1.0}",fpn_1=1.000,deterministic_kmeans,cosine,2,outputs/rwtd_sam3_auto/coarse_vs_fine_sam_scales/stage2/train_fpn_1_only_test/checkpoint.pt,permutation_invariant_binary_partition,architexture_binary_v1,0.85112924742987,0.704767740702712
fpn_1_only,test,49,24,"cluster_0->texture_a,cluster_1->texture_b",0.9412967224685942,0.9164449878742498,0.008619177956035968,0.9164449878742498,"[""fpn_1""]",fpn_1,"[""fpn_2"", ""fpn_1"", ""fpn_0""]","{""fpn_0"": [256, 288, 288], ""fpn_1"": [256, 144, 144], ""fpn_2"": [256, 72, 72]}","{""fpn_1"": [256, 144, 144]}",144,144,64,32,False,[0.0],"{""fpn_1"": 1.0}",fpn_1=1.000,deterministic_kmeans,cosine,2,outputs/rwtd_sam3_auto/coarse_vs_fine_sam_scales/stage2/train_fpn_1_only_test/checkpoint.pt,permutation_invariant_binary_partition,architexture_binary_v1,0.9412967224685942,0.9164449878742498
fpn_1_only,test,50,240,"cluster_0->texture_a,cluster_1->texture_b",0.8496924496880569,0.7056621016582109,0.04145359296809494,0.7056621016582109,"[""fpn_1""]",fpn_1,"[""fpn_2"", ""fpn_1"", ""fpn_0""]","{""fpn_0"": [256, 288, 288], ""fpn_1"": [256, 144, 144], ""fpn_2"": [256, 72, 72]}","{""fpn_1"": [256, 144, 144]}",144,144,64,32,False,[0.0],"{""fpn_1"": 1.0}",fpn_1=1.000,deterministic_kmeans,cosine,2,outputs/rwtd_sam3_auto/coarse_vs_fine_sam_scales/stage2/train_fpn_1_only_test/checkpoint.pt,permutation_invariant_binary_partition,architexture_binary_v1,0.8496924496880569,0.7056621016582109
fpn_1_only,test,51,244,"cluster_0->texture_a,cluster_1->texture_b",0.6785536697091741,0.42634503023400006,0.08651423242189141,0.42634503023400006,"[""fpn_1""]",fpn_1,"[""fpn_2"", ""fpn_1"", ""fpn_0""]","{""fpn_0"": [256, 288, 288], ""fpn_1"": [256, 144, 144], ""fpn_2"": [256, 72, 72]}","{""fpn_1"": [256, 144, 144]}",144,144,64,32,False,[0.0],"{""fpn_1"": 1.0}",fpn_1=1.000,deterministic_kmeans,cosine,2,outputs/rwtd_sam3_auto/coarse_vs_fine_sam_scales/stage2/train_fpn_1_only_test/checkpoint.pt,permutation_invariant_binary_partition,architexture_binary_v1,0.6785536697091741,0.42634503023400006
fpn_1_only,test,52,245,"cluster_0->texture_a,cluster_1->texture_b",0.8654904737466512,0.7485231246107775,0.03430290570747036,0.7485231246107775,"[""fpn_1""]",fpn_1,"[""fpn_2"", ""fpn_1"", ""fpn_0""]","{""fpn_0"": [256, 288, 288], ""fpn_1"": [256, 144, 144], ""fpn_2"": [256, 72, 72]}","{""fpn_1"": [256, 144, 144]}",144,144,64,32,False,[0.0],"{""fpn_1"": 1.0}",fpn_1=1.000,deterministic_kmeans,cosine,2,outputs/rwtd_sam3_auto/coarse_vs_fine_sam_scales/stage2/train_fpn_1_only_test/checkpoint.pt,permutation_invariant_binary_partition,architexture_binary_v1,0.8654904737466512,0.7485231246107775
fpn_1_only,test,53,246,"cluster_1->texture_a,cluster_0->texture_b",0.056854794453744265,0.5982107114846689,0.7921140595993846,0.5982107114846689,"[""fpn_1""]",fpn_1,"[""fpn_2"", ""fpn_1"", ""fpn_0""]","{""fpn_0"": [256, 288, 288], ""fpn_1"": [256, 144, 144], ""fpn_2"": [256, 72, 72]}","{""fpn_1"": [256, 144, 144]}",144,144,64,32,False,[0.0],"{""fpn_1"": 1.0}",fpn_1=1.000,deterministic_kmeans,cosine,2,outputs/rwtd_sam3_auto/coarse_vs_fine_sam_scales/stage2/train_fpn_1_only_test/checkpoint.pt,permutation_invariant_binary_partition,architexture_binary_v1,0.7921140595993846,0.5982107114846689
fpn_1_only,test,54,247,"cluster_1->texture_a,cluster_0->texture_b",0.0824161233026595,0.4597276719917221,0.7220313379347851,0.4597276719917221,"[""fpn_1""]",fpn_1,"[""fpn_2"", ""fpn_1"", ""fpn_0""]","{""fpn_0"": [256, 288, 288], ""fpn_1"": [256, 144, 144], ""fpn_2"": [256, 72, 72]}","{""fpn_1"": [256, 144, 144]}",144,144,64,32,False,[0.0],"{""fpn_1"": 1.0}",fpn_1=1.000,deterministic_kmeans,cosine,2,outputs/rwtd_sam3_auto/coarse_vs_fine_sam_scales/stage2/train_fpn_1_only_test/checkpoint.pt,permutation_invariant_binary_partition,architexture_binary_v1,0.7220313379347851,0.4597276719917221
fpn_1_only,test,55,25,"cluster_0->texture_a,cluster_1->texture_b",0.881166204137126,0.7701388039299206,0.031140850782250155,0.7701388039299206,"[""fpn_1""]",fpn_1,"[""fpn_2"", ""fpn_1"", ""fpn_0""]","{""fpn_0"": [256, 288, 288], ""fpn_1"": [256, 144, 144], ""fpn_2"": [256, 72, 72]}","{""fpn_1"": [256, 144, 144]}",144,144,64,32,False,[0.0],"{""fpn_1"": 1.0}",fpn_1=1.000,deterministic_kmeans,cosine,2,outputs/rwtd_sam3_auto/coarse_vs_fine_sam_scales/stage2/train_fpn_1_only_test/checkpoint.pt,permutation_invariant_binary_partition,architexture_binary_v1,0.881166204137126,0.7701388039299206
fpn_1_only,test,56,250,"cluster_1->texture_a,cluster_0->texture_b",0.020014638459440973,0.8444760498245086,0.9109703517741534,0.8444760498245086,"[""fpn_1""]",fpn_1,"[""fpn_2"", ""fpn_1"", ""fpn_0""]","{""fpn_0"": [256, 288, 288], ""fpn_1"": [256, 144, 144], ""fpn_2"": [256, 72, 72]}","{""fpn_1"": [256, 144, 144]}",144,144,64,32,False,[0.0],"{""fpn_1"": 1.0}",fpn_1=1.000,deterministic_kmeans,cosine,2,outputs/rwtd_sam3_auto/coarse_vs_fine_sam_scales/stage2/train_fpn_1_only_test/checkpoint.pt,permutation_invariant_binary_partition,architexture_binary_v1,0.9109703517741534,0.8444760498245086
fpn_1_only,test,57,251,"cluster_1->texture_a,cluster_0->texture_b",0.038783609780047454,0.7233883894111066,0.8609103331224501,0.7233883894111066,"[""fpn_1""]",fpn_1,"[""fpn_2"", ""fpn_1"", ""fpn_0""]","{""fpn_0"": [256, 288, 288], ""fpn_1"": [256, 144, 144], ""fpn_2"": [256, 72, 72]}","{""fpn_1"": [256, 144, 144]}",144,144,64,32,False,[0.0],"{""fpn_1"": 1.0}",fpn_1=1.000,deterministic_kmeans,cosine,2,outputs/rwtd_sam3_auto/coarse_vs_fine_sam_scales/stage2/train_fpn_1_only_test/checkpoint.pt,permutation_invariant_binary_partition,architexture_binary_v1,0.8609103331224501,0.7233883894111066
fpn_1_only,test,58,253,"cluster_1->texture_a,cluster_0->texture_b",0.10282445539978693,0.3811060303560008,0.6636686232036126,0.3811060303560008,"[""fpn_1""]",fpn_1,"[""fpn_2"", ""fpn_1"", ""fpn_0""]","{""fpn_0"": [256, 288, 288], ""fpn_1"": [256, 144, 144], ""fpn_2"": [256, 72, 72]}","{""fpn_1"": [256, 144, 144]}",144,144,64,32,False,[0.0],"{""fpn_1"": 1.0}",fpn_1=1.000,deterministic_kmeans,cosine,2,outputs/rwtd_sam3_auto/coarse_vs_fine_sam_scales/stage2/train_fpn_1_only_test/checkpoint.pt,permutation_invariant_binary_partition,architexture_binary_v1,0.6636686232036126,0.3811060303560008
fpn_1_only,test,59,254,"cluster_1->texture_a,cluster_0->texture_b",0.012138230601717023,0.9063342769720288,0.9525128866315247,0.9063342769720288,"[""fpn_1""]",fpn_1,"[""fpn_2"", ""fpn_1"", ""fpn_0""]","{""fpn_0"": [256, 288, 288], ""fpn_1"": [256, 144, 144], ""fpn_2"": [256, 72, 72]}","{""fpn_1"": [256, 144, 144]}",144,144,64,32,False,[0.0],"{""fpn_1"": 1.0}",fpn_1=1.000,deterministic_kmeans,cosine,2,outputs/rwtd_sam3_auto/coarse_vs_fine_sam_scales/stage2/train_fpn_1_only_test/checkpoint.pt,permutation_invariant_binary_partition,architexture_binary_v1,0.9525128866315247,0.9063342769720288
fpn_1_only,test,60,256,"cluster_0->texture_a,cluster_1->texture_b",0.8896879150736787,0.7802707770621513,0.029984625619839292,0.7802707770621513,"[""fpn_1""]",fpn_1,"[""fpn_2"", ""fpn_1"", ""fpn_0""]","{""fpn_0"": [256, 288, 288], ""fpn_1"": [256, 144, 144], ""fpn_2"": [256, 72, 72]}","{""fpn_1"": [256, 144, 144]}",144,144,64,32,False,[0.0],"{""fpn_1"": 1.0}",fpn_1=1.000,deterministic_kmeans,cosine,2,outputs/rwtd_sam3_auto/coarse_vs_fine_sam_scales/stage2/train_fpn_1_only_test/checkpoint.pt,permutation_invariant_binary_partition,architexture_binary_v1,0.8896879150736787,0.7802707770621513
fpn_1_only,test,61,257,"cluster_1->texture_a,cluster_0->texture_b",0.03875104547822816,0.7208010759601937,0.8535645487322203,0.7208010759601937,"[""fpn_1""]",fpn_1,"[""fpn_2"", ""fpn_1"", ""fpn_0""]","{""fpn_0"": [256, 288, 288], ""fpn_1"": [256, 144, 144], ""fpn_2"": [256, 72, 72]}","{""fpn_1"": [256, 144, 144]}",144,144,64,32,False,[0.0],"{""fpn_1"": 1.0}",fpn_1=1.000,deterministic_kmeans,cosine,2,outputs/rwtd_sam3_auto/coarse_vs_fine_sam_scales/stage2/train_fpn_1_only_test/checkpoint.pt,permutation_invariant_binary_partition,architexture_binary_v1,0.8535645487322203,0.7208010759601937
fpn_1_only,test,62,258,"cluster_1->texture_a,cluster_0->texture_b",0.04372213378077302,0.6856280425855813,0.8416462656349268,0.6856280425855813,"[""fpn_1""]",fpn_1,"[""fpn_2"", ""fpn_1"", ""fpn_0""]","{""fpn_0"": [256, 288, 288], ""fpn_1"": [256, 144, 144], ""fpn_2"": [256, 72, 72]}","{""fpn_1"": [256, 144, 144]}",144,144,64,32,False,[0.0],"{""fpn_1"": 1.0}",fpn_1=1.000,deterministic_kmeans,cosine,2,outputs/rwtd_sam3_auto/coarse_vs_fine_sam_scales/stage2/train_fpn_1_only_test/checkpoint.pt,permutation_invariant_binary_partition,architexture_binary_v1,0.8416462656349268,0.6856280425855813
fpn_1_only,test,63,259,"cluster_0->texture_a,cluster_1->texture_b",0.8810299238849238,0.798275410796448,0.025882017554266185,0.798275410796448,"[""fpn_1""]",fpn_1,"[""fpn_2"", ""fpn_1"", ""fpn_0""]","{""fpn_0"": [256, 288, 288], ""fpn_1"": [256, 144, 144], ""fpn_2"": [256, 72, 72]}","{""fpn_1"": [256, 144, 144]}",144,144,64,32,False,[0.0],"{""fpn_1"": 1.0}",fpn_1=1.000,deterministic_kmeans,cosine,2,outputs/rwtd_sam3_auto/coarse_vs_fine_sam_scales/stage2/train_fpn_1_only_test/checkpoint.pt,permutation_invariant_binary_partition,architexture_binary_v1,0.8810299238849238,0.798275410796448
fpn_1_only,test,64,260,"cluster_1->texture_a,cluster_0->texture_b",0.021391674549201822,0.8374055363495104,0.9185495010060023,0.8374055363495104,"[""fpn_1""]",fpn_1,"[""fpn_2"", ""fpn_1"", ""fpn_0""]","{""fpn_0"": [256, 288, 288], ""fpn_1"": [256, 144, 144], ""fpn_2"": [256, 72, 72]}","{""fpn_1"": [256, 144, 144]}",144,144,64,32,False,[0.0],"{""fpn_1"": 1.0}",fpn_1=1.000,deterministic_kmeans,cosine,2,outputs/rwtd_sam3_auto/coarse_vs_fine_sam_scales/stage2/train_fpn_1_only_test/checkpoint.pt,permutation_invariant_binary_partition,architexture_binary_v1,0.9185495010060023,0.8374055363495104
fpn_1_only,test,65,261,"cluster_0->texture_a,cluster_1->texture_b",0.776538246047368,0.5716990405797671,0.0643843679447762,0.5716990405797671,"[""fpn_1""]",fpn_1,"[""fpn_2"", ""fpn_1"", ""fpn_0""]","{""fpn_0"": [256, 288, 288], ""fpn_1"": [256, 144, 144], ""fpn_2"": [256, 72, 72]}","{""fpn_1"": [256, 144, 144]}",144,144,64,32,False,[0.0],"{""fpn_1"": 1.0}",fpn_1=1.000,deterministic_kmeans,cosine,2,outputs/rwtd_sam3_auto/coarse_vs_fine_sam_scales/stage2/train_fpn_1_only_test/checkpoint.pt,permutation_invariant_binary_partition,architexture_binary_v1,0.776538246047368,0.5716990405797671
fpn_1_only,test,66,262,"cluster_1->texture_a,cluster_0->texture_b",0.024800429109554028,0.8125661902798925,0.9055141909867113,0.8125661902798925,"[""fpn_1""]",fpn_1,"[""fpn_2"", ""fpn_1"", ""fpn_0""]","{""fpn_0"": [256, 288, 288], ""fpn_1"": [256, 144, 144], ""fpn_2"": [256, 72, 72]}","{""fpn_1"": [256, 144, 144]}",144,144,64,32,False,[0.0],"{""fpn_1"": 1.0}",fpn_1=1.000,deterministic_kmeans,cosine,2,outputs/rwtd_sam3_auto/coarse_vs_fine_sam_scales/stage2/train_fpn_1_only_test/checkpoint.pt,permutation_invariant_binary_partition,architexture_binary_v1,0.9055141909867113,0.8125661902798925
fpn_1_only,test,67,263,"cluster_1->texture_a,cluster_0->texture_b",0.009797570144199692,0.9238682225783105,0.9618035707788208,0.9238682225783105,"[""fpn_1""]",fpn_1,"[""fpn_2"", ""fpn_1"", ""fpn_0""]","{""fpn_0"": [256, 288, 288], ""fpn_1"": [256, 144, 144], ""fpn_2"": [256, 72, 72]}","{""fpn_1"": [256, 144, 144]}",144,144,64,32,False,[0.0],"{""fpn_1"": 1.0}",fpn_1=1.000,deterministic_kmeans,cosine,2,outputs/rwtd_sam3_auto/coarse_vs_fine_sam_scales/stage2/train_fpn_1_only_test/checkpoint.pt,permutation_invariant_binary_partition,architexture_binary_v1,0.9618035707788208,0.9238682225783105
fpn_1_only,test,68,265,"cluster_1->texture_a,cluster_0->texture_b",0.08769416664458518,0.40785039901049036,0.6552209668100634,0.40785039901049036,"[""fpn_1""]",fpn_1,"[""fpn_2"", ""fpn_1"", ""fpn_0""]","{""fpn_0"": [256, 288, 288], ""fpn_1"": [256, 144, 144], ""fpn_2"": [256, 72, 72]}","{""fpn_1"": [256, 144, 144]}",144,144,64,32,False,[0.0],"{""fpn_1"": 1.0}",fpn_1=1.000,deterministic_kmeans,cosine,2,outputs/rwtd_sam3_auto/coarse_vs_fine_sam_scales/stage2/train_fpn_1_only_test/checkpoint.pt,permutation_invariant_binary_partition,architexture_binary_v1,0.6552209668100634,0.40785039901049036
fpn_1_only,test,69,268,"cluster_1->texture_a,cluster_0->texture_b",0.028392009828525175,0.7879978022587585,0.8931895137905039,0.7879978022587585,"[""fpn_1""]",fpn_1,"[""fpn_2"", ""fpn_1"", ""fpn_0""]","{""fpn_0"": [256, 288, 288], ""fpn_1"": [256, 144, 144], ""fpn_2"": [256, 72, 72]}","{""fpn_1"": [256, 144, 144]}",144,144,64,32,False,[0.0],"{""fpn_1"": 1.0}",fpn_1=1.000,deterministic_kmeans,cosine,2,outputs/rwtd_sam3_auto/coarse_vs_fine_sam_scales/stage2/train_fpn_1_only_test/checkpoint.pt,permutation_invariant_binary_partition,architexture_binary_v1,0.8931895137905039,0.7879978022587585
fpn_1_only,test,70,269,"cluster_0->texture_a,cluster_1->texture_b",0.8652757720027986,0.7319781075685899,0.03687268246927647,0.7319781075685899,"[""fpn_1""]",fpn_1,"[""fpn_2"", ""fpn_1"", ""fpn_0""]","{""fpn_0"": [256, 288, 288], ""fpn_1"": [256, 144, 144], ""fpn_2"": [256, 72, 72]}","{""fpn_1"": [256, 144, 144]}",144,144,64,32,False,[0.0],"{""fpn_1"": 1.0}",fpn_1=1.000,deterministic_kmeans,cosine,2,outputs/rwtd_sam3_auto/coarse_vs_fine_sam_scales/stage2/train_fpn_1_only_test/checkpoint.pt,permutation_invariant_binary_partition,architexture_binary_v1,0.8652757720027986,0.7319781075685899
fpn_1_only,test,71,27,"cluster_0->texture_a,cluster_1->texture_b",0.7651096669532789,0.5483520465937558,0.06692857776306715,0.5483520465937558,"[""fpn_1""]",fpn_1,"[""fpn_2"", ""fpn_1"", ""fpn_0""]","{""fpn_0"": [256, 288, 288], ""fpn_1"": [256, 144, 144], ""fpn_2"": [256, 72, 72]}","{""fpn_1"": [256, 144, 144]}",144,144,64,32,False,[0.0],"{""fpn_1"": 1.0}",fpn_1=1.000,deterministic_kmeans,cosine,2,outputs/rwtd_sam3_auto/coarse_vs_fine_sam_scales/stage2/train_fpn_1_only_test/checkpoint.pt,permutation_invariant_binary_partition,architexture_binary_v1,0.7651096669532789,0.5483520465937558
fpn_1_only,test,72,270,"cluster_0->texture_a,cluster_1->texture_b",0.575657710454879,0.2924834559670756,0.11005106998078282,0.2924834559670756,"[""fpn_1""]",fpn_1,"[""fpn_2"", ""fpn_1"", ""fpn_0""]","{""fpn_0"": [256, 288, 288], ""fpn_1"": [256, 144, 144], ""fpn_2"": [256, 72, 72]}","{""fpn_1"": [256, 144, 144]}",144,144,64,32,False,[0.0],"{""fpn_1"": 1.0}",fpn_1=1.000,deterministic_kmeans,cosine,2,outputs/rwtd_sam3_auto/coarse_vs_fine_sam_scales/stage2/train_fpn_1_only_test/checkpoint.pt,permutation_invariant_binary_partition,architexture_binary_v1,0.575657710454879,0.2924834559670756
fpn_1_only,test,73,274,"cluster_1->texture_a,cluster_0->texture_b",0.06949761894823657,0.5448657058774116,0.7674133677838759,0.5448657058774116,"[""fpn_1""]",fpn_1,"[""fpn_2"", ""fpn_1"", ""fpn_0""]","{""fpn_0"": [256, 288, 288], ""fpn_1"": [256, 144, 144], ""fpn_2"": [256, 72, 72]}","{""fpn_1"": [256, 144, 144]}",144,144,64,32,False,[0.0],"{""fpn_1"": 1.0}",fpn_1=1.000,deterministic_kmeans,cosine,2,outputs/rwtd_sam3_auto/coarse_vs_fine_sam_scales/stage2/train_fpn_1_only_test/checkpoint.pt,permutation_invariant_binary_partition,architexture_binary_v1,0.7674133677838759,0.5448657058774116
fpn_1_only,test,74,276,"cluster_0->texture_a,cluster_1->texture_b",0.8394755165860539,0.7149637289600855,0.038937561117588906,0.7149637289600855,"[""fpn_1""]",fpn_1,"[""fpn_2"", ""fpn_1"", ""fpn_0""]","{""fpn_0"": [256, 288, 288], ""fpn_1"": [256, 144, 144], ""fpn_2"": [256, 72, 72]}","{""fpn_1"": [256, 144, 144]}",144,144,64,32,False,[0.0],"{""fpn_1"": 1.0}",fpn_1=1.000,deterministic_kmeans,cosine,2,outputs/rwtd_sam3_auto/coarse_vs_fine_sam_scales/stage2/train_fpn_1_only_test/checkpoint.pt,permutation_invariant_binary_partition,architexture_binary_v1,0.8394755165860539,0.7149637289600855
fpn_1_only,test,75,28,"cluster_1->texture_a,cluster_0->texture_b",0.07696797663789326,0.4958799341012315,0.7399611247898308,0.4958799341012315,"[""fpn_1""]",fpn_1,"[""fpn_2"", ""fpn_1"", ""fpn_0""]","{""fpn_0"": [256, 288, 288], ""fpn_1"": [256, 144, 144], ""fpn_2"": [256, 72, 72]}","{""fpn_1"": [256, 144, 144]}",144,144,64,32,False,[0.0],"{""fpn_1"": 1.0}",fpn_1=1.000,deterministic_kmeans,cosine,2,outputs/rwtd_sam3_auto/coarse_vs_fine_sam_scales/stage2/train_fpn_1_only_test/checkpoint.pt,permutation_invariant_binary_partition,architexture_binary_v1,0.7399611247898308,0.4958799341012315
fpn_1_only,test,76,280,"cluster_0->texture_a,cluster_1->texture_b",0.7022239766363347,0.4245087221023251,0.09388816056899012,0.4245087221023251,"[""fpn_1""]",fpn_1,"[""fpn_2"", ""fpn_1"", ""fpn_0""]","{""fpn_0"": [256, 288, 288], ""fpn_1"": [256, 144, 144], ""fpn_2"": [256, 72, 72]}","{""fpn_1"": [256, 144, 144]}",144,144,64,32,False,[0.0],"{""fpn_1"": 1.0}",fpn_1=1.000,deterministic_kmeans,cosine,2,outputs/rwtd_sam3_auto/coarse_vs_fine_sam_scales/stage2/train_fpn_1_only_test/checkpoint.pt,permutation_invariant_binary_partition,architexture_binary_v1,0.7022239766363347,0.4245087221023251
fpn_1_only,test,77,281,"cluster_1->texture_a,cluster_0->texture_b",0.050793102422350356,0.6500201877029923,0.8228127784767025,0.6500201877029923,"[""fpn_1""]",fpn_1,"[""fpn_2"", ""fpn_1"", ""fpn_0""]","{""fpn_0"": [256, 288, 288], ""fpn_1"": [256, 144, 144], ""fpn_2"": [256, 72, 72]}","{""fpn_1"": [256, 144, 144]}",144,144,64,32,False,[0.0],"{""fpn_1"": 1.0}",fpn_1=1.000,deterministic_kmeans,cosine,2,outputs/rwtd_sam3_auto/coarse_vs_fine_sam_scales/stage2/train_fpn_1_only_test/checkpoint.pt,permutation_invariant_binary_partition,architexture_binary_v1,0.8228127784767025,0.6500201877029923
fpn_1_only,test,78,282,"cluster_1->texture_a,cluster_0->texture_b",0.028838436483127915,0.7877719687499166,0.8928316077997817,0.7877719687499166,"[""fpn_1""]",fpn_1,"[""fpn_2"", ""fpn_1"", ""fpn_0""]","{""fpn_0"": [256, 288, 288], ""fpn_1"": [256, 144, 144], ""fpn_2"": [256, 72, 72]}","{""fpn_1"": [256, 144, 144]}",144,144,64,32,False,[0.0],"{""fpn_1"": 1.0}",fpn_1=1.000,deterministic_kmeans,cosine,2,outputs/rwtd_sam3_auto/coarse_vs_fine_sam_scales/stage2/train_fpn_1_only_test/checkpoint.pt,permutation_invariant_binary_partition,architexture_binary_v1,0.8928316077997817,0.7877719687499166
fpn_1_only,test,79,288,"cluster_1->texture_a,cluster_0->texture_b",0.1051942587749124,0.3476890659064805,0.6324564583729385,0.3476890659064805,"[""fpn_1""]",fpn_1,"[""fpn_2"", ""fpn_1"", ""fpn_0""]","{""fpn_0"": [256, 288, 288], ""fpn_1"": [256, 144, 144], ""fpn_2"": [256, 72, 72]}","{""fpn_1"": [256, 144, 144]}",144,144,64,32,False,[0.0],"{""fpn_1"": 1.0}",fpn_1=1.000,deterministic_kmeans,cosine,2,outputs/rwtd_sam3_auto/coarse_vs_fine_sam_scales/stage2/train_fpn_1_only_test/checkpoint.pt,permutation_invariant_binary_partition,architexture_binary_v1,0.6324564583729385,0.3476890659064805
fpn_1_only,test,80,293,"cluster_0->texture_a,cluster_1->texture_b",0.5174390240333917,0.20321750700893756,0.13475323539266879,0.20321750700893756,"[""fpn_1""]",fpn_1,"[""fpn_2"", ""fpn_1"", ""fpn_0""]","{""fpn_0"": [256, 288, 288], ""fpn_1"": [256, 144, 144], ""fpn_2"": [256, 72, 72]}","{""fpn_1"": [256, 144, 144]}",144,144,64,32,False,[0.0],"{""fpn_1"": 1.0}",fpn_1=1.000,deterministic_kmeans,cosine,2,outputs/rwtd_sam3_auto/coarse_vs_fine_sam_scales/stage2/train_fpn_1_only_test/checkpoint.pt,permutation_invariant_binary_partition,architexture_binary_v1,0.5174390240333917,0.20321750700893756
fpn_1_only,test,81,294,"cluster_0->texture_a,cluster_1->texture_b",0.9476035422307068,0.8968785352430979,0.01339976441557279,0.8968785352430979,"[""fpn_1""]",fpn_1,"[""fpn_2"", ""fpn_1"", ""fpn_0""]","{""fpn_0"": [256, 288, 288], ""fpn_1"": [256, 144, 144], ""fpn_2"": [256, 72, 72]}","{""fpn_1"": [256, 144, 144]}",144,144,64,32,False,[0.0],"{""fpn_1"": 1.0}",fpn_1=1.000,deterministic_kmeans,cosine,2,outputs/rwtd_sam3_auto/coarse_vs_fine_sam_scales/stage2/train_fpn_1_only_test/checkpoint.pt,permutation_invariant_binary_partition,architexture_binary_v1,0.9476035422307068,0.8968785352430979
fpn_1_only,test,82,299,"cluster_1->texture_a,cluster_0->texture_b",0.11243177010489736,0.3543407352824597,0.6627844361681088,0.3543407352824597,"[""fpn_1""]",fpn_1,"[""fpn_2"", ""fpn_1"", ""fpn_0""]","{""fpn_0"": [256, 288, 288], ""fpn_1"": [256, 144, 144], ""fpn_2"": [256, 72, 72]}","{""fpn_1"": [256, 144, 144]}",144,144,64,32,False,[0.0],"{""fpn_1"": 1.0}",fpn_1=1.000,deterministic_kmeans,cosine,2,outputs/rwtd_sam3_auto/coarse_vs_fine_sam_scales/stage2/train_fpn_1_only_test/checkpoint.pt,permutation_invariant_binary_partition,architexture_binary_v1,0.6627844361681088,0.3543407352824597
fpn_1_only,test,83,3,"cluster_0->texture_a,cluster_1->texture_b",0.48879157166101395,0.11360429771770073,0.17685374234525958,0.11360429771770073,"[""fpn_1""]",fpn_1,"[""fpn_2"", ""fpn_1"", ""fpn_0""]","{""fpn_0"": [256, 288, 288], ""fpn_1"": [256, 144, 144], ""fpn_2"": [256, 72, 72]}","{""fpn_1"": [256, 144, 144]}",144,144,64,32,False,[0.0],"{""fpn_1"": 1.0}",fpn_1=1.000,deterministic_kmeans,cosine,2,outputs/rwtd_sam3_auto/coarse_vs_fine_sam_scales/stage2/train_fpn_1_only_test/checkpoint.pt,permutation_invariant_binary_partition,architexture_binary_v1,0.48879157166101395,0.11360429771770073
fpn_1_only,test,84,30,"cluster_0->texture_a,cluster_1->texture_b",0.8918874731016031,0.7860361716823925,0.029169857849602746,0.7860361716823925,"[""fpn_1""]",fpn_1,"[""fpn_2"", ""fpn_1"", ""fpn_0""]","{""fpn_0"": [256, 288, 288], ""fpn_1"": [256, 144, 144], ""fpn_2"": [256, 72, 72]}","{""fpn_1"": [256, 144, 144]}",144,144,64,32,False,[0.0],"{""fpn_1"": 1.0}",fpn_1=1.000,deterministic_kmeans,cosine,2,outputs/rwtd_sam3_auto/coarse_vs_fine_sam_scales/stage2/train_fpn_1_only_test/checkpoint.pt,permutation_invariant_binary_partition,architexture_binary_v1,0.8918874731016031,0.7860361716823925
fpn_1_only,test,85,300,"cluster_1->texture_a,cluster_0->texture_b",0.021645218422603446,0.8375460845864449,0.9176551734312028,0.8375460845864449,"[""fpn_1""]",fpn_1,"[""fpn_2"", ""fpn_1"", ""fpn_0""]","{""fpn_0"": [256, 288, 288], ""fpn_1"": [256, 144, 144], ""fpn_2"": [256, 72, 72]}","{""fpn_1"": [256, 144, 144]}",144,144,64,32,False,[0.0],"{""fpn_1"": 1.0}",fpn_1=1.000,deterministic_kmeans,cosine,2,outputs/rwtd_sam3_auto/coarse_vs_fine_sam_scales/stage2/train_fpn_1_only_test/checkpoint.pt,permutation_invariant_binary_partition,architexture_binary_v1,0.9176551734312028,0.8375460845864449
fpn_1_only,test,86,302,"cluster_0->texture_a,cluster_1->texture_b",0.9505962667735257,0.9025607904799938,0.012602972365224403,0.9025607904799938,"[""fpn_1""]",fpn_1,"[""fpn_2"", ""fpn_1"", ""fpn_0""]","{""fpn_0"": [256, 288, 288], ""fpn_1"": [256, 144, 144], ""fpn_2"": [256, 72, 72]}","{""fpn_1"": [256, 144, 144]}",144,144,64,32,False,[0.0],"{""fpn_1"": 1.0}",fpn_1=1.000,deterministic_kmeans,cosine,2,outputs/rwtd_sam3_auto/coarse_vs_fine_sam_scales/stage2/train_fpn_1_only_test/checkpoint.pt,permutation_invariant_binary_partition,architexture_binary_v1,0.9505962667735257,0.9025607904799938
fpn_1_only,test,87,303,"cluster_1->texture_a,cluster_0->texture_b",0.007325041285204061,0.9420153217341775,0.9684361807703417,0.9420153217341775,"[""fpn_1""]",fpn_1,"[""fpn_2"", ""fpn_1"", ""fpn_0""]","{""fpn_0"": [256, 288, 288], ""fpn_1"": [256, 144, 144], ""fpn_2"": [256, 72, 72]}","{""fpn_1"": [256, 144, 144]}",144,144,64,32,False,[0.0],"{""fpn_1"": 1.0}",fpn_1=1.000,deterministic_kmeans,cosine,2,outputs/rwtd_sam3_auto/coarse_vs_fine_sam_scales/stage2/train_fpn_1_only_test/checkpoint.pt,permutation_invariant_binary_partition,architexture_binary_v1,0.9684361807703417,0.9420153217341775
fpn_1_only,test,88,304,"cluster_1->texture_a,cluster_0->texture_b",0.08756637909398647,0.4392161323413413,0.6901123213782425,0.4392161323413413,"[""fpn_1""]",fpn_1,"[""fpn_2"", ""fpn_1"", ""fpn_0""]","{""fpn_0"": [256, 288, 288], ""fpn_1"": [256, 144, 144], ""fpn_2"": [256, 72, 72]}","{""fpn_1"": [256, 144, 144]}",144,144,64,32,False,[0.0],"{""fpn_1"": 1.0}",fpn_1=1.000,deterministic_kmeans,cosine,2,outputs/rwtd_sam3_auto/coarse_vs_fine_sam_scales/stage2/train_fpn_1_only_test/checkpoint.pt,permutation_invariant_binary_partition,architexture_binary_v1,0.6901123213782425,0.4392161323413413
fpn_1_only,test,89,308,"cluster_0->texture_a,cluster_1->texture_b",0.7265899710039703,0.5466267129122372,0.061572473813896286,0.5466267129122372,"[""fpn_1""]",fpn_1,"[""fpn_2"", ""fpn_1"", ""fpn_0""]","{""fpn_0"": [256, 288, 288], ""fpn_1"": [256, 144, 144], ""fpn_2"": [256, 72, 72]}","{""fpn_1"": [256, 144, 144]}",144,144,64,32,False,[0.0],"{""fpn_1"": 1.0}",fpn_1=1.000,deterministic_kmeans,cosine,2,outputs/rwtd_sam3_auto/coarse_vs_fine_sam_scales/stage2/train_fpn_1_only_test/checkpoint.pt,permutation_invariant_binary_partition,architexture_binary_v1,0.7265899710039703,0.5466267129122372
fpn_1_only,test,90,310,"cluster_0->texture_a,cluster_1->texture_b",0.9534628680096818,0.9424338265124572,0.004029227335396529,0.9424338265124572,"[""fpn_1""]",fpn_1,"[""fpn_2"", ""fpn_1"", ""fpn_0""]","{""fpn_0"": [256, 288, 288], ""fpn_1"": [256, 144, 144], ""fpn_2"": [256, 72, 72]}","{""fpn_1"": [256, 144, 144]}",144,144,64,32,False,[0.0],"{""fpn_1"": 1.0}",fpn_1=1.000,deterministic_kmeans,cosine,2,outputs/rwtd_sam3_auto/coarse_vs_fine_sam_scales/stage2/train_fpn_1_only_test/checkpoint.pt,permutation_invariant_binary_partition,architexture_binary_v1,0.9534628680096818,0.9424338265124572
fpn_1_only,test,91,311,"cluster_0->texture_a,cluster_1->texture_b",0.8945071156119868,0.8617470508513295,0.010664152736944012,0.8617470508513295,"[""fpn_1""]",fpn_1,"[""fpn_2"", ""fpn_1"", ""fpn_0""]","{""fpn_0"": [256, 288, 288], ""fpn_1"": [256, 144, 144], ""fpn_2"": [256, 72, 72]}","{""fpn_1"": [256, 144, 144]}",144,144,64,32,False,[0.0],"{""fpn_1"": 1.0}",fpn_1=1.000,deterministic_kmeans,cosine,2,outputs/rwtd_sam3_auto/coarse_vs_fine_sam_scales/stage2/train_fpn_1_only_test/checkpoint.pt,permutation_invariant_binary_partition,architexture_binary_v1,0.8945071156119868,0.8617470508513295
fpn_1_only,test,92,315,"cluster_0->texture_a,cluster_1->texture_b",0.9069902510706807,0.881505973767306,0.008297038349321021,0.881505973767306,"[""fpn_1""]",fpn_1,"[""fpn_2"", ""fpn_1"", ""fpn_0""]","{""fpn_0"": [256, 288, 288], ""fpn_1"": [256, 144, 144], ""fpn_2"": [256, 72, 72]}","{""fpn_1"": [256, 144, 144]}",144,144,64,32,False,[0.0],"{""fpn_1"": 1.0}",fpn_1=1.000,deterministic_kmeans,cosine,2,outputs/rwtd_sam3_auto/coarse_vs_fine_sam_scales/stage2/train_fpn_1_only_test/checkpoint.pt,permutation_invariant_binary_partition,architexture_binary_v1,0.9069902510706807,0.881505973767306
fpn_1_only,test,93,318,"cluster_0->texture_a,cluster_1->texture_b",0.9270747588075909,0.8858163925013552,0.013475193155472884,0.8858163925013552,"[""fpn_1""]",fpn_1,"[""fpn_2"", ""fpn_1"", ""fpn_0""]","{""fpn_0"": [256, 288, 288], ""fpn_1"": [256, 144, 144], ""fpn_2"": [256, 72, 72]}","{""fpn_1"": [256, 144, 144]}",144,144,64,32,False,[0.0],"{""fpn_1"": 1.0}",fpn_1=1.000,deterministic_kmeans,cosine,2,outputs/rwtd_sam3_auto/coarse_vs_fine_sam_scales/stage2/train_fpn_1_only_test/checkpoint.pt,permutation_invariant_binary_partition,architexture_binary_v1,0.9270747588075909,0.8858163925013552
fpn_1_only,test,94,319,"cluster_1->texture_a,cluster_0->texture_b",0.1589979391127191,0.13192588866630325,0.5080751493523334,0.13192588866630325,"[""fpn_1""]",fpn_1,"[""fpn_2"", ""fpn_1"", ""fpn_0""]","{""fpn_0"": [256, 288, 288], ""fpn_1"": [256, 144, 144], ""fpn_2"": [256, 72, 72]}","{""fpn_1"": [256, 144, 144]}",144,144,64,32,False,[0.0],"{""fpn_1"": 1.0}",fpn_1=1.000,deterministic_kmeans,cosine,2,outputs/rwtd_sam3_auto/coarse_vs_fine_sam_scales/stage2/train_fpn_1_only_test/checkpoint.pt,permutation_invariant_binary_partition,architexture_binary_v1,0.5080751493523334,0.13192588866630325
fpn_1_only,test,95,322,"cluster_1->texture_a,cluster_0->texture_b",0.01995129182172259,0.8489465659492651,0.9219759516194959,0.8489465659492651,"[""fpn_1""]",fpn_1,"[""fpn_2"", ""fpn_1"", ""fpn_0""]","{""fpn_0"": [256, 288, 288], ""fpn_1"": [256, 144, 144], ""fpn_2"": [256, 72, 72]}","{""fpn_1"": [256, 144, 144]}",144,144,64,32,False,[0.0],"{""fpn_1"": 1.0}",fpn_1=1.000,deterministic_kmeans,cosine,2,outputs/rwtd_sam3_auto/coarse_vs_fine_sam_scales/stage2/train_fpn_1_only_test/checkpoint.pt,permutation_invariant_binary_partition,architexture_binary_v1,0.9219759516194959,0.8489465659492651
fpn_1_only,test,96,323,"cluster_1->texture_a,cluster_0->texture_b",0.101409610465578,0.39728028522087827,0.6879671370568574,0.39728028522087827,"[""fpn_1""]",fpn_1,"[""fpn_2"", ""fpn_1"", ""fpn_0""]","{""fpn_0"": [256, 288, 288], ""fpn_1"": [256, 144, 144], ""fpn_2"": [256, 72, 72]}","{""fpn_1"": [256, 144, 144]}",144,144,64,32,False,[0.0],"{""fpn_1"": 1.0}",fpn_1=1.000,deterministic_kmeans,cosine,2,outputs/rwtd_sam3_auto/coarse_vs_fine_sam_scales/stage2/train_fpn_1_only_test/checkpoint.pt,permutation_invariant_binary_partition,architexture_binary_v1,0.6879671370568574,0.39728028522087827
fpn_1_only,test,97,324,"cluster_1->texture_a,cluster_0->texture_b",0.04786096750154233,0.6676587833115268,0.8320652232548502,0.6676587833115268,"[""fpn_1""]",fpn_1,"[""fpn_2"", ""fpn_1"", ""fpn_0""]","{""fpn_0"": [256, 288, 288], ""fpn_1"": [256, 144, 144], ""fpn_2"": [256, 72, 72]}","{""fpn_1"": [256, 144, 144]}",144,144,64,32,False,[0.0],"{""fpn_1"": 1.0}",fpn_1=1.000,deterministic_kmeans,cosine,2,outputs/rwtd_sam3_auto/coarse_vs_fine_sam_scales/stage2/train_fpn_1_only_test/checkpoint.pt,permutation_invariant_binary_partition,architexture_binary_v1,0.8320652232548502,0.6676587833115268
fpn_1_only,test,98,325,"cluster_0->texture_a,cluster_1->texture_b",0.8736898173948171,0.7487307972171999,0.03396087072409601,0.7487307972171999,"[""fpn_1""]",fpn_1,"[""fpn_2"", ""fpn_1"", ""fpn_0""]","{""fpn_0"": [256, 288, 288], ""fpn_1"": [256, 144, 144], ""fpn_2"": [256, 72, 72]}","{""fpn_1"": [256, 144, 144]}",144,144,64,32,False,[0.0],"{""fpn_1"": 1.0}",fpn_1=1.000,deterministic_kmeans,cosine,2,outputs/rwtd_sam3_auto/coarse_vs_fine_sam_scales/stage2/train_fpn_1_only_test/checkpoint.pt,permutation_invariant_binary_partition,architexture_binary_v1,0.8736898173948171,0.7487307972171999
fpn_1_only,test,99,327,"cluster_0->texture_a,cluster_1->texture_b",0.9228419942699414,0.8477451243682663,0.020212935296690594,0.8477451243682663,"[""fpn_1""]",fpn_1,"[""fpn_2"", ""fpn_1"", ""fpn_0""]","{""fpn_0"": [256, 288, 288], ""fpn_1"": [256, 144, 144], ""fpn_2"": [256, 72, 72]}","{""fpn_1"": [256, 144, 144]}",144,144,64,32,False,[0.0],"{""fpn_1"": 1.0}",fpn_1=1.000,deterministic_kmeans,cosine,2,outputs/rwtd_sam3_auto/coarse_vs_fine_sam_scales/stage2/train_fpn_1_only_test/checkpoint.pt,permutation_invariant_binary_partition,architexture_binary_v1,0.9228419942699414,0.8477451243682663
fpn_1_only,test,100,328,"cluster_1->texture_a,cluster_0->texture_b",0.014873729929584639,0.8854567981234234,0.9384038900613636,0.8854567981234234,"[""fpn_1""]",fpn_1,"[""fpn_2"", ""fpn_1"", ""fpn_0""]","{""fpn_0"": [256, 288, 288], ""fpn_1"": [256, 144, 144], ""fpn_2"": [256, 72, 72]}","{""fpn_1"": [256, 144, 144]}",144,144,64,32,False,[0.0],"{""fpn_1"": 1.0}",fpn_1=1.000,deterministic_kmeans,cosine,2,outputs/rwtd_sam3_auto/coarse_vs_fine_sam_scales/stage2/train_fpn_1_only_test/checkpoint.pt,permutation_invariant_binary_partition,architexture_binary_v1,0.9384038900613636,0.8854567981234234
fpn_1_only,test,101,329,"cluster_0->texture_a,cluster_1->texture_b",0.88302439515765,0.7669556681943002,0.03138453352838967,0.7669556681943002,"[""fpn_1""]",fpn_1,"[""fpn_2"", ""fpn_1"", ""fpn_0""]","{""fpn_0"": [256, 288, 288], ""fpn_1"": [256, 144, 144], ""fpn_2"": [256, 72, 72]}","{""fpn_1"": [256, 144, 144]}",144,144,64,32,False,[0.0],"{""fpn_1"": 1.0}",fpn_1=1.000,deterministic_kmeans,cosine,2,outputs/rwtd_sam3_auto/coarse_vs_fine_sam_scales/stage2/train_fpn_1_only_test/checkpoint.pt,permutation_invariant_binary_partition,architexture_binary_v1,0.88302439515765,0.7669556681943002
fpn_1_only,test,102,33,"cluster_0->texture_a,cluster_1->texture_b",0.6677484652262571,0.458827456719211,0.07295380198048157,0.458827456719211,"[""fpn_1""]",fpn_1,"[""fpn_2"", ""fpn_1"", ""fpn_0""]","{""fpn_0"": [256, 288, 288], ""fpn_1"": [256, 144, 144], ""fpn_2"": [256, 72, 72]}","{""fpn_1"": [256, 144, 144]}",144,144,64,32,False,[0.0],"{""fpn_1"": 1.0}",fpn_1=1.000,deterministic_kmeans,cosine,2,outputs/rwtd_sam3_auto/coarse_vs_fine_sam_scales/stage2/train_fpn_1_only_test/checkpoint.pt,permutation_invariant_binary_partition,architexture_binary_v1,0.6677484652262571,0.458827456719211
fpn_1_only,test,103,330,"cluster_0->texture_a,cluster_1->texture_b",0.8716523357046588,0.7583151083723799,0.03320948658221995,0.7583151083723799,"[""fpn_1""]",fpn_1,"[""fpn_2"", ""fpn_1"", ""fpn_0""]","{""fpn_0"": [256, 288, 288], ""fpn_1"": [256, 144, 144], ""fpn_2"": [256, 72, 72]}","{""fpn_1"": [256, 144, 144]}",144,144,64,32,False,[0.0],"{""fpn_1"": 1.0}",fpn_1=1.000,deterministic_kmeans,cosine,2,outputs/rwtd_sam3_auto/coarse_vs_fine_sam_scales/stage2/train_fpn_1_only_test/checkpoint.pt,permutation_invariant_binary_partition,architexture_binary_v1,0.8716523357046588,0.7583151083723799
fpn_1_only,test,104,331,"cluster_1->texture_a,cluster_0->texture_b",0.038080324664234624,0.7169316312367495,0.8352705105932471,0.7169316312367495,"[""fpn_1""]",fpn_1,"[""fpn_2"", ""fpn_1"", ""fpn_0""]","{""fpn_0"": [256, 288, 288], ""fpn_1"": [256, 144, 144], ""fpn_2"": [256, 72, 72]}","{""fpn_1"": [256, 144, 144]}",144,144,64,32,False,[0.0],"{""fpn_1"": 1.0}",fpn_1=1.000,deterministic_kmeans,cosine,2,outputs/rwtd_sam3_auto/coarse_vs_fine_sam_scales/stage2/train_fpn_1_only_test/checkpoint.pt,permutation_invariant_binary_partition,architexture_binary_v1,0.8352705105932471,0.7169316312367495
fpn_1_only,test,105,332,"cluster_1->texture_a,cluster_0->texture_b",0.020346599069205003,0.8440764629737022,0.915687211452964,0.8440764629737022,"[""fpn_1""]",fpn_1,"[""fpn_2"", ""fpn_1"", ""fpn_0""]","{""fpn_0"": [256, 288, 288], ""fpn_1"": [256, 144, 144], ""fpn_2"": [256, 72, 72]}","{""fpn_1"": [256, 144, 144]}",144,144,64,32,False,[0.0],"{""fpn_1"": 1.0}",fpn_1=1.000,deterministic_kmeans,cosine,2,outputs/rwtd_sam3_auto/coarse_vs_fine_sam_scales/stage2/train_fpn_1_only_test/checkpoint.pt,permutation_invariant_binary_partition,architexture_binary_v1,0.915687211452964,0.8440764629737022
fpn_1_only,test,106,334,"cluster_1->texture_a,cluster_0->texture_b",0.019187992340566985,0.8528986550392835,0.9217146772783522,0.8528986550392835,"[""fpn_1""]",fpn_1,"[""fpn_2"", ""fpn_1"", ""fpn_0""]","{""fpn_0"": [256, 288, 288], ""fpn_1"": [256, 144, 144], ""fpn_2"": [256, 72, 72]}","{""fpn_1"": [256, 144, 144]}",144,144,64,32,False,[0.0],"{""fpn_1"": 1.0}",fpn_1=1.000,deterministic_kmeans,cosine,2,outputs/rwtd_sam3_auto/coarse_vs_fine_sam_scales/stage2/train_fpn_1_only_test/checkpoint.pt,permutation_invariant_binary_partition,architexture_binary_v1,0.9217146772783522,0.8528986550392835
fpn_1_only,test,107,337,"cluster_1->texture_a,cluster_0->texture_b",0.008060044584923601,0.9269244318997389,0.9507562926682627,0.9269244318997389,"[""fpn_1""]",fpn_1,"[""fpn_2"", ""fpn_1"", ""fpn_0""]","{""fpn_0"": [256, 288, 288], ""fpn_1"": [256, 144, 144], ""fpn_2"": [256, 72, 72]}","{""fpn_1"": [256, 144, 144]}",144,144,64,32,False,[0.0],"{""fpn_1"": 1.0}",fpn_1=1.000,deterministic_kmeans,cosine,2,outputs/rwtd_sam3_auto/coarse_vs_fine_sam_scales/stage2/train_fpn_1_only_test/checkpoint.pt,permutation_invariant_binary_partition,architexture_binary_v1,0.9507562926682627,0.9269244318997389
fpn_1_only,test,108,34,"cluster_0->texture_a,cluster_1->texture_b",0.68944335642057,0.4378421351371789,0.08804179126006562,0.4378421351371789,"[""fpn_1""]",fpn_1,"[""fpn_2"", ""fpn_1"", ""fpn_0""]","{""fpn_0"": [256, 288, 288], ""fpn_1"": [256, 144, 144], ""fpn_2"": [256, 72, 72]}","{""fpn_1"": [256, 144, 144]}",144,144,64,32,False,[0.0],"{""fpn_1"": 1.0}",fpn_1=1.000,deterministic_kmeans,cosine,2,outputs/rwtd_sam3_auto/coarse_vs_fine_sam_scales/stage2/train_fpn_1_only_test/checkpoint.pt,permutation_invariant_binary_partition,architexture_binary_v1,0.68944335642057,0.4378421351371789
fpn_1_only,test,109,342,"cluster_1->texture_a,cluster_0->texture_b",0.03200844872953272,0.7670839830096035,0.8818423272156453,0.7670839830096035,"[""fpn_1""]",fpn_1,"[""fpn_2"", ""fpn_1"", ""fpn_0""]","{""fpn_0"": [256, 288, 288], ""fpn_1"": [256, 144, 144], ""fpn_2"": [256, 72, 72]}","{""fpn_1"": [256, 144, 144]}",144,144,64,32,False,[0.0],"{""fpn_1"": 1.0}",fpn_1=1.000,deterministic_kmeans,cosine,2,outputs/rwtd_sam3_auto/coarse_vs_fine_sam_scales/stage2/train_fpn_1_only_test/checkpoint.pt,permutation_invariant_binary_partition,architexture_binary_v1,0.8818423272156453,0.7670839830096035
fpn_1_only,test,110,343,"cluster_0->texture_a,cluster_1->texture_b",0.9076373803559692,0.8515434883963973,0.018113981827847014,0.8515434883963973,"[""fpn_1""]",fpn_1,"[""fpn_2"", ""fpn_1"", ""fpn_0""]","{""fpn_0"": [256, 288, 288], ""fpn_1"": [256, 144, 144], ""fpn_2"": [256, 72, 72]}","{""fpn_1"": [256, 144, 144]}",144,144,64,32,False,[0.0],"{""fpn_1"": 1.0}",fpn_1=1.000,deterministic_kmeans,cosine,2,outputs/rwtd_sam3_auto/coarse_vs_fine_sam_scales/stage2/train_fpn_1_only_test/checkpoint.pt,permutation_invariant_binary_partition,architexture_binary_v1,0.9076373803559692,0.8515434883963973
fpn_1_only,test,111,344,"cluster_0->texture_a,cluster_1->texture_b",0.9195890302710904,0.863882612831078,0.017164901366618638,0.863882612831078,"[""fpn_1""]",fpn_1,"[""fpn_2"", ""fpn_1"", ""fpn_0""]","{""fpn_0"": [256, 288, 288], ""fpn_1"": [256, 144, 144], ""fpn_2"": [256, 72, 72]}","{""fpn_1"": [256, 144, 144]}",144,144,64,32,False,[0.0],"{""fpn_1"": 1.0}",fpn_1=1.000,deterministic_kmeans,cosine,2,outputs/rwtd_sam3_auto/coarse_vs_fine_sam_scales/stage2/train_fpn_1_only_test/checkpoint.pt,permutation_invariant_binary_partition,architexture_binary_v1,0.9195890302710904,0.863882612831078
fpn_1_only,test,112,345,"cluster_1->texture_a,cluster_0->texture_b",0.02371306992577625,0.820140396000116,0.8993873128265999,0.820140396000116,"[""fpn_1""]",fpn_1,"[""fpn_2"", ""fpn_1"", ""fpn_0""]","{""fpn_0"": [256, 288, 288], ""fpn_1"": [256, 144, 144], ""fpn_2"": [256, 72, 72]}","{""fpn_1"": [256, 144, 144]}",144,144,64,32,False,[0.0],"{""fpn_1"": 1.0}",fpn_1=1.000,deterministic_kmeans,cosine,2,outputs/rwtd_sam3_auto/coarse_vs_fine_sam_scales/stage2/train_fpn_1_only_test/checkpoint.pt,permutation_invariant_binary_partition,architexture_binary_v1,0.8993873128265999,0.820140396000116
fpn_1_only,test,113,346,"cluster_0->texture_a,cluster_1->texture_b",0.800956932626776,0.6425574617625952,0.05096376690544492,0.6425574617625952,"[""fpn_1""]",fpn_1,"[""fpn_2"", ""fpn_1"", ""fpn_0""]","{""fpn_0"": [256, 288, 288], ""fpn_1"": [256, 144, 144], ""fpn_2"": [256, 72, 72]}","{""fpn_1"": [256, 144, 144]}",144,144,64,32,False,[0.0],"{""fpn_1"": 1.0}",fpn_1=1.000,deterministic_kmeans,cosine,2,outputs/rwtd_sam3_auto/coarse_vs_fine_sam_scales/stage2/train_fpn_1_only_test/checkpoint.pt,permutation_invariant_binary_partition,architexture_binary_v1,0.800956932626776,0.6425574617625952
fpn_1_only,test,114,347,"cluster_1->texture_a,cluster_0->texture_b",0.021769811989864923,0.8357726116395601,0.9161373893441508,0.8357726116395601,"[""fpn_1""]",fpn_1,"[""fpn_2"", ""fpn_1"", ""fpn_0""]","{""fpn_0"": [256, 288, 288], ""fpn_1"": [256, 144, 144], ""fpn_2"": [256, 72, 72]}","{""fpn_1"": [256, 144, 144]}",144,144,64,32,False,[0.0],"{""fpn_1"": 1.0}",fpn_1=1.000,deterministic_kmeans,cosine,2,outputs/rwtd_sam3_auto/coarse_vs_fine_sam_scales/stage2/train_fpn_1_only_test/checkpoint.pt,permutation_invariant_binary_partition,architexture_binary_v1,0.9161373893441508,0.8357726116395601
fpn_1_only,test,115,349,"cluster_1->texture_a,cluster_0->texture_b",0.0208961712443608,0.8350266305450078,0.9034392115574522,0.8350266305450078,"[""fpn_1""]",fpn_1,"[""fpn_2"", ""fpn_1"", ""fpn_0""]","{""fpn_0"": [256, 288, 288], ""fpn_1"": [256, 144, 144], ""fpn_2"": [256, 72, 72]}","{""fpn_1"": [256, 144, 144]}",144,144,64,32,False,[0.0],"{""fpn_1"": 1.0}",fpn_1=1.000,deterministic_kmeans,cosine,2,outputs/rwtd_sam3_auto/coarse_vs_fine_sam_scales/stage2/train_fpn_1_only_test/checkpoint.pt,permutation_invariant_binary_partition,architexture_binary_v1,0.9034392115574522,0.8350266305450078
fpn_1_only,test,116,350,"cluster_0->texture_a,cluster_1->texture_b",0.8424676981248281,0.7241288184237126,0.0370214852825261,0.7241288184237126,"[""fpn_1""]",fpn_1,"[""fpn_2"", ""fpn_1"", ""fpn_0""]","{""fpn_0"": [256, 288, 288], ""fpn_1"": [256, 144, 144], ""fpn_2"": [256, 72, 72]}","{""fpn_1"": [256, 144, 144]}",144,144,64,32,False,[0.0],"{""fpn_1"": 1.0}",fpn_1=1.000,deterministic_kmeans,cosine,2,outputs/rwtd_sam3_auto/coarse_vs_fine_sam_scales/stage2/train_fpn_1_only_test/checkpoint.pt,permutation_invariant_binary_partition,architexture_binary_v1,0.8424676981248281,0.7241288184237126
fpn_1_only,test,117,351,"cluster_0->texture_a,cluster_1->texture_b",0.9445447428164485,0.8893494558771257,0.014250314598397887,0.8893494558771257,"[""fpn_1""]",fpn_1,"[""fpn_2"", ""fpn_1"", ""fpn_0""]","{""fpn_0"": [256, 288, 288], ""fpn_1"": [256, 144, 144], ""fpn_2"": [256, 72, 72]}","{""fpn_1"": [256, 144, 144]}",144,144,64,32,False,[0.0],"{""fpn_1"": 1.0}",fpn_1=1.000,deterministic_kmeans,cosine,2,outputs/rwtd_sam3_auto/coarse_vs_fine_sam_scales/stage2/train_fpn_1_only_test/checkpoint.pt,permutation_invariant_binary_partition,architexture_binary_v1,0.9445447428164485,0.8893494558771257
fpn_1_only,test,118,352,"cluster_1->texture_a,cluster_0->texture_b",0.02885828700347329,0.7716221609346948,0.8637365421103183,0.7716221609346948,"[""fpn_1""]",fpn_1,"[""fpn_2"", ""fpn_1"", ""fpn_0""]","{""fpn_0"": [256, 288, 288], ""fpn_1"": [256, 144, 144], ""fpn_2"": [256, 72, 72]}","{""fpn_1"": [256, 144, 144]}",144,144,64,32,False,[0.0],"{""fpn_1"": 1.0}",fpn_1=1.000,deterministic_kmeans,cosine,2,outputs/rwtd_sam3_auto/coarse_vs_fine_sam_scales/stage2/train_fpn_1_only_test/checkpoint.pt,permutation_invariant_binary_partition,architexture_binary_v1,0.8637365421103183,0.7716221609346948
fpn_1_only,test,119,357,"cluster_1->texture_a,cluster_0->texture_b",0.07362435781725865,0.5052097038558414,0.7460240675770984,0.5052097038558414,"[""fpn_1""]",fpn_1,"[""fpn_2"", ""fpn_1"", ""fpn_0""]","{""fpn_0"": [256, 288, 288], ""fpn_1"": [256, 144, 144], ""fpn_2"": [256, 72, 72]}","{""fpn_1"": [256, 144, 144]}",144,144,64,32,False,[0.0],"{""fpn_1"": 1.0}",fpn_1=1.000,deterministic_kmeans,cosine,2,outputs/rwtd_sam3_auto/coarse_vs_fine_sam_scales/stage2/train_fpn_1_only_test/checkpoint.pt,permutation_invariant_binary_partition,architexture_binary_v1,0.7460240675770984,0.5052097038558414
fpn_1_only,test,120,358,"cluster_0->texture_a,cluster_1->texture_b",0.4399485778406653,0.10358479456145135,0.16827316348460003,0.10358479456145135,"[""fpn_1""]",fpn_1,"[""fpn_2"", ""fpn_1"", ""fpn_0""]","{""fpn_0"": [256, 288, 288], ""fpn_1"": [256, 144, 144], ""fpn_2"": [256, 72, 72]}","{""fpn_1"": [256, 144, 144]}",144,144,64,32,False,[0.0],"{""fpn_1"": 1.0}",fpn_1=1.000,deterministic_kmeans,cosine,2,outputs/rwtd_sam3_auto/coarse_vs_fine_sam_scales/stage2/train_fpn_1_only_test/checkpoint.pt,permutation_invariant_binary_partition,architexture_binary_v1,0.4399485778406653,0.10358479456145135
fpn_1_only,test,121,359,"cluster_1->texture_a,cluster_0->texture_b",0.024374957450984863,0.8168352362383284,0.9070156307767332,0.8168352362383284,"[""fpn_1""]",fpn_1,"[""fpn_2"", ""fpn_1"", ""fpn_0""]","{""fpn_0"": [256, 288, 288], ""fpn_1"": [256, 144, 144], ""fpn_2"": [256, 72, 72]}","{""fpn_1"": [256, 144, 144]}",144,144,64,32,False,[0.0],"{""fpn_1"": 1.0}",fpn_1=1.000,deterministic_kmeans,cosine,2,outputs/rwtd_sam3_auto/coarse_vs_fine_sam_scales/stage2/train_fpn_1_only_test/checkpoint.pt,permutation_invariant_binary_partition,architexture_binary_v1,0.9070156307767332,0.8168352362383284
fpn_1_only,test,122,36,"cluster_1->texture_a,cluster_0->texture_b",0.008509155128978515,0.924522353767551,0.9500108038333033,0.924522353767551,"[""fpn_1""]",fpn_1,"[""fpn_2"", ""fpn_1"", ""fpn_0""]","{""fpn_0"": [256, 288, 288], ""fpn_1"": [256, 144, 144], ""fpn_2"": [256, 72, 72]}","{""fpn_1"": [256, 144, 144]}",144,144,64,32,False,[0.0],"{""fpn_1"": 1.0}",fpn_1=1.000,deterministic_kmeans,cosine,2,outputs/rwtd_sam3_auto/coarse_vs_fine_sam_scales/stage2/train_fpn_1_only_test/checkpoint.pt,permutation_invariant_binary_partition,architexture_binary_v1,0.9500108038333033,0.924522353767551
fpn_1_only,test,123,362,"cluster_0->texture_a,cluster_1->texture_b",0.9216948508915717,0.8436730492891839,0.020791879183984882,0.8436730492891839,"[""fpn_1""]",fpn_1,"[""fpn_2"", ""fpn_1"", ""fpn_0""]","{""fpn_0"": [256, 288, 288], ""fpn_1"": [256, 144, 144], ""fpn_2"": [256, 72, 72]}","{""fpn_1"": [256, 144, 144]}",144,144,64,32,False,[0.0],"{""fpn_1"": 1.0}",fpn_1=1.000,deterministic_kmeans,cosine,2,outputs/rwtd_sam3_auto/coarse_vs_fine_sam_scales/stage2/train_fpn_1_only_test/checkpoint.pt,permutation_invariant_binary_partition,architexture_binary_v1,0.9216948508915717,0.8436730492891839
fpn_1_only,test,124,364,"cluster_0->texture_a,cluster_1->texture_b",0.9192570972498758,0.8612565006390577,0.017573581731549614,0.8612565006390577,"[""fpn_1""]",fpn_1,"[""fpn_2"", ""fpn_1"", ""fpn_0""]","{""fpn_0"": [256, 288, 288], ""fpn_1"": [256, 144, 144], ""fpn_2"": [256, 72, 72]}","{""fpn_1"": [256, 144, 144]}",144,144,64,32,False,[0.0],"{""fpn_1"": 1.0}",fpn_1=1.000,deterministic_kmeans,cosine,2,outputs/rwtd_sam3_auto/coarse_vs_fine_sam_scales/stage2/train_fpn_1_only_test/checkpoint.pt,permutation_invariant_binary_partition,architexture_binary_v1,0.9192570972498758,0.8612565006390577
fpn_1_only,test,125,365,"cluster_1->texture_a,cluster_0->texture_b",0.03217851047900522,0.7599776884206606,0.8776242040543523,0.7599776884206606,"[""fpn_1""]",fpn_1,"[""fpn_2"", ""fpn_1"", ""fpn_0""]","{""fpn_0"": [256, 288, 288], ""fpn_1"": [256, 144, 144], ""fpn_2"": [256, 72, 72]}","{""fpn_1"": [256, 144, 144]}",144,144,64,32,False,[0.0],"{""fpn_1"": 1.0}",fpn_1=1.000,deterministic_kmeans,cosine,2,outputs/rwtd_sam3_auto/coarse_vs_fine_sam_scales/stage2/train_fpn_1_only_test/checkpoint.pt,permutation_invariant_binary_partition,architexture_binary_v1,0.8776242040543523,0.7599776884206606
fpn_1_only,test,126,366,"cluster_1->texture_a,cluster_0->texture_b",0.05979307320410222,0.5851891502876053,0.7886329408482924,0.5851891502876053,"[""fpn_1""]",fpn_1,"[""fpn_2"", ""fpn_1"", ""fpn_0""]","{""fpn_0"": [256, 288, 288], ""fpn_1"": [256, 144, 144], ""fpn_2"": [256, 72, 72]}","{""fpn_1"": [256, 144, 144]}",144,144,64,32,False,[0.0],"{""fpn_1"": 1.0}",fpn_1=1.000,deterministic_kmeans,cosine,2,outputs/rwtd_sam3_auto/coarse_vs_fine_sam_scales/stage2/train_fpn_1_only_test/checkpoint.pt,permutation_invariant_binary_partition,architexture_binary_v1,0.7886329408482924,0.5851891502876053
fpn_1_only,test,127,371,"cluster_1->texture_a,cluster_0->texture_b",0.02228022911819052,0.8304784712979236,0.9133593284058954,0.8304784712979236,"[""fpn_1""]",fpn_1,"[""fpn_2"", ""fpn_1"", ""fpn_0""]","{""fpn_0"": [256, 288, 288], ""fpn_1"": [256, 144, 144], ""fpn_2"": [256, 72, 72]}","{""fpn_1"": [256, 144, 144]}",144,144,64,32,False,[0.0],"{""fpn_1"": 1.0}",fpn_1=1.000,deterministic_kmeans,cosine,2,outputs/rwtd_sam3_auto/coarse_vs_fine_sam_scales/stage2/train_fpn_1_only_test/checkpoint.pt,permutation_invariant_binary_partition,architexture_binary_v1,0.9133593284058954,0.8304784712979236
fpn_1_only,test,128,373,"cluster_1->texture_a,cluster_0->texture_b",0.012493061879158487,0.8940174940052524,0.9323952058877052,0.8940174940052524,"[""fpn_1""]",fpn_1,"[""fpn_2"", ""fpn_1"", ""fpn_0""]","{""fpn_0"": [256, 288, 288], ""fpn_1"": [256, 144, 144], ""fpn_2"": [256, 72, 72]}","{""fpn_1"": [256, 144, 144]}",144,144,64,32,False,[0.0],"{""fpn_1"": 1.0}",fpn_1=1.000,deterministic_kmeans,cosine,2,outputs/rwtd_sam3_auto/coarse_vs_fine_sam_scales/stage2/train_fpn_1_only_test/checkpoint.pt,permutation_invariant_binary_partition,architexture_binary_v1,0.9323952058877052,0.8940174940052524
fpn_1_only,test,129,374,"cluster_1->texture_a,cluster_0->texture_b",0.036201206535946245,0.7280486571773397,0.8485915139803917,0.7280486571773397,"[""fpn_1""]",fpn_1,"[""fpn_2"", ""fpn_1"", ""fpn_0""]","{""fpn_0"": [256, 288, 288], ""fpn_1"": [256, 144, 144], ""fpn_2"": [256, 72, 72]}","{""fpn_1"": [256, 144, 144]}",144,144,64,32,False,[0.0],"{""fpn_1"": 1.0}",fpn_1=1.000,deterministic_kmeans,cosine,2,outputs/rwtd_sam3_auto/coarse_vs_fine_sam_scales/stage2/train_fpn_1_only_test/checkpoint.pt,permutation_invariant_binary_partition,architexture_binary_v1,0.8485915139803917,0.7280486571773397
fpn_1_only,test,130,376,"cluster_1->texture_a,cluster_0->texture_b",0.029069166565896098,0.7810280167773432,0.8821598075171744,0.7810280167773432,"[""fpn_1""]",fpn_1,"[""fpn_2"", ""fpn_1"", ""fpn_0""]","{""fpn_0"": [256, 288, 288], ""fpn_1"": [256, 144, 144], ""fpn_2"": [256, 72, 72]}","{""fpn_1"": [256, 144, 144]}",144,144,64,32,False,[0.0],"{""fpn_1"": 1.0}",fpn_1=1.000,deterministic_kmeans,cosine,2,outputs/rwtd_sam3_auto/coarse_vs_fine_sam_scales/stage2/train_fpn_1_only_test/checkpoint.pt,permutation_invariant_binary_partition,architexture_binary_v1,0.8821598075171744,0.7810280167773432
fpn_1_only,test,131,377,"cluster_0->texture_a,cluster_1->texture_b",0.5617519625092505,0.22095605009395933,0.1404749182354481,0.22095605009395933,"[""fpn_1""]",fpn_1,"[""fpn_2"", ""fpn_1"", ""fpn_0""]","{""fpn_0"": [256, 288, 288], ""fpn_1"": [256, 144, 144], ""fpn_2"": [256, 72, 72]}","{""fpn_1"": [256, 144, 144]}",144,144,64,32,False,[0.0],"{""fpn_1"": 1.0}",fpn_1=1.000,deterministic_kmeans,cosine,2,outputs/rwtd_sam3_auto/coarse_vs_fine_sam_scales/stage2/train_fpn_1_only_test/checkpoint.pt,permutation_invariant_binary_partition,architexture_binary_v1,0.5617519625092505,0.22095605009395933
fpn_1_only,test,132,378,"cluster_1->texture_a,cluster_0->texture_b",0.014938384942370445,0.8586200947264794,0.9026114214335768,0.8586200947264794,"[""fpn_1""]",fpn_1,"[""fpn_2"", ""fpn_1"", ""fpn_0""]","{""fpn_0"": [256, 288, 288], ""fpn_1"": [256, 144, 144], ""fpn_2"": [256, 72, 72]}","{""fpn_1"": [256, 144, 144]}",144,144,64,32,False,[0.0],"{""fpn_1"": 1.0}",fpn_1=1.000,deterministic_kmeans,cosine,2,outputs/rwtd_sam3_auto/coarse_vs_fine_sam_scales/stage2/train_fpn_1_only_test/checkpoint.pt,permutation_invariant_binary_partition,architexture_binary_v1,0.9026114214335768,0.8586200947264794
fpn_1_only,test,133,380,"cluster_1->texture_a,cluster_0->texture_b",0.058179044534074374,0.583987666641631,0.767240020704187,0.583987666641631,"[""fpn_1""]",fpn_1,"[""fpn_2"", ""fpn_1"", ""fpn_0""]","{""fpn_0"": [256, 288, 288], ""fpn_1"": [256, 144, 144], ""fpn_2"": [256, 72, 72]}","{""fpn_1"": [256, 144, 144]}",144,144,64,32,False,[0.0],"{""fpn_1"": 1.0}",fpn_1=1.000,deterministic_kmeans,cosine,2,outputs/rwtd_sam3_auto/coarse_vs_fine_sam_scales/stage2/train_fpn_1_only_test/checkpoint.pt,permutation_invariant_binary_partition,architexture_binary_v1,0.767240020704187,0.583987666641631
fpn_1_only,test,134,383,"cluster_1->texture_a,cluster_0->texture_b",0.031522506259553856,0.7651296905020671,0.8810506793484558,0.7651296905020671,"[""fpn_1""]",fpn_1,"[""fpn_2"", ""fpn_1"", ""fpn_0""]","{""fpn_0"": [256, 288, 288], ""fpn_1"": [256, 144, 144], ""fpn_2"": [256, 72, 72]}","{""fpn_1"": [256, 144, 144]}",144,144,64,32,False,[0.0],"{""fpn_1"": 1.0}",fpn_1=1.000,deterministic_kmeans,cosine,2,outputs/rwtd_sam3_auto/coarse_vs_fine_sam_scales/stage2/train_fpn_1_only_test/checkpoint.pt,permutation_invariant_binary_partition,architexture_binary_v1,0.8810506793484558,0.7651296905020671
fpn_1_only,test,135,387,"cluster_1->texture_a,cluster_0->texture_b",0.07478159310815177,0.4872136725784883,0.7068314435870227,0.4872136725784883,"[""fpn_1""]",fpn_1,"[""fpn_2"", ""fpn_1"", ""fpn_0""]","{""fpn_0"": [256, 288, 288], ""fpn_1"": [256, 144, 144], ""fpn_2"": [256, 72, 72]}","{""fpn_1"": [256, 144, 144]}",144,144,64,32,False,[0.0],"{""fpn_1"": 1.0}",fpn_1=1.000,deterministic_kmeans,cosine,2,outputs/rwtd_sam3_auto/coarse_vs_fine_sam_scales/stage2/train_fpn_1_only_test/checkpoint.pt,permutation_invariant_binary_partition,architexture_binary_v1,0.7068314435870227,0.4872136725784883
fpn_1_only,test,136,389,"cluster_1->texture_a,cluster_0->texture_b",0.01891095849411806,0.8558591039545457,0.9269318537771782,0.8558591039545457,"[""fpn_1""]",fpn_1,"[""fpn_2"", ""fpn_1"", ""fpn_0""]","{""fpn_0"": [256, 288, 288], ""fpn_1"": [256, 144, 144], ""fpn_2"": [256, 72, 72]}","{""fpn_1"": [256, 144, 144]}",144,144,64,32,False,[0.0],"{""fpn_1"": 1.0}",fpn_1=1.000,deterministic_kmeans,cosine,2,outputs/rwtd_sam3_auto/coarse_vs_fine_sam_scales/stage2/train_fpn_1_only_test/checkpoint.pt,permutation_invariant_binary_partition,architexture_binary_v1,0.9269318537771782,0.8558591039545457
fpn_1_only,test,137,39,"cluster_0->texture_a,cluster_1->texture_b",0.7639333849268,0.5812334512951457,0.06012776727896618,0.5812334512951457,"[""fpn_1""]",fpn_1,"[""fpn_2"", ""fpn_1"", ""fpn_0""]","{""fpn_0"": [256, 288, 288], ""fpn_1"": [256, 144, 144], ""fpn_2"": [256, 72, 72]}","{""fpn_1"": [256, 144, 144]}",144,144,64,32,False,[0.0],"{""fpn_1"": 1.0}",fpn_1=1.000,deterministic_kmeans,cosine,2,outputs/rwtd_sam3_auto/coarse_vs_fine_sam_scales/stage2/train_fpn_1_only_test/checkpoint.pt,permutation_invariant_binary_partition,architexture_binary_v1,0.7639333849268,0.5812334512951457
fpn_1_only,test,138,391,"cluster_0->texture_a,cluster_1->texture_b",0.9280982241802163,0.8895557551517875,0.01273466834815205,0.8895557551517875,"[""fpn_1""]",fpn_1,"[""fpn_2"", ""fpn_1"", ""fpn_0""]","{""fpn_0"": [256, 288, 288], ""fpn_1"": [256, 144, 144], ""fpn_2"": [256, 72, 72]}","{""fpn_1"": [256, 144, 144]}",144,144,64,32,False,[0.0],"{""fpn_1"": 1.0}",fpn_1=1.000,deterministic_kmeans,cosine,2,outputs/rwtd_sam3_auto/coarse_vs_fine_sam_scales/stage2/train_fpn_1_only_test/checkpoint.pt,permutation_invariant_binary_partition,architexture_binary_v1,0.9280982241802163,0.8895557551517875
fpn_1_only,test,139,392,"cluster_1->texture_a,cluster_0->texture_b",0.020125534392582363,0.8469278102167211,0.923311864550626,0.8469278102167211,"[""fpn_1""]",fpn_1,"[""fpn_2"", ""fpn_1"", ""fpn_0""]","{""fpn_0"": [256, 288, 288], ""fpn_1"": [256, 144, 144], ""fpn_2"": [256, 72, 72]}","{""fpn_1"": [256, 144, 144]}",144,144,64,32,False,[0.0],"{""fpn_1"": 1.0}",fpn_1=1.000,deterministic_kmeans,cosine,2,outputs/rwtd_sam3_auto/coarse_vs_fine_sam_scales/stage2/train_fpn_1_only_test/checkpoint.pt,permutation_invariant_binary_partition,architexture_binary_v1,0.923311864550626,0.8469278102167211
fpn_1_only,test,140,393,"cluster_1->texture_a,cluster_0->texture_b",0.022396058983633997,0.828943927337818,0.9095409646107044,0.828943927337818,"[""fpn_1""]",fpn_1,"[""fpn_2"", ""fpn_1"", ""fpn_0""]","{""fpn_0"": [256, 288, 288], ""fpn_1"": [256, 144, 144], ""fpn_2"": [256, 72, 72]}","{""fpn_1"": [256, 144, 144]}",144,144,64,32,False,[0.0],"{""fpn_1"": 1.0}",fpn_1=1.000,deterministic_kmeans,cosine,2,outputs/rwtd_sam3_auto/coarse_vs_fine_sam_scales/stage2/train_fpn_1_only_test/checkpoint.pt,permutation_invariant_binary_partition,architexture_binary_v1,0.9095409646107044,0.828943927337818
fpn_1_only,test,141,394,"cluster_1->texture_a,cluster_0->texture_b",0.021968542022181074,0.8325170235239769,0.9148376312813904,0.8325170235239769,"[""fpn_1""]",fpn_1,"[""fpn_2"", ""fpn_1"", ""fpn_0""]","{""fpn_0"": [256, 288, 288], ""fpn_1"": [256, 144, 144], ""fpn_2"": [256, 72, 72]}","{""fpn_1"": [256, 144, 144]}",144,144,64,32,False,[0.0],"{""fpn_1"": 1.0}",fpn_1=1.000,deterministic_kmeans,cosine,2,outputs/rwtd_sam3_auto/coarse_vs_fine_sam_scales/stage2/train_fpn_1_only_test/checkpoint.pt,permutation_invariant_binary_partition,architexture_binary_v1,0.9148376312813904,0.8325170235239769
fpn_1_only,test,142,395,"cluster_1->texture_a,cluster_0->texture_b",0.033842896525289254,0.7478876410097679,0.8693025796258007,0.7478876410097679,"[""fpn_1""]",fpn_1,"[""fpn_2"", ""fpn_1"", ""fpn_0""]","{""fpn_0"": [256, 288, 288], ""fpn_1"": [256, 144, 144], ""fpn_2"": [256, 72, 72]}","{""fpn_1"": [256, 144, 144]}",144,144,64,32,False,[0.0],"{""fpn_1"": 1.0}",fpn_1=1.000,deterministic_kmeans,cosine,2,outputs/rwtd_sam3_auto/coarse_vs_fine_sam_scales/stage2/train_fpn_1_only_test/checkpoint.pt,permutation_invariant_binary_partition,architexture_binary_v1,0.8693025796258007,0.7478876410097679
fpn_1_only,test,143,398,"cluster_0->texture_a,cluster_1->texture_b",0.8847114496618292,0.8275447332250568,0.019204057947939716,0.8275447332250568,"[""fpn_1""]",fpn_1,"[""fpn_2"", ""fpn_1"", ""fpn_0""]","{""fpn_0"": [256, 288, 288], ""fpn_1"": [256, 144, 144], ""fpn_2"": [256, 72, 72]}","{""fpn_1"": [256, 144, 144]}",144,144,64,32,False,[0.0],"{""fpn_1"": 1.0}",fpn_1=1.000,deterministic_kmeans,cosine,2,outputs/rwtd_sam3_auto/coarse_vs_fine_sam_scales/stage2/train_fpn_1_only_test/checkpoint.pt,permutation_invariant_binary_partition,architexture_binary_v1,0.8847114496618292,0.8275447332250568
fpn_1_only,test,144,4,"cluster_0->texture_a,cluster_1->texture_b",0.9447518726476265,0.918126521801567,0.009014427510448834,0.918126521801567,"[""fpn_1""]",fpn_1,"[""fpn_2"", ""fpn_1"", ""fpn_0""]","{""fpn_0"": [256, 288, 288], ""fpn_1"": [256, 144, 144], ""fpn_2"": [256, 72, 72]}","{""fpn_1"": [256, 144, 144]}",144,144,64,32,False,[0.0],"{""fpn_1"": 1.0}",fpn_1=1.000,deterministic_kmeans,cosine,2,outputs/rwtd_sam3_auto/coarse_vs_fine_sam_scales/stage2/train_fpn_1_only_test/checkpoint.pt,permutation_invariant_binary_partition,architexture_binary_v1,0.9447518726476265,0.918126521801567
fpn_1_only,test,145,40,"cluster_1->texture_a,cluster_0->texture_b",0.05545515144725292,0.5916285412329088,0.7561964041341469,0.5916285412329088,"[""fpn_1""]",fpn_1,"[""fpn_2"", ""fpn_1"", ""fpn_0""]","{""fpn_0"": [256, 288, 288], ""fpn_1"": [256, 144, 144], ""fpn_2"": [256, 72, 72]}","{""fpn_1"": [256, 144, 144]}",144,144,64,32,False,[0.0],"{""fpn_1"": 1.0}",fpn_1=1.000,deterministic_kmeans,cosine,2,outputs/rwtd_sam3_auto/coarse_vs_fine_sam_scales/stage2/train_fpn_1_only_test/checkpoint.pt,permutation_invariant_binary_partition,architexture_binary_v1,0.7561964041341469,0.5916285412329088
fpn_1_only,test,146,400,"cluster_0->texture_a,cluster_1->texture_b",0.7991545254669863,0.6058548135333782,0.05821443018645127,0.6058548135333782,"[""fpn_1""]",fpn_1,"[""fpn_2"", ""fpn_1"", ""fpn_0""]","{""fpn_0"": [256, 288, 288], ""fpn_1"": [256, 144, 144], ""fpn_2"": [256, 72, 72]}","{""fpn_1"": [256, 144, 144]}",144,144,64,32,False,[0.0],"{""fpn_1"": 1.0}",fpn_1=1.000,deterministic_kmeans,cosine,2,outputs/rwtd_sam3_auto/coarse_vs_fine_sam_scales/stage2/train_fpn_1_only_test/checkpoint.pt,permutation_invariant_binary_partition,architexture_binary_v1,0.7991545254669863,0.6058548135333782
fpn_1_only,test,147,403,"cluster_1->texture_a,cluster_0->texture_b",0.04606385817417835,0.6229798378709498,0.7627919087628852,0.6229798378709498,"[""fpn_1""]",fpn_1,"[""fpn_2"", ""fpn_1"", ""fpn_0""]","{""fpn_0"": [256, 288, 288], ""fpn_1"": [256, 144, 144], ""fpn_2"": [256, 72, 72]}","{""fpn_1"": [256, 144, 144]}",144,144,64,32,False,[0.0],"{""fpn_1"": 1.0}",fpn_1=1.000,deterministic_kmeans,cosine,2,outputs/rwtd_sam3_auto/coarse_vs_fine_sam_scales/stage2/train_fpn_1_only_test/checkpoint.pt,permutation_invariant_binary_partition,architexture_binary_v1,0.7627919087628852,0.6229798378709498
fpn_1_only,test,148,408,"cluster_1->texture_a,cluster_0->texture_b",0.04193523316062176,0.702055775007339,0.8500418741240163,0.702055775007339,"[""fpn_1""]",fpn_1,"[""fpn_2"", ""fpn_1"", ""fpn_0""]","{""fpn_0"": [256, 288, 288], ""fpn_1"": [256, 144, 144], ""fpn_2"": [256, 72, 72]}","{""fpn_1"": [256, 144, 144]}",144,144,64,32,False,[0.0],"{""fpn_1"": 1.0}",fpn_1=1.000,deterministic_kmeans,cosine,2,outputs/rwtd_sam3_auto/coarse_vs_fine_sam_scales/stage2/train_fpn_1_only_test/checkpoint.pt,permutation_invariant_binary_partition,architexture_binary_v1,0.8500418741240163,0.702055775007339
fpn_1_only,test,149,41,"cluster_0->texture_a,cluster_1->texture_b",0.741788509743762,0.5400693246601528,0.06862253915344918,0.5400693246601528,"[""fpn_1""]",fpn_1,"[""fpn_2"", ""fpn_1"", ""fpn_0""]","{""fpn_0"": [256, 288, 288], ""fpn_1"": [256, 144, 144], ""fpn_2"": [256, 72, 72]}","{""fpn_1"": [256, 144, 144]}",144,144,64,32,False,[0.0],"{""fpn_1"": 1.0}",fpn_1=1.000,deterministic_kmeans,cosine,2,outputs/rwtd_sam3_auto/coarse_vs_fine_sam_scales/stage2/train_fpn_1_only_test/checkpoint.pt,permutation_invariant_binary_partition,architexture_binary_v1,0.741788509743762,0.5400693246601528
fpn_1_only,test,150,410,"cluster_1->texture_a,cluster_0->texture_b",0.02070730091437172,0.8415628401595834,0.9165334519525943,0.8415628401595834,"[""fpn_1""]",fpn_1,"[""fpn_2"", ""fpn_1"", ""fpn_0""]","{""fpn_0"": [256, 288, 288], ""fpn_1"": [256, 144, 144], ""fpn_2"": [256, 72, 72]}","{""fpn_1"": [256, 144, 144]}",144,144,64,32,False,[0.0],"{""fpn_1"": 1.0}",fpn_1=1.000,deterministic_kmeans,cosine,2,outputs/rwtd_sam3_auto/coarse_vs_fine_sam_scales/stage2/train_fpn_1_only_test/checkpoint.pt,permutation_invariant_binary_partition,architexture_binary_v1,0.9165334519525943,0.8415628401595834
fpn_1_only,test,151,411,"cluster_0->texture_a,cluster_1->texture_b",0.92371629576068,0.8646552785044966,0.017452983322808095,0.8646552785044966,"[""fpn_1""]",fpn_1,"[""fpn_2"", ""fpn_1"", ""fpn_0""]","{""fpn_0"": [256, 288, 288], ""fpn_1"": [256, 144, 144], ""fpn_2"": [256, 72, 72]}","{""fpn_1"": [256, 144, 144]}",144,144,64,32,False,[0.0],"{""fpn_1"": 1.0}",fpn_1=1.000,deterministic_kmeans,cosine,2,outputs/rwtd_sam3_auto/coarse_vs_fine_sam_scales/stage2/train_fpn_1_only_test/checkpoint.pt,permutation_invariant_binary_partition,architexture_binary_v1,0.92371629576068,0.8646552785044966
fpn_1_only,test,152,412,"cluster_1->texture_a,cluster_0->texture_b",0.014810833123331053,0.8791304229025297,0.9258088570406046,0.8791304229025297,"[""fpn_1""]",fpn_1,"[""fpn_2"", ""fpn_1"", ""fpn_0""]","{""fpn_0"": [256, 288, 288], ""fpn_1"": [256, 144, 144], ""fpn_2"": [256, 72, 72]}","{""fpn_1"": [256, 144, 144]}",144,144,64,32,False,[0.0],"{""fpn_1"": 1.0}",fpn_1=1.000,deterministic_kmeans,cosine,2,outputs/rwtd_sam3_auto/coarse_vs_fine_sam_scales/stage2/train_fpn_1_only_test/checkpoint.pt,permutation_invariant_binary_partition,architexture_binary_v1,0.9258088570406046,0.8791304229025297
fpn_1_only,test,153,414,"cluster_1->texture_a,cluster_0->texture_b",0.01188378605355513,0.9076234221533959,0.951535342680789,0.9076234221533959,"[""fpn_1""]",fpn_1,"[""fpn_2"", ""fpn_1"", ""fpn_0""]","{""fpn_0"": [256, 288, 288], ""fpn_1"": [256, 144, 144], ""fpn_2"": [256, 72, 72]}","{""fpn_1"": [256, 144, 144]}",144,144,64,32,False,[0.0],"{""fpn_1"": 1.0}",fpn_1=1.000,deterministic_kmeans,cosine,2,outputs/rwtd_sam3_auto/coarse_vs_fine_sam_scales/stage2/train_fpn_1_only_test/checkpoint.pt,permutation_invariant_binary_partition,architexture_binary_v1,0.951535342680789,0.9076234221533959
fpn_1_only,test,154,416,"cluster_1->texture_a,cluster_0->texture_b",0.02298917638742065,0.8247368484203071,0.9081070912348446,0.8247368484203071,"[""fpn_1""]",fpn_1,"[""fpn_2"", ""fpn_1"", ""fpn_0""]","{""fpn_0"": [256, 288, 288], ""fpn_1"": [256, 144, 144], ""fpn_2"": [256, 72, 72]}","{""fpn_1"": [256, 144, 144]}",144,144,64,32,False,[0.0],"{""fpn_1"": 1.0}",fpn_1=1.000,deterministic_kmeans,cosine,2,outputs/rwtd_sam3_auto/coarse_vs_fine_sam_scales/stage2/train_fpn_1_only_test/checkpoint.pt,permutation_invariant_binary_partition,architexture_binary_v1,0.9081070912348446,0.8247368484203071
fpn_1_only,test,155,417,"cluster_1->texture_a,cluster_0->texture_b",0.04762816957256565,0.6650534753978123,0.8297070157230619,0.6650534753978123,"[""fpn_1""]",fpn_1,"[""fpn_2"", ""fpn_1"", ""fpn_0""]","{""fpn_0"": [256, 288, 288], ""fpn_1"": [256, 144, 144], ""fpn_2"": [256, 72, 72]}","{""fpn_1"": [256, 144, 144]}",144,144,64,32,False,[0.0],"{""fpn_1"": 1.0}",fpn_1=1.000,deterministic_kmeans,cosine,2,outputs/rwtd_sam3_auto/coarse_vs_fine_sam_scales/stage2/train_fpn_1_only_test/checkpoint.pt,permutation_invariant_binary_partition,architexture_binary_v1,0.8297070157230619,0.6650534753978123
fpn_1_only,test,156,418,"cluster_1->texture_a,cluster_0->texture_b",0.01995680787988407,0.8260682484604109,0.8859116363652931,0.8260682484604109,"[""fpn_1""]",fpn_1,"[""fpn_2"", ""fpn_1"", ""fpn_0""]","{""fpn_0"": [256, 288, 288], ""fpn_1"": [256, 144, 144], ""fpn_2"": [256, 72, 72]}","{""fpn_1"": [256, 144, 144]}",144,144,64,32,False,[0.0],"{""fpn_1"": 1.0}",fpn_1=1.000,deterministic_kmeans,cosine,2,outputs/rwtd_sam3_auto/coarse_vs_fine_sam_scales/stage2/train_fpn_1_only_test/checkpoint.pt,permutation_invariant_binary_partition,architexture_binary_v1,0.8859116363652931,0.8260682484604109
fpn_1_only,test,157,422,"cluster_1->texture_a,cluster_0->texture_b",0.011844736169688019,0.9080968475859812,0.9540236117642771,0.9080968475859812,"[""fpn_1""]",fpn_1,"[""fpn_2"", ""fpn_1"", ""fpn_0""]","{""fpn_0"": [256, 288, 288], ""fpn_1"": [256, 144, 144], ""fpn_2"": [256, 72, 72]}","{""fpn_1"": [256, 144, 144]}",144,144,64,32,False,[0.0],"{""fpn_1"": 1.0}",fpn_1=1.000,deterministic_kmeans,cosine,2,outputs/rwtd_sam3_auto/coarse_vs_fine_sam_scales/stage2/train_fpn_1_only_test/checkpoint.pt,permutation_invariant_binary_partition,architexture_binary_v1,0.9540236117642771,0.9080968475859812
fpn_1_only,test,158,423,"cluster_1->texture_a,cluster_0->texture_b",0.021815606462567444,0.8318796319053533,0.9067272685687773,0.8318796319053533,"[""fpn_1""]",fpn_1,"[""fpn_2"", ""fpn_1"", ""fpn_0""]","{""fpn_0"": [256, 288, 288], ""fpn_1"": [256, 144, 144], ""fpn_2"": [256, 72, 72]}","{""fpn_1"": [256, 144, 144]}",144,144,64,32,False,[0.0],"{""fpn_1"": 1.0}",fpn_1=1.000,deterministic_kmeans,cosine,2,outputs/rwtd_sam3_auto/coarse_vs_fine_sam_scales/stage2/train_fpn_1_only_test/checkpoint.pt,permutation_invariant_binary_partition,architexture_binary_v1,0.9067272685687773,0.8318796319053533
fpn_1_only,test,159,424,"cluster_1->texture_a,cluster_0->texture_b",0.034649673191772486,0.7425485091063515,0.8672064531780689,0.7425485091063515,"[""fpn_1""]",fpn_1,"[""fpn_2"", ""fpn_1"", ""fpn_0""]","{""fpn_0"": [256, 288, 288], ""fpn_1"": [256, 144, 144], ""fpn_2"": [256, 72, 72]}","{""fpn_1"": [256, 144, 144]}",144,144,64,32,False,[0.0],"{""fpn_1"": 1.0}",fpn_1=1.000,deterministic_kmeans,cosine,2,outputs/rwtd_sam3_auto/coarse_vs_fine_sam_scales/stage2/train_fpn_1_only_test/checkpoint.pt,permutation_invariant_binary_partition,architexture_binary_v1,0.8672064531780689,0.7425485091063515
fpn_1_only,test,160,425,"cluster_0->texture_a,cluster_1->texture_b",0.8784881719548157,0.7768625651766877,0.02983567780945518,0.7768625651766877,"[""fpn_1""]",fpn_1,"[""fpn_2"", ""fpn_1"", ""fpn_0""]","{""fpn_0"": [256, 288, 288], ""fpn_1"": [256, 144, 144], ""fpn_2"": [256, 72, 72]}","{""fpn_1"": [256, 144, 144]}",144,144,64,32,False,[0.0],"{""fpn_1"": 1.0}",fpn_1=1.000,deterministic_kmeans,cosine,2,outputs/rwtd_sam3_auto/coarse_vs_fine_sam_scales/stage2/train_fpn_1_only_test/checkpoint.pt,permutation_invariant_binary_partition,architexture_binary_v1,0.8784881719548157,0.7768625651766877
fpn_1_only,test,161,426,"cluster_0->texture_a,cluster_1->texture_b",0.9510326463275762,0.9111974070592325,0.011312642875167792,0.9111974070592325,"[""fpn_1""]",fpn_1,"[""fpn_2"", ""fpn_1"", ""fpn_0""]","{""fpn_0"": [256, 288, 288], ""fpn_1"": [256, 144, 144], ""fpn_2"": [256, 72, 72]}","{""fpn_1"": [256, 144, 144]}",144,144,64,32,False,[0.0],"{""fpn_1"": 1.0}",fpn_1=1.000,deterministic_kmeans,cosine,2,outputs/rwtd_sam3_auto/coarse_vs_fine_sam_scales/stage2/train_fpn_1_only_test/checkpoint.pt,permutation_invariant_binary_partition,architexture_binary_v1,0.9510326463275762,0.9111974070592325
fpn_1_only,test,162,428,"cluster_1->texture_a,cluster_0->texture_b",0.03811801003280739,0.7192786465393493,0.8556877420137912,0.7192786465393493,"[""fpn_1""]",fpn_1,"[""fpn_2"", ""fpn_1"", ""fpn_0""]","{""fpn_0"": [256, 288, 288], ""fpn_1"": [256, 144, 144], ""fpn_2"": [256, 72, 72]}","{""fpn_1"": [256, 144, 144]}",144,144,64,32,False,[0.0],"{""fpn_1"": 1.0}",fpn_1=1.000,deterministic_kmeans,cosine,2,outputs/rwtd_sam3_auto/coarse_vs_fine_sam_scales/stage2/train_fpn_1_only_test/checkpoint.pt,permutation_invariant_binary_partition,architexture_binary_v1,0.8556877420137912,0.7192786465393493
fpn_1_only,test,163,429,"cluster_1->texture_a,cluster_0->texture_b",0.04860179423723426,0.6590290826815213,0.8261899726052007,0.6590290826815213,"[""fpn_1""]",fpn_1,"[""fpn_2"", ""fpn_1"", ""fpn_0""]","{""fpn_0"": [256, 288, 288], ""fpn_1"": [256, 144, 144], ""fpn_2"": [256, 72, 72]}","{""fpn_1"": [256, 144, 144]}",144,144,64,32,False,[0.0],"{""fpn_1"": 1.0}",fpn_1=1.000,deterministic_kmeans,cosine,2,outputs/rwtd_sam3_auto/coarse_vs_fine_sam_scales/stage2/train_fpn_1_only_test/checkpoint.pt,permutation_invariant_binary_partition,architexture_binary_v1,0.8261899726052007,0.6590290826815213
fpn_1_only,test,164,431,"cluster_1->texture_a,cluster_0->texture_b",0.06672576846141152,0.5385548971719594,0.7540838969613818,0.5385548971719594,"[""fpn_1""]",fpn_1,"[""fpn_2"", ""fpn_1"", ""fpn_0""]","{""fpn_0"": [256, 288, 288], ""fpn_1"": [256, 144, 144], ""fpn_2"": [256, 72, 72]}","{""fpn_1"": [256, 144, 144]}",144,144,64,32,False,[0.0],"{""fpn_1"": 1.0}",fpn_1=1.000,deterministic_kmeans,cosine,2,outputs/rwtd_sam3_auto/coarse_vs_fine_sam_scales/stage2/train_fpn_1_only_test/checkpoint.pt,permutation_invariant_binary_partition,architexture_binary_v1,0.7540838969613818,0.5385548971719594
fpn_1_only,test,165,432,"cluster_1->texture_a,cluster_0->texture_b",0.03250215992001527,0.754621036884959,0.864159562511067,0.754621036884959,"[""fpn_1""]",fpn_1,"[""fpn_2"", ""fpn_1"", ""fpn_0""]","{""fpn_0"": [256, 288, 288], ""fpn_1"": [256, 144, 144], ""fpn_2"": [256, 72, 72]}","{""fpn_1"": [256, 144, 144]}",144,144,64,32,False,[0.0],"{""fpn_1"": 1.0}",fpn_1=1.000,deterministic_kmeans,cosine,2,outputs/rwtd_sam3_auto/coarse_vs_fine_sam_scales/stage2/train_fpn_1_only_test/checkpoint.pt,permutation_invariant_binary_partition,architexture_binary_v1,0.864159562511067,0.754621036884959
fpn_1_only,test,166,434,"cluster_1->texture_a,cluster_0->texture_b",0.018996314644033275,0.8550459950841776,0.9261692169706208,0.8550459950841776,"[""fpn_1""]",fpn_1,"[""fpn_2"", ""fpn_1"", ""fpn_0""]","{""fpn_0"": [256, 288, 288], ""fpn_1"": [256, 144, 144], ""fpn_2"": [256, 72, 72]}","{""fpn_1"": [256, 144, 144]}",144,144,64,32,False,[0.0],"{""fpn_1"": 1.0}",fpn_1=1.000,deterministic_kmeans,cosine,2,outputs/rwtd_sam3_auto/coarse_vs_fine_sam_scales/stage2/train_fpn_1_only_test/checkpoint.pt,permutation_invariant_binary_partition,architexture_binary_v1,0.9261692169706208,0.8550459950841776
fpn_1_only,test,167,44,"cluster_1->texture_a,cluster_0->texture_b",0.12282222878186749,0.08631493132110608,0.4210959587823596,0.08631493132110608,"[""fpn_1""]",fpn_1,"[""fpn_2"", ""fpn_1"", ""fpn_0""]","{""fpn_0"": [256, 288, 288], ""fpn_1"": [256, 144, 144], ""fpn_2"": [256, 72, 72]}","{""fpn_1"": [256, 144, 144]}",144,144,64,32,False,[0.0],"{""fpn_1"": 1.0}",fpn_1=1.000,deterministic_kmeans,cosine,2,outputs/rwtd_sam3_auto/coarse_vs_fine_sam_scales/stage2/train_fpn_1_only_test/checkpoint.pt,permutation_invariant_binary_partition,architexture_binary_v1,0.4210959587823596,0.08631493132110608
fpn_1_only,test,168,440,"cluster_0->texture_a,cluster_1->texture_b",0.7545603567498091,0.6228924246041051,0.0426528671001796,0.6228924246041051,"[""fpn_1""]",fpn_1,"[""fpn_2"", ""fpn_1"", ""fpn_0""]","{""fpn_0"": [256, 288, 288], ""fpn_1"": [256, 144, 144], ""fpn_2"": [256, 72, 72]}","{""fpn_1"": [256, 144, 144]}",144,144,64,32,False,[0.0],"{""fpn_1"": 1.0}",fpn_1=1.000,deterministic_kmeans,cosine,2,outputs/rwtd_sam3_auto/coarse_vs_fine_sam_scales/stage2/train_fpn_1_only_test/checkpoint.pt,permutation_invariant_binary_partition,architexture_binary_v1,0.7545603567498091,0.6228924246041051
fpn_1_only,test,169,441,"cluster_1->texture_a,cluster_0->texture_b",0.009429195797833159,0.901676808740269,0.92869707819381,0.901676808740269,"[""fpn_1""]",fpn_1,"[""fpn_2"", ""fpn_1"", ""fpn_0""]","{""fpn_0"": [256, 288, 288], ""fpn_1"": [256, 144, 144], ""fpn_2"": [256, 72, 72]}","{""fpn_1"": [256, 144, 144]}",144,144,64,32,False,[0.0],"{""fpn_1"": 1.0}",fpn_1=1.000,deterministic_kmeans,cosine,2,outputs/rwtd_sam3_auto/coarse_vs_fine_sam_scales/stage2/train_fpn_1_only_test/checkpoint.pt,permutation_invariant_binary_partition,architexture_binary_v1,0.92869707819381,0.901676808740269
fpn_1_only,test,170,442,"cluster_1->texture_a,cluster_0->texture_b",0.03163956242422054,0.7475911482818511,0.844783938901729,0.7475911482818511,"[""fpn_1""]",fpn_1,"[""fpn_2"", ""fpn_1"", ""fpn_0""]","{""fpn_0"": [256, 288, 288], ""fpn_1"": [256, 144, 144], ""fpn_2"": [256, 72, 72]}","{""fpn_1"": [256, 144, 144]}",144,144,64,32,False,[0.0],"{""fpn_1"": 1.0}",fpn_1=1.000,deterministic_kmeans,cosine,2,outputs/rwtd_sam3_auto/coarse_vs_fine_sam_scales/stage2/train_fpn_1_only_test/checkpoint.pt,permutation_invariant_binary_partition,architexture_binary_v1,0.844783938901729,0.7475911482818511
fpn_1_only,test,171,443,"cluster_1->texture_a,cluster_0->texture_b",0.08516796659947423,0.45595810282762034,0.7144245552594919,0.45595810282762034,"[""fpn_1""]",fpn_1,"[""fpn_2"", ""fpn_1"", ""fpn_0""]","{""fpn_0"": [256, 288, 288], ""fpn_1"": [256, 144, 144], ""fpn_2"": [256, 72, 72]}","{""fpn_1"": [256, 144, 144]}",144,144,64,32,False,[0.0],"{""fpn_1"": 1.0}",fpn_1=1.000,deterministic_kmeans,cosine,2,outputs/rwtd_sam3_auto/coarse_vs_fine_sam_scales/stage2/train_fpn_1_only_test/checkpoint.pt,permutation_invariant_binary_partition,architexture_binary_v1,0.7144245552594919,0.45595810282762034
fpn_1_only,test,172,444,"cluster_0->texture_a,cluster_1->texture_b",0.9430947952901504,0.906627588451819,0.011412339773283812,0.906627588451819,"[""fpn_1""]",fpn_1,"[""fpn_2"", ""fpn_1"", ""fpn_0""]","{""fpn_0"": [256, 288, 288], ""fpn_1"": [256, 144, 144], ""fpn_2"": [256, 72, 72]}","{""fpn_1"": [256, 144, 144]}",144,144,64,32,False,[0.0],"{""fpn_1"": 1.0}",fpn_1=1.000,deterministic_kmeans,cosine,2,outputs/rwtd_sam3_auto/coarse_vs_fine_sam_scales/stage2/train_fpn_1_only_test/checkpoint.pt,permutation_invariant_binary_partition,architexture_binary_v1,0.9430947952901504,0.906627588451819
fpn_1_only,test,173,447,"cluster_1->texture_a,cluster_0->texture_b",0.037550637414119285,0.7214491857510611,0.8481249128418961,0.7214491857510611,"[""fpn_1""]",fpn_1,"[""fpn_2"", ""fpn_1"", ""fpn_0""]","{""fpn_0"": [256, 288, 288], ""fpn_1"": [256, 144, 144], ""fpn_2"": [256, 72, 72]}","{""fpn_1"": [256, 144, 144]}",144,144,64,32,False,[0.0],"{""fpn_1"": 1.0}",fpn_1=1.000,deterministic_kmeans,cosine,2,outputs/rwtd_sam3_auto/coarse_vs_fine_sam_scales/stage2/train_fpn_1_only_test/checkpoint.pt,permutation_invariant_binary_partition,architexture_binary_v1,0.8481249128418961,0.7214491857510611
fpn_1_only,test,174,448,"cluster_1->texture_a,cluster_0->texture_b",0.013637521115342914,0.8941911711213067,0.9470404221924347,0.8941911711213067,"[""fpn_1""]",fpn_1,"[""fpn_2"", ""fpn_1"", ""fpn_0""]","{""fpn_0"": [256, 288, 288], ""fpn_1"": [256, 144, 144], ""fpn_2"": [256, 72, 72]}","{""fpn_1"": [256, 144, 144]}",144,144,64,32,False,[0.0],"{""fpn_1"": 1.0}",fpn_1=1.000,deterministic_kmeans,cosine,2,outputs/rwtd_sam3_auto/coarse_vs_fine_sam_scales/stage2/train_fpn_1_only_test/checkpoint.pt,permutation_invariant_binary_partition,architexture_binary_v1,0.9470404221924347,0.8941911711213067
fpn_1_only,test,175,449,"cluster_1->texture_a,cluster_0->texture_b",0.023239456085737905,0.8230012715055015,0.9113105008672373,0.8230012715055015,"[""fpn_1""]",fpn_1,"[""fpn_2"", ""fpn_1"", ""fpn_0""]","{""fpn_0"": [256, 288, 288], ""fpn_1"": [256, 144, 144], ""fpn_2"": [256, 72, 72]}","{""fpn_1"": [256, 144, 144]}",144,144,64,32,False,[0.0],"{""fpn_1"": 1.0}",fpn_1=1.000,deterministic_kmeans,cosine,2,outputs/rwtd_sam3_auto/coarse_vs_fine_sam_scales/stage2/train_fpn_1_only_test/checkpoint.pt,permutation_invariant_binary_partition,architexture_binary_v1,0.9113105008672373,0.8230012715055015
fpn_1_only,test,176,45,"cluster_1->texture_a,cluster_0->texture_b",0.030712669650879713,0.7746112659725576,0.8805428748765287,0.7746112659725576,"[""fpn_1""]",fpn_1,"[""fpn_2"", ""fpn_1"", ""fpn_0""]","{""fpn_0"": [256, 288, 288], ""fpn_1"": [256, 144, 144], ""fpn_2"": [256, 72, 72]}","{""fpn_1"": [256, 144, 144]}",144,144,64,32,False,[0.0],"{""fpn_1"": 1.0}",fpn_1=1.000,deterministic_kmeans,cosine,2,outputs/rwtd_sam3_auto/coarse_vs_fine_sam_scales/stage2/train_fpn_1_only_test/checkpoint.pt,permutation_invariant_binary_partition,architexture_binary_v1,0.8805428748765287,0.7746112659725576
fpn_1_only,test,177,450,"cluster_1->texture_a,cluster_0->texture_b",0.046346672062036604,0.6655618995053818,0.8297091026662013,0.6655618995053818,"[""fpn_1""]",fpn_1,"[""fpn_2"", ""fpn_1"", ""fpn_0""]","{""fpn_0"": [256, 288, 288], ""fpn_1"": [256, 144, 144], ""fpn_2"": [256, 72, 72]}","{""fpn_1"": [256, 144, 144]}",144,144,64,32,False,[0.0],"{""fpn_1"": 1.0}",fpn_1=1.000,deterministic_kmeans,cosine,2,outputs/rwtd_sam3_auto/coarse_vs_fine_sam_scales/stage2/train_fpn_1_only_test/checkpoint.pt,permutation_invariant_binary_partition,architexture_binary_v1,0.8297091026662013,0.6655618995053818
fpn_1_only,test,178,451,"cluster_1->texture_a,cluster_0->texture_b",0.019640271528667395,0.8419075669197884,0.9033620343037501,0.8419075669197884,"[""fpn_1""]",fpn_1,"[""fpn_2"", ""fpn_1"", ""fpn_0""]","{""fpn_0"": [256, 288, 288], ""fpn_1"": [256, 144, 144], ""fpn_2"": [256, 72, 72]}","{""fpn_1"": [256, 144, 144]}",144,144,64,32,False,[0.0],"{""fpn_1"": 1.0}",fpn_1=1.000,deterministic_kmeans,cosine,2,outputs/rwtd_sam3_auto/coarse_vs_fine_sam_scales/stage2/train_fpn_1_only_test/checkpoint.pt,permutation_invariant_binary_partition,architexture_binary_v1,0.9033620343037501,0.8419075669197884
fpn_1_only,test,179,452,"cluster_0->texture_a,cluster_1->texture_b",0.7503170935207351,0.5135356268878852,0.07182514833715577,0.5135356268878852,"[""fpn_1""]",fpn_1,"[""fpn_2"", ""fpn_1"", ""fpn_0""]","{""fpn_0"": [256, 288, 288], ""fpn_1"": [256, 144, 144], ""fpn_2"": [256, 72, 72]}","{""fpn_1"": [256, 144, 144]}",144,144,64,32,False,[0.0],"{""fpn_1"": 1.0}",fpn_1=1.000,deterministic_kmeans,cosine,2,outputs/rwtd_sam3_auto/coarse_vs_fine_sam_scales/stage2/train_fpn_1_only_test/checkpoint.pt,permutation_invariant_binary_partition,architexture_binary_v1,0.7503170935207351,0.5135356268878852
fpn_1_only,test,180,453,"cluster_1->texture_a,cluster_0->texture_b",0.055098946443358915,0.6117420155008261,0.7932585686884347,0.6117420155008261,"[""fpn_1""]",fpn_1,"[""fpn_2"", ""fpn_1"", ""fpn_0""]","{""fpn_0"": [256, 288, 288], ""fpn_1"": [256, 144, 144], ""fpn_2"": [256, 72, 72]}","{""fpn_1"": [256, 144, 144]}",144,144,64,32,False,[0.0],"{""fpn_1"": 1.0}",fpn_1=1.000,deterministic_kmeans,cosine,2,outputs/rwtd_sam3_auto/coarse_vs_fine_sam_scales/stage2/train_fpn_1_only_test/checkpoint.pt,permutation_invariant_binary_partition,architexture_binary_v1,0.7932585686884347,0.6117420155008261
fpn_1_only,test,181,455,"cluster_0->texture_a,cluster_1->texture_b",0.6937414911366877,0.48321543623502644,0.07458860165634507,0.48321543623502644,"[""fpn_1""]",fpn_1,"[""fpn_2"", ""fpn_1"", ""fpn_0""]","{""fpn_0"": [256, 288, 288], ""fpn_1"": [256, 144, 144], ""fpn_2"": [256, 72, 72]}","{""fpn_1"": [256, 144, 144]}",144,144,64,32,False,[0.0],"{""fpn_1"": 1.0}",fpn_1=1.000,deterministic_kmeans,cosine,2,outputs/rwtd_sam3_auto/coarse_vs_fine_sam_scales/stage2/train_fpn_1_only_test/checkpoint.pt,permutation_invariant_binary_partition,architexture_binary_v1,0.6937414911366877,0.48321543623502644
fpn_1_only,test,182,456,"cluster_0->texture_a,cluster_1->texture_b",0.8859087233398907,0.7893548015445442,0.027799650325572533,0.7893548015445442,"[""fpn_1""]",fpn_1,"[""fpn_2"", ""fpn_1"", ""fpn_0""]","{""fpn_0"": [256, 288, 288], ""fpn_1"": [256, 144, 144], ""fpn_2"": [256, 72, 72]}","{""fpn_1"": [256, 144, 144]}",144,144,64,32,False,[0.0],"{""fpn_1"": 1.0}",fpn_1=1.000,deterministic_kmeans,cosine,2,outputs/rwtd_sam3_auto/coarse_vs_fine_sam_scales/stage2/train_fpn_1_only_test/checkpoint.pt,permutation_invariant_binary_partition,architexture_binary_v1,0.8859087233398907,0.7893548015445442
fpn_1_only,test,183,457,"cluster_1->texture_a,cluster_0->texture_b",0.017043878519962478,0.8661810495879212,0.9246263402673538,0.8661810495879212,"[""fpn_1""]",fpn_1,"[""fpn_2"", ""fpn_1"", ""fpn_0""]","{""fpn_0"": [256, 288, 288], ""fpn_1"": [256, 144, 144], ""fpn_2"": [256, 72, 72]}","{""fpn_1"": [256, 144, 144]}",144,144,64,32,False,[0.0],"{""fpn_1"": 1.0}",fpn_1=1.000,deterministic_kmeans,cosine,2,outputs/rwtd_sam3_auto/coarse_vs_fine_sam_scales/stage2/train_fpn_1_only_test/checkpoint.pt,permutation_invariant_binary_partition,architexture_binary_v1,0.9246263402673538,0.8661810495879212
fpn_1_only,test,184,461,"cluster_1->texture_a,cluster_0->texture_b",0.046803976150912315,0.6617360674591145,0.8277947047169432,0.6617360674591145,"[""fpn_1""]",fpn_1,"[""fpn_2"", ""fpn_1"", ""fpn_0""]","{""fpn_0"": [256, 288, 288], ""fpn_1"": [256, 144, 144], ""fpn_2"": [256, 72, 72]}","{""fpn_1"": [256, 144, 144]}",144,144,64,32,False,[0.0],"{""fpn_1"": 1.0}",fpn_1=1.000,deterministic_kmeans,cosine,2,outputs/rwtd_sam3_auto/coarse_vs_fine_sam_scales/stage2/train_fpn_1_only_test/checkpoint.pt,permutation_invariant_binary_partition,architexture_binary_v1,0.8277947047169432,0.6617360674591145
fpn_1_only,test,185,463,"cluster_1->texture_a,cluster_0->texture_b",0.03531447774705298,0.7241596740100501,0.8354164906686352,0.7241596740100501,"[""fpn_1""]",fpn_1,"[""fpn_2"", ""fpn_1"", ""fpn_0""]","{""fpn_0"": [256, 288, 288], ""fpn_1"": [256, 144, 144], ""fpn_2"": [256, 72, 72]}","{""fpn_1"": [256, 144, 144]}",144,144,64,32,False,[0.0],"{""fpn_1"": 1.0}",fpn_1=1.000,deterministic_kmeans,cosine,2,outputs/rwtd_sam3_auto/coarse_vs_fine_sam_scales/stage2/train_fpn_1_only_test/checkpoint.pt,permutation_invariant_binary_partition,architexture_binary_v1,0.8354164906686352,0.7241596740100501
fpn_1_only,test,186,464,"cluster_1->texture_a,cluster_0->texture_b",0.03911654433297644,0.712758509314434,0.8536202600549107,0.712758509314434,"[""fpn_1""]",fpn_1,"[""fpn_2"", ""fpn_1"", ""fpn_0""]","{""fpn_0"": [256, 288, 288], ""fpn_1"": [256, 144, 144], ""fpn_2"": [256, 72, 72]}","{""fpn_1"": [256, 144, 144]}",144,144,64,32,False,[0.0],"{""fpn_1"": 1.0}",fpn_1=1.000,deterministic_kmeans,cosine,2,outputs/rwtd_sam3_auto/coarse_vs_fine_sam_scales/stage2/train_fpn_1_only_test/checkpoint.pt,permutation_invariant_binary_partition,architexture_binary_v1,0.8536202600549107,0.712758509314434
fpn_1_only,test,187,465,"cluster_0->texture_a,cluster_1->texture_b",0.7983724445682513,0.665548833219011,0.044001726304803014,0.665548833219011,"[""fpn_1""]",fpn_1,"[""fpn_2"", ""fpn_1"", ""fpn_0""]","{""fpn_0"": [256, 288, 288], ""fpn_1"": [256, 144, 144], ""fpn_2"": [256, 72, 72]}","{""fpn_1"": [256, 144, 144]}",144,144,64,32,False,[0.0],"{""fpn_1"": 1.0}",fpn_1=1.000,deterministic_kmeans,cosine,2,outputs/rwtd_sam3_auto/coarse_vs_fine_sam_scales/stage2/train_fpn_1_only_test/checkpoint.pt,permutation_invariant_binary_partition,architexture_binary_v1,0.7983724445682513,0.665548833219011
fpn_1_only,test,188,466,"cluster_1->texture_a,cluster_0->texture_b",0.26481160555339883,-0.0023597206457736195,0.32045436066615574,-0.0023597206457736195,"[""fpn_1""]",fpn_1,"[""fpn_2"", ""fpn_1"", ""fpn_0""]","{""fpn_0"": [256, 288, 288], ""fpn_1"": [256, 144, 144], ""fpn_2"": [256, 72, 72]}","{""fpn_1"": [256, 144, 144]}",144,144,64,32,False,[0.0],"{""fpn_1"": 1.0}",fpn_1=1.000,deterministic_kmeans,cosine,2,outputs/rwtd_sam3_auto/coarse_vs_fine_sam_scales/stage2/train_fpn_1_only_test/checkpoint.pt,permutation_invariant_binary_partition,architexture_binary_v1,0.32045436066615574,-0.0023597206457736195
fpn_1_only,test,189,467,"cluster_1->texture_a,cluster_0->texture_b",0.05366360895630043,0.6313719002905703,0.8048599080264315,0.6313719002905703,"[""fpn_1""]",fpn_1,"[""fpn_2"", ""fpn_1"", ""fpn_0""]","{""fpn_0"": [256, 288, 288], ""fpn_1"": [256, 144, 144], ""fpn_2"": [256, 72, 72]}","{""fpn_1"": [256, 144, 144]}",144,144,64,32,False,[0.0],"{""fpn_1"": 1.0}",fpn_1=1.000,deterministic_kmeans,cosine,2,outputs/rwtd_sam3_auto/coarse_vs_fine_sam_scales/stage2/train_fpn_1_only_test/checkpoint.pt,permutation_invariant_binary_partition,architexture_binary_v1,0.8048599080264315,0.6313719002905703
fpn_1_only,test,190,468,"cluster_0->texture_a,cluster_1->texture_b",0.844038969880297,0.6972466584585217,0.04193950879085345,0.6972466584585217,"[""fpn_1""]",fpn_1,"[""fpn_2"", ""fpn_1"", ""fpn_0""]","{""fpn_0"": [256, 288, 288], ""fpn_1"": [256, 144, 144], ""fpn_2"": [256, 72, 72]}","{""fpn_1"": [256, 144, 144]}",144,144,64,32,False,[0.0],"{""fpn_1"": 1.0}",fpn_1=1.000,deterministic_kmeans,cosine,2,outputs/rwtd_sam3_auto/coarse_vs_fine_sam_scales/stage2/train_fpn_1_only_test/checkpoint.pt,permutation_invariant_binary_partition,architexture_binary_v1,0.844038969880297,0.6972466584585217
fpn_1_only,test,191,469,"cluster_1->texture_a,cluster_0->texture_b",0.01837365118303449,0.8589902212126513,0.9224174566346774,0.8589902212126513,"[""fpn_1""]",fpn_1,"[""fpn_2"", ""fpn_1"", ""fpn_0""]","{""fpn_0"": [256, 288, 288], ""fpn_1"": [256, 144, 144], ""fpn_2"": [256, 72, 72]}","{""fpn_1"": [256, 144, 144]}",144,144,64,32,False,[0.0],"{""fpn_1"": 1.0}",fpn_1=1.000,deterministic_kmeans,cosine,2,outputs/rwtd_sam3_auto/coarse_vs_fine_sam_scales/stage2/train_fpn_1_only_test/checkpoint.pt,permutation_invariant_binary_partition,architexture_binary_v1,0.9224174566346774,0.8589902212126513
fpn_1_only,test,192,47,"cluster_1->texture_a,cluster_0->texture_b",0.038929940222137485,0.7224518960322712,0.8600708716635412,0.7224518960322712,"[""fpn_1""]",fpn_1,"[""fpn_2"", ""fpn_1"", ""fpn_0""]","{""fpn_0"": [256, 288, 288], ""fpn_1"": [256, 144, 144], ""fpn_2"": [256, 72, 72]}","{""fpn_1"": [256, 144, 144]}",144,144,64,32,False,[0.0],"{""fpn_1"": 1.0}",fpn_1=1.000,deterministic_kmeans,cosine,2,outputs/rwtd_sam3_auto/coarse_vs_fine_sam_scales/stage2/train_fpn_1_only_test/checkpoint.pt,permutation_invariant_binary_partition,architexture_binary_v1,0.8600708716635412,0.7224518960322712
fpn_1_only,test,193,471,"cluster_0->texture_a,cluster_1->texture_b",0.8968747251762841,0.8100998183564371,0.024923356977162064,0.8100998183564371,"[""fpn_1""]",fpn_1,"[""fpn_2"", ""fpn_1"", ""fpn_0""]","{""fpn_0"": [256, 288, 288], ""fpn_1"": [256, 144, 144], ""fpn_2"": [256, 72, 72]}","{""fpn_1"": [256, 144, 144]}",144,144,64,32,False,[0.0],"{""fpn_1"": 1.0}",fpn_1=1.000,deterministic_kmeans,cosine,2,outputs/rwtd_sam3_auto/coarse_vs_fine_sam_scales/stage2/train_fpn_1_only_test/checkpoint.pt,permutation_invariant_binary_partition,architexture_binary_v1,0.8968747251762841,0.8100998183564371
fpn_1_only,test,194,472,"cluster_1->texture_a,cluster_0->texture_b",0.038387238495220494,0.717734250366791,0.8580165719506706,0.717734250366791,"[""fpn_1""]",fpn_1,"[""fpn_2"", ""fpn_1"", ""fpn_0""]","{""fpn_0"": [256, 288, 288], ""fpn_1"": [256, 144, 144], ""fpn_2"": [256, 72, 72]}","{""fpn_1"": [256, 144, 144]}",144,144,64,32,False,[0.0],"{""fpn_1"": 1.0}",fpn_1=1.000,deterministic_kmeans,cosine,2,outputs/rwtd_sam3_auto/coarse_vs_fine_sam_scales/stage2/train_fpn_1_only_test/checkpoint.pt,permutation_invariant_binary_partition,architexture_binary_v1,0.8580165719506706,0.717734250366791
fpn_1_only,test,195,473,"cluster_1->texture_a,cluster_0->texture_b",0.06617425559191367,0.5317664841169063,0.7294728626318541,0.5317664841169063,"[""fpn_1""]",fpn_1,"[""fpn_2"", ""fpn_1"", ""fpn_0""]","{""fpn_0"": [256, 288, 288], ""fpn_1"": [256, 144, 144], ""fpn_2"": [256, 72, 72]}","{""fpn_1"": [256, 144, 144]}",144,144,64,32,False,[0.0],"{""fpn_1"": 1.0}",fpn_1=1.000,deterministic_kmeans,cosine,2,outputs/rwtd_sam3_auto/coarse_vs_fine_sam_scales/stage2/train_fpn_1_only_test/checkpoint.pt,permutation_invariant_binary_partition,architexture_binary_v1,0.7294728626318541,0.5317664841169063
fpn_1_only,test,196,474,"cluster_0->texture_a,cluster_1->texture_b",0.8712892968825277,0.7999839924951266,0.02362802202113331,0.7999839924951266,"[""fpn_1""]",fpn_1,"[""fpn_2"", ""fpn_1"", ""fpn_0""]","{""fpn_0"": [256, 288, 288], ""fpn_1"": [256, 144, 144], ""fpn_2"": [256, 72, 72]}","{""fpn_1"": [256, 144, 144]}",144,144,64,32,False,[0.0],"{""fpn_1"": 1.0}",fpn_1=1.000,deterministic_kmeans,cosine,2,outputs/rwtd_sam3_auto/coarse_vs_fine_sam_scales/stage2/train_fpn_1_only_test/checkpoint.pt,permutation_invariant_binary_partition,architexture_binary_v1,0.8712892968825277,0.7999839924951266
fpn_1_only,test,197,476,"cluster_1->texture_a,cluster_0->texture_b",0.01794842402807875,0.8612375599906895,0.9252380127467006,0.8612375599906895,"[""fpn_1""]",fpn_1,"[""fpn_2"", ""fpn_1"", ""fpn_0""]","{""fpn_0"": [256, 288, 288], ""fpn_1"": [256, 144, 144], ""fpn_2"": [256, 72, 72]}","{""fpn_1"": [256, 144, 144]}",144,144,64,32,False,[0.0],"{""fpn_1"": 1.0}",fpn_1=1.000,deterministic_kmeans,cosine,2,outputs/rwtd_sam3_auto/coarse_vs_fine_sam_scales/stage2/train_fpn_1_only_test/checkpoint.pt,permutation_invariant_binary_partition,architexture_binary_v1,0.9252380127467006,0.8612375599906895
fpn_1_only,test,198,478,"cluster_0->texture_a,cluster_1->texture_b",0.9476793253120259,0.910958990234785,0.011097283996105553,0.910958990234785,"[""fpn_1""]",fpn_1,"[""fpn_2"", ""fpn_1"", ""fpn_0""]","{""fpn_0"": [256, 288, 288], ""fpn_1"": [256, 144, 144], ""fpn_2"": [256, 72, 72]}","{""fpn_1"": [256, 144, 144]}",144,144,64,32,False,[0.0],"{""fpn_1"": 1.0}",fpn_1=1.000,deterministic_kmeans,cosine,2,outputs/rwtd_sam3_auto/coarse_vs_fine_sam_scales/stage2/train_fpn_1_only_test/checkpoint.pt,permutation_invariant_binary_partition,architexture_binary_v1,0.9476793253120259,0.910958990234785
fpn_1_only,test,199,479,"cluster_1->texture_a,cluster_0->texture_b",0.2102477027905753,0.029271557976503288,0.3863449587815275,0.029271557976503288,"[""fpn_1""]",fpn_1,"[""fpn_2"", ""fpn_1"", ""fpn_0""]","{""fpn_0"": [256, 288, 288], ""fpn_1"": [256, 144, 144], ""fpn_2"": [256, 72, 72]}","{""fpn_1"": [256, 144, 144]}",144,144,64,32,False,[0.0],"{""fpn_1"": 1.0}",fpn_1=1.000,deterministic_kmeans,cosine,2,outputs/rwtd_sam3_auto/coarse_vs_fine_sam_scales/stage2/train_fpn_1_only_test/checkpoint.pt,permutation_invariant_binary_partition,architexture_binary_v1,0.3863449587815275,0.029271557976503288
fpn_1_only,test,200,48,"cluster_0->texture_a,cluster_1->texture_b",0.9264622173803652,0.8653415453337543,0.017491284591901347,0.8653415453337543,"[""fpn_1""]",fpn_1,"[""fpn_2"", ""fpn_1"", ""fpn_0""]","{""fpn_0"": [256, 288, 288], ""fpn_1"": [256, 144, 144], ""fpn_2"": [256, 72, 72]}","{""fpn_1"": [256, 144, 144]}",144,144,64,32,False,[0.0],"{""fpn_1"": 1.0}",fpn_1=1.000,deterministic_kmeans,cosine,2,outputs/rwtd_sam3_auto/coarse_vs_fine_sam_scales/stage2/train_fpn_1_only_test/checkpoint.pt,permutation_invariant_binary_partition,architexture_binary_v1,0.9264622173803652,0.8653415453337543
fpn_1_only,test,201,485,"cluster_1->texture_a,cluster_0->texture_b",0.026474546491823812,0.7996850669176179,0.8966908862440719,0.7996850669176179,"[""fpn_1""]",fpn_1,"[""fpn_2"", ""fpn_1"", ""fpn_0""]","{""fpn_0"": [256, 288, 288], ""fpn_1"": [256, 144, 144], ""fpn_2"": [256, 72, 72]}","{""fpn_1"": [256, 144, 144]}",144,144,64,32,False,[0.0],"{""fpn_1"": 1.0}",fpn_1=1.000,deterministic_kmeans,cosine,2,outputs/rwtd_sam3_auto/coarse_vs_fine_sam_scales/stage2/train_fpn_1_only_test/checkpoint.pt,permutation_invariant_binary_partition,architexture_binary_v1,0.8966908862440719,0.7996850669176179
fpn_1_only,test,202,492,"cluster_1->texture_a,cluster_0->texture_b",0.015368796582023092,0.8808919920180185,0.9396825482797074,0.8808919920180185,"[""fpn_1""]",fpn_1,"[""fpn_2"", ""fpn_1"", ""fpn_0""]","{""fpn_0"": [256, 288, 288], ""fpn_1"": [256, 144, 144], ""fpn_2"": [256, 72, 72]}","{""fpn_1"": [256, 144, 144]}",144,144,64,32,False,[0.0],"{""fpn_1"": 1.0}",fpn_1=1.000,deterministic_kmeans,cosine,2,outputs/rwtd_sam3_auto/coarse_vs_fine_sam_scales/stage2/train_fpn_1_only_test/checkpoint.pt,permutation_invariant_binary_partition,architexture_binary_v1,0.9396825482797074,0.8808919920180185
fpn_1_only,test,203,5,"cluster_0->texture_a,cluster_1->texture_b",0.9250675533754387,0.8693766900185697,0.016599347939315334,0.8693766900185697,"[""fpn_1""]",fpn_1,"[""fpn_2"", ""fpn_1"", ""fpn_0""]","{""fpn_0"": [256, 288, 288], ""fpn_1"": [256, 144, 144], ""fpn_2"": [256, 72, 72]}","{""fpn_1"": [256, 144, 144]}",144,144,64,32,False,[0.0],"{""fpn_1"": 1.0}",fpn_1=1.000,deterministic_kmeans,cosine,2,outputs/rwtd_sam3_auto/coarse_vs_fine_sam_scales/stage2/train_fpn_1_only_test/checkpoint.pt,permutation_invariant_binary_partition,architexture_binary_v1,0.9250675533754387,0.8693766900185697
fpn_1_only,test,204,51,"cluster_1->texture_a,cluster_0->texture_b",0.0372357224808043,0.7312959284574014,0.8642951796983758,0.7312959284574014,"[""fpn_1""]",fpn_1,"[""fpn_2"", ""fpn_1"", ""fpn_0""]","{""fpn_0"": [256, 288, 288], ""fpn_1"": [256, 144, 144], ""fpn_2"": [256, 72, 72]}","{""fpn_1"": [256, 144, 144]}",144,144,64,32,False,[0.0],"{""fpn_1"": 1.0}",fpn_1=1.000,deterministic_kmeans,cosine,2,outputs/rwtd_sam3_auto/coarse_vs_fine_sam_scales/stage2/train_fpn_1_only_test/checkpoint.pt,permutation_invariant_binary_partition,architexture_binary_v1,0.8642951796983758,0.7312959284574014
fpn_1_only,test,205,56,"cluster_1->texture_a,cluster_0->texture_b",0.01784610919678008,0.8637444809920787,0.9313722839107952,0.8637444809920787,"[""fpn_1""]",fpn_1,"[""fpn_2"", ""fpn_1"", ""fpn_0""]","{""fpn_0"": [256, 288, 288], ""fpn_1"": [256, 144, 144], ""fpn_2"": [256, 72, 72]}","{""fpn_1"": [256, 144, 144]}",144,144,64,32,False,[0.0],"{""fpn_1"": 1.0}",fpn_1=1.000,deterministic_kmeans,cosine,2,outputs/rwtd_sam3_auto/coarse_vs_fine_sam_scales/stage2/train_fpn_1_only_test/checkpoint.pt,permutation_invariant_binary_partition,architexture_binary_v1,0.9313722839107952,0.8637444809920787
fpn_1_only,test,206,58,"cluster_0->texture_a,cluster_1->texture_b",0.8748826298863206,0.7514794473796605,0.03438903526974994,0.7514794473796605,"[""fpn_1""]",fpn_1,"[""fpn_2"", ""fpn_1"", ""fpn_0""]","{""fpn_0"": [256, 288, 288], ""fpn_1"": [256, 144, 144], ""fpn_2"": [256, 72, 72]}","{""fpn_1"": [256, 144, 144]}",144,144,64,32,False,[0.0],"{""fpn_1"": 1.0}",fpn_1=1.000,deterministic_kmeans,cosine,2,outputs/rwtd_sam3_auto/coarse_vs_fine_sam_scales/stage2/train_fpn_1_only_test/checkpoint.pt,permutation_invariant_binary_partition,architexture_binary_v1,0.8748826298863206,0.7514794473796605
fpn_1_only,test,207,59,"cluster_0->texture_a,cluster_1->texture_b",0.9243615554507703,0.8496784572075593,0.019927895593918797,0.8496784572075593,"[""fpn_1""]",fpn_1,"[""fpn_2"", ""fpn_1"", ""fpn_0""]","{""fpn_0"": [256, 288, 288], ""fpn_1"": [256, 144, 144], ""fpn_2"": [256, 72, 72]}","{""fpn_1"": [256, 144, 144]}",144,144,64,32,False,[0.0],"{""fpn_1"": 1.0}",fpn_1=1.000,deterministic_kmeans,cosine,2,outputs/rwtd_sam3_auto/coarse_vs_fine_sam_scales/stage2/train_fpn_1_only_test/checkpoint.pt,permutation_invariant_binary_partition,architexture_binary_v1,0.9243615554507703,0.8496784572075593
fpn_1_only,test,208,60,"cluster_1->texture_a,cluster_0->texture_b",0.04494611729725716,0.6805087058877689,0.8281578128652791,0.6805087058877689,"[""fpn_1""]",fpn_1,"[""fpn_2"", ""fpn_1"", ""fpn_0""]","{""fpn_0"": [256, 288, 288], ""fpn_1"": [256, 144, 144], ""fpn_2"": [256, 72, 72]}","{""fpn_1"": [256, 144, 144]}",144,144,64,32,False,[0.0],"{""fpn_1"": 1.0}",fpn_1=1.000,deterministic_kmeans,cosine,2,outputs/rwtd_sam3_auto/coarse_vs_fine_sam_scales/stage2/train_fpn_1_only_test/checkpoint.pt,permutation_invariant_binary_partition,architexture_binary_v1,0.8281578128652791,0.6805087058877689
fpn_1_only,test,209,63,"cluster_0->texture_a,cluster_1->texture_b",0.5995570015330469,0.2571061529669099,0.12636744163056898,0.2571061529669099,"[""fpn_1""]",fpn_1,"[""fpn_2"", ""fpn_1"", ""fpn_0""]","{""fpn_0"": [256, 288, 288], ""fpn_1"": [256, 144, 144], ""fpn_2"": [256, 72, 72]}","{""fpn_1"": [256, 144, 144]}",144,144,64,32,False,[0.0],"{""fpn_1"": 1.0}",fpn_1=1.000,deterministic_kmeans,cosine,2,outputs/rwtd_sam3_auto/coarse_vs_fine_sam_scales/stage2/train_fpn_1_only_test/checkpoint.pt,permutation_invariant_binary_partition,architexture_binary_v1,0.5995570015330469,0.2571061529669099
fpn_1_only,test,210,67,"cluster_0->texture_a,cluster_1->texture_b",0.7892540944117579,0.5924500735061088,0.05932507507884282,0.5924500735061088,"[""fpn_1""]",fpn_1,"[""fpn_2"", ""fpn_1"", ""fpn_0""]","{""fpn_0"": [256, 288, 288], ""fpn_1"": [256, 144, 144], ""fpn_2"": [256, 72, 72]}","{""fpn_1"": [256, 144, 144]}",144,144,64,32,False,[0.0],"{""fpn_1"": 1.0}",fpn_1=1.000,deterministic_kmeans,cosine,2,outputs/rwtd_sam3_auto/coarse_vs_fine_sam_scales/stage2/train_fpn_1_only_test/checkpoint.pt,permutation_invariant_binary_partition,architexture_binary_v1,0.7892540944117579,0.5924500735061088
fpn_1_only,test,211,69,"cluster_1->texture_a,cluster_0->texture_b",0.1087478305397119,0.36923000457352195,0.6707605874970175,0.36923000457352195,"[""fpn_1""]",fpn_1,"[""fpn_2"", ""fpn_1"", ""fpn_0""]","{""fpn_0"": [256, 288, 288], ""fpn_1"": [256, 144, 144], ""fpn_2"": [256, 72, 72]}","{""fpn_1"": [256, 144, 144]}",144,144,64,32,False,[0.0],"{""fpn_1"": 1.0}",fpn_1=1.000,deterministic_kmeans,cosine,2,outputs/rwtd_sam3_auto/coarse_vs_fine_sam_scales/stage2/train_fpn_1_only_test/checkpoint.pt,permutation_invariant_binary_partition,architexture_binary_v1,0.6707605874970175,0.36923000457352195
fpn_1_only,test,212,70,"cluster_1->texture_a,cluster_0->texture_b",0.05920541819650421,0.5989066420815381,0.7967005523063292,0.5989066420815381,"[""fpn_1""]",fpn_1,"[""fpn_2"", ""fpn_1"", ""fpn_0""]","{""fpn_0"": [256, 288, 288], ""fpn_1"": [256, 144, 144], ""fpn_2"": [256, 72, 72]}","{""fpn_1"": [256, 144, 144]}",144,144,64,32,False,[0.0],"{""fpn_1"": 1.0}",fpn_1=1.000,deterministic_kmeans,cosine,2,outputs/rwtd_sam3_auto/coarse_vs_fine_sam_scales/stage2/train_fpn_1_only_test/checkpoint.pt,permutation_invariant_binary_partition,architexture_binary_v1,0.7967005523063292,0.5989066420815381
fpn_1_only,test,213,71,"cluster_0->texture_a,cluster_1->texture_b",0.8750218254845754,0.8063842975893548,0.022495079546476143,0.8063842975893548,"[""fpn_1""]",fpn_1,"[""fpn_2"", ""fpn_1"", ""fpn_0""]","{""fpn_0"": [256, 288, 288], ""fpn_1"": [256, 144, 144], ""fpn_2"": [256, 72, 72]}","{""fpn_1"": [256, 144, 144]}",144,144,64,32,False,[0.0],"{""fpn_1"": 1.0}",fpn_1=1.000,deterministic_kmeans,cosine,2,outputs/rwtd_sam3_auto/coarse_vs_fine_sam_scales/stage2/train_fpn_1_only_test/checkpoint.pt,permutation_invariant_binary_partition,architexture_binary_v1,0.8750218254845754,0.8063842975893548
fpn_1_only,test,214,73,"cluster_1->texture_a,cluster_0->texture_b",0.021836127538216624,0.8356746811344339,0.9175323911615102,0.8356746811344339,"[""fpn_1""]",fpn_1,"[""fpn_2"", ""fpn_1"", ""fpn_0""]","{""fpn_0"": [256, 288, 288], ""fpn_1"": [256, 144, 144], ""fpn_2"": [256, 72, 72]}","{""fpn_1"": [256, 144, 144]}",144,144,64,32,False,[0.0],"{""fpn_1"": 1.0}",fpn_1=1.000,deterministic_kmeans,cosine,2,outputs/rwtd_sam3_auto/coarse_vs_fine_sam_scales/stage2/train_fpn_1_only_test/checkpoint.pt,permutation_invariant_binary_partition,architexture_binary_v1,0.9175323911615102,0.8356746811344339
fpn_1_only,test,215,74,"cluster_1->texture_a,cluster_0->texture_b",0.061743501528267325,0.5887333880891128,0.7905244727929643,0.5887333880891128,"[""fpn_1""]",fpn_1,"[""fpn_2"", ""fpn_1"", ""fpn_0""]","{""fpn_0"": [256, 288, 288], ""fpn_1"": [256, 144, 144], ""fpn_2"": [256, 72, 72]}","{""fpn_1"": [256, 144, 144]}",144,144,64,32,False,[0.0],"{""fpn_1"": 1.0}",fpn_1=1.000,deterministic_kmeans,cosine,2,outputs/rwtd_sam3_auto/coarse_vs_fine_sam_scales/stage2/train_fpn_1_only_test/checkpoint.pt,permutation_invariant_binary_partition,architexture_binary_v1,0.7905244727929643,0.5887333880891128
fpn_1_only,test,216,76,"cluster_0->texture_a,cluster_1->texture_b",0.8887625174352327,0.7794549614076057,0.030123221227805006,0.7794549614076057,"[""fpn_1""]",fpn_1,"[""fpn_2"", ""fpn_1"", ""fpn_0""]","{""fpn_0"": [256, 288, 288], ""fpn_1"": [256, 144, 144], ""fpn_2"": [256, 72, 72]}","{""fpn_1"": [256, 144, 144]}",144,144,64,32,False,[0.0],"{""fpn_1"": 1.0}",fpn_1=1.000,deterministic_kmeans,cosine,2,outputs/rwtd_sam3_auto/coarse_vs_fine_sam_scales/stage2/train_fpn_1_only_test/checkpoint.pt,permutation_invariant_binary_partition,architexture_binary_v1,0.8887625174352327,0.7794549614076057
fpn_1_only,test,217,77,"cluster_1->texture_a,cluster_0->texture_b",0.23032535417825564,0.0015176721473071455,0.3695591210774728,0.0015176721473071455,"[""fpn_1""]",fpn_1,"[""fpn_2"", ""fpn_1"", ""fpn_0""]","{""fpn_0"": [256, 288, 288], ""fpn_1"": [256, 144, 144], ""fpn_2"": [256, 72, 72]}","{""fpn_1"": [256, 144, 144]}",144,144,64,32,False,[0.0],"{""fpn_1"": 1.0}",fpn_1=1.000,deterministic_kmeans,cosine,2,outputs/rwtd_sam3_auto/coarse_vs_fine_sam_scales/stage2/train_fpn_1_only_test/checkpoint.pt,permutation_invariant_binary_partition,architexture_binary_v1,0.3695591210774728,0.0015176721473071455
fpn_1_only,test,218,78,"cluster_0->texture_a,cluster_1->texture_b",0.868390344717535,0.7541018215771181,0.033646444515516336,0.7541018215771181,"[""fpn_1""]",fpn_1,"[""fpn_2"", ""fpn_1"", ""fpn_0""]","{""fpn_0"": [256, 288, 288], ""fpn_1"": [256, 144, 144], ""fpn_2"": [256, 72, 72]}","{""fpn_1"": [256, 144, 144]}",144,144,64,32,False,[0.0],"{""fpn_1"": 1.0}",fpn_1=1.000,deterministic_kmeans,cosine,2,outputs/rwtd_sam3_auto/coarse_vs_fine_sam_scales/stage2/train_fpn_1_only_test/checkpoint.pt,permutation_invariant_binary_partition,architexture_binary_v1,0.868390344717535,0.7541018215771181
fpn_1_only,test,219,79,"cluster_0->texture_a,cluster_1->texture_b",0.8738797530878591,0.8116503211650788,0.02086101123077566,0.8116503211650788,"[""fpn_1""]",fpn_1,"[""fpn_2"", ""fpn_1"", ""fpn_0""]","{""fpn_0"": [256, 288, 288], ""fpn_1"": [256, 144, 144], ""fpn_2"": [256, 72, 72]}","{""fpn_1"": [256, 144, 144]}",144,144,64,32,False,[0.0],"{""fpn_1"": 1.0}",fpn_1=1.000,deterministic_kmeans,cosine,2,outputs/rwtd_sam3_auto/coarse_vs_fine_sam_scales/stage2/train_fpn_1_only_test/checkpoint.pt,permutation_invariant_binary_partition,architexture_binary_v1,0.8738797530878591,0.8116503211650788
fpn_1_only,test,220,8,"cluster_0->texture_a,cluster_1->texture_b",0.7790592329564654,0.5750239071170348,0.06367939436851026,0.5750239071170348,"[""fpn_1""]",fpn_1,"[""fpn_2"", ""fpn_1"", ""fpn_0""]","{""fpn_0"": [256, 288, 288], ""fpn_1"": [256, 144, 144], ""fpn_2"": [256, 72, 72]}","{""fpn_1"": [256, 144, 144]}",144,144,64,32,False,[0.0],"{""fpn_1"": 1.0}",fpn_1=1.000,deterministic_kmeans,cosine,2,outputs/rwtd_sam3_auto/coarse_vs_fine_sam_scales/stage2/train_fpn_1_only_test/checkpoint.pt,permutation_invariant_binary_partition,architexture_binary_v1,0.7790592329564654,0.5750239071170348
fpn_1_only,test,221,84,"cluster_1->texture_a,cluster_0->texture_b",0.01865426032255394,0.8587040457281745,0.9273670710169988,0.8587040457281745,"[""fpn_1""]",fpn_1,"[""fpn_2"", ""fpn_1"", ""fpn_0""]","{""fpn_0"": [256, 288, 288], ""fpn_1"": [256, 144, 144], ""fpn_2"": [256, 72, 72]}","{""fpn_1"": [256, 144, 144]}",144,144,64,32,False,[0.0],"{""fpn_1"": 1.0}",fpn_1=1.000,deterministic_kmeans,cosine,2,outputs/rwtd_sam3_auto/coarse_vs_fine_sam_scales/stage2/train_fpn_1_only_test/checkpoint.pt,permutation_invariant_binary_partition,architexture_binary_v1,0.9273670710169988,0.8587040457281745
fpn_1_only,test,222,85,"cluster_0->texture_a,cluster_1->texture_b",0.9599474848183778,0.9222127466999623,0.01000295076124238,0.9222127466999623,"[""fpn_1""]",fpn_1,"[""fpn_2"", ""fpn_1"", ""fpn_0""]","{""fpn_0"": [256, 288, 288], ""fpn_1"": [256, 144, 144], ""fpn_2"": [256, 72, 72]}","{""fpn_1"": [256, 144, 144]}",144,144,64,32,False,[0.0],"{""fpn_1"": 1.0}",fpn_1=1.000,deterministic_kmeans,cosine,2,outputs/rwtd_sam3_auto/coarse_vs_fine_sam_scales/stage2/train_fpn_1_only_test/checkpoint.pt,permutation_invariant_binary_partition,architexture_binary_v1,0.9599474848183778,0.9222127466999623
fpn_1_only,test,223,86,"cluster_0->texture_a,cluster_1->texture_b",0.9149595097317664,0.8414746326357377,0.020955311854226097,0.8414746326357377,"[""fpn_1""]",fpn_1,"[""fpn_2"", ""fpn_1"", ""fpn_0""]","{""fpn_0"": [256, 288, 288], ""fpn_1"": [256, 144, 144], ""fpn_2"": [256, 72, 72]}","{""fpn_1"": [256, 144, 144]}",144,144,64,32,False,[0.0],"{""fpn_1"": 1.0}",fpn_1=1.000,deterministic_kmeans,cosine,2,outputs/rwtd_sam3_auto/coarse_vs_fine_sam_scales/stage2/train_fpn_1_only_test/checkpoint.pt,permutation_invariant_binary_partition,architexture_binary_v1,0.9149595097317664,0.8414746326357377
fpn_1_only,test,224,88,"cluster_0->texture_a,cluster_1->texture_b",0.8932821003430234,0.7874036965962367,0.028522293752912528,0.7874036965962367,"[""fpn_1""]",fpn_1,"[""fpn_2"", ""fpn_1"", ""fpn_0""]","{""fpn_0"": [256, 288, 288], ""fpn_1"": [256, 144, 144], ""fpn_2"": [256, 72, 72]}","{""fpn_1"": [256, 144, 144]}",144,144,64,32,False,[0.0],"{""fpn_1"": 1.0}",fpn_1=1.000,deterministic_kmeans,cosine,2,outputs/rwtd_sam3_auto/coarse_vs_fine_sam_scales/stage2/train_fpn_1_only_test/checkpoint.pt,permutation_invariant_binary_partition,architexture_binary_v1,0.8932821003430234,0.7874036965962367
fpn_1_only,test,225,95,"cluster_1->texture_a,cluster_0->texture_b",0.17216855165296024,0.1455025115272535,0.522653319930327,0.1455025115272535,"[""fpn_1""]",fpn_1,"[""fpn_2"", ""fpn_1"", ""fpn_0""]","{""fpn_0"": [256, 288, 288], ""fpn_1"": [256, 144, 144], ""fpn_2"": [256, 72, 72]}","{""fpn_1"": [256, 144, 144]}",144,144,64,32,False,[0.0],"{""fpn_1"": 1.0}",fpn_1=1.000,deterministic_kmeans,cosine,2,outputs/rwtd_sam3_auto/coarse_vs_fine_sam_scales/stage2/train_fpn_1_only_test/checkpoint.pt,permutation_invariant_binary_partition,architexture_binary_v1,0.522653319930327,0.1455025115272535
fpn_1_only,test,226,96,"cluster_1->texture_a,cluster_0->texture_b",0.18041418384746755,0.10270671257488635,0.4922813284759161,0.10270671257488635,"[""fpn_1""]",fpn_1,"[""fpn_2"", ""fpn_1"", ""fpn_0""]","{""fpn_0"": [256, 288, 288], ""fpn_1"": [256, 144, 144], ""fpn_2"": [256, 72, 72]}","{""fpn_1"": [256, 144, 144]}",144,144,64,32,False,[0.0],"{""fpn_1"": 1.0}",fpn_1=1.000,deterministic_kmeans,cosine,2,outputs/rwtd_sam3_auto/coarse_vs_fine_sam_scales/stage2/train_fpn_1_only_test/checkpoint.pt,permutation_invariant_binary_partition,architexture_binary_v1,0.4922813284759161,0.10270671257488635
