{
  "edge_metrics": {
    "AP": 0.44722284805557694,
    "ODS_threshold": 0.02,
    "ODS_recall": 0.5109546523039004,
    "ODS_precision": 0.6977653805397993,
    "ODS_f1": 0.5899239819242981,
    "OIS_recall": 0.5132539881781044,
    "OIS_precision": 0.7344987507552624,
    "OIS_f1": 0.6042614075273224
  },
  "generic_metrics": null,
  "meta": {
    "generic": {
      "metrics_namespace": "pixel",
      "enabled": false
    },
    "edge": {
      "protocol": "legacy",
      "ap_mode": "bsds_interp",
      "edge_keys_mode": "legacy_minimal",
      "thresholds": 99,
      "max_dist": 0.0075,
      "apply_thinning": true,
      "apply_nms": true
    }
  }
}