{
  "edge/AP": 0.44722284805557694,
  "edge/ODS_threshold": 0.02,
  "edge/ODS_recall": 0.5109546523039004,
  "edge/ODS_precision": 0.6977653805397993,
  "edge/ODS_f1": 0.5899239819242981,
  "edge/OIS_recall": 0.5132539881781044,
  "edge/OIS_precision": 0.7344987507552624,
  "edge/OIS_f1": 0.6042614075273224
}