{
  "edge/AP": 0.5772603846911754,
  "edge/ODS_threshold": 0.22,
  "edge/ODS_recall": 0.6164160029212407,
  "edge/ODS_precision": 0.6897040422869691,
  "edge/ODS_f1": 0.6510038805466509,
  "edge/OIS_recall": 0.6929730469908939,
  "edge/OIS_precision": 0.6615827087327871,
  "edge/OIS_f1": 0.6769141595978286
}