{
  "edge/AP": 0.4441452822320509,
  "edge/ODS_threshold": 0.013900000000000001,
  "edge/ODS_recall": 0.5155534381632699,
  "edge/ODS_precision": 0.6809636952998823,
  "edge/ODS_f1": 0.5868251520311911,
  "edge/OIS_recall": 0.5110573521692494,
  "edge/OIS_precision": 0.7264499071378172,
  "edge/OIS_f1": 0.6000087082048036
}