{
  "edge_metrics": {
    "AP": 0.4398227240963746,
    "ODS_threshold": 0.02,
    "ODS_recall": 0.507354451468608,
    "ODS_precision": 0.6962884660559079,
    "ODS_f1": 0.5869931150116511,
    "OIS_recall": 0.5099162425542597,
    "OIS_precision": 0.7283603497876987,
    "OIS_f1": 0.5998704571921427
  },
  "generic_metrics": null,
  "meta": {
    "generic": {
      "metrics_namespace": "pixel",
      "enabled": false
    },
    "edge": {
      "protocol": "legacy",
      "ap_mode": "bsds_interp",
      "edge_keys_mode": "legacy_minimal",
      "thresholds": 99,
      "max_dist": 0.0075,
      "apply_thinning": true,
      "apply_nms": true
    }
  }
}