{
  "edge_metrics": {
    "AP": 0.4494530832177026,
    "ODS_threshold": 0.01,
    "ODS_recall": 0.49141509338870465,
    "ODS_precision": 0.822015352501515,
    "ODS_f1": 0.6151079449703032,
    "OIS_recall": 0.49020149381608524,
    "OIS_precision": 0.8316657560442563,
    "OIS_f1": 0.6168301635609039
  },
  "generic_metrics": null,
  "meta": {
    "generic": {
      "metrics_namespace": "pixel",
      "enabled": false
    },
    "edge": {
      "protocol": "legacy",
      "ap_mode": "bsds_interp",
      "edge_keys_mode": "legacy_minimal",
      "thresholds": 99,
      "max_dist": 0.0075,
      "apply_thinning": true,
      "apply_nms": true
    }
  }
}