variant,split,sample_index,crop_name,points_per_crop,stability_score_thresh,num_predicted_masks,miou,ari,miou_agg,texture_a_best_iou,texture_b_best_iou,texture_a_agg_iou,texture_b_agg_iou,texture_a_overlap_mask_count,texture_b_overlap_mask_count,mask_score_mean,mask_score_median,feature_cluster_coarse_to_fine_global_pooled_init_coarse_only_status,label_permutation_invariant,assignment_used,assignment_source_for_texture_a,assignment_source_for_texture_b,assignment_direct_miou,assignment_direct_ari,assignment_swapped_miou,assignment_swapped_ari,num_feature_levels,coarsest_level_name,finest_level_name,feature_level_names,feature_level_resolutions,cluster_pixel_count_a,cluster_pixel_count_b,rough_mask_positive_pixels_a,rough_mask_positive_pixels_b,refined_mask_positive_pixels_a,refined_mask_positive_pixels_b,refined_score_a,refined_score_b,refined_pair_selection_score,refined_pair_overlap_iou,output_stage,coarsest_init_mode,multiscale_refinement_applied,sam_refinement_applied,coarsest_pool_kernel_size,coarsest_pool_stride,pooled_grid_resolution,active_coarsest_cluster0_num_components,active_coarsest_cluster0_num_1_cell_components,active_coarsest_cluster0_num_2_cell_components,active_coarsest_cluster0_tiny_component_pixels,active_coarsest_cluster0_tiny_component_pixel_fraction,active_coarsest_cluster0_largest_component_size,active_coarsest_cluster0_smallest_component_size,active_coarsest_cluster1_num_components,active_coarsest_cluster1_num_1_cell_components,active_coarsest_cluster1_num_2_cell_components,active_coarsest_cluster1_tiny_component_pixels,active_coarsest_cluster1_tiny_component_pixel_fraction,active_coarsest_cluster1_largest_component_size,active_coarsest_cluster1_smallest_component_size,active_coarsest_component_stats_json
feature_cluster_coarse_to_fine_global_pooled_init_coarse_only,test,0,1,0,0.0,2,0.38076400751630585,0.025301265264227105,0.5,0.24800875872451075,0.5135192563081009,0.17388916015625,0.82611083984375,2,2,0.0,0.0,ok,True,"cluster_b->texture_a,cluster_a->texture_b",cluster_b,cluster_a,0.22778200775430152,0.025301265264227105,0.38076400751630585,0.025301265264227105,1,fpn_2,fpn_2,fpn_2,72x72,31336,34200,31336,34200,31336,34200,0.0,0.0,0.0,0.0,coarsest_pooled_direct,pooled_avg_pool_coarse_only,False,False,3,3,24x24,1,0,0,0,0.0,2475,2475,1,0,0,0,0.0,2709,2709,"{""cluster_0"": {""cluster_value"": 0, ""component_size_histogram"": {""2475"": 1}, ""largest_component_size"": 2475, ""num_1_cell_components"": 0, ""num_2_cell_components"": 0, ""num_components"": 1, ""smallest_component_size"": 2475, ""tiny_component_pixel_fraction"": 0.0, ""tiny_component_pixels"": 0}, ""cluster_1"": {""cluster_value"": 1, ""component_size_histogram"": {""2709"": 1}, ""largest_component_size"": 2709, ""num_1_cell_components"": 0, ""num_2_cell_components"": 0, ""num_components"": 1, ""smallest_component_size"": 2709, ""tiny_component_pixel_fraction"": 0.0, ""tiny_component_pixels"": 0}}"
feature_cluster_coarse_to_fine_global_pooled_init_coarse_only,test,1,101,0,0.0,2,0.8723049799226156,0.7471930931108635,0.5,0.8627560003706792,0.8818539594745519,0.4478607177734375,0.5521392822265625,2,2,0.0,0.0,ok,True,"cluster_a->texture_a,cluster_b->texture_b",cluster_a,cluster_b,0.8723049799226156,0.7471930931108635,0.034932482134841694,0.7471930931108635,1,fpn_2,fpn_2,fpn_2,72x72,30952,34584,30952,34584,30952,34584,0.0,0.0,0.0,0.0,coarsest_pooled_direct,pooled_avg_pool_coarse_only,False,False,3,3,24x24,1,0,0,0,0.0,2448,2448,3,0,0,0,0.0,2475,117,"{""cluster_0"": {""cluster_value"": 0, ""component_size_histogram"": {""2448"": 1}, ""largest_component_size"": 2448, ""num_1_cell_components"": 0, ""num_2_cell_components"": 0, ""num_components"": 1, ""smallest_component_size"": 2448, ""tiny_component_pixel_fraction"": 0.0, ""tiny_component_pixels"": 0}, ""cluster_1"": {""cluster_value"": 1, ""component_size_histogram"": {""117"": 1, ""144"": 1, ""2475"": 1}, ""largest_component_size"": 2475, ""num_1_cell_components"": 0, ""num_2_cell_components"": 0, ""num_components"": 3, ""smallest_component_size"": 117, ""tiny_component_pixel_fraction"": 0.0, ""tiny_component_pixels"": 0}}"
feature_cluster_coarse_to_fine_global_pooled_init_coarse_only,test,2,102,0,0.0,2,0.7736887123265659,0.5562335253340307,0.5,0.7870746734156505,0.7603027512374813,0.5783843994140625,0.4216156005859375,2,2,0.0,0.0,ok,True,"cluster_b->texture_a,cluster_a->texture_b",cluster_b,cluster_a,0.0656948348609005,0.5562335253340307,0.7736887123265659,0.5562335253340307,1,fpn_2,fpn_2,fpn_2,72x72,33536,32000,33536,32000,33536,32000,0.0,0.0,0.0,0.0,coarsest_pooled_direct,pooled_avg_pool_coarse_only,False,False,3,3,24x24,3,0,0,0,0.0,2610,18,2,0,0,0,0.0,2529,9,"{""cluster_0"": {""cluster_value"": 0, ""component_size_histogram"": {""18"": 2, ""2610"": 1}, ""largest_component_size"": 2610, ""num_1_cell_components"": 0, ""num_2_cell_components"": 0, ""num_components"": 3, ""smallest_component_size"": 18, ""tiny_component_pixel_fraction"": 0.0, ""tiny_component_pixels"": 0}, ""cluster_1"": {""cluster_value"": 1, ""component_size_histogram"": {""2529"": 1, ""9"": 1}, ""largest_component_size"": 2529, ""num_1_cell_components"": 0, ""num_2_cell_components"": 0, ""num_components"": 2, ""smallest_component_size"": 9, ""tiny_component_pixel_fraction"": 0.0, ""tiny_component_pixels"": 0}}"
feature_cluster_coarse_to_fine_global_pooled_init_coarse_only,test,3,103,0,0.0,2,0.7187773509165699,0.4824290144747454,0.5,0.7885252165053489,0.6490294853277909,0.7149658203125,0.2850341796875,2,2,0.0,0.0,ok,True,"cluster_b->texture_a,cluster_a->texture_b",cluster_b,cluster_a,0.0766416735888457,0.4824290144747454,0.7187773509165699,0.4824290144747454,1,fpn_2,fpn_2,fpn_2,72x72,28131,37405,28131,37405,28131,37405,0.0,0.0,0.0,0.0,coarsest_pooled_direct,pooled_avg_pool_coarse_only,False,False,3,3,24x24,1,0,0,0,0.0,2223,2223,2,0,0,0,0.0,2943,18,"{""cluster_0"": {""cluster_value"": 0, ""component_size_histogram"": {""2223"": 1}, ""largest_component_size"": 2223, ""num_1_cell_components"": 0, ""num_2_cell_components"": 0, ""num_components"": 1, ""smallest_component_size"": 2223, ""tiny_component_pixel_fraction"": 0.0, ""tiny_component_pixels"": 0}, ""cluster_1"": {""cluster_value"": 1, ""component_size_histogram"": {""18"": 1, ""2943"": 1}, ""largest_component_size"": 2943, ""num_1_cell_components"": 0, ""num_2_cell_components"": 0, ""num_components"": 2, ""smallest_component_size"": 18, ""tiny_component_pixel_fraction"": 0.0, ""tiny_component_pixels"": 0}}"
feature_cluster_coarse_to_fine_global_pooled_init_coarse_only,test,4,104,0,0.0,2,0.5671665709989876,0.3084983840224355,0.5,0.8991583418547943,0.235174800143181,0.9693603515625,0.0306396484375,2,2,0.0,0.0,ok,True,"cluster_b->texture_a,cluster_a->texture_b",cluster_b,cluster_a,0.04896229313842839,0.3084983840224355,0.5671665709989876,0.3084983840224355,1,fpn_2,fpn_2,fpn_2,72x72,8344,57192,8344,57192,8344,57192,0.0,0.0,0.0,0.0,coarsest_pooled_direct,pooled_avg_pool_coarse_only,False,False,3,3,24x24,3,0,0,0,0.0,603,27,1,0,0,0,0.0,4527,4527,"{""cluster_0"": {""cluster_value"": 0, ""component_size_histogram"": {""27"": 2, ""603"": 1}, ""largest_component_size"": 603, ""num_1_cell_components"": 0, ""num_2_cell_components"": 0, ""num_components"": 3, ""smallest_component_size"": 27, ""tiny_component_pixel_fraction"": 0.0, ""tiny_component_pixels"": 0}, ""cluster_1"": {""cluster_value"": 1, ""component_size_histogram"": {""4527"": 1}, ""largest_component_size"": 4527, ""num_1_cell_components"": 0, ""num_2_cell_components"": 0, ""num_components"": 1, ""smallest_component_size"": 4527, ""tiny_component_pixel_fraction"": 0.0, ""tiny_component_pixels"": 0}}"
feature_cluster_coarse_to_fine_global_pooled_init_coarse_only,test,5,106,0,0.0,2,0.30710781296648487,-0.010441075923721139,0.5,0.5204996796925048,0.09371594624046495,0.85498046875,0.14501953125,2,2,0.0,0.0,ok,True,"cluster_b->texture_a,cluster_a->texture_b",cluster_b,cluster_a,0.27527046698982005,-0.010441075923721139,0.30710781296648487,-0.010441075923721139,1,fpn_2,fpn_2,fpn_2,72x72,26628,38908,26628,38908,26628,38908,0.0,0.0,0.0,0.0,coarsest_pooled_direct,pooled_avg_pool_coarse_only,False,False,3,3,24x24,1,0,0,0,0.0,2115,2115,1,0,0,0,0.0,3069,3069,"{""cluster_0"": {""cluster_value"": 0, ""component_size_histogram"": {""2115"": 1}, ""largest_component_size"": 2115, ""num_1_cell_components"": 0, ""num_2_cell_components"": 0, ""num_components"": 1, ""smallest_component_size"": 2115, ""tiny_component_pixel_fraction"": 0.0, ""tiny_component_pixels"": 0}, ""cluster_1"": {""cluster_value"": 1, ""component_size_histogram"": {""3069"": 1}, ""largest_component_size"": 3069, ""num_1_cell_components"": 0, ""num_2_cell_components"": 0, ""num_components"": 1, ""smallest_component_size"": 3069, ""tiny_component_pixel_fraction"": 0.0, ""tiny_component_pixels"": 0}}"
feature_cluster_coarse_to_fine_global_pooled_init_coarse_only,test,6,12,0,0.0,2,0.8819208369116474,0.7651401033960868,0.5,0.8771987555342826,0.8866429182890122,0.4765472412109375,0.5234527587890625,2,2,0.0,0.0,ok,True,"cluster_b->texture_a,cluster_a->texture_b",cluster_b,cluster_a,0.03232622215321674,0.7651401033960868,0.8819208369116474,0.7651401033960868,1,fpn_2,fpn_2,fpn_2,72x72,34016,31520,34016,31520,34016,31520,0.0,0.0,0.0,0.0,coarsest_pooled_direct,pooled_avg_pool_coarse_only,False,False,3,3,24x24,1,0,0,0,0.0,2700,2700,4,0,0,0,0.0,2376,9,"{""cluster_0"": {""cluster_value"": 0, ""component_size_histogram"": {""2700"": 1}, ""largest_component_size"": 2700, ""num_1_cell_components"": 0, ""num_2_cell_components"": 0, ""num_components"": 1, ""smallest_component_size"": 2700, ""tiny_component_pixel_fraction"": 0.0, ""tiny_component_pixels"": 0}, ""cluster_1"": {""cluster_value"": 1, ""component_size_histogram"": {""2376"": 1, ""45"": 1, ""54"": 1, ""9"": 1}, ""largest_component_size"": 2376, ""num_1_cell_components"": 0, ""num_2_cell_components"": 0, ""num_components"": 4, ""smallest_component_size"": 9, ""tiny_component_pixel_fraction"": 0.0, ""tiny_component_pixels"": 0}}"
feature_cluster_coarse_to_fine_global_pooled_init_coarse_only,test,7,121,0,0.0,2,0.926309502044273,0.858654234960649,0.5,0.9413361373306598,0.9112828667578862,0.61163330078125,0.38836669921875,2,2,0.0,0.0,ok,True,"cluster_b->texture_a,cluster_a->texture_b",cluster_b,cluster_a,0.01860818983238957,0.858654234960649,0.926309502044273,0.858654234960649,1,fpn_2,fpn_2,fpn_2,72x72,26231,39305,26231,39305,26231,39305,0.0,0.0,0.0,0.0,coarsest_pooled_direct,pooled_avg_pool_coarse_only,False,False,3,3,24x24,4,0,0,0,0.0,1305,63,1,0,0,0,0.0,3105,3105,"{""cluster_0"": {""cluster_value"": 0, ""component_size_histogram"": {""1305"": 1, ""612"": 1, ""63"": 1, ""99"": 1}, ""largest_component_size"": 1305, ""num_1_cell_components"": 0, ""num_2_cell_components"": 0, ""num_components"": 4, ""smallest_component_size"": 63, ""tiny_component_pixel_fraction"": 0.0, ""tiny_component_pixels"": 0}, ""cluster_1"": {""cluster_value"": 1, ""component_size_histogram"": {""3105"": 1}, ""largest_component_size"": 3105, ""num_1_cell_components"": 0, ""num_2_cell_components"": 0, ""num_components"": 1, ""smallest_component_size"": 3105, ""tiny_component_pixel_fraction"": 0.0, ""tiny_component_pixels"": 0}}"
feature_cluster_coarse_to_fine_global_pooled_init_coarse_only,test,8,122,0,0.0,2,0.926935557659914,0.8541329155864718,0.5,0.9255284065357517,0.9283427087840762,0.504913330078125,0.495086669921875,2,2,0.0,0.0,ok,True,"cluster_a->texture_a,cluster_b->texture_b",cluster_a,cluster_b,0.926935557659914,0.8541329155864718,0.019091005626129032,0.8541329155864718,1,fpn_2,fpn_2,fpn_2,72x72,31136,34400,31136,34400,31136,34400,0.0,0.0,0.0,0.0,coarsest_pooled_direct,pooled_avg_pool_coarse_only,False,False,3,3,24x24,1,0,0,0,0.0,2457,2457,1,0,0,0,0.0,2727,2727,"{""cluster_0"": {""cluster_value"": 0, ""component_size_histogram"": {""2457"": 1}, ""largest_component_size"": 2457, ""num_1_cell_components"": 0, ""num_2_cell_components"": 0, ""num_components"": 1, ""smallest_component_size"": 2457, ""tiny_component_pixel_fraction"": 0.0, ""tiny_component_pixels"": 0}, ""cluster_1"": {""cluster_value"": 1, ""component_size_histogram"": {""2727"": 1}, ""largest_component_size"": 2727, ""num_1_cell_components"": 0, ""num_2_cell_components"": 0, ""num_components"": 1, ""smallest_component_size"": 2727, ""tiny_component_pixel_fraction"": 0.0, ""tiny_component_pixels"": 0}}"
feature_cluster_coarse_to_fine_global_pooled_init_coarse_only,test,9,125,0,0.0,2,0.9456273256207037,0.9052032451514982,0.5,0.9246345845675715,0.9666200666738359,0.3048553466796875,0.6951446533203125,2,2,0.0,0.0,ok,True,"cluster_a->texture_a,cluster_b->texture_b",cluster_a,cluster_b,0.9456273256207037,0.9052032451514982,0.011976522596251007,0.9052032451514982,1,fpn_2,fpn_2,fpn_2,72x72,19655,45881,19655,45881,19655,45881,0.0,0.0,0.0,0.0,coarsest_pooled_direct,pooled_avg_pool_coarse_only,False,False,3,3,24x24,1,0,0,0,0.0,1557,1557,1,0,0,0,0.0,3627,3627,"{""cluster_0"": {""cluster_value"": 0, ""component_size_histogram"": {""1557"": 1}, ""largest_component_size"": 1557, ""num_1_cell_components"": 0, ""num_2_cell_components"": 0, ""num_components"": 1, ""smallest_component_size"": 1557, ""tiny_component_pixel_fraction"": 0.0, ""tiny_component_pixels"": 0}, ""cluster_1"": {""cluster_value"": 1, ""component_size_histogram"": {""3627"": 1}, ""largest_component_size"": 3627, ""num_1_cell_components"": 0, ""num_2_cell_components"": 0, ""num_components"": 1, ""smallest_component_size"": 3627, ""tiny_component_pixel_fraction"": 0.0, ""tiny_component_pixels"": 0}}"
feature_cluster_coarse_to_fine_global_pooled_init_coarse_only,test,10,128,0,0.0,2,0.9458562044715306,0.9081464168002163,0.5,0.9689598192808886,0.9227525896621727,0.7135009765625,0.2864990234375,2,2,0.0,0.0,ok,True,"cluster_b->texture_a,cluster_a->texture_b",cluster_b,cluster_a,0.011429484685388094,0.9081464168002163,0.9458562044715306,0.9081464168002163,1,fpn_2,fpn_2,fpn_2,72x72,18162,47374,18162,47374,18162,47374,0.0,0.0,0.0,0.0,coarsest_pooled_direct,pooled_avg_pool_coarse_only,False,False,3,3,24x24,1,0,0,0,0.0,1449,1449,1,0,0,0,0.0,3735,3735,"{""cluster_0"": {""cluster_value"": 0, ""component_size_histogram"": {""1449"": 1}, ""largest_component_size"": 1449, ""num_1_cell_components"": 0, ""num_2_cell_components"": 0, ""num_components"": 1, ""smallest_component_size"": 1449, ""tiny_component_pixel_fraction"": 0.0, ""tiny_component_pixels"": 0}, ""cluster_1"": {""cluster_value"": 1, ""component_size_histogram"": {""3735"": 1}, ""largest_component_size"": 3735, ""num_1_cell_components"": 0, ""num_2_cell_components"": 0, ""num_components"": 1, ""smallest_component_size"": 3735, ""tiny_component_pixel_fraction"": 0.0, ""tiny_component_pixels"": 0}}"
feature_cluster_coarse_to_fine_global_pooled_init_coarse_only,test,11,129,0,0.0,2,0.8719601846223134,0.7500683729984864,0.5,0.8538592224924215,0.8900611467522053,0.3942108154296875,0.6057891845703125,2,2,0.0,0.0,ok,True,"cluster_a->texture_a,cluster_b->texture_b",cluster_a,cluster_b,0.8719601846223134,0.7500683729984864,0.03367495932854714,0.7500683729984864,1,fpn_2,fpn_2,fpn_2,72x72,29816,35720,29816,35720,29816,35720,0.0,0.0,0.0,0.0,coarsest_pooled_direct,pooled_avg_pool_coarse_only,False,False,3,3,24x24,1,0,0,0,0.0,2358,2358,2,0,0,0,0.0,2817,9,"{""cluster_0"": {""cluster_value"": 0, ""component_size_histogram"": {""2358"": 1}, ""largest_component_size"": 2358, ""num_1_cell_components"": 0, ""num_2_cell_components"": 0, ""num_components"": 1, ""smallest_component_size"": 2358, ""tiny_component_pixel_fraction"": 0.0, ""tiny_component_pixels"": 0}, ""cluster_1"": {""cluster_value"": 1, ""component_size_histogram"": {""2817"": 1, ""9"": 1}, ""largest_component_size"": 2817, ""num_1_cell_components"": 0, ""num_2_cell_components"": 0, ""num_components"": 2, ""smallest_component_size"": 9, ""tiny_component_pixel_fraction"": 0.0, ""tiny_component_pixels"": 0}}"
feature_cluster_coarse_to_fine_global_pooled_init_coarse_only,test,12,13,0,0.0,2,0.8369326412789909,0.6823307969728493,0.5,0.8145882812245827,0.8592770013333991,0.4673309326171875,0.5326690673828125,2,2,0.0,0.0,ok,True,"cluster_a->texture_a,cluster_b->texture_b",cluster_a,cluster_b,0.8369326412789909,0.6823307969728493,0.043629854447116846,0.6823307969728493,1,fpn_2,fpn_2,fpn_2,72x72,25148,40388,25148,40388,25148,40388,0.0,0.0,0.0,0.0,coarsest_pooled_direct,pooled_avg_pool_coarse_only,False,False,3,3,24x24,2,0,0,0,0.0,1980,9,1,0,0,0,0.0,3195,3195,"{""cluster_0"": {""cluster_value"": 0, ""component_size_histogram"": {""1980"": 1, ""9"": 1}, ""largest_component_size"": 1980, ""num_1_cell_components"": 0, ""num_2_cell_components"": 0, ""num_components"": 2, ""smallest_component_size"": 9, ""tiny_component_pixel_fraction"": 0.0, ""tiny_component_pixels"": 0}, ""cluster_1"": {""cluster_value"": 1, ""component_size_histogram"": {""3195"": 1}, ""largest_component_size"": 3195, ""num_1_cell_components"": 0, ""num_2_cell_components"": 0, ""num_components"": 1, ""smallest_component_size"": 3195, ""tiny_component_pixel_fraction"": 0.0, ""tiny_component_pixels"": 0}}"
feature_cluster_coarse_to_fine_global_pooled_init_coarse_only,test,13,134,0,0.0,2,0.9352473705178082,0.8709676927011634,0.5,0.9385259725657746,0.9319687684698417,0.528656005859375,0.471343994140625,2,2,0.0,0.0,ok,True,"cluster_b->texture_a,cluster_a->texture_b",cluster_b,cluster_a,0.016962287513052184,0.8709676927011634,0.9352473705178082,0.8709676927011634,1,fpn_2,fpn_2,fpn_2,72x72,31217,34319,31217,34319,31217,34319,0.0,0.0,0.0,0.0,coarsest_pooled_direct,pooled_avg_pool_coarse_only,False,False,3,3,24x24,1,0,0,0,0.0,2475,2475,1,0,0,0,0.0,2709,2709,"{""cluster_0"": {""cluster_value"": 0, ""component_size_histogram"": {""2475"": 1}, ""largest_component_size"": 2475, ""num_1_cell_components"": 0, ""num_2_cell_components"": 0, ""num_components"": 1, ""smallest_component_size"": 2475, ""tiny_component_pixel_fraction"": 0.0, ""tiny_component_pixels"": 0}, ""cluster_1"": {""cluster_value"": 1, ""component_size_histogram"": {""2709"": 1}, ""largest_component_size"": 2709, ""num_1_cell_components"": 0, ""num_2_cell_components"": 0, ""num_components"": 1, ""smallest_component_size"": 2709, ""tiny_component_pixel_fraction"": 0.0, ""tiny_component_pixels"": 0}}"
feature_cluster_coarse_to_fine_global_pooled_init_coarse_only,test,14,139,0,0.0,2,0.9089728857737625,0.8212833575334084,0.5,0.9206685438247526,0.8972772277227723,0.5692901611328125,0.4307098388671875,2,2,0.0,0.0,ok,True,"cluster_b->texture_a,cluster_a->texture_b",cluster_b,cluster_a,0.023987753367559813,0.8212833575334084,0.9089728857737625,0.8212833575334084,1,fpn_2,fpn_2,fpn_2,72x72,28494,37042,28494,37042,28494,37042,0.0,0.0,0.0,0.0,coarsest_pooled_direct,pooled_avg_pool_coarse_only,False,False,3,3,24x24,1,0,0,0,0.0,2250,2250,2,0,0,0,0.0,1953,981,"{""cluster_0"": {""cluster_value"": 0, ""component_size_histogram"": {""2250"": 1}, ""largest_component_size"": 2250, ""num_1_cell_components"": 0, ""num_2_cell_components"": 0, ""num_components"": 1, ""smallest_component_size"": 2250, ""tiny_component_pixel_fraction"": 0.0, ""tiny_component_pixels"": 0}, ""cluster_1"": {""cluster_value"": 1, ""component_size_histogram"": {""1953"": 1, ""981"": 1}, ""largest_component_size"": 1953, ""num_1_cell_components"": 0, ""num_2_cell_components"": 0, ""num_components"": 2, ""smallest_component_size"": 981, ""tiny_component_pixel_fraction"": 0.0, ""tiny_component_pixels"": 0}}"
feature_cluster_coarse_to_fine_global_pooled_init_coarse_only,test,15,14,0,0.0,2,0.9631246456682823,0.9266266022058799,0.5,0.965681467992716,0.9605678233438486,0.5388946533203125,0.4611053466796875,2,2,0.0,0.0,ok,True,"cluster_b->texture_a,cluster_a->texture_b",cluster_b,cluster_a,0.009421257004173534,0.9266266022058799,0.9631246456682823,0.9266266022058799,1,fpn_2,fpn_2,fpn_2,72x72,30688,34848,30688,34848,30688,34848,0.0,0.0,0.0,0.0,coarsest_pooled_direct,pooled_avg_pool_coarse_only,False,False,3,3,24x24,1,0,0,0,0.0,2430,2430,1,0,0,0,0.0,2754,2754,"{""cluster_0"": {""cluster_value"": 0, ""component_size_histogram"": {""2430"": 1}, ""largest_component_size"": 2430, ""num_1_cell_components"": 0, ""num_2_cell_components"": 0, ""num_components"": 1, ""smallest_component_size"": 2430, ""tiny_component_pixel_fraction"": 0.0, ""tiny_component_pixels"": 0}, ""cluster_1"": {""cluster_value"": 1, ""component_size_histogram"": {""2754"": 1}, ""largest_component_size"": 2754, ""num_1_cell_components"": 0, ""num_2_cell_components"": 0, ""num_components"": 1, ""smallest_component_size"": 2754, ""tiny_component_pixel_fraction"": 0.0, ""tiny_component_pixels"": 0}}"
feature_cluster_coarse_to_fine_global_pooled_init_coarse_only,test,16,142,0,0.0,2,0.3470609163077532,0.017011729206653736,0.5,0.5246233679276866,0.16949846468781984,0.9068756103515625,0.0931243896484375,2,2,0.0,0.0,ok,True,"cluster_b->texture_a,cluster_a->texture_b",cluster_b,cluster_a,0.21943312579304375,0.017011729206653736,0.3470609163077532,0.017011729206653736,1,fpn_2,fpn_2,fpn_2,72x72,33888,31648,33888,31648,33888,31648,0.0,0.0,0.0,0.0,coarsest_pooled_direct,pooled_avg_pool_coarse_only,False,False,3,3,24x24,1,0,0,0,0.0,2673,2673,2,0,0,0,0.0,2493,18,"{""cluster_0"": {""cluster_value"": 0, ""component_size_histogram"": {""2673"": 1}, ""largest_component_size"": 2673, ""num_1_cell_components"": 0, ""num_2_cell_components"": 0, ""num_components"": 1, ""smallest_component_size"": 2673, ""tiny_component_pixel_fraction"": 0.0, ""tiny_component_pixels"": 0}, ""cluster_1"": {""cluster_value"": 1, ""component_size_histogram"": {""18"": 1, ""2493"": 1}, ""largest_component_size"": 2493, ""num_1_cell_components"": 0, ""num_2_cell_components"": 0, ""num_components"": 2, ""smallest_component_size"": 18, ""tiny_component_pixel_fraction"": 0.0, ""tiny_component_pixels"": 0}}"
feature_cluster_coarse_to_fine_global_pooled_init_coarse_only,test,17,149,0,0.0,2,0.8411309708629922,0.6862304794638976,0.5,0.8296576794910633,0.8526042622349209,0.4523468017578125,0.5476531982421875,2,2,0.0,0.0,ok,True,"cluster_a->texture_a,cluster_b->texture_b",cluster_a,cluster_b,0.8411309708629922,0.6862304794638976,0.04474861197330357,0.6862304794638976,1,fpn_2,fpn_2,fpn_2,72x72,30752,34784,30752,34784,30752,34784,0.0,0.0,0.0,0.0,coarsest_pooled_direct,pooled_avg_pool_coarse_only,False,False,3,3,24x24,2,0,0,0,0.0,2412,18,1,0,0,0,0.0,2754,2754,"{""cluster_0"": {""cluster_value"": 0, ""component_size_histogram"": {""18"": 1, ""2412"": 1}, ""largest_component_size"": 2412, ""num_1_cell_components"": 0, ""num_2_cell_components"": 0, ""num_components"": 2, ""smallest_component_size"": 18, ""tiny_component_pixel_fraction"": 0.0, ""tiny_component_pixels"": 0}, ""cluster_1"": {""cluster_value"": 1, ""component_size_histogram"": {""2754"": 1}, ""largest_component_size"": 2754, ""num_1_cell_components"": 0, ""num_2_cell_components"": 0, ""num_components"": 1, ""smallest_component_size"": 2754, ""tiny_component_pixel_fraction"": 0.0, ""tiny_component_pixels"": 0}}"
feature_cluster_coarse_to_fine_global_pooled_init_coarse_only,test,18,15,0,0.0,2,0.8138690871427786,0.63933934165918,0.5,0.8412410524279358,0.7864971218576214,0.6298980712890625,0.3701019287109375,2,2,0.0,0.0,ok,True,"cluster_a->texture_a,cluster_b->texture_b",cluster_a,cluster_b,0.8138690871427786,0.63933934165918,0.050200289273123005,0.63933934165918,1,fpn_2,fpn_2,fpn_2,72x72,34858,30678,34858,30678,34858,30678,0.0,0.0,0.0,0.0,coarsest_pooled_direct,pooled_avg_pool_coarse_only,False,False,3,3,24x24,6,0,0,0,0.0,2124,9,4,0,0,0,0.0,2367,9,"{""cluster_0"": {""cluster_value"": 0, ""component_size_histogram"": {""126"": 1, ""153"": 1, ""2124"": 1, ""333"": 1, ""9"": 2}, ""largest_component_size"": 2124, ""num_1_cell_components"": 0, ""num_2_cell_components"": 0, ""num_components"": 6, ""smallest_component_size"": 9, ""tiny_component_pixel_fraction"": 0.0, ""tiny_component_pixels"": 0}, ""cluster_1"": {""cluster_value"": 1, ""component_size_histogram"": {""18"": 1, ""2367"": 1, ""36"": 1, ""9"": 1}, ""largest_component_size"": 2367, ""num_1_cell_components"": 0, ""num_2_cell_components"": 0, ""num_components"": 4, ""smallest_component_size"": 9, ""tiny_component_pixel_fraction"": 0.0, ""tiny_component_pixels"": 0}}"
feature_cluster_coarse_to_fine_global_pooled_init_coarse_only,test,19,175,0,0.0,2,0.4005204170502909,0.017229349756657256,0.5,0.42595708013622746,0.37508375396435434,0.6609649658203125,0.3390350341796875,2,2,0.0,0.0,ok,True,"cluster_a->texture_a,cluster_b->texture_b",cluster_a,cluster_b,0.4005204170502909,0.017229349756657256,0.2507205333612029,0.017229349756657256,1,fpn_2,fpn_2,fpn_2,72x72,26187,39349,26187,39349,26187,39349,0.0,0.0,0.0,0.0,coarsest_pooled_direct,pooled_avg_pool_coarse_only,False,False,3,3,24x24,1,0,0,0,0.0,2079,2079,1,0,0,0,0.0,3105,3105,"{""cluster_0"": {""cluster_value"": 0, ""component_size_histogram"": {""2079"": 1}, ""largest_component_size"": 2079, ""num_1_cell_components"": 0, ""num_2_cell_components"": 0, ""num_components"": 1, ""smallest_component_size"": 2079, ""tiny_component_pixel_fraction"": 0.0, ""tiny_component_pixels"": 0}, ""cluster_1"": {""cluster_value"": 1, ""component_size_histogram"": {""3105"": 1}, ""largest_component_size"": 3105, ""num_1_cell_components"": 0, ""num_2_cell_components"": 0, ""num_components"": 1, ""smallest_component_size"": 3105, ""tiny_component_pixel_fraction"": 0.0, ""tiny_component_pixels"": 0}}"
feature_cluster_coarse_to_fine_global_pooled_init_coarse_only,test,20,176,0,0.0,2,0.5977585721674815,0.35780235800923477,0.5,0.3484528832630098,0.8470642610719532,0.1058502197265625,0.8941497802734375,2,2,0.0,0.0,ok,True,"cluster_a->texture_a,cluster_b->texture_b",cluster_a,cluster_b,0.5977585721674815,0.35780235800923477,0.07430973044535379,0.35780235800923477,1,fpn_2,fpn_2,fpn_2,72x72,12238,53298,12238,53298,12238,53298,0.0,0.0,0.0,0.0,coarsest_pooled_direct,pooled_avg_pool_coarse_only,False,False,3,3,24x24,1,0,0,0,0.0,981,981,1,0,0,0,0.0,4203,4203,"{""cluster_0"": {""cluster_value"": 0, ""component_size_histogram"": {""981"": 1}, ""largest_component_size"": 981, ""num_1_cell_components"": 0, ""num_2_cell_components"": 0, ""num_components"": 1, ""smallest_component_size"": 981, ""tiny_component_pixel_fraction"": 0.0, ""tiny_component_pixels"": 0}, ""cluster_1"": {""cluster_value"": 1, ""component_size_histogram"": {""4203"": 1}, ""largest_component_size"": 4203, ""num_1_cell_components"": 0, ""num_2_cell_components"": 0, ""num_components"": 1, ""smallest_component_size"": 4203, ""tiny_component_pixel_fraction"": 0.0, ""tiny_component_pixels"": 0}}"
feature_cluster_coarse_to_fine_global_pooled_init_coarse_only,test,21,18,0,0.0,2,0.4240856767786661,0.04225682253272076,0.5,0.34292052321578825,0.5052508303415439,0.24560546875,0.75439453125,2,2,0.0,0.0,ok,True,"cluster_b->texture_a,cluster_a->texture_b",cluster_b,cluster_a,0.215044836255675,0.04225682253272076,0.4240856767786661,0.04225682253272076,1,fpn_2,fpn_2,fpn_2,72x72,28964,36572,28964,36572,28964,36572,0.0,0.0,0.0,0.0,coarsest_pooled_direct,pooled_avg_pool_coarse_only,False,False,3,3,24x24,2,0,0,0,0.0,2295,9,2,0,0,0,0.0,2862,18,"{""cluster_0"": {""cluster_value"": 0, ""component_size_histogram"": {""2295"": 1, ""9"": 1}, ""largest_component_size"": 2295, ""num_1_cell_components"": 0, ""num_2_cell_components"": 0, ""num_components"": 2, ""smallest_component_size"": 9, ""tiny_component_pixel_fraction"": 0.0, ""tiny_component_pixels"": 0}, ""cluster_1"": {""cluster_value"": 1, ""component_size_histogram"": {""18"": 1, ""2862"": 1}, ""largest_component_size"": 2862, ""num_1_cell_components"": 0, ""num_2_cell_components"": 0, ""num_components"": 2, ""smallest_component_size"": 18, ""tiny_component_pixel_fraction"": 0.0, ""tiny_component_pixels"": 0}}"
feature_cluster_coarse_to_fine_global_pooled_init_coarse_only,test,22,181,0,0.0,2,0.9719584445805236,0.944970389043372,0.5,0.9680955040491482,0.9758213851118989,0.4247283935546875,0.5752716064453125,2,2,0.0,0.0,ok,True,"cluster_a->texture_a,cluster_b->texture_b",cluster_a,cluster_b,0.9719584445805236,0.944970389043372,0.006992519854384692,0.944970389043372,1,fpn_2,fpn_2,fpn_2,72x72,28547,36989,28547,36989,28547,36989,0.0,0.0,0.0,0.0,coarsest_pooled_direct,pooled_avg_pool_coarse_only,False,False,3,3,24x24,1,0,0,0,0.0,2250,2250,1,0,0,0,0.0,2934,2934,"{""cluster_0"": {""cluster_value"": 0, ""component_size_histogram"": {""2250"": 1}, ""largest_component_size"": 2250, ""num_1_cell_components"": 0, ""num_2_cell_components"": 0, ""num_components"": 1, ""smallest_component_size"": 2250, ""tiny_component_pixel_fraction"": 0.0, ""tiny_component_pixels"": 0}, ""cluster_1"": {""cluster_value"": 1, ""component_size_histogram"": {""2934"": 1}, ""largest_component_size"": 2934, ""num_1_cell_components"": 0, ""num_2_cell_components"": 0, ""num_components"": 1, ""smallest_component_size"": 2934, ""tiny_component_pixel_fraction"": 0.0, ""tiny_component_pixels"": 0}}"
feature_cluster_coarse_to_fine_global_pooled_init_coarse_only,test,23,182,0,0.0,2,0.8959271660065524,0.7925019371202612,0.5,0.8947845672331588,0.8970697647799462,0.51983642578125,0.48016357421875,2,2,0.0,0.0,ok,True,"cluster_b->texture_a,cluster_a->texture_b",cluster_b,cluster_a,0.027542084529784915,0.7925019371202612,0.8959271660065524,0.7925019371202612,1,fpn_2,fpn_2,fpn_2,72x72,34827,30709,34827,30709,34827,30709,0.0,0.0,0.0,0.0,coarsest_pooled_direct,pooled_avg_pool_coarse_only,False,False,3,3,24x24,2,0,0,0,0.0,2745,9,1,0,0,0,0.0,2430,2430,"{""cluster_0"": {""cluster_value"": 0, ""component_size_histogram"": {""2745"": 1, ""9"": 1}, ""largest_component_size"": 2745, ""num_1_cell_components"": 0, ""num_2_cell_components"": 0, ""num_components"": 2, ""smallest_component_size"": 9, ""tiny_component_pixel_fraction"": 0.0, ""tiny_component_pixels"": 0}, ""cluster_1"": {""cluster_value"": 1, ""component_size_histogram"": {""2430"": 1}, ""largest_component_size"": 2430, ""num_1_cell_components"": 0, ""num_2_cell_components"": 0, ""num_components"": 1, ""smallest_component_size"": 2430, ""tiny_component_pixel_fraction"": 0.0, ""tiny_component_pixels"": 0}}"
feature_cluster_coarse_to_fine_global_pooled_init_coarse_only,test,24,183,0,0.0,2,0.9654716356169226,0.9315650278041323,0.5,0.9622335495829472,0.9687097216508981,0.4436492919921875,0.5563507080078125,2,2,0.0,0.0,ok,True,"cluster_a->texture_a,cluster_b->texture_b",cluster_a,cluster_b,0.9654716356169226,0.9315650278041323,0.008706207454095463,0.9315650278041323,1,fpn_2,fpn_2,fpn_2,72x72,30208,35328,30208,35328,30208,35328,0.0,0.0,0.0,0.0,coarsest_pooled_direct,pooled_avg_pool_coarse_only,False,False,3,3,24x24,1,0,0,0,0.0,2376,2376,1,0,0,0,0.0,2808,2808,"{""cluster_0"": {""cluster_value"": 0, ""component_size_histogram"": {""2376"": 1}, ""largest_component_size"": 2376, ""num_1_cell_components"": 0, ""num_2_cell_components"": 0, ""num_components"": 1, ""smallest_component_size"": 2376, ""tiny_component_pixel_fraction"": 0.0, ""tiny_component_pixels"": 0}, ""cluster_1"": {""cluster_value"": 1, ""component_size_histogram"": {""2808"": 1}, ""largest_component_size"": 2808, ""num_1_cell_components"": 0, ""num_2_cell_components"": 0, ""num_components"": 1, ""smallest_component_size"": 2808, ""tiny_component_pixel_fraction"": 0.0, ""tiny_component_pixels"": 0}}"
feature_cluster_coarse_to_fine_global_pooled_init_coarse_only,test,25,184,0,0.0,2,0.9841758081702427,0.9685122562357825,0.5,0.9830508474576272,0.9853007688828584,0.4674072265625,0.5325927734375,2,2,0.0,0.0,ok,True,"cluster_a->texture_a,cluster_b->texture_b",cluster_a,cluster_b,0.9841758081702427,0.9685122562357825,0.003972581234003985,0.9685122562357825,1,fpn_2,fpn_2,fpn_2,72x72,30208,35328,30208,35328,30208,35328,0.0,0.0,0.0,0.0,coarsest_pooled_direct,pooled_avg_pool_coarse_only,False,False,3,3,24x24,1,0,0,0,0.0,2376,2376,1,0,0,0,0.0,2808,2808,"{""cluster_0"": {""cluster_value"": 0, ""component_size_histogram"": {""2376"": 1}, ""largest_component_size"": 2376, ""num_1_cell_components"": 0, ""num_2_cell_components"": 0, ""num_components"": 1, ""smallest_component_size"": 2376, ""tiny_component_pixel_fraction"": 0.0, ""tiny_component_pixels"": 0}, ""cluster_1"": {""cluster_value"": 1, ""component_size_histogram"": {""2808"": 1}, ""largest_component_size"": 2808, ""num_1_cell_components"": 0, ""num_2_cell_components"": 0, ""num_components"": 1, ""smallest_component_size"": 2808, ""tiny_component_pixel_fraction"": 0.0, ""tiny_component_pixels"": 0}}"
feature_cluster_coarse_to_fine_global_pooled_init_coarse_only,test,26,185,0,0.0,2,0.9766059457227831,0.9545286286756659,0.78215296226088,0.9726311198342602,0.980580771611306,0.9726311198342602,0.5916748046875,1,2,0.0,0.0,ok,True,"cluster_b->texture_a,cluster_a->texture_b",cluster_b,cluster_a,0.00574493408203125,0.9545286286756659,0.9766059457227831,0.9545286286756659,1,fpn_2,fpn_2,fpn_2,72x72,38023,27513,38023,27513,38023,27513,0.0,0.0,0.0,0.0,coarsest_pooled_direct,pooled_avg_pool_coarse_only,False,False,3,3,24x24,1,0,0,0,0.0,3015,3015,2,0,0,0,0.0,2160,9,"{""cluster_0"": {""cluster_value"": 0, ""component_size_histogram"": {""3015"": 1}, ""largest_component_size"": 3015, ""num_1_cell_components"": 0, ""num_2_cell_components"": 0, ""num_components"": 1, ""smallest_component_size"": 3015, ""tiny_component_pixel_fraction"": 0.0, ""tiny_component_pixels"": 0}, ""cluster_1"": {""cluster_value"": 1, ""component_size_histogram"": {""2160"": 1, ""9"": 1}, ""largest_component_size"": 2160, ""num_1_cell_components"": 0, ""num_2_cell_components"": 0, ""num_components"": 2, ""smallest_component_size"": 9, ""tiny_component_pixel_fraction"": 0.0, ""tiny_component_pixels"": 0}}"
feature_cluster_coarse_to_fine_global_pooled_init_coarse_only,test,27,186,0,0.0,2,0.8018833514295342,0.6141038798504204,0.5,0.8259332023575638,0.7778335005015045,0.60382080078125,0.39617919921875,2,2,0.0,0.0,ok,True,"cluster_b->texture_a,cluster_a->texture_b",cluster_b,cluster_a,0.05575812633626606,0.6141038798504204,0.8018833514295342,0.6141038798504204,1,fpn_2,fpn_2,fpn_2,72x72,30756,34780,30756,34780,30756,34780,0.0,0.0,0.0,0.0,coarsest_pooled_direct,pooled_avg_pool_coarse_only,False,False,3,3,24x24,3,0,0,0,0.0,1989,126,1,0,0,0,0.0,2745,2745,"{""cluster_0"": {""cluster_value"": 0, ""component_size_histogram"": {""126"": 1, ""1989"": 1, ""324"": 1}, ""largest_component_size"": 1989, ""num_1_cell_components"": 0, ""num_2_cell_components"": 0, ""num_components"": 3, ""smallest_component_size"": 126, ""tiny_component_pixel_fraction"": 0.0, ""tiny_component_pixels"": 0}, ""cluster_1"": {""cluster_value"": 1, ""component_size_histogram"": {""2745"": 1}, ""largest_component_size"": 2745, ""num_1_cell_components"": 0, ""num_2_cell_components"": 0, ""num_components"": 1, ""smallest_component_size"": 2745, ""tiny_component_pixel_fraction"": 0.0, ""tiny_component_pixels"": 0}}"
feature_cluster_coarse_to_fine_global_pooled_init_coarse_only,test,28,189,0,0.0,2,0.8259319115558672,0.770288680828922,0.8108281036572613,0.9701795396253369,0.6816842834863975,0.939971923828125,0.6816842834863975,2,1,0.0,0.0,ok,True,"cluster_b->texture_a,cluster_a->texture_b",cluster_b,cluster_a,0.01401519775390625,0.770288680828922,0.8259319115558672,0.770288680828922,1,fpn_2,fpn_2,fpn_2,72x72,5771,59765,5771,59765,5771,59765,0.0,0.0,0.0,0.0,coarsest_pooled_direct,pooled_avg_pool_coarse_only,False,False,3,3,24x24,3,0,0,0,0.0,423,18,1,0,0,0,0.0,4725,4725,"{""cluster_0"": {""cluster_value"": 0, ""component_size_histogram"": {""18"": 2, ""423"": 1}, ""largest_component_size"": 423, ""num_1_cell_components"": 0, ""num_2_cell_components"": 0, ""num_components"": 3, ""smallest_component_size"": 18, ""tiny_component_pixel_fraction"": 0.0, ""tiny_component_pixels"": 0}, ""cluster_1"": {""cluster_value"": 1, ""component_size_histogram"": {""4725"": 1}, ""largest_component_size"": 4725, ""num_1_cell_components"": 0, ""num_2_cell_components"": 0, ""num_components"": 1, ""smallest_component_size"": 4725, ""tiny_component_pixel_fraction"": 0.0, ""tiny_component_pixels"": 0}}"
feature_cluster_coarse_to_fine_global_pooled_init_coarse_only,test,29,194,0,0.0,2,0.9693754841930091,0.9387712906845357,0.5,0.9690612096186544,0.9696897587673637,0.4878997802734375,0.5121002197265625,2,2,0.0,0.0,ok,True,"cluster_b->texture_a,cluster_a->texture_b",cluster_b,cluster_a,0.007787432854627273,0.9387712906845357,0.9693754841930091,0.9387712906845357,1,fpn_2,fpn_2,fpn_2,72x72,32658,32878,32658,32878,32658,32878,0.0,0.0,0.0,0.0,coarsest_pooled_direct,pooled_avg_pool_coarse_only,False,False,3,3,24x24,1,0,0,0,0.0,2583,2583,2,0,0,0,0.0,2592,9,"{""cluster_0"": {""cluster_value"": 0, ""component_size_histogram"": {""2583"": 1}, ""largest_component_size"": 2583, ""num_1_cell_components"": 0, ""num_2_cell_components"": 0, ""num_components"": 1, ""smallest_component_size"": 2583, ""tiny_component_pixel_fraction"": 0.0, ""tiny_component_pixels"": 0}, ""cluster_1"": {""cluster_value"": 1, ""component_size_histogram"": {""2592"": 1, ""9"": 1}, ""largest_component_size"": 2592, ""num_1_cell_components"": 0, ""num_2_cell_components"": 0, ""num_components"": 2, ""smallest_component_size"": 9, ""tiny_component_pixel_fraction"": 0.0, ""tiny_component_pixels"": 0}}"
feature_cluster_coarse_to_fine_global_pooled_init_coarse_only,test,30,197,0,0.0,2,0.9593642790151174,0.9213184266430615,0.7770555442738756,0.9520297897196262,0.9666987683106087,0.9520297897196262,0.602081298828125,1,2,0.0,0.0,ok,True,"cluster_a->texture_a,cluster_b->texture_b",cluster_a,cluster_b,0.9593642790151174,0.9213184266430615,0.0100250244140625,0.9213184266430615,1,fpn_2,fpn_2,fpn_2,72x72,27392,38144,27392,38144,27392,38144,0.0,0.0,0.0,0.0,coarsest_pooled_direct,pooled_avg_pool_coarse_only,False,False,3,3,24x24,1,0,0,0,0.0,2160,2160,1,0,0,0,0.0,3024,3024,"{""cluster_0"": {""cluster_value"": 0, ""component_size_histogram"": {""2160"": 1}, ""largest_component_size"": 2160, ""num_1_cell_components"": 0, ""num_2_cell_components"": 0, ""num_components"": 1, ""smallest_component_size"": 2160, ""tiny_component_pixel_fraction"": 0.0, ""tiny_component_pixels"": 0}, ""cluster_1"": {""cluster_value"": 1, ""component_size_histogram"": {""3024"": 1}, ""largest_component_size"": 3024, ""num_1_cell_components"": 0, ""num_2_cell_components"": 0, ""num_components"": 1, ""smallest_component_size"": 3024, ""tiny_component_pixel_fraction"": 0.0, ""tiny_component_pixels"": 0}}"
feature_cluster_coarse_to_fine_global_pooled_init_coarse_only,test,31,2,0,0.0,2,0.42133989142039363,0.07119294477840357,0.5,0.25658533529614436,0.5860944475446429,0.446258544921875,0.553741455078125,2,2,0.0,0.0,ok,True,"cluster_a->texture_a,cluster_b->texture_b",cluster_a,cluster_b,0.42133989142039363,0.07119294477840357,0.1976164948310985,0.07119294477840357,1,fpn_2,fpn_2,fpn_2,72x72,10873,54663,10873,54663,10873,54663,0.0,0.0,0.0,0.0,coarsest_pooled_direct,pooled_avg_pool_coarse_only,False,False,3,3,24x24,2,0,0,0,0.0,648,225,2,0,0,0,0.0,2583,1728,"{""cluster_0"": {""cluster_value"": 0, ""component_size_histogram"": {""225"": 1, ""648"": 1}, ""largest_component_size"": 648, ""num_1_cell_components"": 0, ""num_2_cell_components"": 0, ""num_components"": 2, ""smallest_component_size"": 225, ""tiny_component_pixel_fraction"": 0.0, ""tiny_component_pixels"": 0}, ""cluster_1"": {""cluster_value"": 1, ""component_size_histogram"": {""1728"": 1, ""2583"": 1}, ""largest_component_size"": 2583, ""num_1_cell_components"": 0, ""num_2_cell_components"": 0, ""num_components"": 2, ""smallest_component_size"": 1728, ""tiny_component_pixel_fraction"": 0.0, ""tiny_component_pixels"": 0}}"
feature_cluster_coarse_to_fine_global_pooled_init_coarse_only,test,32,200,0,0.0,2,0.9467932891465722,0.9068939040384927,0.5,0.9670296430732003,0.9265569352199442,0.698760986328125,0.301239013671875,2,2,0.0,0.0,ok,True,"cluster_b->texture_a,cluster_a->texture_b",cluster_b,cluster_a,0.011762044606714818,0.9068939040384927,0.9467932891465722,0.9068939040384927,1,fpn_2,fpn_2,fpn_2,72x72,20288,45248,20288,45248,20288,45248,0.0,0.0,0.0,0.0,coarsest_pooled_direct,pooled_avg_pool_coarse_only,False,False,3,3,24x24,1,0,0,0,0.0,1593,1593,1,0,0,0,0.0,3591,3591,"{""cluster_0"": {""cluster_value"": 0, ""component_size_histogram"": {""1593"": 1}, ""largest_component_size"": 1593, ""num_1_cell_components"": 0, ""num_2_cell_components"": 0, ""num_components"": 1, ""smallest_component_size"": 1593, ""tiny_component_pixel_fraction"": 0.0, ""tiny_component_pixels"": 0}, ""cluster_1"": {""cluster_value"": 1, ""component_size_histogram"": {""3591"": 1}, ""largest_component_size"": 3591, ""num_1_cell_components"": 0, ""num_2_cell_components"": 0, ""num_components"": 1, ""smallest_component_size"": 3591, ""tiny_component_pixel_fraction"": 0.0, ""tiny_component_pixels"": 0}}"
feature_cluster_coarse_to_fine_global_pooled_init_coarse_only,test,33,201,0,0.0,2,0.9639373978728812,0.9279214270770103,0.7408218383789062,0.963287353515625,0.9645874422301375,0.963287353515625,0.5183563232421875,1,2,0.0,0.0,ok,True,"cluster_b->texture_a,cluster_a->texture_b",cluster_b,cluster_a,0.00917816162109375,0.9279214270770103,0.9639373978728812,0.9279214270770103,1,fpn_2,fpn_2,fpn_2,72x72,32768,32768,32768,32768,32768,32768,0.0,0.0,0.0,0.0,coarsest_pooled_direct,pooled_avg_pool_coarse_only,False,False,3,3,24x24,1,0,0,0,0.0,2592,2592,1,0,0,0,0.0,2592,2592,"{""cluster_0"": {""cluster_value"": 0, ""component_size_histogram"": {""2592"": 1}, ""largest_component_size"": 2592, ""num_1_cell_components"": 0, ""num_2_cell_components"": 0, ""num_components"": 1, ""smallest_component_size"": 2592, ""tiny_component_pixel_fraction"": 0.0, ""tiny_component_pixels"": 0}, ""cluster_1"": {""cluster_value"": 1, ""component_size_histogram"": {""2592"": 1}, ""largest_component_size"": 2592, ""num_1_cell_components"": 0, ""num_2_cell_components"": 0, ""num_components"": 1, ""smallest_component_size"": 2592, ""tiny_component_pixel_fraction"": 0.0, ""tiny_component_pixels"": 0}}"
feature_cluster_coarse_to_fine_global_pooled_init_coarse_only,test,34,202,0,0.0,2,0.9533377918551099,0.916871909242836,0.5,0.9697432154468848,0.936932368263335,0.687530517578125,0.312469482421875,2,2,0.0,0.0,ok,True,"cluster_b->texture_a,cluster_a->texture_b",cluster_b,cluster_a,0.010481252021680439,0.916871909242836,0.9533377918551099,0.916871909242836,1,fpn_2,fpn_2,fpn_2,72x72,21536,44000,21536,44000,21536,44000,0.0,0.0,0.0,0.0,coarsest_pooled_direct,pooled_avg_pool_coarse_only,False,False,3,3,24x24,1,0,0,0,0.0,1701,1701,1,0,0,0,0.0,3483,3483,"{""cluster_0"": {""cluster_value"": 0, ""component_size_histogram"": {""1701"": 1}, ""largest_component_size"": 1701, ""num_1_cell_components"": 0, ""num_2_cell_components"": 0, ""num_components"": 1, ""smallest_component_size"": 1701, ""tiny_component_pixel_fraction"": 0.0, ""tiny_component_pixels"": 0}, ""cluster_1"": {""cluster_value"": 1, ""component_size_histogram"": {""3483"": 1}, ""largest_component_size"": 3483, ""num_1_cell_components"": 0, ""num_2_cell_components"": 0, ""num_components"": 1, ""smallest_component_size"": 3483, ""tiny_component_pixel_fraction"": 0.0, ""tiny_component_pixels"": 0}}"
feature_cluster_coarse_to_fine_global_pooled_init_coarse_only,test,35,205,0,0.0,2,0.9765710454319387,0.953667557252918,0.5,0.974089068825911,0.9790530220379664,0.449676513671875,0.550323486328125,2,2,0.0,0.0,ok,True,"cluster_a->texture_a,cluster_b->texture_b",cluster_a,cluster_b,0.9765710454319387,0.953667557252918,0.005883184326373867,0.953667557252918,1,fpn_2,fpn_2,fpn_2,72x72,29042,36494,29042,36494,29042,36494,0.0,0.0,0.0,0.0,coarsest_pooled_direct,pooled_avg_pool_coarse_only,False,False,3,3,24x24,1,0,0,0,0.0,2286,2286,1,0,0,0,0.0,2898,2898,"{""cluster_0"": {""cluster_value"": 0, ""component_size_histogram"": {""2286"": 1}, ""largest_component_size"": 2286, ""num_1_cell_components"": 0, ""num_2_cell_components"": 0, ""num_components"": 1, ""smallest_component_size"": 2286, ""tiny_component_pixel_fraction"": 0.0, ""tiny_component_pixels"": 0}, ""cluster_1"": {""cluster_value"": 1, ""component_size_histogram"": {""2898"": 1}, ""largest_component_size"": 2898, ""num_1_cell_components"": 0, ""num_2_cell_components"": 0, ""num_components"": 1, ""smallest_component_size"": 2898, ""tiny_component_pixel_fraction"": 0.0, ""tiny_component_pixels"": 0}}"
feature_cluster_coarse_to_fine_global_pooled_init_coarse_only,test,36,207,0,0.0,2,0.9576204634391483,0.915614355728221,0.7194415305158217,0.9602911420863309,0.9549497847919656,0.9602911420863309,0.4785919189453125,1,2,0.0,0.0,ok,True,"cluster_b->texture_a,cluster_a->texture_b",cluster_b,cluster_a,0.01078033447265625,0.915614355728221,0.9576204634391483,0.915614355728221,1,fpn_2,fpn_2,fpn_2,72x72,29952,35584,29952,35584,29952,35584,0.0,0.0,0.0,0.0,coarsest_pooled_direct,pooled_avg_pool_coarse_only,False,False,3,3,24x24,1,0,0,0,0.0,2376,2376,1,0,0,0,0.0,2808,2808,"{""cluster_0"": {""cluster_value"": 0, ""component_size_histogram"": {""2376"": 1}, ""largest_component_size"": 2376, ""num_1_cell_components"": 0, ""num_2_cell_components"": 0, ""num_components"": 1, ""smallest_component_size"": 2376, ""tiny_component_pixel_fraction"": 0.0, ""tiny_component_pixels"": 0}, ""cluster_1"": {""cluster_value"": 1, ""component_size_histogram"": {""2808"": 1}, ""largest_component_size"": 2808, ""num_1_cell_components"": 0, ""num_2_cell_components"": 0, ""num_components"": 1, ""smallest_component_size"": 2808, ""tiny_component_pixel_fraction"": 0.0, ""tiny_component_pixels"": 0}}"
feature_cluster_coarse_to_fine_global_pooled_init_coarse_only,test,37,210,0,0.0,2,0.9566957527127382,0.913977343330252,0.5,0.9601438251970682,0.9532476802284083,0.54730224609375,0.45269775390625,2,2,0.0,0.0,ok,True,"cluster_b->texture_a,cluster_a->texture_b",cluster_b,cluster_a,0.011071931252548493,0.913977343330252,0.9566957527127382,0.913977343330252,1,fpn_2,fpn_2,fpn_2,72x72,30535,35001,30535,35001,30535,35001,0.0,0.0,0.0,0.0,coarsest_pooled_direct,pooled_avg_pool_coarse_only,False,False,3,3,24x24,1,0,0,0,0.0,2421,2421,1,0,0,0,0.0,2763,2763,"{""cluster_0"": {""cluster_value"": 0, ""component_size_histogram"": {""2421"": 1}, ""largest_component_size"": 2421, ""num_1_cell_components"": 0, ""num_2_cell_components"": 0, ""num_components"": 1, ""smallest_component_size"": 2421, ""tiny_component_pixel_fraction"": 0.0, ""tiny_component_pixels"": 0}, ""cluster_1"": {""cluster_value"": 1, ""component_size_histogram"": {""2763"": 1}, ""largest_component_size"": 2763, ""num_1_cell_components"": 0, ""num_2_cell_components"": 0, ""num_components"": 1, ""smallest_component_size"": 2763, ""tiny_component_pixel_fraction"": 0.0, ""tiny_component_pixels"": 0}}"
feature_cluster_coarse_to_fine_global_pooled_init_coarse_only,test,38,213,0,0.0,2,0.9734378940922979,0.9479376672234948,0.5,0.9772181938035597,0.969657594381036,0.569000244140625,0.430999755859375,2,2,0.0,0.0,ok,True,"cluster_b->texture_a,cluster_a->texture_b",cluster_b,cluster_a,0.006625878934236113,0.9479376672234948,0.9734378940922979,0.9479376672234948,1,fpn_2,fpn_2,fpn_2,72x72,27840,37696,27840,37696,27840,37696,0.0,0.0,0.0,0.0,coarsest_pooled_direct,pooled_avg_pool_coarse_only,False,False,3,3,24x24,1,0,0,0,0.0,2214,2214,1,0,0,0,0.0,2970,2970,"{""cluster_0"": {""cluster_value"": 0, ""component_size_histogram"": {""2214"": 1}, ""largest_component_size"": 2214, ""num_1_cell_components"": 0, ""num_2_cell_components"": 0, ""num_components"": 1, ""smallest_component_size"": 2214, ""tiny_component_pixel_fraction"": 0.0, ""tiny_component_pixels"": 0}, ""cluster_1"": {""cluster_value"": 1, ""component_size_histogram"": {""2970"": 1}, ""largest_component_size"": 2970, ""num_1_cell_components"": 0, ""num_2_cell_components"": 0, ""num_components"": 1, ""smallest_component_size"": 2970, ""tiny_component_pixel_fraction"": 0.0, ""tiny_component_pixels"": 0}}"
feature_cluster_coarse_to_fine_global_pooled_init_coarse_only,test,39,214,0,0.0,2,0.9909039876260445,0.9819532543087284,0.5,0.9917198695252167,0.9900881057268722,0.5471343994140625,0.4528656005859375,2,2,0.0,0.0,ok,True,"cluster_b->texture_a,cluster_a->texture_b",cluster_b,cluster_a,0.00226672826847498,0.9819532543087284,0.9909039876260445,0.9819532543087284,1,fpn_2,fpn_2,fpn_2,72x72,29952,35584,29952,35584,29952,35584,0.0,0.0,0.0,0.0,coarsest_pooled_direct,pooled_avg_pool_coarse_only,False,False,3,3,24x24,1,0,0,0,0.0,2376,2376,1,0,0,0,0.0,2808,2808,"{""cluster_0"": {""cluster_value"": 0, ""component_size_histogram"": {""2376"": 1}, ""largest_component_size"": 2376, ""num_1_cell_components"": 0, ""num_2_cell_components"": 0, ""num_components"": 1, ""smallest_component_size"": 2376, ""tiny_component_pixel_fraction"": 0.0, ""tiny_component_pixels"": 0}, ""cluster_1"": {""cluster_value"": 1, ""component_size_histogram"": {""2808"": 1}, ""largest_component_size"": 2808, ""num_1_cell_components"": 0, ""num_2_cell_components"": 0, ""num_components"": 1, ""smallest_component_size"": 2808, ""tiny_component_pixel_fraction"": 0.0, ""tiny_component_pixels"": 0}}"
feature_cluster_coarse_to_fine_global_pooled_init_coarse_only,test,40,215,0,0.0,2,0.9861987448300451,0.9731237302287383,0.5,0.9884668454349015,0.9839306442251886,0.5795135498046875,0.4204864501953125,2,2,0.0,0.0,ok,True,"cluster_b->texture_a,cluster_a->texture_b",cluster_b,cluster_a,0.0033809319522479877,0.9731237302287383,0.9861987448300451,0.9731237302287383,1,fpn_2,fpn_2,fpn_2,72x72,27136,38400,27136,38400,27136,38400,0.0,0.0,0.0,0.0,coarsest_pooled_direct,pooled_avg_pool_coarse_only,False,False,3,3,24x24,1,0,0,0,0.0,2160,2160,1,0,0,0,0.0,3024,3024,"{""cluster_0"": {""cluster_value"": 0, ""component_size_histogram"": {""2160"": 1}, ""largest_component_size"": 2160, ""num_1_cell_components"": 0, ""num_2_cell_components"": 0, ""num_components"": 1, ""smallest_component_size"": 2160, ""tiny_component_pixel_fraction"": 0.0, ""tiny_component_pixels"": 0}, ""cluster_1"": {""cluster_value"": 1, ""component_size_histogram"": {""3024"": 1}, ""largest_component_size"": 3024, ""num_1_cell_components"": 0, ""num_2_cell_components"": 0, ""num_components"": 1, ""smallest_component_size"": 3024, ""tiny_component_pixel_fraction"": 0.0, ""tiny_component_pixels"": 0}}"
feature_cluster_coarse_to_fine_global_pooled_init_coarse_only,test,41,216,0,0.0,2,0.8470846107847401,0.6962753102726351,0.6923456076487473,0.8485736615865572,0.845595559982923,0.8485736615865572,0.5361175537109375,1,2,0.0,0.0,ok,True,"cluster_b->texture_a,cluster_a->texture_b",cluster_b,cluster_a,0.04138946533203125,0.6962753102726351,0.8470846107847401,0.6962753102726351,1,fpn_2,fpn_2,fpn_2,72x72,29710,35826,29710,35826,29710,35826,0.0,0.0,0.0,0.0,coarsest_pooled_direct,pooled_avg_pool_coarse_only,False,False,3,3,24x24,1,0,0,0,0.0,2358,2358,1,0,0,0,0.0,2826,2826,"{""cluster_0"": {""cluster_value"": 0, ""component_size_histogram"": {""2358"": 1}, ""largest_component_size"": 2358, ""num_1_cell_components"": 0, ""num_2_cell_components"": 0, ""num_components"": 1, ""smallest_component_size"": 2358, ""tiny_component_pixel_fraction"": 0.0, ""tiny_component_pixels"": 0}, ""cluster_1"": {""cluster_value"": 1, ""component_size_histogram"": {""2826"": 1}, ""largest_component_size"": 2826, ""num_1_cell_components"": 0, ""num_2_cell_components"": 0, ""num_components"": 1, ""smallest_component_size"": 2826, ""tiny_component_pixel_fraction"": 0.0, ""tiny_component_pixels"": 0}}"
feature_cluster_coarse_to_fine_global_pooled_init_coarse_only,test,42,219,0,0.0,2,0.9933568830332746,0.9867984765889305,0.5,0.9928245486409629,0.9938892174255864,0.4586639404296875,0.5413360595703125,2,2,0.0,0.0,ok,True,"cluster_a->texture_a,cluster_b->texture_b",cluster_a,cluster_b,0.9933568830332746,0.9867984765889305,0.0016570296897955976,0.9867984765889305,1,fpn_2,fpn_2,fpn_2,72x72,30208,35328,30208,35328,30208,35328,0.0,0.0,0.0,0.0,coarsest_pooled_direct,pooled_avg_pool_coarse_only,False,False,3,3,24x24,1,0,0,0,0.0,2376,2376,1,0,0,0,0.0,2808,2808,"{""cluster_0"": {""cluster_value"": 0, ""component_size_histogram"": {""2376"": 1}, ""largest_component_size"": 2376, ""num_1_cell_components"": 0, ""num_2_cell_components"": 0, ""num_components"": 1, ""smallest_component_size"": 2376, ""tiny_component_pixel_fraction"": 0.0, ""tiny_component_pixels"": 0}, ""cluster_1"": {""cluster_value"": 1, ""component_size_histogram"": {""2808"": 1}, ""largest_component_size"": 2808, ""num_1_cell_components"": 0, ""num_2_cell_components"": 0, ""num_components"": 1, ""smallest_component_size"": 2808, ""tiny_component_pixel_fraction"": 0.0, ""tiny_component_pixels"": 0}}"
feature_cluster_coarse_to_fine_global_pooled_init_coarse_only,test,43,22,0,0.0,2,0.9655117539159086,0.9316239758863826,0.5,0.968690780258713,0.9623327275731043,0.548980712890625,0.451019287109375,2,2,0.0,0.0,ok,True,"cluster_a->texture_a,cluster_b->texture_b",cluster_a,cluster_b,0.9655117539159086,0.9316239758863826,0.008769412131900326,0.9316239758863826,1,fpn_2,fpn_2,fpn_2,72x72,35704,29832,35704,29832,35704,29832,0.0,0.0,0.0,0.0,coarsest_pooled_direct,pooled_avg_pool_coarse_only,False,False,3,3,24x24,2,0,0,0,0.0,2808,9,1,0,0,0,0.0,2367,2367,"{""cluster_0"": {""cluster_value"": 0, ""component_size_histogram"": {""2808"": 1, ""9"": 1}, ""largest_component_size"": 2808, ""num_1_cell_components"": 0, ""num_2_cell_components"": 0, ""num_components"": 2, ""smallest_component_size"": 9, ""tiny_component_pixel_fraction"": 0.0, ""tiny_component_pixels"": 0}, ""cluster_1"": {""cluster_value"": 1, ""component_size_histogram"": {""2367"": 1}, ""largest_component_size"": 2367, ""num_1_cell_components"": 0, ""num_2_cell_components"": 0, ""num_components"": 1, ""smallest_component_size"": 2367, ""tiny_component_pixel_fraction"": 0.0, ""tiny_component_pixels"": 0}}"
feature_cluster_coarse_to_fine_global_pooled_init_coarse_only,test,44,221,0,0.0,2,0.9622308186445785,0.9245144333632775,0.5,0.962931389264507,0.9615302480246499,0.5189056396484375,0.4810943603515625,2,2,0.0,0.0,ok,True,"cluster_a->texture_a,cluster_b->texture_b",cluster_a,cluster_b,0.9622308186445785,0.9245144333632775,0.009623899318767027,0.9245144333632775,1,fpn_2,fpn_2,fpn_2,72x72,32768,32768,32768,32768,32768,32768,0.0,0.0,0.0,0.0,coarsest_pooled_direct,pooled_avg_pool_coarse_only,False,False,3,3,24x24,1,0,0,0,0.0,2592,2592,1,0,0,0,0.0,2592,2592,"{""cluster_0"": {""cluster_value"": 0, ""component_size_histogram"": {""2592"": 1}, ""largest_component_size"": 2592, ""num_1_cell_components"": 0, ""num_2_cell_components"": 0, ""num_components"": 1, ""smallest_component_size"": 2592, ""tiny_component_pixel_fraction"": 0.0, ""tiny_component_pixels"": 0}, ""cluster_1"": {""cluster_value"": 1, ""component_size_histogram"": {""2592"": 1}, ""largest_component_size"": 2592, ""num_1_cell_components"": 0, ""num_2_cell_components"": 0, ""num_components"": 1, ""smallest_component_size"": 2592, ""tiny_component_pixel_fraction"": 0.0, ""tiny_component_pixels"": 0}}"
feature_cluster_coarse_to_fine_global_pooled_init_coarse_only,test,45,222,0,0.0,2,0.9411031167093382,0.9049129305806747,0.5,0.9119143398012305,0.9702918936174458,0.2411956787109375,0.7588043212890625,2,2,0.0,0.0,ok,True,"cluster_a->texture_a,cluster_b->texture_b",cluster_a,cluster_b,0.9411031167093382,0.9049129305806747,0.011461444700581767,0.9049129305806747,1,fpn_2,fpn_2,fpn_2,72x72,16512,49024,16512,49024,16512,49024,0.0,0.0,0.0,0.0,coarsest_pooled_direct,pooled_avg_pool_coarse_only,False,False,3,3,24x24,1,0,0,0,0.0,1296,1296,1,0,0,0,0.0,3888,3888,"{""cluster_0"": {""cluster_value"": 0, ""component_size_histogram"": {""1296"": 1}, ""largest_component_size"": 1296, ""num_1_cell_components"": 0, ""num_2_cell_components"": 0, ""num_components"": 1, ""smallest_component_size"": 1296, ""tiny_component_pixel_fraction"": 0.0, ""tiny_component_pixels"": 0}, ""cluster_1"": {""cluster_value"": 1, ""component_size_histogram"": {""3888"": 1}, ""largest_component_size"": 3888, ""num_1_cell_components"": 0, ""num_2_cell_components"": 0, ""num_components"": 1, ""smallest_component_size"": 3888, ""tiny_component_pixel_fraction"": 0.0, ""tiny_component_pixels"": 0}}"
feature_cluster_coarse_to_fine_global_pooled_init_coarse_only,test,46,224,0,0.0,2,0.9877158284485583,0.9754331470951695,0.7469100952148438,0.9877912760377415,0.987640380859375,0.5061798095703125,0.987640380859375,2,1,0.0,0.0,ok,True,"cluster_b->texture_a,cluster_a->texture_b",cluster_b,cluster_a,0.00308990478515625,0.9754331470951695,0.9877158284485583,0.9754331470951695,1,fpn_2,fpn_2,fpn_2,72x72,32768,32768,32768,32768,32768,32768,0.0,0.0,0.0,0.0,coarsest_pooled_direct,pooled_avg_pool_coarse_only,False,False,3,3,24x24,1,0,0,0,0.0,2592,2592,1,0,0,0,0.0,2592,2592,"{""cluster_0"": {""cluster_value"": 0, ""component_size_histogram"": {""2592"": 1}, ""largest_component_size"": 2592, ""num_1_cell_components"": 0, ""num_2_cell_components"": 0, ""num_components"": 1, ""smallest_component_size"": 2592, ""tiny_component_pixel_fraction"": 0.0, ""tiny_component_pixels"": 0}, ""cluster_1"": {""cluster_value"": 1, ""component_size_histogram"": {""2592"": 1}, ""largest_component_size"": 2592, ""num_1_cell_components"": 0, ""num_2_cell_components"": 0, ""num_components"": 1, ""smallest_component_size"": 2592, ""tiny_component_pixel_fraction"": 0.0, ""tiny_component_pixels"": 0}}"
feature_cluster_coarse_to_fine_global_pooled_init_coarse_only,test,47,229,0,0.0,2,0.987028766537924,0.9747506854089544,0.5,0.9848798749681968,0.9891776581076511,0.415313720703125,0.584686279296875,2,2,0.0,0.0,ok,True,"cluster_b->texture_a,cluster_a->texture_b",cluster_b,cluster_a,0.003182165490931387,0.9747506854089544,0.987028766537924,0.9747506854089544,1,fpn_2,fpn_2,fpn_2,72x72,38144,27392,38144,27392,38144,27392,0.0,0.0,0.0,0.0,coarsest_pooled_direct,pooled_avg_pool_coarse_only,False,False,3,3,24x24,1,0,0,0,0.0,3024,3024,1,0,0,0,0.0,2160,2160,"{""cluster_0"": {""cluster_value"": 0, ""component_size_histogram"": {""3024"": 1}, ""largest_component_size"": 3024, ""num_1_cell_components"": 0, ""num_2_cell_components"": 0, ""num_components"": 1, ""smallest_component_size"": 3024, ""tiny_component_pixel_fraction"": 0.0, ""tiny_component_pixels"": 0}, ""cluster_1"": {""cluster_value"": 1, ""component_size_histogram"": {""2160"": 1}, ""largest_component_size"": 2160, ""num_1_cell_components"": 0, ""num_2_cell_components"": 0, ""num_components"": 1, ""smallest_component_size"": 2160, ""tiny_component_pixel_fraction"": 0.0, ""tiny_component_pixels"": 0}}"
feature_cluster_coarse_to_fine_global_pooled_init_coarse_only,test,48,237,0,0.0,2,0.9764360974088527,0.9529583364285805,0.5,0.975463210544528,0.9774089842731775,0.4797515869140625,0.5202484130859375,2,2,0.0,0.0,ok,True,"cluster_b->texture_a,cluster_a->texture_b",cluster_b,cluster_a,0.005986140122947873,0.9529583364285805,0.9764360974088527,0.9529583364285805,1,fpn_2,fpn_2,fpn_2,72x72,34179,31357,34179,31357,34179,31357,0.0,0.0,0.0,0.0,coarsest_pooled_direct,pooled_avg_pool_coarse_only,False,False,3,3,24x24,1,0,0,0,0.0,2709,2709,1,0,0,0,0.0,2475,2475,"{""cluster_0"": {""cluster_value"": 0, ""component_size_histogram"": {""2709"": 1}, ""largest_component_size"": 2709, ""num_1_cell_components"": 0, ""num_2_cell_components"": 0, ""num_components"": 1, ""smallest_component_size"": 2709, ""tiny_component_pixel_fraction"": 0.0, ""tiny_component_pixels"": 0}, ""cluster_1"": {""cluster_value"": 1, ""component_size_histogram"": {""2475"": 1}, ""largest_component_size"": 2475, ""num_1_cell_components"": 0, ""num_2_cell_components"": 0, ""num_components"": 1, ""smallest_component_size"": 2475, ""tiny_component_pixel_fraction"": 0.0, ""tiny_component_pixels"": 0}}"
feature_cluster_coarse_to_fine_global_pooled_init_coarse_only,test,49,24,0,0.0,2,0.4943475583089991,0.15458776565826068,0.5,0.639860203505834,0.3488349131121643,0.834991455078125,0.165008544921875,2,2,0.0,0.0,ok,True,"cluster_b->texture_a,cluster_a->texture_b",cluster_b,cluster_a,0.1521373716018198,0.15458776565826068,0.4943475583089991,0.15458776565826068,1,fpn_2,fpn_2,fpn_2,72x72,30169,35367,30169,35367,30169,35367,0.0,0.0,0.0,0.0,coarsest_pooled_direct,pooled_avg_pool_coarse_only,False,False,3,3,24x24,1,0,0,0,0.0,2385,2385,1,0,0,0,0.0,2799,2799,"{""cluster_0"": {""cluster_value"": 0, ""component_size_histogram"": {""2385"": 1}, ""largest_component_size"": 2385, ""num_1_cell_components"": 0, ""num_2_cell_components"": 0, ""num_components"": 1, ""smallest_component_size"": 2385, ""tiny_component_pixel_fraction"": 0.0, ""tiny_component_pixels"": 0}, ""cluster_1"": {""cluster_value"": 1, ""component_size_histogram"": {""2799"": 1}, ""largest_component_size"": 2799, ""num_1_cell_components"": 0, ""num_2_cell_components"": 0, ""num_components"": 1, ""smallest_component_size"": 2799, ""tiny_component_pixel_fraction"": 0.0, ""tiny_component_pixels"": 0}}"
feature_cluster_coarse_to_fine_global_pooled_init_coarse_only,test,50,240,0,0.0,2,0.3795723409311623,0.021597132802873956,0.5,0.5192091388400703,0.23993554302225434,0.5793304443359375,0.4206695556640625,2,2,0.0,0.0,ok,True,"cluster_b->texture_a,cluster_a->texture_b",cluster_b,cluster_a,0.2561337043693185,0.021597132802873956,0.3795723409311623,0.021597132802873956,1,fpn_2,fpn_2,fpn_2,72x72,17060,48476,17060,48476,17060,48476,0.0,0.0,0.0,0.0,coarsest_pooled_direct,pooled_avg_pool_coarse_only,False,False,3,3,24x24,7,0,0,0,0.0,738,9,4,0,0,0,0.0,1503,459,"{""cluster_0"": {""cluster_value"": 0, ""component_size_histogram"": {""18"": 3, ""252"": 1, ""306"": 1, ""738"": 1, ""9"": 1}, ""largest_component_size"": 738, ""num_1_cell_components"": 0, ""num_2_cell_components"": 0, ""num_components"": 7, ""smallest_component_size"": 9, ""tiny_component_pixel_fraction"": 0.0, ""tiny_component_pixels"": 0}, ""cluster_1"": {""cluster_value"": 1, ""component_size_histogram"": {""1503"": 1, ""459"": 1, ""891"": 1, ""972"": 1}, ""largest_component_size"": 1503, ""num_1_cell_components"": 0, ""num_2_cell_components"": 0, ""num_components"": 4, ""smallest_component_size"": 459, ""tiny_component_pixel_fraction"": 0.0, ""tiny_component_pixels"": 0}}"
feature_cluster_coarse_to_fine_global_pooled_init_coarse_only,test,51,244,0,0.0,2,0.6713802181139579,0.411230254623609,0.667187307276013,0.7648708070274522,0.5778896292004635,0.7564849853515625,0.5778896292004635,2,1,0.0,0.0,ok,True,"cluster_b->texture_a,cluster_a->texture_b",cluster_b,cluster_a,0.08893585205078125,0.411230254623609,0.6713802181139579,0.411230254623609,1,fpn_2,fpn_2,fpn_2,72x72,27616,37920,27616,37920,27616,37920,0.0,0.0,0.0,0.0,coarsest_pooled_direct,pooled_avg_pool_coarse_only,False,False,3,3,24x24,1,0,0,0,0.0,2187,2187,1,0,0,0,0.0,2997,2997,"{""cluster_0"": {""cluster_value"": 0, ""component_size_histogram"": {""2187"": 1}, ""largest_component_size"": 2187, ""num_1_cell_components"": 0, ""num_2_cell_components"": 0, ""num_components"": 1, ""smallest_component_size"": 2187, ""tiny_component_pixel_fraction"": 0.0, ""tiny_component_pixels"": 0}, ""cluster_1"": {""cluster_value"": 1, ""component_size_histogram"": {""2997"": 1}, ""largest_component_size"": 2997, ""num_1_cell_components"": 0, ""num_2_cell_components"": 0, ""num_components"": 1, ""smallest_component_size"": 2997, ""tiny_component_pixel_fraction"": 0.0, ""tiny_component_pixels"": 0}}"
feature_cluster_coarse_to_fine_global_pooled_init_coarse_only,test,52,245,0,0.0,2,0.9383049123776113,0.8852973765513328,0.7886983160004732,0.9213602550478215,0.955249569707401,0.9213602550478215,0.656036376953125,1,2,0.0,0.0,ok,True,"cluster_a->texture_a,cluster_b->texture_b",cluster_a,cluster_b,0.9383049123776113,0.8852973765513328,0.014678955078125,0.8852973765513328,1,fpn_2,fpn_2,fpn_2,72x72,24466,41070,24466,41070,24466,41070,0.0,0.0,0.0,0.0,coarsest_pooled_direct,pooled_avg_pool_coarse_only,False,False,3,3,24x24,1,0,0,0,0.0,1935,1935,1,0,0,0,0.0,3249,3249,"{""cluster_0"": {""cluster_value"": 0, ""component_size_histogram"": {""1935"": 1}, ""largest_component_size"": 1935, ""num_1_cell_components"": 0, ""num_2_cell_components"": 0, ""num_components"": 1, ""smallest_component_size"": 1935, ""tiny_component_pixel_fraction"": 0.0, ""tiny_component_pixels"": 0}, ""cluster_1"": {""cluster_value"": 1, ""component_size_histogram"": {""3249"": 1}, ""largest_component_size"": 3249, ""num_1_cell_components"": 0, ""num_2_cell_components"": 0, ""num_components"": 1, ""smallest_component_size"": 3249, ""tiny_component_pixel_fraction"": 0.0, ""tiny_component_pixels"": 0}}"
feature_cluster_coarse_to_fine_global_pooled_init_coarse_only,test,53,246,0,0.0,2,0.9751507621135802,0.9505162873356107,0.7251128044681272,0.9735408811112185,0.976760643115942,0.4734649658203125,0.976760643115942,2,1,0.0,0.0,ok,True,"cluster_a->texture_a,cluster_b->texture_b",cluster_a,cluster_b,0.9751507621135802,0.9505162873356107,0.00626373291015625,0.9505162873356107,1,fpn_2,fpn_2,fpn_2,72x72,30208,35328,30208,35328,30208,35328,0.0,0.0,0.0,0.0,coarsest_pooled_direct,pooled_avg_pool_coarse_only,False,False,3,3,24x24,1,0,0,0,0.0,2376,2376,1,0,0,0,0.0,2808,2808,"{""cluster_0"": {""cluster_value"": 0, ""component_size_histogram"": {""2376"": 1}, ""largest_component_size"": 2376, ""num_1_cell_components"": 0, ""num_2_cell_components"": 0, ""num_components"": 1, ""smallest_component_size"": 2376, ""tiny_component_pixel_fraction"": 0.0, ""tiny_component_pixels"": 0}, ""cluster_1"": {""cluster_value"": 1, ""component_size_histogram"": {""2808"": 1}, ""largest_component_size"": 2808, ""num_1_cell_components"": 0, ""num_2_cell_components"": 0, ""num_components"": 1, ""smallest_component_size"": 2808, ""tiny_component_pixel_fraction"": 0.0, ""tiny_component_pixels"": 0}}"
feature_cluster_coarse_to_fine_global_pooled_init_coarse_only,test,54,247,0,0.0,2,0.9906837625652984,0.9814700595325817,0.5,0.9899911396974371,0.9913763854331599,0.4610137939453125,0.5389862060546875,2,2,0.0,0.0,ok,True,"cluster_a->texture_a,cluster_b->texture_b",cluster_a,cluster_b,0.9906837625652984,0.9814700595325817,0.0023296958116573283,0.9814700595325817,1,fpn_2,fpn_2,fpn_2,72x72,30428,35108,30428,35108,30428,35108,0.0,0.0,0.0,0.0,coarsest_pooled_direct,pooled_avg_pool_coarse_only,False,False,3,3,24x24,1,0,0,0,0.0,2394,2394,1,0,0,0,0.0,2790,2790,"{""cluster_0"": {""cluster_value"": 0, ""component_size_histogram"": {""2394"": 1}, ""largest_component_size"": 2394, ""num_1_cell_components"": 0, ""num_2_cell_components"": 0, ""num_components"": 1, ""smallest_component_size"": 2394, ""tiny_component_pixel_fraction"": 0.0, ""tiny_component_pixels"": 0}, ""cluster_1"": {""cluster_value"": 1, ""component_size_histogram"": {""2790"": 1}, ""largest_component_size"": 2790, ""num_1_cell_components"": 0, ""num_2_cell_components"": 0, ""num_components"": 1, ""smallest_component_size"": 2790, ""tiny_component_pixel_fraction"": 0.0, ""tiny_component_pixels"": 0}}"
feature_cluster_coarse_to_fine_global_pooled_init_coarse_only,test,55,25,0,0.0,2,0.9413664256123451,0.8880390526176997,0.5,0.9540532630962832,0.928679588128407,0.611846923828125,0.388153076171875,2,2,0.0,0.0,ok,True,"cluster_a->texture_a,cluster_b->texture_b",cluster_a,cluster_b,0.9413664256123451,0.8880390526176997,0.014583091754791076,0.8880390526176997,1,fpn_2,fpn_2,fpn_2,72x72,40026,25510,40026,25510,40026,25510,0.0,0.0,0.0,0.0,coarsest_pooled_direct,pooled_avg_pool_coarse_only,False,False,3,3,24x24,1,0,0,0,0.0,3168,3168,1,0,0,0,0.0,2016,2016,"{""cluster_0"": {""cluster_value"": 0, ""component_size_histogram"": {""3168"": 1}, ""largest_component_size"": 3168, ""num_1_cell_components"": 0, ""num_2_cell_components"": 0, ""num_components"": 1, ""smallest_component_size"": 3168, ""tiny_component_pixel_fraction"": 0.0, ""tiny_component_pixels"": 0}, ""cluster_1"": {""cluster_value"": 1, ""component_size_histogram"": {""2016"": 1}, ""largest_component_size"": 2016, ""num_1_cell_components"": 0, ""num_2_cell_components"": 0, ""num_components"": 1, ""smallest_component_size"": 2016, ""tiny_component_pixel_fraction"": 0.0, ""tiny_component_pixels"": 0}}"
feature_cluster_coarse_to_fine_global_pooled_init_coarse_only,test,56,250,0,0.0,2,0.9347195718213983,0.8853681769276313,0.5,0.9102259779718952,0.9592131656709013,0.311065673828125,0.688934326171875,2,2,0.0,0.0,ok,True,"cluster_a->texture_a,cluster_b->texture_b",cluster_a,cluster_b,0.9347195718213983,0.8853681769276313,0.014621474574709562,0.8853681769276313,1,fpn_2,fpn_2,fpn_2,72x72,19851,45685,19851,45685,19851,45685,0.0,0.0,0.0,0.0,coarsest_pooled_direct,pooled_avg_pool_coarse_only,False,False,3,3,24x24,1,0,0,0,0.0,1566,1566,1,0,0,0,0.0,3618,3618,"{""cluster_0"": {""cluster_value"": 0, ""component_size_histogram"": {""1566"": 1}, ""largest_component_size"": 1566, ""num_1_cell_components"": 0, ""num_2_cell_components"": 0, ""num_components"": 1, ""smallest_component_size"": 1566, ""tiny_component_pixel_fraction"": 0.0, ""tiny_component_pixels"": 0}, ""cluster_1"": {""cluster_value"": 1, ""component_size_histogram"": {""3618"": 1}, ""largest_component_size"": 3618, ""num_1_cell_components"": 0, ""num_2_cell_components"": 0, ""num_components"": 1, ""smallest_component_size"": 3618, ""tiny_component_pixel_fraction"": 0.0, ""tiny_component_pixels"": 0}}"
feature_cluster_coarse_to_fine_global_pooled_init_coarse_only,test,57,251,0,0.0,2,0.9796368582778991,0.9592847604271264,0.5,0.9793631353337415,0.9799105812220567,0.489776611328125,0.510223388671875,2,2,0.0,0.0,ok,True,"cluster_b->texture_a,cluster_a->texture_b",cluster_b,cluster_a,0.0051569431316744775,0.9592847604271264,0.9796368582778991,0.9592847604271264,1,fpn_2,fpn_2,fpn_2,72x72,32988,32548,32988,32548,32988,32548,0.0,0.0,0.0,0.0,coarsest_pooled_direct,pooled_avg_pool_coarse_only,False,False,3,3,24x24,1,0,0,0,0.0,2610,2610,1,0,0,0,0.0,2574,2574,"{""cluster_0"": {""cluster_value"": 0, ""component_size_histogram"": {""2610"": 1}, ""largest_component_size"": 2610, ""num_1_cell_components"": 0, ""num_2_cell_components"": 0, ""num_components"": 1, ""smallest_component_size"": 2610, ""tiny_component_pixel_fraction"": 0.0, ""tiny_component_pixels"": 0}, ""cluster_1"": {""cluster_value"": 1, ""component_size_histogram"": {""2574"": 1}, ""largest_component_size"": 2574, ""num_1_cell_components"": 0, ""num_2_cell_components"": 0, ""num_components"": 1, ""smallest_component_size"": 2574, ""tiny_component_pixel_fraction"": 0.0, ""tiny_component_pixels"": 0}}"
feature_cluster_coarse_to_fine_global_pooled_init_coarse_only,test,58,253,0,0.0,2,0.9638117854306469,0.92973696330924,0.5,0.9575617004312688,0.970061870430025,0.4152984619140625,0.5847015380859375,2,2,0.0,0.0,ok,True,"cluster_a->texture_a,cluster_b->texture_b",cluster_a,cluster_b,0.9638117854306469,0.92973696330924,0.009004246855504109,0.92973696330924,1,fpn_2,fpn_2,fpn_2,72x72,26798,38738,26798,38738,26798,38738,0.0,0.0,0.0,0.0,coarsest_pooled_direct,pooled_avg_pool_coarse_only,False,False,3,3,24x24,2,0,0,0,0.0,2097,18,1,0,0,0,0.0,3069,3069,"{""cluster_0"": {""cluster_value"": 0, ""component_size_histogram"": {""18"": 1, ""2097"": 1}, ""largest_component_size"": 2097, ""num_1_cell_components"": 0, ""num_2_cell_components"": 0, ""num_components"": 2, ""smallest_component_size"": 18, ""tiny_component_pixel_fraction"": 0.0, ""tiny_component_pixels"": 0}, ""cluster_1"": {""cluster_value"": 1, ""component_size_histogram"": {""3069"": 1}, ""largest_component_size"": 3069, ""num_1_cell_components"": 0, ""num_2_cell_components"": 0, ""num_components"": 1, ""smallest_component_size"": 3069, ""tiny_component_pixel_fraction"": 0.0, ""tiny_component_pixels"": 0}}"
feature_cluster_coarse_to_fine_global_pooled_init_coarse_only,test,59,254,0,0.0,2,0.9582427384848071,0.9173027030008002,0.7571824930481992,0.9541843220338984,0.9623011549357159,0.9541843220338984,0.5601806640625,1,2,0.0,0.0,ok,True,"cluster_a->texture_a,cluster_b->texture_b",cluster_a,cluster_b,0.9582427384848071,0.9173027030008002,0.01055908203125,0.9173027030008002,1,fpn_2,fpn_2,fpn_2,72x72,30208,35328,30208,35328,30208,35328,0.0,0.0,0.0,0.0,coarsest_pooled_direct,pooled_avg_pool_coarse_only,False,False,3,3,24x24,1,0,0,0,0.0,2376,2376,1,0,0,0,0.0,2808,2808,"{""cluster_0"": {""cluster_value"": 0, ""component_size_histogram"": {""2376"": 1}, ""largest_component_size"": 2376, ""num_1_cell_components"": 0, ""num_2_cell_components"": 0, ""num_components"": 1, ""smallest_component_size"": 2376, ""tiny_component_pixel_fraction"": 0.0, ""tiny_component_pixels"": 0}, ""cluster_1"": {""cluster_value"": 1, ""component_size_histogram"": {""2808"": 1}, ""largest_component_size"": 2808, ""num_1_cell_components"": 0, ""num_2_cell_components"": 0, ""num_components"": 1, ""smallest_component_size"": 2808, ""tiny_component_pixel_fraction"": 0.0, ""tiny_component_pixels"": 0}}"
feature_cluster_coarse_to_fine_global_pooled_init_coarse_only,test,60,256,0,0.0,2,0.9841346360307093,0.9682728128407955,0.5,0.9840087890625,0.9842604829989187,0.4938507080078125,0.5061492919921875,2,2,0.0,0.0,ok,True,"cluster_a->texture_a,cluster_b->texture_b",cluster_a,cluster_b,0.9841346360307093,0.9682728128407955,0.004009201879562659,0.9682728128407955,1,fpn_2,fpn_2,fpn_2,72x72,32647,32889,32647,32889,32647,32889,0.0,0.0,0.0,0.0,coarsest_pooled_direct,pooled_avg_pool_coarse_only,False,False,3,3,24x24,1,0,0,0,0.0,2583,2583,2,0,0,0,0.0,2592,9,"{""cluster_0"": {""cluster_value"": 0, ""component_size_histogram"": {""2583"": 1}, ""largest_component_size"": 2583, ""num_1_cell_components"": 0, ""num_2_cell_components"": 0, ""num_components"": 1, ""smallest_component_size"": 2583, ""tiny_component_pixel_fraction"": 0.0, ""tiny_component_pixels"": 0}, ""cluster_1"": {""cluster_value"": 1, ""component_size_histogram"": {""2592"": 1, ""9"": 1}, ""largest_component_size"": 2592, ""num_1_cell_components"": 0, ""num_2_cell_components"": 0, ""num_components"": 2, ""smallest_component_size"": 9, ""tiny_component_pixel_fraction"": 0.0, ""tiny_component_pixels"": 0}}"
feature_cluster_coarse_to_fine_global_pooled_init_coarse_only,test,61,257,0,0.0,2,0.9568416576713217,0.9191854948153468,0.5,0.968101505988379,0.9455818093542644,0.63116455078125,0.36883544921875,2,2,0.0,0.0,ok,True,"cluster_b->texture_a,cluster_a->texture_b",cluster_b,cluster_a,0.010364042476205971,0.9191854948153468,0.9568416576713217,0.9191854948153468,1,fpn_2,fpn_2,fpn_2,72x72,23915,41621,23915,41621,23915,41621,0.0,0.0,0.0,0.0,coarsest_pooled_direct,pooled_avg_pool_coarse_only,False,False,3,3,24x24,1,0,0,0,0.0,1890,1890,1,0,0,0,0.0,3294,3294,"{""cluster_0"": {""cluster_value"": 0, ""component_size_histogram"": {""1890"": 1}, ""largest_component_size"": 1890, ""num_1_cell_components"": 0, ""num_2_cell_components"": 0, ""num_components"": 1, ""smallest_component_size"": 1890, ""tiny_component_pixel_fraction"": 0.0, ""tiny_component_pixels"": 0}, ""cluster_1"": {""cluster_value"": 1, ""component_size_histogram"": {""3294"": 1}, ""largest_component_size"": 3294, ""num_1_cell_components"": 0, ""num_2_cell_components"": 0, ""num_components"": 1, ""smallest_component_size"": 3294, ""tiny_component_pixel_fraction"": 0.0, ""tiny_component_pixels"": 0}}"
feature_cluster_coarse_to_fine_global_pooled_init_coarse_only,test,62,258,0,0.0,2,0.9665859053512627,0.93339678124039,0.5,0.9684479818078454,0.96472382889468,0.5316619873046875,0.4683380126953125,2,2,0.0,0.0,ok,True,"cluster_a->texture_a,cluster_b->texture_b",cluster_a,cluster_b,0.9665859053512627,0.93339678124039,0.008529799265114218,0.93339678124039,1,fpn_2,fpn_2,fpn_2,72x72,34407,31129,34407,31129,34407,31129,0.0,0.0,0.0,0.0,coarsest_pooled_direct,pooled_avg_pool_coarse_only,False,False,3,3,24x24,1,0,0,0,0.0,2718,2718,1,0,0,0,0.0,2466,2466,"{""cluster_0"": {""cluster_value"": 0, ""component_size_histogram"": {""2718"": 1}, ""largest_component_size"": 2718, ""num_1_cell_components"": 0, ""num_2_cell_components"": 0, ""num_components"": 1, ""smallest_component_size"": 2718, ""tiny_component_pixel_fraction"": 0.0, ""tiny_component_pixels"": 0}, ""cluster_1"": {""cluster_value"": 1, ""component_size_histogram"": {""2466"": 1}, ""largest_component_size"": 2466, ""num_1_cell_components"": 0, ""num_2_cell_components"": 0, ""num_components"": 1, ""smallest_component_size"": 2466, ""tiny_component_pixel_fraction"": 0.0, ""tiny_component_pixels"": 0}}"
feature_cluster_coarse_to_fine_global_pooled_init_coarse_only,test,63,259,0,0.0,2,0.9390030122714177,0.8941991706264935,0.5,0.9630403719422466,0.9149656526005888,0.710540771484375,0.289459228515625,2,2,0.0,0.0,ok,True,"cluster_b->texture_a,cluster_a->texture_b",cluster_b,cluster_a,0.013329207166335169,0.8941991706264935,0.9390030122714177,0.8941991706264935,1,fpn_2,fpn_2,fpn_2,72x72,20057,45479,20057,45479,20057,45479,0.0,0.0,0.0,0.0,coarsest_pooled_direct,pooled_avg_pool_coarse_only,False,False,3,3,24x24,1,0,0,0,0.0,1575,1575,1,0,0,0,0.0,3609,3609,"{""cluster_0"": {""cluster_value"": 0, ""component_size_histogram"": {""1575"": 1}, ""largest_component_size"": 1575, ""num_1_cell_components"": 0, ""num_2_cell_components"": 0, ""num_components"": 1, ""smallest_component_size"": 1575, ""tiny_component_pixel_fraction"": 0.0, ""tiny_component_pixels"": 0}, ""cluster_1"": {""cluster_value"": 1, ""component_size_histogram"": {""3609"": 1}, ""largest_component_size"": 3609, ""num_1_cell_components"": 0, ""num_2_cell_components"": 0, ""num_components"": 1, ""smallest_component_size"": 3609, ""tiny_component_pixel_fraction"": 0.0, ""tiny_component_pixels"": 0}}"
feature_cluster_coarse_to_fine_global_pooled_init_coarse_only,test,64,260,0,0.0,2,0.9755879875468187,0.9512313046681576,0.5,0.9763588544710695,0.9748171206225681,0.5118408203125,0.4881591796875,2,2,0.0,0.0,ok,True,"cluster_b->texture_a,cluster_a->texture_b",cluster_b,cluster_a,0.006193243886056313,0.9512313046681576,0.9755879875468187,0.9512313046681576,1,fpn_2,fpn_2,fpn_2,72x72,31449,34087,31449,34087,31449,34087,0.0,0.0,0.0,0.0,coarsest_pooled_direct,pooled_avg_pool_coarse_only,False,False,3,3,24x24,1,0,0,0,0.0,2493,2493,1,0,0,0,0.0,2691,2691,"{""cluster_0"": {""cluster_value"": 0, ""component_size_histogram"": {""2493"": 1}, ""largest_component_size"": 2493, ""num_1_cell_components"": 0, ""num_2_cell_components"": 0, ""num_components"": 1, ""smallest_component_size"": 2493, ""tiny_component_pixel_fraction"": 0.0, ""tiny_component_pixels"": 0}, ""cluster_1"": {""cluster_value"": 1, ""component_size_histogram"": {""2691"": 1}, ""largest_component_size"": 2691, ""num_1_cell_components"": 0, ""num_2_cell_components"": 0, ""num_components"": 1, ""smallest_component_size"": 2691, ""tiny_component_pixel_fraction"": 0.0, ""tiny_component_pixels"": 0}}"
feature_cluster_coarse_to_fine_global_pooled_init_coarse_only,test,65,261,0,0.0,2,0.9832858912799916,0.9673529977606556,0.7060312872765049,0.9807024453116608,0.9858693372483222,0.4261932373046875,0.9858693372483222,2,1,0.0,0.0,ok,True,"cluster_a->texture_a,cluster_b->texture_b",cluster_a,cluster_b,0.9832858912799916,0.9673529977606556,0.00411224365234375,0.9673529977606556,1,fpn_2,fpn_2,fpn_2,72x72,27392,38144,27392,38144,27392,38144,0.0,0.0,0.0,0.0,coarsest_pooled_direct,pooled_avg_pool_coarse_only,False,False,3,3,24x24,1,0,0,0,0.0,2160,2160,1,0,0,0,0.0,3024,3024,"{""cluster_0"": {""cluster_value"": 0, ""component_size_histogram"": {""2160"": 1}, ""largest_component_size"": 2160, ""num_1_cell_components"": 0, ""num_2_cell_components"": 0, ""num_components"": 1, ""smallest_component_size"": 2160, ""tiny_component_pixel_fraction"": 0.0, ""tiny_component_pixels"": 0}, ""cluster_1"": {""cluster_value"": 1, ""component_size_histogram"": {""3024"": 1}, ""largest_component_size"": 3024, ""num_1_cell_components"": 0, ""num_2_cell_components"": 0, ""num_components"": 1, ""smallest_component_size"": 3024, ""tiny_component_pixel_fraction"": 0.0, ""tiny_component_pixels"": 0}}"
feature_cluster_coarse_to_fine_global_pooled_init_coarse_only,test,66,262,0,0.0,2,0.9568460286007949,0.9145566651655088,0.7568589641517729,0.9610855790933566,0.9526064781082334,0.5611114501953125,0.9526064781082334,2,1,0.0,0.0,ok,True,"cluster_b->texture_a,cluster_a->texture_b",cluster_b,cluster_a,0.01091766357421875,0.9145566651655088,0.9568460286007949,0.9145566651655088,1,fpn_2,fpn_2,fpn_2,72x72,30194,35342,30194,35342,30194,35342,0.0,0.0,0.0,0.0,coarsest_pooled_direct,pooled_avg_pool_coarse_only,False,False,3,3,24x24,1,0,0,0,0.0,2394,2394,1,0,0,0,0.0,2790,2790,"{""cluster_0"": {""cluster_value"": 0, ""component_size_histogram"": {""2394"": 1}, ""largest_component_size"": 2394, ""num_1_cell_components"": 0, ""num_2_cell_components"": 0, ""num_components"": 1, ""smallest_component_size"": 2394, ""tiny_component_pixel_fraction"": 0.0, ""tiny_component_pixels"": 0}, ""cluster_1"": {""cluster_value"": 1, ""component_size_histogram"": {""2790"": 1}, ""largest_component_size"": 2790, ""num_1_cell_components"": 0, ""num_2_cell_components"": 0, ""num_components"": 1, ""smallest_component_size"": 2790, ""tiny_component_pixel_fraction"": 0.0, ""tiny_component_pixels"": 0}}"
feature_cluster_coarse_to_fine_global_pooled_init_coarse_only,test,67,263,0,0.0,2,0.9813195395911474,0.9628142667770102,0.7264566836149796,0.980047367225773,0.9825917119565217,0.4703216552734375,0.9825917119565217,2,1,0.0,0.0,ok,True,"cluster_a->texture_a,cluster_b->texture_b",cluster_a,cluster_b,0.9813195395911474,0.9628142667770102,0.00469207763671875,0.9628142667770102,1,fpn_2,fpn_2,fpn_2,72x72,30208,35328,30208,35328,30208,35328,0.0,0.0,0.0,0.0,coarsest_pooled_direct,pooled_avg_pool_coarse_only,False,False,3,3,24x24,1,0,0,0,0.0,2376,2376,1,0,0,0,0.0,2808,2808,"{""cluster_0"": {""cluster_value"": 0, ""component_size_histogram"": {""2376"": 1}, ""largest_component_size"": 2376, ""num_1_cell_components"": 0, ""num_2_cell_components"": 0, ""num_components"": 1, ""smallest_component_size"": 2376, ""tiny_component_pixel_fraction"": 0.0, ""tiny_component_pixels"": 0}, ""cluster_1"": {""cluster_value"": 1, ""component_size_histogram"": {""2808"": 1}, ""largest_component_size"": 2808, ""num_1_cell_components"": 0, ""num_2_cell_components"": 0, ""num_components"": 1, ""smallest_component_size"": 2808, ""tiny_component_pixel_fraction"": 0.0, ""tiny_component_pixels"": 0}}"
feature_cluster_coarse_to_fine_global_pooled_init_coarse_only,test,68,265,0,0.0,2,0.4761325871005552,0.10761240339320934,0.5,0.36897612000344837,0.5832890541976621,0.196807861328125,0.803192138671875,2,2,0.0,0.0,ok,True,"cluster_b->texture_a,cluster_a->texture_b",cluster_b,cluster_a,0.1679039822139437,0.10761240339320934,0.4761325871005552,0.10761240339320934,1,fpn_2,fpn_2,fpn_2,72x72,30795,34741,30795,34741,30795,34741,0.0,0.0,0.0,0.0,coarsest_pooled_direct,pooled_avg_pool_coarse_only,False,False,3,3,24x24,3,0,0,0,0.0,2412,9,3,0,0,0,0.0,2718,9,"{""cluster_0"": {""cluster_value"": 0, ""component_size_histogram"": {""2412"": 1, ""9"": 2}, ""largest_component_size"": 2412, ""num_1_cell_components"": 0, ""num_2_cell_components"": 0, ""num_components"": 3, ""smallest_component_size"": 9, ""tiny_component_pixel_fraction"": 0.0, ""tiny_component_pixels"": 0}, ""cluster_1"": {""cluster_value"": 1, ""component_size_histogram"": {""27"": 1, ""2718"": 1, ""9"": 1}, ""largest_component_size"": 2718, ""num_1_cell_components"": 0, ""num_2_cell_components"": 0, ""num_components"": 3, ""smallest_component_size"": 9, ""tiny_component_pixel_fraction"": 0.0, ""tiny_component_pixels"": 0}}"
feature_cluster_coarse_to_fine_global_pooled_init_coarse_only,test,69,268,0,0.0,2,0.9724189165327455,0.9448723780339969,0.5,0.9718361825113763,0.9730016505541146,0.486663818359375,0.513336181640625,2,2,0.0,0.0,ok,True,"cluster_a->texture_a,cluster_b->texture_b",cluster_a,cluster_b,0.9724189165327455,0.9448723780339969,0.007030772353015555,0.9448723780339969,1,fpn_2,fpn_2,fpn_2,72x72,32238,33298,32238,33298,32238,33298,0.0,0.0,0.0,0.0,coarsest_pooled_direct,pooled_avg_pool_coarse_only,False,False,3,3,24x24,1,0,0,0,0.0,2547,2547,1,0,0,0,0.0,2637,2637,"{""cluster_0"": {""cluster_value"": 0, ""component_size_histogram"": {""2547"": 1}, ""largest_component_size"": 2547, ""num_1_cell_components"": 0, ""num_2_cell_components"": 0, ""num_components"": 1, ""smallest_component_size"": 2547, ""tiny_component_pixel_fraction"": 0.0, ""tiny_component_pixels"": 0}, ""cluster_1"": {""cluster_value"": 1, ""component_size_histogram"": {""2637"": 1}, ""largest_component_size"": 2637, ""num_1_cell_components"": 0, ""num_2_cell_components"": 0, ""num_components"": 1, ""smallest_component_size"": 2637, ""tiny_component_pixel_fraction"": 0.0, ""tiny_component_pixels"": 0}}"
feature_cluster_coarse_to_fine_global_pooled_init_coarse_only,test,70,269,0,0.0,2,0.9509172546096467,0.9020576799022942,0.5,0.9529176201372997,0.9489168890819937,0.5291900634765625,0.4708099365234375,2,2,0.0,0.0,ok,True,"cluster_a->texture_a,cluster_b->texture_b",cluster_a,cluster_b,0.9509172546096467,0.9020576799022942,0.012647919062330398,0.9020576799022942,1,fpn_2,fpn_2,fpn_2,72x72,33593,31943,33593,31943,33593,31943,0.0,0.0,0.0,0.0,coarsest_pooled_direct,pooled_avg_pool_coarse_only,False,False,3,3,24x24,1,0,0,0,0.0,2655,2655,1,0,0,0,0.0,2529,2529,"{""cluster_0"": {""cluster_value"": 0, ""component_size_histogram"": {""2655"": 1}, ""largest_component_size"": 2655, ""num_1_cell_components"": 0, ""num_2_cell_components"": 0, ""num_components"": 1, ""smallest_component_size"": 2655, ""tiny_component_pixel_fraction"": 0.0, ""tiny_component_pixels"": 0}, ""cluster_1"": {""cluster_value"": 1, ""component_size_histogram"": {""2529"": 1}, ""largest_component_size"": 2529, ""num_1_cell_components"": 0, ""num_2_cell_components"": 0, ""num_components"": 1, ""smallest_component_size"": 2529, ""tiny_component_pixel_fraction"": 0.0, ""tiny_component_pixels"": 0}}"
feature_cluster_coarse_to_fine_global_pooled_init_coarse_only,test,71,27,0,0.0,2,0.5028137092024236,0.10694192317700557,0.5,0.4839017409968996,0.5217256774079476,0.6323394775390625,0.3676605224609375,2,2,0.0,0.0,ok,True,"cluster_a->texture_a,cluster_b->texture_b",cluster_a,cluster_b,0.5028137092024236,0.10694192317700557,0.16809105816553277,0.10694192317700557,1,fpn_2,fpn_2,fpn_2,72x72,20779,44757,20779,44757,20779,44757,0.0,0.0,0.0,0.0,coarsest_pooled_direct,pooled_avg_pool_coarse_only,False,False,3,3,24x24,4,0,0,0,0.0,1611,9,1,0,0,0,0.0,3537,3537,"{""cluster_0"": {""cluster_value"": 0, ""component_size_histogram"": {""1611"": 1, ""18"": 1, ""9"": 2}, ""largest_component_size"": 1611, ""num_1_cell_components"": 0, ""num_2_cell_components"": 0, ""num_components"": 4, ""smallest_component_size"": 9, ""tiny_component_pixel_fraction"": 0.0, ""tiny_component_pixels"": 0}, ""cluster_1"": {""cluster_value"": 1, ""component_size_histogram"": {""3537"": 1}, ""largest_component_size"": 3537, ""num_1_cell_components"": 0, ""num_2_cell_components"": 0, ""num_components"": 1, ""smallest_component_size"": 3537, ""tiny_component_pixel_fraction"": 0.0, ""tiny_component_pixels"": 0}}"
feature_cluster_coarse_to_fine_global_pooled_init_coarse_only,test,72,270,0,0.0,2,0.661081951566242,0.4429836384802075,0.6742041425562617,0.8196265896996482,0.5025373134328358,0.8458709716796875,0.5025373134328358,2,1,0.0,0.0,ok,True,"cluster_b->texture_a,cluster_a->texture_b",cluster_b,cluster_a,0.07628631591796875,0.4429836384802075,0.661081951566242,0.4429836384802075,1,fpn_2,fpn_2,fpn_2,72x72,20100,45436,20100,45436,20100,45436,0.0,0.0,0.0,0.0,coarsest_pooled_direct,pooled_avg_pool_coarse_only,False,False,3,3,24x24,4,0,0,0,0.0,1359,36,2,0,0,0,0.0,2160,1422,"{""cluster_0"": {""cluster_value"": 0, ""component_size_histogram"": {""135"": 1, ""1359"": 1, ""36"": 1, ""72"": 1}, ""largest_component_size"": 1359, ""num_1_cell_components"": 0, ""num_2_cell_components"": 0, ""num_components"": 4, ""smallest_component_size"": 36, ""tiny_component_pixel_fraction"": 0.0, ""tiny_component_pixels"": 0}, ""cluster_1"": {""cluster_value"": 1, ""component_size_histogram"": {""1422"": 1, ""2160"": 1}, ""largest_component_size"": 2160, ""num_1_cell_components"": 0, ""num_2_cell_components"": 0, ""num_components"": 2, ""smallest_component_size"": 1422, ""tiny_component_pixel_fraction"": 0.0, ""tiny_component_pixels"": 0}}"
feature_cluster_coarse_to_fine_global_pooled_init_coarse_only,test,73,274,0,0.0,2,0.9716930053645192,0.9441498433577437,0.5,0.9684042082326104,0.9749818024964279,0.4391937255859375,0.5608062744140625,2,2,0.0,0.0,ok,True,"cluster_a->texture_a,cluster_b->texture_b",cluster_a,cluster_b,0.9716930053645192,0.9441498433577437,0.007126957707411026,0.9441498433577437,1,fpn_2,fpn_2,fpn_2,72x72,29031,36505,29031,36505,29031,36505,0.0,0.0,0.0,0.0,coarsest_pooled_direct,pooled_avg_pool_coarse_only,False,False,3,3,24x24,1,0,0,0,0.0,2286,2286,1,0,0,0,0.0,2898,2898,"{""cluster_0"": {""cluster_value"": 0, ""component_size_histogram"": {""2286"": 1}, ""largest_component_size"": 2286, ""num_1_cell_components"": 0, ""num_2_cell_components"": 0, ""num_components"": 1, ""smallest_component_size"": 2286, ""tiny_component_pixel_fraction"": 0.0, ""tiny_component_pixels"": 0}, ""cluster_1"": {""cluster_value"": 1, ""component_size_histogram"": {""2898"": 1}, ""largest_component_size"": 2898, ""num_1_cell_components"": 0, ""num_2_cell_components"": 0, ""num_components"": 1, ""smallest_component_size"": 2898, ""tiny_component_pixel_fraction"": 0.0, ""tiny_component_pixels"": 0}}"
feature_cluster_coarse_to_fine_global_pooled_init_coarse_only,test,74,276,0,0.0,2,0.8337421102505307,0.70674631716947,0.5,0.8944912266146763,0.772992993886385,0.6743011474609375,0.3256988525390625,2,2,0.0,0.0,ok,True,"cluster_a->texture_a,cluster_b->texture_b",cluster_a,cluster_b,0.8337421102505307,0.70674631716947,0.03984816886920764,0.70674631716947,1,fpn_2,fpn_2,fpn_2,72x72,47150,18386,47150,18386,47150,18386,0.0,0.0,0.0,0.0,coarsest_pooled_direct,pooled_avg_pool_coarse_only,False,False,3,3,24x24,1,0,0,0,0.0,3735,3735,2,0,0,0,0.0,819,630,"{""cluster_0"": {""cluster_value"": 0, ""component_size_histogram"": {""3735"": 1}, ""largest_component_size"": 3735, ""num_1_cell_components"": 0, ""num_2_cell_components"": 0, ""num_components"": 1, ""smallest_component_size"": 3735, ""tiny_component_pixel_fraction"": 0.0, ""tiny_component_pixels"": 0}, ""cluster_1"": {""cluster_value"": 1, ""component_size_histogram"": {""630"": 1, ""819"": 1}, ""largest_component_size"": 819, ""num_1_cell_components"": 0, ""num_2_cell_components"": 0, ""num_components"": 2, ""smallest_component_size"": 630, ""tiny_component_pixel_fraction"": 0.0, ""tiny_component_pixels"": 0}}"
feature_cluster_coarse_to_fine_global_pooled_init_coarse_only,test,75,28,0,0.0,2,0.9062387575781123,0.8130101936280566,0.5,0.9082051282051282,0.9042723869510964,0.5027008056640625,0.4972991943359375,2,2,0.0,0.0,ok,True,"cluster_b->texture_a,cluster_a->texture_b",cluster_b,cluster_a,0.025130808229754303,0.8130101936280566,0.9062387575781123,0.8130101936280566,1,fpn_2,fpn_2,fpn_2,72x72,31503,34033,31503,34033,31503,34033,0.0,0.0,0.0,0.0,coarsest_pooled_direct,pooled_avg_pool_coarse_only,False,False,3,3,24x24,1,0,0,0,0.0,2493,2493,1,0,0,0,0.0,2691,2691,"{""cluster_0"": {""cluster_value"": 0, ""component_size_histogram"": {""2493"": 1}, ""largest_component_size"": 2493, ""num_1_cell_components"": 0, ""num_2_cell_components"": 0, ""num_components"": 1, ""smallest_component_size"": 2493, ""tiny_component_pixel_fraction"": 0.0, ""tiny_component_pixels"": 0}, ""cluster_1"": {""cluster_value"": 1, ""component_size_histogram"": {""2691"": 1}, ""largest_component_size"": 2691, ""num_1_cell_components"": 0, ""num_2_cell_components"": 0, ""num_components"": 1, ""smallest_component_size"": 2691, ""tiny_component_pixel_fraction"": 0.0, ""tiny_component_pixels"": 0}}"
feature_cluster_coarse_to_fine_global_pooled_init_coarse_only,test,76,280,0,0.0,2,0.9548622928012301,0.9116064974969247,0.5,0.9483486206535765,0.9613759649488838,0.42791748046875,0.57208251953125,2,2,0.0,0.0,ok,True,"cluster_b->texture_a,cluster_a->texture_b",cluster_b,cluster_a,0.011425335449745154,0.9116064974969247,0.9548622928012301,0.9116064974969247,1,fpn_2,fpn_2,fpn_2,72x72,37715,27821,37715,27821,37715,27821,0.0,0.0,0.0,0.0,coarsest_pooled_direct,pooled_avg_pool_coarse_only,False,False,3,3,24x24,2,0,0,0,0.0,2970,18,1,0,0,0,0.0,2196,2196,"{""cluster_0"": {""cluster_value"": 0, ""component_size_histogram"": {""18"": 1, ""2970"": 1}, ""largest_component_size"": 2970, ""num_1_cell_components"": 0, ""num_2_cell_components"": 0, ""num_components"": 2, ""smallest_component_size"": 18, ""tiny_component_pixel_fraction"": 0.0, ""tiny_component_pixels"": 0}, ""cluster_1"": {""cluster_value"": 1, ""component_size_histogram"": {""2196"": 1}, ""largest_component_size"": 2196, ""num_1_cell_components"": 0, ""num_2_cell_components"": 0, ""num_components"": 1, ""smallest_component_size"": 2196, ""tiny_component_pixel_fraction"": 0.0, ""tiny_component_pixels"": 0}}"
feature_cluster_coarse_to_fine_global_pooled_init_coarse_only,test,77,281,0,0.0,2,0.9412619113999814,0.8829711297179853,0.5,0.9380871852686959,0.9444366375312667,0.45928955078125,0.54071044921875,2,2,0.0,0.0,ok,True,"cluster_b->texture_a,cluster_a->texture_b",cluster_b,cluster_a,0.015146120022388802,0.8829711297179853,0.9412619113999814,0.8829711297179853,1,fpn_2,fpn_2,fpn_2,72x72,33749,31787,33749,31787,33749,31787,0.0,0.0,0.0,0.0,coarsest_pooled_direct,pooled_avg_pool_coarse_only,False,False,3,3,24x24,1,0,0,0,0.0,2673,2673,1,0,0,0,0.0,2511,2511,"{""cluster_0"": {""cluster_value"": 0, ""component_size_histogram"": {""2673"": 1}, ""largest_component_size"": 2673, ""num_1_cell_components"": 0, ""num_2_cell_components"": 0, ""num_components"": 1, ""smallest_component_size"": 2673, ""tiny_component_pixel_fraction"": 0.0, ""tiny_component_pixels"": 0}, ""cluster_1"": {""cluster_value"": 1, ""component_size_histogram"": {""2511"": 1}, ""largest_component_size"": 2511, ""num_1_cell_components"": 0, ""num_2_cell_components"": 0, ""num_components"": 1, ""smallest_component_size"": 2511, ""tiny_component_pixel_fraction"": 0.0, ""tiny_component_pixels"": 0}}"
feature_cluster_coarse_to_fine_global_pooled_init_coarse_only,test,78,282,0,0.0,2,0.8968453569502557,0.7943505368429651,0.5,0.8951688831352242,0.8985218307652872,0.4654388427734375,0.5345611572265625,2,2,0.0,0.0,ok,True,"cluster_b->texture_a,cluster_a->texture_b",cluster_b,cluster_a,0.027248638080432538,0.7943505368429651,0.8968453569502557,0.7943505368429651,1,fpn_2,fpn_2,fpn_2,72x72,31626,33910,31626,33910,31626,33910,0.0,0.0,0.0,0.0,coarsest_pooled_direct,pooled_avg_pool_coarse_only,False,False,3,3,24x24,1,0,0,0,0.0,2511,2511,1,0,0,0,0.0,2673,2673,"{""cluster_0"": {""cluster_value"": 0, ""component_size_histogram"": {""2511"": 1}, ""largest_component_size"": 2511, ""num_1_cell_components"": 0, ""num_2_cell_components"": 0, ""num_components"": 1, ""smallest_component_size"": 2511, ""tiny_component_pixel_fraction"": 0.0, ""tiny_component_pixels"": 0}, ""cluster_1"": {""cluster_value"": 1, ""component_size_histogram"": {""2673"": 1}, ""largest_component_size"": 2673, ""num_1_cell_components"": 0, ""num_2_cell_components"": 0, ""num_components"": 1, ""smallest_component_size"": 2673, ""tiny_component_pixel_fraction"": 0.0, ""tiny_component_pixels"": 0}}"
feature_cluster_coarse_to_fine_global_pooled_init_coarse_only,test,79,288,0,0.0,2,0.3654407720020038,0.013800520202920028,0.5,0.24477463572867345,0.4861069082753342,0.24420166015625,0.75579833984375,2,2,0.0,0.0,ok,True,"cluster_b->texture_a,cluster_a->texture_b",cluster_b,cluster_a,0.2654176519823557,0.013800520202920028,0.3654407720020038,0.013800520202920028,1,fpn_2,fpn_2,fpn_2,72x72,33956,31580,33956,31580,33956,31580,0.0,0.0,0.0,0.0,coarsest_pooled_direct,pooled_avg_pool_coarse_only,False,False,3,3,24x24,3,0,0,0,0.0,2646,18,1,0,0,0,0.0,2502,2502,"{""cluster_0"": {""cluster_value"": 0, ""component_size_histogram"": {""18"": 2, ""2646"": 1}, ""largest_component_size"": 2646, ""num_1_cell_components"": 0, ""num_2_cell_components"": 0, ""num_components"": 3, ""smallest_component_size"": 18, ""tiny_component_pixel_fraction"": 0.0, ""tiny_component_pixels"": 0}, ""cluster_1"": {""cluster_value"": 1, ""component_size_histogram"": {""2502"": 1}, ""largest_component_size"": 2502, ""num_1_cell_components"": 0, ""num_2_cell_components"": 0, ""num_components"": 1, ""smallest_component_size"": 2502, ""tiny_component_pixel_fraction"": 0.0, ""tiny_component_pixels"": 0}}"
feature_cluster_coarse_to_fine_global_pooled_init_coarse_only,test,80,293,0,0.0,2,0.9332319460599383,0.9075788401780822,0.5,0.9792938254080908,0.8871700667117858,0.8547210693359375,0.1452789306640625,2,2,0.0,0.0,ok,True,"cluster_b->texture_a,cluster_a->texture_b",cluster_b,cluster_a,0.008970125924184752,0.9075788401780822,0.9332319460599383,0.9075788401780822,1,fpn_2,fpn_2,fpn_2,72x72,9998,55538,9998,55538,9998,55538,0.0,0.0,0.0,0.0,coarsest_pooled_direct,pooled_avg_pool_coarse_only,False,False,3,3,24x24,2,0,0,0,0.0,783,9,1,0,0,0,0.0,4392,4392,"{""cluster_0"": {""cluster_value"": 0, ""component_size_histogram"": {""783"": 1, ""9"": 1}, ""largest_component_size"": 783, ""num_1_cell_components"": 0, ""num_2_cell_components"": 0, ""num_components"": 2, ""smallest_component_size"": 9, ""tiny_component_pixel_fraction"": 0.0, ""tiny_component_pixels"": 0}, ""cluster_1"": {""cluster_value"": 1, ""component_size_histogram"": {""4392"": 1}, ""largest_component_size"": 4392, ""num_1_cell_components"": 0, ""num_2_cell_components"": 0, ""num_components"": 1, ""smallest_component_size"": 4392, ""tiny_component_pixel_fraction"": 0.0, ""tiny_component_pixels"": 0}}"
feature_cluster_coarse_to_fine_global_pooled_init_coarse_only,test,81,294,0,0.0,2,0.9552157867133515,0.9115761441436678,0.5,0.9502200127640993,0.9602115606626037,0.4322052001953125,0.5677947998046875,2,2,0.0,0.0,ok,True,"cluster_b->texture_a,cluster_a->texture_b",cluster_b,cluster_a,0.011319022986520625,0.9115761441436678,0.9552157867133515,0.9115761441436678,1,fpn_2,fpn_2,fpn_2,72x72,35801,29735,35801,29735,35801,29735,0.0,0.0,0.0,0.0,coarsest_pooled_direct,pooled_avg_pool_coarse_only,False,False,3,3,24x24,1,0,0,0,0.0,2844,2844,1,0,0,0,0.0,2340,2340,"{""cluster_0"": {""cluster_value"": 0, ""component_size_histogram"": {""2844"": 1}, ""largest_component_size"": 2844, ""num_1_cell_components"": 0, ""num_2_cell_components"": 0, ""num_components"": 1, ""smallest_component_size"": 2844, ""tiny_component_pixel_fraction"": 0.0, ""tiny_component_pixels"": 0}, ""cluster_1"": {""cluster_value"": 1, ""component_size_histogram"": {""2340"": 1}, ""largest_component_size"": 2340, ""num_1_cell_components"": 0, ""num_2_cell_components"": 0, ""num_components"": 1, ""smallest_component_size"": 2340, ""tiny_component_pixel_fraction"": 0.0, ""tiny_component_pixels"": 0}}"
feature_cluster_coarse_to_fine_global_pooled_init_coarse_only,test,82,299,0,0.0,2,0.9361622280780852,0.8729613026520948,0.5,0.9321520902957311,0.9401723658604393,0.4632110595703125,0.5367889404296875,2,2,0.0,0.0,ok,True,"cluster_a->texture_a,cluster_b->texture_b",cluster_a,cluster_b,0.9361622280780852,0.8729613026520948,0.016673300123829414,0.8729613026520948,1,fpn_2,fpn_2,fpn_2,72x72,30927,34609,30927,34609,30927,34609,0.0,0.0,0.0,0.0,coarsest_pooled_direct,pooled_avg_pool_coarse_only,False,False,3,3,24x24,2,0,0,0,0.0,2430,9,4,0,0,0,0.0,2718,9,"{""cluster_0"": {""cluster_value"": 0, ""component_size_histogram"": {""2430"": 1, ""9"": 1}, ""largest_component_size"": 2430, ""num_1_cell_components"": 0, ""num_2_cell_components"": 0, ""num_components"": 2, ""smallest_component_size"": 9, ""tiny_component_pixel_fraction"": 0.0, ""tiny_component_pixels"": 0}, ""cluster_1"": {""cluster_value"": 1, ""component_size_histogram"": {""2718"": 1, ""9"": 3}, ""largest_component_size"": 2718, ""num_1_cell_components"": 0, ""num_2_cell_components"": 0, ""num_components"": 4, ""smallest_component_size"": 9, ""tiny_component_pixel_fraction"": 0.0, ""tiny_component_pixels"": 0}}"
feature_cluster_coarse_to_fine_global_pooled_init_coarse_only,test,83,3,0,0.0,2,0.3618428111404296,0.010133313146840685,0.5,0.25520675361439693,0.4684788686664622,0.255859375,0.744140625,2,2,0.0,0.0,ok,True,"cluster_a->texture_a,cluster_b->texture_b",cluster_a,cluster_b,0.3618428111404296,0.010133313146840685,0.2716711383776263,0.010133313146840685,1,fpn_2,fpn_2,fpn_2,72x72,32893,32643,32893,32643,32893,32643,0.0,0.0,0.0,0.0,coarsest_pooled_direct,pooled_avg_pool_coarse_only,False,False,3,3,24x24,1,0,0,0,0.0,2610,2610,4,0,0,0,0.0,2547,9,"{""cluster_0"": {""cluster_value"": 0, ""component_size_histogram"": {""2610"": 1}, ""largest_component_size"": 2610, ""num_1_cell_components"": 0, ""num_2_cell_components"": 0, ""num_components"": 1, ""smallest_component_size"": 2610, ""tiny_component_pixel_fraction"": 0.0, ""tiny_component_pixels"": 0}, ""cluster_1"": {""cluster_value"": 1, ""component_size_histogram"": {""2547"": 1, ""9"": 3}, ""largest_component_size"": 2547, ""num_1_cell_components"": 0, ""num_2_cell_components"": 0, ""num_components"": 4, ""smallest_component_size"": 9, ""tiny_component_pixel_fraction"": 0.0, ""tiny_component_pixels"": 0}}"
feature_cluster_coarse_to_fine_global_pooled_init_coarse_only,test,84,30,0,0.0,2,0.9115155925255372,0.8240521509074991,0.5,0.9168821167280928,0.9061490683229814,0.5424652099609375,0.4575347900390625,2,2,0.0,0.0,ok,True,"cluster_a->texture_a,cluster_b->texture_b",cluster_a,cluster_b,0.9115155925255372,0.8240521509074991,0.02348208977925008,0.8240521509074991,1,fpn_2,fpn_2,fpn_2,72x72,34143,31393,34143,31393,34143,31393,0.0,0.0,0.0,0.0,coarsest_pooled_direct,pooled_avg_pool_coarse_only,False,False,3,3,24x24,1,0,0,0,0.0,2700,2700,1,0,0,0,0.0,2484,2484,"{""cluster_0"": {""cluster_value"": 0, ""component_size_histogram"": {""2700"": 1}, ""largest_component_size"": 2700, ""num_1_cell_components"": 0, ""num_2_cell_components"": 0, ""num_components"": 1, ""smallest_component_size"": 2700, ""tiny_component_pixel_fraction"": 0.0, ""tiny_component_pixels"": 0}, ""cluster_1"": {""cluster_value"": 1, ""component_size_histogram"": {""2484"": 1}, ""largest_component_size"": 2484, ""num_1_cell_components"": 0, ""num_2_cell_components"": 0, ""num_components"": 1, ""smallest_component_size"": 2484, ""tiny_component_pixel_fraction"": 0.0, ""tiny_component_pixels"": 0}}"
feature_cluster_coarse_to_fine_global_pooled_init_coarse_only,test,85,300,0,0.0,2,0.9798169428863592,0.9599989459509268,0.7654840192224226,0.9817359156872483,0.9778979700854701,0.553070068359375,0.9778979700854701,2,1,0.0,0.0,ok,True,"cluster_b->texture_a,cluster_a->texture_b",cluster_b,cluster_a,0.0050506591796875,0.9599989459509268,0.9798169428863592,0.9599989459509268,1,fpn_2,fpn_2,fpn_2,72x72,29952,35584,29952,35584,29952,35584,0.0,0.0,0.0,0.0,coarsest_pooled_direct,pooled_avg_pool_coarse_only,False,False,3,3,24x24,1,0,0,0,0.0,2376,2376,1,0,0,0,0.0,2808,2808,"{""cluster_0"": {""cluster_value"": 0, ""component_size_histogram"": {""2376"": 1}, ""largest_component_size"": 2376, ""num_1_cell_components"": 0, ""num_2_cell_components"": 0, ""num_components"": 1, ""smallest_component_size"": 2376, ""tiny_component_pixel_fraction"": 0.0, ""tiny_component_pixels"": 0}, ""cluster_1"": {""cluster_value"": 1, ""component_size_histogram"": {""2808"": 1}, ""largest_component_size"": 2808, ""num_1_cell_components"": 0, ""num_2_cell_components"": 0, ""num_components"": 1, ""smallest_component_size"": 2808, ""tiny_component_pixel_fraction"": 0.0, ""tiny_component_pixels"": 0}}"
feature_cluster_coarse_to_fine_global_pooled_init_coarse_only,test,86,302,0,0.0,2,0.9561720684315009,0.9130996975512666,0.5,0.9601445308222928,0.9521996060407091,0.55279541015625,0.44720458984375,2,2,0.0,0.0,ok,True,"cluster_b->texture_a,cluster_a->texture_b",cluster_b,cluster_a,0.011190857065114829,0.9130996975512666,0.9561720684315009,0.9130996975512666,1,fpn_2,fpn_2,fpn_2,72x72,30156,35380,30156,35380,30156,35380,0.0,0.0,0.0,0.0,coarsest_pooled_direct,pooled_avg_pool_coarse_only,False,False,3,3,24x24,1,0,0,0,0.0,2376,2376,1,0,0,0,0.0,2808,2808,"{""cluster_0"": {""cluster_value"": 0, ""component_size_histogram"": {""2376"": 1}, ""largest_component_size"": 2376, ""num_1_cell_components"": 0, ""num_2_cell_components"": 0, ""num_components"": 1, ""smallest_component_size"": 2376, ""tiny_component_pixel_fraction"": 0.0, ""tiny_component_pixels"": 0}, ""cluster_1"": {""cluster_value"": 1, ""component_size_histogram"": {""2808"": 1}, ""largest_component_size"": 2808, ""num_1_cell_components"": 0, ""num_2_cell_components"": 0, ""num_components"": 1, ""smallest_component_size"": 2808, ""tiny_component_pixel_fraction"": 0.0, ""tiny_component_pixels"": 0}}"
feature_cluster_coarse_to_fine_global_pooled_init_coarse_only,test,87,303,0,0.0,2,0.9593379628921551,0.9243005637604823,0.5,0.9482503087690407,0.9704256170152695,0.3533782958984375,0.6466217041015625,2,2,0.0,0.0,ok,True,"cluster_a->texture_a,cluster_b->texture_b",cluster_a,cluster_b,0.9593379628921551,0.9243005637604823,0.009623651977498064,0.9243005637604823,1,fpn_2,fpn_2,fpn_2,72x72,24164,41372,24164,41372,24164,41372,0.0,0.0,0.0,0.0,coarsest_pooled_direct,pooled_avg_pool_coarse_only,False,False,3,3,24x24,1,0,0,0,0.0,1899,1899,1,0,0,0,0.0,3285,3285,"{""cluster_0"": {""cluster_value"": 0, ""component_size_histogram"": {""1899"": 1}, ""largest_component_size"": 1899, ""num_1_cell_components"": 0, ""num_2_cell_components"": 0, ""num_components"": 1, ""smallest_component_size"": 1899, ""tiny_component_pixel_fraction"": 0.0, ""tiny_component_pixels"": 0}, ""cluster_1"": {""cluster_value"": 1, ""component_size_histogram"": {""3285"": 1}, ""largest_component_size"": 3285, ""num_1_cell_components"": 0, ""num_2_cell_components"": 0, ""num_components"": 1, ""smallest_component_size"": 3285, ""tiny_component_pixel_fraction"": 0.0, ""tiny_component_pixels"": 0}}"
feature_cluster_coarse_to_fine_global_pooled_init_coarse_only,test,88,304,0,0.0,2,0.5602538042236356,0.2000532598910488,0.5,0.5019720329867337,0.6185355754605374,0.281585693359375,0.718414306640625,2,2,0.0,0.0,ok,True,"cluster_b->texture_a,cluster_a->texture_b",cluster_b,cluster_a,0.13901521782971246,0.2000532598910488,0.5602538042236356,0.2000532598910488,1,fpn_2,fpn_2,fpn_2,72x72,29533,36003,29533,36003,29533,36003,0.0,0.0,0.0,0.0,coarsest_pooled_direct,pooled_avg_pool_coarse_only,False,False,3,3,24x24,2,0,0,0,0.0,2322,18,2,0,0,0,0.0,2826,18,"{""cluster_0"": {""cluster_value"": 0, ""component_size_histogram"": {""18"": 1, ""2322"": 1}, ""largest_component_size"": 2322, ""num_1_cell_components"": 0, ""num_2_cell_components"": 0, ""num_components"": 2, ""smallest_component_size"": 18, ""tiny_component_pixel_fraction"": 0.0, ""tiny_component_pixels"": 0}, ""cluster_1"": {""cluster_value"": 1, ""component_size_histogram"": {""18"": 1, ""2826"": 1}, ""largest_component_size"": 2826, ""num_1_cell_components"": 0, ""num_2_cell_components"": 0, ""num_components"": 2, ""smallest_component_size"": 18, ""tiny_component_pixel_fraction"": 0.0, ""tiny_component_pixels"": 0}}"
feature_cluster_coarse_to_fine_global_pooled_init_coarse_only,test,89,308,0,0.0,2,0.4467692189438033,0.07793862828825435,0.5,0.5620763302070758,0.33146210768053075,0.8055419921875,0.1944580078125,2,2,0.0,0.0,ok,True,"cluster_b->texture_a,cluster_a->texture_b",cluster_b,cluster_a,0.18691556891696556,0.07793862828825435,0.4467692189438033,0.07793862828825435,1,fpn_2,fpn_2,fpn_2,72x72,34218,31318,34218,31318,34218,31318,0.0,0.0,0.0,0.0,coarsest_pooled_direct,pooled_avg_pool_coarse_only,False,False,3,3,24x24,1,0,0,0,0.0,2700,2700,1,0,0,0,0.0,2484,2484,"{""cluster_0"": {""cluster_value"": 0, ""component_size_histogram"": {""2700"": 1}, ""largest_component_size"": 2700, ""num_1_cell_components"": 0, ""num_2_cell_components"": 0, ""num_components"": 1, ""smallest_component_size"": 2700, ""tiny_component_pixel_fraction"": 0.0, ""tiny_component_pixels"": 0}, ""cluster_1"": {""cluster_value"": 1, ""component_size_histogram"": {""2484"": 1}, ""largest_component_size"": 2484, ""num_1_cell_components"": 0, ""num_2_cell_components"": 0, ""num_components"": 1, ""smallest_component_size"": 2484, ""tiny_component_pixel_fraction"": 0.0, ""tiny_component_pixels"": 0}}"
feature_cluster_coarse_to_fine_global_pooled_init_coarse_only,test,90,310,0,0.0,2,0.3149259947443915,0.006967670395437982,0.5,0.5169660355355437,0.11288595395323933,0.908721923828125,0.091278076171875,2,2,0.0,0.0,ok,True,"cluster_b->texture_a,cluster_a->texture_b",cluster_b,cluster_a,0.24697723287808282,0.006967670395437982,0.3149259947443915,0.006967670395437982,1,fpn_2,fpn_2,fpn_2,72x72,31431,34105,31431,34105,31431,34105,0.0,0.0,0.0,0.0,coarsest_pooled_direct,pooled_avg_pool_coarse_only,False,False,3,3,24x24,2,0,0,0,0.0,2466,9,2,0,0,0,0.0,2700,9,"{""cluster_0"": {""cluster_value"": 0, ""component_size_histogram"": {""2466"": 1, ""9"": 1}, ""largest_component_size"": 2466, ""num_1_cell_components"": 0, ""num_2_cell_components"": 0, ""num_components"": 2, ""smallest_component_size"": 9, ""tiny_component_pixel_fraction"": 0.0, ""tiny_component_pixels"": 0}, ""cluster_1"": {""cluster_value"": 1, ""component_size_histogram"": {""2700"": 1, ""9"": 1}, ""largest_component_size"": 2700, ""num_1_cell_components"": 0, ""num_2_cell_components"": 0, ""num_components"": 2, ""smallest_component_size"": 9, ""tiny_component_pixel_fraction"": 0.0, ""tiny_component_pixels"": 0}}"
feature_cluster_coarse_to_fine_global_pooled_init_coarse_only,test,91,311,0,0.0,2,0.7335517751273117,0.6032467665019545,0.7284695041875962,0.9140952059419312,0.5530083443126922,0.9039306640625,0.5530083443126922,2,1,0.0,0.0,ok,True,"cluster_b->texture_a,cluster_a->texture_b",cluster_b,cluster_a,0.03882598876953125,0.6032467665019545,0.7335517751273117,0.6032467665019545,1,fpn_2,fpn_2,fpn_2,72x72,11385,54151,11385,54151,11385,54151,0.0,0.0,0.0,0.0,coarsest_pooled_direct,pooled_avg_pool_coarse_only,False,False,3,3,24x24,1,0,0,0,0.0,900,900,1,0,0,0,0.0,4284,4284,"{""cluster_0"": {""cluster_value"": 0, ""component_size_histogram"": {""900"": 1}, ""largest_component_size"": 900, ""num_1_cell_components"": 0, ""num_2_cell_components"": 0, ""num_components"": 1, ""smallest_component_size"": 900, ""tiny_component_pixel_fraction"": 0.0, ""tiny_component_pixels"": 0}, ""cluster_1"": {""cluster_value"": 1, ""component_size_histogram"": {""4284"": 1}, ""largest_component_size"": 4284, ""num_1_cell_components"": 0, ""num_2_cell_components"": 0, ""num_components"": 1, ""smallest_component_size"": 4284, ""tiny_component_pixel_fraction"": 0.0, ""tiny_component_pixels"": 0}}"
feature_cluster_coarse_to_fine_global_pooled_init_coarse_only,test,92,315,0,0.0,2,0.8786458232559576,0.8403127324011784,0.5,0.9738064214359694,0.7834852250759459,0.9121246337890625,0.0878753662109375,2,2,0.0,0.0,ok,True,"cluster_b->texture_a,cluster_a->texture_b",cluster_b,cluster_a,0.01199259890931424,0.8403127324011784,0.8786458232559576,0.8403127324011784,1,fpn_2,fpn_2,fpn_2,72x72,7157,58379,7157,58379,7157,58379,0.0,0.0,0.0,0.0,coarsest_pooled_direct,pooled_avg_pool_coarse_only,False,False,3,3,24x24,2,0,0,0,0.0,531,36,1,0,0,0,0.0,4617,4617,"{""cluster_0"": {""cluster_value"": 0, ""component_size_histogram"": {""36"": 1, ""531"": 1}, ""largest_component_size"": 531, ""num_1_cell_components"": 0, ""num_2_cell_components"": 0, ""num_components"": 2, ""smallest_component_size"": 36, ""tiny_component_pixel_fraction"": 0.0, ""tiny_component_pixels"": 0}, ""cluster_1"": {""cluster_value"": 1, ""component_size_histogram"": {""4617"": 1}, ""largest_component_size"": 4617, ""num_1_cell_components"": 0, ""num_2_cell_components"": 0, ""num_components"": 1, ""smallest_component_size"": 4617, ""tiny_component_pixel_fraction"": 0.0, ""tiny_component_pixels"": 0}}"
feature_cluster_coarse_to_fine_global_pooled_init_coarse_only,test,93,318,0,0.0,2,0.5748825749222206,0.2499514731575667,0.5,0.6794150510654147,0.47035009877902645,0.774749755859375,0.225250244140625,2,2,0.0,0.0,ok,True,"cluster_a->texture_a,cluster_b->texture_b",cluster_a,cluster_b,0.5748825749222206,0.2499514731575667,0.1258157063121932,0.2499514731575667,1,fpn_2,fpn_2,fpn_2,72x72,34898,30638,34898,30638,34898,30638,0.0,0.0,0.0,0.0,coarsest_pooled_direct,pooled_avg_pool_coarse_only,False,False,3,3,24x24,1,0,0,0,0.0,2772,2772,1,0,0,0,0.0,2412,2412,"{""cluster_0"": {""cluster_value"": 0, ""component_size_histogram"": {""2772"": 1}, ""largest_component_size"": 2772, ""num_1_cell_components"": 0, ""num_2_cell_components"": 0, ""num_components"": 1, ""smallest_component_size"": 2772, ""tiny_component_pixel_fraction"": 0.0, ""tiny_component_pixels"": 0}, ""cluster_1"": {""cluster_value"": 1, ""component_size_histogram"": {""2412"": 1}, ""largest_component_size"": 2412, ""num_1_cell_components"": 0, ""num_2_cell_components"": 0, ""num_components"": 1, ""smallest_component_size"": 2412, ""tiny_component_pixel_fraction"": 0.0, ""tiny_component_pixels"": 0}}"
feature_cluster_coarse_to_fine_global_pooled_init_coarse_only,test,94,319,0,0.0,2,0.9579660354808246,0.9168897977275084,0.5,0.9623932086081972,0.953538862353452,0.556671142578125,0.443328857421875,2,2,0.0,0.0,ok,True,"cluster_a->texture_a,cluster_b->texture_b",cluster_a,cluster_b,0.9579660354808246,0.9168897977275084,0.01071787095154774,0.9168897977275084,1,fpn_2,fpn_2,fpn_2,72x72,36103,29433,36103,29433,36103,29433,0.0,0.0,0.0,0.0,coarsest_pooled_direct,pooled_avg_pool_coarse_only,False,False,3,3,24x24,1,0,0,0,0.0,2853,2853,1,0,0,0,0.0,2331,2331,"{""cluster_0"": {""cluster_value"": 0, ""component_size_histogram"": {""2853"": 1}, ""largest_component_size"": 2853, ""num_1_cell_components"": 0, ""num_2_cell_components"": 0, ""num_components"": 1, ""smallest_component_size"": 2853, ""tiny_component_pixel_fraction"": 0.0, ""tiny_component_pixels"": 0}, ""cluster_1"": {""cluster_value"": 1, ""component_size_histogram"": {""2331"": 1}, ""largest_component_size"": 2331, ""num_1_cell_components"": 0, ""num_2_cell_components"": 0, ""num_components"": 1, ""smallest_component_size"": 2331, ""tiny_component_pixel_fraction"": 0.0, ""tiny_component_pixels"": 0}}"
feature_cluster_coarse_to_fine_global_pooled_init_coarse_only,test,95,322,0,0.0,2,0.931777157958941,0.8665220898686756,0.5,0.9218717647870799,0.9416825511308021,0.415985107421875,0.584014892578125,2,2,0.0,0.0,ok,True,"cluster_b->texture_a,cluster_a->texture_b",cluster_b,cluster_a,0.017495762349549884,0.8665220898686756,0.931777157958941,0.8665220898686756,1,fpn_2,fpn_2,fpn_2,72x72,37106,28430,37106,28430,37106,28430,0.0,0.0,0.0,0.0,coarsest_pooled_direct,pooled_avg_pool_coarse_only,False,False,3,3,24x24,1,0,0,0,0.0,2934,2934,1,0,0,0,0.0,2250,2250,"{""cluster_0"": {""cluster_value"": 0, ""component_size_histogram"": {""2934"": 1}, ""largest_component_size"": 2934, ""num_1_cell_components"": 0, ""num_2_cell_components"": 0, ""num_components"": 1, ""smallest_component_size"": 2934, ""tiny_component_pixel_fraction"": 0.0, ""tiny_component_pixels"": 0}, ""cluster_1"": {""cluster_value"": 1, ""component_size_histogram"": {""2250"": 1}, ""largest_component_size"": 2250, ""num_1_cell_components"": 0, ""num_2_cell_components"": 0, ""num_components"": 1, ""smallest_component_size"": 2250, ""tiny_component_pixel_fraction"": 0.0, ""tiny_component_pixels"": 0}}"
feature_cluster_coarse_to_fine_global_pooled_init_coarse_only,test,96,323,0,0.0,2,0.5509941315931375,0.19330249150927376,0.5,0.6231074223966144,0.47888084078966053,0.4758453369140625,0.5241546630859375,2,2,0.0,0.0,ok,True,"cluster_b->texture_a,cluster_a->texture_b",cluster_b,cluster_a,0.14410304759365178,0.19330249150927376,0.5509941315931375,0.19330249150927376,1,fpn_2,fpn_2,fpn_2,72x72,17713,47823,17713,47823,17713,47823,0.0,0.0,0.0,0.0,coarsest_pooled_direct,pooled_avg_pool_coarse_only,False,False,3,3,24x24,2,0,0,0,0.0,1386,9,1,0,0,0,0.0,3789,3789,"{""cluster_0"": {""cluster_value"": 0, ""component_size_histogram"": {""1386"": 1, ""9"": 1}, ""largest_component_size"": 1386, ""num_1_cell_components"": 0, ""num_2_cell_components"": 0, ""num_components"": 2, ""smallest_component_size"": 9, ""tiny_component_pixel_fraction"": 0.0, ""tiny_component_pixels"": 0}, ""cluster_1"": {""cluster_value"": 1, ""component_size_histogram"": {""3789"": 1}, ""largest_component_size"": 3789, ""num_1_cell_components"": 0, ""num_2_cell_components"": 0, ""num_components"": 1, ""smallest_component_size"": 3789, ""tiny_component_pixel_fraction"": 0.0, ""tiny_component_pixels"": 0}}"
feature_cluster_coarse_to_fine_global_pooled_init_coarse_only,test,97,324,0,0.0,2,0.9626719968630306,0.9255705874025387,0.5,0.9646110921307368,0.9607329015953245,0.5325927734375,0.4674072265625,2,2,0.0,0.0,ok,True,"cluster_b->texture_a,cluster_a->texture_b",cluster_b,cluster_a,0.009536241983668599,0.9255705874025387,0.9626719968630306,0.9255705874025387,1,fpn_2,fpn_2,fpn_2,72x72,31435,34101,31435,34101,31435,34101,0.0,0.0,0.0,0.0,coarsest_pooled_direct,pooled_avg_pool_coarse_only,False,False,3,3,24x24,1,0,0,0,0.0,2484,2484,1,0,0,0,0.0,2700,2700,"{""cluster_0"": {""cluster_value"": 0, ""component_size_histogram"": {""2484"": 1}, ""largest_component_size"": 2484, ""num_1_cell_components"": 0, ""num_2_cell_components"": 0, ""num_components"": 1, ""smallest_component_size"": 2484, ""tiny_component_pixel_fraction"": 0.0, ""tiny_component_pixels"": 0}, ""cluster_1"": {""cluster_value"": 1, ""component_size_histogram"": {""2700"": 1}, ""largest_component_size"": 2700, ""num_1_cell_components"": 0, ""num_2_cell_components"": 0, ""num_components"": 1, ""smallest_component_size"": 2700, ""tiny_component_pixel_fraction"": 0.0, ""tiny_component_pixels"": 0}}"
feature_cluster_coarse_to_fine_global_pooled_init_coarse_only,test,98,325,0,0.0,2,0.9191894758666578,0.8398545844510754,0.5,0.9122013788680455,0.92617757286527,0.4552459716796875,0.5447540283203125,2,2,0.0,0.0,ok,True,"cluster_a->texture_a,cluster_b->texture_b",cluster_a,cluster_b,0.9191894758666578,0.8398545844510754,0.021334868298097012,0.8398545844510754,1,fpn_2,fpn_2,fpn_2,72x72,29797,35739,29797,35739,29797,35739,0.0,0.0,0.0,0.0,coarsest_pooled_direct,pooled_avg_pool_coarse_only,False,False,3,3,24x24,2,0,0,0,0.0,1935,423,1,0,0,0,0.0,2826,2826,"{""cluster_0"": {""cluster_value"": 0, ""component_size_histogram"": {""1935"": 1, ""423"": 1}, ""largest_component_size"": 1935, ""num_1_cell_components"": 0, ""num_2_cell_components"": 0, ""num_components"": 2, ""smallest_component_size"": 423, ""tiny_component_pixel_fraction"": 0.0, ""tiny_component_pixels"": 0}, ""cluster_1"": {""cluster_value"": 1, ""component_size_histogram"": {""2826"": 1}, ""largest_component_size"": 2826, ""num_1_cell_components"": 0, ""num_2_cell_components"": 0, ""num_components"": 1, ""smallest_component_size"": 2826, ""tiny_component_pixel_fraction"": 0.0, ""tiny_component_pixels"": 0}}"
feature_cluster_coarse_to_fine_global_pooled_init_coarse_only,test,99,327,0,0.0,2,0.9062054301333222,0.8141029279700659,0.5,0.9138876936316696,0.898523166634975,0.5558624267578125,0.4441375732421875,2,2,0.0,0.0,ok,True,"cluster_a->texture_a,cluster_b->texture_b",cluster_a,cluster_b,0.9062054301333222,0.8141029279700659,0.024870321064663727,0.8141029279700659,1,fpn_2,fpn_2,fpn_2,72x72,34737,30799,34737,30799,34737,30799,0.0,0.0,0.0,0.0,coarsest_pooled_direct,pooled_avg_pool_coarse_only,False,False,3,3,24x24,1,0,0,0,0.0,2745,2745,2,0,0,0,0.0,2367,72,"{""cluster_0"": {""cluster_value"": 0, ""component_size_histogram"": {""2745"": 1}, ""largest_component_size"": 2745, ""num_1_cell_components"": 0, ""num_2_cell_components"": 0, ""num_components"": 1, ""smallest_component_size"": 2745, ""tiny_component_pixel_fraction"": 0.0, ""tiny_component_pixels"": 0}, ""cluster_1"": {""cluster_value"": 1, ""component_size_histogram"": {""2367"": 1, ""72"": 1}, ""largest_component_size"": 2367, ""num_1_cell_components"": 0, ""num_2_cell_components"": 0, ""num_components"": 2, ""smallest_component_size"": 72, ""tiny_component_pixel_fraction"": 0.0, ""tiny_component_pixels"": 0}}"
feature_cluster_coarse_to_fine_global_pooled_init_coarse_only,test,100,328,0,0.0,2,0.9226915749500846,0.8545627757014708,0.5,0.9034090909090909,0.9419740589910783,0.3592987060546875,0.6407012939453125,2,2,0.0,0.0,ok,True,"cluster_a->texture_a,cluster_b->texture_b",cluster_a,cluster_b,0.9226915749500846,0.8545627757014708,0.01903683246300733,0.8545627757014708,1,fpn_2,fpn_2,fpn_2,72x72,25028,40508,25028,40508,25028,40508,0.0,0.0,0.0,0.0,coarsest_pooled_direct,pooled_avg_pool_coarse_only,False,False,3,3,24x24,1,0,0,0,0.0,1980,1980,1,0,0,0,0.0,3204,3204,"{""cluster_0"": {""cluster_value"": 0, ""component_size_histogram"": {""1980"": 1}, ""largest_component_size"": 1980, ""num_1_cell_components"": 0, ""num_2_cell_components"": 0, ""num_components"": 1, ""smallest_component_size"": 1980, ""tiny_component_pixel_fraction"": 0.0, ""tiny_component_pixels"": 0}, ""cluster_1"": {""cluster_value"": 1, ""component_size_histogram"": {""3204"": 1}, ""largest_component_size"": 3204, ""num_1_cell_components"": 0, ""num_2_cell_components"": 0, ""num_components"": 1, ""smallest_component_size"": 3204, ""tiny_component_pixel_fraction"": 0.0, ""tiny_component_pixels"": 0}}"
feature_cluster_coarse_to_fine_global_pooled_init_coarse_only,test,101,329,0,0.0,2,0.9089709135474372,0.8185778829392008,0.5,0.9057583718331974,0.912183455261677,0.47784423828125,0.52215576171875,2,2,0.0,0.0,ok,True,"cluster_a->texture_a,cluster_b->texture_b",cluster_a,cluster_b,0.9089709135474372,0.8185778829392008,0.02437836266181304,0.8185778829392008,1,fpn_2,fpn_2,fpn_2,72x72,31797,33739,31797,33739,31797,33739,0.0,0.0,0.0,0.0,coarsest_pooled_direct,pooled_avg_pool_coarse_only,False,False,3,3,24x24,1,0,0,0,0.0,2511,2511,1,0,0,0,0.0,2673,2673,"{""cluster_0"": {""cluster_value"": 0, ""component_size_histogram"": {""2511"": 1}, ""largest_component_size"": 2511, ""num_1_cell_components"": 0, ""num_2_cell_components"": 0, ""num_components"": 1, ""smallest_component_size"": 2511, ""tiny_component_pixel_fraction"": 0.0, ""tiny_component_pixels"": 0}, ""cluster_1"": {""cluster_value"": 1, ""component_size_histogram"": {""2673"": 1}, ""largest_component_size"": 2673, ""num_1_cell_components"": 0, ""num_2_cell_components"": 0, ""num_components"": 1, ""smallest_component_size"": 2673, ""tiny_component_pixel_fraction"": 0.0, ""tiny_component_pixels"": 0}}"
feature_cluster_coarse_to_fine_global_pooled_init_coarse_only,test,102,33,0,0.0,2,0.35872138552101684,-0.003610567892418025,0.5,0.47347281231032884,0.24396995873170482,0.8440093994140625,0.1559906005859375,2,2,0.0,0.0,ok,True,"cluster_a->texture_a,cluster_b->texture_b",cluster_a,cluster_b,0.35872138552101684,-0.003610567892418025,0.23163172030187354,-0.003610567892418025,1,fpn_2,fpn_2,fpn_2,72x72,27228,38308,27228,38308,27228,38308,0.0,0.0,0.0,0.0,coarsest_pooled_direct,pooled_avg_pool_coarse_only,False,False,3,3,24x24,1,0,0,0,0.0,2151,2151,1,0,0,0,0.0,3033,3033,"{""cluster_0"": {""cluster_value"": 0, ""component_size_histogram"": {""2151"": 1}, ""largest_component_size"": 2151, ""num_1_cell_components"": 0, ""num_2_cell_components"": 0, ""num_components"": 1, ""smallest_component_size"": 2151, ""tiny_component_pixel_fraction"": 0.0, ""tiny_component_pixels"": 0}, ""cluster_1"": {""cluster_value"": 1, ""component_size_histogram"": {""3033"": 1}, ""largest_component_size"": 3033, ""num_1_cell_components"": 0, ""num_2_cell_components"": 0, ""num_components"": 1, ""smallest_component_size"": 3033, ""tiny_component_pixel_fraction"": 0.0, ""tiny_component_pixels"": 0}}"
feature_cluster_coarse_to_fine_global_pooled_init_coarse_only,test,103,330,0,0.0,2,0.9332446892868222,0.8731539277518562,0.5,0.9180566182096404,0.948432760364004,0.37176513671875,0.62823486328125,2,2,0.0,0.0,ok,True,"cluster_a->texture_a,cluster_b->texture_b",cluster_a,cluster_b,0.9332446892868222,0.8731539277518562,0.01649603950598079,0.8731539277518562,1,fpn_2,fpn_2,fpn_2,72x72,25774,39762,25774,39762,25774,39762,0.0,0.0,0.0,0.0,coarsest_pooled_direct,pooled_avg_pool_coarse_only,False,False,3,3,24x24,1,0,0,0,0.0,2034,2034,1,0,0,0,0.0,3150,3150,"{""cluster_0"": {""cluster_value"": 0, ""component_size_histogram"": {""2034"": 1}, ""largest_component_size"": 2034, ""num_1_cell_components"": 0, ""num_2_cell_components"": 0, ""num_components"": 1, ""smallest_component_size"": 2034, ""tiny_component_pixel_fraction"": 0.0, ""tiny_component_pixels"": 0}, ""cluster_1"": {""cluster_value"": 1, ""component_size_histogram"": {""3150"": 1}, ""largest_component_size"": 3150, ""num_1_cell_components"": 0, ""num_2_cell_components"": 0, ""num_components"": 1, ""smallest_component_size"": 3150, ""tiny_component_pixel_fraction"": 0.0, ""tiny_component_pixels"": 0}}"
feature_cluster_coarse_to_fine_global_pooled_init_coarse_only,test,104,331,0,0.0,2,0.88878130533611,0.8029497731004577,0.5,0.8487638920390111,0.9287987186332087,0.28790283203125,0.71209716796875,2,2,0.0,0.0,ok,True,"cluster_a->texture_a,cluster_b->texture_b",cluster_a,cluster_b,0.88878130533611,0.8029497731004577,0.0255556324909771,0.8029497731004577,1,fpn_2,fpn_2,fpn_2,72x72,21888,43648,21888,43648,21888,43648,0.0,0.0,0.0,0.0,coarsest_pooled_direct,pooled_avg_pool_coarse_only,False,False,3,3,24x24,1,0,0,0,0.0,1728,1728,1,0,0,0,0.0,3456,3456,"{""cluster_0"": {""cluster_value"": 0, ""component_size_histogram"": {""1728"": 1}, ""largest_component_size"": 1728, ""num_1_cell_components"": 0, ""num_2_cell_components"": 0, ""num_components"": 1, ""smallest_component_size"": 1728, ""tiny_component_pixel_fraction"": 0.0, ""tiny_component_pixels"": 0}, ""cluster_1"": {""cluster_value"": 1, ""component_size_histogram"": {""3456"": 1}, ""largest_component_size"": 3456, ""num_1_cell_components"": 0, ""num_2_cell_components"": 0, ""num_components"": 1, ""smallest_component_size"": 3456, ""tiny_component_pixel_fraction"": 0.0, ""tiny_component_pixels"": 0}}"
feature_cluster_coarse_to_fine_global_pooled_init_coarse_only,test,105,332,0,0.0,2,0.9337568228224518,0.8758235467061573,0.5,0.91667662881052,0.9508370168343835,0.3670196533203125,0.6329803466796875,2,2,0.0,0.0,ok,True,"cluster_a->texture_a,cluster_b->texture_b",cluster_a,cluster_b,0.9337568228224518,0.8758235467061573,0.016211687196237577,0.8758235467061573,1,fpn_2,fpn_2,fpn_2,72x72,24046,41490,24046,41490,24046,41490,0.0,0.0,0.0,0.0,coarsest_pooled_direct,pooled_avg_pool_coarse_only,False,False,3,3,24x24,1,0,0,0,0.0,1899,1899,1,0,0,0,0.0,3285,3285,"{""cluster_0"": {""cluster_value"": 0, ""component_size_histogram"": {""1899"": 1}, ""largest_component_size"": 1899, ""num_1_cell_components"": 0, ""num_2_cell_components"": 0, ""num_components"": 1, ""smallest_component_size"": 1899, ""tiny_component_pixel_fraction"": 0.0, ""tiny_component_pixels"": 0}, ""cluster_1"": {""cluster_value"": 1, ""component_size_histogram"": {""3285"": 1}, ""largest_component_size"": 3285, ""num_1_cell_components"": 0, ""num_2_cell_components"": 0, ""num_components"": 1, ""smallest_component_size"": 3285, ""tiny_component_pixel_fraction"": 0.0, ""tiny_component_pixels"": 0}}"
feature_cluster_coarse_to_fine_global_pooled_init_coarse_only,test,106,334,0,0.0,2,0.8806852051704666,0.7731641120793497,0.5,0.906959188487851,0.8544112218530823,0.64501953125,0.35498046875,2,2,0.0,0.0,ok,True,"cluster_b->texture_a,cluster_a->texture_b",cluster_b,cluster_a,0.03019880098533327,0.7731641120793497,0.8806852051704666,0.7731641120793497,1,fpn_2,fpn_2,fpn_2,72x72,26972,38564,26972,38564,26972,38564,0.0,0.0,0.0,0.0,coarsest_pooled_direct,pooled_avg_pool_coarse_only,False,False,3,3,24x24,1,0,0,0,0.0,2124,2124,1,0,0,0,0.0,3060,3060,"{""cluster_0"": {""cluster_value"": 0, ""component_size_histogram"": {""2124"": 1}, ""largest_component_size"": 2124, ""num_1_cell_components"": 0, ""num_2_cell_components"": 0, ""num_components"": 1, ""smallest_component_size"": 2124, ""tiny_component_pixel_fraction"": 0.0, ""tiny_component_pixels"": 0}, ""cluster_1"": {""cluster_value"": 1, ""component_size_histogram"": {""3060"": 1}, ""largest_component_size"": 3060, ""num_1_cell_components"": 0, ""num_2_cell_components"": 0, ""num_components"": 1, ""smallest_component_size"": 3060, ""tiny_component_pixel_fraction"": 0.0, ""tiny_component_pixels"": 0}}"
feature_cluster_coarse_to_fine_global_pooled_init_coarse_only,test,107,337,0,0.0,2,0.9325215688538753,0.897764696004996,0.5,0.8934617836650847,0.9715813540426658,0.1948089599609375,0.8051910400390625,2,2,0.0,0.0,ok,True,"cluster_a->texture_a,cluster_b->texture_b",cluster_a,cluster_b,0.9325215688538753,0.897764696004996,0.011523580919922203,0.897764696004996,1,fpn_2,fpn_2,fpn_2,72x72,13963,51573,13963,51573,13963,51573,0.0,0.0,0.0,0.0,coarsest_pooled_direct,pooled_avg_pool_coarse_only,False,False,3,3,24x24,1,0,0,0,0.0,1107,1107,1,0,0,0,0.0,4077,4077,"{""cluster_0"": {""cluster_value"": 0, ""component_size_histogram"": {""1107"": 1}, ""largest_component_size"": 1107, ""num_1_cell_components"": 0, ""num_2_cell_components"": 0, ""num_components"": 1, ""smallest_component_size"": 1107, ""tiny_component_pixel_fraction"": 0.0, ""tiny_component_pixels"": 0}, ""cluster_1"": {""cluster_value"": 1, ""component_size_histogram"": {""4077"": 1}, ""largest_component_size"": 4077, ""num_1_cell_components"": 0, ""num_2_cell_components"": 0, ""num_components"": 1, ""smallest_component_size"": 4077, ""tiny_component_pixel_fraction"": 0.0, ""tiny_component_pixels"": 0}}"
feature_cluster_coarse_to_fine_global_pooled_init_coarse_only,test,108,34,0,0.0,2,0.7365277467234098,0.5153971442677172,0.5,0.8042159054615139,0.6688395879853057,0.71661376953125,0.28338623046875,2,2,0.0,0.0,ok,True,"cluster_a->texture_a,cluster_b->texture_b",cluster_a,cluster_b,0.7365277467234098,0.5153971442677172,0.07015459803347006,0.5153971442677172,1,fpn_2,fpn_2,fpn_2,72x72,37771,27765,37771,27765,37771,27765,0.0,0.0,0.0,0.0,coarsest_pooled_direct,pooled_avg_pool_coarse_only,False,False,3,3,24x24,3,0,0,0,0.0,2916,9,4,0,0,0,0.0,2097,18,"{""cluster_0"": {""cluster_value"": 0, ""component_size_histogram"": {""2916"": 1, ""72"": 1, ""9"": 1}, ""largest_component_size"": 2916, ""num_1_cell_components"": 0, ""num_2_cell_components"": 0, ""num_components"": 3, ""smallest_component_size"": 9, ""tiny_component_pixel_fraction"": 0.0, ""tiny_component_pixels"": 0}, ""cluster_1"": {""cluster_value"": 1, ""component_size_histogram"": {""18"": 2, ""2097"": 1, ""54"": 1}, ""largest_component_size"": 2097, ""num_1_cell_components"": 0, ""num_2_cell_components"": 0, ""num_components"": 4, ""smallest_component_size"": 18, ""tiny_component_pixel_fraction"": 0.0, ""tiny_component_pixels"": 0}}"
feature_cluster_coarse_to_fine_global_pooled_init_coarse_only,test,109,342,0,0.0,2,0.9400449871231801,0.8814100552319284,0.5,0.933985571696808,0.9461044025495522,0.449615478515625,0.550384521484375,2,2,0.0,0.0,ok,True,"cluster_b->texture_a,cluster_a->texture_b",cluster_b,cluster_a,0.015523786550151523,0.8814100552319284,0.9400449871231801,0.8814100552319284,1,fpn_2,fpn_2,fpn_2,72x72,36292,29244,36292,29244,36292,29244,0.0,0.0,0.0,0.0,coarsest_pooled_direct,pooled_avg_pool_coarse_only,False,False,3,3,24x24,2,0,0,0,0.0,1692,1179,1,0,0,0,0.0,2313,2313,"{""cluster_0"": {""cluster_value"": 0, ""component_size_histogram"": {""1179"": 1, ""1692"": 1}, ""largest_component_size"": 1692, ""num_1_cell_components"": 0, ""num_2_cell_components"": 0, ""num_components"": 2, ""smallest_component_size"": 1179, ""tiny_component_pixel_fraction"": 0.0, ""tiny_component_pixels"": 0}, ""cluster_1"": {""cluster_value"": 1, ""component_size_histogram"": {""2313"": 1}, ""largest_component_size"": 2313, ""num_1_cell_components"": 0, ""num_2_cell_components"": 0, ""num_components"": 1, ""smallest_component_size"": 2313, ""tiny_component_pixel_fraction"": 0.0, ""tiny_component_pixels"": 0}}"
feature_cluster_coarse_to_fine_global_pooled_init_coarse_only,test,110,343,0,0.0,2,0.8762447613941441,0.7942470528756372,0.5,0.9331450843143494,0.8193444384739388,0.761749267578125,0.238250732421875,2,2,0.0,0.0,ok,True,"cluster_b->texture_a,cluster_a->texture_b",cluster_b,cluster_a,0.025912163798412838,0.7942470528756372,0.8762447613941441,0.7942470528756372,1,fpn_2,fpn_2,fpn_2,72x72,18244,47292,18244,47292,18244,47292,0.0,0.0,0.0,0.0,coarsest_pooled_direct,pooled_avg_pool_coarse_only,False,False,3,3,24x24,1,0,0,0,0.0,1440,1440,2,0,0,0,0.0,1962,1782,"{""cluster_0"": {""cluster_value"": 0, ""component_size_histogram"": {""1440"": 1}, ""largest_component_size"": 1440, ""num_1_cell_components"": 0, ""num_2_cell_components"": 0, ""num_components"": 1, ""smallest_component_size"": 1440, ""tiny_component_pixel_fraction"": 0.0, ""tiny_component_pixels"": 0}, ""cluster_1"": {""cluster_value"": 1, ""component_size_histogram"": {""1782"": 1, ""1962"": 1}, ""largest_component_size"": 1962, ""num_1_cell_components"": 0, ""num_2_cell_components"": 0, ""num_components"": 2, ""smallest_component_size"": 1782, ""tiny_component_pixel_fraction"": 0.0, ""tiny_component_pixels"": 0}}"
feature_cluster_coarse_to_fine_global_pooled_init_coarse_only,test,111,344,0,0.0,2,0.9384768461661901,0.8961697780577813,0.5,0.9652168502271171,0.9117368421052632,0.7293243408203125,0.2706756591796875,2,2,0.0,0.0,ok,True,"cluster_b->texture_a,cluster_a->texture_b",cluster_b,cluster_a,0.012918220211831647,0.8961697780577813,0.9384768461661901,0.8961697780577813,1,fpn_2,fpn_2,fpn_2,72x72,18584,46952,18584,46952,18584,46952,0.0,0.0,0.0,0.0,coarsest_pooled_direct,pooled_avg_pool_coarse_only,False,False,3,3,24x24,2,0,0,0,0.0,1458,9,2,0,0,0,0.0,3123,594,"{""cluster_0"": {""cluster_value"": 0, ""component_size_histogram"": {""1458"": 1, ""9"": 1}, ""largest_component_size"": 1458, ""num_1_cell_components"": 0, ""num_2_cell_components"": 0, ""num_components"": 2, ""smallest_component_size"": 9, ""tiny_component_pixel_fraction"": 0.0, ""tiny_component_pixels"": 0}, ""cluster_1"": {""cluster_value"": 1, ""component_size_histogram"": {""3123"": 1, ""594"": 1}, ""largest_component_size"": 3123, ""num_1_cell_components"": 0, ""num_2_cell_components"": 0, ""num_components"": 2, ""smallest_component_size"": 594, ""tiny_component_pixel_fraction"": 0.0, ""tiny_component_pixels"": 0}}"
feature_cluster_coarse_to_fine_global_pooled_init_coarse_only,test,112,345,0,0.0,2,0.8574022361666572,0.7382252563636337,0.5,0.815561028788307,0.8992434435450074,0.316436767578125,0.683563232421875,2,2,0.0,0.0,ok,True,"cluster_a->texture_a,cluster_b->texture_b",cluster_a,cluster_b,0.8574022361666572,0.7382252563636337,0.03537535327325128,0.7382252563636337,1,fpn_2,fpn_2,fpn_2,72x72,24228,41308,24228,41308,24228,41308,0.0,0.0,0.0,0.0,coarsest_pooled_direct,pooled_avg_pool_coarse_only,False,False,3,3,24x24,1,0,0,0,0.0,1926,1926,1,0,0,0,0.0,3258,3258,"{""cluster_0"": {""cluster_value"": 0, ""component_size_histogram"": {""1926"": 1}, ""largest_component_size"": 1926, ""num_1_cell_components"": 0, ""num_2_cell_components"": 0, ""num_components"": 1, ""smallest_component_size"": 1926, ""tiny_component_pixel_fraction"": 0.0, ""tiny_component_pixels"": 0}, ""cluster_1"": {""cluster_value"": 1, ""component_size_histogram"": {""3258"": 1}, ""largest_component_size"": 3258, ""num_1_cell_components"": 0, ""num_2_cell_components"": 0, ""num_components"": 1, ""smallest_component_size"": 3258, ""tiny_component_pixel_fraction"": 0.0, ""tiny_component_pixels"": 0}}"
feature_cluster_coarse_to_fine_global_pooled_init_coarse_only,test,113,346,0,0.0,2,0.916693727806603,0.851679187471189,0.5,0.9460628722987956,0.8873245833144103,0.668121337890625,0.331878662109375,2,2,0.0,0.0,ok,True,"cluster_b->texture_a,cluster_a->texture_b",cluster_b,cluster_a,0.01906977379992507,0.851679187471189,0.916693727806603,0.851679187471189,1,fpn_2,fpn_2,fpn_2,72x72,19807,45729,19807,45729,19807,45729,0.0,0.0,0.0,0.0,coarsest_pooled_direct,pooled_avg_pool_coarse_only,False,False,3,3,24x24,1,0,0,0,0.0,1566,1566,1,0,0,0,0.0,3618,3618,"{""cluster_0"": {""cluster_value"": 0, ""component_size_histogram"": {""1566"": 1}, ""largest_component_size"": 1566, ""num_1_cell_components"": 0, ""num_2_cell_components"": 0, ""num_components"": 1, ""smallest_component_size"": 1566, ""tiny_component_pixel_fraction"": 0.0, ""tiny_component_pixels"": 0}, ""cluster_1"": {""cluster_value"": 1, ""component_size_histogram"": {""3618"": 1}, ""largest_component_size"": 3618, ""num_1_cell_components"": 0, ""num_2_cell_components"": 0, ""num_components"": 1, ""smallest_component_size"": 3618, ""tiny_component_pixel_fraction"": 0.0, ""tiny_component_pixels"": 0}}"
feature_cluster_coarse_to_fine_global_pooled_init_coarse_only,test,114,347,0,0.0,2,0.9476768354875533,0.8977171157172069,0.5,0.939834895760459,0.9555187752146478,0.4155731201171875,0.5844268798828125,2,2,0.0,0.0,ok,True,"cluster_b->texture_a,cluster_a->texture_b",cluster_b,cluster_a,0.01323971499234215,0.8977171157172069,0.9476768354875533,0.8977171157172069,1,fpn_2,fpn_2,fpn_2,72x72,37315,28221,37315,28221,37315,28221,0.0,0.0,0.0,0.0,coarsest_pooled_direct,pooled_avg_pool_coarse_only,False,False,3,3,24x24,1,0,0,0,0.0,2952,2952,1,0,0,0,0.0,2232,2232,"{""cluster_0"": {""cluster_value"": 0, ""component_size_histogram"": {""2952"": 1}, ""largest_component_size"": 2952, ""num_1_cell_components"": 0, ""num_2_cell_components"": 0, ""num_components"": 1, ""smallest_component_size"": 2952, ""tiny_component_pixel_fraction"": 0.0, ""tiny_component_pixels"": 0}, ""cluster_1"": {""cluster_value"": 1, ""component_size_histogram"": {""2232"": 1}, ""largest_component_size"": 2232, ""num_1_cell_components"": 0, ""num_2_cell_components"": 0, ""num_components"": 1, ""smallest_component_size"": 2232, ""tiny_component_pixel_fraction"": 0.0, ""tiny_component_pixels"": 0}}"
feature_cluster_coarse_to_fine_global_pooled_init_coarse_only,test,115,349,0,0.0,2,0.9332954487950929,0.8834763405241295,0.5,0.907718201490743,0.9588726960994428,0.299407958984375,0.700592041015625,2,2,0.0,0.0,ok,True,"cluster_a->texture_a,cluster_b->texture_b",cluster_a,cluster_b,0.9332954487950929,0.8834763405241295,0.01484757792716707,0.8834763405241295,1,fpn_2,fpn_2,fpn_2,72x72,20049,45487,20049,45487,20049,45487,0.0,0.0,0.0,0.0,coarsest_pooled_direct,pooled_avg_pool_coarse_only,False,False,3,3,24x24,1,0,0,0,0.0,1584,1584,1,0,0,0,0.0,3600,3600,"{""cluster_0"": {""cluster_value"": 0, ""component_size_histogram"": {""1584"": 1}, ""largest_component_size"": 1584, ""num_1_cell_components"": 0, ""num_2_cell_components"": 0, ""num_components"": 1, ""smallest_component_size"": 1584, ""tiny_component_pixel_fraction"": 0.0, ""tiny_component_pixels"": 0}, ""cluster_1"": {""cluster_value"": 1, ""component_size_histogram"": {""3600"": 1}, ""largest_component_size"": 3600, ""num_1_cell_components"": 0, ""num_2_cell_components"": 0, ""num_components"": 1, ""smallest_component_size"": 3600, ""tiny_component_pixel_fraction"": 0.0, ""tiny_component_pixels"": 0}}"
feature_cluster_coarse_to_fine_global_pooled_init_coarse_only,test,116,350,0,0.0,2,0.9564295959596885,0.9268425736172466,0.5,0.9756305668858737,0.9372286250335031,0.7254180908203125,0.2745819091796875,2,2,0.0,0.0,ok,True,"cluster_b->texture_a,cluster_a->texture_b",cluster_b,cluster_a,0.009013253426481665,0.9268425736172466,0.9564295959596885,0.9268425736172466,1,fpn_2,fpn_2,fpn_2,72x72,18144,47392,18144,47392,18144,47392,0.0,0.0,0.0,0.0,coarsest_pooled_direct,pooled_avg_pool_coarse_only,False,False,3,3,24x24,1,0,0,0,0.0,1431,1431,1,0,0,0,0.0,3753,3753,"{""cluster_0"": {""cluster_value"": 0, ""component_size_histogram"": {""1431"": 1}, ""largest_component_size"": 1431, ""num_1_cell_components"": 0, ""num_2_cell_components"": 0, ""num_components"": 1, ""smallest_component_size"": 1431, ""tiny_component_pixel_fraction"": 0.0, ""tiny_component_pixels"": 0}, ""cluster_1"": {""cluster_value"": 1, ""component_size_histogram"": {""3753"": 1}, ""largest_component_size"": 3753, ""num_1_cell_components"": 0, ""num_2_cell_components"": 0, ""num_components"": 1, ""smallest_component_size"": 3753, ""tiny_component_pixel_fraction"": 0.0, ""tiny_component_pixels"": 0}}"
feature_cluster_coarse_to_fine_global_pooled_init_coarse_only,test,117,351,0,0.0,2,0.9761379513144984,0.9523031681753819,0.5,0.9766391021854696,0.9756368004435273,0.506500244140625,0.493499755859375,2,2,0.0,0.0,ok,True,"cluster_b->texture_a,cluster_a->texture_b",cluster_b,cluster_a,0.0060543522462161836,0.9523031681753819,0.9761379513144984,0.9523031681753819,1,fpn_2,fpn_2,fpn_2,72x72,31801,33735,31801,33735,31801,33735,0.0,0.0,0.0,0.0,coarsest_pooled_direct,pooled_avg_pool_coarse_only,False,False,3,3,24x24,1,0,0,0,0.0,2520,2520,1,0,0,0,0.0,2664,2664,"{""cluster_0"": {""cluster_value"": 0, ""component_size_histogram"": {""2520"": 1}, ""largest_component_size"": 2520, ""num_1_cell_components"": 0, ""num_2_cell_components"": 0, ""num_components"": 1, ""smallest_component_size"": 2520, ""tiny_component_pixel_fraction"": 0.0, ""tiny_component_pixels"": 0}, ""cluster_1"": {""cluster_value"": 1, ""component_size_histogram"": {""2664"": 1}, ""largest_component_size"": 2664, ""num_1_cell_components"": 0, ""num_2_cell_components"": 0, ""num_components"": 1, ""smallest_component_size"": 2664, ""tiny_component_pixel_fraction"": 0.0, ""tiny_component_pixels"": 0}}"
feature_cluster_coarse_to_fine_global_pooled_init_coarse_only,test,118,352,0,0.0,2,0.8125904993008729,0.6791430047839759,0.5,0.8898587114644985,0.7353222871372473,0.76470947265625,0.23529052734375,2,2,0.0,0.0,ok,True,"cluster_b->texture_a,cluster_a->texture_b",cluster_b,cluster_a,0.042254124329023035,0.6791430047839759,0.8125904993008729,0.6791430047839759,1,fpn_2,fpn_2,fpn_2,72x72,20817,44719,20817,44719,20817,44719,0.0,0.0,0.0,0.0,coarsest_pooled_direct,pooled_avg_pool_coarse_only,False,False,3,3,24x24,1,0,0,0,0.0,1638,1638,1,0,0,0,0.0,3546,3546,"{""cluster_0"": {""cluster_value"": 0, ""component_size_histogram"": {""1638"": 1}, ""largest_component_size"": 1638, ""num_1_cell_components"": 0, ""num_2_cell_components"": 0, ""num_components"": 1, ""smallest_component_size"": 1638, ""tiny_component_pixel_fraction"": 0.0, ""tiny_component_pixels"": 0}, ""cluster_1"": {""cluster_value"": 1, ""component_size_histogram"": {""3546"": 1}, ""largest_component_size"": 3546, ""num_1_cell_components"": 0, ""num_2_cell_components"": 0, ""num_components"": 1, ""smallest_component_size"": 3546, ""tiny_component_pixel_fraction"": 0.0, ""tiny_component_pixels"": 0}}"
feature_cluster_coarse_to_fine_global_pooled_init_coarse_only,test,119,357,0,0.0,2,0.6840858099550263,0.39036916996135407,0.5,0.6934271948875409,0.6747444250225118,0.60455322265625,0.39544677734375,2,2,0.0,0.0,ok,True,"cluster_b->texture_a,cluster_a->texture_b",cluster_b,cluster_a,0.09504455253451397,0.39036916996135407,0.6840858099550263,0.39036916996135407,1,fpn_2,fpn_2,fpn_2,72x72,37319,28217,37319,28217,37319,28217,0.0,0.0,0.0,0.0,coarsest_pooled_direct,pooled_avg_pool_coarse_only,False,False,3,3,24x24,1,0,0,0,0.0,2961,2961,1,0,0,0,0.0,2223,2223,"{""cluster_0"": {""cluster_value"": 0, ""component_size_histogram"": {""2961"": 1}, ""largest_component_size"": 2961, ""num_1_cell_components"": 0, ""num_2_cell_components"": 0, ""num_components"": 1, ""smallest_component_size"": 2961, ""tiny_component_pixel_fraction"": 0.0, ""tiny_component_pixels"": 0}, ""cluster_1"": {""cluster_value"": 1, ""component_size_histogram"": {""2223"": 1}, ""largest_component_size"": 2223, ""num_1_cell_components"": 0, ""num_2_cell_components"": 0, ""num_components"": 1, ""smallest_component_size"": 2223, ""tiny_component_pixel_fraction"": 0.0, ""tiny_component_pixels"": 0}}"
feature_cluster_coarse_to_fine_global_pooled_init_coarse_only,test,120,358,0,0.0,2,0.3857623995410374,0.03880750859008639,0.5,0.5462129717592192,0.22531182732285554,0.880706787109375,0.119293212890625,2,2,0.0,0.0,ok,True,"cluster_b->texture_a,cluster_a->texture_b",cluster_b,cluster_a,0.20187206520026627,0.03880750859008639,0.3857623995410374,0.03880750859008639,1,fpn_2,fpn_2,fpn_2,72x72,33736,31800,33736,31800,33736,31800,0.0,0.0,0.0,0.0,coarsest_pooled_direct,pooled_avg_pool_coarse_only,False,False,3,3,24x24,1,0,0,0,0.0,2664,2664,1,0,0,0,0.0,2520,2520,"{""cluster_0"": {""cluster_value"": 0, ""component_size_histogram"": {""2664"": 1}, ""largest_component_size"": 2664, ""num_1_cell_components"": 0, ""num_2_cell_components"": 0, ""num_components"": 1, ""smallest_component_size"": 2664, ""tiny_component_pixel_fraction"": 0.0, ""tiny_component_pixels"": 0}, ""cluster_1"": {""cluster_value"": 1, ""component_size_histogram"": {""2520"": 1}, ""largest_component_size"": 2520, ""num_1_cell_components"": 0, ""num_2_cell_components"": 0, ""num_components"": 1, ""smallest_component_size"": 2520, ""tiny_component_pixel_fraction"": 0.0, ""tiny_component_pixels"": 0}}"
feature_cluster_coarse_to_fine_global_pooled_init_coarse_only,test,121,359,0,0.0,2,0.9193273958936423,0.8410666428550433,0.5,0.9286839617687218,0.9099708300185627,0.5758056640625,0.4241943359375,2,2,0.0,0.0,ok,True,"cluster_b->texture_a,cluster_a->texture_b",cluster_b,cluster_a,0.02091741132917782,0.8410666428550433,0.9193273958936423,0.8410666428550433,1,fpn_2,fpn_2,fpn_2,72x72,29820,35716,29820,35716,29820,35716,0.0,0.0,0.0,0.0,coarsest_pooled_direct,pooled_avg_pool_coarse_only,False,False,3,3,24x24,1,0,0,0,0.0,2367,2367,1,0,0,0,0.0,2817,2817,"{""cluster_0"": {""cluster_value"": 0, ""component_size_histogram"": {""2367"": 1}, ""largest_component_size"": 2367, ""num_1_cell_components"": 0, ""num_2_cell_components"": 0, ""num_components"": 1, ""smallest_component_size"": 2367, ""tiny_component_pixel_fraction"": 0.0, ""tiny_component_pixels"": 0}, ""cluster_1"": {""cluster_value"": 1, ""component_size_histogram"": {""2817"": 1}, ""largest_component_size"": 2817, ""num_1_cell_components"": 0, ""num_2_cell_components"": 0, ""num_components"": 1, ""smallest_component_size"": 2817, ""tiny_component_pixel_fraction"": 0.0, ""tiny_component_pixels"": 0}}"
feature_cluster_coarse_to_fine_global_pooled_init_coarse_only,test,122,36,0,0.0,2,0.8989621044010435,0.8409670572248332,0.5,0.8449180949971539,0.9530061138049332,0.206146240234375,0.793853759765625,2,2,0.0,0.0,ok,True,"cluster_a->texture_a,cluster_b->texture_b",cluster_a,cluster_b,0.8989621044010435,0.8409670572248332,0.018789737890029676,0.8409670572248332,1,fpn_2,fpn_2,fpn_2,72x72,15660,49876,15660,49876,15660,49876,0.0,0.0,0.0,0.0,coarsest_pooled_direct,pooled_avg_pool_coarse_only,False,False,3,3,24x24,1,0,0,0,0.0,1242,1242,1,0,0,0,0.0,3942,3942,"{""cluster_0"": {""cluster_value"": 0, ""component_size_histogram"": {""1242"": 1}, ""largest_component_size"": 1242, ""num_1_cell_components"": 0, ""num_2_cell_components"": 0, ""num_components"": 1, ""smallest_component_size"": 1242, ""tiny_component_pixel_fraction"": 0.0, ""tiny_component_pixels"": 0}, ""cluster_1"": {""cluster_value"": 1, ""component_size_histogram"": {""3942"": 1}, ""largest_component_size"": 3942, ""num_1_cell_components"": 0, ""num_2_cell_components"": 0, ""num_components"": 1, ""smallest_component_size"": 3942, ""tiny_component_pixel_fraction"": 0.0, ""tiny_component_pixels"": 0}}"
feature_cluster_coarse_to_fine_global_pooled_init_coarse_only,test,123,362,0,0.0,2,0.9113848083285282,0.8233341089246524,0.5,0.9142679585322449,0.9085016581248115,0.508148193359375,0.491851806640625,2,2,0.0,0.0,ok,True,"cluster_a->texture_a,cluster_b->texture_b",cluster_a,cluster_b,0.9113848083285282,0.8233341089246524,0.023623528079417276,0.8233341089246524,1,fpn_2,fpn_2,fpn_2,72x72,34465,31071,34465,31071,34465,31071,0.0,0.0,0.0,0.0,coarsest_pooled_direct,pooled_avg_pool_coarse_only,False,False,3,3,24x24,1,0,0,0,0.0,2727,2727,1,0,0,0,0.0,2457,2457,"{""cluster_0"": {""cluster_value"": 0, ""component_size_histogram"": {""2727"": 1}, ""largest_component_size"": 2727, ""num_1_cell_components"": 0, ""num_2_cell_components"": 0, ""num_components"": 1, ""smallest_component_size"": 2727, ""tiny_component_pixel_fraction"": 0.0, ""tiny_component_pixels"": 0}, ""cluster_1"": {""cluster_value"": 1, ""component_size_histogram"": {""2457"": 1}, ""largest_component_size"": 2457, ""num_1_cell_components"": 0, ""num_2_cell_components"": 0, ""num_components"": 1, ""smallest_component_size"": 2457, ""tiny_component_pixel_fraction"": 0.0, ""tiny_component_pixels"": 0}}"
feature_cluster_coarse_to_fine_global_pooled_init_coarse_only,test,124,364,0,0.0,2,0.320163469212731,-0.0025794463648931647,0.5,0.44246958151806015,0.19785735690740186,0.7003021240234375,0.2996978759765625,2,2,0.0,0.0,ok,True,"cluster_a->texture_a,cluster_b->texture_b",cluster_a,cluster_b,0.320163469212731,-0.0025794463648931647,0.31937185969127757,-0.0025794463648931647,1,fpn_2,fpn_2,fpn_2,72x72,37210,28326,37210,28326,37210,28326,0.0,0.0,0.0,0.0,coarsest_pooled_direct,pooled_avg_pool_coarse_only,False,False,3,3,24x24,2,0,0,0,0.0,2943,9,2,0,0,0,0.0,2223,9,"{""cluster_0"": {""cluster_value"": 0, ""component_size_histogram"": {""2943"": 1, ""9"": 1}, ""largest_component_size"": 2943, ""num_1_cell_components"": 0, ""num_2_cell_components"": 0, ""num_components"": 2, ""smallest_component_size"": 9, ""tiny_component_pixel_fraction"": 0.0, ""tiny_component_pixels"": 0}, ""cluster_1"": {""cluster_value"": 1, ""component_size_histogram"": {""2223"": 1, ""9"": 1}, ""largest_component_size"": 2223, ""num_1_cell_components"": 0, ""num_2_cell_components"": 0, ""num_components"": 2, ""smallest_component_size"": 9, ""tiny_component_pixel_fraction"": 0.0, ""tiny_component_pixels"": 0}}"
feature_cluster_coarse_to_fine_global_pooled_init_coarse_only,test,125,365,0,0.0,2,0.9224333592891039,0.8490594433454954,0.5,0.9350111178492015,0.9098556007290061,0.5962677001953125,0.4037322998046875,2,2,0.0,0.0,ok,True,"cluster_b->texture_a,cluster_a->texture_b",cluster_b,cluster_a,0.019868506578340547,0.8490594433454954,0.9224333592891039,0.8490594433454954,1,fpn_2,fpn_2,fpn_2,72x72,28033,37503,28033,37503,28033,37503,0.0,0.0,0.0,0.0,coarsest_pooled_direct,pooled_avg_pool_coarse_only,False,False,3,3,24x24,4,0,0,0,0.0,1215,9,1,0,0,0,0.0,2970,2970,"{""cluster_0"": {""cluster_value"": 0, ""component_size_histogram"": {""1215"": 1, ""72"": 1, ""9"": 1, ""918"": 1}, ""largest_component_size"": 1215, ""num_1_cell_components"": 0, ""num_2_cell_components"": 0, ""num_components"": 4, ""smallest_component_size"": 9, ""tiny_component_pixel_fraction"": 0.0, ""tiny_component_pixels"": 0}, ""cluster_1"": {""cluster_value"": 1, ""component_size_histogram"": {""2970"": 1}, ""largest_component_size"": 2970, ""num_1_cell_components"": 0, ""num_2_cell_components"": 0, ""num_components"": 1, ""smallest_component_size"": 2970, ""tiny_component_pixel_fraction"": 0.0, ""tiny_component_pixels"": 0}}"
feature_cluster_coarse_to_fine_global_pooled_init_coarse_only,test,126,366,0,0.0,2,0.8669505968584239,0.7353775040445806,0.5,0.8699032914355788,0.8639979022812692,0.5101318359375,0.4898681640625,2,2,0.0,0.0,ok,True,"cluster_b->texture_a,cluster_a->texture_b",cluster_b,cluster_a,0.03692602254757953,0.7353775040445806,0.8669505968584239,0.7353775040445806,1,fpn_2,fpn_2,fpn_2,72x72,31874,33662,31874,33662,31874,33662,0.0,0.0,0.0,0.0,coarsest_pooled_direct,pooled_avg_pool_coarse_only,False,False,3,3,24x24,8,0,0,0,0.0,2169,9,1,0,0,0,0.0,2673,2673,"{""cluster_0"": {""cluster_value"": 0, ""component_size_histogram"": {""18"": 1, ""216"": 1, ""2169"": 1, ""27"": 2, ""36"": 1, ""9"": 2}, ""largest_component_size"": 2169, ""num_1_cell_components"": 0, ""num_2_cell_components"": 0, ""num_components"": 8, ""smallest_component_size"": 9, ""tiny_component_pixel_fraction"": 0.0, ""tiny_component_pixels"": 0}, ""cluster_1"": {""cluster_value"": 1, ""component_size_histogram"": {""2673"": 1}, ""largest_component_size"": 2673, ""num_1_cell_components"": 0, ""num_2_cell_components"": 0, ""num_components"": 1, ""smallest_component_size"": 2673, ""tiny_component_pixel_fraction"": 0.0, ""tiny_component_pixels"": 0}}"
feature_cluster_coarse_to_fine_global_pooled_init_coarse_only,test,127,371,0,0.0,2,0.9289993516138958,0.8622496077096949,0.5,0.9412341334673872,0.9167645697604044,0.5936279296875,0.4063720703125,2,2,0.0,0.0,ok,True,"cluster_a->texture_a,cluster_b->texture_b",cluster_a,cluster_b,0.9289993516138958,0.8622496077096949,0.018141823715930726,0.8622496077096949,1,fpn_2,fpn_2,fpn_2,72x72,38328,27208,38328,27208,38328,27208,0.0,0.0,0.0,0.0,coarsest_pooled_direct,pooled_avg_pool_coarse_only,False,False,3,3,24x24,1,0,0,0,0.0,3033,3033,3,0,0,0,0.0,1179,36,"{""cluster_0"": {""cluster_value"": 0, ""component_size_histogram"": {""3033"": 1}, ""largest_component_size"": 3033, ""num_1_cell_components"": 0, ""num_2_cell_components"": 0, ""num_components"": 1, ""smallest_component_size"": 3033, ""tiny_component_pixel_fraction"": 0.0, ""tiny_component_pixels"": 0}, ""cluster_1"": {""cluster_value"": 1, ""component_size_histogram"": {""1179"": 1, ""36"": 1, ""936"": 1}, ""largest_component_size"": 1179, ""num_1_cell_components"": 0, ""num_2_cell_components"": 0, ""num_components"": 3, ""smallest_component_size"": 36, ""tiny_component_pixel_fraction"": 0.0, ""tiny_component_pixels"": 0}}"
feature_cluster_coarse_to_fine_global_pooled_init_coarse_only,test,128,373,0,0.0,2,0.9199961010906894,0.8715733766800842,0.5,0.8795375584042171,0.9604546437771616,0.2292633056640625,0.7707366943359375,2,2,0.0,0.0,ok,True,"cluster_a->texture_a,cluster_b->texture_b",cluster_a,cluster_b,0.9199961010906894,0.8715733766800842,0.015477696745457766,0.8715733766800842,1,fpn_2,fpn_2,fpn_2,72x72,16352,49184,16352,49184,16352,49184,0.0,0.0,0.0,0.0,coarsest_pooled_direct,pooled_avg_pool_coarse_only,False,False,3,3,24x24,3,0,0,0,0.0,1260,18,1,0,0,0,0.0,3888,3888,"{""cluster_0"": {""cluster_value"": 0, ""component_size_histogram"": {""1260"": 1, ""18"": 2}, ""largest_component_size"": 1260, ""num_1_cell_components"": 0, ""num_2_cell_components"": 0, ""num_components"": 3, ""smallest_component_size"": 18, ""tiny_component_pixel_fraction"": 0.0, ""tiny_component_pixels"": 0}, ""cluster_1"": {""cluster_value"": 1, ""component_size_histogram"": {""3888"": 1}, ""largest_component_size"": 3888, ""num_1_cell_components"": 0, ""num_2_cell_components"": 0, ""num_components"": 1, ""smallest_component_size"": 3888, ""tiny_component_pixel_fraction"": 0.0, ""tiny_component_pixels"": 0}}"
feature_cluster_coarse_to_fine_global_pooled_init_coarse_only,test,129,374,0,0.0,2,0.8041454650781719,0.6445596705638205,0.5,0.8642177623598016,0.7440731677965422,0.712982177734375,0.287017822265625,2,2,0.0,0.0,ok,True,"cluster_b->texture_a,cluster_a->texture_b",cluster_b,cluster_a,0.04906727179239703,0.6445596705638205,0.8041454650781719,0.6445596705638205,1,fpn_2,fpn_2,fpn_2,72x72,24668,40868,24668,40868,24668,40868,0.0,0.0,0.0,0.0,coarsest_pooled_direct,pooled_avg_pool_coarse_only,False,False,3,3,24x24,1,0,0,0,0.0,1962,1962,4,0,0,0,0.0,819,792,"{""cluster_0"": {""cluster_value"": 0, ""component_size_histogram"": {""1962"": 1}, ""largest_component_size"": 1962, ""num_1_cell_components"": 0, ""num_2_cell_components"": 0, ""num_components"": 1, ""smallest_component_size"": 1962, ""tiny_component_pixel_fraction"": 0.0, ""tiny_component_pixels"": 0}, ""cluster_1"": {""cluster_value"": 1, ""component_size_histogram"": {""792"": 2, ""819"": 2}, ""largest_component_size"": 819, ""num_1_cell_components"": 0, ""num_2_cell_components"": 0, ""num_components"": 4, ""smallest_component_size"": 792, ""tiny_component_pixel_fraction"": 0.0, ""tiny_component_pixels"": 0}}"
feature_cluster_coarse_to_fine_global_pooled_init_coarse_only,test,130,376,0,0.0,2,0.9305497241402491,0.8748310428480349,0.5,0.9536272420529214,0.9074722062275767,0.6687774658203125,0.3312225341796875,2,2,0.0,0.0,ok,True,"cluster_a->texture_a,cluster_b->texture_b",cluster_a,cluster_b,0.9305497241402491,0.8748310428480349,0.016188730057989372,0.8748310428480349,1,fpn_2,fpn_2,fpn_2,72x72,44178,21358,44178,21358,44178,21358,0.0,0.0,0.0,0.0,coarsest_pooled_direct,pooled_avg_pool_coarse_only,False,False,3,3,24x24,1,0,0,0,0.0,3501,3501,1,0,0,0,0.0,1683,1683,"{""cluster_0"": {""cluster_value"": 0, ""component_size_histogram"": {""3501"": 1}, ""largest_component_size"": 3501, ""num_1_cell_components"": 0, ""num_2_cell_components"": 0, ""num_components"": 1, ""smallest_component_size"": 3501, ""tiny_component_pixel_fraction"": 0.0, ""tiny_component_pixels"": 0}, ""cluster_1"": {""cluster_value"": 1, ""component_size_histogram"": {""1683"": 1}, ""largest_component_size"": 1683, ""num_1_cell_components"": 0, ""num_2_cell_components"": 0, ""num_components"": 1, ""smallest_component_size"": 1683, ""tiny_component_pixel_fraction"": 0.0, ""tiny_component_pixels"": 0}}"
feature_cluster_coarse_to_fine_global_pooled_init_coarse_only,test,131,377,0,0.0,2,0.5313896859671562,0.17184254889786563,0.5,0.6172462640410207,0.4455331078932917,0.736846923828125,0.263153076171875,2,2,0.0,0.0,ok,True,"cluster_a->texture_a,cluster_b->texture_b",cluster_a,cluster_b,0.5313896859671562,0.17184254889786563,0.1551985779668276,0.17184254889786563,1,fpn_2,fpn_2,fpn_2,72x72,32768,32768,32768,32768,32768,32768,0.0,0.0,0.0,0.0,coarsest_pooled_direct,pooled_avg_pool_coarse_only,False,False,3,3,24x24,1,0,0,0,0.0,2592,2592,6,0,0,0,0.0,450,414,"{""cluster_0"": {""cluster_value"": 0, ""component_size_histogram"": {""2592"": 1}, ""largest_component_size"": 2592, ""num_1_cell_components"": 0, ""num_2_cell_components"": 0, ""num_components"": 1, ""smallest_component_size"": 2592, ""tiny_component_pixel_fraction"": 0.0, ""tiny_component_pixels"": 0}, ""cluster_1"": {""cluster_value"": 1, ""component_size_histogram"": {""414"": 3, ""450"": 3}, ""largest_component_size"": 450, ""num_1_cell_components"": 0, ""num_2_cell_components"": 0, ""num_components"": 6, ""smallest_component_size"": 414, ""tiny_component_pixel_fraction"": 0.0, ""tiny_component_pixels"": 0}}"
feature_cluster_coarse_to_fine_global_pooled_init_coarse_only,test,132,378,0,0.0,2,0.3913131380650481,0.03913575590321499,0.5,0.24136834191197734,0.5412579342181189,0.1743011474609375,0.8256988525390625,2,2,0.0,0.0,ok,True,"cluster_a->texture_a,cluster_b->texture_b",cluster_a,cluster_b,0.3913131380650481,0.03913575590321499,0.22168392230994327,0.03913575590321499,1,fpn_2,fpn_2,fpn_2,72x72,31506,34030,31506,34030,31506,34030,0.0,0.0,0.0,0.0,coarsest_pooled_direct,pooled_avg_pool_coarse_only,False,False,3,3,24x24,2,0,0,0,0.0,2493,9,1,0,0,0,0.0,2682,2682,"{""cluster_0"": {""cluster_value"": 0, ""component_size_histogram"": {""2493"": 1, ""9"": 1}, ""largest_component_size"": 2493, ""num_1_cell_components"": 0, ""num_2_cell_components"": 0, ""num_components"": 2, ""smallest_component_size"": 9, ""tiny_component_pixel_fraction"": 0.0, ""tiny_component_pixels"": 0}, ""cluster_1"": {""cluster_value"": 1, ""component_size_histogram"": {""2682"": 1}, ""largest_component_size"": 2682, ""num_1_cell_components"": 0, ""num_2_cell_components"": 0, ""num_components"": 1, ""smallest_component_size"": 2682, ""tiny_component_pixel_fraction"": 0.0, ""tiny_component_pixels"": 0}}"
feature_cluster_coarse_to_fine_global_pooled_init_coarse_only,test,133,380,0,0.0,2,0.8316321256897133,0.7044540837998675,0.5,0.8941720323592538,0.7690922190201729,0.739044189453125,0.260955810546875,2,2,0.0,0.0,ok,True,"cluster_b->texture_a,cluster_a->texture_b",cluster_b,cluster_a,0.039150798827531426,0.7044540837998675,0.8316321256897133,0.7044540837998675,1,fpn_2,fpn_2,fpn_2,72x72,22186,43350,22186,43350,22186,43350,0.0,0.0,0.0,0.0,coarsest_pooled_direct,pooled_avg_pool_coarse_only,False,False,3,3,24x24,1,0,0,0,0.0,1755,1755,1,0,0,0,0.0,3429,3429,"{""cluster_0"": {""cluster_value"": 0, ""component_size_histogram"": {""1755"": 1}, ""largest_component_size"": 1755, ""num_1_cell_components"": 0, ""num_2_cell_components"": 0, ""num_components"": 1, ""smallest_component_size"": 1755, ""tiny_component_pixel_fraction"": 0.0, ""tiny_component_pixels"": 0}, ""cluster_1"": {""cluster_value"": 1, ""component_size_histogram"": {""3429"": 1}, ""largest_component_size"": 3429, ""num_1_cell_components"": 0, ""num_2_cell_components"": 0, ""num_components"": 1, ""smallest_component_size"": 3429, ""tiny_component_pixel_fraction"": 0.0, ""tiny_component_pixels"": 0}}"
feature_cluster_coarse_to_fine_global_pooled_init_coarse_only,test,134,383,0,0.0,2,0.9004637698431399,0.804187840454875,0.5,0.9122287968441815,0.8886987428420984,0.578125,0.421875,2,2,0.0,0.0,ok,True,"cluster_b->texture_a,cluster_a->texture_b",cluster_b,cluster_a,0.026224143092184102,0.804187840454875,0.9004637698431399,0.804187840454875,1,fpn_2,fpn_2,fpn_2,72x72,29742,35794,29742,35794,29742,35794,0.0,0.0,0.0,0.0,coarsest_pooled_direct,pooled_avg_pool_coarse_only,False,False,3,3,24x24,1,0,0,0,0.0,2358,2358,2,0,0,0,0.0,2817,9,"{""cluster_0"": {""cluster_value"": 0, ""component_size_histogram"": {""2358"": 1}, ""largest_component_size"": 2358, ""num_1_cell_components"": 0, ""num_2_cell_components"": 0, ""num_components"": 1, ""smallest_component_size"": 2358, ""tiny_component_pixel_fraction"": 0.0, ""tiny_component_pixels"": 0}, ""cluster_1"": {""cluster_value"": 1, ""component_size_histogram"": {""2817"": 1, ""9"": 1}, ""largest_component_size"": 2817, ""num_1_cell_components"": 0, ""num_2_cell_components"": 0, ""num_components"": 2, ""smallest_component_size"": 9, ""tiny_component_pixel_fraction"": 0.0, ""tiny_component_pixels"": 0}}"
feature_cluster_coarse_to_fine_global_pooled_init_coarse_only,test,135,387,0,0.0,2,0.9044323880220602,0.8439085463713955,0.5,0.9506006422709432,0.8582641337731771,0.768280029296875,0.231719970703125,2,2,0.0,0.0,ok,True,"cluster_b->texture_a,cluster_a->texture_b",cluster_b,cluster_a,0.019067061360131907,0.8439085463713955,0.9044323880220602,0.8439085463713955,1,fpn_2,fpn_2,fpn_2,72x72,17486,48050,17486,48050,17486,48050,0.0,0.0,0.0,0.0,coarsest_pooled_direct,pooled_avg_pool_coarse_only,False,False,3,3,24x24,2,0,0,0,0.0,846,540,1,0,0,0,0.0,3798,3798,"{""cluster_0"": {""cluster_value"": 0, ""component_size_histogram"": {""540"": 1, ""846"": 1}, ""largest_component_size"": 846, ""num_1_cell_components"": 0, ""num_2_cell_components"": 0, ""num_components"": 2, ""smallest_component_size"": 540, ""tiny_component_pixel_fraction"": 0.0, ""tiny_component_pixels"": 0}, ""cluster_1"": {""cluster_value"": 1, ""component_size_histogram"": {""3798"": 1}, ""largest_component_size"": 3798, ""num_1_cell_components"": 0, ""num_2_cell_components"": 0, ""num_components"": 1, ""smallest_component_size"": 3798, ""tiny_component_pixel_fraction"": 0.0, ""tiny_component_pixels"": 0}}"
feature_cluster_coarse_to_fine_global_pooled_init_coarse_only,test,136,389,0,0.0,2,0.9248830158743429,0.8526662914856794,0.5,0.9350336613153807,0.914732370433305,0.5704345703125,0.4295654296875,2,2,0.0,0.0,ok,True,"cluster_a->texture_a,cluster_b->texture_b",cluster_a,cluster_b,0.9248830158743429,0.8526662914856794,0.019515642598072574,0.8526662914856794,1,fpn_2,fpn_2,fpn_2,72x72,37347,28189,37347,28189,37347,28189,0.0,0.0,0.0,0.0,coarsest_pooled_direct,pooled_avg_pool_coarse_only,False,False,3,3,24x24,1,0,0,0,0.0,2952,2952,1,0,0,0,0.0,2232,2232,"{""cluster_0"": {""cluster_value"": 0, ""component_size_histogram"": {""2952"": 1}, ""largest_component_size"": 2952, ""num_1_cell_components"": 0, ""num_2_cell_components"": 0, ""num_components"": 1, ""smallest_component_size"": 2952, ""tiny_component_pixel_fraction"": 0.0, ""tiny_component_pixels"": 0}, ""cluster_1"": {""cluster_value"": 1, ""component_size_histogram"": {""2232"": 1}, ""largest_component_size"": 2232, ""num_1_cell_components"": 0, ""num_2_cell_components"": 0, ""num_components"": 1, ""smallest_component_size"": 2232, ""tiny_component_pixel_fraction"": 0.0, ""tiny_component_pixels"": 0}}"
feature_cluster_coarse_to_fine_global_pooled_init_coarse_only,test,137,39,0,0.0,2,0.620532754879914,0.28822844460041663,0.5,0.6576749435665914,0.5833905661932365,0.655914306640625,0.344085693359375,2,2,0.0,0.0,ok,True,"cluster_a->texture_a,cluster_b->texture_b",cluster_a,cluster_b,0.620532754879914,0.28822844460041663,0.12054849678626525,0.28822844460041663,1,fpn_2,fpn_2,fpn_2,72x72,30449,35087,30449,35087,30449,35087,0.0,0.0,0.0,0.0,coarsest_pooled_direct,pooled_avg_pool_coarse_only,False,False,3,3,24x24,1,0,0,0,0.0,2394,2394,1,0,0,0,0.0,2790,2790,"{""cluster_0"": {""cluster_value"": 0, ""component_size_histogram"": {""2394"": 1}, ""largest_component_size"": 2394, ""num_1_cell_components"": 0, ""num_2_cell_components"": 0, ""num_components"": 1, ""smallest_component_size"": 2394, ""tiny_component_pixel_fraction"": 0.0, ""tiny_component_pixels"": 0}, ""cluster_1"": {""cluster_value"": 1, ""component_size_histogram"": {""2790"": 1}, ""largest_component_size"": 2790, ""num_1_cell_components"": 0, ""num_2_cell_components"": 0, ""num_components"": 1, ""smallest_component_size"": 2790, ""tiny_component_pixel_fraction"": 0.0, ""tiny_component_pixels"": 0}}"
feature_cluster_coarse_to_fine_global_pooled_init_coarse_only,test,138,391,0,0.0,2,0.8197165125151784,0.7007186872278875,0.5,0.9032976827094474,0.7361353423209094,0.78369140625,0.21630859375,2,2,0.0,0.0,ok,True,"cluster_b->texture_a,cluster_a->texture_b",cluster_b,cluster_a,0.038367734451721425,0.7007186872278875,0.8197165125151784,0.7007186872278875,1,fpn_2,fpn_2,fpn_2,72x72,18663,46873,18663,46873,18663,46873,0.0,0.0,0.0,0.0,coarsest_pooled_direct,pooled_avg_pool_coarse_only,False,False,3,3,24x24,1,0,0,0,0.0,1476,1476,2,0,0,0,0.0,3699,9,"{""cluster_0"": {""cluster_value"": 0, ""component_size_histogram"": {""1476"": 1}, ""largest_component_size"": 1476, ""num_1_cell_components"": 0, ""num_2_cell_components"": 0, ""num_components"": 1, ""smallest_component_size"": 1476, ""tiny_component_pixel_fraction"": 0.0, ""tiny_component_pixels"": 0}, ""cluster_1"": {""cluster_value"": 1, ""component_size_histogram"": {""3699"": 1, ""9"": 1}, ""largest_component_size"": 3699, ""num_1_cell_components"": 0, ""num_2_cell_components"": 0, ""num_components"": 2, ""smallest_component_size"": 9, ""tiny_component_pixel_fraction"": 0.0, ""tiny_component_pixels"": 0}}"
feature_cluster_coarse_to_fine_global_pooled_init_coarse_only,test,139,392,0,0.0,2,0.9321542273081436,0.8647700535398755,0.5,0.9353348729792148,0.9289735816370723,0.5247955322265625,0.4752044677734375,2,2,0.0,0.0,ok,True,"cluster_b->texture_a,cluster_a->texture_b",cluster_b,cluster_a,0.01782911899608377,0.8647700535398755,0.9321542273081436,0.8647700535398755,1,fpn_2,fpn_2,fpn_2,72x72,31213,34323,31213,34323,31213,34323,0.0,0.0,0.0,0.0,coarsest_pooled_direct,pooled_avg_pool_coarse_only,False,False,3,3,24x24,1,0,0,0,0.0,2466,2466,1,0,0,0,0.0,2718,2718,"{""cluster_0"": {""cluster_value"": 0, ""component_size_histogram"": {""2466"": 1}, ""largest_component_size"": 2466, ""num_1_cell_components"": 0, ""num_2_cell_components"": 0, ""num_components"": 1, ""smallest_component_size"": 2466, ""tiny_component_pixel_fraction"": 0.0, ""tiny_component_pixels"": 0}, ""cluster_1"": {""cluster_value"": 1, ""component_size_histogram"": {""2718"": 1}, ""largest_component_size"": 2718, ""num_1_cell_components"": 0, ""num_2_cell_components"": 0, ""num_components"": 1, ""smallest_component_size"": 2718, ""tiny_component_pixel_fraction"": 0.0, ""tiny_component_pixels"": 0}}"
feature_cluster_coarse_to_fine_global_pooled_init_coarse_only,test,140,393,0,0.0,2,0.8441416828503858,0.7012108143437827,0.7290551321847099,0.8738651179329145,0.8144182477678571,0.6436920166015625,0.8144182477678571,2,1,0.0,0.0,ok,True,"cluster_b->texture_a,cluster_a->texture_b",cluster_b,cluster_a,0.04059600830078125,0.7012108143437827,0.8441416828503858,0.7012108143437827,1,fpn_2,fpn_2,fpn_2,72x72,28672,36864,28672,36864,28672,36864,0.0,0.0,0.0,0.0,coarsest_pooled_direct,pooled_avg_pool_coarse_only,False,False,3,3,24x24,1,0,0,0,0.0,2268,2268,1,0,0,0,0.0,2916,2916,"{""cluster_0"": {""cluster_value"": 0, ""component_size_histogram"": {""2268"": 1}, ""largest_component_size"": 2268, ""num_1_cell_components"": 0, ""num_2_cell_components"": 0, ""num_components"": 1, ""smallest_component_size"": 2268, ""tiny_component_pixel_fraction"": 0.0, ""tiny_component_pixels"": 0}, ""cluster_1"": {""cluster_value"": 1, ""component_size_histogram"": {""2916"": 1}, ""largest_component_size"": 2916, ""num_1_cell_components"": 0, ""num_2_cell_components"": 0, ""num_components"": 1, ""smallest_component_size"": 2916, ""tiny_component_pixel_fraction"": 0.0, ""tiny_component_pixels"": 0}}"
feature_cluster_coarse_to_fine_global_pooled_init_coarse_only,test,141,394,0,0.0,2,0.8626554676045277,0.729103070116558,0.5,0.8753579424168272,0.8499529927922281,0.5839996337890625,0.4160003662109375,2,2,0.0,0.0,ok,True,"cluster_b->texture_a,cluster_a->texture_b",cluster_b,cluster_a,0.03668808391740569,0.729103070116558,0.8626554676045277,0.729103070116558,1,fpn_2,fpn_2,fpn_2,72x72,31769,33767,31769,33767,31769,33767,0.0,0.0,0.0,0.0,coarsest_pooled_direct,pooled_avg_pool_coarse_only,False,False,3,3,24x24,1,0,0,0,0.0,2520,2520,1,0,0,0,0.0,2664,2664,"{""cluster_0"": {""cluster_value"": 0, ""component_size_histogram"": {""2520"": 1}, ""largest_component_size"": 2520, ""num_1_cell_components"": 0, ""num_2_cell_components"": 0, ""num_components"": 1, ""smallest_component_size"": 2520, ""tiny_component_pixel_fraction"": 0.0, ""tiny_component_pixels"": 0}, ""cluster_1"": {""cluster_value"": 1, ""component_size_histogram"": {""2664"": 1}, ""largest_component_size"": 2664, ""num_1_cell_components"": 0, ""num_2_cell_components"": 0, ""num_components"": 1, ""smallest_component_size"": 2664, ""tiny_component_pixel_fraction"": 0.0, ""tiny_component_pixels"": 0}}"
feature_cluster_coarse_to_fine_global_pooled_init_coarse_only,test,142,395,0,0.0,2,0.9004828856785436,0.8093422819524152,0.5,0.9207686550949955,0.8801971162620916,0.6282196044921875,0.3717803955078125,2,2,0.0,0.0,ok,True,"cluster_b->texture_a,cluster_a->texture_b",cluster_b,cluster_a,0.025222105116239825,0.8093422819524152,0.9004828856785436,0.8093422819524152,1,fpn_2,fpn_2,fpn_2,72x72,27143,38393,27143,38393,27143,38393,0.0,0.0,0.0,0.0,coarsest_pooled_direct,pooled_avg_pool_coarse_only,False,False,3,3,24x24,1,0,0,0,0.0,2151,2151,1,0,0,0,0.0,3033,3033,"{""cluster_0"": {""cluster_value"": 0, ""component_size_histogram"": {""2151"": 1}, ""largest_component_size"": 2151, ""num_1_cell_components"": 0, ""num_2_cell_components"": 0, ""num_components"": 1, ""smallest_component_size"": 2151, ""tiny_component_pixel_fraction"": 0.0, ""tiny_component_pixels"": 0}, ""cluster_1"": {""cluster_value"": 1, ""component_size_histogram"": {""3033"": 1}, ""largest_component_size"": 3033, ""num_1_cell_components"": 0, ""num_2_cell_components"": 0, ""num_components"": 1, ""smallest_component_size"": 3033, ""tiny_component_pixel_fraction"": 0.0, ""tiny_component_pixels"": 0}}"
feature_cluster_coarse_to_fine_global_pooled_init_coarse_only,test,143,398,0,0.0,2,0.7942868649632409,0.6702718155261552,0.5,0.9015864180350682,0.6869873118914134,0.81866455078125,0.18133544921875,2,2,0.0,0.0,ok,True,"cluster_b->texture_a,cluster_a->texture_b",cluster_b,cluster_a,0.04076516346479187,0.6702718155261552,0.7942868649632409,0.6702718155261552,1,fpn_2,fpn_2,fpn_2,72x72,16702,48834,16702,48834,16702,48834,0.0,0.0,0.0,0.0,coarsest_pooled_direct,pooled_avg_pool_coarse_only,False,False,3,3,24x24,3,0,0,0,0.0,1080,9,1,0,0,0,0.0,3861,3861,"{""cluster_0"": {""cluster_value"": 0, ""component_size_histogram"": {""1080"": 1, ""234"": 1, ""9"": 1}, ""largest_component_size"": 1080, ""num_1_cell_components"": 0, ""num_2_cell_components"": 0, ""num_components"": 3, ""smallest_component_size"": 9, ""tiny_component_pixel_fraction"": 0.0, ""tiny_component_pixels"": 0}, ""cluster_1"": {""cluster_value"": 1, ""component_size_histogram"": {""3861"": 1}, ""largest_component_size"": 3861, ""num_1_cell_components"": 0, ""num_2_cell_components"": 0, ""num_components"": 1, ""smallest_component_size"": 3861, ""tiny_component_pixel_fraction"": 0.0, ""tiny_component_pixels"": 0}}"
feature_cluster_coarse_to_fine_global_pooled_init_coarse_only,test,144,4,0,0.0,2,0.3311905285992913,0.004104005279804581,0.5,0.4796702267191306,0.18271083047945205,0.8076324462890625,0.1923675537109375,2,2,0.0,0.0,ok,True,"cluster_b->texture_a,cluster_a->texture_b",cluster_b,cluster_a,0.2781103600796177,0.004104005279804581,0.3311905285992913,0.004104005279804581,1,fpn_2,fpn_2,fpn_2,72x72,31598,33938,31598,33938,31598,33938,0.0,0.0,0.0,0.0,coarsest_pooled_direct,pooled_avg_pool_coarse_only,False,False,3,3,24x24,1,0,0,0,0.0,2493,2493,1,0,0,0,0.0,2691,2691,"{""cluster_0"": {""cluster_value"": 0, ""component_size_histogram"": {""2493"": 1}, ""largest_component_size"": 2493, ""num_1_cell_components"": 0, ""num_2_cell_components"": 0, ""num_components"": 1, ""smallest_component_size"": 2493, ""tiny_component_pixel_fraction"": 0.0, ""tiny_component_pixels"": 0}, ""cluster_1"": {""cluster_value"": 1, ""component_size_histogram"": {""2691"": 1}, ""largest_component_size"": 2691, ""num_1_cell_components"": 0, ""num_2_cell_components"": 0, ""num_components"": 1, ""smallest_component_size"": 2691, ""tiny_component_pixel_fraction"": 0.0, ""tiny_component_pixels"": 0}}"
feature_cluster_coarse_to_fine_global_pooled_init_coarse_only,test,145,40,0,0.0,2,0.41218024105663403,0.03463060910373032,0.5,0.31727147569940517,0.5070890064138629,0.2139434814453125,0.7860565185546875,2,2,0.0,0.0,ok,True,"cluster_a->texture_a,cluster_b->texture_b",cluster_a,cluster_b,0.41218024105663403,0.03463060910373032,0.21403626884164595,0.03463060910373032,1,fpn_2,fpn_2,fpn_2,72x72,36690,28846,36690,28846,36690,28846,0.0,0.0,0.0,0.0,coarsest_pooled_direct,pooled_avg_pool_coarse_only,False,False,3,3,24x24,1,0,0,0,0.0,2907,2907,2,0,0,0,0.0,2268,9,"{""cluster_0"": {""cluster_value"": 0, ""component_size_histogram"": {""2907"": 1}, ""largest_component_size"": 2907, ""num_1_cell_components"": 0, ""num_2_cell_components"": 0, ""num_components"": 1, ""smallest_component_size"": 2907, ""tiny_component_pixel_fraction"": 0.0, ""tiny_component_pixels"": 0}, ""cluster_1"": {""cluster_value"": 1, ""component_size_histogram"": {""2268"": 1, ""9"": 1}, ""largest_component_size"": 2268, ""num_1_cell_components"": 0, ""num_2_cell_components"": 0, ""num_components"": 2, ""smallest_component_size"": 9, ""tiny_component_pixel_fraction"": 0.0, ""tiny_component_pixels"": 0}}"
feature_cluster_coarse_to_fine_global_pooled_init_coarse_only,test,146,400,0,0.0,2,0.6023737824819928,0.25399972510696883,0.5,0.5866714202042324,0.6180761447597534,0.5656890869140625,0.4343109130859375,2,2,0.0,0.0,ok,True,"cluster_a->texture_a,cluster_b->texture_b",cluster_a,cluster_b,0.6023737824819928,0.25399972510696883,0.13211094374107482,0.25399972510696883,1,fpn_2,fpn_2,fpn_2,72x72,25234,40302,25234,40302,25234,40302,0.0,0.0,0.0,0.0,coarsest_pooled_direct,pooled_avg_pool_coarse_only,False,False,3,3,24x24,3,0,0,0,0.0,1971,9,3,0,0,0,0.0,3177,9,"{""cluster_0"": {""cluster_value"": 0, ""component_size_histogram"": {""1971"": 1, ""9"": 2}, ""largest_component_size"": 1971, ""num_1_cell_components"": 0, ""num_2_cell_components"": 0, ""num_components"": 3, ""smallest_component_size"": 9, ""tiny_component_pixel_fraction"": 0.0, ""tiny_component_pixels"": 0}, ""cluster_1"": {""cluster_value"": 1, ""component_size_histogram"": {""3177"": 1, ""9"": 2}, ""largest_component_size"": 3177, ""num_1_cell_components"": 0, ""num_2_cell_components"": 0, ""num_components"": 3, ""smallest_component_size"": 9, ""tiny_component_pixel_fraction"": 0.0, ""tiny_component_pixels"": 0}}"
feature_cluster_coarse_to_fine_global_pooled_init_coarse_only,test,147,403,0,0.0,2,0.9301456300800641,0.8995543867531565,0.5,0.9751459064380648,0.8851453537220635,0.8392181396484375,0.1607818603515625,2,2,0.0,0.0,ok,True,"cluster_b->texture_a,cluster_a->texture_b",cluster_b,cluster_a,0.010430024721885488,0.8995543867531565,0.9301456300800641,0.8995543867531565,1,fpn_2,fpn_2,fpn_2,72x72,11900,53636,11900,53636,11900,53636,0.0,0.0,0.0,0.0,coarsest_pooled_direct,pooled_avg_pool_coarse_only,False,False,3,3,24x24,1,0,0,0,0.0,936,936,1,0,0,0,0.0,4248,4248,"{""cluster_0"": {""cluster_value"": 0, ""component_size_histogram"": {""936"": 1}, ""largest_component_size"": 936, ""num_1_cell_components"": 0, ""num_2_cell_components"": 0, ""num_components"": 1, ""smallest_component_size"": 936, ""tiny_component_pixel_fraction"": 0.0, ""tiny_component_pixels"": 0}, ""cluster_1"": {""cluster_value"": 1, ""component_size_histogram"": {""4248"": 1}, ""largest_component_size"": 4248, ""num_1_cell_components"": 0, ""num_2_cell_components"": 0, ""num_components"": 1, ""smallest_component_size"": 4248, ""tiny_component_pixel_fraction"": 0.0, ""tiny_component_pixels"": 0}}"
feature_cluster_coarse_to_fine_global_pooled_init_coarse_only,test,148,408,0,0.0,2,0.8627893520187546,0.7274426494214605,0.5,0.867937969203792,0.8576407348337173,0.514556884765625,0.485443115234375,2,2,0.0,0.0,ok,True,"cluster_b->texture_a,cluster_a->texture_b",cluster_b,cluster_a,0.03814527934986826,0.7274426494214605,0.8627893520187546,0.7274426494214605,1,fpn_2,fpn_2,fpn_2,72x72,31082,34454,31082,34454,31082,34454,0.0,0.0,0.0,0.0,coarsest_pooled_direct,pooled_avg_pool_coarse_only,False,False,3,3,24x24,2,0,0,0,0.0,2421,36,3,0,0,0,0.0,2322,9,"{""cluster_0"": {""cluster_value"": 0, ""component_size_histogram"": {""2421"": 1, ""36"": 1}, ""largest_component_size"": 2421, ""num_1_cell_components"": 0, ""num_2_cell_components"": 0, ""num_components"": 2, ""smallest_component_size"": 36, ""tiny_component_pixel_fraction"": 0.0, ""tiny_component_pixels"": 0}, ""cluster_1"": {""cluster_value"": 1, ""component_size_histogram"": {""2322"": 1, ""396"": 1, ""9"": 1}, ""largest_component_size"": 2322, ""num_1_cell_components"": 0, ""num_2_cell_components"": 0, ""num_components"": 3, ""smallest_component_size"": 9, ""tiny_component_pixel_fraction"": 0.0, ""tiny_component_pixels"": 0}}"
feature_cluster_coarse_to_fine_global_pooled_init_coarse_only,test,149,41,0,0.0,2,0.8652568085912234,0.7686238814115921,0.5,0.809775688118327,0.9207379290641199,0.287384033203125,0.712615966796875,2,2,0.0,0.0,ok,True,"cluster_a->texture_a,cluster_b->texture_b",cluster_a,cluster_b,0.8652568085912234,0.7686238814115921,0.03050674803179999,0.7686238814115921,1,fpn_2,fpn_2,fpn_2,72x72,18118,47418,18118,47418,18118,47418,0.0,0.0,0.0,0.0,coarsest_pooled_direct,pooled_avg_pool_coarse_only,False,False,3,3,24x24,9,0,0,0,0.0,837,9,5,0,0,0,0.0,3717,9,"{""cluster_0"": {""cluster_value"": 0, ""component_size_histogram"": {""135"": 1, ""396"": 1, ""837"": 1, ""9"": 6}, ""largest_component_size"": 837, ""num_1_cell_components"": 0, ""num_2_cell_components"": 0, ""num_components"": 9, ""smallest_component_size"": 9, ""tiny_component_pixel_fraction"": 0.0, ""tiny_component_pixels"": 0}, ""cluster_1"": {""cluster_value"": 1, ""component_size_histogram"": {""18"": 1, ""3717"": 1, ""9"": 3}, ""largest_component_size"": 3717, ""num_1_cell_components"": 0, ""num_2_cell_components"": 0, ""num_components"": 5, ""smallest_component_size"": 9, ""tiny_component_pixel_fraction"": 0.0, ""tiny_component_pixels"": 0}}"
feature_cluster_coarse_to_fine_global_pooled_init_coarse_only,test,150,410,0,0.0,2,0.9185327659301448,0.845872308993835,0.5,0.937799610802601,0.8992659210576887,0.6365814208984375,0.3634185791015625,2,2,0.0,0.0,ok,True,"cluster_b->texture_a,cluster_a->texture_b",cluster_b,cluster_a,0.020215887006964108,0.845872308993835,0.9185327659301448,0.845872308993835,1,fpn_2,fpn_2,fpn_2,72x72,25600,39936,25600,39936,25600,39936,0.0,0.0,0.0,0.0,coarsest_pooled_direct,pooled_avg_pool_coarse_only,False,False,3,3,24x24,1,0,0,0,0.0,2025,2025,1,0,0,0,0.0,3159,3159,"{""cluster_0"": {""cluster_value"": 0, ""component_size_histogram"": {""2025"": 1}, ""largest_component_size"": 2025, ""num_1_cell_components"": 0, ""num_2_cell_components"": 0, ""num_components"": 1, ""smallest_component_size"": 2025, ""tiny_component_pixel_fraction"": 0.0, ""tiny_component_pixels"": 0}, ""cluster_1"": {""cluster_value"": 1, ""component_size_histogram"": {""3159"": 1}, ""largest_component_size"": 3159, ""num_1_cell_components"": 0, ""num_2_cell_components"": 0, ""num_components"": 1, ""smallest_component_size"": 3159, ""tiny_component_pixel_fraction"": 0.0, ""tiny_component_pixels"": 0}}"
feature_cluster_coarse_to_fine_global_pooled_init_coarse_only,test,151,411,0,0.0,2,0.8897139113017944,0.7978722407900609,0.5,0.9227698483496878,0.8566579742539012,0.6794891357421875,0.3205108642578125,2,2,0.0,0.0,ok,True,"cluster_b->texture_a,cluster_a->texture_b",cluster_b,cluster_a,0.026653780537479986,0.7978722407900609,0.8897139113017944,0.7978722407900609,1,fpn_2,fpn_2,fpn_2,72x72,23850,41686,23850,41686,23850,41686,0.0,0.0,0.0,0.0,coarsest_pooled_direct,pooled_avg_pool_coarse_only,False,False,3,3,24x24,1,0,0,0,0.0,1890,1890,2,0,0,0,0.0,3141,153,"{""cluster_0"": {""cluster_value"": 0, ""component_size_histogram"": {""1890"": 1}, ""largest_component_size"": 1890, ""num_1_cell_components"": 0, ""num_2_cell_components"": 0, ""num_components"": 1, ""smallest_component_size"": 1890, ""tiny_component_pixel_fraction"": 0.0, ""tiny_component_pixels"": 0}, ""cluster_1"": {""cluster_value"": 1, ""component_size_histogram"": {""153"": 1, ""3141"": 1}, ""largest_component_size"": 3141, ""num_1_cell_components"": 0, ""num_2_cell_components"": 0, ""num_components"": 2, ""smallest_component_size"": 153, ""tiny_component_pixel_fraction"": 0.0, ""tiny_component_pixels"": 0}}"
feature_cluster_coarse_to_fine_global_pooled_init_coarse_only,test,152,412,0,0.0,2,0.8329676956208305,0.710848065896824,0.5,0.766935635203603,0.898999756038058,0.25091552734375,0.74908447265625,2,2,0.0,0.0,ok,True,"cluster_a->texture_a,cluster_b->texture_b",cluster_a,cluster_b,0.8329676956208305,0.710848065896824,0.03801618244645161,0.710848065896824,1,fpn_2,fpn_2,fpn_2,72x72,21220,44316,21220,44316,21220,44316,0.0,0.0,0.0,0.0,coarsest_pooled_direct,pooled_avg_pool_coarse_only,False,False,3,3,24x24,1,0,0,0,0.0,1683,1683,1,0,0,0,0.0,3501,3501,"{""cluster_0"": {""cluster_value"": 0, ""component_size_histogram"": {""1683"": 1}, ""largest_component_size"": 1683, ""num_1_cell_components"": 0, ""num_2_cell_components"": 0, ""num_components"": 1, ""smallest_component_size"": 1683, ""tiny_component_pixel_fraction"": 0.0, ""tiny_component_pixels"": 0}, ""cluster_1"": {""cluster_value"": 1, ""component_size_histogram"": {""3501"": 1}, ""largest_component_size"": 3501, ""num_1_cell_components"": 0, ""num_2_cell_components"": 0, ""num_components"": 1, ""smallest_component_size"": 3501, ""tiny_component_pixel_fraction"": 0.0, ""tiny_component_pixels"": 0}}"
feature_cluster_coarse_to_fine_global_pooled_init_coarse_only,test,153,414,0,0.0,2,0.9193071272523933,0.8455212244970592,0.5,0.9025013896609227,0.9361128648438638,0.393951416015625,0.606048583984375,2,2,0.0,0.0,ok,True,"cluster_b->texture_a,cluster_a->texture_b",cluster_b,cluster_a,0.020478875884827177,0.8455212244970592,0.9193071272523933,0.8455212244970592,1,fpn_2,fpn_2,fpn_2,72x72,40015,25521,40015,25521,40015,25521,0.0,0.0,0.0,0.0,coarsest_pooled_direct,pooled_avg_pool_coarse_only,False,False,3,3,24x24,1,0,0,0,0.0,3168,3168,1,0,0,0,0.0,2016,2016,"{""cluster_0"": {""cluster_value"": 0, ""component_size_histogram"": {""3168"": 1}, ""largest_component_size"": 3168, ""num_1_cell_components"": 0, ""num_2_cell_components"": 0, ""num_components"": 1, ""smallest_component_size"": 3168, ""tiny_component_pixel_fraction"": 0.0, ""tiny_component_pixels"": 0}, ""cluster_1"": {""cluster_value"": 1, ""component_size_histogram"": {""2016"": 1}, ""largest_component_size"": 2016, ""num_1_cell_components"": 0, ""num_2_cell_components"": 0, ""num_components"": 1, ""smallest_component_size"": 2016, ""tiny_component_pixel_fraction"": 0.0, ""tiny_component_pixels"": 0}}"
feature_cluster_coarse_to_fine_global_pooled_init_coarse_only,test,154,416,0,0.0,2,0.9266588843175659,0.8621499041238205,0.5,0.9451219512195121,0.9081958174156197,0.634002685546875,0.365997314453125,2,2,0.0,0.0,ok,True,"cluster_b->texture_a,cluster_a->texture_b",cluster_b,cluster_a,0.0180925272736137,0.8621499041238205,0.9266588843175659,0.8621499041238205,1,fpn_2,fpn_2,fpn_2,72x72,24465,41071,24465,41071,24465,41071,0.0,0.0,0.0,0.0,coarsest_pooled_direct,pooled_avg_pool_coarse_only,False,False,3,3,24x24,2,0,0,0,0.0,972,963,1,0,0,0,0.0,3249,3249,"{""cluster_0"": {""cluster_value"": 0, ""component_size_histogram"": {""963"": 1, ""972"": 1}, ""largest_component_size"": 972, ""num_1_cell_components"": 0, ""num_2_cell_components"": 0, ""num_components"": 2, ""smallest_component_size"": 963, ""tiny_component_pixel_fraction"": 0.0, ""tiny_component_pixels"": 0}, ""cluster_1"": {""cluster_value"": 1, ""component_size_histogram"": {""3249"": 1}, ""largest_component_size"": 3249, ""num_1_cell_components"": 0, ""num_2_cell_components"": 0, ""num_components"": 1, ""smallest_component_size"": 3249, ""tiny_component_pixel_fraction"": 0.0, ""tiny_component_pixels"": 0}}"
feature_cluster_coarse_to_fine_global_pooled_init_coarse_only,test,155,417,0,0.0,2,0.9221398916939281,0.8473178761778923,0.5,0.9326888279997932,0.9115909553880628,0.575653076171875,0.424346923828125,2,2,0.0,0.0,ok,True,"cluster_b->texture_a,cluster_a->texture_b",cluster_b,cluster_a,0.020241864957695893,0.8473178761778923,0.9221398916939281,0.8473178761778923,1,fpn_2,fpn_2,fpn_2,72x72,28494,37042,28494,37042,28494,37042,0.0,0.0,0.0,0.0,coarsest_pooled_direct,pooled_avg_pool_coarse_only,False,False,3,3,24x24,4,0,0,0,0.0,1530,36,1,0,0,0,0.0,2934,2934,"{""cluster_0"": {""cluster_value"": 0, ""component_size_histogram"": {""1530"": 1, ""324"": 1, ""36"": 1, ""360"": 1}, ""largest_component_size"": 1530, ""num_1_cell_components"": 0, ""num_2_cell_components"": 0, ""num_components"": 4, ""smallest_component_size"": 36, ""tiny_component_pixel_fraction"": 0.0, ""tiny_component_pixels"": 0}, ""cluster_1"": {""cluster_value"": 1, ""component_size_histogram"": {""2934"": 1}, ""largest_component_size"": 2934, ""num_1_cell_components"": 0, ""num_2_cell_components"": 0, ""num_components"": 1, ""smallest_component_size"": 2934, ""tiny_component_pixel_fraction"": 0.0, ""tiny_component_pixels"": 0}}"
feature_cluster_coarse_to_fine_global_pooled_init_coarse_only,test,156,418,0,0.0,2,0.7682340672174967,0.6181529749294268,0.5,0.6580716895218933,0.8783964449131,0.1912078857421875,0.8087921142578125,2,2,0.0,0.0,ok,True,"cluster_a->texture_a,cluster_b->texture_b",cluster_a,cluster_b,0.7682340672174967,0.6181529749294268,0.0494298003680482,0.6181529749294268,1,fpn_2,fpn_2,fpn_2,72x72,18785,46751,18785,46751,18785,46751,0.0,0.0,0.0,0.0,coarsest_pooled_direct,pooled_avg_pool_coarse_only,False,False,3,3,24x24,1,0,0,0,0.0,1485,1485,1,0,0,0,0.0,3699,3699,"{""cluster_0"": {""cluster_value"": 0, ""component_size_histogram"": {""1485"": 1}, ""largest_component_size"": 1485, ""num_1_cell_components"": 0, ""num_2_cell_components"": 0, ""num_components"": 1, ""smallest_component_size"": 1485, ""tiny_component_pixel_fraction"": 0.0, ""tiny_component_pixels"": 0}, ""cluster_1"": {""cluster_value"": 1, ""component_size_histogram"": {""3699"": 1}, ""largest_component_size"": 3699, ""num_1_cell_components"": 0, ""num_2_cell_components"": 0, ""num_components"": 1, ""smallest_component_size"": 3699, ""tiny_component_pixel_fraction"": 0.0, ""tiny_component_pixels"": 0}}"
feature_cluster_coarse_to_fine_global_pooled_init_coarse_only,test,157,422,0,0.0,2,0.9859086049509511,0.9718195976486621,0.7464523315429688,0.985809326171875,0.9860078837300273,0.985809326171875,0.5070953369140625,1,2,0.0,0.0,ok,True,"cluster_b->texture_a,cluster_a->texture_b",cluster_b,cluster_a,0.00354766845703125,0.9718195976486621,0.9859086049509511,0.9718195976486621,1,fpn_2,fpn_2,fpn_2,72x72,32768,32768,32768,32768,32768,32768,0.0,0.0,0.0,0.0,coarsest_pooled_direct,pooled_avg_pool_coarse_only,False,False,3,3,24x24,1,0,0,0,0.0,2592,2592,1,0,0,0,0.0,2592,2592,"{""cluster_0"": {""cluster_value"": 0, ""component_size_histogram"": {""2592"": 1}, ""largest_component_size"": 2592, ""num_1_cell_components"": 0, ""num_2_cell_components"": 0, ""num_components"": 1, ""smallest_component_size"": 2592, ""tiny_component_pixel_fraction"": 0.0, ""tiny_component_pixels"": 0}, ""cluster_1"": {""cluster_value"": 1, ""component_size_histogram"": {""2592"": 1}, ""largest_component_size"": 2592, ""num_1_cell_components"": 0, ""num_2_cell_components"": 0, ""num_components"": 1, ""smallest_component_size"": 2592, ""tiny_component_pixel_fraction"": 0.0, ""tiny_component_pixels"": 0}}"
feature_cluster_coarse_to_fine_global_pooled_init_coarse_only,test,158,423,0,0.0,2,0.9339521310717097,0.8775927579502227,0.5,0.9153979096370669,0.9525063525063525,0.34503173828125,0.65496826171875,2,2,0.0,0.0,ok,True,"cluster_a->texture_a,cluster_b->texture_b",cluster_a,cluster_b,0.9339521310717097,0.8775927579502227,0.015832360658035945,0.8775927579502227,1,fpn_2,fpn_2,fpn_2,72x72,23936,41600,23936,41600,23936,41600,0.0,0.0,0.0,0.0,coarsest_pooled_direct,pooled_avg_pool_coarse_only,False,False,3,3,24x24,1,0,0,0,0.0,1890,1890,1,0,0,0,0.0,3294,3294,"{""cluster_0"": {""cluster_value"": 0, ""component_size_histogram"": {""1890"": 1}, ""largest_component_size"": 1890, ""num_1_cell_components"": 0, ""num_2_cell_components"": 0, ""num_components"": 1, ""smallest_component_size"": 1890, ""tiny_component_pixel_fraction"": 0.0, ""tiny_component_pixels"": 0}, ""cluster_1"": {""cluster_value"": 1, ""component_size_histogram"": {""3294"": 1}, ""largest_component_size"": 3294, ""num_1_cell_components"": 0, ""num_2_cell_components"": 0, ""num_components"": 1, ""smallest_component_size"": 3294, ""tiny_component_pixel_fraction"": 0.0, ""tiny_component_pixels"": 0}}"
feature_cluster_coarse_to_fine_global_pooled_init_coarse_only,test,159,424,0,0.0,2,0.9578933100346949,0.9202578544437471,0.5,0.9678511816928325,0.9479354383765572,0.6203460693359375,0.3796539306640625,2,2,0.0,0.0,ok,True,"cluster_b->texture_a,cluster_a->texture_b",cluster_b,cluster_a,0.010243237761632308,0.9202578544437471,0.9578933100346949,0.9202578544437471,1,fpn_2,fpn_2,fpn_2,72x72,24842,40694,24842,40694,24842,40694,0.0,0.0,0.0,0.0,coarsest_pooled_direct,pooled_avg_pool_coarse_only,False,False,3,3,24x24,2,0,0,0,0.0,999,972,1,0,0,0,0.0,3213,3213,"{""cluster_0"": {""cluster_value"": 0, ""component_size_histogram"": {""972"": 1, ""999"": 1}, ""largest_component_size"": 999, ""num_1_cell_components"": 0, ""num_2_cell_components"": 0, ""num_components"": 2, ""smallest_component_size"": 972, ""tiny_component_pixel_fraction"": 0.0, ""tiny_component_pixels"": 0}, ""cluster_1"": {""cluster_value"": 1, ""component_size_histogram"": {""3213"": 1}, ""largest_component_size"": 3213, ""num_1_cell_components"": 0, ""num_2_cell_components"": 0, ""num_components"": 1, ""smallest_component_size"": 3213, ""tiny_component_pixel_fraction"": 0.0, ""tiny_component_pixels"": 0}}"
feature_cluster_coarse_to_fine_global_pooled_init_coarse_only,test,160,425,0,0.0,2,0.8711174621689421,0.7533085291130445,0.5,0.897071089821501,0.8451638345163834,0.6363372802734375,0.3636627197265625,2,2,0.0,0.0,ok,True,"cluster_b->texture_a,cluster_a->texture_b",cluster_b,cluster_a,0.033203840013508214,0.7533085291130445,0.8711174621689421,0.7533085291130445,1,fpn_2,fpn_2,fpn_2,72x72,27636,37900,27636,37900,27636,37900,0.0,0.0,0.0,0.0,coarsest_pooled_direct,pooled_avg_pool_coarse_only,False,False,3,3,24x24,1,0,0,0,0.0,2187,2187,1,0,0,0,0.0,2997,2997,"{""cluster_0"": {""cluster_value"": 0, ""component_size_histogram"": {""2187"": 1}, ""largest_component_size"": 2187, ""num_1_cell_components"": 0, ""num_2_cell_components"": 0, ""num_components"": 1, ""smallest_component_size"": 2187, ""tiny_component_pixel_fraction"": 0.0, ""tiny_component_pixels"": 0}, ""cluster_1"": {""cluster_value"": 1, ""component_size_histogram"": {""2997"": 1}, ""largest_component_size"": 2997, ""num_1_cell_components"": 0, ""num_2_cell_components"": 0, ""num_components"": 1, ""smallest_component_size"": 2997, ""tiny_component_pixel_fraction"": 0.0, ""tiny_component_pixels"": 0}}"
feature_cluster_coarse_to_fine_global_pooled_init_coarse_only,test,161,426,0,0.0,2,0.5880245168012409,0.23130259630364172,0.5,0.6117188395826166,0.5643301940198652,0.65826416015625,0.34173583984375,2,2,0.0,0.0,ok,True,"cluster_a->texture_a,cluster_b->texture_b",cluster_a,cluster_b,0.5880245168012409,0.23130259630364172,0.13126146525149557,0.23130259630364172,1,fpn_2,fpn_2,fpn_2,72x72,27139,38397,27139,38397,27139,38397,0.0,0.0,0.0,0.0,coarsest_pooled_direct,pooled_avg_pool_coarse_only,False,False,3,3,24x24,1,0,0,0,0.0,2142,2142,1,0,0,0,0.0,3042,3042,"{""cluster_0"": {""cluster_value"": 0, ""component_size_histogram"": {""2142"": 1}, ""largest_component_size"": 2142, ""num_1_cell_components"": 0, ""num_2_cell_components"": 0, ""num_components"": 1, ""smallest_component_size"": 2142, ""tiny_component_pixel_fraction"": 0.0, ""tiny_component_pixels"": 0}, ""cluster_1"": {""cluster_value"": 1, ""component_size_histogram"": {""3042"": 1}, ""largest_component_size"": 3042, ""num_1_cell_components"": 0, ""num_2_cell_components"": 0, ""num_components"": 1, ""smallest_component_size"": 3042, ""tiny_component_pixel_fraction"": 0.0, ""tiny_component_pixels"": 0}}"
feature_cluster_coarse_to_fine_global_pooled_init_coarse_only,test,162,428,0,0.0,2,0.9164928532554553,0.8389706115177916,0.5,0.9322242760320394,0.9007614304788713,0.6159515380859375,0.3840484619140625,2,2,0.0,0.0,ok,True,"cluster_b->texture_a,cluster_a->texture_b",cluster_b,cluster_a,0.021106620734811246,0.8389706115177916,0.9164928532554553,0.8389706115177916,1,fpn_2,fpn_2,fpn_2,72x72,27503,38033,27503,38033,27503,38033,0.0,0.0,0.0,0.0,coarsest_pooled_direct,pooled_avg_pool_coarse_only,False,False,3,3,24x24,1,0,0,0,0.0,2169,2169,1,0,0,0,0.0,3015,3015,"{""cluster_0"": {""cluster_value"": 0, ""component_size_histogram"": {""2169"": 1}, ""largest_component_size"": 2169, ""num_1_cell_components"": 0, ""num_2_cell_components"": 0, ""num_components"": 1, ""smallest_component_size"": 2169, ""tiny_component_pixel_fraction"": 0.0, ""tiny_component_pixels"": 0}, ""cluster_1"": {""cluster_value"": 1, ""component_size_histogram"": {""3015"": 1}, ""largest_component_size"": 3015, ""num_1_cell_components"": 0, ""num_2_cell_components"": 0, ""num_components"": 1, ""smallest_component_size"": 3015, ""tiny_component_pixel_fraction"": 0.0, ""tiny_component_pixels"": 0}}"
feature_cluster_coarse_to_fine_global_pooled_init_coarse_only,test,163,429,0,0.0,2,0.7950323865848057,0.6040396572584322,0.5,0.8259562385167863,0.7641085346528249,0.582977294921875,0.417022705078125,2,2,0.0,0.0,ok,True,"cluster_b->texture_a,cluster_a->texture_b",cluster_b,cluster_a,0.05892731041968531,0.6040396572584322,0.7950323865848057,0.6040396572584322,1,fpn_2,fpn_2,fpn_2,72x72,27218,38318,27218,38318,27218,38318,0.0,0.0,0.0,0.0,coarsest_pooled_direct,pooled_avg_pool_coarse_only,False,False,3,3,24x24,1,0,0,0,0.0,2151,2151,1,0,0,0,0.0,3033,3033,"{""cluster_0"": {""cluster_value"": 0, ""component_size_histogram"": {""2151"": 1}, ""largest_component_size"": 2151, ""num_1_cell_components"": 0, ""num_2_cell_components"": 0, ""num_components"": 1, ""smallest_component_size"": 2151, ""tiny_component_pixel_fraction"": 0.0, ""tiny_component_pixels"": 0}, ""cluster_1"": {""cluster_value"": 1, ""component_size_histogram"": {""3033"": 1}, ""largest_component_size"": 3033, ""num_1_cell_components"": 0, ""num_2_cell_components"": 0, ""num_components"": 1, ""smallest_component_size"": 3033, ""tiny_component_pixel_fraction"": 0.0, ""tiny_component_pixels"": 0}}"
feature_cluster_coarse_to_fine_global_pooled_init_coarse_only,test,164,431,0,0.0,2,0.8843060501568933,0.7884446695545576,0.5,0.9194027864051824,0.8492093139086042,0.6864471435546875,0.3135528564453125,2,2,0.0,0.0,ok,True,"cluster_b->texture_a,cluster_a->texture_b",cluster_b,cluster_a,0.027793177966940797,0.7884446695545576,0.8843060501568933,0.7884446695545576,1,fpn_2,fpn_2,fpn_2,72x72,24004,41532,24004,41532,24004,41532,0.0,0.0,0.0,0.0,coarsest_pooled_direct,pooled_avg_pool_coarse_only,False,False,3,3,24x24,3,0,0,0,0.0,954,18,1,0,0,0,0.0,3285,3285,"{""cluster_0"": {""cluster_value"": 0, ""component_size_histogram"": {""18"": 1, ""927"": 1, ""954"": 1}, ""largest_component_size"": 954, ""num_1_cell_components"": 0, ""num_2_cell_components"": 0, ""num_components"": 3, ""smallest_component_size"": 18, ""tiny_component_pixel_fraction"": 0.0, ""tiny_component_pixels"": 0}, ""cluster_1"": {""cluster_value"": 1, ""component_size_histogram"": {""3285"": 1}, ""largest_component_size"": 3285, ""num_1_cell_components"": 0, ""num_2_cell_components"": 0, ""num_components"": 1, ""smallest_component_size"": 3285, ""tiny_component_pixel_fraction"": 0.0, ""tiny_component_pixels"": 0}}"
feature_cluster_coarse_to_fine_global_pooled_init_coarse_only,test,165,432,0,0.0,2,0.8689037423098398,0.7679618409772638,0.5,0.9163338193960143,0.8214736652236653,0.7027130126953125,0.2972869873046875,2,2,0.0,0.0,ok,True,"cluster_a->texture_a,cluster_b->texture_b",cluster_a,cluster_b,0.8689037423098398,0.7679618409772638,0.031023397739773285,0.7679618409772638,1,fpn_2,fpn_2,fpn_2,72x72,44626,20910,44626,20910,44626,20910,0.0,0.0,0.0,0.0,coarsest_pooled_direct,pooled_avg_pool_coarse_only,False,False,3,3,24x24,1,0,0,0,0.0,3528,3528,6,0,0,0,0.0,1350,27,"{""cluster_0"": {""cluster_value"": 0, ""component_size_histogram"": {""3528"": 1}, ""largest_component_size"": 3528, ""num_1_cell_components"": 0, ""num_2_cell_components"": 0, ""num_components"": 1, ""smallest_component_size"": 3528, ""tiny_component_pixel_fraction"": 0.0, ""tiny_component_pixels"": 0}, ""cluster_1"": {""cluster_value"": 1, ""component_size_histogram"": {""135"": 1, ""1350"": 1, ""27"": 1, ""36"": 2, ""72"": 1}, ""largest_component_size"": 1350, ""num_1_cell_components"": 0, ""num_2_cell_components"": 0, ""num_components"": 6, ""smallest_component_size"": 27, ""tiny_component_pixel_fraction"": 0.0, ""tiny_component_pixels"": 0}}"
feature_cluster_coarse_to_fine_global_pooled_init_coarse_only,test,166,434,0,0.0,2,0.9371493462966367,0.8755210457672798,0.5,0.931253874514666,0.9430448180786073,0.445343017578125,0.554656982421875,2,2,0.0,0.0,ok,True,"cluster_a->texture_a,cluster_b->texture_b",cluster_a,cluster_b,0.9371493462966367,0.8755210457672798,0.016298093741179853,0.8755210457672798,1,fpn_2,fpn_2,fpn_2,72x72,30005,35531,30005,35531,30005,35531,0.0,0.0,0.0,0.0,coarsest_pooled_direct,pooled_avg_pool_coarse_only,False,False,3,3,24x24,2,0,0,0,0.0,2367,9,2,0,0,0,0.0,2277,531,"{""cluster_0"": {""cluster_value"": 0, ""component_size_histogram"": {""2367"": 1, ""9"": 1}, ""largest_component_size"": 2367, ""num_1_cell_components"": 0, ""num_2_cell_components"": 0, ""num_components"": 2, ""smallest_component_size"": 9, ""tiny_component_pixel_fraction"": 0.0, ""tiny_component_pixels"": 0}, ""cluster_1"": {""cluster_value"": 1, ""component_size_histogram"": {""2277"": 1, ""531"": 1}, ""largest_component_size"": 2277, ""num_1_cell_components"": 0, ""num_2_cell_components"": 0, ""num_components"": 2, ""smallest_component_size"": 531, ""tiny_component_pixel_fraction"": 0.0, ""tiny_component_pixels"": 0}}"
feature_cluster_coarse_to_fine_global_pooled_init_coarse_only,test,167,44,0,0.0,2,0.283979733106874,0.003364210429801533,0.5,0.5172100740369715,0.050749392176776535,0.9742584228515625,0.0257415771484375,2,2,0.0,0.0,ok,True,"cluster_b->texture_a,cluster_a->texture_b",cluster_b,cluster_a,0.23571456348475794,0.003364210429801533,0.283979733106874,0.003364210429801533,1,fpn_2,fpn_2,fpn_2,72x72,32455,33081,32455,33081,32455,33081,0.0,0.0,0.0,0.0,coarsest_pooled_direct,pooled_avg_pool_coarse_only,False,False,3,3,24x24,1,0,0,0,0.0,2556,2556,1,0,0,0,0.0,2628,2628,"{""cluster_0"": {""cluster_value"": 0, ""component_size_histogram"": {""2556"": 1}, ""largest_component_size"": 2556, ""num_1_cell_components"": 0, ""num_2_cell_components"": 0, ""num_components"": 1, ""smallest_component_size"": 2556, ""tiny_component_pixel_fraction"": 0.0, ""tiny_component_pixels"": 0}, ""cluster_1"": {""cluster_value"": 1, ""component_size_histogram"": {""2628"": 1}, ""largest_component_size"": 2628, ""num_1_cell_components"": 0, ""num_2_cell_components"": 0, ""num_components"": 1, ""smallest_component_size"": 2628, ""tiny_component_pixel_fraction"": 0.0, ""tiny_component_pixels"": 0}}"
feature_cluster_coarse_to_fine_global_pooled_init_coarse_only,test,168,440,0,0.0,2,0.28987884521484375,-0.08119946732781326,0.526994260350109,0.5797576904296875,0.0,0.8641510009765625,0.1898375197236556,2,1,0.0,0.0,ok,True,"cluster_a->texture_a,cluster_b->texture_b",cluster_a,cluster_b,0.28987884521484375,-0.08119946732781326,0.25946946351517475,-0.08119946732781326,1,fpn_2,fpn_2,fpn_2,72x72,46898,18638,46898,18638,46898,18638,0.0,0.0,0.0,0.0,coarsest_pooled_direct,pooled_avg_pool_coarse_only,False,False,3,3,24x24,1,0,0,0,0.0,3717,3717,2,0,0,0,0.0,1458,9,"{""cluster_0"": {""cluster_value"": 0, ""component_size_histogram"": {""3717"": 1}, ""largest_component_size"": 3717, ""num_1_cell_components"": 0, ""num_2_cell_components"": 0, ""num_components"": 1, ""smallest_component_size"": 3717, ""tiny_component_pixel_fraction"": 0.0, ""tiny_component_pixels"": 0}, ""cluster_1"": {""cluster_value"": 1, ""component_size_histogram"": {""1458"": 1, ""9"": 1}, ""largest_component_size"": 1458, ""num_1_cell_components"": 0, ""num_2_cell_components"": 0, ""num_components"": 2, ""smallest_component_size"": 9, ""tiny_component_pixel_fraction"": 0.0, ""tiny_component_pixels"": 0}}"
feature_cluster_coarse_to_fine_global_pooled_init_coarse_only,test,169,441,0,0.0,2,0.824634478647267,0.7378514726003131,0.5,0.7150231124807396,0.9342458448137944,0.141754150390625,0.858245849609375,2,2,0.0,0.0,ok,True,"cluster_a->texture_a,cluster_b->texture_b",cluster_a,cluster_b,0.824634478647267,0.7378514726003131,0.02822909387918689,0.7378514726003131,1,fpn_2,fpn_2,fpn_2,72x72,12971,52565,12971,52565,12971,52565,0.0,0.0,0.0,0.0,coarsest_pooled_direct,pooled_avg_pool_coarse_only,False,False,3,3,24x24,1,0,0,0,0.0,1026,1026,1,0,0,0,0.0,4158,4158,"{""cluster_0"": {""cluster_value"": 0, ""component_size_histogram"": {""1026"": 1}, ""largest_component_size"": 1026, ""num_1_cell_components"": 0, ""num_2_cell_components"": 0, ""num_components"": 1, ""smallest_component_size"": 1026, ""tiny_component_pixel_fraction"": 0.0, ""tiny_component_pixels"": 0}, ""cluster_1"": {""cluster_value"": 1, ""component_size_histogram"": {""4158"": 1}, ""largest_component_size"": 4158, ""num_1_cell_components"": 0, ""num_2_cell_components"": 0, ""num_components"": 1, ""smallest_component_size"": 4158, ""tiny_component_pixel_fraction"": 0.0, ""tiny_component_pixels"": 0}}"
feature_cluster_coarse_to_fine_global_pooled_init_coarse_only,test,170,442,0,0.0,2,0.8346240803818836,0.7262477562734373,0.5,0.7573907455012854,0.911857415262482,0.215911865234375,0.784088134765625,2,2,0.0,0.0,ok,True,"cluster_b->texture_a,cluster_a->texture_b",cluster_b,cluster_a,0.03456989274937678,0.7262477562734373,0.8346240803818836,0.7262477562734373,1,fpn_2,fpn_2,fpn_2,72x72,46872,18664,46872,18664,46872,18664,0.0,0.0,0.0,0.0,coarsest_pooled_direct,pooled_avg_pool_coarse_only,False,False,3,3,24x24,2,0,0,0,0.0,3699,9,3,0,0,0,0.0,1458,9,"{""cluster_0"": {""cluster_value"": 0, ""component_size_histogram"": {""3699"": 1, ""9"": 1}, ""largest_component_size"": 3699, ""num_1_cell_components"": 0, ""num_2_cell_components"": 0, ""num_components"": 2, ""smallest_component_size"": 9, ""tiny_component_pixel_fraction"": 0.0, ""tiny_component_pixels"": 0}, ""cluster_1"": {""cluster_value"": 1, ""component_size_histogram"": {""1458"": 1, ""9"": 2}, ""largest_component_size"": 1458, ""num_1_cell_components"": 0, ""num_2_cell_components"": 0, ""num_components"": 3, ""smallest_component_size"": 9, ""tiny_component_pixel_fraction"": 0.0, ""tiny_component_pixels"": 0}}"
feature_cluster_coarse_to_fine_global_pooled_init_coarse_only,test,171,443,0,0.0,2,0.855528630653182,0.7322689844795738,0.5,0.8952646861737771,0.815792575132587,0.64019775390625,0.35980224609375,2,2,0.0,0.0,ok,True,"cluster_a->texture_a,cluster_b->texture_b",cluster_a,cluster_b,0.855528630653182,0.7322689844795738,0.037048352164705194,0.7322689844795738,1,fpn_2,fpn_2,fpn_2,72x72,42895,22641,42895,22641,42895,22641,0.0,0.0,0.0,0.0,coarsest_pooled_direct,pooled_avg_pool_coarse_only,False,False,3,3,24x24,3,0,0,0,0.0,3339,9,6,0,0,0,0.0,666,9,"{""cluster_0"": {""cluster_value"": 0, ""component_size_histogram"": {""3339"": 1, ""36"": 1, ""9"": 1}, ""largest_component_size"": 3339, ""num_1_cell_components"": 0, ""num_2_cell_components"": 0, ""num_components"": 3, ""smallest_component_size"": 9, ""tiny_component_pixel_fraction"": 0.0, ""tiny_component_pixels"": 0}, ""cluster_1"": {""cluster_value"": 1, ""component_size_histogram"": {""27"": 1, ""477"": 1, ""612"": 1, ""666"": 1, ""9"": 2}, ""largest_component_size"": 666, ""num_1_cell_components"": 0, ""num_2_cell_components"": 0, ""num_components"": 6, ""smallest_component_size"": 9, ""tiny_component_pixel_fraction"": 0.0, ""tiny_component_pixels"": 0}}"
feature_cluster_coarse_to_fine_global_pooled_init_coarse_only,test,172,444,0,0.0,2,0.8621237051478078,0.7621072684696342,0.5,0.9175894028871391,0.8066580074084765,0.741607666015625,0.258392333984375,2,2,0.0,0.0,ok,True,"cluster_b->texture_a,cluster_a->texture_b",cluster_b,cluster_a,0.030816294763012682,0.7621072684696342,0.8621237051478078,0.7621072684696342,1,fpn_2,fpn_2,fpn_2,72x72,20621,44915,20621,44915,20621,44915,0.0,0.0,0.0,0.0,coarsest_pooled_direct,pooled_avg_pool_coarse_only,False,False,3,3,24x24,1,0,0,0,0.0,1629,1629,2,0,0,0,0.0,3546,9,"{""cluster_0"": {""cluster_value"": 0, ""component_size_histogram"": {""1629"": 1}, ""largest_component_size"": 1629, ""num_1_cell_components"": 0, ""num_2_cell_components"": 0, ""num_components"": 1, ""smallest_component_size"": 1629, ""tiny_component_pixel_fraction"": 0.0, ""tiny_component_pixels"": 0}, ""cluster_1"": {""cluster_value"": 1, ""component_size_histogram"": {""3546"": 1, ""9"": 1}, ""largest_component_size"": 3546, ""num_1_cell_components"": 0, ""num_2_cell_components"": 0, ""num_components"": 2, ""smallest_component_size"": 9, ""tiny_component_pixel_fraction"": 0.0, ""tiny_component_pixels"": 0}}"
feature_cluster_coarse_to_fine_global_pooled_init_coarse_only,test,173,447,0,0.0,2,0.9011565566006827,0.8235324552139544,0.5,0.9355509355509356,0.8667621776504298,0.6913909912109375,0.3086090087890625,2,2,0.0,0.0,ok,True,"cluster_b->texture_a,cluster_a->texture_b",cluster_b,cluster_a,0.02314014891918878,0.8235324552139544,0.9011565566006827,0.8235324552139544,1,fpn_2,fpn_2,fpn_2,72x72,21471,44065,21471,44065,21471,44065,0.0,0.0,0.0,0.0,coarsest_pooled_direct,pooled_avg_pool_coarse_only,False,False,3,3,24x24,2,0,0,0,0.0,873,828,1,0,0,0,0.0,3483,3483,"{""cluster_0"": {""cluster_value"": 0, ""component_size_histogram"": {""828"": 1, ""873"": 1}, ""largest_component_size"": 873, ""num_1_cell_components"": 0, ""num_2_cell_components"": 0, ""num_components"": 2, ""smallest_component_size"": 828, ""tiny_component_pixel_fraction"": 0.0, ""tiny_component_pixels"": 0}, ""cluster_1"": {""cluster_value"": 1, ""component_size_histogram"": {""3483"": 1}, ""largest_component_size"": 3483, ""num_1_cell_components"": 0, ""num_2_cell_components"": 0, ""num_components"": 1, ""smallest_component_size"": 3483, ""tiny_component_pixel_fraction"": 0.0, ""tiny_component_pixels"": 0}}"
feature_cluster_coarse_to_fine_global_pooled_init_coarse_only,test,174,448,0,0.0,2,0.9211423564454926,0.8425518965306872,0.5,0.9215468968735417,0.9207378160174435,0.5211334228515625,0.4788665771484375,2,2,0.0,0.0,ok,True,"cluster_b->texture_a,cluster_a->texture_b",cluster_b,cluster_a,0.02060509226696152,0.8425518965306872,0.9211423564454926,0.8425518965306872,1,fpn_2,fpn_2,fpn_2,72x72,33803,31733,33803,31733,33803,31733,0.0,0.0,0.0,0.0,coarsest_pooled_direct,pooled_avg_pool_coarse_only,False,False,3,3,24x24,1,0,0,0,0.0,2673,2673,1,0,0,0,0.0,2511,2511,"{""cluster_0"": {""cluster_value"": 0, ""component_size_histogram"": {""2673"": 1}, ""largest_component_size"": 2673, ""num_1_cell_components"": 0, ""num_2_cell_components"": 0, ""num_components"": 1, ""smallest_component_size"": 2673, ""tiny_component_pixel_fraction"": 0.0, ""tiny_component_pixels"": 0}, ""cluster_1"": {""cluster_value"": 1, ""component_size_histogram"": {""2511"": 1}, ""largest_component_size"": 2511, ""num_1_cell_components"": 0, ""num_2_cell_components"": 0, ""num_components"": 1, ""smallest_component_size"": 2511, ""tiny_component_pixel_fraction"": 0.0, ""tiny_component_pixels"": 0}}"
feature_cluster_coarse_to_fine_global_pooled_init_coarse_only,test,175,449,0,0.0,2,0.9272381285315656,0.8547535628595205,0.5,0.9288611454707592,0.925615111592372,0.524017333984375,0.475982666015625,2,2,0.0,0.0,ok,True,"cluster_b->texture_a,cluster_a->texture_b",cluster_b,cluster_a,0.019072534184889165,0.8547535628595205,0.9272381285315656,0.8547535628595205,1,fpn_2,fpn_2,fpn_2,72x72,32825,32711,32825,32711,32825,32711,0.0,0.0,0.0,0.0,coarsest_pooled_direct,pooled_avg_pool_coarse_only,False,False,3,3,24x24,1,0,0,0,0.0,2601,2601,1,0,0,0,0.0,2583,2583,"{""cluster_0"": {""cluster_value"": 0, ""component_size_histogram"": {""2601"": 1}, ""largest_component_size"": 2601, ""num_1_cell_components"": 0, ""num_2_cell_components"": 0, ""num_components"": 1, ""smallest_component_size"": 2601, ""tiny_component_pixel_fraction"": 0.0, ""tiny_component_pixels"": 0}, ""cluster_1"": {""cluster_value"": 1, ""component_size_histogram"": {""2583"": 1}, ""largest_component_size"": 2583, ""num_1_cell_components"": 0, ""num_2_cell_components"": 0, ""num_components"": 1, ""smallest_component_size"": 2583, ""tiny_component_pixel_fraction"": 0.0, ""tiny_component_pixels"": 0}}"
feature_cluster_coarse_to_fine_global_pooled_init_coarse_only,test,176,45,0,0.0,2,0.9827010769346924,0.9675284497127823,0.8057098388671875,0.9871306694943848,0.978271484375,0.633148193359375,0.978271484375,2,1,0.0,0.0,ok,True,"cluster_a->texture_a,cluster_b->texture_b",cluster_a,cluster_b,0.9827010769346924,0.9675284497127823,0.0040740966796875,0.9675284497127823,1,fpn_2,fpn_2,fpn_2,72x72,40960,24576,40960,24576,40960,24576,0.0,0.0,0.0,0.0,coarsest_pooled_direct,pooled_avg_pool_coarse_only,False,False,3,3,24x24,1,0,0,0,0.0,3240,3240,1,0,0,0,0.0,1944,1944,"{""cluster_0"": {""cluster_value"": 0, ""component_size_histogram"": {""3240"": 1}, ""largest_component_size"": 3240, ""num_1_cell_components"": 0, ""num_2_cell_components"": 0, ""num_components"": 1, ""smallest_component_size"": 3240, ""tiny_component_pixel_fraction"": 0.0, ""tiny_component_pixels"": 0}, ""cluster_1"": {""cluster_value"": 1, ""component_size_histogram"": {""1944"": 1}, ""largest_component_size"": 1944, ""num_1_cell_components"": 0, ""num_2_cell_components"": 0, ""num_components"": 1, ""smallest_component_size"": 1944, ""tiny_component_pixel_fraction"": 0.0, ""tiny_component_pixels"": 0}}"
feature_cluster_coarse_to_fine_global_pooled_init_coarse_only,test,177,450,0,0.0,2,0.9148063793921453,0.8335839470273995,0.5,0.9274325012735609,0.9021802575107296,0.59649658203125,0.40350341796875,2,2,0.0,0.0,ok,True,"cluster_b->texture_a,cluster_a->texture_b",cluster_b,cluster_a,0.021843385086111937,0.8335839470273995,0.9148063793921453,0.8335839470273995,1,fpn_2,fpn_2,fpn_2,72x72,28957,36579,28957,36579,28957,36579,0.0,0.0,0.0,0.0,coarsest_pooled_direct,pooled_avg_pool_coarse_only,False,False,3,3,24x24,1,0,0,0,0.0,2286,2286,1,0,0,0,0.0,2898,2898,"{""cluster_0"": {""cluster_value"": 0, ""component_size_histogram"": {""2286"": 1}, ""largest_component_size"": 2286, ""num_1_cell_components"": 0, ""num_2_cell_components"": 0, ""num_components"": 1, ""smallest_component_size"": 2286, ""tiny_component_pixel_fraction"": 0.0, ""tiny_component_pixels"": 0}, ""cluster_1"": {""cluster_value"": 1, ""component_size_histogram"": {""2898"": 1}, ""largest_component_size"": 2898, ""num_1_cell_components"": 0, ""num_2_cell_components"": 0, ""num_components"": 1, ""smallest_component_size"": 2898, ""tiny_component_pixel_fraction"": 0.0, ""tiny_component_pixels"": 0}}"
feature_cluster_coarse_to_fine_global_pooled_init_coarse_only,test,178,451,0,0.0,2,0.40641416409520303,0.009204631378136905,0.5,0.35837879603830575,0.4544495321521003,0.2512969970703125,0.7487030029296875,2,2,0.0,0.0,ok,True,"cluster_b->texture_a,cluster_a->texture_b",cluster_b,cluster_a,0.21861010108198042,0.009204631378136905,0.40641416409520303,0.009204631378136905,1,fpn_2,fpn_2,fpn_2,72x72,23990,41546,23990,41546,23990,41546,0.0,0.0,0.0,0.0,coarsest_pooled_direct,pooled_avg_pool_coarse_only,False,False,3,3,24x24,1,0,0,0,0.0,1890,1890,1,0,0,0,0.0,3294,3294,"{""cluster_0"": {""cluster_value"": 0, ""component_size_histogram"": {""1890"": 1}, ""largest_component_size"": 1890, ""num_1_cell_components"": 0, ""num_2_cell_components"": 0, ""num_components"": 1, ""smallest_component_size"": 1890, ""tiny_component_pixel_fraction"": 0.0, ""tiny_component_pixels"": 0}, ""cluster_1"": {""cluster_value"": 1, ""component_size_histogram"": {""3294"": 1}, ""largest_component_size"": 3294, ""num_1_cell_components"": 0, ""num_2_cell_components"": 0, ""num_components"": 1, ""smallest_component_size"": 3294, ""tiny_component_pixel_fraction"": 0.0, ""tiny_component_pixels"": 0}}"
feature_cluster_coarse_to_fine_global_pooled_init_coarse_only,test,179,452,0,0.0,2,0.9365254593252714,0.8775831580809089,0.5,0.9244566210045662,0.9485942976459768,0.391815185546875,0.608184814453125,2,2,0.0,0.0,ok,True,"cluster_b->texture_a,cluster_a->texture_b",cluster_b,cluster_a,0.015926540641151735,0.8775831580809089,0.9365254593252714,0.8775831580809089,1,fpn_2,fpn_2,fpn_2,72x72,38532,27004,38532,27004,38532,27004,0.0,0.0,0.0,0.0,coarsest_pooled_direct,pooled_avg_pool_coarse_only,False,False,3,3,24x24,1,0,0,0,0.0,3060,3060,1,0,0,0,0.0,2124,2124,"{""cluster_0"": {""cluster_value"": 0, ""component_size_histogram"": {""3060"": 1}, ""largest_component_size"": 3060, ""num_1_cell_components"": 0, ""num_2_cell_components"": 0, ""num_components"": 1, ""smallest_component_size"": 3060, ""tiny_component_pixel_fraction"": 0.0, ""tiny_component_pixels"": 0}, ""cluster_1"": {""cluster_value"": 1, ""component_size_histogram"": {""2124"": 1}, ""largest_component_size"": 2124, ""num_1_cell_components"": 0, ""num_2_cell_components"": 0, ""num_components"": 1, ""smallest_component_size"": 2124, ""tiny_component_pixel_fraction"": 0.0, ""tiny_component_pixels"": 0}}"
feature_cluster_coarse_to_fine_global_pooled_init_coarse_only,test,180,453,0,0.0,2,0.8409258496728877,0.7033084075545261,0.5,0.8819049758508368,0.7999467234949388,0.67388916015625,0.32611083984375,2,2,0.0,0.0,ok,True,"cluster_b->texture_a,cluster_a->texture_b",cluster_b,cluster_a,0.04052596353764494,0.7033084075545261,0.8409258496728877,0.7033084075545261,1,fpn_2,fpn_2,fpn_2,72x72,25927,39609,25927,39609,25927,39609,0.0,0.0,0.0,0.0,coarsest_pooled_direct,pooled_avg_pool_coarse_only,False,False,3,3,24x24,3,0,0,0,0.0,1953,9,1,0,0,0,0.0,3141,3141,"{""cluster_0"": {""cluster_value"": 0, ""component_size_histogram"": {""1953"": 1, ""81"": 1, ""9"": 1}, ""largest_component_size"": 1953, ""num_1_cell_components"": 0, ""num_2_cell_components"": 0, ""num_components"": 3, ""smallest_component_size"": 9, ""tiny_component_pixel_fraction"": 0.0, ""tiny_component_pixels"": 0}, ""cluster_1"": {""cluster_value"": 1, ""component_size_histogram"": {""3141"": 1}, ""largest_component_size"": 3141, ""num_1_cell_components"": 0, ""num_2_cell_components"": 0, ""num_components"": 1, ""smallest_component_size"": 3141, ""tiny_component_pixel_fraction"": 0.0, ""tiny_component_pixels"": 0}}"
feature_cluster_coarse_to_fine_global_pooled_init_coarse_only,test,181,455,0,0.0,2,0.308448112084042,-6.216336778091568e-06,0.5,0.44193785088991655,0.1749583732781674,0.7893218994140625,0.2106781005859375,2,2,0.0,0.0,ok,True,"cluster_a->texture_a,cluster_b->texture_b",cluster_a,cluster_b,0.308448112084042,-6.216336778091568e-06,0.30669879484854146,-6.216336778091568e-06,1,fpn_2,fpn_2,fpn_2,72x72,32770,32766,32770,32766,32770,32766,0.0,0.0,0.0,0.0,coarsest_pooled_direct,pooled_avg_pool_coarse_only,False,False,3,3,24x24,2,0,0,0,0.0,2583,18,1,0,0,0,0.0,2583,2583,"{""cluster_0"": {""cluster_value"": 0, ""component_size_histogram"": {""18"": 1, ""2583"": 1}, ""largest_component_size"": 2583, ""num_1_cell_components"": 0, ""num_2_cell_components"": 0, ""num_components"": 2, ""smallest_component_size"": 18, ""tiny_component_pixel_fraction"": 0.0, ""tiny_component_pixels"": 0}, ""cluster_1"": {""cluster_value"": 1, ""component_size_histogram"": {""2583"": 1}, ""largest_component_size"": 2583, ""num_1_cell_components"": 0, ""num_2_cell_components"": 0, ""num_components"": 1, ""smallest_component_size"": 2583, ""tiny_component_pixel_fraction"": 0.0, ""tiny_component_pixels"": 0}}"
feature_cluster_coarse_to_fine_global_pooled_init_coarse_only,test,182,456,0,0.0,2,0.8988465070189987,0.8066884154042512,0.5,0.9201142253791514,0.877578788658846,0.625335693359375,0.374664306640625,2,2,0.0,0.0,ok,True,"cluster_a->texture_a,cluster_b->texture_b",cluster_a,cluster_b,0.8988465070189987,0.8066884154042512,0.025833367878932742,0.8066884154042512,1,fpn_2,fpn_2,fpn_2,72x72,39033,26503,39033,26503,39033,26503,0.0,0.0,0.0,0.0,coarsest_pooled_direct,pooled_avg_pool_coarse_only,False,False,3,3,24x24,5,0,0,0,0.0,3015,9,1,0,0,0,0.0,2097,2097,"{""cluster_0"": {""cluster_value"": 0, ""component_size_histogram"": {""3015"": 1, ""45"": 1, ""9"": 3}, ""largest_component_size"": 3015, ""num_1_cell_components"": 0, ""num_2_cell_components"": 0, ""num_components"": 5, ""smallest_component_size"": 9, ""tiny_component_pixel_fraction"": 0.0, ""tiny_component_pixels"": 0}, ""cluster_1"": {""cluster_value"": 1, ""component_size_histogram"": {""2097"": 1}, ""largest_component_size"": 2097, ""num_1_cell_components"": 0, ""num_2_cell_components"": 0, ""num_components"": 1, ""smallest_component_size"": 2097, ""tiny_component_pixel_fraction"": 0.0, ""tiny_component_pixels"": 0}}"
feature_cluster_coarse_to_fine_global_pooled_init_coarse_only,test,183,457,0,0.0,2,0.9507046535485313,0.9111624951270252,0.5,0.9343170131902526,0.9670922939068101,0.330963134765625,0.669036865234375,2,2,0.0,0.0,ok,True,"cluster_a->texture_a,cluster_b->texture_b",cluster_a,cluster_b,0.9507046535485313,0.9111624951270252,0.011333780652710398,0.9111624951270252,1,fpn_2,fpn_2,fpn_2,72x72,21571,43965,21571,43965,21571,43965,0.0,0.0,0.0,0.0,coarsest_pooled_direct,pooled_avg_pool_coarse_only,False,False,3,3,24x24,1,0,0,0,0.0,1710,1710,1,0,0,0,0.0,3474,3474,"{""cluster_0"": {""cluster_value"": 0, ""component_size_histogram"": {""1710"": 1}, ""largest_component_size"": 1710, ""num_1_cell_components"": 0, ""num_2_cell_components"": 0, ""num_components"": 1, ""smallest_component_size"": 1710, ""tiny_component_pixel_fraction"": 0.0, ""tiny_component_pixels"": 0}, ""cluster_1"": {""cluster_value"": 1, ""component_size_histogram"": {""3474"": 1}, ""largest_component_size"": 3474, ""num_1_cell_components"": 0, ""num_2_cell_components"": 0, ""num_components"": 1, ""smallest_component_size"": 3474, ""tiny_component_pixel_fraction"": 0.0, ""tiny_component_pixels"": 0}}"
feature_cluster_coarse_to_fine_global_pooled_init_coarse_only,test,184,461,0,0.0,2,0.8649258064006365,0.7349254633460884,0.5,0.8808510638297873,0.8490005489714858,0.597412109375,0.402587890625,2,2,0.0,0.0,ok,True,"cluster_a->texture_a,cluster_b->texture_b",cluster_a,cluster_b,0.8649258064006365,0.7349254633460884,0.03577808694768881,0.7349254633460884,1,fpn_2,fpn_2,fpn_2,72x72,34662,30874,34662,30874,34662,30874,0.0,0.0,0.0,0.0,coarsest_pooled_direct,pooled_avg_pool_coarse_only,False,False,3,3,24x24,1,0,0,0,0.0,2745,2745,1,0,0,0,0.0,2439,2439,"{""cluster_0"": {""cluster_value"": 0, ""component_size_histogram"": {""2745"": 1}, ""largest_component_size"": 2745, ""num_1_cell_components"": 0, ""num_2_cell_components"": 0, ""num_components"": 1, ""smallest_component_size"": 2745, ""tiny_component_pixel_fraction"": 0.0, ""tiny_component_pixels"": 0}, ""cluster_1"": {""cluster_value"": 1, ""component_size_histogram"": {""2439"": 1}, ""largest_component_size"": 2439, ""num_1_cell_components"": 0, ""num_2_cell_components"": 0, ""num_components"": 1, ""smallest_component_size"": 2439, ""tiny_component_pixel_fraction"": 0.0, ""tiny_component_pixels"": 0}}"
feature_cluster_coarse_to_fine_global_pooled_init_coarse_only,test,185,463,0,0.0,2,0.8968931782912708,0.8324313080199858,0.5,0.9475040320994453,0.8462823244830963,0.7734375,0.2265625,2,2,0.0,0.0,ok,True,"cluster_b->texture_a,cluster_a->texture_b",cluster_b,cluster_a,0.020454937216639147,0.8324313080199858,0.8968931782912708,0.8324313080199858,1,fpn_2,fpn_2,fpn_2,72x72,17209,48327,17209,48327,17209,48327,0.0,0.0,0.0,0.0,coarsest_pooled_direct,pooled_avg_pool_coarse_only,False,False,3,3,24x24,2,0,0,0,0.0,1026,333,1,0,0,0,0.0,3825,3825,"{""cluster_0"": {""cluster_value"": 0, ""component_size_histogram"": {""1026"": 1, ""333"": 1}, ""largest_component_size"": 1026, ""num_1_cell_components"": 0, ""num_2_cell_components"": 0, ""num_components"": 2, ""smallest_component_size"": 333, ""tiny_component_pixel_fraction"": 0.0, ""tiny_component_pixels"": 0}, ""cluster_1"": {""cluster_value"": 1, ""component_size_histogram"": {""3825"": 1}, ""largest_component_size"": 3825, ""num_1_cell_components"": 0, ""num_2_cell_components"": 0, ""num_components"": 1, ""smallest_component_size"": 3825, ""tiny_component_pixel_fraction"": 0.0, ""tiny_component_pixels"": 0}}"
feature_cluster_coarse_to_fine_global_pooled_init_coarse_only,test,186,464,0,0.0,2,0.9705349119618839,0.94329773021143,0.5,0.976367471997589,0.9647023519261788,0.5979766845703125,0.4020233154296875,2,2,0.0,0.0,ok,True,"cluster_a->texture_a,cluster_b->texture_b",cluster_a,cluster_b,0.9705349119618839,0.94329773021143,0.007225283485969834,0.94329773021143,1,fpn_2,fpn_2,fpn_2,72x72,39506,26030,39506,26030,39506,26030,0.0,0.0,0.0,0.0,coarsest_pooled_direct,pooled_avg_pool_coarse_only,False,False,3,3,24x24,1,0,0,0,0.0,3123,3123,1,0,0,0,0.0,2061,2061,"{""cluster_0"": {""cluster_value"": 0, ""component_size_histogram"": {""3123"": 1}, ""largest_component_size"": 3123, ""num_1_cell_components"": 0, ""num_2_cell_components"": 0, ""num_components"": 1, ""smallest_component_size"": 3123, ""tiny_component_pixel_fraction"": 0.0, ""tiny_component_pixels"": 0}, ""cluster_1"": {""cluster_value"": 1, ""component_size_histogram"": {""2061"": 1}, ""largest_component_size"": 2061, ""num_1_cell_components"": 0, ""num_2_cell_components"": 0, ""num_components"": 1, ""smallest_component_size"": 2061, ""tiny_component_pixel_fraction"": 0.0, ""tiny_component_pixels"": 0}}"
feature_cluster_coarse_to_fine_global_pooled_init_coarse_only,test,187,465,0,0.0,2,0.5150910203275899,0.15619352455706675,0.5,0.6151021835418448,0.4150798571133351,0.778533935546875,0.221466064453125,2,2,0.0,0.0,ok,True,"cluster_b->texture_a,cluster_a->texture_b",cluster_b,cluster_a,0.15364362603394355,0.15619352455706675,0.5150910203275899,0.15619352455706675,1,fpn_2,fpn_2,fpn_2,72x72,33419,32117,33419,32117,33419,32117,0.0,0.0,0.0,0.0,coarsest_pooled_direct,pooled_avg_pool_coarse_only,False,False,3,3,24x24,1,0,0,0,0.0,2646,2646,4,0,0,0,0.0,2493,9,"{""cluster_0"": {""cluster_value"": 0, ""component_size_histogram"": {""2646"": 1}, ""largest_component_size"": 2646, ""num_1_cell_components"": 0, ""num_2_cell_components"": 0, ""num_components"": 1, ""smallest_component_size"": 2646, ""tiny_component_pixel_fraction"": 0.0, ""tiny_component_pixels"": 0}, ""cluster_1"": {""cluster_value"": 1, ""component_size_histogram"": {""18"": 2, ""2493"": 1, ""9"": 1}, ""largest_component_size"": 2493, ""num_1_cell_components"": 0, ""num_2_cell_components"": 0, ""num_components"": 4, ""smallest_component_size"": 9, ""tiny_component_pixel_fraction"": 0.0, ""tiny_component_pixels"": 0}}"
feature_cluster_coarse_to_fine_global_pooled_init_coarse_only,test,188,466,0,0.0,2,0.4942703834415702,0.16675964691803757,0.5,0.3279808437213888,0.6605599231617516,0.142303466796875,0.857696533203125,2,2,0.0,0.0,ok,True,"cluster_a->texture_a,cluster_b->texture_b",cluster_a,cluster_b,0.4942703834415702,0.16675964691803757,0.1456635928870426,0.16675964691803757,1,fpn_2,fpn_2,fpn_2,72x72,28386,37150,28386,37150,28386,37150,0.0,0.0,0.0,0.0,coarsest_pooled_direct,pooled_avg_pool_coarse_only,False,False,3,3,24x24,1,0,0,0,0.0,2250,2250,2,0,0,0,0.0,2925,9,"{""cluster_0"": {""cluster_value"": 0, ""component_size_histogram"": {""2250"": 1}, ""largest_component_size"": 2250, ""num_1_cell_components"": 0, ""num_2_cell_components"": 0, ""num_components"": 1, ""smallest_component_size"": 2250, ""tiny_component_pixel_fraction"": 0.0, ""tiny_component_pixels"": 0}, ""cluster_1"": {""cluster_value"": 1, ""component_size_histogram"": {""2925"": 1, ""9"": 1}, ""largest_component_size"": 2925, ""num_1_cell_components"": 0, ""num_2_cell_components"": 0, ""num_components"": 2, ""smallest_component_size"": 9, ""tiny_component_pixel_fraction"": 0.0, ""tiny_component_pixels"": 0}}"
feature_cluster_coarse_to_fine_global_pooled_init_coarse_only,test,189,467,0,0.0,2,0.8322457006103299,0.6822482864536513,0.5,0.7951841972460529,0.8693072039746067,0.3629150390625,0.6370849609375,2,2,0.0,0.0,ok,True,"cluster_a->texture_a,cluster_b->texture_b",cluster_a,cluster_b,0.8322457006103299,0.6822482864536513,0.04501148157579237,0.6822482864536513,1,fpn_2,fpn_2,fpn_2,72x72,26018,39518,26018,39518,26018,39518,0.0,0.0,0.0,0.0,coarsest_pooled_direct,pooled_avg_pool_coarse_only,False,False,3,3,24x24,11,0,0,0,0.0,1890,9,4,0,0,0,0.0,2457,9,"{""cluster_0"": {""cluster_value"": 0, ""component_size_histogram"": {""18"": 3, ""1890"": 1, ""27"": 1, ""36"": 1, ""9"": 5}, ""largest_component_size"": 1890, ""num_1_cell_components"": 0, ""num_2_cell_components"": 0, ""num_components"": 11, ""smallest_component_size"": 9, ""tiny_component_pixel_fraction"": 0.0, ""tiny_component_pixels"": 0}, ""cluster_1"": {""cluster_value"": 1, ""component_size_histogram"": {""2457"": 1, ""324"": 1, ""342"": 1, ""9"": 1}, ""largest_component_size"": 2457, ""num_1_cell_components"": 0, ""num_2_cell_components"": 0, ""num_components"": 4, ""smallest_component_size"": 9, ""tiny_component_pixel_fraction"": 0.0, ""tiny_component_pixels"": 0}}"
feature_cluster_coarse_to_fine_global_pooled_init_coarse_only,test,190,468,0,0.0,2,0.9313367409993011,0.8639658265404698,0.5,0.9375810635538262,0.925092418444776,0.5507965087890625,0.4492034912109375,2,2,0.0,0.0,ok,True,"cluster_a->texture_a,cluster_b->texture_b",cluster_a,cluster_b,0.9313367409993011,0.8639658265404698,0.017925969339870236,0.8639658265404698,1,fpn_2,fpn_2,fpn_2,72x72,35609,29927,35609,29927,35609,29927,0.0,0.0,0.0,0.0,coarsest_pooled_direct,pooled_avg_pool_coarse_only,False,False,3,3,24x24,2,0,0,0,0.0,2808,9,1,0,0,0,0.0,2367,2367,"{""cluster_0"": {""cluster_value"": 0, ""component_size_histogram"": {""2808"": 1, ""9"": 1}, ""largest_component_size"": 2808, ""num_1_cell_components"": 0, ""num_2_cell_components"": 0, ""num_components"": 2, ""smallest_component_size"": 9, ""tiny_component_pixel_fraction"": 0.0, ""tiny_component_pixels"": 0}, ""cluster_1"": {""cluster_value"": 1, ""component_size_histogram"": {""2367"": 1}, ""largest_component_size"": 2367, ""num_1_cell_components"": 0, ""num_2_cell_components"": 0, ""num_components"": 1, ""smallest_component_size"": 2367, ""tiny_component_pixel_fraction"": 0.0, ""tiny_component_pixels"": 0}}"
feature_cluster_coarse_to_fine_global_pooled_init_coarse_only,test,191,469,0,0.0,2,0.8791345382170578,0.7763369550599055,0.5,0.8452295121365057,0.9130395642976099,0.341339111328125,0.658660888671875,2,2,0.0,0.0,ok,True,"cluster_a->texture_a,cluster_b->texture_b",cluster_a,cluster_b,0.8791345382170578,0.7763369550599055,0.03026976189573495,0.7763369550599055,1,fpn_2,fpn_2,fpn_2,72x72,23698,41838,23698,41838,23698,41838,0.0,0.0,0.0,0.0,coarsest_pooled_direct,pooled_avg_pool_coarse_only,False,False,3,3,24x24,2,0,0,0,0.0,1467,414,1,0,0,0,0.0,3303,3303,"{""cluster_0"": {""cluster_value"": 0, ""component_size_histogram"": {""1467"": 1, ""414"": 1}, ""largest_component_size"": 1467, ""num_1_cell_components"": 0, ""num_2_cell_components"": 0, ""num_components"": 2, ""smallest_component_size"": 414, ""tiny_component_pixel_fraction"": 0.0, ""tiny_component_pixels"": 0}, ""cluster_1"": {""cluster_value"": 1, ""component_size_histogram"": {""3303"": 1}, ""largest_component_size"": 3303, ""num_1_cell_components"": 0, ""num_2_cell_components"": 0, ""num_components"": 1, ""smallest_component_size"": 3303, ""tiny_component_pixel_fraction"": 0.0, ""tiny_component_pixels"": 0}}"
feature_cluster_coarse_to_fine_global_pooled_init_coarse_only,test,192,47,0,0.0,2,0.9376443125059751,0.8756453373277263,0.5,0.9403260099220411,0.9349626150899092,0.521728515625,0.478271484375,2,2,0.0,0.0,ok,True,"cluster_b->texture_a,cluster_a->texture_b",cluster_b,cluster_a,0.016321784786648103,0.8756453373277263,0.9376443125059751,0.8756453373277263,1,fpn_2,fpn_2,fpn_2,72x72,31283,34253,31283,34253,31283,34253,0.0,0.0,0.0,0.0,coarsest_pooled_direct,pooled_avg_pool_coarse_only,False,False,3,3,24x24,1,0,0,0,0.0,2475,2475,1,0,0,0,0.0,2709,2709,"{""cluster_0"": {""cluster_value"": 0, ""component_size_histogram"": {""2475"": 1}, ""largest_component_size"": 2475, ""num_1_cell_components"": 0, ""num_2_cell_components"": 0, ""num_components"": 1, ""smallest_component_size"": 2475, ""tiny_component_pixel_fraction"": 0.0, ""tiny_component_pixels"": 0}, ""cluster_1"": {""cluster_value"": 1, ""component_size_histogram"": {""2709"": 1}, ""largest_component_size"": 2709, ""num_1_cell_components"": 0, ""num_2_cell_components"": 0, ""num_components"": 1, ""smallest_component_size"": 2709, ""tiny_component_pixel_fraction"": 0.0, ""tiny_component_pixels"": 0}}"
feature_cluster_coarse_to_fine_global_pooled_init_coarse_only,test,193,471,0,0.0,2,0.8994280343165192,0.8093457470866233,0.5,0.9225771393469735,0.8762789292860649,0.63134765625,0.36865234375,2,2,0.0,0.0,ok,True,"cluster_b->texture_a,cluster_a->texture_b",cluster_b,cluster_a,0.025529492682524385,0.8093457470866233,0.8994280343165192,0.8093457470866233,1,fpn_2,fpn_2,fpn_2,72x72,25537,39999,25537,39999,25537,39999,0.0,0.0,0.0,0.0,coarsest_pooled_direct,pooled_avg_pool_coarse_only,False,False,3,3,24x24,2,0,0,0,0.0,2016,9,1,0,0,0,0.0,3159,3159,"{""cluster_0"": {""cluster_value"": 0, ""component_size_histogram"": {""2016"": 1, ""9"": 1}, ""largest_component_size"": 2016, ""num_1_cell_components"": 0, ""num_2_cell_components"": 0, ""num_components"": 2, ""smallest_component_size"": 9, ""tiny_component_pixel_fraction"": 0.0, ""tiny_component_pixels"": 0}, ""cluster_1"": {""cluster_value"": 1, ""component_size_histogram"": {""3159"": 1}, ""largest_component_size"": 3159, ""num_1_cell_components"": 0, ""num_2_cell_components"": 0, ""num_components"": 1, ""smallest_component_size"": 3159, ""tiny_component_pixel_fraction"": 0.0, ""tiny_component_pixels"": 0}}"
feature_cluster_coarse_to_fine_global_pooled_init_coarse_only,test,194,472,0,0.0,2,0.9284286433085716,0.8581331754958275,0.5,0.9346884642451145,0.9221688223720285,0.5432586669921875,0.4567413330078125,2,2,0.0,0.0,ok,True,"cluster_b->texture_a,cluster_a->texture_b",cluster_b,cluster_a,0.01875058555021265,0.8581331754958275,0.9284286433085716,0.8581331754958275,1,fpn_2,fpn_2,fpn_2,72x72,29660,35876,29660,35876,29660,35876,0.0,0.0,0.0,0.0,coarsest_pooled_direct,pooled_avg_pool_coarse_only,False,False,3,3,24x24,1,0,0,0,0.0,2340,2340,1,0,0,0,0.0,2844,2844,"{""cluster_0"": {""cluster_value"": 0, ""component_size_histogram"": {""2340"": 1}, ""largest_component_size"": 2340, ""num_1_cell_components"": 0, ""num_2_cell_components"": 0, ""num_components"": 1, ""smallest_component_size"": 2340, ""tiny_component_pixel_fraction"": 0.0, ""tiny_component_pixels"": 0}, ""cluster_1"": {""cluster_value"": 1, ""component_size_histogram"": {""2844"": 1}, ""largest_component_size"": 2844, ""num_1_cell_components"": 0, ""num_2_cell_components"": 0, ""num_components"": 1, ""smallest_component_size"": 2844, ""tiny_component_pixel_fraction"": 0.0, ""tiny_component_pixels"": 0}}"
feature_cluster_coarse_to_fine_global_pooled_init_coarse_only,test,195,473,0,0.0,2,0.7251891751969248,0.5444040049542417,0.5,0.8560976961590334,0.5942806542348161,0.7747650146484375,0.2252349853515625,2,2,0.0,0.0,ok,True,"cluster_b->texture_a,cluster_a->texture_b",cluster_b,cluster_a,0.06310727062542561,0.5444040049542417,0.7251891751969248,0.5444040049542417,1,fpn_2,fpn_2,fpn_2,72x72,15846,49690,15846,49690,15846,49690,0.0,0.0,0.0,0.0,coarsest_pooled_direct,pooled_avg_pool_coarse_only,False,False,3,3,24x24,2,0,0,0,0.0,1251,9,1,0,0,0,0.0,3924,3924,"{""cluster_0"": {""cluster_value"": 0, ""component_size_histogram"": {""1251"": 1, ""9"": 1}, ""largest_component_size"": 1251, ""num_1_cell_components"": 0, ""num_2_cell_components"": 0, ""num_components"": 2, ""smallest_component_size"": 9, ""tiny_component_pixel_fraction"": 0.0, ""tiny_component_pixels"": 0}, ""cluster_1"": {""cluster_value"": 1, ""component_size_histogram"": {""3924"": 1}, ""largest_component_size"": 3924, ""num_1_cell_components"": 0, ""num_2_cell_components"": 0, ""num_components"": 1, ""smallest_component_size"": 3924, ""tiny_component_pixel_fraction"": 0.0, ""tiny_component_pixels"": 0}}"
feature_cluster_coarse_to_fine_global_pooled_init_coarse_only,test,196,474,0,0.0,2,0.4121779616229876,0.02133364361554624,0.5,0.48722585609849944,0.33713006714747573,0.783172607421875,0.216827392578125,2,2,0.0,0.0,ok,True,"cluster_b->texture_a,cluster_a->texture_b",cluster_b,cluster_a,0.20863468018415926,0.02133364361554624,0.4121779616229876,0.02133364361554624,1,fpn_2,fpn_2,fpn_2,72x72,39556,25980,39556,25980,39556,25980,0.0,0.0,0.0,0.0,coarsest_pooled_direct,pooled_avg_pool_coarse_only,False,False,3,3,24x24,2,0,0,0,0.0,2646,495,2,0,0,0,0.0,1944,99,"{""cluster_0"": {""cluster_value"": 0, ""component_size_histogram"": {""2646"": 1, ""495"": 1}, ""largest_component_size"": 2646, ""num_1_cell_components"": 0, ""num_2_cell_components"": 0, ""num_components"": 2, ""smallest_component_size"": 495, ""tiny_component_pixel_fraction"": 0.0, ""tiny_component_pixels"": 0}, ""cluster_1"": {""cluster_value"": 1, ""component_size_histogram"": {""1944"": 1, ""99"": 1}, ""largest_component_size"": 1944, ""num_1_cell_components"": 0, ""num_2_cell_components"": 0, ""num_components"": 2, ""smallest_component_size"": 99, ""tiny_component_pixel_fraction"": 0.0, ""tiny_component_pixels"": 0}}"
feature_cluster_coarse_to_fine_global_pooled_init_coarse_only,test,197,476,0,0.0,2,0.9352042029966124,0.8810406597723909,0.5,0.9545869049790261,0.9158215010141988,0.6591949462890625,0.3408050537109375,2,2,0.0,0.0,ok,True,"cluster_b->texture_a,cluster_a->texture_b",cluster_b,cluster_a,0.015406078804954738,0.8810406597723909,0.9352042029966124,0.8810406597723909,1,fpn_2,fpn_2,fpn_2,72x72,23001,42535,23001,42535,23001,42535,0.0,0.0,0.0,0.0,coarsest_pooled_direct,pooled_avg_pool_coarse_only,False,False,3,3,24x24,1,0,0,0,0.0,1818,1818,1,0,0,0,0.0,3366,3366,"{""cluster_0"": {""cluster_value"": 0, ""component_size_histogram"": {""1818"": 1}, ""largest_component_size"": 1818, ""num_1_cell_components"": 0, ""num_2_cell_components"": 0, ""num_components"": 1, ""smallest_component_size"": 1818, ""tiny_component_pixel_fraction"": 0.0, ""tiny_component_pixels"": 0}, ""cluster_1"": {""cluster_value"": 1, ""component_size_histogram"": {""3366"": 1}, ""largest_component_size"": 3366, ""num_1_cell_components"": 0, ""num_2_cell_components"": 0, ""num_components"": 1, ""smallest_component_size"": 3366, ""tiny_component_pixel_fraction"": 0.0, ""tiny_component_pixels"": 0}}"
feature_cluster_coarse_to_fine_global_pooled_init_coarse_only,test,198,478,0,0.0,2,0.8817063402649195,0.7907971018776421,0.5,0.9246341100749835,0.8387785704548553,0.7123565673828125,0.2876434326171875,2,2,0.0,0.0,ok,True,"cluster_b->texture_a,cluster_a->texture_b",cluster_b,cluster_a,0.0273652919438553,0.7907971018776421,0.8817063402649195,0.7907971018776421,1,fpn_2,fpn_2,fpn_2,72x72,21615,43921,21615,43921,21615,43921,0.0,0.0,0.0,0.0,coarsest_pooled_direct,pooled_avg_pool_coarse_only,False,False,3,3,24x24,1,0,0,0,0.0,1710,1710,1,0,0,0,0.0,3474,3474,"{""cluster_0"": {""cluster_value"": 0, ""component_size_histogram"": {""1710"": 1}, ""largest_component_size"": 1710, ""num_1_cell_components"": 0, ""num_2_cell_components"": 0, ""num_components"": 1, ""smallest_component_size"": 1710, ""tiny_component_pixel_fraction"": 0.0, ""tiny_component_pixels"": 0}, ""cluster_1"": {""cluster_value"": 1, ""component_size_histogram"": {""3474"": 1}, ""largest_component_size"": 3474, ""num_1_cell_components"": 0, ""num_2_cell_components"": 0, ""num_components"": 1, ""smallest_component_size"": 3474, ""tiny_component_pixel_fraction"": 0.0, ""tiny_component_pixels"": 0}}"
feature_cluster_coarse_to_fine_global_pooled_init_coarse_only,test,199,479,0,0.0,2,0.932819003097114,0.9074603298872753,0.5,0.88606096478248,0.9795770414117481,0.144195556640625,0.855804443359375,2,2,0.0,0.0,ok,True,"cluster_a->texture_a,cluster_b->texture_b",cluster_a,cluster_b,0.932819003097114,0.9074603298872753,0.008887475191776309,0.9074603298872753,1,fpn_2,fpn_2,fpn_2,72x72,9669,55867,9669,55867,9669,55867,0.0,0.0,0.0,0.0,coarsest_pooled_direct,pooled_avg_pool_coarse_only,False,False,3,3,24x24,1,0,0,0,0.0,765,765,1,0,0,0,0.0,4419,4419,"{""cluster_0"": {""cluster_value"": 0, ""component_size_histogram"": {""765"": 1}, ""largest_component_size"": 765, ""num_1_cell_components"": 0, ""num_2_cell_components"": 0, ""num_components"": 1, ""smallest_component_size"": 765, ""tiny_component_pixel_fraction"": 0.0, ""tiny_component_pixels"": 0}, ""cluster_1"": {""cluster_value"": 1, ""component_size_histogram"": {""4419"": 1}, ""largest_component_size"": 4419, ""num_1_cell_components"": 0, ""num_2_cell_components"": 0, ""num_components"": 1, ""smallest_component_size"": 4419, ""tiny_component_pixel_fraction"": 0.0, ""tiny_component_pixels"": 0}}"
feature_cluster_coarse_to_fine_global_pooled_init_coarse_only,test,200,48,0,0.0,2,0.9264498216457601,0.864740907443577,0.5,0.9481855848472431,0.904714058444277,0.665802001953125,0.334197998046875,2,2,0.0,0.0,ok,True,"cluster_b->texture_a,cluster_a->texture_b",cluster_b,cluster_a,0.017501794564897078,0.864740907443577,0.9264498216457601,0.864740907443577,1,fpn_2,fpn_2,fpn_2,72x72,23594,41942,23594,41942,23594,41942,0.0,0.0,0.0,0.0,coarsest_pooled_direct,pooled_avg_pool_coarse_only,False,False,3,3,24x24,1,0,0,0,0.0,1863,1863,2,0,0,0,0.0,2556,765,"{""cluster_0"": {""cluster_value"": 0, ""component_size_histogram"": {""1863"": 1}, ""largest_component_size"": 1863, ""num_1_cell_components"": 0, ""num_2_cell_components"": 0, ""num_components"": 1, ""smallest_component_size"": 1863, ""tiny_component_pixel_fraction"": 0.0, ""tiny_component_pixels"": 0}, ""cluster_1"": {""cluster_value"": 1, ""component_size_histogram"": {""2556"": 1, ""765"": 1}, ""largest_component_size"": 2556, ""num_1_cell_components"": 0, ""num_2_cell_components"": 0, ""num_components"": 2, ""smallest_component_size"": 765, ""tiny_component_pixel_fraction"": 0.0, ""tiny_component_pixels"": 0}}"
feature_cluster_coarse_to_fine_global_pooled_init_coarse_only,test,201,485,0,0.0,2,0.9028360972194445,0.8079377385741544,0.5,0.8935021530946718,0.9121700413442171,0.4361724853515625,0.5638275146484375,2,2,0.0,0.0,ok,True,"cluster_b->texture_a,cluster_a->texture_b",cluster_b,cluster_a,0.025756452813644137,0.8079377385741544,0.9028360972194445,0.8079377385741544,1,fpn_2,fpn_2,fpn_2,72x72,35199,30337,35199,30337,35199,30337,0.0,0.0,0.0,0.0,coarsest_pooled_direct,pooled_avg_pool_coarse_only,False,False,3,3,24x24,1,0,0,0,0.0,2781,2781,2,0,0,0,0.0,1332,1071,"{""cluster_0"": {""cluster_value"": 0, ""component_size_histogram"": {""2781"": 1}, ""largest_component_size"": 2781, ""num_1_cell_components"": 0, ""num_2_cell_components"": 0, ""num_components"": 1, ""smallest_component_size"": 2781, ""tiny_component_pixel_fraction"": 0.0, ""tiny_component_pixels"": 0}, ""cluster_1"": {""cluster_value"": 1, ""component_size_histogram"": {""1071"": 1, ""1332"": 1}, ""largest_component_size"": 1332, ""num_1_cell_components"": 0, ""num_2_cell_components"": 0, ""num_components"": 2, ""smallest_component_size"": 1071, ""tiny_component_pixel_fraction"": 0.0, ""tiny_component_pixels"": 0}}"
feature_cluster_coarse_to_fine_global_pooled_init_coarse_only,test,202,492,0,0.0,2,0.9650697188779626,0.9313141418045155,0.5,0.9696004247975574,0.9605390129583677,0.5711669921875,0.4288330078125,2,2,0.0,0.0,ok,True,"cluster_a->texture_a,cluster_b->texture_b",cluster_a,cluster_b,0.9650697188779626,0.9313141418045155,0.008785569692443684,0.9313141418045155,1,fpn_2,fpn_2,fpn_2,72x72,36753,28783,36753,28783,36753,28783,0.0,0.0,0.0,0.0,coarsest_pooled_direct,pooled_avg_pool_coarse_only,False,False,3,3,24x24,1,0,0,0,0.0,2907,2907,1,0,0,0,0.0,2277,2277,"{""cluster_0"": {""cluster_value"": 0, ""component_size_histogram"": {""2907"": 1}, ""largest_component_size"": 2907, ""num_1_cell_components"": 0, ""num_2_cell_components"": 0, ""num_components"": 1, ""smallest_component_size"": 2907, ""tiny_component_pixel_fraction"": 0.0, ""tiny_component_pixels"": 0}, ""cluster_1"": {""cluster_value"": 1, ""component_size_histogram"": {""2277"": 1}, ""largest_component_size"": 2277, ""num_1_cell_components"": 0, ""num_2_cell_components"": 0, ""num_components"": 1, ""smallest_component_size"": 2277, ""tiny_component_pixel_fraction"": 0.0, ""tiny_component_pixels"": 0}}"
feature_cluster_coarse_to_fine_global_pooled_init_coarse_only,test,203,5,0,0.0,2,0.9744591646258061,0.954871492632612,0.5,0.9837628580909191,0.9651554711606931,0.6882781982421875,0.3117218017578125,2,2,0.0,0.0,ok,True,"cluster_b->texture_a,cluster_a->texture_b",cluster_b,cluster_a,0.005614569426706779,0.954871492632612,0.9744591646258061,0.954871492632612,1,fpn_2,fpn_2,fpn_2,72x72,20967,44569,20967,44569,20967,44569,0.0,0.0,0.0,0.0,coarsest_pooled_direct,pooled_avg_pool_coarse_only,False,False,3,3,24x24,1,0,0,0,0.0,1665,1665,1,0,0,0,0.0,3519,3519,"{""cluster_0"": {""cluster_value"": 0, ""component_size_histogram"": {""1665"": 1}, ""largest_component_size"": 1665, ""num_1_cell_components"": 0, ""num_2_cell_components"": 0, ""num_components"": 1, ""smallest_component_size"": 1665, ""tiny_component_pixel_fraction"": 0.0, ""tiny_component_pixels"": 0}, ""cluster_1"": {""cluster_value"": 1, ""component_size_histogram"": {""3519"": 1}, ""largest_component_size"": 3519, ""num_1_cell_components"": 0, ""num_2_cell_components"": 0, ""num_components"": 1, ""smallest_component_size"": 3519, ""tiny_component_pixel_fraction"": 0.0, ""tiny_component_pixels"": 0}}"
feature_cluster_coarse_to_fine_global_pooled_init_coarse_only,test,204,51,0,0.0,2,0.9791713435523848,0.9583882221664975,0.5,0.9785130667997256,0.9798296203050441,0.480865478515625,0.519134521484375,2,2,0.0,0.0,ok,True,"cluster_a->texture_a,cluster_b->texture_b",cluster_a,cluster_b,0.9791713435523848,0.9583882221664975,0.005274353642024956,0.9583882221664975,1,fpn_2,fpn_2,fpn_2,72x72,31929,33607,31929,33607,31929,33607,0.0,0.0,0.0,0.0,coarsest_pooled_direct,pooled_avg_pool_coarse_only,False,False,3,3,24x24,1,0,0,0,0.0,2520,2520,1,0,0,0,0.0,2664,2664,"{""cluster_0"": {""cluster_value"": 0, ""component_size_histogram"": {""2520"": 1}, ""largest_component_size"": 2520, ""num_1_cell_components"": 0, ""num_2_cell_components"": 0, ""num_components"": 1, ""smallest_component_size"": 2520, ""tiny_component_pixel_fraction"": 0.0, ""tiny_component_pixels"": 0}, ""cluster_1"": {""cluster_value"": 1, ""component_size_histogram"": {""2664"": 1}, ""largest_component_size"": 2664, ""num_1_cell_components"": 0, ""num_2_cell_components"": 0, ""num_components"": 1, ""smallest_component_size"": 2664, ""tiny_component_pixel_fraction"": 0.0, ""tiny_component_pixels"": 0}}"
feature_cluster_coarse_to_fine_global_pooled_init_coarse_only,test,205,56,0,0.0,2,0.9106940838374928,0.8241287839983312,0.5,0.9210581346716855,0.9003300330033003,0.5515289306640625,0.4484710693359375,2,2,0.0,0.0,ok,True,"cluster_b->texture_a,cluster_a->texture_b",cluster_b,cluster_a,0.02349812717164827,0.8241287839983312,0.9106940838374928,0.8241287839983312,1,fpn_2,fpn_2,fpn_2,72x72,28189,37347,28189,37347,28189,37347,0.0,0.0,0.0,0.0,coarsest_pooled_direct,pooled_avg_pool_coarse_only,False,False,3,3,24x24,3,0,0,0,0.0,2016,9,1,0,0,0,0.0,2952,2952,"{""cluster_0"": {""cluster_value"": 0, ""component_size_histogram"": {""2016"": 1, ""207"": 1, ""9"": 1}, ""largest_component_size"": 2016, ""num_1_cell_components"": 0, ""num_2_cell_components"": 0, ""num_components"": 3, ""smallest_component_size"": 9, ""tiny_component_pixel_fraction"": 0.0, ""tiny_component_pixels"": 0}, ""cluster_1"": {""cluster_value"": 1, ""component_size_histogram"": {""2952"": 1}, ""largest_component_size"": 2952, ""num_1_cell_components"": 0, ""num_2_cell_components"": 0, ""num_components"": 1, ""smallest_component_size"": 2952, ""tiny_component_pixel_fraction"": 0.0, ""tiny_component_pixels"": 0}}"
feature_cluster_coarse_to_fine_global_pooled_init_coarse_only,test,206,58,0,0.0,2,0.9598160418979667,0.9198250753505037,0.5,0.9580176570033185,0.9616144267926149,0.4794921875,0.5205078125,2,2,0.0,0.0,ok,True,"cluster_a->texture_a,cluster_b->texture_b",cluster_a,cluster_b,0.9598160418979667,0.9198250753505037,0.01033130360117894,0.9198250753505037,1,fpn_2,fpn_2,fpn_2,72x72,31119,34417,31119,34417,31119,34417,0.0,0.0,0.0,0.0,coarsest_pooled_direct,pooled_avg_pool_coarse_only,False,False,3,3,24x24,1,0,0,0,0.0,2466,2466,1,0,0,0,0.0,2718,2718,"{""cluster_0"": {""cluster_value"": 0, ""component_size_histogram"": {""2466"": 1}, ""largest_component_size"": 2466, ""num_1_cell_components"": 0, ""num_2_cell_components"": 0, ""num_components"": 1, ""smallest_component_size"": 2466, ""tiny_component_pixel_fraction"": 0.0, ""tiny_component_pixels"": 0}, ""cluster_1"": {""cluster_value"": 1, ""component_size_histogram"": {""2718"": 1}, ""largest_component_size"": 2718, ""num_1_cell_components"": 0, ""num_2_cell_components"": 0, ""num_components"": 1, ""smallest_component_size"": 2718, ""tiny_component_pixel_fraction"": 0.0, ""tiny_component_pixels"": 0}}"
feature_cluster_coarse_to_fine_global_pooled_init_coarse_only,test,207,59,0,0.0,2,0.9272168742225044,0.8560931236136058,0.5,0.9345449685954831,0.9198887798495257,0.5401153564453125,0.4598846435546875,2,2,0.0,0.0,ok,True,"cluster_b->texture_a,cluster_a->texture_b",cluster_b,cluster_a,0.018890780691158703,0.8560931236136058,0.9272168742225044,0.8560931236136058,1,fpn_2,fpn_2,fpn_2,72x72,28552,36984,28552,36984,28552,36984,0.0,0.0,0.0,0.0,coarsest_pooled_direct,pooled_avg_pool_coarse_only,False,False,3,3,24x24,2,0,0,0,0.0,2250,9,1,0,0,0,0.0,2925,2925,"{""cluster_0"": {""cluster_value"": 0, ""component_size_histogram"": {""2250"": 1, ""9"": 1}, ""largest_component_size"": 2250, ""num_1_cell_components"": 0, ""num_2_cell_components"": 0, ""num_components"": 2, ""smallest_component_size"": 9, ""tiny_component_pixel_fraction"": 0.0, ""tiny_component_pixels"": 0}, ""cluster_1"": {""cluster_value"": 1, ""component_size_histogram"": {""2925"": 1}, ""largest_component_size"": 2925, ""num_1_cell_components"": 0, ""num_2_cell_components"": 0, ""num_components"": 1, ""smallest_component_size"": 2925, ""tiny_component_pixel_fraction"": 0.0, ""tiny_component_pixels"": 0}}"
feature_cluster_coarse_to_fine_global_pooled_init_coarse_only,test,208,60,0,0.0,2,0.9775888770740975,0.9594179692848878,0.5,0.9703306523681858,0.9848471017800091,0.3353424072265625,0.6646575927734375,2,2,0.0,0.0,ok,True,"cluster_a->texture_a,cluster_b->texture_b",cluster_a,cluster_b,0.9775888770740975,0.9594179692848878,0.005090532518669354,0.9594179692848878,1,fpn_2,fpn_2,fpn_2,72x72,22119,43417,22119,43417,22119,43417,0.0,0.0,0.0,0.0,coarsest_pooled_direct,pooled_avg_pool_coarse_only,False,False,3,3,24x24,2,0,0,0,0.0,1728,18,1,0,0,0,0.0,3438,3438,"{""cluster_0"": {""cluster_value"": 0, ""component_size_histogram"": {""1728"": 1, ""18"": 1}, ""largest_component_size"": 1728, ""num_1_cell_components"": 0, ""num_2_cell_components"": 0, ""num_components"": 2, ""smallest_component_size"": 18, ""tiny_component_pixel_fraction"": 0.0, ""tiny_component_pixels"": 0}, ""cluster_1"": {""cluster_value"": 1, ""component_size_histogram"": {""3438"": 1}, ""largest_component_size"": 3438, ""num_1_cell_components"": 0, ""num_2_cell_components"": 0, ""num_components"": 1, ""smallest_component_size"": 3438, ""tiny_component_pixel_fraction"": 0.0, ""tiny_component_pixels"": 0}}"
feature_cluster_coarse_to_fine_global_pooled_init_coarse_only,test,209,63,0,0.0,2,0.9372816952717591,0.8877177284939174,0.5,0.9588348313862326,0.9157285591572856,0.683074951171875,0.316925048828125,2,2,0.0,0.0,ok,True,"cluster_a->texture_a,cluster_b->texture_b",cluster_a,cluster_b,0.9372816952717591,0.8877177284939174,0.014385287383314682,0.8877177284939174,1,fpn_2,fpn_2,fpn_2,72x72,43932,21604,43932,21604,43932,21604,0.0,0.0,0.0,0.0,coarsest_pooled_direct,pooled_avg_pool_coarse_only,False,False,3,3,24x24,1,0,0,0,0.0,3474,3474,1,0,0,0,0.0,1710,1710,"{""cluster_0"": {""cluster_value"": 0, ""component_size_histogram"": {""3474"": 1}, ""largest_component_size"": 3474, ""num_1_cell_components"": 0, ""num_2_cell_components"": 0, ""num_components"": 1, ""smallest_component_size"": 3474, ""tiny_component_pixel_fraction"": 0.0, ""tiny_component_pixels"": 0}, ""cluster_1"": {""cluster_value"": 1, ""component_size_histogram"": {""1710"": 1}, ""largest_component_size"": 1710, ""num_1_cell_components"": 0, ""num_2_cell_components"": 0, ""num_components"": 1, ""smallest_component_size"": 1710, ""tiny_component_pixel_fraction"": 0.0, ""tiny_component_pixels"": 0}}"
feature_cluster_coarse_to_fine_global_pooled_init_coarse_only,test,210,67,0,0.0,2,0.77735790893197,0.567971952789194,0.5,0.7501779579709696,0.8045378598929704,0.3797454833984375,0.6202545166015625,2,2,0.0,0.0,ok,True,"cluster_a->texture_a,cluster_b->texture_b",cluster_a,cluster_b,0.77735790893197,0.567971952789194,0.06278170362812888,0.567971952789194,1,fpn_2,fpn_2,fpn_2,72x72,31663,33873,31663,33873,31663,33873,0.0,0.0,0.0,0.0,coarsest_pooled_direct,pooled_avg_pool_coarse_only,False,False,3,3,24x24,1,0,0,0,0.0,2493,2493,5,0,0,0,0.0,603,315,"{""cluster_0"": {""cluster_value"": 0, ""component_size_histogram"": {""2493"": 1}, ""largest_component_size"": 2493, ""num_1_cell_components"": 0, ""num_2_cell_components"": 0, ""num_components"": 1, ""smallest_component_size"": 2493, ""tiny_component_pixel_fraction"": 0.0, ""tiny_component_pixels"": 0}, ""cluster_1"": {""cluster_value"": 1, ""component_size_histogram"": {""315"": 1, ""585"": 1, ""594"": 2, ""603"": 1}, ""largest_component_size"": 603, ""num_1_cell_components"": 0, ""num_2_cell_components"": 0, ""num_components"": 5, ""smallest_component_size"": 315, ""tiny_component_pixel_fraction"": 0.0, ""tiny_component_pixels"": 0}}"
feature_cluster_coarse_to_fine_global_pooled_init_coarse_only,test,211,69,0,0.0,2,0.46380347394317073,0.07154378040082558,0.5,0.45782697086062796,0.4697799770257135,0.464630126953125,0.535369873046875,2,2,0.0,0.0,ok,True,"cluster_a->texture_a,cluster_b->texture_b",cluster_a,cluster_b,0.46380347394317073,0.07154378040082558,0.2232743818659486,0.07154378040082558,1,fpn_2,fpn_2,fpn_2,72x72,34088,31448,34088,31448,34088,31448,0.0,0.0,0.0,0.0,coarsest_pooled_direct,pooled_avg_pool_coarse_only,False,False,3,3,24x24,1,0,0,0,0.0,2691,2691,1,0,0,0,0.0,2493,2493,"{""cluster_0"": {""cluster_value"": 0, ""component_size_histogram"": {""2691"": 1}, ""largest_component_size"": 2691, ""num_1_cell_components"": 0, ""num_2_cell_components"": 0, ""num_components"": 1, ""smallest_component_size"": 2691, ""tiny_component_pixel_fraction"": 0.0, ""tiny_component_pixels"": 0}, ""cluster_1"": {""cluster_value"": 1, ""component_size_histogram"": {""2493"": 1}, ""largest_component_size"": 2493, ""num_1_cell_components"": 0, ""num_2_cell_components"": 0, ""num_components"": 1, ""smallest_component_size"": 2493, ""tiny_component_pixel_fraction"": 0.0, ""tiny_component_pixels"": 0}}"
feature_cluster_coarse_to_fine_global_pooled_init_coarse_only,test,212,70,0,0.0,2,0.9862683037951363,0.9727210914551275,0.5,0.9873949579831933,0.9851416496070792,0.5414886474609375,0.4585113525390625,2,2,0.0,0.0,ok,True,"cluster_a->texture_a,cluster_b->texture_b",cluster_a,cluster_b,0.9862683037951363,0.9727210914551275,0.0034450215547209328,0.9727210914551275,1,fpn_2,fpn_2,fpn_2,72x72,35463,30073,35463,30073,35463,30073,0.0,0.0,0.0,0.0,coarsest_pooled_direct,pooled_avg_pool_coarse_only,False,False,3,3,24x24,1,0,0,0,0.0,2799,2799,1,0,0,0,0.0,2385,2385,"{""cluster_0"": {""cluster_value"": 0, ""component_size_histogram"": {""2799"": 1}, ""largest_component_size"": 2799, ""num_1_cell_components"": 0, ""num_2_cell_components"": 0, ""num_components"": 1, ""smallest_component_size"": 2799, ""tiny_component_pixel_fraction"": 0.0, ""tiny_component_pixels"": 0}, ""cluster_1"": {""cluster_value"": 1, ""component_size_histogram"": {""2385"": 1}, ""largest_component_size"": 2385, ""num_1_cell_components"": 0, ""num_2_cell_components"": 0, ""num_components"": 1, ""smallest_component_size"": 2385, ""tiny_component_pixel_fraction"": 0.0, ""tiny_component_pixels"": 0}}"
feature_cluster_coarse_to_fine_global_pooled_init_coarse_only,test,213,71,0,0.0,2,0.32368333907102487,-0.09792035115525367,0.5,0.6378600192928999,0.009506658849149845,0.8125762939453125,0.1874237060546875,2,2,0.0,0.0,ok,True,"cluster_b->texture_a,cluster_a->texture_b",cluster_b,cluster_a,0.22015673995980845,-0.09792035115525367,0.32368333907102487,-0.09792035115525367,1,fpn_2,fpn_2,fpn_2,72x72,11822,53714,11822,53714,11822,53714,0.0,0.0,0.0,0.0,coarsest_pooled_direct,pooled_avg_pool_coarse_only,False,False,3,3,24x24,4,0,0,0,0.0,441,18,1,0,0,0,0.0,4257,4257,"{""cluster_0"": {""cluster_value"": 0, ""component_size_histogram"": {""18"": 1, ""36"": 1, ""432"": 1, ""441"": 1}, ""largest_component_size"": 441, ""num_1_cell_components"": 0, ""num_2_cell_components"": 0, ""num_components"": 4, ""smallest_component_size"": 18, ""tiny_component_pixel_fraction"": 0.0, ""tiny_component_pixels"": 0}, ""cluster_1"": {""cluster_value"": 1, ""component_size_histogram"": {""4257"": 1}, ""largest_component_size"": 4257, ""num_1_cell_components"": 0, ""num_2_cell_components"": 0, ""num_components"": 1, ""smallest_component_size"": 4257, ""tiny_component_pixel_fraction"": 0.0, ""tiny_component_pixels"": 0}}"
feature_cluster_coarse_to_fine_global_pooled_init_coarse_only,test,214,73,0,0.0,2,0.9323311698993161,0.8648274632480467,0.5,0.932541665441933,0.9321206743566992,0.4871063232421875,0.5128936767578125,2,2,0.0,0.0,ok,True,"cluster_a->texture_a,cluster_b->texture_b",cluster_a,cluster_b,0.9323311698993161,0.8648274632480467,0.017607427068491402,0.8648274632480467,1,fpn_2,fpn_2,fpn_2,72x72,33824,31712,33824,31712,33824,31712,0.0,0.0,0.0,0.0,coarsest_pooled_direct,pooled_avg_pool_coarse_only,False,False,3,3,24x24,1,0,0,0,0.0,2673,2673,1,0,0,0,0.0,2511,2511,"{""cluster_0"": {""cluster_value"": 0, ""component_size_histogram"": {""2673"": 1}, ""largest_component_size"": 2673, ""num_1_cell_components"": 0, ""num_2_cell_components"": 0, ""num_components"": 1, ""smallest_component_size"": 2673, ""tiny_component_pixel_fraction"": 0.0, ""tiny_component_pixels"": 0}, ""cluster_1"": {""cluster_value"": 1, ""component_size_histogram"": {""2511"": 1}, ""largest_component_size"": 2511, ""num_1_cell_components"": 0, ""num_2_cell_components"": 0, ""num_components"": 1, ""smallest_component_size"": 2511, ""tiny_component_pixel_fraction"": 0.0, ""tiny_component_pixels"": 0}}"
feature_cluster_coarse_to_fine_global_pooled_init_coarse_only,test,215,74,0,0.0,2,0.9450023773858567,0.8905565081943484,0.5,0.9414118319519863,0.948592922819727,0.4655914306640625,0.5344085693359375,2,2,0.0,0.0,ok,True,"cluster_a->texture_a,cluster_b->texture_b",cluster_a,cluster_b,0.9450023773858567,0.8905565081943484,0.014276474864554774,0.8905565081943484,1,fpn_2,fpn_2,fpn_2,72x72,30624,34912,30624,34912,30624,34912,0.0,0.0,0.0,0.0,coarsest_pooled_direct,pooled_avg_pool_coarse_only,False,False,3,3,24x24,2,0,0,0,0.0,2034,396,1,0,0,0,0.0,2754,2754,"{""cluster_0"": {""cluster_value"": 0, ""component_size_histogram"": {""2034"": 1, ""396"": 1}, ""largest_component_size"": 2034, ""num_1_cell_components"": 0, ""num_2_cell_components"": 0, ""num_components"": 2, ""smallest_component_size"": 396, ""tiny_component_pixel_fraction"": 0.0, ""tiny_component_pixels"": 0}, ""cluster_1"": {""cluster_value"": 1, ""component_size_histogram"": {""2754"": 1}, ""largest_component_size"": 2754, ""num_1_cell_components"": 0, ""num_2_cell_components"": 0, ""num_components"": 1, ""smallest_component_size"": 2754, ""tiny_component_pixel_fraction"": 0.0, ""tiny_component_pixels"": 0}}"
feature_cluster_coarse_to_fine_global_pooled_init_coarse_only,test,216,76,0,0.0,2,0.9765573545660795,0.9534917057903085,0.5,0.974462588188533,0.9786521209436261,0.4550628662109375,0.5449371337890625,2,2,0.0,0.0,ok,True,"cluster_a->texture_a,cluster_b->texture_b",cluster_a,cluster_b,0.9765573545660795,0.9534917057903085,0.005916997216585019,0.9534917057903085,1,fpn_2,fpn_2,fpn_2,72x72,29788,35748,29788,35748,29788,35748,0.0,0.0,0.0,0.0,coarsest_pooled_direct,pooled_avg_pool_coarse_only,False,False,3,3,24x24,1,0,0,0,0.0,2367,2367,1,0,0,0,0.0,2817,2817,"{""cluster_0"": {""cluster_value"": 0, ""component_size_histogram"": {""2367"": 1}, ""largest_component_size"": 2367, ""num_1_cell_components"": 0, ""num_2_cell_components"": 0, ""num_components"": 1, ""smallest_component_size"": 2367, ""tiny_component_pixel_fraction"": 0.0, ""tiny_component_pixels"": 0}, ""cluster_1"": {""cluster_value"": 1, ""component_size_histogram"": {""2817"": 1}, ""largest_component_size"": 2817, ""num_1_cell_components"": 0, ""num_2_cell_components"": 0, ""num_components"": 1, ""smallest_component_size"": 2817, ""tiny_component_pixel_fraction"": 0.0, ""tiny_component_pixels"": 0}}"
feature_cluster_coarse_to_fine_global_pooled_init_coarse_only,test,217,77,0,0.0,2,0.860148659703262,0.7906135926409794,0.5,0.9460866735369095,0.7742106458696146,0.8253021240234375,0.1746978759765625,2,2,0.0,0.0,ok,True,"cluster_b->texture_a,cluster_a->texture_b",cluster_b,cluster_a,0.023263530124909934,0.7906135926409794,0.860148659703262,0.7906135926409794,1,fpn_2,fpn_2,fpn_2,72x72,11983,53553,11983,53553,11983,53553,0.0,0.0,0.0,0.0,coarsest_pooled_direct,pooled_avg_pool_coarse_only,False,False,3,3,24x24,3,0,0,0,0.0,711,117,1,0,0,0,0.0,4230,4230,"{""cluster_0"": {""cluster_value"": 0, ""component_size_histogram"": {""117"": 1, ""126"": 1, ""711"": 1}, ""largest_component_size"": 711, ""num_1_cell_components"": 0, ""num_2_cell_components"": 0, ""num_components"": 3, ""smallest_component_size"": 117, ""tiny_component_pixel_fraction"": 0.0, ""tiny_component_pixels"": 0}, ""cluster_1"": {""cluster_value"": 1, ""component_size_histogram"": {""4230"": 1}, ""largest_component_size"": 4230, ""num_1_cell_components"": 0, ""num_2_cell_components"": 0, ""num_components"": 1, ""smallest_component_size"": 4230, ""tiny_component_pixel_fraction"": 0.0, ""tiny_component_pixels"": 0}}"
feature_cluster_coarse_to_fine_global_pooled_init_coarse_only,test,218,78,0,0.0,2,0.9073718686637144,0.8260288328308065,0.5,0.9306789821099527,0.8840647552174761,0.65045166015625,0.34954833984375,2,2,0.0,0.0,ok,True,"cluster_a->texture_a,cluster_b->texture_b",cluster_a,cluster_b,0.9073718686637144,0.8260288328308065,0.022833787002011587,0.8260288328308065,1,fpn_2,fpn_2,fpn_2,72x72,40146,25390,40146,25390,40146,25390,0.0,0.0,0.0,0.0,coarsest_pooled_direct,pooled_avg_pool_coarse_only,False,False,3,3,24x24,1,0,0,0,0.0,3177,3177,1,0,0,0,0.0,2007,2007,"{""cluster_0"": {""cluster_value"": 0, ""component_size_histogram"": {""3177"": 1}, ""largest_component_size"": 3177, ""num_1_cell_components"": 0, ""num_2_cell_components"": 0, ""num_components"": 1, ""smallest_component_size"": 3177, ""tiny_component_pixel_fraction"": 0.0, ""tiny_component_pixels"": 0}, ""cluster_1"": {""cluster_value"": 1, ""component_size_histogram"": {""2007"": 1}, ""largest_component_size"": 2007, ""num_1_cell_components"": 0, ""num_2_cell_components"": 0, ""num_components"": 1, ""smallest_component_size"": 2007, ""tiny_component_pixel_fraction"": 0.0, ""tiny_component_pixels"": 0}}"
feature_cluster_coarse_to_fine_global_pooled_init_coarse_only,test,219,79,0,0.0,2,0.32726561261998927,-0.019537649478573442,0.5,0.4256193180803372,0.2289119071596413,0.82525634765625,0.17474365234375,2,2,0.0,0.0,ok,True,"cluster_a->texture_a,cluster_b->texture_b",cluster_a,cluster_b,0.32726561261998927,-0.019537649478573442,0.2647268061366489,-0.019537649478573442,1,fpn_2,fpn_2,fpn_2,72x72,25735,39801,25735,39801,25735,39801,0.0,0.0,0.0,0.0,coarsest_pooled_direct,pooled_avg_pool_coarse_only,False,False,3,3,24x24,1,0,0,0,0.0,2043,2043,1,0,0,0,0.0,3141,3141,"{""cluster_0"": {""cluster_value"": 0, ""component_size_histogram"": {""2043"": 1}, ""largest_component_size"": 2043, ""num_1_cell_components"": 0, ""num_2_cell_components"": 0, ""num_components"": 1, ""smallest_component_size"": 2043, ""tiny_component_pixel_fraction"": 0.0, ""tiny_component_pixels"": 0}, ""cluster_1"": {""cluster_value"": 1, ""component_size_histogram"": {""3141"": 1}, ""largest_component_size"": 3141, ""num_1_cell_components"": 0, ""num_2_cell_components"": 0, ""num_components"": 1, ""smallest_component_size"": 3141, ""tiny_component_pixel_fraction"": 0.0, ""tiny_component_pixels"": 0}}"
feature_cluster_coarse_to_fine_global_pooled_init_coarse_only,test,220,8,0,0.0,2,0.4205671663848063,0.04300182624719939,0.5467298689379726,0.31302798844835494,0.5281063443212577,0.5653533935546875,0.5281063443212577,2,1,0.0,0.0,ok,True,"cluster_a->texture_a,cluster_b->texture_b",cluster_a,cluster_b,0.4205671663848063,0.04300182624719939,0.19419097900390625,0.04300182624719939,1,fpn_2,fpn_2,fpn_2,72x72,11598,53938,11598,53938,11598,53938,0.0,0.0,0.0,0.0,coarsest_pooled_direct,pooled_avg_pool_coarse_only,False,False,3,3,24x24,1,0,0,0,0.0,927,927,1,0,0,0,0.0,4257,4257,"{""cluster_0"": {""cluster_value"": 0, ""component_size_histogram"": {""927"": 1}, ""largest_component_size"": 927, ""num_1_cell_components"": 0, ""num_2_cell_components"": 0, ""num_components"": 1, ""smallest_component_size"": 927, ""tiny_component_pixel_fraction"": 0.0, ""tiny_component_pixels"": 0}, ""cluster_1"": {""cluster_value"": 1, ""component_size_histogram"": {""4257"": 1}, ""largest_component_size"": 4257, ""num_1_cell_components"": 0, ""num_2_cell_components"": 0, ""num_components"": 1, ""smallest_component_size"": 4257, ""tiny_component_pixel_fraction"": 0.0, ""tiny_component_pixels"": 0}}"
feature_cluster_coarse_to_fine_global_pooled_init_coarse_only,test,221,84,0,0.0,2,0.9044906932134833,0.8121993461242806,0.5,0.8929221402336124,0.9160592461933542,0.417449951171875,0.582550048828125,2,2,0.0,0.0,ok,True,"cluster_b->texture_a,cluster_a->texture_b",cluster_b,cluster_a,0.02494375105640555,0.8121993461242806,0.9044906932134833,0.8121993461242806,1,fpn_2,fpn_2,fpn_2,72x72,35688,29848,35688,29848,35688,29848,0.0,0.0,0.0,0.0,coarsest_pooled_direct,pooled_avg_pool_coarse_only,False,False,3,3,24x24,1,0,0,0,0.0,2826,2826,1,0,0,0,0.0,2358,2358,"{""cluster_0"": {""cluster_value"": 0, ""component_size_histogram"": {""2826"": 1}, ""largest_component_size"": 2826, ""num_1_cell_components"": 0, ""num_2_cell_components"": 0, ""num_components"": 1, ""smallest_component_size"": 2826, ""tiny_component_pixel_fraction"": 0.0, ""tiny_component_pixels"": 0}, ""cluster_1"": {""cluster_value"": 1, ""component_size_histogram"": {""2358"": 1}, ""largest_component_size"": 2358, ""num_1_cell_components"": 0, ""num_2_cell_components"": 0, ""num_components"": 1, ""smallest_component_size"": 2358, ""tiny_component_pixel_fraction"": 0.0, ""tiny_component_pixels"": 0}}"
feature_cluster_coarse_to_fine_global_pooled_init_coarse_only,test,222,85,0,0.0,2,0.9709329263985487,0.9436284078306683,0.5,0.9760613810741688,0.9658044717229285,0.59014892578125,0.40985107421875,2,2,0.0,0.0,ok,True,"cluster_b->texture_a,cluster_a->texture_b",cluster_b,cluster_a,0.00719202158509674,0.9436284078306683,0.9709329263985487,0.9436284078306683,1,fpn_2,fpn_2,fpn_2,72x72,26948,38588,26948,38588,26948,38588,0.0,0.0,0.0,0.0,coarsest_pooled_direct,pooled_avg_pool_coarse_only,False,False,3,3,24x24,1,0,0,0,0.0,2142,2142,1,0,0,0,0.0,3042,3042,"{""cluster_0"": {""cluster_value"": 0, ""component_size_histogram"": {""2142"": 1}, ""largest_component_size"": 2142, ""num_1_cell_components"": 0, ""num_2_cell_components"": 0, ""num_components"": 1, ""smallest_component_size"": 2142, ""tiny_component_pixel_fraction"": 0.0, ""tiny_component_pixels"": 0}, ""cluster_1"": {""cluster_value"": 1, ""component_size_histogram"": {""3042"": 1}, ""largest_component_size"": 3042, ""num_1_cell_components"": 0, ""num_2_cell_components"": 0, ""num_components"": 1, ""smallest_component_size"": 3042, ""tiny_component_pixel_fraction"": 0.0, ""tiny_component_pixels"": 0}}"
feature_cluster_coarse_to_fine_global_pooled_init_coarse_only,test,223,86,0,0.0,2,0.8442753483503325,0.7032155581411775,0.5,0.8765382995648309,0.8120123971358342,0.643402099609375,0.356597900390625,2,2,0.0,0.0,ok,True,"cluster_a->texture_a,cluster_b->texture_b",cluster_a,cluster_b,0.8442753483503325,0.7032155581411775,0.04091792229222953,0.7032155581411775,1,fpn_2,fpn_2,fpn_2,72x72,38041,27495,38041,27495,38041,27495,0.0,0.0,0.0,0.0,coarsest_pooled_direct,pooled_avg_pool_coarse_only,False,False,3,3,24x24,4,0,0,0,0.0,2889,9,3,0,0,0,0.0,2151,9,"{""cluster_0"": {""cluster_value"": 0, ""component_size_histogram"": {""27"": 1, ""2889"": 1, ""81"": 1, ""9"": 1}, ""largest_component_size"": 2889, ""num_1_cell_components"": 0, ""num_2_cell_components"": 0, ""num_components"": 4, ""smallest_component_size"": 9, ""tiny_component_pixel_fraction"": 0.0, ""tiny_component_pixels"": 0}, ""cluster_1"": {""cluster_value"": 1, ""component_size_histogram"": {""18"": 1, ""2151"": 1, ""9"": 1}, ""largest_component_size"": 2151, ""num_1_cell_components"": 0, ""num_2_cell_components"": 0, ""num_components"": 3, ""smallest_component_size"": 9, ""tiny_component_pixel_fraction"": 0.0, ""tiny_component_pixels"": 0}}"
feature_cluster_coarse_to_fine_global_pooled_init_coarse_only,test,224,88,0,0.0,2,0.9066634061650976,0.8139459835892088,0.5,0.9037970883986193,0.9095297239315757,0.493743896484375,0.506256103515625,2,2,0.0,0.0,ok,True,"cluster_a->texture_a,cluster_b->texture_b",cluster_a,cluster_b,0.9066634061650976,0.8139459835892088,0.02496571379917991,0.8139459835892088,1,fpn_2,fpn_2,fpn_2,72x72,31067,34469,31067,34469,31067,34469,0.0,0.0,0.0,0.0,coarsest_pooled_direct,pooled_avg_pool_coarse_only,False,False,3,3,24x24,3,0,0,0,0.0,1665,9,1,0,0,0,0.0,2736,2736,"{""cluster_0"": {""cluster_value"": 0, ""component_size_histogram"": {""1665"": 1, ""774"": 1, ""9"": 1}, ""largest_component_size"": 1665, ""num_1_cell_components"": 0, ""num_2_cell_components"": 0, ""num_components"": 3, ""smallest_component_size"": 9, ""tiny_component_pixel_fraction"": 0.0, ""tiny_component_pixels"": 0}, ""cluster_1"": {""cluster_value"": 1, ""component_size_histogram"": {""2736"": 1}, ""largest_component_size"": 2736, ""num_1_cell_components"": 0, ""num_2_cell_components"": 0, ""num_components"": 1, ""smallest_component_size"": 2736, ""tiny_component_pixel_fraction"": 0.0, ""tiny_component_pixels"": 0}}"
feature_cluster_coarse_to_fine_global_pooled_init_coarse_only,test,225,95,0,0.0,2,0.43271347728713316,0.06603172632801234,0.5,0.5560250992444615,0.3094018553298048,0.4721221923828125,0.5278778076171875,2,2,0.0,0.0,ok,True,"cluster_b->texture_a,cluster_a->texture_b",cluster_b,cluster_a,0.18904868049228532,0.06603172632801234,0.43271347728713316,0.06603172632801234,1,fpn_2,fpn_2,fpn_2,72x72,11420,54116,11420,54116,11420,54116,0.0,0.0,0.0,0.0,coarsest_pooled_direct,pooled_avg_pool_coarse_only,False,False,3,3,24x24,2,0,0,0,0.0,594,315,1,0,0,0,0.0,4275,4275,"{""cluster_0"": {""cluster_value"": 0, ""component_size_histogram"": {""315"": 1, ""594"": 1}, ""largest_component_size"": 594, ""num_1_cell_components"": 0, ""num_2_cell_components"": 0, ""num_components"": 2, ""smallest_component_size"": 315, ""tiny_component_pixel_fraction"": 0.0, ""tiny_component_pixels"": 0}, ""cluster_1"": {""cluster_value"": 1, ""component_size_histogram"": {""4275"": 1}, ""largest_component_size"": 4275, ""num_1_cell_components"": 0, ""num_2_cell_components"": 0, ""num_components"": 1, ""smallest_component_size"": 4275, ""tiny_component_pixel_fraction"": 0.0, ""tiny_component_pixels"": 0}}"
feature_cluster_coarse_to_fine_global_pooled_init_coarse_only,test,226,96,0,0.0,2,0.7380075000217226,0.4876995022320804,0.6582228046571206,0.7354366981814286,0.7405783018620165,0.7354366981814286,0.5810089111328125,1,2,0.0,0.0,ok,True,"cluster_b->texture_a,cluster_a->texture_b",cluster_b,cluster_a,0.0753631591796875,0.4876995022320804,0.7380075000217226,0.4876995022320804,1,fpn_2,fpn_2,fpn_2,72x72,28199,37337,28199,37337,28199,37337,0.0,0.0,0.0,0.0,coarsest_pooled_direct,pooled_avg_pool_coarse_only,False,False,3,3,24x24,1,0,0,0,0.0,2232,2232,1,0,0,0,0.0,2952,2952,"{""cluster_0"": {""cluster_value"": 0, ""component_size_histogram"": {""2232"": 1}, ""largest_component_size"": 2232, ""num_1_cell_components"": 0, ""num_2_cell_components"": 0, ""num_components"": 1, ""smallest_component_size"": 2232, ""tiny_component_pixel_fraction"": 0.0, ""tiny_component_pixels"": 0}, ""cluster_1"": {""cluster_value"": 1, ""component_size_histogram"": {""2952"": 1}, ""largest_component_size"": 2952, ""num_1_cell_components"": 0, ""num_2_cell_components"": 0, ""num_components"": 1, ""smallest_component_size"": 2952, ""tiny_component_pixel_fraction"": 0.0, ""tiny_component_pixels"": 0}}"
